CM147319.1	200000	300000	1.0
CM147319.1	300000	400000	1.0
CM147319.1	400000	500000	2.0
CM147319.1	500000	600000	1.0
CM147319.1	1100000	1200000	1.0
CM147319.1	1200000	1300000	1.0
CM147319.1	1300000	1400000	1.0
CM147319.1	1400000	1500000	1.0
CM147319.1	1500000	1600000	3.0
CM147319.1	1600000	1700000	1.0
CM147319.1	1800000	1900000	1.0
CM147319.1	1900000	2000000	1.0
CM147319.1	2000000	2100000	1.0
CM147319.1	2100000	2200000	2.0
CM147319.1	2200000	2300000	2.0
CM147319.1	2300000	2400000	8.0
CM147319.1	2400000	2500000	2.0
CM147319.1	2600000	2700000	4.0
CM147319.1	2700000	2800000	2.0
CM147319.1	2800000	2900000	3.0
CM147319.1	2900000	3000000	11.0
CM147319.1	3000000	3100000	1.0
CM147319.1	3100000	3200000	3.0
CM147319.1	3200000	3300000	4.0
CM147319.1	3300000	3400000	1.0
CM147319.1	3400000	3500000	1.0
CM147319.1	3500000	3600000	2.0
CM147319.1	3900000	4000000	1.0
CM147319.1	4300000	4400000	1.0
CM147319.1	4500000	4600000	2.0
CM147319.1	5300000	5400000	2.0
CM147319.1	5800000	5900000	1.0
CM147319.1	6100000	6200000	1.0
CM147319.1	6800000	6900000	1.0
CM147319.1	7000000	7100000	3.0
CM147319.1	7100000	7200000	4.0
CM147319.1	7700000	7800000	1.0
CM147319.1	7800000	7900000	1.0
CM147319.1	7900000	8000000	1.0
CM147319.1	8100000	8200000	2.0
CM147319.1	8200000	8300000	1.0
CM147319.1	8300000	8400000	1.0
CM147319.1	8400000	8500000	2.0
CM147319.1	8600000	8700000	1.0
CM147319.1	8800000	8900000	1.0
CM147319.1	8900000	9000000	2.0
CM147319.1	9200000	9300000	1.0
CM147319.1	9300000	9400000	2.0
CM147319.1	9400000	9500000	2.0
CM147319.1	9500000	9600000	4.0
CM147319.1	9600000	9700000	3.0
CM147319.1	9700000	9800000	5.0
CM147319.1	9800000	9900000	1.0
CM147319.1	9900000	10000000	4.0
CM147319.1	10100000	10200000	1.0
CM147319.1	10300000	10400000	1.0
CM147319.1	10400000	10500000	1.0
CM147319.1	10500000	10600000	7.0
CM147319.1	10600000	10700000	4.0
CM147319.1	10700000	10800000	4.0
CM147319.1	10800000	10900000	10.0
CM147319.1	10900000	11000000	2.0
CM147319.1	11000000	11100000	4.0
CM147319.1	11100000	11200000	12.0
CM147319.1	11200000	11300000	1.0
CM147319.1	11300000	11400000	2.0
CM147319.1	11400000	11500000	3.0
CM147319.1	11500000	11600000	3.0
CM147319.1	11600000	11700000	1.0
CM147319.1	11700000	11800000	1.0
CM147319.1	11800000	11900000	1.0
CM147319.1	11900000	12000000	1.0
CM147319.1	12200000	12300000	1.0
CM147319.1	12400000	12500000	1.0
CM147319.1	12500000	12600000	1.0
CM147319.1	12600000	12700000	1.0
CM147319.1	12700000	12800000	1.0
CM147319.1	12800000	12900000	2.0
CM147319.1	12900000	13000000	1.0
CM147319.1	13000000	13100000	3.0
CM147319.1	13100000	13200000	3.0
CM147319.1	13200000	13300000	1.0
CM147319.1	13300000	13400000	1.0
CM147319.1	13500000	13600000	1.0
CM147319.1	13600000	13700000	2.0
CM147319.1	14100000	14200000	1.0
CM147319.1	14200000	14300000	2.0
CM147319.1	14300000	14400000	1.0
CM147319.1	14400000	14500000	2.0
CM147319.1	14500000	14600000	1.0
CM147319.1	14600000	14700000	2.0
CM147319.1	14800000	14900000	3.0
CM147319.1	15000000	15100000	1.0
CM147319.1	15300000	15400000	1.0
CM147319.1	15500000	15600000	1.0
CM147319.1	17100000	17200000	1.0
CM147319.1	17300000	17400000	4.0
CM147319.1	17400000	17500000	3.0
CM147319.1	17500000	17600000	5.0
CM147319.1	17600000	17700000	2.0
CM147319.1	17700000	17800000	3.0
CM147319.1	17800000	17900000	1.0
CM147319.1	18000000	18100000	2.0
CM147319.1	18300000	18400000	2.0
CM147319.1	18400000	18500000	2.0
CM147319.1	18700000	18800000	1.0
CM147319.1	19100000	19200000	1.0
CM147319.1	19200000	19300000	2.0
CM147319.1	19300000	19400000	1.0
CM147319.1	19400000	19500000	1.0
CM147319.1	19500000	19600000	1.0
CM147319.1	19600000	19700000	3.0
CM147319.1	19700000	19800000	1.0
CM147319.1	19800000	19900000	1.0
CM147319.1	19900000	20000000	1.0
CM147319.1	20100000	20200000	2.0
CM147319.1	20200000	20300000	1.0
CM147319.1	20700000	20800000	1.0
CM147319.1	21000000	21100000	1.0
CM147319.1	21100000	21200000	1.0
CM147319.1	21300000	21400000	2.0
CM147319.1	21400000	21500000	1.0
CM147319.1	21500000	21600000	2.0
CM147319.1	21600000	21700000	1.0
CM147319.1	21800000	21900000	1.0
CM147319.1	22200000	22300000	1.0
CM147319.1	22400000	22500000	2.0
CM147319.1	22500000	22600000	5.0
CM147319.1	22600000	22700000	3.0
CM147319.1	22700000	22800000	1.0
CM147319.1	22800000	22900000	2.0
CM147319.1	22900000	23000000	3.0
CM147319.1	23000000	23100000	1.0
CM147319.1	23400000	23500000	1.0
CM147319.1	23600000	23700000	2.0
CM147319.1	23700000	23800000	3.0
CM147319.1	23800000	23900000	3.0
CM147319.1	23900000	24000000	1.0
CM147319.1	24000000	24100000	3.0
CM147319.1	24100000	24200000	1.0
CM147319.1	24500000	24600000	1.0
CM147319.1	24600000	24700000	1.0
CM147319.1	24700000	24800000	5.0
CM147319.1	24800000	24900000	1.0
CM147319.1	25000000	25100000	1.0
CM147319.1	25300000	25400000	2.0
CM147319.1	25400000	25500000	1.0
CM147319.1	25800000	25900000	1.0
CM147319.1	26000000	26100000	1.0
CM147319.1	26100000	26200000	1.0
CM147319.1	27700000	27800000	1.0
CM147319.1	27800000	27900000	1.0
CM147319.1	28000000	28100000	1.0
CM147319.1	28500000	28600000	1.0
CM147319.1	28600000	28700000	3.0
CM147319.1	28700000	28800000	1.0
CM147319.1	28900000	29000000	1.0
CM147319.1	29100000	29200000	1.0
CM147319.1	29400000	29500000	3.0
CM147319.1	29500000	29600000	2.0
CM147319.1	29600000	29700000	2.0
CM147319.1	29700000	29800000	2.0
CM147319.1	29900000	30000000	1.0
CM147319.1	30000000	30100000	1.0
CM147319.1	30200000	30300000	1.0
CM147319.1	30300000	30400000	1.0
CM147319.1	30400000	30500000	3.0
CM147319.1	30500000	30600000	2.0
CM147319.1	30600000	30700000	2.0
CM147319.1	30700000	30800000	3.0
CM147319.1	30800000	30900000	2.0
CM147319.1	31100000	31200000	1.0
CM147319.1	31200000	31300000	1.0
CM147319.1	31600000	31700000	1.0
CM147319.1	31900000	32000000	1.0
CM147319.1	32000000	32100000	1.0
CM147319.1	32100000	32200000	1.0
CM147319.1	32500000	32600000	1.0
CM147319.1	33700000	33800000	1.0
CM147319.1	33800000	33900000	1.0
CM147319.1	34100000	34200000	1.0
CM147319.1	35100000	35200000	1.0
CM147319.1	35200000	35300000	1.0
CM147319.1	35300000	35400000	1.0
CM147319.1	36500000	36600000	1.0
CM147319.1	36600000	36700000	1.0
CM147319.1	37100000	37200000	1.0
CM147319.1	37400000	37500000	2.0
CM147319.1	37500000	37600000	1.0
CM147319.1	37800000	37900000	1.0
CM147319.1	37900000	38000000	1.0
CM147319.1	39100000	39200000	1.0
CM147319.1	39200000	39300000	2.0
CM147319.1	40300000	40400000	1.0
CM147319.1	40400000	40500000	1.0
CM147319.1	40500000	40600000	1.0
CM147319.1	40900000	41000000	1.0
CM147319.1	41200000	41300000	1.0
CM147319.1	41900000	42000000	1.0
CM147319.1	42100000	42200000	1.0
CM147319.1	42600000	42700000	1.0
CM147319.1	42700000	42800000	2.0
CM147319.1	42800000	42900000	1.0
CM147319.1	43200000	43300000	1.0
CM147319.1	43300000	43400000	1.0
CM147319.1	44700000	44800000	1.0
CM147319.1	44800000	44900000	1.0
CM147319.1	45000000	45100000	1.0
CM147319.1	45300000	45400000	2.0
CM147319.1	45500000	45600000	1.0
CM147319.1	45800000	45900000	1.0
CM147319.1	45900000	46000000	1.0
CM147319.1	46300000	46400000	1.0
CM147319.1	46600000	46700000	1.0
CM147319.1	47000000	47100000	1.0
CM147319.1	47500000	47600000	1.0
CM147319.1	47700000	47800000	1.0
CM147319.1	47800000	47900000	2.0
CM147319.1	47900000	48000000	3.0
CM147319.1	48000000	48100000	1.0
CM147319.1	48300000	48400000	3.0
CM147319.1	49100000	49200000	1.0
CM147319.1	51600000	51700000	1.0
CM147319.1	52900000	53000000	1.0
CM147319.1	53500000	53600000	1.0
CM147319.1	53800000	53900000	1.0
CM147319.1	54100000	54200000	1.0
CM147319.1	54500000	54600000	1.0
CM147319.1	55200000	55300000	1.0
CM147319.1	56700000	56800000	1.0
CM147319.1	58400000	58500000	2.0
CM147319.1	58800000	58900000	1.0
CM147319.1	59000000	59100000	1.0
CM147319.1	59100000	59200000	2.0
CM147319.1	59200000	59300000	1.0
CM147319.1	59500000	59600000	1.0
CM147319.1	59700000	59800000	1.0
CM147319.1	59900000	60000000	1.0
CM147319.1	60100000	60200000	2.0
CM147319.1	60300000	60400000	1.0
CM147319.1	60900000	61000000	1.0
CM147319.1	61700000	61800000	2.0
CM147319.1	61800000	61900000	3.0
CM147319.1	61900000	62000000	1.0
CM147319.1	62000000	62100000	1.0
CM147319.1	62300000	62400000	1.0
CM147319.1	62500000	62600000	1.0
CM147319.1	62600000	62700000	1.0
CM147319.1	63000000	63100000	1.0
CM147319.1	63100000	63200000	1.0
CM147319.1	63600000	63700000	1.0
CM147319.1	63900000	64000000	1.0
CM147319.1	63700000	63800000	1.0
CM147319.1	64000000	64100000	1.0
CM147319.1	64200000	64300000	1.0
CM147319.1	64300000	64400000	2.0
CM147319.1	64400000	64500000	1.0
CM147319.1	64500000	64600000	1.0
CM147319.1	64700000	64800000	1.0
CM147319.1	66000000	66100000	4.0
CM147319.1	66500000	66600000	1.0
CM147319.1	67000000	67100000	1.0
CM147319.1	67200000	67300000	1.0
CM147319.1	67300000	67400000	1.0
CM147319.1	68500000	68600000	1.0
CM147319.1	68600000	68700000	2.0
CM147319.1	69000000	69100000	1.0
CM147319.1	69400000	69500000	1.0
CM147319.1	69800000	69900000	5.0
CM147319.1	69900000	70000000	1.0
CM147319.1	70000000	70100000	1.0
CM147319.1	71600000	71700000	1.0
CM147319.1	72100000	72200000	1.0
CM147319.1	72500000	72600000	1.0
CM147319.1	72700000	72800000	1.0
CM147319.1	72800000	72900000	2.0
CM147319.1	73000000	73100000	1.0
CM147319.1	73800000	73900000	1.0
CM147319.1	74000000	74100000	5.0
CM147319.1	74300000	74400000	1.0
CM147319.1	74700000	74800000	2.0
CM147319.1	74800000	74900000	3.0
CM147319.1	75300000	75400000	2.0
CM147319.1	75600000	75700000	1.0
CM147319.1	75800000	75900000	1.0
CM147319.1	75900000	76000000	1.0
CM147319.1	76000000	76100000	1.0
CM147319.1	76100000	76200000	1.0
CM147319.1	76400000	76500000	1.0
CM147319.1	77400000	77500000	1.0
CM147319.1	77600000	77700000	1.0
CM147319.1	78200000	78300000	1.0
CM147319.1	79500000	79600000	1.0
CM147319.1	79700000	79800000	1.0
CM147319.1	79800000	79900000	1.0
CM147319.1	80400000	80500000	1.0
CM147319.1	80600000	80700000	1.0
CM147319.1	80700000	80800000	1.0
CM147319.1	80800000	80900000	1.0
CM147319.1	80900000	81000000	2.0
CM147319.1	81000000	81100000	1.0
CM147319.1	81200000	81300000	3.0
CM147319.1	81400000	81500000	2.0
CM147319.1	81500000	81600000	1.0
CM147319.1	81700000	81800000	1.0
CM147319.1	82100000	82200000	1.0
CM147319.1	82500000	82600000	3.0
CM147319.1	82600000	82700000	1.0
CM147319.1	82700000	82800000	2.0
CM147319.1	82800000	82900000	1.0
CM147319.1	83100000	83200000	1.0
CM147319.1	83300000	83400000	1.0
CM147319.1	83500000	83600000	1.0
CM147319.1	83800000	83900000	1.0
CM147319.1	83900000	84000000	1.0
CM147319.1	84000000	84100000	1.0
CM147319.1	84600000	84700000	1.0
CM147319.1	84700000	84800000	3.0
CM147319.1	84800000	84900000	1.0
CM147319.1	85700000	85800000	1.0
CM147319.1	85900000	86000000	1.0
CM147319.1	86400000	86500000	1.0
CM147319.1	86900000	87000000	1.0
CM147319.1	87000000	87100000	2.0
CM147319.1	87100000	87200000	1.0
CM147319.1	88100000	88200000	1.0
CM147319.1	88300000	88400000	1.0
CM147319.1	88500000	88600000	1.0
CM147319.1	88600000	88700000	1.0
CM147319.1	89500000	89600000	2.0
CM147319.1	90000000	90100000	2.0
CM147319.1	90200000	90300000	1.0
CM147319.1	90700000	90800000	1.0
CM147319.1	91500000	91600000	1.0
CM147319.1	91700000	91800000	1.0
CM147319.1	92200000	92300000	1.0
CM147319.1	92700000	92800000	1.0
CM147319.1	92800000	92900000	2.0
CM147319.1	93000000	93100000	4.0
CM147319.1	93100000	93200000	4.0
CM147319.1	93200000	93300000	1.0
CM147319.1	93400000	93500000	2.0
CM147319.1	93700000	93800000	1.0
CM147319.1	93900000	94000000	3.0
CM147319.1	94000000	94100000	2.0
CM147319.1	94100000	94200000	2.0
CM147319.1	94400000	94500000	1.0
CM147319.1	94500000	94600000	2.0
CM147319.1	95000000	95100000	1.0
CM147319.1	95700000	95800000	1.0
CM147319.1	96400000	96500000	1.0
CM147319.1	96500000	96600000	1.0
CM147319.1	97100000	97200000	1.0
CM147319.1	97500000	97600000	1.0
CM147319.1	97800000	97900000	1.0
CM147319.1	97900000	98000000	2.0
CM147319.1	98800000	98900000	1.0
CM147319.1	99100000	99200000	1.0
CM147319.1	99700000	99800000	2.0
CM147319.1	100000000	100100000	1.0
CM147319.1	100400000	100500000	2.0
CM147319.1	100500000	100600000	2.0
CM147319.1	100600000	100700000	1.0
CM147319.1	100700000	100800000	1.0
CM147319.1	101100000	101200000	1.0
CM147319.1	101200000	101300000	1.0
CM147319.1	101300000	101400000	3.0
CM147319.1	101400000	101500000	2.0
CM147319.1	101600000	101700000	2.0
CM147319.1	101700000	101800000	1.0
CM147319.1	101800000	101900000	1.0
CM147319.1	101900000	102000000	1.0
CM147319.1	102000000	102100000	1.0
CM147319.1	102300000	102400000	2.0
CM147319.1	102500000	102600000	1.0
CM147319.1	102700000	102800000	1.0
CM147319.1	102900000	103000000	1.0
CM147319.1	103300000	103400000	1.0
CM147319.1	103400000	103500000	4.0
CM147319.1	103500000	103600000	2.0
CM147319.1	104200000	104300000	1.0
CM147319.1	104500000	104600000	1.0
CM147319.1	104800000	104900000	1.0
CM147319.1	105100000	105200000	1.0
CM147319.1	105200000	105300000	1.0
CM147319.1	105500000	105600000	1.0
CM147319.1	105900000	106000000	2.0
CM147319.1	106400000	106500000	3.0
CM147319.1	106500000	106600000	2.0
CM147319.1	106600000	106700000	1.0
CM147319.1	106900000	107000000	1.0
CM147319.1	107000000	107100000	1.0
CM147319.1	107300000	107400000	1.0
CM147319.1	107400000	107500000	1.0
CM147319.1	107900000	108000000	1.0
CM147319.1	108300000	108400000	1.0
CM147319.1	108800000	108900000	1.0
CM147319.1	109100000	109200000	2.0
CM147319.1	109400000	109500000	2.0
CM147319.1	110000000	110100000	1.0
CM147319.1	110300000	110400000	1.0
CM147319.1	110500000	110600000	1.0
CM147319.1	110600000	110700000	1.0
CM147319.1	110900000	111000000	1.0
CM147319.1	111100000	111200000	1.0
CM147319.1	111200000	111300000	1.0
CM147319.1	111300000	111400000	1.0
CM147319.1	111700000	111800000	1.0
CM147319.1	112100000	112200000	2.0
CM147319.1	112200000	112300000	1.0
CM147319.1	112800000	112900000	1.0
CM147319.1	113100000	113200000	1.0
CM147319.1	113800000	113900000	1.0
CM147319.1	115800000	115900000	1.0
CM147319.1	116200000	116300000	1.0
CM147319.1	116300000	116400000	3.0
CM147319.1	116700000	116800000	1.0
CM147319.1	117400000	117500000	1.0
CM147319.1	117500000	117600000	2.0
CM147319.1	117600000	117700000	1.0
CM147319.1	117700000	117800000	1.0
CM147319.1	117800000	117900000	1.0
CM147319.1	118200000	118300000	2.0
CM147319.1	118300000	118400000	1.0
CM147319.1	118400000	118500000	4.0
CM147319.1	118500000	118600000	2.0
CM147319.1	118700000	118800000	3.0
CM147319.1	118800000	118900000	3.0
CM147319.1	118900000	119000000	2.0
CM147319.1	119000000	119100000	1.0
CM147319.1	119100000	119200000	1.0
CM147319.1	119300000	119400000	2.0
CM147319.1	119400000	119500000	2.0
CM147319.1	119500000	119600000	2.0
CM147319.1	119600000	119700000	1.0
CM147319.1	119900000	120000000	1.0
CM147319.1	120000000	120100000	1.0
CM147319.1	120400000	120500000	1.0
CM147319.1	120500000	120600000	1.0
CM147319.1	120700000	120800000	3.0
CM147319.1	120800000	120900000	4.0
CM147319.1	121000000	121100000	1.0
CM147319.1	121200000	121300000	1.0
CM147319.1	121700000	121800000	1.0
CM147319.1	121900000	122000000	1.0
CM147319.1	122400000	122500000	3.0
CM147319.1	122600000	122700000	1.0
CM147319.1	122900000	123000000	1.0
CM147319.1	123100000	123200000	3.0
CM147319.1	123200000	123300000	1.0
CM147319.1	123500000	123600000	3.0
CM147319.1	123800000	123900000	1.0
CM147319.1	124100000	124200000	1.0
CM147319.1	124600000	124700000	1.0
CM147319.1	124900000	125000000	1.0
CM147319.1	125000000	125100000	1.0
CM147319.1	125200000	125300000	1.0
CM147319.1	126100000	126200000	1.0
CM147319.1	126200000	126300000	1.0
CM147319.1	126400000	126500000	1.0
CM147319.1	126600000	126700000	1.0
CM147319.1	126900000	127000000	2.0
CM147319.1	127100000	127200000	2.0
CM147319.1	127300000	127400000	1.0
CM147319.1	127500000	127600000	1.0
CM147319.1	127600000	127700000	1.0
CM147319.1	127700000	127800000	9.0
CM147319.1	127800000	127900000	1.0
CM147319.1	127900000	128000000	6.0
CM147319.1	128000000	128100000	2.0
CM147319.1	128100000	128200000	2.0
CM147319.1	128200000	128300000	2.0
CM147319.1	129000000	129100000	1.0
CM147319.1	129200000	129300000	2.0
CM147319.1	129300000	129400000	1.0
CM147319.1	129600000	129700000	2.0
CM147319.1	130100000	130200000	1.0
CM147319.1	130200000	130300000	1.0
CM147319.1	130300000	130400000	1.0
CM147319.1	131100000	131200000	2.0
CM147319.1	131300000	131400000	1.0
CM147319.1	131400000	131500000	1.0
CM147319.1	131600000	131700000	1.0
CM147319.1	131700000	131800000	1.0
CM147319.1	131800000	131900000	3.0
CM147319.1	132100000	132200000	1.0
CM147319.1	132400000	132500000	1.0
CM147319.1	132800000	132900000	1.0
CM147319.1	133000000	133100000	1.0
CM147319.1	133100000	133200000	3.0
CM147319.1	133200000	133300000	2.0
CM147319.1	133300000	133400000	2.0
CM147319.1	133500000	133600000	2.0
CM147319.1	133600000	133700000	1.0
CM147319.1	133800000	133900000	1.0
CM147319.1	134000000	134100000	1.0
CM147319.1	134100000	134200000	1.0
CM147319.1	135300000	135400000	1.0
CM147319.1	135500000	135600000	2.0
CM147319.1	135600000	135700000	1.0
CM147319.1	135700000	135800000	1.0
CM147319.1	135800000	135900000	1.0
CM147319.1	136500000	136600000	1.0
CM147319.1	136600000	136700000	1.0
CM147319.1	137000000	137100000	1.0
CM147319.1	137200000	137300000	1.0
CM147319.1	137500000	137600000	1.0
CM147319.1	137700000	137800000	1.0
CM147319.1	137900000	138000000	1.0
CM147319.1	138100000	138200000	2.0
CM147319.1	138200000	138300000	1.0
CM147319.1	138500000	138600000	1.0
CM147319.1	139000000	139100000	1.0
CM147319.1	139100000	139200000	1.0
CM147319.1	139200000	139300000	1.0
CM147319.1	139500000	139600000	1.0
CM147319.1	139600000	139700000	2.0
CM147319.1	139700000	139800000	4.0
CM147319.1	140600000	140700000	1.0
CM147319.1	140700000	140800000	1.0
CM147319.1	141200000	141300000	1.0
CM147319.1	141600000	141700000	1.0
CM147319.1	142900000	143000000	1.0
CM147319.1	143300000	143400000	2.0
CM147319.1	143400000	143500000	1.0
CM147319.1	143500000	143600000	1.0
CM147319.1	143700000	143800000	1.0
CM147319.1	143800000	143900000	1.0
CM147319.1	143900000	144000000	1.0
CM147319.1	144000000	144100000	1.0
CM147319.1	144100000	144200000	1.0
CM147319.1	144800000	144900000	1.0
CM147319.1	145000000	145100000	1.0
CM147319.1	145100000	145200000	1.0
CM147319.1	145200000	145300000	1.0
CM147319.1	145500000	145600000	1.0
CM147319.1	145700000	145800000	2.0
CM147319.1	145800000	145900000	2.0
CM147319.1	145900000	146000000	2.0
CM147319.1	146000000	146100000	2.0
CM147319.1	146700000	146800000	2.0
CM147319.1	146800000	146900000	1.0
CM147319.1	147000000	147100000	1.0
CM147319.1	147200000	147300000	1.0
CM147319.1	147400000	147500000	1.0
CM147319.1	147600000	147700000	1.0
CM147319.1	147800000	147900000	2.0
CM147319.1	148500000	148600000	1.0
CM147319.1	149200000	149300000	4.0
CM147319.1	149500000	149600000	1.0
CM147319.1	150100000	150200000	1.0
CM147319.1	151700000	151800000	1.0
CM147319.1	151800000	151900000	1.0
CM147319.1	152100000	152200000	1.0
CM147319.1	153300000	153400000	1.0
CM147319.1	153400000	153500000	2.0
CM147319.1	153600000	153700000	1.0
CM147319.1	154100000	154200000	1.0
CM147319.1	154400000	154500000	1.0
CM147319.1	154500000	154600000	3.0
CM147319.1	154600000	154700000	1.0
CM147319.1	154700000	154800000	2.0
CM147319.1	154800000	154900000	2.0
CM147319.1	154900000	155000000	2.0
CM147319.1	155000000	155100000	1.0
CM147319.1	155200000	155300000	1.0
CM147319.1	155700000	155800000	2.0
CM147319.1	155800000	155900000	1.0
CM147319.1	155900000	156000000	1.0
CM147319.1	156000000	156100000	1.0
CM147319.1	156100000	156200000	3.0
CM147319.1	156200000	156300000	3.0
CM147319.1	156300000	156400000	2.0
CM147319.1	156500000	156600000	2.0
CM147319.1	156700000	156800000	1.0
CM147319.1	157100000	157200000	3.0
CM147319.1	157700000	157800000	1.0
CM147319.1	158000000	158100000	1.0
CM147319.1	158400000	158500000	3.0
CM147319.1	158500000	158600000	2.0
CM147319.1	158900000	159000000	1.0
CM147319.1	159100000	159200000	1.0
CM147319.1	159300000	159400000	1.0
CM147319.1	159400000	159500000	1.0
CM147319.1	159700000	159800000	1.0
CM147319.1	159900000	160000000	1.0
CM147319.1	160400000	160500000	1.0
CM147319.1	160500000	160600000	3.0
CM147319.1	160600000	160700000	2.0
CM147319.1	160700000	160800000	1.0
CM147319.1	160800000	160900000	4.0
CM147319.1	160900000	161000000	1.0
CM147319.1	161000000	161100000	2.0
CM147319.1	161100000	161200000	5.0
CM147319.1	161200000	161300000	2.0
CM147319.1	161300000	161400000	1.0
CM147319.1	161400000	161500000	1.0
CM147319.1	161600000	161700000	3.0
CM147319.1	161900000	162000000	1.0
CM147319.1	162400000	162500000	1.0
CM147319.1	162900000	163000000	3.0
CM147319.1	163200000	163300000	1.0
CM147319.1	163700000	163800000	1.0
CM147319.1	163800000	163900000	4.0
CM147319.1	163900000	164000000	2.0
CM147319.1	164000000	164100000	1.0
CM147319.1	164200000	164300000	1.0
CM147319.1	164400000	164500000	2.0
CM147319.1	164600000	164700000	2.0
CM147319.1	164700000	164800000	1.0
CM147319.1	164800000	164900000	2.0
CM147319.1	164900000	165000000	2.0
CM147319.1	165000000	165100000	2.0
CM147319.1	165100000	165200000	1.0
CM147319.1	165300000	165400000	1.0
CM147319.1	165900000	166000000	1.0
CM147319.1	166600000	166700000	2.0
CM147319.1	167500000	167600000	1.0
CM147319.1	167800000	167900000	1.0
CM147319.1	168200000	168300000	1.0
CM147319.1	168300000	168400000	1.0
CM147319.1	168500000	168600000	1.0
CM147319.1	168900000	169000000	2.0
CM147319.1	169600000	169700000	1.0
CM147319.1	170000000	170100000	1.0
CM147319.1	170700000	170800000	1.0
CM147319.1	170800000	170900000	2.0
CM147319.1	170900000	171000000	1.0
CM147319.1	171000000	171100000	1.0
CM147319.1	171100000	171200000	1.0
CM147319.1	171600000	171700000	1.0
CM147319.1	171700000	171800000	1.0
CM147319.1	171800000	171900000	3.0
CM147319.1	171900000	172000000	2.0
CM147319.1	172000000	172100000	1.0
CM147319.1	172100000	172200000	1.0
CM147319.1	172300000	172400000	3.0
CM147319.1	172500000	172600000	1.0
CM147319.1	172600000	172700000	3.0
CM147319.1	172700000	172800000	5.0
CM147319.1	172800000	172900000	2.0
CM147319.1	173000000	173100000	1.0
CM147319.1	173200000	173300000	1.0
CM147319.1	173400000	173500000	1.0
CM147319.1	173500000	173600000	1.0
CM147319.1	173600000	173700000	1.0
CM147319.1	173700000	173800000	1.0
CM147319.1	173800000	173900000	1.0
CM147319.1	174000000	174100000	1.0
CM147319.1	174200000	174300000	2.0
CM147319.1	174300000	174400000	1.0
CM147319.1	174500000	174600000	1.0
CM147319.1	175100000	175200000	1.0
CM147319.1	175200000	175300000	1.0
CM147319.1	176600000	176700000	1.0
CM147319.1	176700000	176800000	1.0
CM147319.1	177200000	177300000	1.0
CM147319.1	177800000	177900000	2.0
CM147319.1	177900000	178000000	2.0
CM147319.1	178000000	178100000	3.0
CM147319.1	178100000	178200000	2.0
CM147319.1	178200000	178300000	3.0
CM147319.1	178300000	178400000	1.0
CM147319.1	178400000	178500000	3.0
CM147319.1	178500000	178600000	1.0
CM147319.1	178700000	178800000	2.0
CM147319.1	178800000	178900000	3.0
CM147319.1	178900000	179000000	3.0
CM147319.1	179200000	179300000	3.0
CM147319.1	179400000	179500000	2.0
CM147319.1	179700000	179800000	1.0
CM147319.1	179900000	180000000	3.0
CM147319.1	180000000	180100000	1.0
CM147319.1	180100000	180200000	1.0
CM147319.1	180300000	180400000	1.0
CM147319.1	180400000	180500000	1.0
CM147319.1	180600000	180700000	1.0
CM147319.1	180700000	180800000	2.0
CM147319.1	180800000	180900000	1.0
CM147319.1	181000000	181100000	1.0
CM147319.1	181300000	181400000	1.0
CM147319.1	183100000	183200000	1.0
CM147319.1	183300000	183400000	2.0
CM147319.1	183700000	183800000	1.0
CM147319.1	183800000	183900000	1.0
CM147319.1	184200000	184300000	1.0
CM147319.1	184300000	184400000	1.0
CM147319.1	184500000	184600000	2.0
CM147319.1	184600000	184700000	1.0
CM147319.1	184700000	184800000	1.0
CM147319.1	184800000	184900000	1.0
CM147319.1	184900000	185000000	1.0
CM147319.1	185100000	185200000	1.0
CM147319.1	185900000	186000000	2.0
CM147319.1	186100000	186200000	2.0
CM147319.1	186200000	186300000	1.0
CM147319.1	186800000	186900000	2.0
CM147319.1	186900000	187000000	1.0
CM147319.1	187100000	187200000	1.0
CM147319.1	187200000	187300000	1.0
CM147319.1	187400000	187500000	1.0
CM147319.1	187600000	187700000	2.0
CM147319.1	187700000	187800000	1.0
CM147319.1	188000000	188100000	1.0
CM147319.1	188200000	188300000	1.0
CM147319.1	188500000	188600000	3.0
CM147319.1	188600000	188700000	1.0
CM147319.1	188900000	189000000	1.0
CM147319.1	189000000	189100000	1.0
CM147319.1	189300000	189400000	5.0
CM147319.1	189400000	189500000	4.0
CM147319.1	189600000	189700000	1.0
CM147319.1	189800000	189900000	1.0
CM147319.1	190400000	190500000	1.0
CM147319.1	190900000	191000000	1.0
CM147319.1	192400000	192500000	1.0
CM147319.1	192600000	192700000	2.0
CM147319.1	193300000	193400000	1.0
CM147319.1	194200000	194300000	1.0
CM147319.1	194300000	194400000	2.0
CM147319.1	194500000	194600000	1.0
CM147319.1	194600000	194700000	2.0
CM147319.1	195200000	195300000	2.0
CM147319.1	195400000	195500000	1.0
CM147319.1	195600000	195700000	1.0
CM147319.1	195700000	195800000	4.0
CM147319.1	196000000	196100000	1.0
CM147319.1	196100000	196200000	1.0
CM147319.1	197000000	197100000	1.0
CM147319.1	197100000	197200000	1.0
CM147319.1	197300000	197400000	2.0
CM147319.1	197400000	197500000	2.0
CM147319.1	197500000	197600000	1.0
CM147319.1	197600000	197700000	1.0
CM147319.1	197700000	197800000	1.0
CM147319.1	197900000	198000000	2.0
CM147319.1	198300000	198400000	1.0
CM147319.1	198800000	198900000	1.0
CM147319.1	199000000	199100000	1.0
CM147319.1	199100000	199200000	1.0
CM147319.1	199300000	199400000	2.0
CM147319.1	199400000	199500000	1.0
CM147319.1	199600000	199700000	1.0
CM147319.1	199800000	199900000	2.0
CM147319.1	200900000	201000000	1.0
CM147319.1	201600000	201700000	1.0
CM147319.1	201800000	201900000	1.0
CM147319.1	201900000	202000000	1.0
CM147319.1	202400000	202500000	1.0
CM147319.1	202700000	202800000	1.0
CM147319.1	203000000	203100000	2.0
CM147319.1	203500000	203600000	2.0
CM147319.1	204100000	204200000	1.0
CM147319.1	204300000	204400000	1.0
CM147319.1	205000000	205100000	2.0
CM147319.1	205200000	205300000	1.0
CM147319.1	205600000	205700000	1.0
CM147319.1	205900000	206000000	1.0
CM147319.1	206500000	206600000	1.0
CM147319.1	206900000	207000000	1.0
CM147319.1	207100000	207200000	1.0
CM147319.1	207200000	207300000	1.0
CM147319.1	207600000	207700000	2.0
CM147319.1	207700000	207800000	1.0
CM147319.1	207900000	208000000	1.0
CM147319.1	208200000	208300000	1.0
CM147319.1	208300000	208400000	1.0
CM147319.1	208400000	208500000	1.0
CM147319.1	208900000	209000000	2.0
CM147319.1	209200000	209300000	1.0
CM147319.1	209700000	209800000	1.0
CM147319.1	209800000	209900000	2.0
CM147319.1	210400000	210500000	1.0
CM147319.1	210700000	210800000	1.0
CM147319.1	211000000	211100000	1.0
CM147319.1	211400000	211500000	2.0
CM147319.1	211700000	211800000	1.0
CM147319.1	211900000	212000000	2.0
CM147319.1	212400000	212500000	1.0
CM147319.1	212500000	212600000	1.0
CM147319.1	212700000	212800000	1.0
CM147319.1	212800000	212900000	1.0
CM147319.1	213100000	213200000	2.0
CM147319.1	213400000	213438495	1.0
CM147320.1	0	100000	1.0
CM147320.1	100000	200000	1.0
CM147320.1	300000	400000	2.0
CM147320.1	400000	500000	1.0
CM147320.1	500000	600000	1.0
CM147320.1	600000	700000	3.0
CM147320.1	700000	800000	1.0
CM147320.1	800000	900000	1.0
CM147320.1	1200000	1300000	1.0
CM147320.1	1300000	1400000	1.0
CM147320.1	1500000	1600000	2.0
CM147320.1	1600000	1700000	1.0
CM147320.1	2100000	2200000	1.0
CM147320.1	2400000	2500000	2.0
CM147320.1	2600000	2700000	2.0
CM147320.1	2700000	2800000	1.0
CM147320.1	3100000	3200000	1.0
CM147320.1	3300000	3400000	1.0
CM147320.1	3400000	3500000	1.0
CM147320.1	3500000	3600000	1.0
CM147320.1	3700000	3800000	1.0
CM147320.1	3800000	3900000	5.0
CM147320.1	3900000	4000000	1.0
CM147320.1	4000000	4100000	2.0
CM147320.1	4300000	4400000	1.0
CM147320.1	4400000	4500000	2.0
CM147320.1	4800000	4900000	1.0
CM147320.1	5100000	5200000	1.0
CM147320.1	5200000	5300000	9.0
CM147320.1	5500000	5600000	1.0
CM147320.1	5700000	5800000	2.0
CM147320.1	6600000	6700000	1.0
CM147320.1	6900000	7000000	1.0
CM147320.1	7000000	7100000	1.0
CM147320.1	7100000	7200000	1.0
CM147320.1	7200000	7300000	1.0
CM147320.1	7700000	7800000	1.0
CM147320.1	9300000	9400000	2.0
CM147320.1	9400000	9500000	1.0
CM147320.1	9500000	9600000	1.0
CM147320.1	9900000	10000000	2.0
CM147320.1	10000000	10100000	2.0
CM147320.1	10400000	10500000	1.0
CM147320.1	10700000	10800000	1.0
CM147320.1	10800000	10900000	2.0
CM147320.1	11000000	11100000	2.0
CM147320.1	11100000	11200000	3.0
CM147320.1	11600000	11700000	1.0
CM147320.1	11900000	12000000	2.0
CM147320.1	12000000	12100000	1.0
CM147320.1	12500000	12600000	1.0
CM147320.1	12700000	12800000	2.0
CM147320.1	12800000	12900000	2.0
CM147320.1	13000000	13100000	1.0
CM147320.1	13100000	13200000	1.0
CM147320.1	13200000	13300000	3.0
CM147320.1	13300000	13400000	1.0
CM147320.1	13500000	13600000	1.0
CM147320.1	13600000	13700000	4.0
CM147320.1	13800000	13900000	1.0
CM147320.1	13900000	14000000	1.0
CM147320.1	15600000	15700000	1.0
CM147320.1	16300000	16400000	1.0
CM147320.1	16800000	16900000	1.0
CM147320.1	17700000	17800000	2.0
CM147320.1	18400000	18500000	1.0
CM147320.1	18900000	19000000	1.0
CM147320.1	20100000	20200000	1.0
CM147320.1	20600000	20700000	1.0
CM147320.1	20700000	20800000	3.0
CM147320.1	20800000	20900000	1.0
CM147320.1	21100000	21200000	2.0
CM147320.1	21500000	21600000	1.0
CM147320.1	21800000	21900000	2.0
CM147320.1	22200000	22300000	1.0
CM147320.1	22800000	22900000	1.0
CM147320.1	22900000	23000000	1.0
CM147320.1	23500000	23600000	1.0
CM147320.1	23700000	23800000	1.0
CM147320.1	24100000	24200000	1.0
CM147320.1	24400000	24500000	1.0
CM147320.1	24500000	24600000	1.0
CM147320.1	24600000	24700000	1.0
CM147320.1	24900000	25000000	1.0
CM147320.1	25200000	25300000	1.0
CM147320.1	25400000	25500000	1.0
CM147320.1	25500000	25600000	1.0
CM147320.1	25600000	25700000	1.0
CM147320.1	25800000	25900000	1.0
CM147320.1	26200000	26300000	1.0
CM147320.1	26800000	26900000	2.0
CM147320.1	26900000	27000000	1.0
CM147320.1	27000000	27100000	1.0
CM147320.1	27100000	27200000	1.0
CM147320.1	27300000	27400000	1.0
CM147320.1	28300000	28400000	3.0
CM147320.1	28400000	28500000	1.0
CM147320.1	28700000	28800000	1.0
CM147320.1	28800000	28900000	1.0
CM147320.1	28900000	29000000	1.0
CM147320.1	29100000	29200000	1.0
CM147320.1	29400000	29500000	1.0
CM147320.1	30900000	31000000	1.0
CM147320.1	31000000	31100000	4.0
CM147320.1	31800000	31900000	1.0
CM147320.1	32000000	32100000	1.0
CM147320.1	32100000	32200000	1.0
CM147320.1	32300000	32400000	1.0
CM147320.1	32600000	32700000	1.0
CM147320.1	33700000	33800000	1.0
CM147320.1	34300000	34400000	1.0
CM147320.1	34500000	34600000	1.0
CM147320.1	34600000	34700000	1.0
CM147320.1	35600000	35700000	1.0
CM147320.1	36600000	36700000	1.0
CM147320.1	36800000	36900000	1.0
CM147320.1	36900000	37000000	2.0
CM147320.1	37100000	37200000	2.0
CM147320.1	37200000	37300000	1.0
CM147320.1	37300000	37400000	2.0
CM147320.1	37500000	37600000	1.0
CM147320.1	38200000	38300000	1.0
CM147320.1	38300000	38400000	2.0
CM147320.1	38500000	38600000	2.0
CM147320.1	38900000	39000000	1.0
CM147320.1	39100000	39200000	2.0
CM147320.1	39400000	39500000	1.0
CM147320.1	39500000	39600000	2.0
CM147320.1	39700000	39800000	1.0
CM147320.1	39900000	40000000	1.0
CM147320.1	40100000	40200000	1.0
CM147320.1	40700000	40800000	3.0
CM147320.1	40800000	40900000	1.0
CM147320.1	41200000	41300000	1.0
CM147320.1	41500000	41600000	1.0
CM147320.1	42300000	42400000	1.0
CM147320.1	42800000	42900000	2.0
CM147320.1	42900000	43000000	1.0
CM147320.1	43500000	43600000	1.0
CM147320.1	43700000	43800000	2.0
CM147320.1	44200000	44300000	1.0
CM147320.1	44400000	44500000	1.0
CM147320.1	44500000	44600000	2.0
CM147320.1	44600000	44700000	1.0
CM147320.1	44700000	44800000	1.0
CM147320.1	44800000	44900000	1.0
CM147320.1	44900000	45000000	1.0
CM147320.1	45000000	45100000	1.0
CM147320.1	45400000	45500000	2.0
CM147320.1	45500000	45600000	2.0
CM147320.1	45600000	45700000	1.0
CM147320.1	46200000	46300000	3.0
CM147320.1	46500000	46600000	1.0
CM147320.1	46600000	46700000	6.0
CM147320.1	46900000	47000000	1.0
CM147320.1	47400000	47500000	1.0
CM147320.1	47800000	47900000	1.0
CM147320.1	48600000	48700000	1.0
CM147320.1	48700000	48800000	1.0
CM147320.1	48800000	48900000	1.0
CM147320.1	51100000	51200000	1.0
CM147320.1	51300000	51400000	1.0
CM147320.1	51800000	51900000	1.0
CM147320.1	52000000	52100000	1.0
CM147320.1	52200000	52300000	1.0
CM147320.1	52700000	52800000	1.0
CM147320.1	53000000	53100000	1.0
CM147320.1	53300000	53400000	1.0
CM147320.1	53400000	53500000	1.0
CM147320.1	53800000	53900000	1.0
CM147320.1	54300000	54400000	1.0
CM147320.1	54600000	54700000	2.0
CM147320.1	54700000	54800000	1.0
CM147320.1	54900000	55000000	1.0
CM147320.1	55200000	55300000	1.0
CM147320.1	55500000	55600000	1.0
CM147320.1	55800000	55900000	1.0
CM147320.1	56100000	56200000	2.0
CM147320.1	56500000	56600000	2.0
CM147320.1	56700000	56800000	1.0
CM147320.1	57000000	57100000	1.0
CM147320.1	57100000	57200000	1.0
CM147320.1	57300000	57400000	1.0
CM147320.1	57600000	57700000	1.0
CM147320.1	57800000	57900000	5.0
CM147320.1	57900000	58000000	1.0
CM147320.1	58000000	58100000	1.0
CM147320.1	58400000	58500000	1.0
CM147320.1	58800000	58900000	2.0
CM147320.1	59200000	59300000	1.0
CM147320.1	59400000	59500000	1.0
CM147320.1	59600000	59700000	1.0
CM147320.1	59800000	59900000	1.0
CM147320.1	59900000	60000000	1.0
CM147320.1	60000000	60100000	1.0
CM147320.1	60100000	60200000	1.0
CM147320.1	60200000	60300000	1.0
CM147320.1	60400000	60500000	1.0
CM147320.1	60700000	60800000	1.0
CM147320.1	60800000	60900000	1.0
CM147320.1	61000000	61100000	1.0
CM147320.1	61500000	61600000	2.0
CM147320.1	62200000	62300000	1.0
CM147320.1	63300000	63400000	2.0
CM147320.1	63800000	63900000	1.0
CM147320.1	64100000	64200000	1.0
CM147320.1	64200000	64300000	1.0
CM147320.1	64700000	64800000	1.0
CM147320.1	65000000	65100000	1.0
CM147320.1	65400000	65500000	1.0
CM147320.1	65600000	65700000	1.0
CM147320.1	65900000	66000000	1.0
CM147320.1	66000000	66100000	1.0
CM147320.1	66100000	66200000	2.0
CM147320.1	66300000	66400000	1.0
CM147320.1	66600000	66700000	2.0
CM147320.1	67400000	67500000	1.0
CM147320.1	68000000	68100000	1.0
CM147320.1	68100000	68200000	1.0
CM147320.1	68300000	68400000	1.0
CM147320.1	68900000	69000000	1.0
CM147320.1	69500000	69600000	1.0
CM147320.1	69600000	69700000	2.0
CM147320.1	69700000	69800000	1.0
CM147320.1	69800000	69900000	2.0
CM147320.1	70100000	70200000	2.0
CM147320.1	70200000	70300000	1.0
CM147320.1	71500000	71600000	1.0
CM147320.1	71800000	71900000	1.0
CM147320.1	72300000	72400000	1.0
CM147320.1	72500000	72600000	1.0
CM147320.1	73300000	73400000	1.0
CM147320.1	74200000	74300000	1.0
CM147320.1	74400000	74500000	1.0
CM147320.1	75000000	75100000	2.0
CM147320.1	75100000	75200000	1.0
CM147320.1	76400000	76500000	1.0
CM147320.1	76500000	76600000	1.0
CM147320.1	76700000	76800000	2.0
CM147320.1	77000000	77100000	1.0
CM147320.1	77500000	77600000	1.0
CM147320.1	77700000	77800000	1.0
CM147320.1	78000000	78100000	2.0
CM147320.1	78200000	78300000	1.0
CM147320.1	78400000	78500000	1.0
CM147320.1	78500000	78600000	1.0
CM147320.1	78600000	78700000	1.0
CM147320.1	79200000	79300000	1.0
CM147320.1	79600000	79700000	1.0
CM147320.1	79800000	79900000	1.0
CM147320.1	79900000	80000000	1.0
CM147320.1	80300000	80400000	1.0
CM147320.1	80400000	80500000	2.0
CM147320.1	80500000	80600000	1.0
CM147320.1	80700000	80800000	1.0
CM147320.1	80800000	80900000	1.0
CM147320.1	80900000	81000000	1.0
CM147320.1	81000000	81100000	1.0
CM147320.1	81100000	81200000	1.0
CM147320.1	81200000	81300000	1.0
CM147320.1	81300000	81400000	2.0
CM147320.1	81500000	81600000	2.0
CM147320.1	81600000	81700000	1.0
CM147320.1	81800000	81900000	2.0
CM147320.1	81900000	82000000	2.0
CM147320.1	82000000	82100000	1.0
CM147320.1	82200000	82300000	1.0
CM147320.1	82400000	82500000	2.0
CM147320.1	82600000	82700000	4.0
CM147320.1	82900000	83000000	2.0
CM147320.1	83100000	83200000	1.0
CM147320.1	83500000	83600000	1.0
CM147320.1	83700000	83800000	1.0
CM147320.1	83800000	83900000	1.0
CM147320.1	83900000	84000000	5.0
CM147320.1	84100000	84200000	1.0
CM147320.1	84200000	84300000	1.0
CM147320.1	84300000	84400000	1.0
CM147320.1	84400000	84500000	1.0
CM147320.1	84500000	84600000	2.0
CM147320.1	84600000	84700000	1.0
CM147320.1	84700000	84800000	2.0
CM147320.1	84900000	85000000	1.0
CM147320.1	85600000	85700000	1.0
CM147320.1	86000000	86100000	1.0
CM147320.1	86200000	86300000	1.0
CM147320.1	86300000	86400000	1.0
CM147320.1	86800000	86900000	6.0
CM147320.1	86900000	87000000	1.0
CM147320.1	87200000	87300000	3.0
CM147320.1	87400000	87500000	1.0
CM147320.1	87600000	87700000	1.0
CM147320.1	87700000	87800000	1.0
CM147320.1	87800000	87900000	2.0
CM147320.1	88000000	88100000	1.0
CM147320.1	88200000	88300000	1.0
CM147320.1	88400000	88500000	1.0
CM147320.1	89700000	89800000	1.0
CM147320.1	89900000	90000000	2.0
CM147320.1	90000000	90100000	1.0
CM147320.1	90200000	90300000	2.0
CM147320.1	90300000	90400000	1.0
CM147320.1	90700000	90800000	1.0
CM147320.1	91100000	91200000	2.0
CM147320.1	91500000	91600000	1.0
CM147320.1	91600000	91700000	1.0
CM147320.1	91900000	92000000	1.0
CM147320.1	92500000	92600000	1.0
CM147320.1	92700000	92800000	3.0
CM147320.1	93200000	93300000	1.0
CM147320.1	93500000	93600000	1.0
CM147320.1	93600000	93700000	1.0
CM147320.1	94000000	94100000	1.0
CM147320.1	94100000	94200000	1.0
CM147320.1	94600000	94700000	1.0
CM147320.1	94800000	94900000	1.0
CM147320.1	95100000	95200000	1.0
CM147320.1	96100000	96200000	1.0
CM147320.1	96500000	96600000	1.0
CM147320.1	96900000	97000000	1.0
CM147320.1	97300000	97400000	1.0
CM147320.1	97800000	97900000	1.0
CM147320.1	98300000	98400000	1.0
CM147320.1	98700000	98800000	2.0
CM147320.1	98900000	99000000	1.0
CM147320.1	99100000	99200000	2.0
CM147320.1	99500000	99600000	1.0
CM147320.1	100400000	100500000	1.0
CM147320.1	101100000	101200000	1.0
CM147320.1	101600000	101700000	1.0
CM147320.1	101800000	101900000	3.0
CM147320.1	101900000	102000000	1.0
CM147320.1	102000000	102100000	1.0
CM147320.1	102200000	102300000	4.0
CM147320.1	102500000	102600000	2.0
CM147320.1	102700000	102800000	1.0
CM147320.1	103000000	103100000	1.0
CM147320.1	103200000	103300000	1.0
CM147320.1	105000000	105100000	1.0
CM147320.1	105100000	105200000	1.0
CM147320.1	105300000	105400000	1.0
CM147320.1	105800000	105900000	1.0
CM147320.1	106000000	106100000	1.0
CM147320.1	106100000	106200000	1.0
CM147320.1	106200000	106300000	1.0
CM147320.1	106500000	106600000	1.0
CM147320.1	106700000	106800000	1.0
CM147320.1	106800000	106900000	2.0
CM147320.1	107300000	107400000	1.0
CM147320.1	107400000	107500000	2.0
CM147320.1	107800000	107900000	1.0
CM147320.1	108100000	108200000	1.0
CM147320.1	108500000	108600000	1.0
CM147320.1	108700000	108800000	1.0
CM147320.1	108800000	108900000	1.0
CM147320.1	109100000	109200000	1.0
CM147320.1	109400000	109500000	1.0
CM147320.1	109500000	109600000	3.0
CM147320.1	109700000	109800000	2.0
CM147320.1	109900000	110000000	1.0
CM147320.1	110000000	110100000	1.0
CM147320.1	110300000	110400000	1.0
CM147320.1	110500000	110600000	1.0
CM147320.1	110700000	110800000	2.0
CM147320.1	111000000	111100000	1.0
CM147320.1	111200000	111300000	1.0
CM147320.1	111400000	111500000	1.0
CM147320.1	111500000	111600000	1.0
CM147320.1	111600000	111700000	2.0
CM147320.1	112000000	112100000	1.0
CM147320.1	112500000	112600000	1.0
CM147320.1	112700000	112800000	1.0
CM147320.1	113100000	113200000	1.0
CM147320.1	113600000	113700000	1.0
CM147320.1	113900000	114000000	1.0
CM147320.1	114600000	114700000	1.0
CM147320.1	115100000	115200000	1.0
CM147320.1	115200000	115300000	1.0
CM147320.1	115400000	115500000	1.0
CM147320.1	115500000	115600000	2.0
CM147320.1	116800000	116900000	1.0
CM147320.1	117200000	117300000	1.0
CM147320.1	117300000	117400000	1.0
CM147320.1	117500000	117600000	1.0
CM147320.1	118100000	118200000	1.0
CM147320.1	118600000	118700000	1.0
CM147320.1	118700000	118800000	2.0
CM147320.1	118900000	119000000	1.0
CM147320.1	119100000	119200000	1.0
CM147320.1	119300000	119400000	1.0
CM147320.1	119500000	119600000	1.0
CM147320.1	120200000	120300000	1.0
CM147320.1	120600000	120700000	1.0
CM147320.1	120700000	120800000	1.0
CM147320.1	120900000	121000000	2.0
CM147320.1	121000000	121100000	1.0
CM147320.1	121400000	121500000	4.0
CM147320.1	121500000	121600000	10.0
CM147320.1	121600000	121700000	3.0
CM147320.1	121700000	121800000	1.0
CM147320.1	121900000	122000000	7.0
CM147320.1	122000000	122100000	13.0
CM147320.1	122100000	122200000	1.0
CM147320.1	122200000	122300000	1.0
CM147320.1	122300000	122400000	1.0
CM147320.1	122400000	122500000	2.0
CM147320.1	123000000	123100000	1.0
CM147320.1	123100000	123200000	1.0
CM147320.1	123300000	123400000	2.0
CM147320.1	123400000	123500000	1.0
CM147320.1	123800000	123900000	1.0
CM147320.1	124100000	124200000	1.0
CM147320.1	124500000	124600000	1.0
CM147320.1	124600000	124700000	2.0
CM147320.1	124700000	124800000	1.0
CM147320.1	125000000	125100000	1.0
CM147320.1	125100000	125200000	1.0
CM147320.1	125200000	125300000	6.0
CM147320.1	125300000	125400000	7.0
CM147320.1	125400000	125500000	3.0
CM147320.1	125500000	125600000	3.0
CM147320.1	125600000	125700000	9.0
CM147320.1	125700000	125800000	2.0
CM147320.1	125900000	126000000	2.0
CM147320.1	126200000	126300000	1.0
CM147320.1	126500000	126600000	1.0
CM147320.1	126800000	126900000	1.0
CM147320.1	126900000	127000000	1.0
CM147320.1	127600000	127700000	2.0
CM147320.1	127900000	128000000	1.0
CM147320.1	128000000	128100000	2.0
CM147320.1	128400000	128500000	1.0
CM147320.1	128500000	128600000	1.0
CM147320.1	128700000	128800000	1.0
CM147320.1	128800000	128900000	1.0
CM147320.1	128900000	129000000	3.0
CM147320.1	129000000	129100000	1.0
CM147320.1	129200000	129300000	1.0
CM147320.1	129500000	129600000	1.0
CM147320.1	130000000	130100000	1.0
CM147320.1	130200000	130300000	1.0
CM147320.1	130300000	130400000	2.0
CM147320.1	130400000	130500000	1.0
CM147320.1	131000000	131100000	1.0
CM147320.1	131500000	131600000	1.0
CM147320.1	131600000	131700000	1.0
CM147320.1	131800000	131900000	1.0
CM147320.1	132400000	132500000	2.0
CM147320.1	133000000	133100000	1.0
CM147320.1	133100000	133200000	2.0
CM147320.1	133200000	133300000	1.0
CM147320.1	133400000	133500000	3.0
CM147320.1	133700000	133800000	1.0
CM147320.1	133800000	133900000	2.0
CM147320.1	134400000	134500000	1.0
CM147320.1	134500000	134600000	1.0
CM147320.1	134600000	134700000	1.0
CM147320.1	135600000	135700000	1.0
CM147320.1	135900000	136000000	2.0
CM147320.1	136000000	136100000	1.0
CM147320.1	136100000	136200000	1.0
CM147320.1	136200000	136300000	1.0
CM147320.1	136300000	136400000	1.0
CM147320.1	136600000	136700000	1.0
CM147320.1	136900000	137000000	2.0
CM147320.1	137000000	137100000	2.0
CM147320.1	137100000	137200000	2.0
CM147320.1	137200000	137300000	1.0
CM147320.1	137300000	137400000	1.0
CM147320.1	137500000	137600000	1.0
CM147320.1	137700000	137800000	1.0
CM147320.1	137800000	137900000	2.0
CM147320.1	138100000	138200000	2.0
CM147320.1	138200000	138300000	1.0
CM147320.1	138300000	138400000	3.0
CM147320.1	138400000	138500000	1.0
CM147320.1	138500000	138600000	3.0
CM147320.1	138700000	138800000	2.0
CM147320.1	138800000	138900000	1.0
CM147320.1	139100000	139200000	2.0
CM147320.1	139200000	139300000	1.0
CM147320.1	139300000	139400000	1.0
CM147320.1	139500000	139600000	1.0
CM147320.1	139700000	139800000	1.0
CM147320.1	139800000	139900000	1.0
CM147320.1	140000000	140100000	3.0
CM147320.1	140200000	140300000	1.0
CM147320.1	140500000	140600000	1.0
CM147320.1	140600000	140700000	1.0
CM147320.1	140700000	140800000	1.0
CM147320.1	141700000	141800000	1.0
CM147320.1	141800000	141900000	1.0
CM147320.1	142000000	142100000	1.0
CM147320.1	142100000	142200000	1.0
CM147320.1	142300000	142400000	3.0
CM147320.1	142400000	142500000	1.0
CM147320.1	142500000	142600000	2.0
CM147320.1	142600000	142700000	1.0
CM147320.1	142700000	142800000	1.0
CM147320.1	142800000	142900000	3.0
CM147320.1	142900000	143000000	1.0
CM147320.1	143100000	143200000	1.0
CM147320.1	143400000	143500000	1.0
CM147320.1	143800000	143900000	1.0
CM147320.1	143900000	144000000	1.0
CM147320.1	144000000	144100000	1.0
CM147320.1	144900000	145000000	1.0
CM147320.1	145000000	145100000	2.0
CM147320.1	145600000	145700000	1.0
CM147320.1	147000000	147100000	2.0
CM147320.1	147100000	147200000	1.0
CM147320.1	148000000	148100000	1.0
CM147320.1	148400000	148500000	1.0
CM147320.1	148500000	148600000	1.0
CM147320.1	148700000	148800000	1.0
CM147320.1	148800000	148900000	1.0
CM147320.1	149900000	150000000	1.0
CM147320.1	150000000	150100000	2.0
CM147320.1	150200000	150300000	2.0
CM147320.1	151000000	151100000	1.0
CM147320.1	151100000	151200000	1.0
CM147320.1	151400000	151500000	1.0
CM147320.1	151500000	151600000	1.0
CM147320.1	151600000	151700000	1.0
CM147320.1	151800000	151900000	1.0
CM147320.1	152100000	152200000	2.0
CM147320.1	152800000	152900000	1.0
CM147320.1	152900000	153000000	2.0
CM147320.1	153100000	153200000	1.0
CM147320.1	153400000	153500000	1.0
CM147320.1	153700000	153800000	1.0
CM147320.1	153900000	154000000	1.0
CM147320.1	154500000	154600000	1.0
CM147320.1	155200000	155300000	1.0
CM147320.1	155300000	155400000	1.0
CM147320.1	155400000	155500000	1.0
CM147320.1	155500000	155600000	1.0
CM147320.1	155600000	155700000	1.0
CM147320.1	156300000	156400000	2.0
CM147320.1	156400000	156500000	1.0
CM147320.1	156700000	156800000	1.0
CM147320.1	156900000	157000000	1.0
CM147320.1	157000000	157100000	2.0
CM147320.1	157200000	157300000	1.0
CM147320.1	157400000	157500000	1.0
CM147320.1	157500000	157600000	2.0
CM147320.1	157600000	157700000	1.0
CM147320.1	157700000	157800000	1.0
CM147320.1	157800000	157900000	1.0
CM147320.1	157900000	158000000	1.0
CM147320.1	158400000	158500000	1.0
CM147320.1	158500000	158600000	2.0
CM147320.1	158700000	158800000	1.0
CM147320.1	158800000	158900000	2.0
CM147320.1	158900000	159000000	1.0
CM147320.1	159300000	159400000	1.0
CM147320.1	160000000	160100000	1.0
CM147320.1	160100000	160200000	2.0
CM147320.1	160700000	160800000	1.0
CM147320.1	160800000	160900000	1.0
CM147320.1	160900000	161000000	2.0
CM147320.1	161600000	161700000	1.0
CM147320.1	161700000	161800000	1.0
CM147320.1	161800000	161900000	1.0
CM147320.1	162500000	162600000	1.0
CM147320.1	162600000	162700000	2.0
CM147320.1	162700000	162800000	1.0
CM147320.1	162900000	163000000	1.0
CM147320.1	163500000	163600000	1.0
CM147320.1	163900000	164000000	1.0
CM147320.1	164000000	164100000	1.0
CM147320.1	164100000	164200000	2.0
CM147320.1	164200000	164300000	2.0
CM147320.1	164900000	165000000	1.0
CM147320.1	165000000	165100000	1.0
CM147320.1	165100000	165200000	1.0
CM147320.1	165400000	165500000	1.0
CM147320.1	165600000	165700000	1.0
CM147320.1	166100000	166200000	1.0
CM147320.1	166200000	166300000	3.0
CM147320.1	166300000	166400000	1.0
CM147320.1	167300000	167400000	1.0
CM147320.1	167400000	167500000	2.0
CM147320.1	167500000	167600000	1.0
CM147320.1	167800000	167900000	1.0
CM147320.1	168000000	168100000	3.0
CM147320.1	168200000	168300000	2.0
CM147320.1	168600000	168700000	1.0
CM147320.1	169200000	169300000	1.0
CM147320.1	169400000	169500000	1.0
CM147320.1	169500000	169600000	1.0
CM147320.1	169600000	169700000	3.0
CM147320.1	169800000	169900000	2.0
CM147320.1	169900000	170000000	1.0
CM147320.1	170300000	170400000	1.0
CM147320.1	170700000	170800000	2.0
CM147320.1	171700000	171800000	1.0
CM147320.1	171900000	172000000	1.0
CM147320.1	172500000	172600000	1.0
CM147320.1	173000000	173100000	2.0
CM147320.1	173100000	173200000	1.0
CM147320.1	173200000	173300000	2.0
CM147320.1	173300000	173400000	1.0
CM147320.1	173500000	173600000	1.0
CM147320.1	173900000	174000000	1.0
CM147320.1	174300000	174400000	1.0
CM147320.1	174400000	174500000	3.0
CM147320.1	174500000	174600000	2.0
CM147320.1	174600000	174700000	1.0
CM147320.1	174800000	174900000	1.0
CM147320.1	174900000	175000000	1.0
CM147320.1	175200000	175300000	1.0
CM147320.1	175400000	175500000	1.0
CM147320.1	176300000	176400000	1.0
CM147320.1	176400000	176500000	1.0
CM147320.1	177100000	177200000	1.0
CM147320.1	177400000	177500000	2.0
CM147320.1	178200000	178300000	1.0
CM147320.1	178300000	178400000	1.0
CM147320.1	178500000	178600000	1.0
CM147320.1	178700000	178800000	3.0
CM147320.1	178900000	179000000	1.0
CM147320.1	179100000	179200000	1.0
CM147320.1	179800000	179900000	1.0
CM147320.1	180200000	180300000	1.0
CM147320.1	180400000	180500000	1.0
CM147320.1	180600000	180700000	2.0
CM147320.1	181300000	181400000	1.0
CM147320.1	182000000	182100000	2.0
CM147320.1	183400000	183500000	1.0
CM147320.1	183500000	183600000	1.0
CM147320.1	183600000	183700000	1.0
CM147320.1	184100000	184200000	1.0
CM147320.1	184900000	184913689	1.0
CM147321.1	0	100000	6.0
CM147321.1	100000	200000	11.0
CM147321.1	200000	300000	6.0
CM147321.1	300000	400000	5.0
CM147321.1	400000	500000	8.0
CM147321.1	500000	600000	2.0
CM147321.1	600000	700000	5.0
CM147321.1	800000	900000	2.0
CM147321.1	1000000	1100000	2.0
CM147321.1	1100000	1200000	1.0
CM147321.1	1200000	1300000	4.0
CM147321.1	1300000	1400000	11.0
CM147321.1	1400000	1500000	2.0
CM147321.1	1500000	1600000	2.0
CM147321.1	1600000	1700000	1.0
CM147321.1	1800000	1900000	1.0
CM147321.1	1900000	2000000	1.0
CM147321.1	2000000	2100000	7.0
CM147321.1	2100000	2200000	6.0
CM147321.1	2200000	2300000	1.0
CM147321.1	2300000	2400000	6.0
CM147321.1	2400000	2500000	5.0
CM147321.1	2500000	2600000	13.0
CM147321.1	2600000	2700000	5.0
CM147321.1	2700000	2800000	4.0
CM147321.1	2800000	2900000	3.0
CM147321.1	2900000	3000000	5.0
CM147321.1	3000000	3100000	2.0
CM147321.1	3100000	3200000	8.0
CM147321.1	3200000	3300000	12.0
CM147321.1	3300000	3400000	3.0
CM147321.1	3400000	3500000	17.0
CM147321.1	3500000	3600000	7.0
CM147321.1	3600000	3700000	6.0
CM147321.1	3700000	3800000	4.0
CM147321.1	3800000	3900000	5.0
CM147321.1	3900000	4000000	8.0
CM147321.1	4000000	4100000	8.0
CM147321.1	4100000	4200000	3.0
CM147321.1	4200000	4300000	3.0
CM147321.1	4300000	4400000	6.0
CM147321.1	4400000	4500000	11.0
CM147321.1	4500000	4600000	6.0
CM147321.1	4600000	4700000	5.0
CM147321.1	4700000	4800000	4.0
CM147321.1	4800000	4900000	2.0
CM147321.1	4900000	5000000	10.0
CM147321.1	5000000	5100000	2.0
CM147321.1	5100000	5200000	4.0
CM147321.1	5200000	5300000	3.0
CM147321.1	5300000	5400000	5.0
CM147321.1	5600000	5700000	8.0
CM147321.1	5900000	6000000	1.0
CM147321.1	6000000	6100000	3.0
CM147321.1	6100000	6200000	5.0
CM147321.1	6200000	6300000	1.0
CM147321.1	6400000	6500000	2.0
CM147321.1	6500000	6600000	8.0
CM147321.1	6600000	6700000	15.0
CM147321.1	6700000	6800000	5.0
CM147321.1	6800000	6900000	9.0
CM147321.1	6900000	7000000	7.0
CM147321.1	7000000	7100000	4.0
CM147321.1	7100000	7200000	4.0
CM147321.1	7200000	7300000	5.0
CM147321.1	7300000	7400000	4.0
CM147321.1	7400000	7500000	7.0
CM147321.1	7500000	7600000	5.0
CM147321.1	7600000	7700000	14.0
CM147321.1	7700000	7800000	8.0
CM147321.1	7800000	7900000	3.0
CM147321.1	7900000	8000000	4.0
CM147321.1	8000000	8100000	8.0
CM147321.1	8100000	8200000	4.0
CM147321.1	8200000	8300000	4.0
CM147321.1	8300000	8400000	1.0
CM147321.1	8400000	8500000	2.0
CM147321.1	8500000	8600000	5.0
CM147321.1	8600000	8700000	1.0
CM147321.1	8700000	8800000	5.0
CM147321.1	8800000	8900000	7.0
CM147321.1	8900000	9000000	6.0
CM147321.1	9000000	9100000	2.0
CM147321.1	9100000	9200000	8.0
CM147321.1	9300000	9400000	1.0
CM147321.1	9500000	9600000	1.0
CM147321.1	9600000	9700000	7.0
CM147321.1	9700000	9800000	6.0
CM147321.1	9800000	9900000	14.0
CM147321.1	9900000	10000000	2.0
CM147321.1	10000000	10100000	1.0
CM147321.1	10100000	10200000	1.0
CM147321.1	10200000	10300000	1.0
CM147321.1	10300000	10400000	3.0
CM147321.1	10700000	10800000	1.0
CM147321.1	10800000	10900000	1.0
CM147321.1	11100000	11200000	8.0
CM147321.1	11200000	11300000	1.0
CM147321.1	11300000	11400000	4.0
CM147321.1	11400000	11500000	1.0
CM147321.1	11500000	11600000	2.0
CM147321.1	11600000	11700000	8.0
CM147321.1	11700000	11800000	5.0
CM147321.1	11800000	11900000	6.0
CM147321.1	11900000	12000000	5.0
CM147321.1	12000000	12100000	6.0
CM147321.1	12100000	12200000	6.0
CM147321.1	12200000	12300000	2.0
CM147321.1	12300000	12400000	2.0
CM147321.1	12400000	12500000	1.0
CM147321.1	12500000	12600000	1.0
CM147321.1	12600000	12700000	1.0
CM147321.1	12700000	12800000	3.0
CM147321.1	12800000	12900000	1.0
CM147321.1	12900000	13000000	14.0
CM147321.1	13100000	13200000	1.0
CM147321.1	13300000	13400000	1.0
CM147321.1	13400000	13500000	2.0
CM147321.1	13500000	13600000	4.0
CM147321.1	13600000	13700000	1.0
CM147321.1	13800000	13900000	1.0
CM147321.1	14000000	14100000	5.0
CM147321.1	14100000	14200000	2.0
CM147321.1	14200000	14300000	7.0
CM147321.1	14300000	14400000	6.0
CM147321.1	14400000	14500000	5.0
CM147321.1	14500000	14600000	4.0
CM147321.1	14600000	14700000	8.0
CM147321.1	14700000	14800000	7.0
CM147321.1	14800000	14900000	9.0
CM147321.1	14900000	15000000	7.0
CM147321.1	15000000	15100000	7.0
CM147321.1	15100000	15200000	13.0
CM147321.1	15200000	15300000	7.0
CM147321.1	15300000	15400000	11.0
CM147321.1	15400000	15500000	6.0
CM147321.1	15500000	15600000	6.0
CM147321.1	15600000	15700000	7.0
CM147321.1	15700000	15800000	2.0
CM147321.1	15800000	15900000	1.0
CM147321.1	15900000	16000000	6.0
CM147321.1	16000000	16100000	7.0
CM147321.1	16100000	16200000	2.0
CM147321.1	16200000	16300000	3.0
CM147321.1	16300000	16400000	1.0
CM147321.1	16400000	16500000	12.0
CM147321.1	16500000	16600000	4.0
CM147321.1	16600000	16700000	12.0
CM147321.1	16700000	16800000	7.0
CM147321.1	16800000	16900000	1.0
CM147321.1	16900000	17000000	3.0
CM147321.1	17000000	17100000	2.0
CM147321.1	17100000	17200000	6.0
CM147321.1	17200000	17300000	5.0
CM147321.1	17300000	17400000	1.0
CM147321.1	17400000	17500000	1.0
CM147321.1	17500000	17600000	7.0
CM147321.1	17600000	17700000	3.0
CM147321.1	17700000	17800000	4.0
CM147321.1	17800000	17900000	3.0
CM147321.1	18100000	18200000	4.0
CM147321.1	18200000	18300000	3.0
CM147321.1	18300000	18400000	1.0
CM147321.1	18500000	18600000	2.0
CM147321.1	18600000	18700000	1.0
CM147321.1	18900000	19000000	1.0
CM147321.1	19100000	19200000	1.0
CM147321.1	19300000	19400000	1.0
CM147321.1	19400000	19500000	1.0
CM147321.1	19500000	19600000	2.0
CM147321.1	19700000	19800000	1.0
CM147321.1	19900000	20000000	1.0
CM147321.1	20500000	20600000	1.0
CM147321.1	20800000	20900000	1.0
CM147321.1	20900000	21000000	3.0
CM147321.1	21100000	21200000	1.0
CM147321.1	21200000	21300000	1.0
CM147321.1	21300000	21400000	1.0
CM147321.1	21400000	21500000	1.0
CM147321.1	21500000	21600000	1.0
CM147321.1	21600000	21700000	1.0
CM147321.1	21700000	21800000	3.0
CM147321.1	21800000	21900000	1.0
CM147321.1	22000000	22100000	1.0
CM147321.1	22100000	22200000	1.0
CM147321.1	22300000	22400000	1.0
CM147321.1	22400000	22500000	1.0
CM147321.1	22500000	22600000	1.0
CM147321.1	22600000	22700000	2.0
CM147321.1	22700000	22800000	1.0
CM147321.1	22800000	22900000	1.0
CM147321.1	22900000	23000000	1.0
CM147321.1	23100000	23200000	1.0
CM147321.1	23300000	23400000	2.0
CM147321.1	23600000	23700000	1.0
CM147321.1	23700000	23800000	1.0
CM147321.1	23800000	23900000	1.0
CM147321.1	23900000	24000000	1.0
CM147321.1	24300000	24400000	2.0
CM147321.1	24400000	24500000	3.0
CM147321.1	24500000	24600000	4.0
CM147321.1	24600000	24700000	1.0
CM147321.1	24700000	24800000	4.0
CM147321.1	24800000	24900000	1.0
CM147321.1	24900000	25000000	4.0
CM147321.1	25000000	25100000	2.0
CM147321.1	25200000	25300000	2.0
CM147321.1	25400000	25500000	3.0
CM147321.1	26000000	26100000	1.0
CM147321.1	26400000	26500000	1.0
CM147321.1	26600000	26700000	1.0
CM147321.1	26700000	26800000	1.0
CM147321.1	26800000	26900000	1.0
CM147321.1	27000000	27100000	1.0
CM147321.1	27200000	27300000	1.0
CM147321.1	27400000	27500000	1.0
CM147321.1	27500000	27600000	1.0
CM147321.1	27600000	27700000	2.0
CM147321.1	28100000	28200000	1.0
CM147321.1	28200000	28300000	1.0
CM147321.1	28400000	28500000	1.0
CM147321.1	28600000	28700000	1.0
CM147321.1	28800000	28900000	1.0
CM147321.1	28900000	29000000	1.0
CM147321.1	29200000	29300000	2.0
CM147321.1	29300000	29400000	1.0
CM147321.1	29400000	29500000	1.0
CM147321.1	29700000	29800000	1.0
CM147321.1	29800000	29900000	1.0
CM147321.1	30200000	30300000	1.0
CM147321.1	30500000	30600000	1.0
CM147321.1	31300000	31400000	1.0
CM147321.1	31400000	31500000	1.0
CM147321.1	31500000	31600000	1.0
CM147321.1	31800000	31900000	1.0
CM147321.1	31900000	32000000	1.0
CM147321.1	32000000	32100000	1.0
CM147321.1	32200000	32300000	1.0
CM147321.1	32900000	33000000	2.0
CM147321.1	33400000	33500000	3.0
CM147321.1	33900000	34000000	1.0
CM147321.1	34000000	34100000	1.0
CM147321.1	34300000	34400000	3.0
CM147321.1	34700000	34800000	1.0
CM147321.1	34800000	34900000	1.0
CM147321.1	35700000	35800000	2.0
CM147321.1	35800000	35900000	1.0
CM147321.1	36000000	36100000	2.0
CM147321.1	36400000	36500000	1.0
CM147321.1	36600000	36700000	1.0
CM147321.1	37200000	37300000	1.0
CM147321.1	37400000	37500000	7.0
CM147321.1	37500000	37600000	7.0
CM147321.1	37800000	37900000	1.0
CM147321.1	37900000	38000000	2.0
CM147321.1	38300000	38400000	3.0
CM147321.1	38400000	38500000	2.0
CM147321.1	38600000	38700000	1.0
CM147321.1	38800000	38900000	1.0
CM147321.1	39100000	39200000	2.0
CM147321.1	39200000	39300000	1.0
CM147321.1	39400000	39500000	2.0
CM147321.1	39600000	39700000	1.0
CM147321.1	39800000	39900000	1.0
CM147321.1	39900000	40000000	1.0
CM147321.1	40000000	40100000	1.0
CM147321.1	40100000	40200000	2.0
CM147321.1	40700000	40800000	1.0
CM147321.1	41100000	41200000	1.0
CM147321.1	41200000	41300000	2.0
CM147321.1	41400000	41500000	1.0
CM147321.1	41500000	41600000	4.0
CM147321.1	42000000	42100000	2.0
CM147321.1	42100000	42200000	3.0
CM147321.1	42900000	43000000	2.0
CM147321.1	43000000	43100000	1.0
CM147321.1	43200000	43300000	1.0
CM147321.1	43400000	43500000	1.0
CM147321.1	44000000	44100000	5.0
CM147321.1	44100000	44200000	3.0
CM147321.1	44200000	44300000	2.0
CM147321.1	44300000	44400000	2.0
CM147321.1	44400000	44500000	4.0
CM147321.1	44500000	44600000	2.0
CM147321.1	44600000	44700000	1.0
CM147321.1	44700000	44800000	1.0
CM147321.1	45500000	45600000	2.0
CM147321.1	46500000	46600000	1.0
CM147321.1	47300000	47400000	4.0
CM147321.1	47400000	47500000	4.0
CM147321.1	47500000	47600000	1.0
CM147321.1	48000000	48100000	1.0
CM147321.1	48400000	48500000	1.0
CM147321.1	48600000	48700000	5.0
CM147321.1	48800000	48900000	1.0
CM147321.1	49400000	49500000	1.0
CM147321.1	49900000	50000000	2.0
CM147321.1	50000000	50100000	1.0
CM147321.1	50100000	50200000	1.0
CM147321.1	50200000	50300000	2.0
CM147321.1	50500000	50600000	1.0
CM147321.1	50700000	50800000	1.0
CM147321.1	51000000	51100000	1.0
CM147321.1	51100000	51200000	1.0
CM147321.1	51200000	51300000	1.0
CM147321.1	51300000	51400000	1.0
CM147321.1	51400000	51500000	2.0
CM147321.1	52400000	52500000	1.0
CM147321.1	52600000	52700000	1.0
CM147321.1	52700000	52800000	3.0
CM147321.1	52900000	53000000	1.0
CM147321.1	53000000	53100000	1.0
CM147321.1	53200000	53300000	1.0
CM147321.1	53300000	53400000	1.0
CM147321.1	53400000	53500000	1.0
CM147321.1	53600000	53700000	2.0
CM147321.1	54100000	54200000	2.0
CM147321.1	54200000	54300000	1.0
CM147321.1	56000000	56100000	1.0
CM147321.1	56400000	56500000	1.0
CM147321.1	57600000	57700000	2.0
CM147321.1	57700000	57800000	1.0
CM147321.1	57800000	57900000	2.0
CM147321.1	58600000	58700000	1.0
CM147321.1	58900000	59000000	5.0
CM147321.1	59000000	59100000	1.0
CM147321.1	59700000	59800000	3.0
CM147321.1	59900000	60000000	2.0
CM147321.1	60000000	60100000	3.0
CM147321.1	60100000	60200000	4.0
CM147321.1	60200000	60300000	3.0
CM147321.1	60300000	60400000	7.0
CM147321.1	60400000	60500000	3.0
CM147321.1	60500000	60600000	3.0
CM147321.1	60600000	60700000	2.0
CM147321.1	60700000	60800000	4.0
CM147321.1	60800000	60900000	1.0
CM147321.1	61000000	61100000	3.0
CM147321.1	61100000	61200000	2.0
CM147321.1	61300000	61400000	3.0
CM147321.1	61400000	61500000	1.0
CM147321.1	61500000	61600000	1.0
CM147321.1	61600000	61700000	1.0
CM147321.1	61700000	61800000	2.0
CM147321.1	61800000	61900000	1.0
CM147321.1	61900000	62000000	1.0
CM147321.1	62100000	62200000	3.0
CM147321.1	62200000	62300000	3.0
CM147321.1	62500000	62600000	4.0
CM147321.1	62800000	62900000	1.0
CM147321.1	63400000	63500000	1.0
CM147321.1	63500000	63600000	2.0
CM147321.1	63600000	63700000	2.0
CM147321.1	63700000	63800000	1.0
CM147321.1	63800000	63900000	1.0
CM147321.1	63900000	64000000	1.0
CM147321.1	64000000	64100000	1.0
CM147321.1	64100000	64200000	3.0
CM147321.1	64200000	64300000	3.0
CM147321.1	64400000	64500000	3.0
CM147321.1	65100000	65200000	1.0
CM147321.1	65200000	65300000	1.0
CM147321.1	65600000	65700000	1.0
CM147321.1	66000000	66100000	1.0
CM147321.1	66700000	66800000	2.0
CM147321.1	67900000	68000000	4.0
CM147321.1	68400000	68500000	1.0
CM147321.1	68500000	68600000	1.0
CM147321.1	68700000	68800000	1.0
CM147321.1	68900000	69000000	1.0
CM147321.1	69000000	69100000	1.0
CM147321.1	69600000	69700000	1.0
CM147321.1	71300000	71400000	1.0
CM147321.1	71400000	71500000	3.0
CM147321.1	71500000	71600000	1.0
CM147321.1	71900000	72000000	2.0
CM147321.1	72000000	72100000	1.0
CM147321.1	72200000	72300000	1.0
CM147321.1	72300000	72400000	1.0
CM147321.1	72400000	72500000	1.0
CM147321.1	72500000	72600000	1.0
CM147321.1	72700000	72800000	1.0
CM147321.1	72900000	73000000	2.0
CM147321.1	73000000	73100000	3.0
CM147321.1	73100000	73200000	1.0
CM147321.1	73400000	73500000	1.0
CM147321.1	73500000	73600000	1.0
CM147321.1	73600000	73700000	3.0
CM147321.1	73700000	73800000	8.0
CM147321.1	73800000	73900000	2.0
CM147321.1	74200000	74300000	1.0
CM147321.1	74700000	74800000	4.0
CM147321.1	74800000	74900000	1.0
CM147321.1	74900000	75000000	2.0
CM147321.1	75000000	75100000	1.0
CM147321.1	75100000	75200000	1.0
CM147321.1	75300000	75400000	1.0
CM147321.1	75400000	75500000	1.0
CM147321.1	75500000	75600000	1.0
CM147321.1	75600000	75700000	1.0
CM147321.1	75800000	75900000	1.0
CM147321.1	75900000	76000000	1.0
CM147321.1	76000000	76100000	3.0
CM147321.1	76300000	76400000	1.0
CM147321.1	76400000	76500000	1.0
CM147321.1	76500000	76600000	1.0
CM147321.1	76600000	76700000	2.0
CM147321.1	76700000	76800000	1.0
CM147321.1	76900000	77000000	1.0
CM147321.1	77300000	77400000	1.0
CM147321.1	77400000	77500000	1.0
CM147321.1	78000000	78100000	2.0
CM147321.1	78200000	78300000	1.0
CM147321.1	79000000	79100000	4.0
CM147321.1	79300000	79400000	2.0
CM147321.1	79500000	79600000	1.0
CM147321.1	80200000	80300000	1.0
CM147321.1	80300000	80400000	5.0
CM147321.1	80400000	80500000	2.0
CM147321.1	80800000	80900000	1.0
CM147321.1	81200000	81300000	1.0
CM147321.1	81500000	81600000	2.0
CM147321.1	81600000	81700000	2.0
CM147321.1	81700000	81800000	1.0
CM147321.1	81800000	81900000	2.0
CM147321.1	81900000	82000000	3.0
CM147321.1	82000000	82100000	2.0
CM147321.1	82200000	82300000	1.0
CM147321.1	82400000	82500000	2.0
CM147321.1	82500000	82600000	2.0
CM147321.1	82600000	82700000	1.0
CM147321.1	82800000	82900000	1.0
CM147321.1	83000000	83100000	1.0
CM147321.1	83100000	83200000	1.0
CM147321.1	83200000	83300000	7.0
CM147321.1	83300000	83400000	3.0
CM147321.1	83400000	83500000	1.0
CM147321.1	83500000	83600000	2.0
CM147321.1	83600000	83700000	1.0
CM147321.1	83700000	83800000	6.0
CM147321.1	83900000	84000000	1.0
CM147321.1	84000000	84100000	1.0
CM147321.1	84500000	84600000	1.0
CM147321.1	85400000	85500000	2.0
CM147321.1	85700000	85800000	1.0
CM147321.1	85900000	86000000	1.0
CM147321.1	86100000	86200000	1.0
CM147321.1	86400000	86500000	1.0
CM147321.1	86600000	86700000	3.0
CM147321.1	86900000	87000000	1.0
CM147321.1	87000000	87100000	1.0
CM147321.1	87300000	87400000	3.0
CM147321.1	87400000	87500000	1.0
CM147321.1	87500000	87600000	1.0
CM147321.1	87700000	87800000	1.0
CM147321.1	87900000	88000000	2.0
CM147321.1	88600000	88700000	2.0
CM147321.1	88700000	88800000	7.0
CM147321.1	88800000	88900000	5.0
CM147321.1	88900000	89000000	4.0
CM147321.1	89000000	89100000	4.0
CM147321.1	89100000	89200000	7.0
CM147321.1	89200000	89300000	10.0
CM147321.1	89300000	89400000	12.0
CM147321.1	89400000	89500000	2.0
CM147321.1	89700000	89800000	1.0
CM147321.1	89800000	89900000	6.0
CM147321.1	89900000	90000000	1.0
CM147321.1	90000000	90100000	1.0
CM147321.1	90100000	90200000	2.0
CM147321.1	90200000	90300000	3.0
CM147321.1	90300000	90400000	6.0
CM147321.1	90400000	90500000	6.0
CM147321.1	90500000	90600000	1.0
CM147321.1	90600000	90700000	4.0
CM147321.1	90700000	90800000	8.0
CM147321.1	90800000	90900000	14.0
CM147321.1	90900000	91000000	1.0
CM147321.1	91000000	91100000	12.0
CM147321.1	91100000	91200000	10.0
CM147321.1	91200000	91300000	8.0
CM147321.1	91300000	91400000	7.0
CM147321.1	91400000	91500000	8.0
CM147321.1	91500000	91600000	9.0
CM147321.1	91600000	91700000	13.0
CM147321.1	91700000	91800000	9.0
CM147321.1	91800000	91900000	6.0
CM147321.1	91900000	92000000	14.0
CM147321.1	92000000	92100000	10.0
CM147321.1	92100000	92200000	12.0
CM147321.1	92200000	92300000	19.0
CM147321.1	92300000	92400000	9.0
CM147321.1	92400000	92500000	5.0
CM147321.1	92500000	92600000	11.0
CM147321.1	92600000	92700000	13.0
CM147321.1	92700000	92800000	3.0
CM147321.1	92800000	92900000	19.0
CM147321.1	92900000	93000000	13.0
CM147321.1	93000000	93100000	5.0
CM147321.1	93100000	93200000	16.0
CM147321.1	93200000	93300000	4.0
CM147321.1	93300000	93400000	3.0
CM147321.1	93400000	93500000	9.0
CM147321.1	93500000	93600000	1.0
CM147321.1	93700000	93800000	1.0
CM147321.1	93800000	93900000	1.0
CM147321.1	94000000	94100000	2.0
CM147321.1	94100000	94200000	1.0
CM147321.1	94200000	94300000	2.0
CM147321.1	94300000	94400000	5.0
CM147321.1	94400000	94500000	14.0
CM147321.1	94500000	94600000	11.0
CM147321.1	94600000	94700000	3.0
CM147321.1	94700000	94800000	11.0
CM147321.1	94800000	94900000	10.0
CM147321.1	94900000	95000000	1.0
CM147321.1	95000000	95100000	11.0
CM147321.1	95100000	95200000	14.0
CM147321.1	95200000	95300000	9.0
CM147321.1	95300000	95400000	1.0
CM147321.1	95400000	95500000	1.0
CM147321.1	95600000	95700000	1.0
CM147321.1	95700000	95800000	4.0
CM147321.1	95900000	96000000	3.0
CM147321.1	96000000	96100000	10.0
CM147321.1	96100000	96200000	12.0
CM147321.1	96200000	96300000	8.0
CM147321.1	96300000	96400000	8.0
CM147321.1	96400000	96500000	7.0
CM147321.1	96500000	96600000	3.0
CM147321.1	96700000	96800000	1.0
CM147321.1	96800000	96900000	5.0
CM147321.1	96900000	97000000	2.0
CM147321.1	97300000	97400000	5.0
CM147321.1	97400000	97500000	10.0
CM147321.1	97500000	97600000	9.0
CM147321.1	97600000	97700000	11.0
CM147321.1	97700000	97800000	4.0
CM147321.1	97800000	97900000	18.0
CM147321.1	97900000	98000000	9.0
CM147321.1	98000000	98100000	5.0
CM147321.1	98100000	98200000	8.0
CM147321.1	98200000	98300000	11.0
CM147321.1	98300000	98400000	3.0
CM147321.1	98400000	98500000	3.0
CM147321.1	98500000	98600000	8.0
CM147321.1	98600000	98700000	10.0
CM147321.1	98700000	98800000	7.0
CM147321.1	98800000	98900000	15.0
CM147321.1	98900000	99000000	12.0
CM147321.1	99000000	99100000	14.0
CM147321.1	99100000	99200000	6.0
CM147321.1	99200000	99300000	8.0
CM147321.1	99300000	99400000	11.0
CM147321.1	99400000	99500000	8.0
CM147321.1	99500000	99600000	8.0
CM147321.1	99600000	99700000	3.0
CM147321.1	99700000	99800000	1.0
CM147321.1	99800000	99900000	2.0
CM147321.1	99900000	100000000	10.0
CM147321.1	100200000	100300000	2.0
CM147321.1	100300000	100400000	1.0
CM147321.1	100400000	100500000	5.0
CM147321.1	100500000	100600000	1.0
CM147321.1	100600000	100700000	2.0
CM147321.1	100700000	100800000	1.0
CM147321.1	100800000	100900000	1.0
CM147321.1	101100000	101200000	5.0
CM147321.1	101200000	101300000	2.0
CM147321.1	101600000	101700000	1.0
CM147321.1	102200000	102300000	1.0
CM147321.1	102500000	102600000	1.0
CM147321.1	102600000	102700000	1.0
CM147321.1	102700000	102800000	2.0
CM147321.1	102800000	102900000	2.0
CM147321.1	102900000	103000000	1.0
CM147321.1	103000000	103100000	1.0
CM147321.1	103200000	103300000	1.0
CM147321.1	103300000	103400000	1.0
CM147321.1	103400000	103500000	2.0
CM147321.1	103500000	103600000	1.0
CM147321.1	103600000	103700000	1.0
CM147321.1	104000000	104100000	1.0
CM147321.1	104100000	104200000	1.0
CM147321.1	104600000	104700000	2.0
CM147321.1	104700000	104800000	1.0
CM147321.1	105100000	105200000	2.0
CM147321.1	105300000	105400000	1.0
CM147321.1	105400000	105500000	1.0
CM147321.1	106000000	106100000	1.0
CM147321.1	107200000	107300000	1.0
CM147321.1	107800000	107900000	1.0
CM147321.1	108300000	108400000	1.0
CM147321.1	108800000	108900000	1.0
CM147321.1	109100000	109200000	2.0
CM147321.1	109200000	109300000	1.0
CM147321.1	109400000	109500000	1.0
CM147321.1	109500000	109600000	2.0
CM147321.1	109700000	109800000	1.0
CM147321.1	109800000	109900000	2.0
CM147321.1	109900000	110000000	1.0
CM147321.1	110200000	110300000	1.0
CM147321.1	110300000	110400000	1.0
CM147321.1	110500000	110600000	1.0
CM147321.1	110800000	110900000	1.0
CM147321.1	111300000	111400000	1.0
CM147321.1	111400000	111500000	1.0
CM147321.1	112200000	112300000	1.0
CM147321.1	112600000	112700000	1.0
CM147321.1	113100000	113200000	1.0
CM147321.1	113200000	113300000	1.0
CM147321.1	113500000	113600000	1.0
CM147321.1	113900000	114000000	2.0
CM147321.1	114000000	114100000	1.0
CM147321.1	114200000	114300000	2.0
CM147321.1	115300000	115400000	1.0
CM147321.1	115800000	115900000	1.0
CM147321.1	116000000	116100000	1.0
CM147321.1	116400000	116500000	2.0
CM147321.1	116700000	116800000	1.0
CM147321.1	116900000	117000000	1.0
CM147321.1	117100000	117200000	1.0
CM147321.1	117200000	117300000	1.0
CM147321.1	117500000	117600000	1.0
CM147321.1	117600000	117700000	1.0
CM147321.1	117700000	117800000	6.0
CM147321.1	117800000	117900000	1.0
CM147321.1	118600000	118700000	1.0
CM147321.1	119000000	119100000	1.0
CM147321.1	119200000	119300000	1.0
CM147321.1	119800000	119900000	2.0
CM147321.1	119900000	120000000	2.0
CM147321.1	120000000	120100000	1.0
CM147321.1	120200000	120300000	1.0
CM147321.1	121100000	121200000	1.0
CM147321.1	121200000	121300000	1.0
CM147321.1	121500000	121600000	1.0
CM147321.1	121800000	121900000	2.0
CM147321.1	121900000	122000000	1.0
CM147321.1	122000000	122100000	2.0
CM147321.1	122100000	122200000	1.0
CM147321.1	122500000	122600000	1.0
CM147321.1	122700000	122800000	2.0
CM147321.1	122800000	122900000	2.0
CM147321.1	123000000	123100000	1.0
CM147321.1	123100000	123200000	1.0
CM147321.1	123200000	123300000	1.0
CM147321.1	123400000	123500000	1.0
CM147321.1	123600000	123700000	1.0
CM147321.1	123700000	123800000	2.0
CM147321.1	123800000	123900000	1.0
CM147321.1	124100000	124200000	3.0
CM147321.1	124200000	124300000	2.0
CM147321.1	124300000	124400000	2.0
CM147321.1	124400000	124500000	5.0
CM147321.1	124500000	124600000	5.0
CM147321.1	124600000	124700000	11.0
CM147321.1	124700000	124800000	3.0
CM147321.1	124800000	124900000	1.0
CM147321.1	124900000	125000000	2.0
CM147321.1	125200000	125300000	1.0
CM147321.1	125300000	125400000	1.0
CM147321.1	125700000	125800000	1.0
CM147321.1	126400000	126500000	1.0
CM147321.1	126500000	126600000	1.0
CM147321.1	126700000	126800000	1.0
CM147321.1	126800000	126900000	2.0
CM147321.1	126900000	127000000	1.0
CM147321.1	127000000	127100000	1.0
CM147321.1	127200000	127300000	1.0
CM147321.1	127300000	127400000	2.0
CM147321.1	127400000	127500000	3.0
CM147321.1	127500000	127600000	2.0
CM147321.1	127600000	127700000	4.0
CM147321.1	127700000	127800000	1.0
CM147321.1	127800000	127900000	1.0
CM147321.1	128000000	128100000	1.0
CM147321.1	128100000	128200000	1.0
CM147321.1	128200000	128300000	1.0
CM147321.1	128500000	128600000	2.0
CM147321.1	128700000	128800000	1.0
CM147321.1	128800000	128900000	3.0
CM147321.1	128900000	129000000	7.0
CM147321.1	129000000	129100000	6.0
CM147321.1	129100000	129200000	5.0
CM147321.1	129200000	129300000	5.0
CM147321.1	129300000	129400000	2.0
CM147321.1	129400000	129500000	7.0
CM147321.1	129500000	129600000	5.0
CM147321.1	129600000	129700000	1.0
CM147321.1	129700000	129800000	6.0
CM147321.1	129800000	129900000	6.0
CM147321.1	129900000	130000000	3.0
CM147321.1	130000000	130100000	1.0
CM147321.1	130100000	130200000	7.0
CM147321.1	130200000	130300000	1.0
CM147321.1	130300000	130400000	1.0
CM147321.1	130400000	130500000	1.0
CM147321.1	130500000	130600000	2.0
CM147321.1	130600000	130700000	7.0
CM147321.1	130700000	130800000	8.0
CM147321.1	130800000	130900000	11.0
CM147321.1	130900000	131000000	16.0
CM147321.1	131000000	131100000	12.0
CM147321.1	131100000	131200000	6.0
CM147321.1	131200000	131300000	10.0
CM147321.1	131300000	131400000	7.0
CM147321.1	131400000	131500000	15.0
CM147321.1	131500000	131600000	13.0
CM147321.1	131600000	131700000	1.0
CM147321.1	131700000	131800000	10.0
CM147321.1	131900000	132000000	1.0
CM147321.1	132000000	132100000	2.0
CM147321.1	132100000	132200000	7.0
CM147321.1	132200000	132300000	6.0
CM147321.1	132300000	132400000	11.0
CM147321.1	132400000	132500000	10.0
CM147321.1	132500000	132600000	13.0
CM147321.1	132600000	132700000	14.0
CM147321.1	132700000	132800000	8.0
CM147321.1	132800000	132900000	11.0
CM147321.1	132900000	133000000	4.0
CM147321.1	133000000	133100000	15.0
CM147321.1	133100000	133200000	13.0
CM147321.1	133200000	133300000	4.0
CM147321.1	133300000	133400000	3.0
CM147321.1	133400000	133500000	7.0
CM147321.1	133500000	133600000	2.0
CM147321.1	133600000	133700000	8.0
CM147321.1	133700000	133800000	13.0
CM147321.1	133800000	133900000	14.0
CM147321.1	133900000	134000000	11.0
CM147321.1	134000000	134100000	11.0
CM147321.1	134100000	134200000	13.0
CM147321.1	134200000	134300000	18.0
CM147321.1	134300000	134400000	13.0
CM147321.1	134400000	134500000	19.0
CM147321.1	134500000	134600000	10.0
CM147321.1	134600000	134700000	16.0
CM147321.1	134700000	134800000	16.0
CM147321.1	134800000	134900000	15.0
CM147321.1	134900000	135000000	4.0
CM147321.1	135000000	135100000	1.0
CM147321.1	135100000	135200000	3.0
CM147321.1	135200000	135300000	11.0
CM147321.1	135300000	135400000	2.0
CM147321.1	135400000	135500000	1.0
CM147321.1	135500000	135600000	7.0
CM147321.1	135600000	135700000	2.0
CM147321.1	135700000	135800000	6.0
CM147321.1	135800000	135900000	2.0
CM147321.1	135900000	136000000	2.0
CM147321.1	136000000	136100000	1.0
CM147321.1	136100000	136200000	2.0
CM147321.1	136200000	136300000	4.0
CM147321.1	136300000	136400000	15.0
CM147321.1	136400000	136500000	2.0
CM147321.1	136500000	136600000	10.0
CM147321.1	136600000	136700000	5.0
CM147321.1	136700000	136800000	14.0
CM147321.1	136800000	136900000	11.0
CM147321.1	136900000	137000000	9.0
CM147321.1	137000000	137100000	9.0
CM147321.1	137100000	137200000	16.0
CM147321.1	137200000	137300000	9.0
CM147321.1	137300000	137400000	10.0
CM147321.1	137400000	137500000	11.0
CM147321.1	137500000	137600000	4.0
CM147321.1	137600000	137700000	10.0
CM147321.1	137700000	137800000	9.0
CM147321.1	137800000	137900000	8.0
CM147321.1	137900000	138000000	8.0
CM147321.1	138000000	138100000	8.0
CM147321.1	138100000	138200000	4.0
CM147321.1	138200000	138300000	6.0
CM147321.1	138300000	138400000	14.0
CM147321.1	138400000	138500000	25.0
CM147321.1	138500000	138600000	10.0
CM147321.1	138600000	138700000	2.0
CM147321.1	138700000	138800000	5.0
CM147321.1	138800000	138900000	6.0
CM147321.1	138900000	139000000	2.0
CM147321.1	139600000	139700000	3.0
CM147321.1	139900000	140000000	1.0
CM147321.1	140000000	140100000	1.0
CM147321.1	140200000	140300000	1.0
CM147321.1	140300000	140400000	2.0
CM147321.1	140500000	140600000	6.0
CM147321.1	140600000	140700000	2.0
CM147321.1	140700000	140800000	7.0
CM147321.1	140800000	140900000	1.0
CM147321.1	141100000	141200000	1.0
CM147321.1	141200000	141300000	2.0
CM147321.1	141300000	141400000	3.0
CM147321.1	141600000	141700000	1.0
CM147321.1	142200000	142300000	1.0
CM147321.1	142300000	142400000	1.0
CM147321.1	142400000	142500000	6.0
CM147321.1	142500000	142600000	1.0
CM147321.1	142600000	142700000	1.0
CM147321.1	142700000	142800000	2.0
CM147321.1	142800000	142900000	1.0
CM147321.1	143000000	143100000	1.0
CM147321.1	143100000	143200000	5.0
CM147321.1	143200000	143300000	2.0
CM147321.1	143300000	143400000	1.0
CM147321.1	143400000	143500000	5.0
CM147321.1	143500000	143600000	3.0
CM147321.1	143600000	143700000	1.0
CM147321.1	144400000	144500000	1.0
CM147321.1	144600000	144700000	1.0
CM147321.1	145000000	145100000	1.0
CM147321.1	145200000	145300000	3.0
CM147321.1	145500000	145600000	2.0
CM147321.1	145600000	145700000	2.0
CM147321.1	145800000	145900000	1.0
CM147321.1	145900000	146000000	2.0
CM147321.1	146000000	146100000	5.0
CM147321.1	146100000	146200000	6.0
CM147321.1	146200000	146300000	9.0
CM147321.1	146300000	146400000	8.0
CM147321.1	146400000	146500000	4.0
CM147321.1	146500000	146600000	3.0
CM147321.1	146600000	146700000	4.0
CM147321.1	146700000	146800000	7.0
CM147321.1	146800000	146900000	11.0
CM147321.1	146900000	147000000	2.0
CM147321.1	147000000	147100000	2.0
CM147321.1	147100000	147200000	1.0
CM147321.1	147300000	147400000	1.0
CM147321.1	147500000	147600000	1.0
CM147321.1	147900000	148000000	1.0
CM147321.1	148000000	148100000	1.0
CM147321.1	148200000	148300000	1.0
CM147321.1	148300000	148400000	2.0
CM147321.1	148400000	148500000	1.0
CM147321.1	148600000	148700000	1.0
CM147321.1	148700000	148800000	1.0
CM147321.1	149200000	149300000	1.0
CM147321.1	149300000	149400000	1.0
CM147321.1	149400000	149500000	1.0
CM147321.1	149900000	150000000	2.0
CM147321.1	150100000	150200000	1.0
CM147321.1	150200000	150300000	1.0
CM147321.1	150400000	150500000	1.0
CM147321.1	150500000	150600000	1.0
CM147321.1	150600000	150700000	2.0
CM147321.1	150700000	150800000	1.0
CM147321.1	150800000	150900000	1.0
CM147321.1	150900000	151000000	2.0
CM147321.1	151000000	151100000	2.0
CM147321.1	151400000	151500000	1.0
CM147321.1	151800000	151900000	1.0
CM147321.1	152100000	152200000	2.0
CM147321.1	152200000	152300000	2.0
CM147321.1	152300000	152400000	2.0
CM147321.1	152500000	152600000	2.0
CM147321.1	152600000	152700000	3.0
CM147321.1	152700000	152800000	5.0
CM147321.1	152800000	152900000	1.0
CM147321.1	152900000	153000000	4.0
CM147321.1	153000000	153100000	17.0
CM147321.1	153100000	153200000	9.0
CM147321.1	153200000	153300000	4.0
CM147321.1	153300000	153400000	15.0
CM147321.1	153400000	153500000	3.0
CM147321.1	153500000	153600000	8.0
CM147321.1	153600000	153700000	7.0
CM147321.1	153700000	153800000	1.0
CM147321.1	153800000	153900000	10.0
CM147321.1	153900000	154000000	13.0
CM147321.1	154000000	154100000	1.0
CM147321.1	154100000	154200000	5.0
CM147321.1	154200000	154300000	18.0
CM147321.1	154300000	154400000	2.0
CM147321.1	154400000	154500000	8.0
CM147321.1	154500000	154600000	2.0
CM147321.1	154600000	154700000	4.0
CM147321.1	154700000	154800000	7.0
CM147321.1	154800000	154900000	7.0
CM147321.1	154900000	155000000	4.0
CM147321.1	155300000	155400000	5.0
CM147321.1	155400000	155500000	5.0
CM147321.1	155500000	155600000	1.0
CM147321.1	155600000	155700000	5.0
CM147321.1	155700000	155800000	4.0
CM147321.1	155800000	155900000	6.0
CM147321.1	155900000	156000000	11.0
CM147321.1	156000000	156100000	16.0
CM147321.1	156100000	156200000	5.0
CM147321.1	156200000	156300000	1.0
CM147321.1	156400000	156500000	1.0
CM147321.1	156500000	156600000	9.0
CM147321.1	156600000	156700000	3.0
CM147321.1	156700000	156800000	16.0
CM147321.1	156800000	156900000	5.0
CM147321.1	156900000	157000000	2.0
CM147321.1	157000000	157100000	1.0
CM147321.1	157100000	157200000	8.0
CM147321.1	157200000	157300000	6.0
CM147321.1	157300000	157400000	1.0
CM147321.1	157400000	157500000	4.0
CM147321.1	157500000	157600000	10.0
CM147321.1	157600000	157700000	6.0
CM147321.1	157700000	157800000	12.0
CM147321.1	157800000	157900000	17.0
CM147321.1	157900000	158000000	4.0
CM147321.1	158000000	158100000	7.0
CM147321.1	158100000	158200000	21.0
CM147321.1	158200000	158300000	4.0
CM147321.1	158300000	158400000	7.0
CM147321.1	158400000	158500000	10.0
CM147321.1	158500000	158600000	14.0
CM147321.1	158600000	158700000	7.0
CM147321.1	158700000	158800000	2.0
CM147321.1	158800000	158900000	1.0
CM147321.1	158900000	159000000	1.0
CM147321.1	159000000	159100000	3.0
CM147321.1	159100000	159200000	3.0
CM147321.1	159200000	159300000	2.0
CM147321.1	159300000	159400000	4.0
CM147321.1	159400000	159500000	1.0
CM147321.1	159500000	159600000	2.0
CM147321.1	159600000	159700000	4.0
CM147321.1	159700000	159800000	1.0
CM147321.1	159900000	160000000	6.0
CM147321.1	160000000	160100000	10.0
CM147321.1	160100000	160200000	5.0
CM147321.1	160200000	160300000	9.0
CM147321.1	160300000	160400000	8.0
CM147321.1	160400000	160500000	18.0
CM147321.1	160500000	160600000	17.0
CM147321.1	160600000	160700000	14.0
CM147321.1	160700000	160800000	2.0
CM147321.1	160800000	160900000	4.0
CM147321.1	160900000	161000000	6.0
CM147321.1	161000000	161100000	11.0
CM147321.1	161100000	161200000	10.0
CM147321.1	161200000	161300000	11.0
CM147321.1	161300000	161400000	7.0
CM147321.1	161400000	161500000	17.0
CM147321.1	161500000	161600000	11.0
CM147321.1	161600000	161700000	7.0
CM147321.1	161800000	161900000	12.0
CM147321.1	161900000	162000000	12.0
CM147321.1	162000000	162100000	10.0
CM147321.1	162100000	162200000	7.0
CM147321.1	162200000	162300000	8.0
CM147321.1	162300000	162400000	6.0
CM147321.1	162400000	162500000	7.0
CM147321.1	162500000	162600000	2.0
CM147321.1	162600000	162700000	1.0
CM147321.1	162800000	162900000	1.0
CM147321.1	163000000	163100000	1.0
CM147321.1	163100000	163200000	2.0
CM147321.1	163200000	163300000	4.0
CM147321.1	163300000	163400000	9.0
CM147321.1	163400000	163500000	5.0
CM147321.1	163500000	163600000	12.0
CM147321.1	163600000	163700000	3.0
CM147321.1	163700000	163800000	1.0
CM147321.1	163800000	163900000	1.0
CM147321.1	163900000	164000000	7.0
CM147321.1	164000000	164100000	11.0
CM147321.1	164100000	164200000	4.0
CM147321.1	164200000	164264455	3.0
CM147322.1	100000	200000	2.0
CM147322.1	200000	300000	1.0
CM147322.1	300000	400000	2.0
CM147322.1	400000	500000	5.0
CM147322.1	500000	600000	8.0
CM147322.1	600000	700000	3.0
CM147322.1	700000	800000	1.0
CM147322.1	900000	1000000	4.0
CM147322.1	1000000	1100000	3.0
CM147322.1	1100000	1200000	1.0
CM147322.1	1200000	1300000	11.0
CM147322.1	1300000	1400000	15.0
CM147322.1	1400000	1500000	4.0
CM147322.1	1500000	1600000	7.0
CM147322.1	1600000	1700000	13.0
CM147322.1	1700000	1800000	6.0
CM147322.1	1800000	1900000	5.0
CM147322.1	1900000	2000000	5.0
CM147322.1	2000000	2100000	6.0
CM147322.1	2100000	2200000	4.0
CM147322.1	2200000	2300000	1.0
CM147322.1	2300000	2400000	3.0
CM147322.1	2400000	2500000	4.0
CM147322.1	2500000	2600000	6.0
CM147322.1	2600000	2700000	3.0
CM147322.1	2700000	2800000	6.0
CM147322.1	2800000	2900000	10.0
CM147322.1	2900000	3000000	6.0
CM147322.1	3000000	3100000	3.0
CM147322.1	3100000	3200000	6.0
CM147322.1	3200000	3300000	4.0
CM147322.1	3500000	3600000	2.0
CM147322.1	3600000	3700000	3.0
CM147322.1	3700000	3800000	5.0
CM147322.1	3800000	3900000	17.0
CM147322.1	3900000	4000000	3.0
CM147322.1	4000000	4100000	3.0
CM147322.1	4100000	4200000	7.0
CM147322.1	4200000	4300000	2.0
CM147322.1	4300000	4400000	4.0
CM147322.1	4400000	4500000	3.0
CM147322.1	4500000	4600000	1.0
CM147322.1	4600000	4700000	3.0
CM147322.1	4700000	4800000	5.0
CM147322.1	4800000	4900000	6.0
CM147322.1	4900000	5000000	4.0
CM147322.1	5000000	5100000	12.0
CM147322.1	5100000	5200000	4.0
CM147322.1	5200000	5300000	1.0
CM147322.1	5300000	5400000	2.0
CM147322.1	5400000	5500000	3.0
CM147322.1	5500000	5600000	4.0
CM147322.1	5600000	5700000	16.0
CM147322.1	5700000	5800000	10.0
CM147322.1	5800000	5900000	10.0
CM147322.1	5900000	6000000	1.0
CM147322.1	6200000	6300000	1.0
CM147322.1	6300000	6400000	6.0
CM147322.1	6400000	6500000	2.0
CM147322.1	6500000	6600000	2.0
CM147322.1	6600000	6700000	1.0
CM147322.1	6700000	6800000	2.0
CM147322.1	6800000	6900000	5.0
CM147322.1	6900000	7000000	1.0
CM147322.1	7400000	7500000	3.0
CM147322.1	7600000	7700000	5.0
CM147322.1	7700000	7800000	8.0
CM147322.1	7800000	7900000	3.0
CM147322.1	7900000	8000000	6.0
CM147322.1	8100000	8200000	1.0
CM147322.1	8200000	8300000	1.0
CM147322.1	8300000	8400000	2.0
CM147322.1	8400000	8500000	3.0
CM147322.1	8500000	8600000	2.0
CM147322.1	8800000	8900000	1.0
CM147322.1	8900000	9000000	5.0
CM147322.1	9000000	9100000	1.0
CM147322.1	9100000	9200000	1.0
CM147322.1	9200000	9300000	2.0
CM147322.1	9300000	9400000	2.0
CM147322.1	9400000	9500000	9.0
CM147322.1	9500000	9600000	11.0
CM147322.1	9600000	9700000	1.0
CM147322.1	9700000	9800000	2.0
CM147322.1	9800000	9900000	3.0
CM147322.1	9900000	10000000	8.0
CM147322.1	10000000	10100000	1.0
CM147322.1	10100000	10200000	2.0
CM147322.1	10200000	10300000	3.0
CM147322.1	10300000	10400000	5.0
CM147322.1	10400000	10500000	7.0
CM147322.1	10500000	10600000	2.0
CM147322.1	10600000	10700000	2.0
CM147322.1	10700000	10800000	1.0
CM147322.1	10800000	10900000	4.0
CM147322.1	10900000	11000000	1.0
CM147322.1	11000000	11100000	1.0
CM147322.1	11100000	11200000	1.0
CM147322.1	11200000	11300000	9.0
CM147322.1	11300000	11400000	10.0
CM147322.1	11400000	11500000	4.0
CM147322.1	11500000	11600000	7.0
CM147322.1	11600000	11700000	4.0
CM147322.1	11700000	11800000	1.0
CM147322.1	11800000	11900000	7.0
CM147322.1	11900000	12000000	2.0
CM147322.1	12000000	12100000	3.0
CM147322.1	12100000	12200000	4.0
CM147322.1	12200000	12300000	2.0
CM147322.1	12300000	12400000	5.0
CM147322.1	12400000	12500000	7.0
CM147322.1	12500000	12600000	6.0
CM147322.1	12600000	12700000	8.0
CM147322.1	12700000	12800000	4.0
CM147322.1	12800000	12900000	14.0
CM147322.1	12900000	13000000	9.0
CM147322.1	13000000	13100000	6.0
CM147322.1	13100000	13200000	6.0
CM147322.1	13200000	13300000	4.0
CM147322.1	13300000	13400000	2.0
CM147322.1	13400000	13500000	5.0
CM147322.1	13500000	13600000	6.0
CM147322.1	13600000	13700000	6.0
CM147322.1	13700000	13800000	3.0
CM147322.1	13800000	13900000	2.0
CM147322.1	13900000	14000000	2.0
CM147322.1	14000000	14100000	3.0
CM147322.1	14100000	14200000	5.0
CM147322.1	14200000	14300000	2.0
CM147322.1	14300000	14400000	1.0
CM147322.1	14400000	14500000	2.0
CM147322.1	14500000	14600000	2.0
CM147322.1	14600000	14700000	3.0
CM147322.1	14700000	14800000	3.0
CM147322.1	14800000	14900000	4.0
CM147322.1	14900000	15000000	5.0
CM147322.1	15000000	15100000	5.0
CM147322.1	15100000	15200000	5.0
CM147322.1	15200000	15300000	9.0
CM147322.1	15300000	15400000	4.0
CM147322.1	15400000	15500000	2.0
CM147322.1	15500000	15600000	6.0
CM147322.1	15600000	15700000	6.0
CM147322.1	15700000	15800000	3.0
CM147322.1	15800000	15900000	2.0
CM147322.1	15900000	16000000	1.0
CM147322.1	16000000	16100000	1.0
CM147322.1	16100000	16200000	1.0
CM147322.1	16200000	16300000	1.0
CM147322.1	16300000	16400000	5.0
CM147322.1	16400000	16500000	2.0
CM147322.1	16500000	16600000	3.0
CM147322.1	16600000	16700000	1.0
CM147322.1	16700000	16800000	11.0
CM147322.1	16800000	16900000	4.0
CM147322.1	17200000	17300000	5.0
CM147322.1	17300000	17400000	6.0
CM147322.1	17400000	17500000	2.0
CM147322.1	17500000	17600000	1.0
CM147322.1	17600000	17700000	1.0
CM147322.1	17700000	17800000	2.0
CM147322.1	17800000	17900000	4.0
CM147322.1	17900000	18000000	2.0
CM147322.1	18000000	18100000	1.0
CM147322.1	18100000	18200000	3.0
CM147322.1	18200000	18300000	2.0
CM147322.1	18300000	18400000	3.0
CM147322.1	18400000	18500000	8.0
CM147322.1	18500000	18600000	8.0
CM147322.1	18600000	18700000	3.0
CM147322.1	18700000	18800000	2.0
CM147322.1	18800000	18900000	8.0
CM147322.1	18900000	19000000	1.0
CM147322.1	19000000	19100000	4.0
CM147322.1	19100000	19200000	6.0
CM147322.1	19200000	19300000	4.0
CM147322.1	19300000	19400000	6.0
CM147322.1	19400000	19500000	5.0
CM147322.1	19500000	19600000	3.0
CM147322.1	19600000	19700000	3.0
CM147322.1	19700000	19800000	7.0
CM147322.1	19800000	19900000	2.0
CM147322.1	19900000	20000000	3.0
CM147322.1	20000000	20100000	12.0
CM147322.1	20100000	20200000	8.0
CM147322.1	20200000	20300000	5.0
CM147322.1	20300000	20400000	9.0
CM147322.1	20400000	20500000	3.0
CM147322.1	20500000	20600000	7.0
CM147322.1	20600000	20700000	2.0
CM147322.1	20700000	20800000	2.0
CM147322.1	20800000	20900000	1.0
CM147322.1	20900000	21000000	1.0
CM147322.1	21100000	21200000	1.0
CM147322.1	21300000	21400000	3.0
CM147322.1	21400000	21500000	5.0
CM147322.1	21500000	21600000	4.0
CM147322.1	21600000	21700000	1.0
CM147322.1	21700000	21800000	1.0
CM147322.1	21800000	21900000	1.0
CM147322.1	21900000	22000000	3.0
CM147322.1	22000000	22100000	7.0
CM147322.1	22100000	22200000	7.0
CM147322.1	22200000	22300000	1.0
CM147322.1	22300000	22400000	5.0
CM147322.1	22400000	22500000	8.0
CM147322.1	22500000	22600000	7.0
CM147322.1	22600000	22700000	2.0
CM147322.1	22700000	22800000	4.0
CM147322.1	22800000	22900000	8.0
CM147322.1	22900000	23000000	9.0
CM147322.1	23000000	23100000	8.0
CM147322.1	23200000	23300000	5.0
CM147322.1	23300000	23400000	3.0
CM147322.1	23400000	23500000	1.0
CM147322.1	23500000	23600000	1.0
CM147322.1	23600000	23700000	1.0
CM147322.1	23700000	23800000	1.0
CM147322.1	23800000	23900000	1.0
CM147322.1	24200000	24300000	1.0
CM147322.1	24300000	24400000	2.0
CM147322.1	24400000	24500000	2.0
CM147322.1	24700000	24800000	1.0
CM147322.1	24800000	24900000	2.0
CM147322.1	24900000	25000000	5.0
CM147322.1	25000000	25100000	1.0
CM147322.1	25100000	25200000	4.0
CM147322.1	25500000	25600000	2.0
CM147322.1	25800000	25900000	3.0
CM147322.1	25900000	26000000	7.0
CM147322.1	26000000	26100000	9.0
CM147322.1	26100000	26200000	5.0
CM147322.1	26200000	26300000	7.0
CM147322.1	26300000	26400000	3.0
CM147322.1	26400000	26500000	1.0
CM147322.1	26600000	26700000	2.0
CM147322.1	26700000	26800000	4.0
CM147322.1	26900000	27000000	9.0
CM147322.1	27000000	27100000	9.0
CM147322.1	27100000	27200000	4.0
CM147322.1	27200000	27300000	5.0
CM147322.1	27300000	27400000	2.0
CM147322.1	27400000	27500000	1.0
CM147322.1	27500000	27600000	1.0
CM147322.1	27600000	27700000	2.0
CM147322.1	27900000	28000000	1.0
CM147322.1	28100000	28200000	1.0
CM147322.1	28200000	28300000	1.0
CM147322.1	28300000	28400000	3.0
CM147322.1	28400000	28500000	3.0
CM147322.1	28500000	28600000	2.0
CM147322.1	28600000	28700000	1.0
CM147322.1	28900000	29000000	1.0
CM147322.1	29000000	29100000	1.0
CM147322.1	29200000	29300000	1.0
CM147322.1	29500000	29600000	1.0
CM147322.1	29600000	29700000	4.0
CM147322.1	29700000	29800000	3.0
CM147322.1	30000000	30100000	1.0
CM147322.1	30300000	30400000	1.0
CM147322.1	30400000	30500000	2.0
CM147322.1	30500000	30600000	1.0
CM147322.1	30600000	30700000	2.0
CM147322.1	30700000	30800000	1.0
CM147322.1	30800000	30900000	2.0
CM147322.1	30900000	31000000	4.0
CM147322.1	31100000	31200000	1.0
CM147322.1	31400000	31500000	2.0
CM147322.1	31700000	31800000	1.0
CM147322.1	32000000	32100000	3.0
CM147322.1	32100000	32200000	2.0
CM147322.1	32200000	32300000	5.0
CM147322.1	32300000	32400000	3.0
CM147322.1	32400000	32500000	1.0
CM147322.1	32600000	32700000	2.0
CM147322.1	32700000	32800000	1.0
CM147322.1	32900000	33000000	1.0
CM147322.1	33000000	33100000	1.0
CM147322.1	33100000	33200000	1.0
CM147322.1	33200000	33300000	3.0
CM147322.1	33300000	33400000	5.0
CM147322.1	33400000	33500000	6.0
CM147322.1	33500000	33600000	2.0
CM147322.1	33600000	33700000	2.0
CM147322.1	33800000	33900000	1.0
CM147322.1	34300000	34400000	1.0
CM147322.1	34400000	34500000	1.0
CM147322.1	34500000	34600000	1.0
CM147322.1	34700000	34800000	3.0
CM147322.1	35100000	35200000	2.0
CM147322.1	35300000	35400000	1.0
CM147322.1	35400000	35500000	1.0
CM147322.1	35600000	35700000	1.0
CM147322.1	35900000	36000000	1.0
CM147322.1	36100000	36200000	2.0
CM147322.1	36200000	36300000	3.0
CM147322.1	36300000	36400000	4.0
CM147322.1	36400000	36500000	1.0
CM147322.1	36500000	36600000	3.0
CM147322.1	36600000	36700000	1.0
CM147322.1	36700000	36800000	4.0
CM147322.1	36800000	36900000	1.0
CM147322.1	36900000	37000000	2.0
CM147322.1	37100000	37200000	4.0
CM147322.1	37200000	37300000	2.0
CM147322.1	37300000	37400000	5.0
CM147322.1	37400000	37500000	1.0
CM147322.1	37500000	37600000	1.0
CM147322.1	37600000	37700000	1.0
CM147322.1	37700000	37800000	3.0
CM147322.1	37800000	37900000	1.0
CM147322.1	37900000	38000000	1.0
CM147322.1	38000000	38100000	1.0
CM147322.1	38100000	38200000	7.0
CM147322.1	38200000	38300000	2.0
CM147322.1	38300000	38400000	8.0
CM147322.1	38400000	38500000	6.0
CM147322.1	38500000	38600000	2.0
CM147322.1	38600000	38700000	2.0
CM147322.1	38700000	38800000	5.0
CM147322.1	38800000	38900000	3.0
CM147322.1	38900000	39000000	3.0
CM147322.1	39000000	39100000	1.0
CM147322.1	39200000	39300000	3.0
CM147322.1	39300000	39400000	3.0
CM147322.1	39400000	39500000	2.0
CM147322.1	39500000	39600000	4.0
CM147322.1	39600000	39700000	1.0
CM147322.1	39700000	39800000	3.0
CM147322.1	39800000	39900000	4.0
CM147322.1	39900000	40000000	5.0
CM147322.1	40000000	40100000	2.0
CM147322.1	40100000	40200000	1.0
CM147322.1	40300000	40400000	1.0
CM147322.1	40800000	40900000	1.0
CM147322.1	41200000	41300000	1.0
CM147322.1	41300000	41400000	1.0
CM147322.1	41400000	41500000	2.0
CM147322.1	41500000	41600000	1.0
CM147322.1	41600000	41700000	2.0
CM147322.1	41700000	41800000	1.0
CM147322.1	41800000	41900000	1.0
CM147322.1	42200000	42300000	1.0
CM147322.1	42500000	42600000	1.0
CM147322.1	42900000	43000000	3.0
CM147322.1	43000000	43100000	1.0
CM147322.1	43100000	43200000	2.0
CM147322.1	43300000	43400000	1.0
CM147322.1	43400000	43500000	1.0
CM147322.1	44100000	44200000	1.0
CM147322.1	44400000	44500000	1.0
CM147322.1	44600000	44700000	1.0
CM147322.1	44700000	44800000	3.0
CM147322.1	44800000	44900000	1.0
CM147322.1	44900000	45000000	2.0
CM147322.1	45000000	45100000	3.0
CM147322.1	45100000	45200000	1.0
CM147322.1	45300000	45400000	1.0
CM147322.1	45400000	45500000	1.0
CM147322.1	46100000	46200000	1.0
CM147322.1	47200000	47300000	1.0
CM147322.1	47300000	47400000	1.0
CM147322.1	47400000	47500000	1.0
CM147322.1	47500000	47600000	2.0
CM147322.1	47600000	47700000	5.0
CM147322.1	47700000	47800000	2.0
CM147322.1	47800000	47900000	8.0
CM147322.1	47900000	48000000	2.0
CM147322.1	48000000	48100000	1.0
CM147322.1	48100000	48200000	1.0
CM147322.1	48300000	48400000	1.0
CM147322.1	48700000	48800000	4.0
CM147322.1	48800000	48900000	4.0
CM147322.1	49000000	49100000	1.0
CM147322.1	49200000	49300000	1.0
CM147322.1	49300000	49400000	5.0
CM147322.1	49500000	49600000	2.0
CM147322.1	49600000	49700000	2.0
CM147322.1	49700000	49800000	5.0
CM147322.1	49800000	49900000	2.0
CM147322.1	49900000	50000000	1.0
CM147322.1	50000000	50100000	2.0
CM147322.1	50100000	50200000	2.0
CM147322.1	50200000	50300000	1.0
CM147322.1	50400000	50500000	1.0
CM147322.1	50500000	50600000	1.0
CM147322.1	50700000	50800000	1.0
CM147322.1	50800000	50900000	1.0
CM147322.1	51000000	51100000	1.0
CM147322.1	51700000	51800000	1.0
CM147322.1	52100000	52200000	1.0
CM147322.1	52800000	52900000	1.0
CM147322.1	53200000	53300000	2.0
CM147322.1	53300000	53400000	2.0
CM147322.1	53400000	53500000	1.0
CM147322.1	53500000	53600000	3.0
CM147322.1	53700000	53800000	1.0
CM147322.1	53800000	53900000	3.0
CM147322.1	53900000	54000000	1.0
CM147322.1	54000000	54100000	2.0
CM147322.1	54100000	54200000	2.0
CM147322.1	54200000	54300000	1.0
CM147322.1	54400000	54500000	2.0
CM147322.1	54900000	55000000	2.0
CM147322.1	57100000	57200000	1.0
CM147322.1	57300000	57400000	1.0
CM147322.1	57500000	57600000	1.0
CM147322.1	57600000	57700000	3.0
CM147322.1	57900000	58000000	1.0
CM147322.1	58000000	58100000	3.0
CM147322.1	58200000	58300000	1.0
CM147322.1	58300000	58400000	1.0
CM147322.1	58700000	58800000	2.0
CM147322.1	58800000	58900000	1.0
CM147322.1	60000000	60100000	2.0
CM147322.1	60200000	60300000	1.0
CM147322.1	60300000	60400000	1.0
CM147322.1	60700000	60800000	2.0
CM147322.1	60900000	61000000	1.0
CM147322.1	61000000	61100000	1.0
CM147322.1	61200000	61300000	5.0
CM147322.1	61400000	61500000	1.0
CM147322.1	61800000	61900000	1.0
CM147322.1	61900000	62000000	2.0
CM147322.1	62000000	62100000	2.0
CM147322.1	62200000	62300000	5.0
CM147322.1	63000000	63100000	1.0
CM147322.1	63100000	63200000	3.0
CM147322.1	63200000	63300000	7.0
CM147322.1	63300000	63400000	1.0
CM147322.1	63400000	63500000	1.0
CM147322.1	63500000	63600000	2.0
CM147322.1	63600000	63700000	1.0
CM147322.1	63700000	63800000	1.0
CM147322.1	63800000	63900000	1.0
CM147322.1	63900000	64000000	4.0
CM147322.1	64100000	64200000	1.0
CM147322.1	64200000	64300000	1.0
CM147322.1	64400000	64500000	1.0
CM147322.1	64600000	64700000	2.0
CM147322.1	64700000	64800000	1.0
CM147322.1	65100000	65200000	2.0
CM147322.1	65200000	65300000	5.0
CM147322.1	65300000	65400000	2.0
CM147322.1	65400000	65500000	2.0
CM147322.1	65500000	65600000	1.0
CM147322.1	65700000	65800000	1.0
CM147322.1	65800000	65900000	1.0
CM147322.1	66000000	66100000	1.0
CM147322.1	66200000	66300000	1.0
CM147322.1	66300000	66400000	3.0
CM147322.1	66400000	66500000	1.0
CM147322.1	66700000	66800000	2.0
CM147322.1	66900000	67000000	1.0
CM147322.1	67100000	67200000	2.0
CM147322.1	67500000	67600000	1.0
CM147322.1	67600000	67700000	4.0
CM147322.1	67700000	67800000	5.0
CM147322.1	67800000	67900000	3.0
CM147322.1	67900000	68000000	3.0
CM147322.1	68200000	68300000	1.0
CM147322.1	68700000	68800000	1.0
CM147322.1	68800000	68900000	1.0
CM147322.1	68900000	69000000	2.0
CM147322.1	69500000	69600000	2.0
CM147322.1	69600000	69700000	1.0
CM147322.1	69700000	69800000	2.0
CM147322.1	69800000	69900000	1.0
CM147322.1	70400000	70500000	2.0
CM147322.1	70500000	70600000	1.0
CM147322.1	70700000	70800000	1.0
CM147322.1	70900000	71000000	3.0
CM147322.1	71000000	71100000	2.0
CM147322.1	71100000	71200000	1.0
CM147322.1	71200000	71300000	1.0
CM147322.1	71900000	72000000	2.0
CM147322.1	72100000	72200000	1.0
CM147322.1	72300000	72400000	2.0
CM147322.1	72600000	72700000	1.0
CM147322.1	72700000	72800000	1.0
CM147322.1	72800000	72900000	2.0
CM147322.1	72900000	73000000	1.0
CM147322.1	73000000	73100000	1.0
CM147322.1	73100000	73200000	3.0
CM147322.1	73800000	73900000	1.0
CM147322.1	74300000	74400000	1.0
CM147322.1	74600000	74700000	1.0
CM147322.1	75300000	75400000	1.0
CM147322.1	75400000	75500000	1.0
CM147322.1	76000000	76100000	1.0
CM147322.1	76100000	76200000	1.0
CM147322.1	76300000	76400000	2.0
CM147322.1	76700000	76800000	1.0
CM147322.1	76900000	77000000	1.0
CM147322.1	77500000	77600000	2.0
CM147322.1	77800000	77900000	3.0
CM147322.1	77900000	78000000	2.0
CM147322.1	78000000	78100000	1.0
CM147322.1	78200000	78300000	1.0
CM147322.1	78700000	78800000	1.0
CM147322.1	78900000	79000000	1.0
CM147322.1	79000000	79100000	1.0
CM147322.1	79100000	79200000	3.0
CM147322.1	79200000	79300000	1.0
CM147322.1	79300000	79400000	1.0
CM147322.1	79500000	79600000	1.0
CM147322.1	79600000	79700000	1.0
CM147322.1	80400000	80500000	1.0
CM147322.1	80500000	80600000	4.0
CM147322.1	80600000	80700000	2.0
CM147322.1	80700000	80800000	1.0
CM147322.1	80800000	80900000	1.0
CM147322.1	81200000	81300000	1.0
CM147322.1	81600000	81700000	1.0
CM147322.1	81700000	81800000	2.0
CM147322.1	81800000	81900000	4.0
CM147322.1	81900000	82000000	3.0
CM147322.1	82500000	82600000	1.0
CM147322.1	82600000	82700000	1.0
CM147322.1	82700000	82800000	1.0
CM147322.1	82800000	82900000	2.0
CM147322.1	83000000	83100000	3.0
CM147322.1	83100000	83200000	3.0
CM147322.1	83200000	83300000	2.0
CM147322.1	83300000	83400000	1.0
CM147322.1	84600000	84700000	2.0
CM147322.1	84900000	85000000	1.0
CM147322.1	85200000	85300000	2.0
CM147322.1	85300000	85400000	1.0
CM147322.1	85400000	85500000	4.0
CM147322.1	85500000	85600000	2.0
CM147322.1	85600000	85700000	1.0
CM147322.1	85900000	86000000	1.0
CM147322.1	86000000	86100000	2.0
CM147322.1	86200000	86300000	2.0
CM147322.1	86300000	86400000	1.0
CM147322.1	86400000	86500000	1.0
CM147322.1	86500000	86600000	2.0
CM147322.1	86700000	86800000	1.0
CM147322.1	86800000	86900000	1.0
CM147322.1	86900000	87000000	1.0
CM147322.1	87000000	87100000	1.0
CM147322.1	87100000	87200000	1.0
CM147322.1	87600000	87700000	1.0
CM147322.1	87700000	87800000	3.0
CM147322.1	87800000	87900000	2.0
CM147322.1	87900000	88000000	9.0
CM147322.1	88000000	88100000	3.0
CM147322.1	88100000	88200000	2.0
CM147322.1	88200000	88300000	3.0
CM147322.1	88300000	88400000	1.0
CM147322.1	88400000	88500000	2.0
CM147322.1	88500000	88600000	1.0
CM147322.1	88600000	88700000	1.0
CM147322.1	88700000	88800000	2.0
CM147322.1	88800000	88900000	1.0
CM147322.1	88900000	89000000	4.0
CM147322.1	89000000	89100000	1.0
CM147322.1	89100000	89200000	1.0
CM147322.1	89200000	89300000	1.0
CM147322.1	89500000	89600000	2.0
CM147322.1	89600000	89700000	1.0
CM147322.1	89800000	89900000	2.0
CM147322.1	90000000	90100000	1.0
CM147322.1	90200000	90300000	1.0
CM147322.1	90300000	90400000	3.0
CM147322.1	90400000	90500000	4.0
CM147322.1	90500000	90600000	3.0
CM147322.1	90600000	90700000	1.0
CM147322.1	90800000	90900000	2.0
CM147322.1	91000000	91100000	1.0
CM147322.1	91100000	91200000	1.0
CM147322.1	91500000	91600000	1.0
CM147322.1	91700000	91800000	2.0
CM147322.1	91800000	91900000	1.0
CM147322.1	91900000	92000000	1.0
CM147322.1	92100000	92200000	2.0
CM147322.1	92300000	92400000	1.0
CM147322.1	92400000	92500000	1.0
CM147322.1	92500000	92600000	1.0
CM147322.1	92600000	92700000	2.0
CM147322.1	92700000	92800000	3.0
CM147322.1	92800000	92900000	2.0
CM147322.1	93100000	93200000	1.0
CM147322.1	93200000	93300000	2.0
CM147322.1	93400000	93500000	1.0
CM147322.1	93600000	93700000	1.0
CM147322.1	95100000	95200000	1.0
CM147322.1	95200000	95300000	1.0
CM147322.1	95300000	95400000	1.0
CM147322.1	95400000	95500000	1.0
CM147322.1	95600000	95700000	1.0
CM147322.1	95900000	96000000	2.0
CM147322.1	96000000	96100000	1.0
CM147322.1	96100000	96200000	2.0
CM147322.1	96300000	96400000	1.0
CM147322.1	96400000	96500000	3.0
CM147322.1	96700000	96800000	1.0
CM147322.1	96800000	96900000	1.0
CM147322.1	96900000	97000000	1.0
CM147322.1	97300000	97400000	2.0
CM147322.1	97400000	97500000	1.0
CM147322.1	97700000	97800000	1.0
CM147322.1	97900000	98000000	4.0
CM147322.1	98100000	98200000	2.0
CM147322.1	98200000	98300000	1.0
CM147322.1	98500000	98600000	1.0
CM147322.1	98700000	98800000	2.0
CM147322.1	99100000	99200000	1.0
CM147322.1	99200000	99300000	1.0
CM147322.1	99300000	99400000	2.0
CM147322.1	99500000	99600000	2.0
CM147322.1	99700000	99800000	8.0
CM147322.1	99800000	99900000	1.0
CM147322.1	99900000	100000000	1.0
CM147322.1	100100000	100200000	1.0
CM147322.1	100300000	100400000	1.0
CM147322.1	100700000	100800000	1.0
CM147322.1	100900000	101000000	2.0
CM147322.1	101400000	101500000	1.0
CM147322.1	102100000	102200000	1.0
CM147322.1	102200000	102300000	1.0
CM147322.1	102400000	102500000	6.0
CM147322.1	102500000	102600000	3.0
CM147322.1	102600000	102700000	3.0
CM147322.1	103500000	103600000	1.0
CM147322.1	104000000	104100000	1.0
CM147322.1	104100000	104200000	4.0
CM147322.1	104200000	104300000	2.0
CM147322.1	104600000	104700000	1.0
CM147322.1	104700000	104800000	2.0
CM147322.1	104800000	104900000	1.0
CM147322.1	104900000	105000000	3.0
CM147322.1	105100000	105200000	4.0
CM147322.1	105200000	105300000	1.0
CM147322.1	105600000	105700000	2.0
CM147322.1	105700000	105800000	2.0
CM147322.1	105900000	106000000	1.0
CM147322.1	106000000	106100000	1.0
CM147322.1	106100000	106200000	2.0
CM147322.1	106300000	106400000	1.0
CM147322.1	106600000	106700000	1.0
CM147322.1	107000000	107100000	1.0
CM147322.1	107300000	107400000	1.0
CM147322.1	107800000	107900000	1.0
CM147322.1	108000000	108100000	1.0
CM147322.1	108100000	108200000	1.0
CM147322.1	109100000	109200000	1.0
CM147322.1	109500000	109600000	1.0
CM147322.1	109900000	110000000	1.0
CM147322.1	110000000	110100000	2.0
CM147322.1	110100000	110200000	1.0
CM147322.1	110800000	110900000	1.0
CM147322.1	111200000	111300000	5.0
CM147322.1	111700000	111800000	1.0
CM147322.1	111900000	112000000	1.0
CM147322.1	112500000	112600000	1.0
CM147322.1	112700000	112800000	1.0
CM147322.1	112800000	112900000	2.0
CM147322.1	112900000	113000000	1.0
CM147322.1	113400000	113500000	1.0
CM147322.1	113500000	113600000	2.0
CM147322.1	113600000	113700000	1.0
CM147322.1	114200000	114300000	2.0
CM147322.1	114300000	114400000	1.0
CM147322.1	114600000	114700000	1.0
CM147322.1	114800000	114900000	1.0
CM147322.1	115000000	115100000	2.0
CM147322.1	115100000	115200000	1.0
CM147322.1	115300000	115400000	1.0
CM147322.1	115500000	115600000	1.0
CM147322.1	115700000	115800000	2.0
CM147322.1	115800000	115900000	4.0
CM147322.1	115900000	116000000	1.0
CM147322.1	116000000	116100000	1.0
CM147322.1	116300000	116400000	1.0
CM147322.1	116600000	116700000	2.0
CM147322.1	116700000	116800000	1.0
CM147322.1	116800000	116900000	4.0
CM147322.1	116900000	117000000	1.0
CM147322.1	117700000	117800000	1.0
CM147322.1	117900000	118000000	2.0
CM147322.1	118100000	118200000	1.0
CM147322.1	118200000	118300000	1.0
CM147322.1	118300000	118400000	3.0
CM147322.1	118500000	118600000	3.0
CM147322.1	118600000	118700000	1.0
CM147322.1	118800000	118900000	1.0
CM147322.1	119200000	119300000	1.0
CM147322.1	119300000	119400000	1.0
CM147322.1	119800000	119900000	6.0
CM147322.1	119900000	120000000	1.0
CM147322.1	120000000	120100000	1.0
CM147322.1	120100000	120200000	1.0
CM147322.1	120300000	120400000	1.0
CM147322.1	120400000	120500000	1.0
CM147322.1	120500000	120600000	2.0
CM147322.1	120600000	120700000	3.0
CM147322.1	120700000	120800000	1.0
CM147322.1	120900000	121000000	3.0
CM147322.1	121000000	121100000	6.0
CM147322.1	121100000	121200000	5.0
CM147322.1	121200000	121300000	1.0
CM147322.1	121300000	121400000	3.0
CM147322.1	121700000	121800000	3.0
CM147322.1	121800000	121900000	3.0
CM147322.1	121900000	122000000	2.0
CM147322.1	122800000	122900000	1.0
CM147322.1	123500000	123600000	1.0
CM147322.1	123600000	123700000	2.0
CM147322.1	123900000	124000000	1.0
CM147322.1	124000000	124100000	3.0
CM147322.1	124100000	124200000	1.0
CM147322.1	124300000	124400000	1.0
CM147322.1	124400000	124500000	1.0
CM147322.1	124500000	124600000	2.0
CM147322.1	124600000	124700000	2.0
CM147322.1	124700000	124800000	3.0
CM147322.1	124800000	124900000	2.0
CM147322.1	125000000	125100000	3.0
CM147322.1	125100000	125200000	3.0
CM147322.1	125300000	125400000	1.0
CM147322.1	125400000	125500000	4.0
CM147322.1	125500000	125600000	2.0
CM147322.1	125600000	125700000	1.0
CM147322.1	125800000	125900000	1.0
CM147322.1	125900000	126000000	1.0
CM147322.1	126000000	126100000	1.0
CM147322.1	126100000	126200000	1.0
CM147322.1	126200000	126300000	1.0
CM147322.1	126700000	126800000	2.0
CM147322.1	127500000	127600000	3.0
CM147322.1	127600000	127700000	1.0
CM147322.1	127800000	127900000	1.0
CM147322.1	127900000	128000000	1.0
CM147322.1	128000000	128100000	2.0
CM147322.1	128200000	128300000	1.0
CM147322.1	128300000	128400000	2.0
CM147322.1	128400000	128500000	1.0
CM147322.1	128500000	128600000	1.0
CM147322.1	128600000	128700000	1.0
CM147322.1	128700000	128800000	1.0
CM147322.1	128800000	128900000	1.0
CM147322.1	129700000	129800000	1.0
CM147322.1	129800000	129900000	2.0
CM147322.1	129900000	130000000	1.0
CM147322.1	130200000	130300000	1.0
CM147322.1	130300000	130400000	1.0
CM147322.1	130800000	130900000	2.0
CM147322.1	130900000	131000000	2.0
CM147322.1	131000000	131100000	2.0
CM147322.1	131100000	131200000	1.0
CM147322.1	131800000	131900000	2.0
CM147322.1	132000000	132100000	3.0
CM147322.1	132100000	132200000	1.0
CM147322.1	132300000	132400000	1.0
CM147322.1	132500000	132600000	1.0
CM147322.1	133100000	133200000	1.0
CM147322.1	133400000	133500000	1.0
CM147322.1	133900000	134000000	3.0
CM147322.1	135100000	135200000	2.0
CM147322.1	135500000	135600000	1.0
CM147322.1	136200000	136300000	1.0
CM147322.1	136300000	136400000	1.0
CM147322.1	136700000	136800000	1.0
CM147322.1	136900000	137000000	1.0
CM147322.1	137700000	137800000	2.0
CM147322.1	137800000	137900000	1.0
CM147322.1	137900000	138000000	3.0
CM147322.1	138000000	138100000	1.0
CM147322.1	139000000	139100000	1.0
CM147322.1	139100000	139200000	1.0
CM147322.1	139200000	139300000	1.0
CM147322.1	139400000	139500000	2.0
CM147322.1	139500000	139600000	1.0
CM147322.1	139600000	139700000	1.0
CM147322.1	139800000	139900000	1.0
CM147322.1	140000000	140100000	1.0
CM147322.1	140300000	140400000	2.0
CM147322.1	140400000	140500000	8.0
CM147322.1	140500000	140600000	1.0
CM147322.1	140600000	140700000	2.0
CM147322.1	140700000	140800000	1.0
CM147322.1	140800000	140900000	1.0
CM147322.1	140900000	141000000	1.0
CM147322.1	141000000	141100000	2.0
CM147322.1	141300000	141400000	2.0
CM147322.1	141400000	141500000	1.0
CM147322.1	141500000	141600000	1.0
CM147322.1	141700000	141800000	2.0
CM147322.1	141900000	142000000	1.0
CM147322.1	142600000	142700000	1.0
CM147322.1	142700000	142800000	2.0
CM147322.1	142800000	142900000	2.0
CM147322.1	142900000	143000000	5.0
CM147322.1	143300000	143400000	1.0
CM147322.1	143400000	143500000	1.0
CM147322.1	143600000	143700000	1.0
CM147322.1	144500000	144600000	1.0
CM147322.1	144600000	144700000	2.0
CM147322.1	144700000	144800000	1.0
CM147322.1	145200000	145300000	2.0
CM147322.1	145300000	145400000	4.0
CM147322.1	145500000	145600000	1.0
CM147322.1	145600000	145700000	1.0
CM147322.1	145700000	145800000	1.0
CM147322.1	145900000	146000000	1.0
CM147322.1	146200000	146300000	1.0
CM147322.1	146300000	146400000	1.0
CM147322.1	146700000	146800000	1.0
CM147322.1	146800000	146900000	1.0
CM147322.1	147800000	147900000	1.0
CM147322.1	147900000	148000000	1.0
CM147322.1	148300000	148400000	2.0
CM147322.1	148600000	148700000	2.0
CM147322.1	148800000	148900000	1.0
CM147322.1	149000000	149100000	1.0
CM147322.1	149200000	149300000	3.0
CM147322.1	149400000	149500000	3.0
CM147322.1	149500000	149600000	1.0
CM147322.1	149600000	149700000	2.0
CM147322.1	149700000	149800000	1.0
CM147322.1	150300000	150400000	1.0
CM147322.1	150800000	150900000	1.0
CM147322.1	151200000	151300000	1.0
CM147322.1	151400000	151500000	2.0
CM147322.1	151900000	152000000	1.0
CM147322.1	152000000	152100000	2.0
CM147322.1	152300000	152400000	2.0
CM147322.1	152400000	152500000	1.0
CM147322.1	152600000	152700000	1.0
CM147322.1	152900000	153000000	2.0
CM147322.1	153100000	153200000	1.0
CM147322.1	153800000	153900000	3.0
CM147322.1	153900000	154000000	2.0
CM147322.1	154100000	154200000	1.0
CM147322.1	154600000	154700000	1.0
CM147322.1	154700000	154800000	1.0
CM147322.1	154800000	154900000	1.0
CM147322.1	154900000	155000000	1.0
CM147322.1	155000000	155100000	1.0
CM147322.1	155300000	155400000	1.0
CM147322.1	155400000	155500000	3.0
CM147322.1	155600000	155700000	1.0
CM147322.1	155800000	155900000	1.0
CM147322.1	156100000	156200000	1.0
CM147322.1	156300000	156400000	1.0
CM147322.1	156500000	156600000	1.0
CM147322.1	156600000	156700000	2.0
CM147322.1	157100000	157200000	1.0
CM147322.1	157300000	157400000	2.0
CM147322.1	157500000	157600000	2.0
CM147322.1	157800000	157900000	1.0
CM147322.1	157900000	158000000	2.0
CM147322.1	158000000	158100000	1.0
CM147322.1	158100000	158200000	2.0
CM147322.1	158500000	158600000	2.0
CM147322.1	158900000	159000000	1.0
CM147322.1	159000000	159100000	2.0
CM147322.1	159700000	159800000	1.0
CM147322.1	160100000	160142841	3.0
CM147323.1	0	100000	1.0
CM147323.1	100000	200000	1.0
CM147323.1	200000	300000	1.0
CM147323.1	400000	500000	1.0
CM147323.1	600000	700000	3.0
CM147323.1	1100000	1200000	1.0
CM147323.1	1600000	1700000	1.0
CM147323.1	1700000	1800000	6.0
CM147323.1	1800000	1900000	1.0
CM147323.1	1900000	2000000	1.0
CM147323.1	2000000	2100000	1.0
CM147323.1	2200000	2300000	1.0
CM147323.1	2500000	2600000	1.0
CM147323.1	2800000	2900000	1.0
CM147323.1	2900000	3000000	1.0
CM147323.1	3600000	3700000	3.0
CM147323.1	3700000	3800000	1.0
CM147323.1	3800000	3900000	1.0
CM147323.1	3900000	4000000	3.0
CM147323.1	4000000	4100000	3.0
CM147323.1	4100000	4200000	2.0
CM147323.1	4200000	4300000	1.0
CM147323.1	4300000	4400000	1.0
CM147323.1	4400000	4500000	1.0
CM147323.1	4500000	4600000	1.0
CM147323.1	4600000	4700000	1.0
CM147323.1	4700000	4800000	1.0
CM147323.1	4800000	4900000	1.0
CM147323.1	5000000	5100000	1.0
CM147323.1	5100000	5200000	1.0
CM147323.1	5200000	5300000	2.0
CM147323.1	6400000	6500000	2.0
CM147323.1	6800000	6900000	3.0
CM147323.1	7200000	7300000	1.0
CM147323.1	7600000	7700000	1.0
CM147323.1	8100000	8200000	1.0
CM147323.1	8200000	8300000	3.0
CM147323.1	8600000	8700000	1.0
CM147323.1	8800000	8900000	1.0
CM147323.1	9000000	9100000	1.0
CM147323.1	9100000	9200000	5.0
CM147323.1	9200000	9300000	2.0
CM147323.1	9300000	9400000	1.0
CM147323.1	9400000	9500000	1.0
CM147323.1	9500000	9600000	2.0
CM147323.1	9600000	9700000	2.0
CM147323.1	9700000	9800000	7.0
CM147323.1	9800000	9900000	2.0
CM147323.1	9900000	10000000	1.0
CM147323.1	10300000	10400000	2.0
CM147323.1	10900000	11000000	1.0
CM147323.1	11100000	11200000	2.0
CM147323.1	11200000	11300000	2.0
CM147323.1	11300000	11400000	1.0
CM147323.1	11600000	11700000	2.0
CM147323.1	12900000	13000000	1.0
CM147323.1	13000000	13100000	1.0
CM147323.1	13100000	13200000	1.0
CM147323.1	13200000	13300000	3.0
CM147323.1	14800000	14900000	2.0
CM147323.1	14900000	15000000	1.0
CM147323.1	15100000	15200000	1.0
CM147323.1	15200000	15300000	1.0
CM147323.1	15700000	15800000	1.0
CM147323.1	15800000	15900000	2.0
CM147323.1	15900000	16000000	1.0
CM147323.1	16100000	16200000	2.0
CM147323.1	16200000	16300000	2.0
CM147323.1	16300000	16400000	6.0
CM147323.1	16400000	16500000	1.0
CM147323.1	16500000	16600000	1.0
CM147323.1	16600000	16700000	1.0
CM147323.1	16700000	16800000	1.0
CM147323.1	17900000	18000000	1.0
CM147323.1	18000000	18100000	1.0
CM147323.1	18100000	18200000	2.0
CM147323.1	18200000	18300000	4.0
CM147323.1	18400000	18500000	1.0
CM147323.1	18900000	19000000	1.0
CM147323.1	19000000	19100000	1.0
CM147323.1	19100000	19200000	1.0
CM147323.1	19700000	19800000	1.0
CM147323.1	19900000	20000000	2.0
CM147323.1	20900000	21000000	1.0
CM147323.1	21100000	21200000	2.0
CM147323.1	21200000	21300000	1.0
CM147323.1	21600000	21700000	1.0
CM147323.1	21700000	21800000	3.0
CM147323.1	21800000	21900000	2.0
CM147323.1	21900000	22000000	1.0
CM147323.1	22000000	22100000	1.0
CM147323.1	22100000	22200000	2.0
CM147323.1	22300000	22400000	1.0
CM147323.1	22600000	22700000	1.0
CM147323.1	23200000	23300000	1.0
CM147323.1	23700000	23800000	4.0
CM147323.1	23800000	23900000	5.0
CM147323.1	24100000	24200000	6.0
CM147323.1	24700000	24800000	1.0
CM147323.1	24800000	24900000	5.0
CM147323.1	24900000	25000000	3.0
CM147323.1	25000000	25100000	1.0
CM147323.1	25100000	25200000	1.0
CM147323.1	25200000	25300000	7.0
CM147323.1	25700000	25800000	2.0
CM147323.1	25800000	25900000	3.0
CM147323.1	25900000	26000000	1.0
CM147323.1	26100000	26200000	1.0
CM147323.1	26200000	26300000	1.0
CM147323.1	26300000	26400000	4.0
CM147323.1	26600000	26700000	1.0
CM147323.1	26800000	26900000	1.0
CM147323.1	27400000	27500000	5.0
CM147323.1	27500000	27600000	5.0
CM147323.1	27600000	27700000	3.0
CM147323.1	27700000	27800000	1.0
CM147323.1	27800000	27900000	1.0
CM147323.1	28000000	28100000	1.0
CM147323.1	28300000	28400000	1.0
CM147323.1	28400000	28500000	2.0
CM147323.1	28700000	28800000	1.0
CM147323.1	29200000	29300000	1.0
CM147323.1	29300000	29400000	3.0
CM147323.1	29400000	29500000	4.0
CM147323.1	29700000	29800000	1.0
CM147323.1	29900000	30000000	1.0
CM147323.1	30800000	30900000	1.0
CM147323.1	31200000	31300000	2.0
CM147323.1	31500000	31600000	1.0
CM147323.1	31700000	31800000	1.0
CM147323.1	31900000	32000000	1.0
CM147323.1	32200000	32300000	1.0
CM147323.1	32300000	32400000	2.0
CM147323.1	32400000	32500000	1.0
CM147323.1	32500000	32600000	1.0
CM147323.1	32600000	32700000	1.0
CM147323.1	32700000	32800000	1.0
CM147323.1	32900000	33000000	1.0
CM147323.1	33000000	33100000	2.0
CM147323.1	33200000	33300000	1.0
CM147323.1	33300000	33400000	1.0
CM147323.1	33600000	33700000	1.0
CM147323.1	33900000	34000000	1.0
CM147323.1	34000000	34100000	3.0
CM147323.1	34200000	34300000	2.0
CM147323.1	34300000	34400000	2.0
CM147323.1	34400000	34500000	1.0
CM147323.1	34500000	34600000	2.0
CM147323.1	34600000	34700000	1.0
CM147323.1	35000000	35100000	1.0
CM147323.1	35100000	35200000	1.0
CM147323.1	35200000	35300000	2.0
CM147323.1	35300000	35400000	1.0
CM147323.1	35500000	35600000	1.0
CM147323.1	35800000	35900000	3.0
CM147323.1	36300000	36400000	2.0
CM147323.1	36800000	36900000	1.0
CM147323.1	37000000	37100000	1.0
CM147323.1	37300000	37400000	1.0
CM147323.1	37600000	37700000	1.0
CM147323.1	38100000	38200000	1.0
CM147323.1	38800000	38900000	1.0
CM147323.1	39100000	39200000	1.0
CM147323.1	39300000	39400000	1.0
CM147323.1	39700000	39800000	3.0
CM147323.1	39800000	39900000	1.0
CM147323.1	39900000	40000000	1.0
CM147323.1	40100000	40200000	2.0
CM147323.1	40200000	40300000	1.0
CM147323.1	40400000	40500000	1.0
CM147323.1	40500000	40600000	1.0
CM147323.1	41500000	41600000	1.0
CM147323.1	42100000	42200000	1.0
CM147323.1	42300000	42400000	1.0
CM147323.1	42500000	42600000	1.0
CM147323.1	42700000	42800000	2.0
CM147323.1	42900000	43000000	1.0
CM147323.1	43300000	43400000	2.0
CM147323.1	44100000	44200000	1.0
CM147323.1	44300000	44400000	1.0
CM147323.1	44400000	44500000	1.0
CM147323.1	44500000	44600000	1.0
CM147323.1	44600000	44700000	1.0
CM147323.1	44700000	44800000	3.0
CM147323.1	44800000	44900000	5.0
CM147323.1	44900000	45000000	1.0
CM147323.1	45100000	45200000	1.0
CM147323.1	45300000	45400000	1.0
CM147323.1	45400000	45500000	1.0
CM147323.1	45900000	46000000	1.0
CM147323.1	46000000	46100000	1.0
CM147323.1	46100000	46200000	1.0
CM147323.1	46200000	46300000	1.0
CM147323.1	46300000	46400000	1.0
CM147323.1	46400000	46500000	5.0
CM147323.1	46500000	46600000	1.0
CM147323.1	46600000	46700000	2.0
CM147323.1	46700000	46800000	1.0
CM147323.1	46800000	46900000	1.0
CM147323.1	46900000	47000000	1.0
CM147323.1	47000000	47100000	1.0
CM147323.1	47100000	47200000	1.0
CM147323.1	47300000	47400000	1.0
CM147323.1	47500000	47600000	1.0
CM147323.1	48200000	48300000	1.0
CM147323.1	48400000	48500000	1.0
CM147323.1	48500000	48600000	3.0
CM147323.1	48600000	48700000	3.0
CM147323.1	48700000	48800000	1.0
CM147323.1	48900000	49000000	1.0
CM147323.1	49200000	49300000	1.0
CM147323.1	49400000	49500000	1.0
CM147323.1	49800000	49900000	3.0
CM147323.1	49900000	50000000	1.0
CM147323.1	50000000	50100000	1.0
CM147323.1	50100000	50200000	1.0
CM147323.1	50200000	50300000	4.0
CM147323.1	50400000	50500000	1.0
CM147323.1	50700000	50800000	2.0
CM147323.1	50800000	50900000	1.0
CM147323.1	50900000	51000000	2.0
CM147323.1	51000000	51100000	2.0
CM147323.1	51100000	51200000	1.0
CM147323.1	51700000	51800000	1.0
CM147323.1	52300000	52400000	1.0
CM147323.1	52400000	52500000	1.0
CM147323.1	53100000	53200000	1.0
CM147323.1	53200000	53300000	1.0
CM147323.1	53300000	53400000	1.0
CM147323.1	53600000	53700000	1.0
CM147323.1	53700000	53800000	1.0
CM147323.1	53800000	53900000	2.0
CM147323.1	53900000	54000000	1.0
CM147323.1	54200000	54300000	1.0
CM147323.1	54300000	54400000	1.0
CM147323.1	54400000	54500000	2.0
CM147323.1	54500000	54600000	2.0
CM147323.1	54600000	54700000	1.0
CM147323.1	54700000	54800000	3.0
CM147323.1	54900000	55000000	1.0
CM147323.1	55000000	55100000	1.0
CM147323.1	55200000	55300000	1.0
CM147323.1	55300000	55400000	2.0
CM147323.1	55400000	55500000	5.0
CM147323.1	55500000	55600000	3.0
CM147323.1	55600000	55700000	1.0
CM147323.1	55800000	55900000	1.0
CM147323.1	55900000	56000000	5.0
CM147323.1	56100000	56200000	1.0
CM147323.1	56500000	56600000	1.0
CM147323.1	56600000	56700000	1.0
CM147323.1	56800000	56900000	1.0
CM147323.1	56900000	57000000	1.0
CM147323.1	57000000	57100000	2.0
CM147323.1	57100000	57200000	1.0
CM147323.1	57400000	57500000	1.0
CM147323.1	57500000	57600000	3.0
CM147323.1	57600000	57700000	1.0
CM147323.1	57700000	57800000	1.0
CM147323.1	57900000	58000000	1.0
CM147323.1	58100000	58200000	7.0
CM147323.1	58200000	58300000	1.0
CM147323.1	58300000	58400000	1.0
CM147323.1	58400000	58500000	1.0
CM147323.1	58500000	58600000	1.0
CM147323.1	58800000	58900000	1.0
CM147323.1	59600000	59700000	1.0
CM147323.1	59900000	60000000	1.0
CM147323.1	60000000	60100000	1.0
CM147323.1	60100000	60200000	4.0
CM147323.1	60200000	60300000	6.0
CM147323.1	60300000	60400000	2.0
CM147323.1	60400000	60500000	2.0
CM147323.1	60500000	60600000	2.0
CM147323.1	60600000	60700000	1.0
CM147323.1	60800000	60900000	2.0
CM147323.1	60900000	61000000	2.0
CM147323.1	61200000	61300000	3.0
CM147323.1	61300000	61400000	4.0
CM147323.1	61400000	61500000	1.0
CM147323.1	61500000	61600000	1.0
CM147323.1	61600000	61700000	1.0
CM147323.1	62000000	62100000	2.0
CM147323.1	62100000	62200000	1.0
CM147323.1	62400000	62500000	2.0
CM147323.1	62700000	62800000	1.0
CM147323.1	62800000	62900000	1.0
CM147323.1	63300000	63400000	1.0
CM147323.1	64100000	64200000	1.0
CM147323.1	64800000	64900000	1.0
CM147323.1	66700000	66800000	1.0
CM147323.1	66800000	66900000	1.0
CM147323.1	67000000	67100000	1.0
CM147323.1	67100000	67200000	1.0
CM147323.1	67200000	67300000	4.0
CM147323.1	67300000	67400000	1.0
CM147323.1	67400000	67500000	3.0
CM147323.1	67500000	67600000	2.0
CM147323.1	67600000	67700000	1.0
CM147323.1	68000000	68100000	1.0
CM147323.1	68400000	68500000	1.0
CM147323.1	68500000	68600000	2.0
CM147323.1	68900000	69000000	1.0
CM147323.1	69000000	69100000	2.0
CM147323.1	69600000	69700000	1.0
CM147323.1	70400000	70500000	1.0
CM147323.1	70800000	70900000	1.0
CM147323.1	70900000	71000000	1.0
CM147323.1	71500000	71600000	1.0
CM147323.1	71700000	71800000	1.0
CM147323.1	71900000	72000000	1.0
CM147323.1	72100000	72200000	2.0
CM147323.1	72200000	72300000	1.0
CM147323.1	72300000	72400000	2.0
CM147323.1	72400000	72500000	4.0
CM147323.1	72500000	72600000	1.0
CM147323.1	72600000	72700000	2.0
CM147323.1	72700000	72800000	2.0
CM147323.1	72900000	73000000	1.0
CM147323.1	73000000	73100000	1.0
CM147323.1	73100000	73200000	2.0
CM147323.1	73200000	73300000	3.0
CM147323.1	73300000	73400000	1.0
CM147323.1	73400000	73500000	1.0
CM147323.1	73500000	73600000	1.0
CM147323.1	73600000	73700000	1.0
CM147323.1	73700000	73800000	1.0
CM147323.1	73800000	73900000	1.0
CM147323.1	73900000	74000000	2.0
CM147323.1	74100000	74200000	2.0
CM147323.1	74300000	74400000	1.0
CM147323.1	74400000	74500000	2.0
CM147323.1	74500000	74600000	1.0
CM147323.1	74600000	74700000	1.0
CM147323.1	74700000	74800000	1.0
CM147323.1	74800000	74900000	1.0
CM147323.1	74900000	75000000	1.0
CM147323.1	75100000	75200000	2.0
CM147323.1	75200000	75300000	1.0
CM147323.1	75300000	75400000	1.0
CM147323.1	75400000	75500000	1.0
CM147323.1	75600000	75700000	5.0
CM147323.1	75700000	75800000	1.0
CM147323.1	75800000	75900000	1.0
CM147323.1	75900000	76000000	1.0
CM147323.1	76000000	76100000	2.0
CM147323.1	76600000	76700000	1.0
CM147323.1	76700000	76800000	2.0
CM147323.1	76800000	76900000	3.0
CM147323.1	76900000	77000000	1.0
CM147323.1	77200000	77300000	2.0
CM147323.1	77300000	77400000	1.0
CM147323.1	77400000	77500000	1.0
CM147323.1	77500000	77600000	1.0
CM147323.1	77700000	77800000	1.0
CM147323.1	77800000	77900000	7.0
CM147323.1	77900000	78000000	1.0
CM147323.1	78200000	78300000	1.0
CM147323.1	78300000	78400000	6.0
CM147323.1	78400000	78500000	2.0
CM147323.1	78500000	78600000	2.0
CM147323.1	78600000	78700000	3.0
CM147323.1	78700000	78800000	2.0
CM147323.1	78800000	78900000	3.0
CM147323.1	78900000	79000000	2.0
CM147323.1	79000000	79100000	2.0
CM147323.1	79100000	79200000	3.0
CM147323.1	79200000	79300000	4.0
CM147323.1	79300000	79400000	3.0
CM147323.1	79400000	79500000	2.0
CM147323.1	79500000	79600000	3.0
CM147323.1	79600000	79700000	4.0
CM147323.1	79700000	79800000	1.0
CM147323.1	79800000	79900000	3.0
CM147323.1	79900000	80000000	2.0
CM147323.1	80000000	80100000	3.0
CM147323.1	80100000	80200000	1.0
CM147323.1	80200000	80300000	1.0
CM147323.1	80300000	80400000	1.0
CM147323.1	80500000	80600000	1.0
CM147323.1	80800000	80900000	2.0
CM147323.1	80900000	81000000	3.0
CM147323.1	81000000	81100000	3.0
CM147323.1	81100000	81200000	1.0
CM147323.1	81200000	81300000	1.0
CM147323.1	81500000	81600000	1.0
CM147323.1	81600000	81700000	1.0
CM147323.1	82000000	82100000	3.0
CM147323.1	82100000	82200000	1.0
CM147323.1	82200000	82300000	4.0
CM147323.1	82300000	82400000	2.0
CM147323.1	82400000	82500000	3.0
CM147323.1	82500000	82600000	3.0
CM147323.1	82600000	82700000	1.0
CM147323.1	82700000	82800000	6.0
CM147323.1	82800000	82900000	3.0
CM147323.1	82900000	83000000	5.0
CM147323.1	83000000	83100000	5.0
CM147323.1	83100000	83200000	3.0
CM147323.1	83200000	83300000	1.0
CM147323.1	83500000	83600000	2.0
CM147323.1	83600000	83700000	3.0
CM147323.1	83700000	83800000	1.0
CM147323.1	83800000	83900000	3.0
CM147323.1	83900000	84000000	3.0
CM147323.1	84000000	84100000	3.0
CM147323.1	84100000	84200000	5.0
CM147323.1	84200000	84300000	3.0
CM147323.1	84300000	84400000	4.0
CM147323.1	84400000	84500000	2.0
CM147323.1	84500000	84600000	4.0
CM147323.1	84600000	84700000	1.0
CM147323.1	84700000	84800000	2.0
CM147323.1	84800000	84900000	1.0
CM147323.1	84900000	85000000	4.0
CM147323.1	85000000	85100000	2.0
CM147323.1	85100000	85200000	1.0
CM147323.1	85200000	85300000	2.0
CM147323.1	85300000	85400000	2.0
CM147323.1	85400000	85500000	1.0
CM147323.1	85500000	85600000	3.0
CM147323.1	85600000	85700000	5.0
CM147323.1	85700000	85800000	1.0
CM147323.1	85800000	85900000	1.0
CM147323.1	86000000	86100000	1.0
CM147323.1	86100000	86200000	5.0
CM147323.1	86400000	86500000	1.0
CM147323.1	86800000	86900000	4.0
CM147323.1	86900000	87000000	3.0
CM147323.1	87000000	87100000	3.0
CM147323.1	87100000	87200000	1.0
CM147323.1	87200000	87300000	1.0
CM147323.1	87400000	87500000	9.0
CM147323.1	87500000	87600000	6.0
CM147323.1	87600000	87700000	4.0
CM147323.1	87700000	87800000	3.0
CM147323.1	87900000	88000000	1.0
CM147323.1	88300000	88400000	1.0
CM147323.1	88500000	88600000	1.0
CM147323.1	88700000	88800000	3.0
CM147323.1	88800000	88900000	3.0
CM147323.1	88900000	89000000	1.0
CM147323.1	89000000	89100000	1.0
CM147323.1	89200000	89300000	1.0
CM147323.1	90000000	90100000	1.0
CM147323.1	90100000	90200000	1.0
CM147323.1	90200000	90300000	7.0
CM147323.1	90300000	90400000	1.0
CM147323.1	90700000	90800000	2.0
CM147323.1	90800000	90900000	1.0
CM147323.1	91100000	91200000	2.0
CM147323.1	91200000	91300000	1.0
CM147323.1	91300000	91400000	2.0
CM147323.1	91400000	91500000	1.0
CM147323.1	91500000	91600000	1.0
CM147323.1	91600000	91700000	1.0
CM147323.1	91700000	91800000	2.0
CM147323.1	91800000	91900000	2.0
CM147323.1	91900000	92000000	1.0
CM147323.1	92000000	92100000	1.0
CM147323.1	92100000	92200000	1.0
CM147323.1	92200000	92300000	1.0
CM147323.1	92300000	92400000	2.0
CM147323.1	92400000	92500000	1.0
CM147323.1	92800000	92900000	1.0
CM147323.1	92900000	93000000	1.0
CM147323.1	93300000	93400000	1.0
CM147323.1	93500000	93600000	1.0
CM147323.1	93900000	94000000	1.0
CM147323.1	94100000	94200000	2.0
CM147323.1	94200000	94300000	1.0
CM147323.1	94300000	94400000	1.0
CM147323.1	94900000	95000000	1.0
CM147323.1	95500000	95600000	1.0
CM147323.1	95900000	96000000	1.0
CM147323.1	96200000	96300000	1.0
CM147323.1	96300000	96400000	4.0
CM147323.1	96500000	96600000	1.0
CM147323.1	97000000	97100000	2.0
CM147323.1	97200000	97300000	1.0
CM147323.1	97400000	97500000	1.0
CM147323.1	97600000	97700000	1.0
CM147323.1	97700000	97800000	1.0
CM147323.1	97800000	97900000	4.0
CM147323.1	97900000	98000000	2.0
CM147323.1	98000000	98100000	6.0
CM147323.1	98100000	98200000	1.0
CM147323.1	98400000	98500000	1.0
CM147323.1	98600000	98700000	1.0
CM147323.1	99000000	99100000	1.0
CM147323.1	99100000	99200000	1.0
CM147323.1	99200000	99300000	2.0
CM147323.1	99400000	99500000	8.0
CM147323.1	99500000	99506673	1.0
CM147324.1	100000	200000	2.0
CM147324.1	300000	400000	1.0
CM147324.1	500000	600000	1.0
CM147324.1	1000000	1100000	1.0
CM147324.1	1100000	1200000	1.0
CM147324.1	1800000	1900000	1.0
CM147324.1	2200000	2300000	1.0
CM147324.1	2400000	2500000	2.0
CM147324.1	2600000	2700000	1.0
CM147324.1	2700000	2800000	1.0
CM147324.1	2800000	2900000	1.0
CM147324.1	2900000	3000000	1.0
CM147324.1	3100000	3200000	1.0
CM147324.1	3300000	3400000	1.0
CM147324.1	3400000	3500000	1.0
CM147324.1	3600000	3700000	2.0
CM147324.1	3700000	3800000	2.0
CM147324.1	3800000	3900000	1.0
CM147324.1	4000000	4100000	1.0
CM147324.1	4200000	4300000	1.0
CM147324.1	4300000	4400000	1.0
CM147324.1	4500000	4600000	1.0
CM147324.1	4600000	4700000	2.0
CM147324.1	4700000	4800000	3.0
CM147324.1	5700000	5800000	1.0
CM147324.1	5800000	5900000	5.0
CM147324.1	5900000	6000000	15.0
CM147324.1	6000000	6100000	6.0
CM147324.1	6100000	6200000	18.0
CM147324.1	6200000	6300000	9.0
CM147324.1	6300000	6400000	12.0
CM147324.1	6400000	6500000	6.0
CM147324.1	6500000	6600000	6.0
CM147324.1	6600000	6700000	1.0
CM147324.1	6900000	7000000	1.0
CM147324.1	7100000	7200000	2.0
CM147324.1	8000000	8100000	2.0
CM147324.1	9100000	9200000	2.0
CM147324.1	9300000	9400000	1.0
CM147324.1	9400000	9500000	1.0
CM147324.1	9500000	9600000	2.0
CM147324.1	9600000	9700000	3.0
CM147324.1	10400000	10500000	3.0
CM147324.1	10700000	10800000	1.0
CM147324.1	10800000	10900000	1.0
CM147324.1	11000000	11100000	1.0
CM147324.1	11100000	11200000	2.0
CM147324.1	11500000	11600000	1.0
CM147324.1	11900000	12000000	1.0
CM147324.1	12000000	12100000	1.0
CM147324.1	12100000	12200000	1.0
CM147324.1	12200000	12300000	2.0
CM147324.1	13100000	13200000	1.0
CM147324.1	13800000	13900000	1.0
CM147324.1	14200000	14300000	4.0
CM147324.1	14500000	14600000	2.0
CM147324.1	14600000	14700000	5.0
CM147324.1	14700000	14800000	2.0
CM147324.1	14800000	14900000	1.0
CM147324.1	15000000	15100000	1.0
CM147324.1	15300000	15400000	1.0
CM147324.1	15600000	15700000	4.0
CM147324.1	15700000	15800000	5.0
CM147324.1	15800000	15900000	1.0
CM147324.1	15900000	16000000	1.0
CM147324.1	16000000	16100000	1.0
CM147324.1	16200000	16300000	1.0
CM147324.1	16400000	16500000	1.0
CM147324.1	17200000	17300000	1.0
CM147324.1	17400000	17500000	1.0
CM147324.1	17600000	17700000	1.0
CM147324.1	18100000	18200000	1.0
CM147324.1	18400000	18500000	1.0
CM147324.1	19000000	19100000	1.0
CM147324.1	19800000	19900000	1.0
CM147324.1	20800000	20900000	1.0
CM147324.1	21000000	21100000	1.0
CM147324.1	21100000	21200000	1.0
CM147324.1	21300000	21400000	1.0
CM147324.1	21900000	22000000	1.0
CM147324.1	22600000	22700000	1.0
CM147324.1	22900000	23000000	1.0
CM147324.1	23100000	23200000	1.0
CM147324.1	23400000	23500000	2.0
CM147324.1	23700000	23800000	2.0
CM147324.1	23800000	23900000	2.0
CM147324.1	23900000	24000000	2.0
CM147324.1	24400000	24500000	1.0
CM147324.1	25400000	25500000	4.0
CM147324.1	25500000	25600000	4.0
CM147324.1	25700000	25800000	1.0
CM147324.1	25800000	25900000	3.0
CM147324.1	25900000	26000000	1.0
CM147324.1	26300000	26400000	1.0
CM147324.1	26600000	26700000	1.0
CM147324.1	26900000	27000000	1.0
CM147324.1	27700000	27800000	1.0
CM147324.1	27800000	27900000	2.0
CM147324.1	28400000	28500000	2.0
CM147324.1	28500000	28600000	2.0
CM147324.1	28600000	28700000	1.0
CM147324.1	29200000	29300000	4.0
CM147324.1	30400000	30500000	1.0
CM147324.1	30500000	30600000	2.0
CM147324.1	30600000	30700000	1.0
CM147324.1	30700000	30800000	1.0
CM147324.1	31200000	31300000	1.0
CM147324.1	31700000	31800000	1.0
CM147324.1	32200000	32300000	1.0
CM147324.1	32400000	32500000	3.0
CM147324.1	32500000	32600000	1.0
CM147324.1	32700000	32800000	1.0
CM147324.1	32900000	33000000	1.0
CM147324.1	33100000	33200000	1.0
CM147324.1	33400000	33500000	1.0
CM147324.1	33600000	33700000	1.0
CM147324.1	33800000	33900000	1.0
CM147324.1	33900000	34000000	1.0
CM147324.1	34300000	34400000	1.0
CM147324.1	34400000	34500000	2.0
CM147324.1	34500000	34600000	1.0
CM147324.1	34800000	34900000	1.0
CM147324.1	35000000	35100000	1.0
CM147324.1	35200000	35300000	1.0
CM147324.1	35300000	35400000	2.0
CM147324.1	35400000	35500000	1.0
CM147324.1	35900000	36000000	1.0
CM147324.1	36000000	36100000	1.0
CM147324.1	36200000	36300000	1.0
CM147324.1	36700000	36800000	2.0
CM147324.1	37200000	37300000	1.0
CM147324.1	37400000	37500000	1.0
CM147324.1	37700000	37800000	1.0
CM147324.1	37800000	37900000	2.0
CM147324.1	37900000	38000000	1.0
CM147324.1	38000000	38100000	1.0
CM147324.1	38100000	38200000	1.0
CM147324.1	38300000	38400000	1.0
CM147324.1	38600000	38700000	1.0
CM147324.1	38900000	39000000	1.0
CM147324.1	39100000	39200000	2.0
CM147324.1	39200000	39300000	1.0
CM147324.1	39300000	39400000	1.0
CM147324.1	39500000	39600000	2.0
CM147324.1	39600000	39700000	1.0
CM147324.1	40000000	40100000	1.0
CM147324.1	40100000	40200000	1.0
CM147324.1	40200000	40300000	1.0
CM147324.1	40500000	40600000	1.0
CM147324.1	40800000	40900000	1.0
CM147324.1	41200000	41300000	1.0
CM147324.1	41300000	41400000	1.0
CM147324.1	41600000	41700000	1.0
CM147324.1	42000000	42100000	1.0
CM147324.1	42100000	42200000	3.0
CM147324.1	42300000	42400000	1.0
CM147324.1	42600000	42700000	2.0
CM147324.1	43300000	43400000	2.0
CM147324.1	43900000	44000000	2.0
CM147324.1	46000000	46100000	1.0
CM147324.1	46200000	46300000	2.0
CM147324.1	46400000	46500000	3.0
CM147324.1	46700000	46800000	1.0
CM147324.1	47400000	47500000	1.0
CM147324.1	47500000	47600000	2.0
CM147324.1	47600000	47700000	3.0
CM147324.1	47800000	47900000	1.0
CM147324.1	48100000	48200000	1.0
CM147324.1	48400000	48500000	6.0
CM147324.1	48500000	48600000	1.0
CM147324.1	48600000	48700000	1.0
CM147324.1	48800000	48900000	1.0
CM147324.1	49100000	49200000	1.0
CM147324.1	49300000	49400000	1.0
CM147324.1	49700000	49800000	1.0
CM147324.1	49800000	49900000	2.0
CM147324.1	50000000	50100000	1.0
CM147324.1	50300000	50400000	1.0
CM147324.1	50400000	50500000	1.0
CM147324.1	50600000	50700000	4.0
CM147324.1	50700000	50800000	1.0
CM147324.1	50800000	50900000	1.0
CM147324.1	50900000	51000000	3.0
CM147324.1	51000000	51100000	1.0
CM147324.1	51300000	51400000	3.0
CM147324.1	51500000	51600000	1.0
CM147324.1	51600000	51700000	1.0
CM147324.1	51700000	51800000	1.0
CM147324.1	51800000	51900000	1.0
CM147324.1	52300000	52400000	2.0
CM147324.1	52400000	52500000	1.0
CM147324.1	52500000	52600000	1.0
CM147324.1	52600000	52700000	1.0
CM147324.1	52700000	52800000	1.0
CM147324.1	52800000	52900000	1.0
CM147324.1	53000000	53100000	1.0
CM147324.1	53600000	53700000	3.0
CM147324.1	53700000	53800000	1.0
CM147324.1	53900000	54000000	3.0
CM147324.1	54100000	54200000	1.0
CM147324.1	54300000	54400000	2.0
CM147324.1	54600000	54700000	1.0
CM147324.1	55000000	55100000	2.0
CM147324.1	55400000	55500000	1.0
CM147324.1	55700000	55800000	1.0
CM147324.1	56000000	56100000	3.0
CM147324.1	56200000	56300000	1.0
CM147324.1	56700000	56800000	1.0
CM147324.1	57300000	57400000	1.0
CM147324.1	57800000	57900000	1.0
CM147324.1	58500000	58600000	1.0
CM147324.1	58600000	58700000	1.0
CM147324.1	58700000	58800000	2.0
CM147324.1	58800000	58900000	1.0
CM147324.1	59600000	59700000	1.0
CM147324.1	60400000	60500000	4.0
CM147324.1	60600000	60700000	1.0
CM147324.1	60900000	61000000	1.0
CM147324.1	61200000	61300000	2.0
CM147324.1	61300000	61400000	3.0
CM147324.1	61400000	61500000	2.0
CM147324.1	61800000	61900000	1.0
CM147324.1	62100000	62200000	2.0
CM147324.1	62300000	62400000	1.0
CM147324.1	62500000	62600000	7.0
CM147324.1	62700000	62800000	1.0
CM147324.1	63100000	63200000	1.0
CM147324.1	63300000	63400000	1.0
CM147324.1	63400000	63500000	1.0
CM147324.1	63800000	63900000	1.0
CM147324.1	64500000	64600000	1.0
CM147324.1	64600000	64700000	3.0
CM147324.1	64700000	64800000	1.0
CM147324.1	64900000	65000000	1.0
CM147324.1	65100000	65200000	1.0
CM147324.1	65200000	65300000	1.0
CM147324.1	65400000	65500000	1.0
CM147324.1	65500000	65600000	1.0
CM147324.1	65600000	65700000	1.0
CM147324.1	65700000	65800000	1.0
CM147324.1	65900000	66000000	1.0
CM147324.1	66300000	66400000	1.0
CM147324.1	66600000	66700000	1.0
CM147324.1	67800000	67900000	1.0
CM147324.1	67900000	68000000	1.0
CM147324.1	68100000	68200000	1.0
CM147324.1	68200000	68300000	1.0
CM147324.1	68400000	68500000	1.0
CM147324.1	68700000	68800000	3.0
CM147324.1	68900000	69000000	1.0
CM147324.1	69400000	69500000	1.0
CM147324.1	69800000	69900000	1.0
CM147324.1	70000000	70100000	1.0
CM147324.1	70400000	70500000	3.0
CM147324.1	70600000	70700000	1.0
CM147324.1	71300000	71400000	1.0
CM147324.1	72000000	72100000	1.0
CM147324.1	72100000	72200000	1.0
CM147324.1	72300000	72400000	1.0
CM147324.1	72500000	72600000	1.0
CM147324.1	72700000	72800000	2.0
CM147324.1	72800000	72900000	1.0
CM147324.1	72900000	73000000	1.0
CM147324.1	73000000	73100000	1.0
CM147324.1	73100000	73200000	2.0
CM147324.1	73300000	73400000	1.0
CM147324.1	73700000	73800000	1.0
CM147324.1	73800000	73900000	2.0
CM147324.1	74000000	74100000	1.0
CM147324.1	74100000	74200000	1.0
CM147324.1	74300000	74400000	2.0
CM147324.1	74600000	74700000	1.0
CM147324.1	74800000	74900000	2.0
CM147324.1	75500000	75600000	1.0
CM147324.1	76400000	76500000	1.0
CM147324.1	76500000	76600000	1.0
CM147324.1	76600000	76700000	2.0
CM147324.1	76700000	76800000	1.0
CM147324.1	76800000	76900000	1.0
CM147324.1	76900000	77000000	1.0
CM147324.1	77200000	77300000	1.0
CM147324.1	77300000	77400000	2.0
CM147324.1	77500000	77600000	2.0
CM147324.1	77600000	77700000	1.0
CM147324.1	77700000	77800000	1.0
CM147324.1	78500000	78600000	1.0
CM147324.1	79100000	79200000	1.0
CM147324.1	79200000	79300000	2.0
CM147324.1	79400000	79500000	1.0
CM147324.1	79700000	79800000	1.0
CM147324.1	80200000	80300000	2.0
CM147324.1	80300000	80400000	1.0
CM147324.1	80500000	80600000	1.0
CM147324.1	81300000	81400000	1.0
CM147324.1	81500000	81600000	1.0
CM147324.1	81800000	81900000	1.0
CM147324.1	82100000	82200000	1.0
CM147324.1	82600000	82700000	1.0
CM147324.1	82700000	82800000	1.0
CM147324.1	82800000	82900000	1.0
CM147324.1	83100000	83200000	1.0
CM147324.1	83300000	83400000	1.0
CM147324.1	84700000	84800000	1.0
CM147324.1	84900000	85000000	1.0
CM147324.1	85100000	85200000	1.0
CM147324.1	85300000	85400000	1.0
CM147324.1	86200000	86300000	3.0
CM147324.1	86700000	86800000	1.0
CM147324.1	87300000	87400000	2.0
CM147324.1	87500000	87600000	2.0
CM147324.1	87700000	87800000	1.0
CM147324.1	88200000	88300000	3.0
CM147324.1	88400000	88500000	1.0
CM147324.1	89100000	89200000	2.0
CM147324.1	89300000	89400000	1.0
CM147324.1	90300000	90400000	1.0
CM147324.1	90400000	90500000	1.0
CM147324.1	90500000	90600000	2.0
CM147324.1	90600000	90700000	4.0
CM147324.1	91900000	92000000	1.0
CM147324.1	92500000	92600000	1.0
CM147324.1	92900000	93000000	1.0
CM147324.1	93300000	93400000	1.0
CM147324.1	93500000	93600000	1.0
CM147324.1	93700000	93800000	2.0
CM147324.1	94100000	94200000	1.0
CM147324.1	94400000	94500000	2.0
CM147324.1	94600000	94700000	1.0
CM147324.1	94800000	94900000	2.0
CM147324.1	95500000	95600000	1.0
CM147324.1	95900000	96000000	3.0
CM147324.1	96000000	96100000	1.0
CM147324.1	96400000	96500000	1.0
CM147324.1	96500000	96600000	1.0
CM147324.1	96600000	96700000	1.0
CM147324.1	96700000	96800000	1.0
CM147324.1	96800000	96900000	2.0
CM147324.1	97200000	97300000	1.0
CM147324.1	97500000	97600000	1.0
CM147324.1	98400000	98500000	1.0
CM147324.1	98500000	98600000	2.0
CM147324.1	98600000	98640294	1.0
CM147325.1	0	100000	1.0
CM147325.1	200000	300000	1.0
CM147325.1	300000	400000	2.0
CM147325.1	400000	500000	1.0
CM147325.1	500000	600000	1.0
CM147325.1	600000	700000	1.0
CM147325.1	700000	800000	1.0
CM147325.1	800000	900000	1.0
CM147325.1	900000	1000000	2.0
CM147325.1	1000000	1100000	1.0
CM147325.1	1100000	1200000	2.0
CM147325.1	1300000	1400000	1.0
CM147325.1	1400000	1500000	1.0
CM147325.1	1600000	1700000	1.0
CM147325.1	1900000	2000000	1.0
CM147325.1	2200000	2300000	1.0
CM147325.1	2300000	2400000	1.0
CM147325.1	2900000	3000000	1.0
CM147325.1	3100000	3200000	1.0
CM147325.1	3200000	3300000	1.0
CM147325.1	3300000	3400000	5.0
CM147325.1	3400000	3500000	10.0
CM147325.1	3500000	3600000	3.0
CM147325.1	3600000	3700000	3.0
CM147325.1	3700000	3800000	5.0
CM147325.1	3800000	3900000	4.0
CM147325.1	3900000	4000000	3.0
CM147325.1	4000000	4100000	2.0
CM147325.1	4200000	4300000	2.0
CM147325.1	4600000	4700000	1.0
CM147325.1	4700000	4800000	1.0
CM147325.1	4800000	4900000	1.0
CM147325.1	4900000	5000000	1.0
CM147325.1	5000000	5100000	1.0
CM147325.1	5200000	5300000	2.0
CM147325.1	5300000	5400000	1.0
CM147325.1	5500000	5600000	1.0
CM147325.1	5600000	5700000	2.0
CM147325.1	5700000	5800000	1.0
CM147325.1	5800000	5900000	1.0
CM147325.1	6000000	6100000	2.0
CM147325.1	6800000	6900000	3.0
CM147325.1	6900000	7000000	1.0
CM147325.1	7000000	7100000	2.0
CM147325.1	7100000	7200000	2.0
CM147325.1	7400000	7500000	3.0
CM147325.1	7500000	7600000	1.0
CM147325.1	7700000	7800000	1.0
CM147325.1	7800000	7900000	2.0
CM147325.1	8000000	8100000	1.0
CM147325.1	8100000	8200000	1.0
CM147325.1	8300000	8400000	1.0
CM147325.1	8500000	8600000	2.0
CM147325.1	8700000	8800000	2.0
CM147325.1	8800000	8900000	3.0
CM147325.1	8900000	9000000	2.0
CM147325.1	9000000	9100000	1.0
CM147325.1	9100000	9200000	1.0
CM147325.1	9200000	9300000	1.0
CM147325.1	9400000	9500000	1.0
CM147325.1	9600000	9700000	1.0
CM147325.1	9800000	9900000	1.0
CM147325.1	9900000	10000000	1.0
CM147325.1	10200000	10300000	1.0
CM147325.1	10400000	10500000	1.0
CM147325.1	10600000	10700000	1.0
CM147325.1	10700000	10800000	2.0
CM147325.1	10800000	10900000	3.0
CM147325.1	10900000	11000000	1.0
CM147325.1	11000000	11100000	3.0
CM147325.1	11100000	11200000	2.0
CM147325.1	11200000	11300000	1.0
CM147325.1	11400000	11500000	3.0
CM147325.1	11500000	11600000	2.0
CM147325.1	11600000	11700000	3.0
CM147325.1	11800000	11900000	1.0
CM147325.1	12300000	12400000	2.0
CM147325.1	12500000	12600000	3.0
CM147325.1	12600000	12700000	2.0
CM147325.1	12800000	12900000	1.0
CM147325.1	12900000	13000000	1.0
CM147325.1	13100000	13200000	1.0
CM147325.1	13200000	13300000	3.0
CM147325.1	13400000	13500000	2.0
CM147325.1	13500000	13600000	2.0
CM147325.1	13600000	13700000	1.0
CM147325.1	13700000	13800000	1.0
CM147325.1	13800000	13900000	1.0
CM147325.1	13900000	14000000	1.0
CM147325.1	14000000	14100000	1.0
CM147325.1	14100000	14200000	1.0
CM147325.1	14200000	14300000	1.0
CM147325.1	14300000	14400000	1.0
CM147325.1	14400000	14500000	2.0
CM147325.1	14500000	14600000	1.0
CM147325.1	14800000	14900000	1.0
CM147325.1	14900000	15000000	1.0
CM147325.1	15000000	15100000	2.0
CM147325.1	15100000	15200000	3.0
CM147325.1	15200000	15300000	2.0
CM147325.1	15300000	15400000	1.0
CM147325.1	15400000	15500000	1.0
CM147325.1	15500000	15600000	1.0
CM147325.1	15600000	15700000	2.0
CM147325.1	15700000	15800000	2.0
CM147325.1	15800000	15900000	4.0
CM147325.1	15900000	16000000	1.0
CM147325.1	16000000	16100000	3.0
CM147325.1	16100000	16200000	7.0
CM147325.1	16200000	16300000	4.0
CM147325.1	16300000	16400000	2.0
CM147325.1	16400000	16500000	2.0
CM147325.1	16600000	16700000	1.0
CM147325.1	16700000	16800000	1.0
CM147325.1	16800000	16900000	1.0
CM147325.1	16900000	17000000	1.0
CM147325.1	17000000	17100000	3.0
CM147325.1	17400000	17500000	1.0
CM147325.1	17600000	17700000	1.0
CM147325.1	17700000	17800000	2.0
CM147325.1	17800000	17900000	3.0
CM147325.1	17900000	18000000	1.0
CM147325.1	18000000	18100000	1.0
CM147325.1	18100000	18200000	1.0
CM147325.1	18200000	18300000	2.0
CM147325.1	18300000	18400000	2.0
CM147325.1	18400000	18500000	1.0
CM147325.1	18500000	18600000	1.0
CM147325.1	18600000	18700000	2.0
CM147325.1	18700000	18800000	1.0
CM147325.1	18800000	18900000	1.0
CM147325.1	19100000	19200000	2.0
CM147325.1	19300000	19400000	1.0
CM147325.1	19400000	19500000	3.0
CM147325.1	19500000	19600000	2.0
CM147325.1	19600000	19700000	7.0
CM147325.1	19700000	19800000	6.0
CM147325.1	19800000	19900000	1.0
CM147325.1	19900000	20000000	2.0
CM147325.1	20000000	20100000	2.0
CM147325.1	20100000	20200000	3.0
CM147325.1	20200000	20300000	1.0
CM147325.1	20300000	20400000	3.0
CM147325.1	20400000	20500000	1.0
CM147325.1	20600000	20700000	1.0
CM147325.1	20700000	20800000	1.0
CM147325.1	20900000	21000000	3.0
CM147325.1	21000000	21100000	3.0
CM147325.1	21100000	21200000	1.0
CM147325.1	21200000	21300000	3.0
CM147325.1	21300000	21400000	4.0
CM147325.1	21400000	21500000	5.0
CM147325.1	21600000	21700000	6.0
CM147325.1	21700000	21800000	3.0
CM147325.1	21800000	21900000	3.0
CM147325.1	21900000	22000000	2.0
CM147325.1	22000000	22100000	6.0
CM147325.1	22100000	22200000	1.0
CM147325.1	22400000	22500000	1.0
CM147325.1	22500000	22600000	1.0
CM147325.1	22600000	22700000	1.0
CM147325.1	22700000	22800000	2.0
CM147325.1	23400000	23500000	1.0
CM147325.1	23600000	23700000	1.0
CM147325.1	23800000	23900000	2.0
CM147325.1	24600000	24700000	1.0
CM147325.1	25500000	25600000	4.0
CM147325.1	25600000	25700000	5.0
CM147325.1	25700000	25800000	1.0
CM147325.1	25800000	25900000	1.0
CM147325.1	25900000	26000000	3.0
CM147325.1	26000000	26100000	1.0
CM147325.1	26100000	26200000	1.0
CM147325.1	26200000	26300000	1.0
CM147325.1	26600000	26700000	3.0
CM147325.1	26700000	26800000	1.0
CM147325.1	26900000	27000000	1.0
CM147325.1	27000000	27100000	1.0
CM147325.1	27400000	27500000	1.0
CM147325.1	28000000	28100000	2.0
CM147325.1	28600000	28700000	1.0
CM147325.1	28900000	29000000	1.0
CM147325.1	29000000	29100000	1.0
CM147325.1	29100000	29200000	1.0
CM147325.1	29200000	29300000	2.0
CM147325.1	29400000	29500000	1.0
CM147325.1	32700000	32800000	1.0
CM147325.1	32900000	33000000	1.0
CM147325.1	33900000	34000000	1.0
CM147325.1	35700000	35800000	1.0
CM147325.1	35800000	35900000	2.0
CM147325.1	36000000	36100000	1.0
CM147325.1	36300000	36400000	1.0
CM147325.1	36600000	36700000	1.0
CM147325.1	36900000	37000000	1.0
CM147325.1	37000000	37100000	1.0
CM147325.1	37500000	37600000	2.0
CM147325.1	39100000	39200000	3.0
CM147325.1	39500000	39600000	1.0
CM147325.1	40400000	40500000	1.0
CM147325.1	40500000	40600000	1.0
CM147325.1	40600000	40700000	1.0
CM147325.1	40700000	40800000	1.0
CM147325.1	41100000	41200000	1.0
CM147325.1	41200000	41300000	1.0
CM147325.1	41400000	41500000	1.0
CM147325.1	41500000	41600000	1.0
CM147325.1	41800000	41900000	2.0
CM147325.1	42200000	42300000	1.0
CM147325.1	42800000	42900000	1.0
CM147325.1	43500000	43600000	1.0
CM147325.1	43700000	43800000	1.0
CM147325.1	44100000	44200000	1.0
CM147325.1	44700000	44800000	2.0
CM147325.1	45200000	45300000	1.0
CM147325.1	45500000	45600000	1.0
CM147325.1	45600000	45700000	1.0
CM147325.1	45800000	45900000	1.0
CM147325.1	45900000	46000000	2.0
CM147325.1	46400000	46500000	1.0
CM147325.1	46500000	46600000	3.0
CM147325.1	47700000	47800000	1.0
CM147325.1	48300000	48400000	1.0
CM147325.1	50200000	50300000	1.0
CM147325.1	50300000	50400000	1.0
CM147325.1	50400000	50500000	1.0
CM147325.1	50700000	50800000	1.0
CM147325.1	50800000	50900000	1.0
CM147325.1	51600000	51700000	1.0
CM147325.1	52500000	52600000	1.0
CM147325.1	53800000	53900000	1.0
CM147325.1	54200000	54300000	1.0
CM147325.1	54500000	54600000	1.0
CM147325.1	54600000	54700000	1.0
CM147325.1	54900000	55000000	1.0
CM147325.1	55100000	55200000	2.0
CM147325.1	55500000	55600000	1.0
CM147325.1	55800000	55900000	2.0
CM147325.1	56000000	56100000	2.0
CM147325.1	56100000	56200000	1.0
CM147325.1	56500000	56600000	1.0
CM147325.1	57000000	57100000	1.0
CM147325.1	57300000	57400000	1.0
CM147325.1	57800000	57900000	2.0
CM147325.1	58000000	58100000	1.0
CM147325.1	59000000	59100000	2.0
CM147325.1	59100000	59200000	2.0
CM147325.1	59600000	59700000	1.0
CM147325.1	60100000	60200000	1.0
CM147325.1	60500000	60600000	1.0
CM147325.1	60900000	61000000	2.0
CM147325.1	61600000	61700000	1.0
CM147325.1	61700000	61800000	2.0
CM147325.1	62200000	62300000	1.0
CM147325.1	63100000	63200000	1.0
CM147325.1	63700000	63800000	1.0
CM147325.1	63900000	64000000	2.0
CM147325.1	64000000	64100000	2.0
CM147325.1	64500000	64600000	1.0
CM147325.1	64600000	64700000	1.0
CM147325.1	64700000	64800000	1.0
CM147325.1	64900000	65000000	2.0
CM147325.1	65000000	65100000	1.0
CM147325.1	65200000	65300000	1.0
CM147325.1	65500000	65600000	2.0
CM147325.1	66100000	66200000	1.0
CM147325.1	67100000	67200000	2.0
CM147325.1	67800000	67900000	1.0
CM147325.1	68000000	68100000	1.0
CM147325.1	68200000	68300000	1.0
CM147325.1	68400000	68500000	2.0
CM147325.1	68600000	68700000	2.0
CM147325.1	68700000	68800000	1.0
CM147325.1	68900000	69000000	1.0
CM147325.1	69000000	69100000	1.0
CM147325.1	69100000	69200000	1.0
CM147325.1	69200000	69300000	1.0
CM147325.1	69300000	69400000	1.0
CM147325.1	69500000	69600000	1.0
CM147325.1	70000000	70100000	1.0
CM147325.1	70300000	70400000	3.0
CM147325.1	70500000	70600000	1.0
CM147325.1	70800000	70900000	1.0
CM147325.1	71500000	71600000	1.0
CM147325.1	71600000	71700000	1.0
CM147325.1	71800000	71900000	2.0
CM147325.1	72200000	72300000	1.0
CM147325.1	72300000	72400000	1.0
CM147325.1	72800000	72900000	1.0
CM147325.1	73100000	73200000	3.0
CM147325.1	73200000	73300000	2.0
CM147325.1	73600000	73700000	1.0
CM147325.1	73800000	73900000	1.0
CM147325.1	74000000	74100000	1.0
CM147325.1	74200000	74300000	1.0
CM147325.1	74700000	74800000	1.0
CM147325.1	75000000	75100000	1.0
CM147325.1	75800000	75900000	1.0
CM147325.1	75900000	76000000	1.0
CM147325.1	76100000	76200000	1.0
CM147325.1	76400000	76500000	3.0
CM147325.1	77400000	77500000	1.0
CM147325.1	77500000	77600000	1.0
CM147325.1	77800000	77900000	1.0
CM147325.1	77900000	78000000	1.0
CM147325.1	79600000	79700000	1.0
CM147325.1	79800000	79900000	1.0
CM147325.1	79900000	80000000	1.0
CM147325.1	80100000	80200000	1.0
CM147325.1	80200000	80300000	2.0
CM147325.1	80300000	80400000	1.0
CM147325.1	80500000	80600000	2.0
CM147325.1	80600000	80700000	1.0
CM147325.1	80900000	81000000	1.0
CM147325.1	81700000	81800000	1.0
CM147325.1	82000000	82100000	2.0
CM147325.1	82500000	82600000	1.0
CM147325.1	83500000	83600000	2.0
CM147325.1	83800000	83900000	1.0
CM147325.1	84000000	84100000	2.0
CM147325.1	84400000	84500000	1.0
CM147325.1	85200000	85300000	1.0
CM147325.1	85800000	85900000	1.0
CM147325.1	86000000	86100000	2.0
CM147325.1	86300000	86400000	1.0
CM147325.1	86500000	86600000	1.0
CM147325.1	86800000	86900000	4.0
CM147325.1	87100000	87200000	1.0
CM147325.1	87300000	87400000	1.0
CM147325.1	87400000	87500000	2.0
CM147325.1	87600000	87700000	1.0
CM147325.1	88000000	88100000	1.0
CM147325.1	88100000	88200000	1.0
CM147325.1	88800000	88900000	1.0
CM147325.1	89000000	89100000	1.0
CM147325.1	89100000	89200000	1.0
CM147325.1	89200000	89300000	1.0
CM147325.1	89500000	89600000	1.0
CM147325.1	89600000	89700000	1.0
CM147325.1	89700000	89800000	2.0
CM147325.1	89800000	89900000	1.0
CM147325.1	90000000	90067397	1.0
CM147326.1	200000	300000	2.0
CM147326.1	600000	700000	1.0
CM147326.1	800000	900000	2.0
CM147326.1	1100000	1200000	1.0
CM147326.1	1900000	2000000	1.0
CM147326.1	2100000	2200000	1.0
CM147326.1	3400000	3500000	2.0
CM147326.1	3600000	3700000	1.0
CM147326.1	3800000	3900000	2.0
CM147326.1	4200000	4300000	3.0
CM147326.1	4300000	4400000	1.0
CM147326.1	4400000	4500000	1.0
CM147326.1	4600000	4700000	1.0
CM147326.1	5000000	5100000	1.0
CM147326.1	5100000	5200000	1.0
CM147326.1	5200000	5300000	4.0
CM147326.1	5300000	5400000	2.0
CM147326.1	5400000	5500000	1.0
CM147326.1	5500000	5600000	2.0
CM147326.1	5600000	5700000	3.0
CM147326.1	5700000	5800000	1.0
CM147326.1	6200000	6300000	1.0
CM147326.1	6300000	6400000	1.0
CM147326.1	6400000	6500000	1.0
CM147326.1	6700000	6800000	1.0
CM147326.1	7400000	7500000	1.0
CM147326.1	8000000	8100000	1.0
CM147326.1	8100000	8200000	1.0
CM147326.1	8200000	8300000	1.0
CM147326.1	8500000	8600000	1.0
CM147326.1	8800000	8900000	1.0
CM147326.1	9000000	9100000	2.0
CM147326.1	10900000	11000000	1.0
CM147326.1	11700000	11800000	1.0
CM147326.1	11800000	11900000	1.0
CM147326.1	12400000	12500000	1.0
CM147326.1	12500000	12600000	1.0
CM147326.1	12600000	12700000	1.0
CM147326.1	12900000	13000000	1.0
CM147326.1	13200000	13300000	2.0
CM147326.1	13300000	13400000	1.0
CM147326.1	13500000	13600000	1.0
CM147326.1	13800000	13900000	1.0
CM147326.1	13900000	14000000	1.0
CM147326.1	14300000	14400000	1.0
CM147326.1	14700000	14800000	1.0
CM147326.1	14800000	14900000	4.0
CM147326.1	15600000	15700000	1.0
CM147326.1	15900000	16000000	1.0
CM147326.1	16000000	16100000	1.0
CM147326.1	16500000	16600000	3.0
CM147326.1	16600000	16700000	10.0
CM147326.1	16700000	16800000	7.0
CM147326.1	16800000	16900000	6.0
CM147326.1	16900000	17000000	2.0
CM147326.1	17000000	17100000	2.0
CM147326.1	17200000	17300000	1.0
CM147326.1	17400000	17500000	1.0
CM147326.1	17500000	17600000	3.0
CM147326.1	17600000	17700000	1.0
CM147326.1	17900000	18000000	1.0
CM147326.1	18200000	18300000	1.0
CM147326.1	18500000	18600000	2.0
CM147326.1	18600000	18700000	1.0
CM147326.1	19300000	19400000	2.0
CM147326.1	20000000	20100000	1.0
CM147326.1	20300000	20400000	1.0
CM147326.1	20400000	20500000	1.0
CM147326.1	20600000	20700000	1.0
CM147326.1	20800000	20900000	1.0
CM147326.1	21500000	21600000	1.0
CM147326.1	21600000	21700000	1.0
CM147326.1	21900000	22000000	1.0
CM147326.1	22100000	22200000	1.0
CM147326.1	22400000	22500000	2.0
CM147326.1	22500000	22600000	1.0
CM147326.1	23000000	23100000	1.0
CM147326.1	23200000	23300000	1.0
CM147326.1	23300000	23400000	1.0
CM147326.1	23400000	23500000	1.0
CM147326.1	23500000	23600000	1.0
CM147326.1	23700000	23800000	1.0
CM147326.1	24000000	24100000	3.0
CM147326.1	24100000	24200000	3.0
CM147326.1	24200000	24300000	1.0
CM147326.1	24500000	24600000	1.0
CM147326.1	24600000	24700000	2.0
CM147326.1	25100000	25200000	1.0
CM147326.1	25200000	25300000	1.0
CM147326.1	25300000	25400000	3.0
CM147326.1	25400000	25500000	2.0
CM147326.1	25500000	25600000	2.0
CM147326.1	26000000	26100000	1.0
CM147326.1	26100000	26200000	1.0
CM147326.1	26200000	26300000	1.0
CM147326.1	26500000	26600000	1.0
CM147326.1	27300000	27400000	1.0
CM147326.1	27800000	27900000	1.0
CM147326.1	27900000	28000000	1.0
CM147326.1	28000000	28100000	1.0
CM147326.1	28100000	28200000	1.0
CM147326.1	28400000	28500000	1.0
CM147326.1	28700000	28800000	2.0
CM147326.1	29400000	29500000	1.0
CM147326.1	29500000	29600000	2.0
CM147326.1	29600000	29700000	2.0
CM147326.1	30000000	30100000	1.0
CM147326.1	30100000	30200000	1.0
CM147326.1	30200000	30300000	2.0
CM147326.1	30400000	30500000	1.0
CM147326.1	30500000	30600000	2.0
CM147326.1	30800000	30900000	1.0
CM147326.1	30900000	31000000	1.0
CM147326.1	31300000	31400000	1.0
CM147326.1	31400000	31500000	1.0
CM147326.1	31600000	31700000	2.0
CM147326.1	32000000	32100000	1.0
CM147326.1	32100000	32200000	3.0
CM147326.1	32600000	32700000	1.0
CM147326.1	33300000	33400000	1.0
CM147326.1	33400000	33500000	1.0
CM147326.1	33500000	33600000	1.0
CM147326.1	33600000	33700000	1.0
CM147326.1	33700000	33800000	2.0
CM147326.1	34100000	34200000	1.0
CM147326.1	34300000	34400000	2.0
CM147326.1	34400000	34500000	1.0
CM147326.1	34600000	34700000	1.0
CM147326.1	34800000	34900000	1.0
CM147326.1	34900000	35000000	1.0
CM147326.1	35000000	35100000	2.0
CM147326.1	35100000	35200000	2.0
CM147326.1	35200000	35300000	1.0
CM147326.1	35300000	35400000	2.0
CM147326.1	35400000	35500000	2.0
CM147326.1	35600000	35700000	1.0
CM147326.1	35800000	35900000	2.0
CM147326.1	36200000	36300000	1.0
CM147326.1	36300000	36400000	2.0
CM147326.1	36500000	36600000	1.0
CM147326.1	36700000	36800000	2.0
CM147326.1	37000000	37100000	1.0
CM147326.1	37100000	37200000	2.0
CM147326.1	37400000	37500000	1.0
CM147326.1	37700000	37800000	1.0
CM147326.1	37800000	37900000	1.0
CM147326.1	37900000	38000000	1.0
CM147326.1	38400000	38500000	1.0
CM147326.1	38500000	38600000	4.0
CM147326.1	38600000	38700000	1.0
CM147326.1	38700000	38800000	1.0
CM147326.1	38800000	38900000	3.0
CM147326.1	39000000	39100000	1.0
CM147326.1	39100000	39200000	1.0
CM147326.1	39300000	39400000	2.0
CM147326.1	39400000	39500000	1.0
CM147326.1	39500000	39600000	1.0
CM147326.1	39700000	39800000	1.0
CM147326.1	39800000	39900000	1.0
CM147326.1	39900000	40000000	1.0
CM147326.1	40000000	40100000	1.0
CM147326.1	40100000	40200000	1.0
CM147326.1	40200000	40300000	2.0
CM147326.1	40300000	40400000	1.0
CM147326.1	40400000	40500000	1.0
CM147326.1	40500000	40600000	2.0
CM147326.1	40600000	40700000	3.0
CM147326.1	40700000	40800000	1.0
CM147326.1	40800000	40900000	1.0
CM147326.1	40900000	41000000	2.0
CM147326.1	41000000	41100000	4.0
CM147326.1	41100000	41200000	3.0
CM147326.1	41200000	41300000	2.0
CM147326.1	41300000	41400000	3.0
CM147326.1	41400000	41500000	1.0
CM147326.1	41500000	41600000	2.0
CM147326.1	41600000	41700000	2.0
CM147326.1	41700000	41800000	3.0
CM147326.1	41800000	41900000	1.0
CM147326.1	41900000	42000000	4.0
CM147326.1	42000000	42100000	3.0
CM147326.1	42100000	42200000	1.0
CM147326.1	42200000	42300000	3.0
CM147326.1	42400000	42500000	6.0
CM147326.1	42500000	42600000	1.0
CM147326.1	42600000	42700000	2.0
CM147326.1	42700000	42800000	3.0
CM147326.1	42800000	42900000	1.0
CM147326.1	42900000	43000000	2.0
CM147326.1	43000000	43100000	3.0
CM147326.1	43100000	43200000	2.0
CM147326.1	43300000	43400000	1.0
CM147326.1	43400000	43500000	4.0
CM147326.1	43500000	43600000	3.0
CM147326.1	43600000	43700000	4.0
CM147326.1	43700000	43800000	1.0
CM147326.1	43800000	43900000	3.0
CM147326.1	43900000	44000000	3.0
CM147326.1	44000000	44100000	3.0
CM147326.1	44200000	44300000	2.0
CM147326.1	44300000	44400000	1.0
CM147326.1	44400000	44500000	2.0
CM147326.1	44500000	44600000	2.0
CM147326.1	44600000	44700000	5.0
CM147326.1	44700000	44800000	1.0
CM147326.1	44800000	44900000	2.0
CM147326.1	44900000	45000000	2.0
CM147326.1	45000000	45100000	4.0
CM147326.1	45100000	45200000	2.0
CM147326.1	45200000	45300000	1.0
CM147326.1	45300000	45400000	1.0
CM147326.1	45400000	45500000	2.0
CM147326.1	45500000	45600000	1.0
CM147326.1	45600000	45700000	2.0
CM147326.1	45700000	45800000	1.0
CM147326.1	45800000	45900000	2.0
CM147326.1	45900000	46000000	1.0
CM147326.1	46100000	46200000	1.0
CM147326.1	46400000	46500000	1.0
CM147326.1	46600000	46700000	1.0
CM147326.1	46800000	46900000	4.0
CM147326.1	46900000	47000000	2.0
CM147326.1	47000000	47100000	1.0
CM147326.1	47100000	47200000	3.0
CM147326.1	47200000	47300000	3.0
CM147326.1	47300000	47400000	5.0
CM147326.1	47400000	47500000	1.0
CM147326.1	47500000	47600000	1.0
CM147326.1	47700000	47800000	1.0
CM147326.1	47800000	47900000	5.0
CM147326.1	47900000	48000000	1.0
CM147326.1	48500000	48600000	1.0
CM147326.1	48600000	48700000	2.0
CM147326.1	48700000	48800000	1.0
CM147326.1	48800000	48900000	1.0
CM147326.1	48900000	49000000	1.0
CM147326.1	49000000	49100000	1.0
CM147326.1	49200000	49300000	1.0
CM147326.1	49400000	49500000	1.0
CM147326.1	49500000	49600000	4.0
CM147326.1	49600000	49700000	1.0
CM147326.1	49800000	49900000	2.0
CM147326.1	49900000	50000000	2.0
CM147326.1	50000000	50100000	1.0
CM147326.1	50100000	50200000	1.0
CM147326.1	50200000	50300000	4.0
CM147326.1	50300000	50400000	1.0
CM147326.1	50400000	50500000	3.0
CM147326.1	50500000	50600000	5.0
CM147326.1	50700000	50800000	1.0
CM147326.1	50800000	50900000	2.0
CM147326.1	50900000	51000000	2.0
CM147326.1	51000000	51100000	8.0
CM147326.1	51100000	51200000	3.0
CM147326.1	51200000	51300000	2.0
CM147326.1	51300000	51400000	5.0
CM147326.1	51400000	51500000	1.0
CM147326.1	51500000	51600000	1.0
CM147326.1	51600000	51700000	1.0
CM147326.1	51700000	51800000	6.0
CM147326.1	51800000	51900000	2.0
CM147326.1	51900000	52000000	1.0
CM147326.1	52000000	52100000	4.0
CM147326.1	52100000	52200000	2.0
CM147326.1	52200000	52300000	5.0
CM147326.1	52300000	52400000	9.0
CM147326.1	52400000	52500000	1.0
CM147326.1	52600000	52700000	2.0
CM147326.1	52700000	52800000	1.0
CM147326.1	52800000	52900000	4.0
CM147326.1	52900000	53000000	3.0
CM147326.1	53000000	53100000	1.0
CM147326.1	53100000	53200000	10.0
CM147326.1	53200000	53300000	4.0
CM147326.1	53300000	53400000	6.0
CM147326.1	53400000	53500000	6.0
CM147326.1	53500000	53600000	13.0
CM147326.1	53600000	53700000	1.0
CM147326.1	53700000	53800000	1.0
CM147326.1	54000000	54100000	4.0
CM147326.1	54100000	54200000	1.0
CM147326.1	54400000	54500000	1.0
CM147326.1	54600000	54700000	6.0
CM147326.1	54700000	54800000	5.0
CM147326.1	54800000	54900000	2.0
CM147326.1	54900000	55000000	1.0
CM147326.1	55100000	55200000	1.0
CM147326.1	55200000	55300000	1.0
CM147326.1	55300000	55400000	1.0
CM147326.1	55400000	55500000	3.0
CM147326.1	55500000	55600000	3.0
CM147326.1	55600000	55700000	2.0
CM147326.1	55700000	55800000	1.0
CM147326.1	55800000	55900000	4.0
CM147326.1	55900000	56000000	5.0
CM147326.1	56000000	56100000	8.0
CM147326.1	56100000	56200000	3.0
CM147326.1	56200000	56300000	1.0
CM147326.1	56300000	56400000	5.0
CM147326.1	56400000	56500000	2.0
CM147326.1	56600000	56700000	1.0
CM147326.1	56700000	56800000	1.0
CM147326.1	56800000	56900000	10.0
CM147326.1	56900000	57000000	9.0
CM147326.1	57000000	57100000	8.0
CM147326.1	57200000	57300000	1.0
CM147326.1	57300000	57400000	5.0
CM147326.1	57400000	57500000	3.0
CM147326.1	57500000	57600000	5.0
CM147326.1	57600000	57700000	7.0
CM147326.1	57700000	57800000	1.0
CM147326.1	57800000	57900000	1.0
CM147326.1	57900000	58000000	5.0
CM147326.1	58000000	58100000	1.0
CM147326.1	58100000	58200000	1.0
CM147326.1	58200000	58300000	8.0
CM147326.1	58300000	58400000	4.0
CM147326.1	58400000	58500000	11.0
CM147326.1	58800000	58900000	1.0
CM147326.1	59500000	59600000	1.0
CM147326.1	59600000	59700000	3.0
CM147326.1	59700000	59800000	3.0
CM147326.1	59800000	59900000	7.0
CM147326.1	59900000	60000000	5.0
CM147326.1	60000000	60100000	1.0
CM147326.1	60100000	60200000	2.0
CM147326.1	60200000	60300000	9.0
CM147326.1	60300000	60400000	3.0
CM147326.1	60400000	60500000	1.0
CM147326.1	60500000	60600000	3.0
CM147326.1	60600000	60700000	13.0
CM147326.1	60700000	60800000	4.0
CM147326.1	60800000	60900000	7.0
CM147326.1	60900000	61000000	3.0
CM147326.1	61000000	61100000	1.0
CM147326.1	61100000	61200000	1.0
CM147326.1	61200000	61300000	6.0
CM147326.1	61300000	61400000	10.0
CM147326.1	61400000	61500000	4.0
CM147326.1	61500000	61600000	1.0
CM147326.1	61600000	61700000	6.0
CM147326.1	61700000	61800000	5.0
CM147326.1	61800000	61900000	8.0
CM147326.1	61900000	62000000	2.0
CM147326.1	62000000	62100000	5.0
CM147326.1	62100000	62200000	6.0
CM147326.1	62400000	62500000	3.0
CM147326.1	62500000	62600000	9.0
CM147326.1	62600000	62700000	13.0
CM147326.1	62700000	62800000	4.0
CM147326.1	62800000	62900000	7.0
CM147326.1	62900000	63000000	3.0
CM147326.1	63000000	63100000	5.0
CM147326.1	63100000	63200000	2.0
CM147326.1	63200000	63300000	2.0
CM147326.1	63300000	63400000	1.0
CM147326.1	63400000	63500000	13.0
CM147326.1	63500000	63600000	2.0
CM147326.1	63600000	63700000	9.0
CM147326.1	63700000	63800000	5.0
CM147326.1	63800000	63900000	2.0
CM147326.1	63900000	64000000	7.0
CM147326.1	64000000	64100000	3.0
CM147326.1	64100000	64200000	3.0
CM147326.1	64200000	64300000	5.0
CM147326.1	64300000	64400000	7.0
CM147326.1	64400000	64500000	3.0
CM147326.1	64500000	64600000	1.0
CM147326.1	64600000	64700000	1.0
CM147326.1	64700000	64800000	1.0
CM147326.1	64800000	64900000	2.0
CM147326.1	64900000	65000000	5.0
CM147326.1	65000000	65100000	5.0
CM147326.1	65100000	65200000	14.0
CM147326.1	65200000	65300000	12.0
CM147326.1	65300000	65400000	14.0
CM147326.1	65400000	65500000	15.0
CM147326.1	65500000	65600000	7.0
CM147326.1	65600000	65700000	4.0
CM147326.1	65700000	65800000	10.0
CM147326.1	65800000	65900000	6.0
CM147326.1	65900000	66000000	3.0
CM147326.1	66000000	66100000	8.0
CM147326.1	66100000	66200000	1.0
CM147326.1	66200000	66300000	1.0
CM147326.1	66300000	66400000	1.0
CM147326.1	66400000	66500000	4.0
CM147326.1	66500000	66600000	3.0
CM147326.1	66600000	66700000	1.0
CM147326.1	66700000	66800000	8.0
CM147326.1	66800000	66900000	6.0
CM147326.1	66900000	67000000	2.0
CM147326.1	67000000	67100000	1.0
CM147326.1	67200000	67300000	2.0
CM147326.1	67300000	67373589	1.0
CM147327.1	0	100000	1.0
CM147327.1	100000	200000	1.0
CM147327.1	200000	300000	8.0
CM147327.1	300000	400000	5.0
CM147327.1	400000	500000	9.0
CM147327.1	500000	600000	2.0
CM147327.1	700000	800000	1.0
CM147327.1	800000	900000	1.0
CM147327.1	900000	1000000	1.0
CM147327.1	1200000	1300000	1.0
CM147327.1	1300000	1400000	3.0
CM147327.1	1400000	1500000	9.0
CM147327.1	1500000	1600000	2.0
CM147327.1	1600000	1700000	1.0
CM147327.1	1700000	1800000	4.0
CM147327.1	1800000	1900000	8.0
CM147327.1	1900000	2000000	3.0
CM147327.1	2100000	2200000	1.0
CM147327.1	2200000	2300000	1.0
CM147327.1	2300000	2400000	2.0
CM147327.1	2400000	2500000	2.0
CM147327.1	2600000	2700000	1.0
CM147327.1	3100000	3200000	1.0
CM147327.1	3200000	3300000	1.0
CM147327.1	3400000	3500000	10.0
CM147327.1	3500000	3600000	4.0
CM147327.1	3600000	3700000	11.0
CM147327.1	3700000	3800000	4.0
CM147327.1	3800000	3900000	2.0
CM147327.1	3900000	4000000	1.0
CM147327.1	4000000	4100000	11.0
CM147327.1	4100000	4200000	2.0
CM147327.1	4300000	4400000	5.0
CM147327.1	4400000	4500000	7.0
CM147327.1	4500000	4600000	1.0
CM147327.1	4600000	4700000	1.0
CM147327.1	4700000	4800000	5.0
CM147327.1	4800000	4900000	1.0
CM147327.1	4900000	5000000	1.0
CM147327.1	5000000	5100000	1.0
CM147327.1	5200000	5300000	4.0
CM147327.1	5300000	5400000	4.0
CM147327.1	5400000	5500000	1.0
CM147327.1	5500000	5600000	2.0
CM147327.1	5600000	5700000	1.0
CM147327.1	5700000	5800000	1.0
CM147327.1	5800000	5900000	7.0
CM147327.1	6000000	6100000	2.0
CM147327.1	6100000	6200000	9.0
CM147327.1	6200000	6300000	14.0
CM147327.1	6300000	6400000	12.0
CM147327.1	6400000	6500000	10.0
CM147327.1	6500000	6600000	10.0
CM147327.1	6600000	6700000	8.0
CM147327.1	6700000	6800000	11.0
CM147327.1	6800000	6900000	9.0
CM147327.1	6900000	7000000	14.0
CM147327.1	7000000	7100000	7.0
CM147327.1	7100000	7200000	4.0
CM147327.1	7200000	7300000	1.0
CM147327.1	7300000	7400000	1.0
CM147327.1	7400000	7500000	2.0
CM147327.1	7600000	7700000	8.0
CM147327.1	7700000	7800000	5.0
CM147327.1	7800000	7900000	9.0
CM147327.1	7900000	8000000	3.0
CM147327.1	8000000	8100000	8.0
CM147327.1	8100000	8200000	5.0
CM147327.1	8200000	8300000	1.0
CM147327.1	8300000	8400000	5.0
CM147327.1	8400000	8500000	2.0
CM147327.1	8500000	8600000	5.0
CM147327.1	8600000	8700000	19.0
CM147327.1	8700000	8800000	8.0
CM147327.1	8800000	8900000	9.0
CM147327.1	8900000	9000000	7.0
CM147327.1	9000000	9100000	8.0
CM147327.1	9100000	9200000	1.0
CM147327.1	9200000	9300000	3.0
CM147327.1	9300000	9400000	4.0
CM147327.1	9400000	9500000	1.0
CM147327.1	9600000	9700000	1.0
CM147327.1	9700000	9800000	4.0
CM147327.1	9800000	9900000	4.0
CM147327.1	10100000	10200000	1.0
CM147327.1	10300000	10400000	14.0
CM147327.1	10400000	10500000	7.0
CM147327.1	10500000	10600000	1.0
CM147327.1	10600000	10700000	1.0
CM147327.1	10900000	11000000	4.0
CM147327.1	11000000	11100000	2.0
CM147327.1	11100000	11200000	1.0
CM147327.1	11200000	11300000	1.0
CM147327.1	11300000	11400000	2.0
CM147327.1	11500000	11600000	7.0
CM147327.1	11600000	11700000	3.0
CM147327.1	11700000	11800000	7.0
CM147327.1	11800000	11900000	9.0
CM147327.1	11900000	12000000	8.0
CM147327.1	12000000	12100000	4.0
CM147327.1	12100000	12200000	13.0
CM147327.1	12200000	12300000	1.0
CM147327.1	12300000	12400000	19.0
CM147327.1	12400000	12500000	9.0
CM147327.1	12500000	12600000	9.0
CM147327.1	12600000	12700000	7.0
CM147327.1	12700000	12800000	2.0
CM147327.1	12800000	12900000	3.0
CM147327.1	12900000	13000000	1.0
CM147327.1	13100000	13200000	1.0
CM147327.1	13200000	13300000	4.0
CM147327.1	13300000	13400000	1.0
CM147327.1	13400000	13500000	1.0
CM147327.1	13500000	13600000	1.0
CM147327.1	13600000	13700000	1.0
CM147327.1	13700000	13800000	5.0
CM147327.1	13800000	13900000	1.0
CM147327.1	13900000	14000000	4.0
CM147327.1	14000000	14100000	3.0
CM147327.1	14100000	14200000	1.0
CM147327.1	14200000	14300000	4.0
CM147327.1	14300000	14400000	5.0
CM147327.1	14400000	14500000	14.0
CM147327.1	14500000	14600000	14.0
CM147327.1	14600000	14700000	4.0
CM147327.1	14700000	14800000	2.0
CM147327.1	14800000	14900000	2.0
CM147327.1	14900000	15000000	3.0
CM147327.1	15000000	15100000	8.0
CM147327.1	15100000	15200000	10.0
CM147327.1	15200000	15300000	12.0
CM147327.1	15300000	15400000	3.0
CM147327.1	15400000	15500000	1.0
CM147327.1	15500000	15600000	2.0
CM147327.1	15600000	15700000	3.0
CM147327.1	15700000	15800000	1.0
CM147327.1	15800000	15900000	1.0
CM147327.1	15900000	16000000	1.0
CM147327.1	16000000	16100000	4.0
CM147327.1	16100000	16200000	3.0
CM147327.1	16200000	16300000	9.0
CM147327.1	16300000	16400000	6.0
CM147327.1	16400000	16500000	1.0
CM147327.1	16600000	16700000	3.0
CM147327.1	16700000	16800000	2.0
CM147327.1	16900000	17000000	1.0
CM147327.1	17000000	17100000	2.0
CM147327.1	17100000	17200000	2.0
CM147327.1	17200000	17300000	1.0
CM147327.1	17500000	17600000	1.0
CM147327.1	17600000	17700000	1.0
CM147327.1	17700000	17800000	1.0
CM147327.1	18000000	18100000	1.0
CM147327.1	18200000	18300000	4.0
CM147327.1	18300000	18400000	2.0
CM147327.1	18500000	18600000	2.0
CM147327.1	18600000	18700000	3.0
CM147327.1	18800000	18900000	3.0
CM147327.1	18900000	19000000	1.0
CM147327.1	19100000	19200000	1.0
CM147327.1	19200000	19300000	1.0
CM147327.1	19300000	19400000	1.0
CM147327.1	19400000	19500000	2.0
CM147327.1	19500000	19600000	3.0
CM147327.1	19600000	19700000	1.0
CM147327.1	19700000	19800000	2.0
CM147327.1	19800000	19900000	3.0
CM147327.1	19900000	20000000	3.0
CM147327.1	20000000	20100000	2.0
CM147327.1	20100000	20200000	4.0
CM147327.1	20200000	20300000	3.0
CM147327.1	20300000	20400000	3.0
CM147327.1	20400000	20500000	1.0
CM147327.1	20500000	20600000	1.0
CM147327.1	20600000	20700000	1.0
CM147327.1	20700000	20800000	1.0
CM147327.1	20800000	20900000	1.0
CM147327.1	21100000	21200000	1.0
CM147327.1	21200000	21300000	1.0
CM147327.1	21500000	21600000	1.0
CM147327.1	21800000	21900000	2.0
CM147327.1	21900000	22000000	2.0
CM147327.1	22000000	22100000	1.0
CM147327.1	22200000	22300000	1.0
CM147327.1	22300000	22400000	2.0
CM147327.1	22600000	22700000	1.0
CM147327.1	22900000	23000000	1.0
CM147327.1	23400000	23500000	1.0
CM147327.1	23600000	23700000	1.0
CM147327.1	24000000	24100000	1.0
CM147327.1	24100000	24200000	2.0
CM147327.1	24200000	24300000	2.0
CM147327.1	24300000	24400000	1.0
CM147327.1	24700000	24800000	1.0
CM147327.1	24800000	24900000	1.0
CM147327.1	25200000	25300000	3.0
CM147327.1	25500000	25600000	3.0
CM147327.1	25600000	25700000	2.0
CM147327.1	25900000	26000000	1.0
CM147327.1	26200000	26300000	1.0
CM147327.1	26400000	26500000	1.0
CM147327.1	26500000	26600000	1.0
CM147327.1	27600000	27700000	1.0
CM147327.1	27800000	27900000	1.0
CM147327.1	27900000	28000000	1.0
CM147327.1	28100000	28200000	1.0
CM147327.1	28200000	28300000	1.0
CM147327.1	28800000	28900000	1.0
CM147327.1	28900000	29000000	1.0
CM147327.1	29000000	29100000	1.0
CM147327.1	29300000	29400000	1.0
CM147327.1	29600000	29700000	1.0
CM147327.1	29900000	30000000	1.0
CM147327.1	30300000	30400000	1.0
CM147327.1	31000000	31100000	3.0
CM147327.1	31100000	31200000	1.0
CM147327.1	31300000	31400000	1.0
CM147327.1	31500000	31600000	1.0
CM147327.1	31800000	31900000	1.0
CM147327.1	32600000	32700000	1.0
CM147327.1	32700000	32800000	1.0
CM147327.1	32900000	33000000	1.0
CM147327.1	33000000	33100000	1.0
CM147327.1	33800000	33900000	3.0
CM147327.1	34200000	34300000	3.0
CM147327.1	34500000	34600000	1.0
CM147327.1	35100000	35200000	3.0
CM147327.1	35200000	35300000	2.0
CM147327.1	35400000	35500000	2.0
CM147327.1	35900000	36000000	2.0
CM147327.1	36000000	36100000	4.0
CM147327.1	36100000	36200000	1.0
CM147327.1	36200000	36300000	1.0
CM147327.1	36400000	36500000	1.0
CM147327.1	36600000	36700000	1.0
CM147327.1	36700000	36800000	1.0
CM147327.1	36800000	36900000	2.0
CM147327.1	37000000	37100000	5.0
CM147327.1	37100000	37200000	2.0
CM147327.1	37200000	37300000	2.0
CM147327.1	37300000	37400000	1.0
CM147327.1	37400000	37500000	1.0
CM147327.1	37500000	37600000	3.0
CM147327.1	37600000	37700000	6.0
CM147327.1	37700000	37800000	1.0
CM147327.1	37800000	37900000	4.0
CM147327.1	37900000	38000000	4.0
CM147327.1	38000000	38100000	5.0
CM147327.1	38100000	38200000	6.0
CM147327.1	38200000	38300000	12.0
CM147327.1	38300000	38400000	8.0
CM147327.1	38400000	38500000	10.0
CM147327.1	38500000	38600000	8.0
CM147327.1	38700000	38800000	1.0
CM147327.1	38900000	39000000	2.0
CM147327.1	39200000	39300000	1.0
CM147327.1	39300000	39400000	4.0
CM147327.1	39400000	39500000	1.0
CM147327.1	39600000	39700000	4.0
CM147327.1	39800000	39900000	1.0
CM147327.1	39900000	40000000	1.0
CM147327.1	40200000	40300000	1.0
CM147327.1	40300000	40400000	1.0
CM147327.1	40400000	40500000	2.0
CM147327.1	40500000	40600000	5.0
CM147327.1	40600000	40700000	2.0
CM147327.1	41100000	41200000	2.0
CM147327.1	41200000	41300000	1.0
CM147327.1	41300000	41400000	3.0
CM147327.1	41600000	41700000	1.0
CM147327.1	41800000	41900000	1.0
CM147327.1	41900000	42000000	2.0
CM147327.1	42000000	42100000	4.0
CM147327.1	42100000	42200000	2.0
CM147327.1	42200000	42300000	2.0
CM147327.1	42300000	42400000	3.0
CM147327.1	42500000	42600000	4.0
CM147327.1	42600000	42700000	1.0
CM147327.1	42700000	42800000	2.0
CM147327.1	42800000	42900000	1.0
CM147327.1	42900000	43000000	4.0
CM147327.1	43000000	43100000	7.0
CM147327.1	43100000	43200000	3.0
CM147327.1	43200000	43300000	2.0
CM147327.1	43300000	43400000	9.0
CM147327.1	43400000	43500000	1.0
CM147327.1	43500000	43600000	6.0
CM147327.1	43600000	43700000	6.0
CM147327.1	43700000	43800000	7.0
CM147327.1	43800000	43900000	3.0
CM147327.1	43900000	44000000	1.0
CM147327.1	44000000	44100000	2.0
CM147327.1	44100000	44200000	8.0
CM147327.1	44200000	44300000	9.0
CM147327.1	44300000	44400000	4.0
CM147327.1	44400000	44500000	1.0
CM147327.1	44500000	44600000	4.0
CM147327.1	44600000	44700000	13.0
CM147327.1	44800000	44900000	1.0
CM147327.1	44900000	45000000	3.0
CM147327.1	45000000	45100000	2.0
CM147327.1	45100000	45200000	12.0
CM147327.1	45200000	45300000	3.0
CM147327.1	45300000	45400000	1.0
CM147327.1	45400000	45500000	2.0
CM147327.1	45500000	45600000	9.0
CM147327.1	45600000	45700000	5.0
CM147327.1	45700000	45800000	3.0
CM147327.1	45800000	45900000	6.0
CM147327.1	45900000	46000000	1.0
CM147327.1	46000000	46100000	8.0
CM147327.1	46100000	46200000	5.0
CM147327.1	46200000	46300000	1.0
CM147327.1	46300000	46400000	1.0
CM147327.1	46400000	46500000	12.0
CM147327.1	46500000	46600000	14.0
CM147327.1	46600000	46700000	10.0
CM147327.1	46700000	46800000	13.0
CM147327.1	46800000	46900000	10.0
CM147327.1	46900000	47000000	11.0
CM147327.1	47000000	47100000	7.0
CM147327.1	47100000	47200000	5.0
CM147327.1	47200000	47300000	1.0
CM147327.1	47300000	47400000	10.0
CM147327.1	47400000	47500000	3.0
CM147327.1	47500000	47600000	2.0
CM147327.1	47600000	47700000	1.0
CM147327.1	47800000	47900000	4.0
CM147327.1	47900000	48000000	2.0
CM147327.1	48000000	48100000	4.0
CM147327.1	48100000	48200000	10.0
CM147327.1	48200000	48300000	9.0
CM147327.1	48300000	48400000	10.0
CM147327.1	48400000	48500000	13.0
CM147327.1	48500000	48600000	14.0
CM147327.1	48600000	48700000	4.0
CM147327.1	48700000	48800000	7.0
CM147327.1	48800000	48900000	1.0
CM147327.1	48900000	49000000	5.0
CM147327.1	49000000	49100000	13.0
CM147327.1	49100000	49200000	9.0
CM147327.1	49200000	49300000	9.0
CM147327.1	49300000	49400000	5.0
CM147327.1	49400000	49500000	6.0
CM147327.1	49500000	49600000	10.0
CM147327.1	49600000	49700000	3.0
CM147327.1	49700000	49800000	4.0
CM147327.1	49800000	49900000	4.0
CM147327.1	49900000	50000000	2.0
CM147327.1	50100000	50200000	5.0
CM147327.1	50200000	50300000	5.0
CM147327.1	50300000	50400000	16.0
CM147327.1	50400000	50500000	12.0
CM147327.1	50500000	50600000	22.0
CM147327.1	50600000	50700000	8.0
CM147327.1	50700000	50800000	5.0
CM147327.1	50800000	50900000	7.0
CM147327.1	50900000	51000000	17.0
CM147327.1	51000000	51100000	13.0
CM147327.1	51100000	51200000	5.0
CM147327.1	51200000	51300000	10.0
CM147327.1	51300000	51400000	4.0
CM147327.1	51600000	51700000	7.0
CM147327.1	51700000	51800000	8.0
CM147327.1	51800000	51900000	8.0
CM147327.1	51900000	52000000	6.0
CM147327.1	52000000	52100000	1.0
CM147327.1	52100000	52200000	3.0
CM147327.1	52200000	52300000	12.0
CM147327.1	52300000	52400000	4.0
CM147327.1	52400000	52500000	8.0
CM147327.1	52500000	52600000	6.0
CM147327.1	52600000	52700000	12.0
CM147327.1	52700000	52800000	9.0
CM147327.1	52800000	52900000	8.0
CM147327.1	52900000	53000000	3.0
CM147327.1	53000000	53100000	5.0
CM147327.1	53100000	53200000	4.0
CM147327.1	53200000	53300000	16.0
CM147327.1	53300000	53400000	10.0
CM147327.1	53400000	53500000	3.0
CM147327.1	53500000	53600000	3.0
CM147327.1	53600000	53700000	5.0
CM147327.1	53700000	53800000	14.0
CM147327.1	53800000	53900000	4.0
CM147327.1	53900000	54000000	1.0
CM147327.1	54000000	54100000	10.0
CM147327.1	54100000	54200000	4.0
CM147327.1	54200000	54300000	6.0
CM147327.1	54300000	54400000	9.0
CM147327.1	54400000	54500000	4.0
CM147327.1	54500000	54600000	9.0
CM147327.1	54600000	54700000	3.0
CM147327.1	54700000	54800000	2.0
CM147327.1	54800000	54900000	1.0
CM147327.1	55000000	55100000	1.0
CM147327.1	55100000	55200000	9.0
CM147327.1	55200000	55300000	10.0
CM147327.1	55300000	55400000	6.0
CM147327.1	55400000	55500000	4.0
CM147327.1	55500000	55600000	2.0
CM147327.1	55600000	55700000	8.0
CM147327.1	55700000	55800000	6.0
CM147327.1	55800000	55900000	2.0
CM147327.1	55900000	56000000	14.0
CM147327.1	56000000	56100000	10.0
CM147327.1	56100000	56200000	13.0
CM147327.1	56200000	56300000	20.0
CM147327.1	56300000	56400000	17.0
CM147327.1	56400000	56500000	1.0
CM147327.1	56500000	56600000	1.0
CM147327.1	56600000	56700000	6.0
CM147327.1	56700000	56800000	3.0
CM147327.1	56800000	56900000	4.0
CM147327.1	56900000	56904164	1.0
CM147328.1	0	100000	1.0
CM147328.1	100000	200000	1.0
CM147328.1	300000	400000	1.0
CM147328.1	500000	600000	1.0
CM147328.1	600000	700000	1.0
CM147328.1	800000	900000	1.0
CM147328.1	1000000	1100000	1.0
CM147328.1	1300000	1400000	1.0
CM147328.1	2100000	2200000	1.0
CM147328.1	2200000	2300000	1.0
CM147328.1	2400000	2500000	1.0
CM147328.1	2500000	2600000	1.0
CM147328.1	2600000	2700000	1.0
CM147328.1	2800000	2900000	1.0
CM147328.1	3000000	3100000	2.0
CM147328.1	3100000	3200000	1.0
CM147328.1	3200000	3300000	1.0
CM147328.1	3400000	3500000	1.0
CM147328.1	3500000	3600000	2.0
CM147328.1	3600000	3700000	1.0
CM147328.1	3700000	3800000	1.0
CM147328.1	3800000	3900000	2.0
CM147328.1	4000000	4100000	4.0
CM147328.1	4100000	4200000	2.0
CM147328.1	4200000	4300000	2.0
CM147328.1	4300000	4400000	4.0
CM147328.1	4400000	4500000	1.0
CM147328.1	4500000	4600000	1.0
CM147328.1	4600000	4700000	1.0
CM147328.1	4700000	4800000	2.0
CM147328.1	4800000	4900000	2.0
CM147328.1	4900000	5000000	4.0
CM147328.1	5000000	5100000	3.0
CM147328.1	5100000	5200000	6.0
CM147328.1	5200000	5300000	1.0
CM147328.1	5300000	5400000	1.0
CM147328.1	5400000	5500000	1.0
CM147328.1	5500000	5600000	2.0
CM147328.1	5600000	5700000	3.0
CM147328.1	5700000	5800000	4.0
CM147328.1	5800000	5900000	3.0
CM147328.1	5900000	6000000	4.0
CM147328.1	6000000	6100000	8.0
CM147328.1	6100000	6200000	1.0
CM147328.1	6400000	6500000	1.0
CM147328.1	6700000	6800000	2.0
CM147328.1	6800000	6900000	2.0
CM147328.1	7000000	7100000	2.0
CM147328.1	7100000	7200000	1.0
CM147328.1	7400000	7500000	2.0
CM147328.1	7600000	7700000	1.0
CM147328.1	7700000	7800000	1.0
CM147328.1	7900000	8000000	1.0
CM147328.1	8100000	8200000	1.0
CM147328.1	8200000	8300000	3.0
CM147328.1	8400000	8500000	4.0
CM147328.1	8500000	8600000	2.0
CM147328.1	8600000	8700000	4.0
CM147328.1	8700000	8800000	3.0
CM147328.1	8900000	9000000	1.0
CM147328.1	9200000	9300000	1.0
CM147328.1	9300000	9400000	3.0
CM147328.1	9400000	9500000	2.0
CM147328.1	9500000	9600000	7.0
CM147328.1	9600000	9700000	4.0
CM147328.1	9700000	9800000	1.0
CM147328.1	9800000	9900000	1.0
CM147328.1	9900000	10000000	2.0
CM147328.1	10000000	10100000	1.0
CM147328.1	10200000	10300000	1.0
CM147328.1	10300000	10400000	1.0
CM147328.1	10400000	10500000	1.0
CM147328.1	10500000	10600000	2.0
CM147328.1	10600000	10700000	1.0
CM147328.1	10700000	10800000	5.0
CM147328.1	10800000	10900000	2.0
CM147328.1	10900000	11000000	3.0
CM147328.1	11000000	11100000	3.0
CM147328.1	11100000	11200000	8.0
CM147328.1	11200000	11300000	5.0
CM147328.1	11300000	11400000	3.0
CM147328.1	11400000	11500000	2.0
CM147328.1	11500000	11600000	2.0
CM147328.1	11600000	11700000	2.0
CM147328.1	11700000	11800000	2.0
CM147328.1	11800000	11900000	3.0
CM147328.1	11900000	12000000	5.0
CM147328.1	12000000	12100000	1.0
CM147328.1	12100000	12200000	2.0
CM147328.1	12200000	12300000	3.0
CM147328.1	12300000	12400000	1.0
CM147328.1	12400000	12500000	4.0
CM147328.1	12500000	12600000	1.0
CM147328.1	12700000	12800000	1.0
CM147328.1	12800000	12900000	4.0
CM147328.1	12900000	13000000	8.0
CM147328.1	13000000	13100000	4.0
CM147328.1	13100000	13200000	1.0
CM147328.1	13200000	13300000	1.0
CM147328.1	13400000	13500000	1.0
CM147328.1	13500000	13600000	3.0
CM147328.1	13600000	13700000	7.0
CM147328.1	13700000	13800000	1.0
CM147328.1	13800000	13900000	8.0
CM147328.1	13900000	14000000	4.0
CM147328.1	14000000	14100000	2.0
CM147328.1	14200000	14300000	1.0
CM147328.1	14300000	14400000	3.0
CM147328.1	14400000	14500000	5.0
CM147328.1	14500000	14600000	6.0
CM147328.1	14600000	14700000	5.0
CM147328.1	14700000	14800000	9.0
CM147328.1	14800000	14900000	1.0
CM147328.1	15000000	15100000	1.0
CM147328.1	15100000	15200000	2.0
CM147328.1	15300000	15400000	3.0
CM147328.1	15400000	15500000	2.0
CM147328.1	15500000	15600000	1.0
CM147328.1	15700000	15800000	1.0
CM147328.1	15800000	15900000	1.0
CM147328.1	15900000	16000000	6.0
CM147328.1	16000000	16100000	1.0
CM147328.1	16200000	16300000	8.0
CM147328.1	16300000	16400000	8.0
CM147328.1	16400000	16500000	11.0
CM147328.1	16500000	16600000	3.0
CM147328.1	16600000	16700000	3.0
CM147328.1	16900000	17000000	1.0
CM147328.1	17000000	17100000	1.0
CM147328.1	17100000	17200000	3.0
CM147328.1	17200000	17300000	4.0
CM147328.1	17300000	17400000	2.0
CM147328.1	17400000	17500000	1.0
CM147328.1	17600000	17700000	1.0
CM147328.1	17700000	17800000	4.0
CM147328.1	17800000	17900000	5.0
CM147328.1	17900000	18000000	1.0
CM147328.1	18000000	18100000	1.0
CM147328.1	18100000	18200000	1.0
CM147328.1	18200000	18300000	4.0
CM147328.1	18300000	18400000	1.0
CM147328.1	18400000	18500000	3.0
CM147328.1	18500000	18600000	3.0
CM147328.1	18600000	18700000	1.0
CM147328.1	18700000	18800000	1.0
CM147328.1	18800000	18900000	1.0
CM147328.1	18900000	19000000	2.0
CM147328.1	19000000	19100000	8.0
CM147328.1	19100000	19200000	11.0
CM147328.1	19200000	19300000	3.0
CM147328.1	19300000	19400000	8.0
CM147328.1	19400000	19500000	1.0
CM147328.1	19500000	19600000	4.0
CM147328.1	19600000	19700000	3.0
CM147328.1	19700000	19800000	4.0
CM147328.1	19800000	19900000	5.0
CM147328.1	19900000	20000000	10.0
CM147328.1	20000000	20100000	4.0
CM147328.1	20100000	20200000	4.0
CM147328.1	20200000	20300000	2.0
CM147328.1	20300000	20400000	10.0
CM147328.1	20400000	20500000	6.0
CM147328.1	20500000	20600000	16.0
CM147328.1	20600000	20700000	10.0
CM147328.1	20700000	20800000	9.0
CM147328.1	20800000	20900000	6.0
CM147328.1	20900000	21000000	5.0
CM147328.1	21000000	21100000	3.0
CM147328.1	21100000	21200000	3.0
CM147328.1	21200000	21300000	1.0
CM147328.1	21400000	21500000	2.0
CM147328.1	21500000	21600000	2.0
CM147328.1	21600000	21700000	9.0
CM147328.1	21700000	21800000	4.0
CM147328.1	21800000	21900000	10.0
CM147328.1	21900000	22000000	5.0
CM147328.1	22000000	22100000	2.0
CM147328.1	22200000	22300000	3.0
CM147328.1	22300000	22400000	1.0
CM147328.1	22400000	22500000	4.0
CM147328.1	22500000	22600000	2.0
CM147328.1	22600000	22700000	1.0
CM147328.1	22700000	22800000	1.0
CM147328.1	22800000	22900000	2.0
CM147328.1	23000000	23100000	1.0
CM147328.1	23200000	23300000	4.0
CM147328.1	23300000	23400000	2.0
CM147328.1	23400000	23500000	3.0
CM147328.1	23500000	23600000	15.0
CM147328.1	23600000	23700000	9.0
CM147328.1	23700000	23800000	3.0
CM147328.1	23800000	23900000	4.0
CM147328.1	23900000	24000000	4.0
CM147328.1	24000000	24100000	5.0
CM147328.1	24100000	24200000	2.0
CM147328.1	24200000	24300000	7.0
CM147328.1	24300000	24400000	7.0
CM147328.1	24400000	24500000	11.0
CM147328.1	24500000	24600000	8.0
CM147328.1	24600000	24700000	2.0
CM147328.1	24700000	24800000	5.0
CM147328.1	24800000	24900000	7.0
CM147328.1	24900000	25000000	5.0
CM147328.1	25000000	25100000	9.0
CM147328.1	25100000	25200000	14.0
CM147328.1	25200000	25300000	5.0
CM147328.1	25300000	25400000	1.0
CM147328.1	25500000	25600000	1.0
CM147328.1	25600000	25700000	9.0
CM147328.1	25700000	25800000	7.0
CM147328.1	25800000	25900000	8.0
CM147328.1	25900000	26000000	5.0
CM147328.1	26000000	26100000	2.0
CM147328.1	26200000	26300000	7.0
CM147328.1	26300000	26400000	5.0
CM147328.1	26400000	26500000	9.0
CM147328.1	26500000	26600000	8.0
CM147328.1	26600000	26700000	8.0
CM147328.1	26700000	26800000	10.0
CM147328.1	26800000	26900000	1.0
CM147328.1	26900000	27000000	2.0
CM147328.1	27000000	27100000	9.0
CM147328.1	27100000	27200000	3.0
CM147328.1	27200000	27300000	9.0
CM147328.1	27300000	27400000	9.0
CM147328.1	27400000	27500000	4.0
CM147328.1	27500000	27600000	12.0
CM147328.1	27600000	27700000	6.0
CM147328.1	27700000	27800000	8.0
CM147328.1	27800000	27900000	1.0
CM147328.1	27900000	28000000	3.0
CM147328.1	28000000	28100000	6.0
CM147328.1	28100000	28200000	10.0
CM147328.1	28200000	28300000	10.0
CM147328.1	28300000	28400000	8.0
CM147328.1	28400000	28500000	2.0
CM147328.1	28500000	28600000	11.0
CM147328.1	28600000	28700000	7.0
CM147328.1	28700000	28800000	6.0
CM147328.1	28800000	28900000	9.0
CM147328.1	28900000	29000000	2.0
CM147328.1	29000000	29100000	8.0
CM147328.1	29100000	29200000	2.0
CM147328.1	29300000	29400000	6.0
CM147328.1	29400000	29500000	4.0
CM147328.1	29500000	29600000	4.0
CM147328.1	29600000	29700000	7.0
CM147328.1	29700000	29800000	1.0
CM147328.1	29800000	29900000	4.0
CM147328.1	29900000	30000000	2.0
CM147328.1	30000000	30100000	1.0
CM147328.1	30100000	30200000	7.0
CM147328.1	30200000	30300000	10.0
CM147328.1	30300000	30400000	5.0
CM147328.1	30400000	30500000	2.0
CM147328.1	30500000	30600000	5.0
CM147328.1	30600000	30700000	2.0
CM147328.1	30700000	30800000	1.0
CM147328.1	30800000	30900000	1.0
CM147328.1	30900000	31000000	5.0
CM147328.1	31000000	31100000	9.0
CM147328.1	31100000	31200000	9.0
CM147328.1	31200000	31300000	1.0
CM147328.1	31300000	31400000	2.0
CM147328.1	31400000	31500000	6.0
CM147328.1	31500000	31600000	6.0
CM147328.1	31600000	31700000	10.0
CM147328.1	31900000	32000000	1.0
CM147328.1	32000000	32100000	5.0
CM147328.1	32100000	32200000	4.0
CM147328.1	32200000	32300000	6.0
CM147328.1	32300000	32400000	8.0
CM147328.1	32400000	32500000	14.0
CM147328.1	32500000	32600000	2.0
CM147328.1	32600000	32700000	9.0
CM147328.1	32700000	32800000	1.0
CM147328.1	32800000	32900000	5.0
CM147328.1	32900000	33000000	4.0
CM147328.1	33000000	33100000	5.0
CM147328.1	33100000	33200000	1.0
CM147328.1	33200000	33300000	1.0
CM147328.1	33300000	33400000	3.0
CM147328.1	33400000	33500000	3.0
CM147328.1	33500000	33600000	4.0
CM147328.1	33600000	33700000	11.0
CM147328.1	33700000	33800000	5.0
CM147328.1	33800000	33900000	2.0
CM147328.1	33900000	34000000	1.0
CM147328.1	34000000	34100000	1.0
CM147328.1	34100000	34200000	1.0
CM147328.1	34400000	34500000	3.0
CM147328.1	34500000	34600000	1.0
CM147328.1	34600000	34700000	2.0
CM147328.1	34700000	34800000	9.0
CM147328.1	34800000	34900000	8.0
CM147328.1	34900000	35000000	7.0
CM147328.1	35000000	35100000	8.0
CM147328.1	35100000	35200000	5.0
CM147328.1	35200000	35300000	2.0
CM147328.1	35300000	35400000	1.0
CM147328.1	35400000	35500000	6.0
CM147328.1	35500000	35600000	1.0
CM147328.1	35600000	35700000	4.0
CM147328.1	35700000	35800000	7.0
CM147328.1	35800000	35900000	5.0
CM147328.1	35900000	36000000	9.0
CM147328.1	36000000	36100000	10.0
CM147328.1	36100000	36200000	8.0
CM147328.1	36200000	36300000	1.0
CM147328.1	36300000	36400000	5.0
CM147328.1	36400000	36401524	1.0
CM147329.1	200000	300000	7.0
CM147329.1	300000	400000	6.0
CM147329.1	400000	500000	1.0
CM147329.1	500000	600000	11.0
CM147329.1	600000	700000	7.0
CM147329.1	700000	800000	3.0
CM147329.1	800000	900000	3.0
CM147329.1	900000	1000000	4.0
CM147329.1	1000000	1100000	1.0
CM147329.1	1100000	1200000	5.0
CM147329.1	1200000	1300000	2.0
CM147329.1	1300000	1400000	1.0
CM147329.1	1400000	1500000	6.0
CM147329.1	1500000	1600000	7.0
CM147329.1	1600000	1700000	7.0
CM147329.1	1700000	1800000	12.0
CM147329.1	1800000	1900000	18.0
CM147329.1	1900000	2000000	15.0
CM147329.1	2000000	2100000	11.0
CM147329.1	2100000	2200000	9.0
CM147329.1	2200000	2300000	6.0
CM147329.1	2300000	2400000	7.0
CM147329.1	2400000	2500000	1.0
CM147329.1	2500000	2600000	4.0
CM147329.1	2600000	2700000	2.0
CM147329.1	2700000	2800000	1.0
CM147329.1	2800000	2900000	1.0
CM147329.1	3000000	3100000	3.0
CM147329.1	3100000	3200000	6.0
CM147329.1	3200000	3300000	9.0
CM147329.1	3300000	3400000	10.0
CM147329.1	3400000	3500000	7.0
CM147329.1	3500000	3600000	1.0
CM147329.1	3600000	3700000	5.0
CM147329.1	3700000	3800000	8.0
CM147329.1	3800000	3900000	10.0
CM147329.1	3900000	4000000	6.0
CM147329.1	4000000	4100000	14.0
CM147329.1	4100000	4200000	20.0
CM147329.1	4200000	4300000	11.0
CM147329.1	4300000	4400000	8.0
CM147329.1	4400000	4500000	13.0
CM147329.1	4500000	4600000	7.0
CM147329.1	4600000	4700000	13.0
CM147329.1	4700000	4800000	4.0
CM147329.1	4800000	4900000	13.0
CM147329.1	4900000	5000000	1.0
CM147329.1	5000000	5100000	1.0
CM147329.1	5100000	5200000	1.0
CM147329.1	5200000	5300000	3.0
CM147329.1	5300000	5400000	5.0
CM147329.1	5400000	5500000	6.0
CM147329.1	5500000	5600000	22.0
CM147329.1	5600000	5700000	7.0
CM147329.1	5700000	5800000	9.0
CM147329.1	5800000	5900000	15.0
CM147329.1	5900000	6000000	12.0
CM147329.1	6000000	6100000	1.0
CM147329.1	6100000	6200000	6.0
CM147329.1	6200000	6300000	7.0
CM147329.1	6300000	6400000	16.0
CM147329.1	6400000	6500000	11.0
CM147329.1	6500000	6600000	14.0
CM147329.1	6600000	6700000	10.0
CM147329.1	6700000	6800000	8.0
CM147329.1	6800000	6900000	6.0
CM147329.1	6900000	7000000	8.0
CM147329.1	7000000	7100000	19.0
CM147329.1	7100000	7200000	6.0
CM147329.1	7200000	7300000	8.0
CM147329.1	7300000	7400000	11.0
CM147329.1	7400000	7500000	20.0
CM147329.1	7500000	7600000	18.0
CM147329.1	7600000	7700000	13.0
CM147329.1	7700000	7800000	9.0
CM147329.1	7800000	7900000	10.0
CM147329.1	7900000	8000000	12.0
CM147329.1	8000000	8100000	10.0
CM147329.1	8100000	8200000	2.0
CM147329.1	8300000	8400000	7.0
CM147329.1	8400000	8500000	1.0
CM147329.1	8500000	8600000	3.0
CM147329.1	8600000	8700000	11.0
CM147329.1	8700000	8800000	11.0
CM147329.1	8800000	8900000	12.0
CM147329.1	8900000	9000000	15.0
CM147329.1	9000000	9100000	6.0
CM147329.1	9100000	9200000	1.0
CM147329.1	9200000	9300000	2.0
CM147329.1	9300000	9400000	3.0
CM147329.1	9400000	9500000	13.0
CM147329.1	9500000	9600000	2.0
CM147329.1	9600000	9700000	1.0
CM147329.1	9700000	9800000	2.0
CM147329.1	9800000	9900000	1.0
CM147329.1	10000000	10100000	1.0
CM147329.1	10200000	10300000	1.0
CM147329.1	10300000	10400000	1.0
CM147329.1	10400000	10500000	3.0
CM147329.1	10500000	10600000	11.0
CM147329.1	10600000	10700000	8.0
CM147329.1	10700000	10800000	11.0
CM147329.1	10800000	10900000	2.0
CM147329.1	10900000	11000000	2.0
CM147329.1	11000000	11100000	9.0
CM147329.1	11100000	11200000	8.0
CM147329.1	11200000	11300000	1.0
CM147329.1	11300000	11400000	3.0
CM147329.1	11400000	11500000	5.0
CM147329.1	11500000	11600000	1.0
CM147329.1	11600000	11700000	2.0
CM147329.1	11700000	11800000	5.0
CM147329.1	11800000	11900000	6.0
CM147329.1	11900000	12000000	6.0
CM147329.1	12000000	12100000	5.0
CM147329.1	12100000	12200000	7.0
CM147329.1	12200000	12300000	4.0
CM147329.1	12300000	12400000	2.0
CM147329.1	12400000	12500000	3.0
CM147329.1	12500000	12600000	11.0
CM147329.1	12600000	12700000	4.0
CM147329.1	12700000	12800000	1.0
CM147329.1	13000000	13100000	1.0
CM147329.1	13400000	13500000	4.0
CM147329.1	13500000	13600000	1.0
CM147329.1	13600000	13700000	2.0
CM147329.1	13700000	13800000	5.0
CM147329.1	13800000	13900000	5.0
CM147329.1	14000000	14100000	1.0
CM147329.1	14100000	14200000	3.0
CM147329.1	14200000	14300000	4.0
CM147329.1	14300000	14400000	3.0
CM147329.1	14400000	14500000	7.0
CM147329.1	14500000	14600000	12.0
CM147329.1	14600000	14700000	8.0
CM147329.1	14700000	14800000	3.0
CM147329.1	14800000	14900000	1.0
CM147329.1	14900000	15000000	5.0
CM147329.1	15000000	15100000	2.0
CM147329.1	15100000	15200000	2.0
CM147329.1	15200000	15300000	3.0
CM147329.1	15300000	15400000	4.0
CM147329.1	15400000	15500000	2.0
CM147329.1	15500000	15600000	6.0
CM147329.1	15600000	15700000	3.0
CM147329.1	15700000	15800000	4.0
CM147329.1	15800000	15900000	4.0
CM147329.1	15900000	16000000	2.0
CM147329.1	16000000	16100000	1.0
CM147329.1	16100000	16200000	3.0
CM147329.1	16200000	16300000	5.0
CM147329.1	16300000	16400000	8.0
CM147329.1	16400000	16500000	12.0
CM147329.1	16500000	16600000	6.0
CM147329.1	16700000	16800000	1.0
CM147329.1	16800000	16900000	1.0
CM147329.1	16900000	17000000	3.0
CM147329.1	17000000	17100000	5.0
CM147329.1	17100000	17200000	2.0
CM147329.1	17200000	17300000	1.0
CM147329.1	17300000	17400000	4.0
CM147329.1	17400000	17500000	3.0
CM147329.1	17500000	17600000	1.0
CM147329.1	17700000	17800000	1.0
CM147329.1	17900000	18000000	3.0
CM147329.1	18000000	18100000	2.0
CM147329.1	18100000	18200000	3.0
CM147329.1	18300000	18400000	3.0
CM147329.1	18400000	18500000	14.0
CM147329.1	18500000	18600000	12.0
CM147329.1	18600000	18700000	7.0
CM147329.1	18700000	18800000	5.0
CM147329.1	18800000	18900000	9.0
CM147329.1	18900000	19000000	5.0
CM147329.1	19000000	19100000	3.0
CM147329.1	19100000	19200000	2.0
CM147329.1	19300000	19400000	1.0
CM147329.1	19500000	19600000	1.0
CM147329.1	19600000	19700000	3.0
CM147329.1	19700000	19800000	3.0
CM147329.1	19800000	19900000	2.0
CM147329.1	19900000	20000000	2.0
CM147329.1	20000000	20100000	2.0
CM147329.1	20100000	20200000	1.0
CM147329.1	20200000	20300000	1.0
CM147329.1	20400000	20500000	4.0
CM147329.1	20500000	20600000	2.0
CM147329.1	20600000	20700000	3.0
CM147329.1	20700000	20800000	1.0
CM147329.1	20800000	20900000	6.0
CM147329.1	21000000	21100000	2.0
CM147329.1	21100000	21200000	9.0
CM147329.1	21200000	21300000	6.0
CM147329.1	21300000	21400000	3.0
CM147329.1	21400000	21500000	5.0
CM147329.1	21500000	21600000	2.0
CM147329.1	21600000	21700000	1.0
CM147329.1	21700000	21800000	8.0
CM147329.1	21800000	21900000	5.0
CM147329.1	21900000	22000000	2.0
CM147329.1	22000000	22100000	1.0
CM147329.1	22500000	22600000	1.0
CM147329.1	22700000	22800000	1.0
CM147329.1	23000000	23100000	1.0
CM147329.1	23100000	23200000	1.0
CM147329.1	23200000	23300000	2.0
CM147329.1	23300000	23400000	1.0
CM147329.1	23500000	23600000	1.0
CM147329.1	23600000	23700000	1.0
CM147329.1	23900000	24000000	1.0
CM147329.1	24000000	24100000	2.0
CM147329.1	24400000	24500000	1.0
CM147329.1	25000000	25100000	2.0
CM147329.1	25300000	25400000	3.0
CM147329.1	25400000	25500000	4.0
CM147329.1	25500000	25600000	5.0
CM147329.1	25600000	25700000	1.0
CM147329.1	26000000	26100000	3.0
CM147329.1	26200000	26300000	1.0
CM147329.1	26300000	26400000	4.0
CM147329.1	26400000	26500000	1.0
CM147329.1	27100000	27200000	1.0
CM147329.1	27400000	27500000	1.0
CM147329.1	27500000	27600000	1.0
CM147329.1	27600000	27700000	1.0
CM147329.1	27800000	27900000	2.0
CM147329.1	27900000	28000000	1.0
CM147329.1	28000000	28100000	1.0
CM147329.1	28100000	28200000	4.0
CM147329.1	28200000	28300000	1.0
CM147329.1	28300000	28400000	1.0
CM147329.1	28600000	28700000	1.0
CM147329.1	28800000	28900000	2.0
CM147329.1	29000000	29100000	2.0
CM147329.1	29100000	29200000	2.0
CM147329.1	29400000	29500000	1.0
CM147329.1	29500000	29600000	1.0
CM147329.1	29600000	29700000	4.0
CM147329.1	29700000	29800000	2.0
CM147329.1	29800000	29900000	4.0
CM147329.1	29900000	30000000	3.0
CM147329.1	30000000	30100000	1.0
CM147329.1	30100000	30200000	4.0
CM147329.1	30300000	30400000	5.0
CM147329.1	30400000	30500000	6.0
CM147329.1	30500000	30600000	1.0
CM147329.1	30700000	30800000	1.0
CM147329.1	30800000	30900000	1.0
CM147329.1	30900000	31000000	3.0
CM147329.1	31000000	31100000	3.0
CM147329.1	31100000	31200000	1.0
CM147329.1	31800000	31900000	1.0
CM147329.1	32000000	32100000	3.0
CM147329.1	32100000	32200000	1.0
CM147329.1	32300000	32400000	2.0
CM147329.1	32400000	32500000	5.0
CM147329.1	32500000	32600000	1.0
CM147329.1	32600000	32700000	3.0
CM147329.1	32700000	32800000	1.0
CM147329.1	32900000	33000000	1.0
CM147329.1	33300000	33400000	1.0
CM147329.1	33500000	33600000	2.0
CM147329.1	34500000	34504172	1.0
CM147330.1	0	100000	7.0
CM147330.1	100000	200000	2.0
CM147330.1	400000	500000	1.0
CM147330.1	500000	600000	2.0
CM147330.1	600000	700000	3.0
CM147330.1	700000	800000	2.0
CM147330.1	800000	900000	1.0
CM147330.1	1000000	1100000	2.0
CM147330.1	1200000	1300000	1.0
CM147330.1	1300000	1400000	1.0
CM147330.1	1400000	1500000	1.0
CM147330.1	1500000	1600000	1.0
CM147330.1	1600000	1700000	5.0
CM147330.1	1700000	1800000	7.0
CM147330.1	1800000	1900000	4.0
CM147330.1	1900000	2000000	4.0
CM147330.1	2000000	2100000	2.0
CM147330.1	2300000	2400000	3.0
CM147330.1	2400000	2500000	6.0
CM147330.1	2500000	2600000	4.0
CM147330.1	2600000	2700000	1.0
CM147330.1	2800000	2900000	3.0
CM147330.1	2900000	3000000	1.0
CM147330.1	3000000	3100000	1.0
CM147330.1	3300000	3400000	1.0
CM147330.1	3400000	3500000	1.0
CM147330.1	3500000	3600000	2.0
CM147330.1	3600000	3700000	2.0
CM147330.1	3700000	3800000	1.0
CM147330.1	3800000	3900000	3.0
CM147330.1	3900000	4000000	2.0
CM147330.1	4000000	4100000	1.0
CM147330.1	4100000	4200000	1.0
CM147330.1	4400000	4500000	1.0
CM147330.1	4500000	4600000	1.0
CM147330.1	4600000	4700000	1.0
CM147330.1	4800000	4900000	1.0
CM147330.1	4900000	5000000	1.0
CM147330.1	5000000	5100000	1.0
CM147330.1	5200000	5300000	3.0
CM147330.1	5300000	5400000	1.0
CM147330.1	5700000	5800000	1.0
CM147330.1	5900000	6000000	4.0
CM147330.1	6000000	6100000	5.0
CM147330.1	6100000	6200000	1.0
CM147330.1	6200000	6300000	1.0
CM147330.1	6300000	6400000	3.0
CM147330.1	6400000	6500000	2.0
CM147330.1	6500000	6600000	2.0
CM147330.1	6600000	6700000	1.0
CM147330.1	6700000	6800000	1.0
CM147330.1	6800000	6900000	1.0
CM147330.1	6900000	7000000	4.0
CM147330.1	7000000	7100000	1.0
CM147330.1	7100000	7200000	1.0
CM147330.1	7200000	7300000	1.0
CM147330.1	7400000	7500000	3.0
CM147330.1	7700000	7800000	2.0
CM147330.1	8000000	8100000	1.0
CM147330.1	8100000	8200000	1.0
CM147330.1	8300000	8400000	2.0
CM147330.1	8400000	8500000	4.0
CM147330.1	8500000	8600000	3.0
CM147330.1	8600000	8700000	5.0
CM147330.1	8700000	8800000	1.0
CM147330.1	9100000	9200000	2.0
CM147330.1	9300000	9400000	1.0
CM147330.1	9600000	9700000	1.0
CM147330.1	9900000	10000000	1.0
CM147330.1	10500000	10600000	1.0
CM147330.1	10700000	10800000	1.0
CM147330.1	10800000	10900000	1.0
CM147330.1	10900000	11000000	5.0
CM147330.1	11000000	11100000	4.0
CM147330.1	11100000	11200000	2.0
CM147330.1	11500000	11600000	3.0
CM147330.1	11600000	11700000	1.0
CM147330.1	11700000	11800000	5.0
CM147330.1	11800000	11900000	5.0
CM147330.1	11900000	12000000	3.0
CM147330.1	12000000	12100000	6.0
CM147330.1	12100000	12200000	2.0
CM147330.1	12200000	12300000	4.0
CM147330.1	12300000	12400000	4.0
CM147330.1	12500000	12600000	1.0
CM147330.1	12600000	12700000	1.0
CM147330.1	12800000	12900000	1.0
CM147330.1	13100000	13200000	2.0
CM147330.1	13200000	13300000	5.0
CM147330.1	13300000	13400000	2.0
CM147330.1	13400000	13500000	1.0
CM147330.1	13500000	13600000	1.0
CM147330.1	13800000	13900000	2.0
CM147330.1	13900000	14000000	1.0
CM147330.1	14300000	14400000	1.0
CM147330.1	14600000	14700000	1.0
CM147330.1	15000000	15100000	1.0
CM147330.1	15200000	15300000	1.0
CM147330.1	15300000	15400000	3.0
CM147330.1	15400000	15500000	1.0
CM147330.1	15500000	15600000	1.0
CM147330.1	15600000	15700000	1.0
CM147330.1	15700000	15800000	6.0
CM147330.1	15800000	15900000	5.0
CM147330.1	15900000	16000000	7.0
CM147330.1	16000000	16100000	1.0
CM147330.1	16100000	16200000	1.0
CM147330.1	16300000	16400000	3.0
CM147330.1	16400000	16500000	2.0
CM147330.1	16500000	16600000	3.0
CM147330.1	16600000	16700000	3.0
CM147330.1	16700000	16800000	1.0
CM147330.1	16800000	16900000	3.0
CM147330.1	16900000	17000000	9.0
CM147330.1	17000000	17100000	1.0
CM147330.1	17100000	17200000	4.0
CM147330.1	17200000	17300000	2.0
CM147330.1	17300000	17400000	1.0
CM147330.1	17400000	17500000	4.0
CM147330.1	17500000	17600000	2.0
CM147330.1	17600000	17700000	2.0
CM147330.1	18100000	18200000	1.0
CM147330.1	18300000	18400000	1.0
CM147330.1	18800000	18900000	1.0
CM147330.1	19400000	19500000	4.0
CM147330.1	19600000	19700000	1.0
CM147330.1	19700000	19800000	1.0
CM147330.1	20000000	20100000	1.0
CM147330.1	20200000	20300000	2.0
CM147330.1	20400000	20500000	1.0
CM147330.1	20600000	20700000	1.0
CM147330.1	21000000	21100000	3.0
CM147330.1	21100000	21200000	5.0
CM147330.1	21300000	21400000	1.0
CM147330.1	21400000	21500000	1.0
CM147330.1	21800000	21900000	1.0
CM147330.1	22200000	22300000	1.0
CM147330.1	22300000	22400000	7.0
CM147330.1	22400000	22500000	2.0
CM147330.1	22500000	22600000	3.0
CM147330.1	22600000	22700000	2.0
CM147330.1	22700000	22800000	7.0
CM147330.1	22800000	22900000	7.0
CM147330.1	22900000	23000000	9.0
CM147330.1	23000000	23100000	7.0
CM147330.1	23100000	23200000	1.0
CM147330.1	23200000	23300000	4.0
CM147330.1	23300000	23400000	13.0
CM147330.1	23400000	23500000	2.0
CM147330.1	23700000	23800000	2.0
CM147330.1	23800000	23900000	1.0
CM147330.1	23900000	24000000	2.0
CM147330.1	24000000	24100000	2.0
CM147330.1	24100000	24200000	5.0
CM147330.1	24200000	24300000	4.0
CM147330.1	24300000	24400000	2.0
CM147330.1	24400000	24500000	2.0
CM147330.1	24500000	24600000	1.0
CM147330.1	24600000	24700000	2.0
CM147330.1	24800000	24900000	1.0
CM147330.1	24900000	25000000	4.0
CM147330.1	25200000	25300000	1.0
CM147330.1	25400000	25500000	4.0
CM147330.1	25500000	25600000	3.0
CM147330.1	25600000	25700000	6.0
CM147330.1	25700000	25800000	7.0
CM147330.1	25800000	25900000	6.0
CM147330.1	25900000	26000000	10.0
CM147330.1	26000000	26100000	2.0
CM147330.1	26100000	26200000	12.0
CM147330.1	26200000	26300000	5.0
CM147330.1	26300000	26400000	4.0
CM147330.1	26400000	26500000	8.0
CM147330.1	26500000	26600000	2.0
CM147330.1	26600000	26700000	7.0
CM147330.1	26700000	26800000	1.0
CM147330.1	27100000	27200000	1.0
CM147330.1	27200000	27300000	1.0
CM147330.1	27300000	27400000	4.0
CM147330.1	27400000	27500000	8.0
CM147330.1	27500000	27600000	6.0
CM147330.1	27600000	27700000	4.0
CM147330.1	27700000	27800000	3.0
CM147330.1	27800000	27900000	7.0
CM147330.1	27900000	28000000	1.0
CM147330.1	28000000	28100000	4.0
CM147330.1	28100000	28200000	4.0
CM147330.1	28200000	28300000	8.0
CM147330.1	28300000	28400000	2.0
CM147330.1	28400000	28500000	2.0
CM147330.1	28500000	28600000	1.0
CM147330.1	28600000	28700000	1.0
CM147330.1	28900000	29000000	1.0
CM147330.1	29200000	29300000	1.0
CM147330.1	29300000	29400000	1.0
CM147330.1	29400000	29500000	11.0
CM147330.1	29500000	29600000	7.0
CM147330.1	29600000	29700000	10.0
CM147330.1	29700000	29800000	9.0
CM147330.1	29800000	29900000	11.0
CM147330.1	29900000	30000000	13.0
CM147330.1	30000000	30100000	7.0
CM147330.1	30100000	30200000	3.0
CM147330.1	30300000	30400000	6.0
CM147330.1	30400000	30500000	3.0
CM147330.1	30500000	30569792	3.0
CM147331.1	400000	500000	1.0
CM147331.1	800000	900000	1.0
CM147331.1	1100000	1200000	1.0
CM147331.1	1200000	1300000	1.0
CM147331.1	1400000	1500000	2.0
CM147331.1	1500000	1600000	3.0
CM147331.1	2000000	2100000	1.0
CM147331.1	2100000	2200000	3.0
CM147331.1	2200000	2300000	1.0
CM147331.1	2300000	2400000	1.0
CM147331.1	2500000	2600000	2.0
CM147331.1	2700000	2800000	1.0
CM147331.1	2900000	3000000	1.0
CM147331.1	3200000	3300000	1.0
CM147331.1	3300000	3400000	1.0
CM147331.1	3400000	3500000	3.0
CM147331.1	3500000	3600000	1.0
CM147331.1	3600000	3700000	3.0
CM147331.1	3700000	3800000	1.0
CM147331.1	3800000	3900000	1.0
CM147331.1	4100000	4200000	1.0
CM147331.1	4200000	4300000	2.0
CM147331.1	4300000	4400000	2.0
CM147331.1	4500000	4600000	4.0
CM147331.1	4600000	4700000	3.0
CM147331.1	4700000	4800000	1.0
CM147331.1	4800000	4900000	1.0
CM147331.1	4900000	5000000	2.0
CM147331.1	5000000	5100000	4.0
CM147331.1	5900000	6000000	1.0
CM147331.1	6000000	6100000	1.0
CM147331.1	6300000	6400000	1.0
CM147331.1	6400000	6500000	3.0
CM147331.1	6500000	6600000	5.0
CM147331.1	6900000	7000000	1.0
CM147331.1	7000000	7100000	1.0
CM147331.1	7800000	7900000	1.0
CM147331.1	8000000	8100000	1.0
CM147331.1	8300000	8400000	1.0
CM147331.1	8400000	8500000	1.0
CM147331.1	8500000	8600000	1.0
CM147331.1	9200000	9300000	1.0
CM147331.1	9400000	9500000	1.0
CM147331.1	9800000	9900000	1.0
CM147331.1	9900000	10000000	2.0
CM147331.1	10000000	10100000	1.0
CM147331.1	10100000	10200000	3.0
CM147331.1	10200000	10300000	1.0
CM147331.1	10300000	10400000	1.0
CM147331.1	10800000	10900000	1.0
CM147331.1	10900000	11000000	1.0
CM147331.1	11100000	11200000	1.0
CM147331.1	11200000	11300000	3.0
CM147331.1	11300000	11400000	3.0
CM147331.1	11400000	11500000	5.0
CM147331.1	11500000	11600000	6.0
CM147331.1	11600000	11700000	8.0
CM147331.1	11700000	11800000	3.0
CM147331.1	11800000	11900000	7.0
CM147331.1	11900000	12000000	3.0
CM147331.1	12000000	12100000	3.0
CM147331.1	12100000	12200000	5.0
CM147331.1	12200000	12300000	2.0
CM147331.1	12300000	12400000	7.0
CM147331.1	12400000	12500000	7.0
CM147331.1	12500000	12600000	1.0
CM147331.1	12600000	12700000	1.0
CM147331.1	12700000	12800000	3.0
CM147331.1	12800000	12900000	5.0
CM147331.1	12900000	13000000	1.0
CM147331.1	13000000	13100000	7.0
CM147331.1	13100000	13200000	11.0
CM147331.1	13200000	13300000	12.0
CM147331.1	13300000	13400000	5.0
CM147331.1	13400000	13500000	6.0
CM147331.1	13500000	13600000	2.0
CM147331.1	13600000	13700000	3.0
CM147331.1	13700000	13800000	1.0
CM147331.1	13800000	13900000	14.0
CM147331.1	13900000	14000000	2.0
CM147331.1	14000000	14100000	1.0
CM147331.1	14100000	14200000	2.0
CM147331.1	14300000	14400000	1.0
CM147331.1	14400000	14500000	15.0
CM147331.1	14500000	14600000	8.0
CM147331.1	14600000	14700000	13.0
CM147331.1	14700000	14800000	10.0
CM147331.1	14800000	14900000	2.0
CM147331.1	14900000	15000000	1.0
CM147331.1	15100000	15200000	2.0
CM147331.1	15200000	15300000	2.0
CM147331.1	15300000	15400000	1.0
CM147331.1	15400000	15500000	4.0
CM147331.1	15500000	15600000	4.0
CM147331.1	15600000	15700000	5.0
CM147331.1	15900000	16000000	1.0
CM147331.1	16200000	16300000	1.0
CM147331.1	16400000	16500000	4.0
CM147331.1	16500000	16600000	3.0
CM147331.1	16600000	16700000	1.0
CM147331.1	16700000	16800000	12.0
CM147331.1	16800000	16900000	2.0
CM147331.1	16900000	17000000	2.0
CM147331.1	17000000	17100000	2.0
CM147331.1	17100000	17200000	2.0
CM147331.1	17200000	17300000	3.0
CM147331.1	17300000	17400000	6.0
CM147331.1	17400000	17500000	10.0
CM147331.1	17500000	17600000	6.0
CM147331.1	17600000	17700000	3.0
CM147331.1	17700000	17800000	1.0
CM147331.1	17800000	17900000	1.0
CM147331.1	17900000	18000000	7.0
CM147331.1	18000000	18100000	6.0
CM147331.1	18100000	18200000	1.0
CM147331.1	18200000	18300000	1.0
CM147331.1	18300000	18400000	7.0
CM147331.1	18400000	18500000	1.0
CM147331.1	18500000	18600000	1.0
CM147331.1	18600000	18700000	4.0
CM147331.1	18700000	18800000	3.0
CM147331.1	19000000	19100000	1.0
CM147331.1	19100000	19200000	1.0
CM147331.1	19300000	19400000	1.0
CM147331.1	19400000	19500000	4.0
CM147331.1	19500000	19600000	4.0
CM147331.1	19600000	19700000	6.0
CM147331.1	19700000	19800000	5.0
CM147331.1	19800000	19900000	5.0
CM147331.1	20000000	20100000	1.0
CM147331.1	20400000	20500000	1.0
CM147331.1	20600000	20700000	1.0
CM147331.1	20800000	20900000	1.0
CM147331.1	21200000	21300000	1.0
CM147331.1	21400000	21500000	1.0
CM147331.1	21600000	21700000	3.0
CM147331.1	21700000	21800000	9.0
CM147331.1	21800000	21900000	2.0
CM147331.1	21900000	22000000	5.0
CM147331.1	22000000	22100000	1.0
CM147331.1	22100000	22200000	14.0
CM147331.1	22200000	22300000	4.0
CM147331.1	22300000	22400000	1.0
CM147331.1	22400000	22500000	5.0
CM147331.1	22500000	22600000	4.0
CM147331.1	22600000	22700000	2.0
CM147331.1	22900000	23000000	1.0
CM147331.1	23000000	23100000	2.0
CM147331.1	23100000	23200000	1.0
CM147331.1	23200000	23300000	4.0
CM147331.1	23300000	23400000	4.0
CM147331.1	23400000	23500000	5.0
CM147331.1	23500000	23600000	2.0
CM147331.1	23600000	23700000	5.0
CM147331.1	23700000	23800000	5.0
CM147331.1	23800000	23900000	5.0
CM147331.1	23900000	24000000	2.0
CM147331.1	24000000	24100000	6.0
CM147331.1	24100000	24200000	2.0
CM147331.1	24200000	24300000	3.0
CM147331.1	24300000	24400000	4.0
CM147331.1	24400000	24500000	9.0
CM147331.1	24500000	24600000	2.0
CM147331.1	24600000	24700000	7.0
CM147331.1	24700000	24800000	5.0
CM147331.1	24800000	24900000	1.0
CM147331.1	24900000	25000000	7.0
CM147331.1	25000000	25100000	3.0
CM147331.1	25100000	25200000	1.0
CM147331.1	25200000	25300000	2.0
CM147331.1	25300000	25400000	2.0
CM147331.1	25500000	25600000	1.0
CM147331.1	25600000	25700000	1.0
CM147331.1	25700000	25800000	1.0
CM147331.1	25800000	25900000	1.0
CM147331.1	25900000	26000000	1.0
CM147331.1	26000000	26100000	1.0
CM147331.1	26100000	26200000	6.0
CM147331.1	26200000	26300000	14.0
CM147331.1	26300000	26400000	9.0
CM147331.1	26400000	26500000	7.0
CM147331.1	26500000	26600000	15.0
CM147331.1	26600000	26700000	2.0
CM147331.1	26700000	26800000	4.0
CM147331.1	26900000	27000000	1.0
CM147331.1	27000000	27100000	3.0
CM147331.1	27100000	27200000	9.0
CM147331.1	27200000	27300000	3.0
CM147331.1	27300000	27400000	6.0
CM147331.1	27400000	27500000	4.0
CM147331.1	27500000	27600000	4.0
CM147331.1	27700000	27800000	8.0
CM147331.1	27900000	28000000	3.0
CM147331.1	28000000	28100000	4.0
CM147331.1	28100000	28200000	8.0
CM147331.1	28200000	28300000	13.0
CM147331.1	28300000	28400000	6.0
CM147331.1	28400000	28500000	12.0
CM147331.1	28500000	28586597	5.0
CM147332.1	0	100000	7.0
CM147332.1	100000	200000	8.0
CM147332.1	200000	300000	10.0
CM147332.1	300000	400000	13.0
CM147332.1	400000	500000	12.0
CM147332.1	500000	600000	7.0
CM147332.1	600000	700000	12.0
CM147332.1	700000	800000	12.0
CM147332.1	800000	900000	16.0
CM147332.1	900000	1000000	1.0
CM147332.1	1000000	1100000	4.0
CM147332.1	1100000	1200000	7.0
CM147332.1	1200000	1300000	1.0
CM147332.1	1300000	1400000	4.0
CM147332.1	1400000	1500000	4.0
CM147332.1	1500000	1600000	3.0
CM147332.1	1600000	1700000	2.0
CM147332.1	1700000	1800000	2.0
CM147332.1	1800000	1900000	16.0
CM147332.1	1900000	2000000	8.0
CM147332.1	2000000	2100000	8.0
CM147332.1	2100000	2200000	1.0
CM147332.1	2200000	2300000	2.0
CM147332.1	2300000	2400000	1.0
CM147332.1	2400000	2500000	1.0
CM147332.1	2500000	2600000	1.0
CM147332.1	2800000	2900000	11.0
CM147332.1	2900000	3000000	8.0
CM147332.1	3000000	3100000	2.0
CM147332.1	3100000	3200000	9.0
CM147332.1	3200000	3300000	20.0
CM147332.1	3300000	3400000	7.0
CM147332.1	3400000	3500000	1.0
CM147332.1	3600000	3700000	4.0
CM147332.1	3700000	3800000	4.0
CM147332.1	3800000	3900000	1.0
CM147332.1	3900000	4000000	5.0
CM147332.1	4000000	4100000	6.0
CM147332.1	4100000	4200000	7.0
CM147332.1	4200000	4300000	6.0
CM147332.1	4300000	4400000	2.0
CM147332.1	4400000	4500000	10.0
CM147332.1	4500000	4600000	13.0
CM147332.1	4600000	4700000	12.0
CM147332.1	4700000	4800000	14.0
CM147332.1	4800000	4900000	14.0
CM147332.1	4900000	5000000	10.0
CM147332.1	5000000	5100000	6.0
CM147332.1	5100000	5200000	9.0
CM147332.1	5200000	5300000	4.0
CM147332.1	5300000	5400000	2.0
CM147332.1	5400000	5500000	9.0
CM147332.1	5500000	5600000	8.0
CM147332.1	5600000	5700000	4.0
CM147332.1	5700000	5800000	6.0
CM147332.1	5800000	5900000	3.0
CM147332.1	5900000	6000000	3.0
CM147332.1	6000000	6100000	2.0
CM147332.1	6100000	6200000	1.0
CM147332.1	6200000	6300000	2.0
CM147332.1	6300000	6400000	1.0
CM147332.1	6400000	6500000	1.0
CM147332.1	6500000	6600000	4.0
CM147332.1	6600000	6700000	7.0
CM147332.1	6700000	6800000	4.0
CM147332.1	6900000	7000000	5.0
CM147332.1	7000000	7100000	3.0
CM147332.1	7100000	7200000	4.0
CM147332.1	7200000	7300000	4.0
CM147332.1	7300000	7400000	9.0
CM147332.1	7400000	7500000	10.0
CM147332.1	7500000	7600000	7.0
CM147332.1	7600000	7700000	9.0
CM147332.1	7700000	7800000	2.0
CM147332.1	7800000	7900000	2.0
CM147332.1	7900000	8000000	1.0
CM147332.1	8000000	8100000	2.0
CM147332.1	8100000	8200000	4.0
CM147332.1	8200000	8300000	13.0
CM147332.1	8300000	8400000	5.0
CM147332.1	8400000	8500000	1.0
CM147332.1	8500000	8600000	3.0
CM147332.1	8600000	8700000	1.0
CM147332.1	8700000	8800000	2.0
CM147332.1	8800000	8900000	1.0
CM147332.1	8900000	9000000	1.0
CM147332.1	9000000	9100000	3.0
CM147332.1	9100000	9200000	2.0
CM147332.1	9200000	9300000	2.0
CM147332.1	9300000	9400000	4.0
CM147332.1	9400000	9500000	6.0
CM147332.1	9500000	9600000	11.0
CM147332.1	9600000	9700000	1.0
CM147332.1	9800000	9900000	5.0
CM147332.1	9900000	10000000	6.0
CM147332.1	10000000	10100000	8.0
CM147332.1	10100000	10200000	9.0
CM147332.1	10200000	10300000	4.0
CM147332.1	10300000	10400000	4.0
CM147332.1	10400000	10500000	5.0
CM147332.1	10500000	10600000	3.0
CM147332.1	10600000	10700000	5.0
CM147332.1	10700000	10800000	1.0
CM147332.1	11300000	11400000	3.0
CM147332.1	11400000	11500000	1.0
CM147332.1	12200000	12300000	1.0
CM147332.1	12400000	12500000	2.0
CM147332.1	12800000	12900000	1.0
CM147332.1	12900000	13000000	1.0
CM147332.1	13000000	13100000	2.0
CM147332.1	13100000	13200000	6.0
CM147332.1	13200000	13300000	2.0
CM147332.1	13300000	13400000	1.0
CM147332.1	13400000	13500000	1.0
CM147332.1	13500000	13600000	7.0
CM147332.1	13600000	13700000	3.0
CM147332.1	13700000	13800000	6.0
CM147332.1	13800000	13900000	9.0
CM147332.1	13900000	14000000	4.0
CM147332.1	14000000	14100000	8.0
CM147332.1	14100000	14200000	5.0
CM147332.1	14200000	14300000	8.0
CM147332.1	14300000	14400000	2.0
CM147332.1	14400000	14500000	10.0
CM147332.1	14500000	14600000	2.0
CM147332.1	14600000	14700000	1.0
CM147332.1	14700000	14800000	1.0
CM147332.1	14800000	14900000	2.0
CM147332.1	14900000	15000000	3.0
CM147332.1	15000000	15100000	4.0
CM147332.1	15100000	15200000	12.0
CM147332.1	15200000	15300000	4.0
CM147332.1	15300000	15400000	6.0
CM147332.1	15400000	15500000	6.0
CM147332.1	15500000	15600000	4.0
CM147332.1	15600000	15700000	11.0
CM147332.1	15700000	15800000	8.0
CM147332.1	15800000	15900000	6.0
CM147332.1	15900000	16000000	7.0
CM147332.1	16000000	16100000	9.0
CM147332.1	16100000	16200000	11.0
CM147332.1	16200000	16300000	8.0
CM147332.1	16300000	16400000	4.0
CM147332.1	16400000	16500000	1.0
CM147332.1	16500000	16600000	7.0
CM147332.1	16600000	16700000	5.0
CM147332.1	16700000	16800000	15.0
CM147332.1	16800000	16900000	4.0
CM147332.1	16900000	17000000	1.0
CM147332.1	17000000	17100000	3.0
CM147332.1	17100000	17200000	12.0
CM147332.1	17200000	17300000	5.0
CM147332.1	17300000	17400000	7.0
CM147332.1	17400000	17500000	6.0
CM147332.1	17600000	17700000	1.0
CM147332.1	17700000	17800000	6.0
CM147332.1	17800000	17900000	14.0
CM147332.1	17900000	18000000	4.0
CM147332.1	18000000	18100000	8.0
CM147332.1	18100000	18200000	10.0
CM147332.1	18200000	18300000	11.0
CM147332.1	18300000	18400000	4.0
CM147332.1	18600000	18700000	1.0
CM147332.1	19000000	19100000	3.0
CM147332.1	19100000	19200000	3.0
CM147332.1	19200000	19300000	8.0
CM147332.1	19300000	19400000	4.0
CM147332.1	19400000	19500000	7.0
CM147332.1	19500000	19600000	14.0
CM147332.1	19600000	19700000	2.0
CM147332.1	19700000	19800000	3.0
CM147332.1	19800000	19900000	9.0
CM147332.1	19900000	20000000	5.0
CM147332.1	20000000	20100000	1.0
CM147332.1	20100000	20200000	1.0
CM147332.1	20200000	20300000	4.0
CM147332.1	20300000	20400000	6.0
CM147332.1	20400000	20500000	2.0
CM147332.1	20500000	20600000	2.0
CM147332.1	20600000	20700000	7.0
CM147332.1	20700000	20800000	3.0
CM147332.1	20800000	20900000	4.0
CM147332.1	20900000	21000000	6.0
CM147332.1	21000000	21100000	7.0
CM147332.1	21100000	21200000	2.0
CM147332.1	21200000	21256395	2.0
JAWPBW010000015.1	100000	200000	1.0
JAWPBW010000015.1	600000	700000	1.0
JAWPBW010000015.1	800000	900000	1.0
JAWPBW010000015.1	900000	1000000	1.0
JAWPBW010000015.1	1800000	1801347	1.0
JAWPBW010000016.1	0	100000	4.0
JAWPBW010000016.1	100000	200000	4.0
JAWPBW010000016.1	200000	300000	18.0
JAWPBW010000016.1	300000	400000	11.0
JAWPBW010000016.1	400000	500000	8.0
JAWPBW010000016.1	500000	600000	5.0
JAWPBW010000016.1	600000	700000	7.0
JAWPBW010000016.1	700000	800000	12.0
JAWPBW010000016.1	800000	837326	5.0
JAWPBW010000018.1	0	100000	1.0
JAWPBW010000018.1	300000	400000	1.0
JAWPBW010000018.1	600000	690227	3.0
JAWPBW010000019.1	500000	600000	1.0
JAWPBW010000019.1	600000	700000	2.0
JAWPBW010000019.1	700000	725622	1.0
JAWPBW010000020.1	200000	300000	1.0
JAWPBW010000021.1	300000	400000	1.0
JAWPBW010000021.1	400000	500000	2.0
JAWPBW010000021.1	500000	549321	1.0
JAWPBW010000022.1	100000	200000	1.0
JAWPBW010000022.1	300000	400000	1.0
JAWPBW010000022.1	400000	468981	1.0
JAWPBW010000023.1	100000	200000	1.0
JAWPBW010000023.1	200000	300000	1.0
JAWPBW010000023.1	400000	436945	1.0
JAWPBW010000024.1	100000	200000	1.0
JAWPBW010000024.1	400000	410094	1.0
JAWPBW010000026.1	0	100000	1.0
JAWPBW010000026.1	100000	185247	2.0
JAWPBW010000027.1	0	100000	1.0
JAWPBW010000027.1	300000	352198	1.0
JAWPBW010000028.1	0	100000	5.0
JAWPBW010000028.1	100000	200000	3.0
JAWPBW010000028.1	200000	267413	2.0
JAWPBW010000030.1	100000	200000	1.0
JAWPBW010000031.1	200000	271021	2.0
JAWPBW010000032.1	0	100000	3.0
JAWPBW010000032.1	100000	200000	2.0
JAWPBW010000032.1	200000	291283	1.0
JAWPBW010000033.1	200000	241893	1.0
JAWPBW010000034.1	0	100000	1.0
JAWPBW010000035.1	0	100000	1.0
JAWPBW010000035.1	200000	283333	1.0
JAWPBW010000036.1	0	100000	1.0
JAWPBW010000036.1	200000	212979	3.0
JAWPBW010000037.1	200000	253044	1.0
JAWPBW010000038.1	0	92043	6.0
JAWPBW010000039.1	100000	200000	1.0
JAWPBW010000039.1	200000	251064	1.0
JAWPBW010000040.1	100000	200000	1.0
JAWPBW010000040.1	200000	267257	1.0
JAWPBW010000041.1	100000	138806	1.0
JAWPBW010000043.1	200000	246409	2.0
JAWPBW010000044.1	0	100000	1.0
JAWPBW010000046.1	0	100000	1.0
JAWPBW010000046.1	200000	243717	3.0
JAWPBW010000047.1	200000	227913	1.0
JAWPBW010000049.1	100000	200000	2.0
JAWPBW010000049.1	200000	235056	1.0
JAWPBW010000051.1	0	100000	1.0
JAWPBW010000051.1	100000	175683	1.0
JAWPBW010000053.1	0	24694	1.0
JAWPBW010000055.1	100000	139192	1.0
JAWPBW010000056.1	100000	189487	1.0
JAWPBW010000057.1	100000	187390	1.0
JAWPBW010000058.1	0	100000	1.0
JAWPBW010000058.1	100000	200000	1.0
JAWPBW010000058.1	200000	211807	1.0
JAWPBW010000059.1	0	100000	1.0
JAWPBW010000059.1	100000	162694	1.0
JAWPBW010000061.1	0	100000	3.0
JAWPBW010000061.1	100000	196162	1.0
JAWPBW010000062.1	0	83708	3.0
JAWPBW010000063.1	0	100000	4.0
JAWPBW010000063.1	100000	160015	1.0
JAWPBW010000064.1	0	100000	2.0
JAWPBW010000064.1	100000	139544	3.0
JAWPBW010000065.1	0	6372	1.0
JAWPBW010000066.1	0	100000	1.0
JAWPBW010000066.1	100000	153205	1.0
JAWPBW010000067.1	0	100000	1.0
JAWPBW010000068.1	100000	142379	1.0
JAWPBW010000069.1	0	100000	1.0
JAWPBW010000069.1	100000	164497	1.0
JAWPBW010000070.1	0	100000	1.0
JAWPBW010000070.1	100000	170366	1.0
JAWPBW010000071.1	0	47122	1.0
JAWPBW010000072.1	100000	150918	1.0
JAWPBW010000074.1	0	100000	1.0
JAWPBW010000074.1	100000	176046	1.0
JAWPBW010000075.1	100000	153868	1.0
JAWPBW010000077.1	0	100000	1.0
JAWPBW010000077.1	100000	172956	1.0
JAWPBW010000078.1	0	100000	1.0
JAWPBW010000078.1	100000	160743	1.0
JAWPBW010000080.1	0	89165	1.0
JAWPBW010000082.1	100000	136382	1.0
JAWPBW010000083.1	0	100000	5.0
JAWPBW010000083.1	100000	163875	3.0
JAWPBW010000085.1	0	69236	2.0
JAWPBW010000086.1	0	100000	8.0
JAWPBW010000086.1	100000	145614	5.0
JAWPBW010000089.1	0	100000	4.0
JAWPBW010000089.1	100000	156426	2.0
JAWPBW010000090.1	100000	159927	1.0
JAWPBW010000091.1	0	100000	1.0
JAWPBW010000091.1	100000	115223	1.0
JAWPBW010000092.1	0	52634	1.0
JAWPBW010000093.1	0	94284	1.0
JAWPBW010000094.1	0	100000	2.0
JAWPBW010000094.1	100000	143921	2.0
JAWPBW010000096.1	0	100000	1.0
JAWPBW010000096.1	100000	121102	1.0
JAWPBW010000103.1	0	100000	1.0
JAWPBW010000103.1	100000	124960	1.0
JAWPBW010000104.1	0	60230	1.0
JAWPBW010000105.1	0	100000	1.0
JAWPBW010000106.1	100000	109667	1.0
JAWPBW010000108.1	0	95813	2.0
JAWPBW010000109.1	0	100000	2.0
JAWPBW010000110.1	0	100000	1.0
JAWPBW010000110.1	100000	135837	1.0
JAWPBW010000111.1	0	99849	1.0
JAWPBW010000113.1	0	100000	7.0
JAWPBW010000113.1	100000	132970	3.0
JAWPBW010000115.1	0	17625	1.0
JAWPBW010000116.1	0	67546	1.0
JAWPBW010000117.1	0	93310	1.0
JAWPBW010000118.1	0	100000	1.0
JAWPBW010000119.1	100000	116221	1.0
JAWPBW010000120.1	0	32349	2.0
JAWPBW010000121.1	0	21045	1.0
JAWPBW010000122.1	0	100000	1.0
JAWPBW010000122.1	100000	131813	1.0
JAWPBW010000123.1	0	78429	2.0
JAWPBW010000124.1	100000	115991	1.0
JAWPBW010000125.1	0	99463	2.0
JAWPBW010000128.1	0	100000	2.0
JAWPBW010000128.1	100000	124801	1.0
JAWPBW010000130.1	100000	123444	1.0
JAWPBW010000131.1	0	92972	1.0
JAWPBW010000133.1	0	87350	3.0
JAWPBW010000134.1	0	57163	1.0
JAWPBW010000137.1	0	61134	2.0
JAWPBW010000139.1	0	100000	2.0
JAWPBW010000139.1	100000	112133	1.0
JAWPBW010000140.1	0	28234	1.0
JAWPBW010000141.1	0	78606	1.0
JAWPBW010000142.1	0	8068	1.0
JAWPBW010000143.1	0	26193	2.0
JAWPBW010000146.1	0	91730	1.0
JAWPBW010000149.1	0	23188	1.0
JAWPBW010000151.1	0	30705	1.0
JAWPBW010000152.1	0	100000	1.0
JAWPBW010000154.1	0	76680	2.0
JAWPBW010000157.1	0	76973	3.0
JAWPBW010000161.1	0	85247	2.0
JAWPBW010000164.1	0	90367	3.0
JAWPBW010000166.1	0	88959	3.0
JAWPBW010000167.1	0	73270	2.0
JAWPBW010000169.1	0	33046	4.0
JAWPBW010000171.1	0	89238	1.0
JAWPBW010000174.1	0	90007	1.0
JAWPBW010000179.1	0	57677	2.0
JAWPBW010000180.1	0	59514	1.0
JAWPBW010000186.1	0	83620	1.0
JAWPBW010000189.1	0	38541	1.0
JAWPBW010000191.1	0	67756	1.0
JAWPBW010000192.1	0	64631	4.0
JAWPBW010000193.1	0	52886	2.0
JAWPBW010000197.1	0	61903	5.0
JAWPBW010000198.1	0	12648	2.0
JAWPBW010000199.1	0	43991	5.0
JAWPBW010000200.1	0	84662	3.0
JAWPBW010000202.1	0	10346	1.0
JAWPBW010000204.1	0	83808	5.0
JAWPBW010000206.1	0	29907	2.0
JAWPBW010000207.1	0	76261	5.0
JAWPBW010000209.1	0	80037	3.0
JAWPBW010000210.1	0	41716	1.0
JAWPBW010000215.1	0	70973	2.0
JAWPBW010000222.1	0	29530	1.0
JAWPBW010000223.1	0	40399	1.0
JAWPBW010000228.1	0	15676	1.0
JAWPBW010000229.1	0	43227	2.0
JAWPBW010000231.1	0	61362	1.0
JAWPBW010000233.1	0	14853	1.0
JAWPBW010000235.1	0	71187	2.0
JAWPBW010000238.1	0	50083	3.0
JAWPBW010000244.1	0	64400	1.0
JAWPBW010000246.1	0	40131	1.0
JAWPBW010000251.1	0	33423	1.0
JAWPBW010000253.1	0	45826	1.0
JAWPBW010000256.1	0	60725	3.0
JAWPBW010000259.1	0	50783	1.0
JAWPBW010000260.1	0	63185	1.0
JAWPBW010000262.1	0	24521	1.0
JAWPBW010000267.1	0	62124	2.0
JAWPBW010000272.1	0	34195	1.0
JAWPBW010000273.1	0	987	1.0
JAWPBW010000274.1	0	35388	1.0
JAWPBW010000280.1	0	42513	5.0
JAWPBW010000282.1	0	36640	1.0
JAWPBW010000283.1	0	60706	2.0
JAWPBW010000284.1	0	11180	1.0
JAWPBW010000285.1	0	21533	1.0
JAWPBW010000287.1	0	50904	1.0
JAWPBW010000294.1	0	44682	1.0
JAWPBW010000299.1	0	55627	2.0
JAWPBW010000300.1	0	41477	1.0
JAWPBW010000301.1	0	18314	2.0
JAWPBW010000303.1	0	39124	3.0
JAWPBW010000305.1	0	57403	1.0
JAWPBW010000307.1	0	31469	1.0
JAWPBW010000311.1	0	47380	1.0
JAWPBW010000312.1	0	16361	1.0
JAWPBW010000314.1	0	15137	1.0
JAWPBW010000315.1	0	41691	4.0
JAWPBW010000317.1	0	34835	1.0
JAWPBW010000321.1	0	30622	1.0
JAWPBW010000322.1	0	45804	1.0
JAWPBW010000328.1	0	49711	4.0
JAWPBW010000329.1	0	44703	3.0
JAWPBW010000330.1	0	47895	1.0
JAWPBW010000332.1	0	37396	1.0
JAWPBW010000336.1	0	26031	1.0
JAWPBW010000337.1	0	16211	1.0
JAWPBW010000339.1	0	36850	1.0
JAWPBW010000341.1	0	32642	1.0
JAWPBW010000342.1	0	39732	1.0
JAWPBW010000354.1	0	45405	1.0
JAWPBW010000355.1	0	8759	1.0
JAWPBW010000363.1	0	40774	1.0
JAWPBW010000367.1	0	23310	1.0
JAWPBW010000370.1	0	42658	1.0
JAWPBW010000372.1	0	35533	1.0
JAWPBW010000379.1	0	29013	1.0
JAWPBW010000380.1	0	24298	1.0
JAWPBW010000381.1	0	40483	2.0
JAWPBW010000384.1	0	7134	1.0
JAWPBW010000386.1	0	24203	1.0
JAWPBW010000390.1	0	22031	1.0
JAWPBW010000393.1	0	32838	1.0
JAWPBW010000394.1	0	18167	2.0
JAWPBW010000395.1	0	23769	1.0
JAWPBW010000396.1	0	30546	2.0
JAWPBW010000398.1	0	19287	1.0
JAWPBW010000399.1	0	12794	1.0
JAWPBW010000401.1	0	34561	1.0
JAWPBW010000402.1	0	31938	2.0
JAWPBW010000405.1	0	15597	1.0
JAWPBW010000410.1	0	18862	1.0
JAWPBW010000414.1	0	21756	1.0
JAWPBW010000416.1	0	18035	1.0
JAWPBW010000420.1	0	7236	1.0
JAWPBW010000423.1	0	22555	1.0
JAWPBW010000424.1	0	22832	3.0
JAWPBW010000429.1	0	12745	1.0
JAWPBW010000433.1	0	20998	2.0
JAWPBW010000436.1	0	10511	1.0
JAWPBW010000440.1	0	27160	1.0
JAWPBW010000444.1	0	17015	1.0
JAWPBW010000446.1	0	26506	1.0
JAWPBW010000470.1	0	24034	1.0
JAWPBW010000473.1	0	23471	1.0
JAWPBW010000474.1	0	12348	1.0
JAWPBW010000478.1	0	23244	1.0
JAWPBW010000485.1	0	17473	1.0
JAWPBW010000492.1	0	10238	1.0
JAWPBW010000494.1	0	16525	1.0
JAWPBW010000495.1	0	21722	1.0
JAWPBW010000499.1	0	9110	2.0
JAWPBW010000504.1	0	18920	1.0
JAWPBW010000510.1	0	10315	1.0
JAWPBW010000515.1	0	18898	1.0
JAWPBW010000518.1	0	16911	1.0
JAWPBW010000530.1	0	16977	1.0
JAWPBW010000532.1	0	18884	1.0
JAWPBW010000534.1	0	9258	1.0
JAWPBW010000535.1	0	8941	1.0
JAWPBW010000536.1	0	14633	2.0
JAWPBW010000556.1	0	14761	2.0
