JABSTQ010000002.1	0	73828	2.0
JABSTQ010000005.1	0	28165	1.0
JABSTQ010000007.1	0	22031	2.0
JABSTQ010000008.1	0	18842	1.0
JABSTQ010000014.1	0	35958	1.0
JABSTQ010000015.1	0	23070	2.0
JABSTQ010000016.1	0	46446	5.0
JABSTQ010000018.1	0	100000	2.0
JABSTQ010000018.1	100000	200000	1.0
JABSTQ010000018.1	200000	252600	1.0
JABSTQ010000023.1	0	89143	2.0
JABSTQ010000024.1	0	8527	1.0
JABSTQ010000025.1	0	30420	1.0
JABSTQ010000029.1	0	84192	1.0
JABSTQ010000034.1	0	84382	1.0
JABSTQ010000039.1	0	46695	1.0
JABSTQ010000040.1	0	26284	1.0
JABSTQ010000044.1	100000	159495	3.0
JABSTQ010000046.1	0	58957	2.0
JABSTQ010000047.1	0	17435	1.0
JABSTQ010000048.1	0	100000	1.0
JABSTQ010000048.1	100000	159815	1.0
JABSTQ010000049.1	0	100000	2.0
JABSTQ010000049.1	100000	200000	3.0
JABSTQ010000049.1	200000	300000	3.0
JABSTQ010000049.1	300000	337561	1.0
JABSTQ010000051.1	0	97963	3.0
JABSTQ010000052.1	0	27800	1.0
JABSTQ010000053.1	0	26480	1.0
JABSTQ010000054.1	0	13886	1.0
JABSTQ010000058.1	0	1372	1.0
JABSTQ010000062.1	0	23128	1.0
JABSTQ010000066.1	0	54342	1.0
JABSTQ010000068.1	0	21695	1.0
JABSTQ010000071.1	0	8398	1.0
JABSTQ010000072.1	0	71196	1.0
JABSTQ010000073.1	0	11462	1.0
JABSTQ010000076.1	0	20777	1.0
JABSTQ010000079.1	0	31603	2.0
JABSTQ010000081.1	0	100000	5.0
JABSTQ010000081.1	100000	200000	2.0
JABSTQ010000081.1	200000	296013	6.0
JABSTQ010000082.1	0	92988	1.0
JABSTQ010000084.1	0	42151	1.0
JABSTQ010000085.1	0	32234	2.0
JABSTQ010000086.1	0	100000	2.0
JABSTQ010000086.1	100000	162773	2.0
JABSTQ010000087.1	0	39260	3.0
JABSTQ010000090.1	0	19101	1.0
JABSTQ010000091.1	0	26785	1.0
JABSTQ010000093.1	0	100000	2.0
JABSTQ010000093.1	100000	200000	2.0
JABSTQ010000093.1	200000	300000	2.0
JABSTQ010000093.1	300000	360258	2.0
JABSTQ010000098.1	0	16155	1.0
JABSTQ010000099.1	0	40297	1.0
JABSTQ010000105.1	0	100000	2.0
JABSTQ010000105.1	100000	200000	2.0
JABSTQ010000105.1	200000	225655	1.0
JABSTQ010000107.1	0	70526	2.0
JABSTQ010000108.1	0	7880	1.0
JABSTQ010000114.1	0	3210	1.0
JABSTQ010000116.1	0	9275	1.0
JABSTQ010000117.1	0	100000	1.0
JABSTQ010000117.1	100000	175631	2.0
JABSTQ010000119.1	0	11963	1.0
JABSTQ010000123.1	0	16155	1.0
JABSTQ010000124.1	0	1756	1.0
JABSTQ010000125.1	0	27835	1.0
JABSTQ010000126.1	0	9702	2.0
JABSTQ010000128.1	0	23253	5.0
JABSTQ010000131.1	0	40898	8.0
JABSTQ010000132.1	0	2136	1.0
JABSTQ010000133.1	0	37391	1.0
JABSTQ010000134.1	0	12426	1.0
JABSTQ010000143.1	0	13530	1.0
JABSTQ010000144.1	0	42312	1.0
JABSTQ010000149.1	0	100000	2.0
JABSTQ010000149.1	100000	120580	1.0
JABSTQ010000150.1	0	13601	1.0
JABSTQ010000152.1	0	21911	2.0
JABSTQ010000153.1	0	7893	2.0
JABSTQ010000156.1	0	100000	4.0
JABSTQ010000156.1	100000	132904	2.0
JABSTQ010000158.1	0	98763	1.0
JABSTQ010000159.1	0	28538	3.0
JABSTQ010000160.1	0	69629	3.0
JABSTQ010000162.1	0	69511	3.0
JABSTQ010000163.1	0	3954	1.0
JABSTQ010000166.1	0	18731	1.0
JABSTQ010000169.1	0	19088	1.0
JABSTQ010000171.1	0	14085	1.0
JABSTQ010000172.1	0	45922	3.0
JABSTQ010000175.1	0	16939	1.0
JABSTQ010000176.1	0	42823	3.0
JABSTQ010000178.1	0	19090	2.0
JABSTQ010000180.1	0	13313	1.0
JABSTQ010000181.1	0	100000	4.0
JABSTQ010000181.1	100000	105076	1.0
JABSTQ010000186.1	0	27079	1.0
JABSTQ010000188.1	0	44150	2.0
JABSTQ010000189.1	0	4480	1.0
JABSTQ010000192.1	0	16065	1.0
JABSTQ010000199.1	0	42331	1.0
JABSTQ010000200.1	0	63554	1.0
JABSTQ010000201.1	0	38921	2.0
JABSTQ010000202.1	0	16262	1.0
JABSTQ010000206.1	0	80688	3.0
JABSTQ010000209.1	0	37929	2.0
JABSTQ010000212.1	0	100000	1.0
JABSTQ010000212.1	200000	297931	3.0
JABSTQ010000213.1	100000	188651	4.0
JABSTQ010000216.1	0	55058	2.0
JABSTQ010000218.1	0	58010	1.0
JABSTQ010000223.1	0	3355	1.0
JABSTQ010000224.1	0	60250	3.0
JABSTQ010000228.1	0	19887	1.0
JABSTQ010000232.1	0	43390	1.0
JABSTQ010000233.1	0	27868	2.0
JABSTQ010000238.1	0	37802	1.0
JABSTQ010000239.1	0	57144	2.0
JABSTQ010000240.1	0	100000	1.0
JABSTQ010000240.1	100000	200000	2.0
JABSTQ010000240.1	200000	283294	2.0
JABSTQ010000241.1	0	55040	1.0
JABSTQ010000242.1	0	15699	1.0
JABSTQ010000243.1	0	20764	1.0
JABSTQ010000245.1	0	11356	1.0
JABSTQ010000246.1	0	31471	1.0
JABSTQ010000247.1	0	31557	1.0
JABSTQ010000248.1	0	16354	1.0
JABSTQ010000249.1	0	15233	1.0
JABSTQ010000250.1	0	81308	1.0
JABSTQ010000253.1	0	87793	11.0
JABSTQ010000259.1	0	21155	2.0
JABSTQ010000260.1	0	28998	1.0
JABSTQ010000261.1	0	52514	4.0
JABSTQ010000262.1	0	96588	1.0
JABSTQ010000267.1	0	34845	2.0
JABSTQ010000269.1	0	47868	1.0
JABSTQ010000271.1	0	37189	2.0
JABSTQ010000273.1	0	35216	1.0
JABSTQ010000274.1	0	35435	1.0
JABSTQ010000276.1	0	19061	1.0
JABSTQ010000278.1	0	27507	1.0
JABSTQ010000280.1	0	23300	1.0
JABSTQ010000282.1	0	43087	1.0
JABSTQ010000283.1	0	35198	1.0
JABSTQ010000284.1	0	8467	1.0
JABSTQ010000285.1	0	19528	1.0
JABSTQ010000287.1	0	16690	1.0
JABSTQ010000288.1	0	26451	1.0
JABSTQ010000289.1	0	13082	1.0
JABSTQ010000291.1	0	12661	2.0
JABSTQ010000292.1	0	35822	1.0
JABSTQ010000293.1	0	17813	1.0
JABSTQ010000296.1	0	5400	1.0
JABSTQ010000297.1	0	18358	1.0
JABSTQ010000298.1	0	45972	1.0
JABSTQ010000299.1	0	88724	1.0
JABSTQ010000303.1	0	24271	1.0
JABSTQ010000304.1	0	22432	1.0
JABSTQ010000308.1	0	13903	1.0
JABSTQ010000310.1	0	29087	1.0
JABSTQ010000317.1	0	26215	2.0
JABSTQ010000319.1	0	7810	1.0
JABSTQ010000321.1	0	100000	1.0
JABSTQ010000321.1	100000	200000	5.0
JABSTQ010000321.1	200000	227516	1.0
JABSTQ010000324.1	0	15051	2.0
JABSTQ010000327.1	0	33484	1.0
JABSTQ010000329.1	0	19971	1.0
JABSTQ010000331.1	0	24870	3.0
JABSTQ010000332.1	0	38348	2.0
JABSTQ010000335.1	0	45943	1.0
JABSTQ010000339.1	0	100000	2.0
JABSTQ010000339.1	200000	285560	1.0
JABSTQ010000340.1	0	4734	1.0
JABSTQ010000343.1	0	100000	1.0
JABSTQ010000343.1	100000	200000	2.0
JABSTQ010000343.1	200000	277767	4.0
JABSTQ010000344.1	0	20794	1.0
JABSTQ010000350.1	0	69920	1.0
JABSTQ010000356.1	0	100000	3.0
JABSTQ010000356.1	100000	137815	1.0
JABSTQ010000357.1	0	48170	1.0
JABSTQ010000359.1	0	34798	3.0
JABSTQ010000361.1	0	13701	1.0
JABSTQ010000362.1	0	100000	2.0
JABSTQ010000362.1	100000	123465	1.0
JABSTQ010000367.1	0	33365	3.0
JABSTQ010000368.1	0	18350	1.0
JABSTQ010000369.1	0	6388	1.0
JABSTQ010000370.1	200000	209385	1.0
JABSTQ010000371.1	100000	200000	2.0
JABSTQ010000371.1	200000	281762	1.0
JABSTQ010000376.1	0	46461	1.0
JABSTQ010000382.1	0	40197	1.0
JABSTQ010000383.1	0	21233	1.0
JABSTQ010000387.1	0	20448	1.0
JABSTQ010000388.1	0	26693	2.0
JABSTQ010000393.1	0	3858	1.0
JABSTQ010000395.1	0	68501	3.0
JABSTQ010000398.1	0	50210	1.0
JABSTQ010000402.1	0	65977	2.0
JABSTQ010000403.1	0	16131	1.0
JABSTQ010000414.1	0	54817	2.0
JABSTQ010000420.1	0	18240	1.0
JABSTQ010000421.1	0	45419	2.0
JABSTQ010000426.1	0	11777	1.0
JABSTQ010000428.1	0	18409	2.0
JABSTQ010000434.1	0	60903	2.0
JABSTQ010000435.1	0	50872	2.0
JABSTQ010000436.1	0	29197	1.0
JABSTQ010000441.1	0	21902	2.0
JABSTQ010000444.1	0	26967	2.0
JABSTQ010000445.1	0	44423	1.0
JABSTQ010000447.1	0	68199	1.0
JABSTQ010000449.1	0	956	1.0
JABSTQ010000451.1	0	20554	2.0
JABSTQ010000452.1	0	64044	2.0
JABSTQ010000456.1	0	15739	3.0
JABSTQ010000457.1	0	39612	2.0
JABSTQ010000462.1	0	21034	2.0
JABSTQ010000464.1	0	1907	1.0
JABSTQ010000465.1	0	25727	2.0
JABSTQ010000472.1	0	39417	1.0
JABSTQ010000473.1	0	89831	4.0
JABSTQ010000477.1	0	61200	1.0
JABSTQ010000479.1	0	84611	1.0
JABSTQ010000481.1	0	19493	1.0
JABSTQ010000482.1	0	56323	1.0
JABSTQ010000484.1	0	61358	2.0
JABSTQ010000485.1	0	100000	2.0
JABSTQ010000485.1	100000	152277	1.0
JABSTQ010000490.1	0	4472	1.0
JABSTQ010000491.1	0	45721	1.0
JABSTQ010000494.1	0	17300	1.0
JABSTQ010000495.1	0	47615	2.0
JABSTQ010000498.1	0	50123	5.0
JABSTQ010000500.1	0	18797	1.0
JABSTQ010000501.1	0	29180	1.0
JABSTQ010000502.1	0	34620	1.0
JABSTQ010000503.1	0	15610	1.0
JABSTQ010000504.1	0	26019	1.0
JABSTQ010000505.1	0	70209	1.0
JABSTQ010000506.1	0	64153	3.0
JABSTQ010000511.1	0	100000	6.0
JABSTQ010000511.1	100000	124868	2.0
JABSTQ010000514.1	0	58521	2.0
JABSTQ010000517.1	0	38254	2.0
JABSTQ010000518.1	0	10188	1.0
JABSTQ010000520.1	0	35611	2.0
JABSTQ010000524.1	0	24552	1.0
JABSTQ010000525.1	100000	172812	1.0
JABSTQ010000527.1	0	11665	1.0
JABSTQ010000533.1	0	40863	1.0
JABSTQ010000535.1	0	2152	1.0
JABSTQ010000538.1	0	4554	1.0
JABSTQ010000541.1	0	40462	3.0
JABSTQ010000544.1	0	100000	1.0
JABSTQ010000544.1	100000	126078	1.0
JABSTQ010000554.1	0	14478	3.0
JABSTQ010000557.1	0	17527	1.0
JABSTQ010000560.1	0	100000	3.0
JABSTQ010000560.1	100000	168721	5.0
JABSTQ010000561.1	0	19941	1.0
JABSTQ010000569.1	0	27353	1.0
JABSTQ010000570.1	0	7258	1.0
JABSTQ010000571.1	0	42748	1.0
JABSTQ010000575.1	0	46011	1.0
JABSTQ010000583.1	0	55097	1.0
JABSTQ010000586.1	0	3246	3.0
JABSTQ010000588.1	0	41732	1.0
JABSTQ010000589.1	0	13605	1.0
JABSTQ010000592.1	0	55431	1.0
JABSTQ010000593.1	0	10392	1.0
JABSTQ010000595.1	0	39713	1.0
JABSTQ010000596.1	0	8328	1.0
JABSTQ010000597.1	0	43118	2.0
JABSTQ010000604.1	0	18657	1.0
JABSTQ010000605.1	0	28051	1.0
JABSTQ010000610.1	0	16274	1.0
JABSTQ010000612.1	0	6546	1.0
JABSTQ010000616.1	0	32006	2.0
JABSTQ010000617.1	0	7243	1.0
JABSTQ010000618.1	0	27073	1.0
JABSTQ010000619.1	0	21943	2.0
JABSTQ010000620.1	0	34525	2.0
JABSTQ010000626.1	0	5511	1.0
JABSTQ010000628.1	0	62976	2.0
JABSTQ010000630.1	0	23097	2.0
JABSTQ010000634.1	0	100000	1.0
JABSTQ010000634.1	100000	107890	1.0
JABSTQ010000636.1	0	74559	1.0
JABSTQ010000639.1	0	29546	1.0
JABSTQ010000640.1	0	33828	1.0
JABSTQ010000641.1	0	18525	1.0
JABSTQ010000645.1	0	21630	2.0
JABSTQ010000646.1	0	18324	1.0
JABSTQ010000647.1	0	31218	2.0
JABSTQ010000648.1	0	63970	1.0
JABSTQ010000649.1	0	17114	1.0
JABSTQ010000653.1	0	41927	1.0
JABSTQ010000655.1	0	21668	1.0
JABSTQ010000657.1	0	26169	3.0
JABSTQ010000658.1	0	8042	1.0
JABSTQ010000663.1	0	7036	1.0
JABSTQ010000666.1	0	70018	3.0
JABSTQ010000667.1	0	19227	1.0
JABSTQ010000669.1	0	20580	1.0
JABSTQ010000670.1	0	32384	1.0
JABSTQ010000676.1	0	40744	2.0
JABSTQ010000677.1	0	15951	2.0
JABSTQ010000679.1	0	96084	3.0
JABSTQ010000683.1	0	52488	1.0
JABSTQ010000690.1	0	23099	1.0
JABSTQ010000693.1	0	26641	2.0
JABSTQ010000696.1	0	17545	1.0
JABSTQ010000697.1	0	34396	2.0
JABSTQ010000698.1	0	33780	3.0
JABSTQ010000702.1	0	12760	1.0
JABSTQ010000705.1	0	24956	1.0
JABSTQ010000714.1	0	48963	1.0
JABSTQ010000715.1	0	100000	1.0
JABSTQ010000715.1	100000	200000	2.0
JABSTQ010000715.1	200000	300000	2.0
JABSTQ010000715.1	300000	358137	3.0
JABSTQ010000718.1	0	42552	1.0
JABSTQ010000723.1	0	18477	1.0
JABSTQ010000726.1	0	13237	1.0
JABSTQ010000727.1	0	41382	1.0
JABSTQ010000732.1	0	38638	1.0
JABSTQ010000733.1	0	17276	1.0
JABSTQ010000740.1	0	7569	1.0
JABSTQ010000741.1	0	42911	1.0
JABSTQ010000742.1	0	52458	1.0
JABSTQ010000751.1	0	100000	2.0
JABSTQ010000751.1	100000	111441	1.0
JABSTQ010000752.1	0	37850	1.0
JABSTQ010000758.1	0	68503	2.0
JABSTQ010000760.1	0	11250	2.0
JABSTQ010000762.1	0	36484	1.0
JABSTQ010000763.1	0	8918	1.0
JABSTQ010000765.1	0	56356	2.0
JABSTQ010000768.1	0	37903	1.0
JABSTQ010000775.1	0	100000	1.0
JABSTQ010000775.1	100000	114390	1.0
JABSTQ010000778.1	0	11501	1.0
JABSTQ010000785.1	0	23587	4.0
JABSTQ010000786.1	0	7290	1.0
JABSTQ010000788.1	0	37272	1.0
JABSTQ010000799.1	0	84302	7.0
JABSTQ010000800.1	0	42547	1.0
JABSTQ010000805.1	0	16194	1.0
JABSTQ010000806.1	100000	183275	2.0
JABSTQ010000808.1	0	26367	1.0
JABSTQ010000810.1	0	32671	1.0
JABSTQ010000811.1	0	12122	1.0
JABSTQ010000816.1	0	34627	1.0
JABSTQ010000817.1	0	13460	1.0
JABSTQ010000820.1	0	31611	1.0
JABSTQ010000824.1	0	100000	2.0
JABSTQ010000824.1	100000	111800	1.0
JABSTQ010000825.1	0	70360	1.0
JABSTQ010000827.1	0	2809	1.0
JABSTQ010000828.1	0	55741	1.0
JABSTQ010000830.1	0	12158	2.0
JABSTQ010000832.1	0	46778	1.0
JABSTQ010000834.1	0	39331	1.0
JABSTQ010000840.1	0	13726	1.0
JABSTQ010000843.1	0	100000	2.0
JABSTQ010000843.1	100000	200000	2.0
JABSTQ010000843.1	200000	263923	4.0
JABSTQ010000844.1	0	73700	3.0
JABSTQ010000846.1	0	72177	1.0
JABSTQ010000847.1	0	16222	1.0
JABSTQ010000848.1	0	14557	1.0
JABSTQ010000849.1	0	60555	1.0
JABSTQ010000851.1	0	22415	1.0
JABSTQ010000853.1	0	17344	1.0
JABSTQ010000855.1	0	16252	1.0
JABSTQ010000857.1	0	75416	2.0
JABSTQ010000861.1	0	13778	2.0
JABSTQ010000862.1	0	47899	1.0
JABSTQ010000864.1	0	26673	2.0
JABSTQ010000868.1	0	22307	3.0
JABSTQ010000869.1	0	20696	1.0
JABSTQ010000870.1	0	22235	3.0
JABSTQ010000877.1	0	5199	1.0
JABSTQ010000880.1	0	11903	1.0
JABSTQ010000881.1	0	75863	1.0
JABSTQ010000885.1	0	21284	1.0
JABSTQ010000888.1	0	36442	1.0
JABSTQ010000891.1	0	95750	2.0
JABSTQ010000892.1	0	19022	1.0
JABSTQ010000900.1	0	57461	1.0
JABSTQ010000903.1	0	12773	1.0
JABSTQ010000904.1	0	32056	1.0
JABSTQ010000906.1	0	23998	1.0
JABSTQ010000907.1	0	66705	2.0
JABSTQ010000911.1	0	64786	1.0
JABSTQ010000915.1	0	7415	1.0
JABSTQ010000916.1	0	11980	2.0
JABSTQ010000918.1	0	7803	1.0
JABSTQ010000919.1	0	100000	3.0
JABSTQ010000919.1	100000	138526	1.0
JABSTQ010000922.1	0	42741	2.0
JABSTQ010000924.1	0	35013	1.0
JABSTQ010000930.1	0	50742	1.0
JABSTQ010000931.1	0	100000	1.0
JABSTQ010000931.1	100000	123654	1.0
JABSTQ010000935.1	0	30061	1.0
JABSTQ010000938.1	0	43542	3.0
JABSTQ010000939.1	0	62618	7.0
JABSTQ010000940.1	0	2762	1.0
JABSTQ010000941.1	0	66470	2.0
JABSTQ010000943.1	0	100000	1.0
JABSTQ010000943.1	300000	400000	1.0
JABSTQ010000943.1	400000	500000	1.0
JABSTQ010000943.1	500000	600000	1.0
JABSTQ010000943.1	600000	684318	2.0
JABSTQ010000944.1	100000	101518	1.0
JABSTQ010000945.1	0	17426	1.0
JABSTQ010000946.1	0	27646	1.0
JABSTQ010000949.1	0	18385	1.0
JABSTQ010000950.1	0	16245	1.0
JABSTQ010000953.1	0	1107	1.0
JABSTQ010000956.1	300000	351341	2.0
JABSTQ010000957.1	0	5783	1.0
JABSTQ010000959.1	0	35297	2.0
JABSTQ010000962.1	0	12278	1.0
JABSTQ010000963.1	0	53778	3.0
JABSTQ010000965.1	0	26449	1.0
JABSTQ010000967.1	0	30090	1.0
JABSTQ010000973.1	0	92386	2.0
JABSTQ010000986.1	0	20684	1.0
JABSTQ010000988.1	100000	179565	1.0
JABSTQ010000997.1	0	44810	2.0
JABSTQ010001005.1	0	11609	1.0
JABSTQ010001006.1	0	26664	2.0
JABSTQ010001007.1	0	100000	2.0
JABSTQ010001007.1	100000	184544	2.0
JABSTQ010001008.1	0	14405	1.0
JABSTQ010001009.1	0	19192	2.0
JABSTQ010001010.1	0	20595	1.0
JABSTQ010001012.1	0	20532	2.0
JABSTQ010001013.1	0	33246	1.0
JABSTQ010001014.1	0	20177	1.0
JABSTQ010001016.1	0	15865	1.0
JABSTQ010001017.1	0	76727	2.0
JABSTQ010001019.1	0	32267	2.0
JABSTQ010001021.1	0	1091	1.0
JABSTQ010001024.1	0	4611	1.0
JABSTQ010001025.1	0	100000	1.0
JABSTQ010001025.1	100000	200000	1.0
JABSTQ010001025.1	200000	281864	2.0
JABSTQ010001026.1	0	11210	1.0
JABSTQ010001028.1	0	26290	1.0
JABSTQ010001034.1	0	25625	1.0
JABSTQ010001038.1	0	100000	7.0
JABSTQ010001038.1	100000	109516	2.0
JABSTQ010001039.1	0	54635	1.0
JABSTQ010001040.1	0	59096	2.0
JABSTQ010001041.1	0	27256	2.0
JABSTQ010001045.1	0	100000	2.0
JABSTQ010001045.1	100000	169592	2.0
JABSTQ010001046.1	0	35024	2.0
JABSTQ010001047.1	0	7613	1.0
JABSTQ010001050.1	0	25357	1.0
JABSTQ010001061.1	0	86184	1.0
JABSTQ010001067.1	0	34750	1.0
JABSTQ010001069.1	0	77501	1.0
JABSTQ010001073.1	0	39164	2.0
JABSTQ010001079.1	0	38531	2.0
JABSTQ010001082.1	0	26300	1.0
JABSTQ010001084.1	0	9476	2.0
JABSTQ010001085.1	0	10260	1.0
JABSTQ010001086.1	0	13345	1.0
JABSTQ010001089.1	0	100000	3.0
JABSTQ010001089.1	100000	200000	6.0
JABSTQ010001089.1	200000	255772	3.0
JABSTQ010001092.1	0	41850	1.0
JABSTQ010001096.1	0	16587	1.0
JABSTQ010001097.1	0	35997	1.0
JABSTQ010001100.1	0	47261	2.0
JABSTQ010001103.1	0	49746	2.0
JABSTQ010001104.1	0	4743	1.0
JABSTQ010001110.1	0	9121	1.0
JABSTQ010001111.1	0	75889	2.0
JABSTQ010001115.1	0	100000	2.0
JABSTQ010001115.1	100000	109435	1.0
JABSTQ010001117.1	0	6304	1.0
JABSTQ010001118.1	0	87522	4.0
JABSTQ010001122.1	0	25385	1.0
JABSTQ010001126.1	0	29556	1.0
JABSTQ010001127.1	0	99889	1.0
JABSTQ010001130.1	0	18100	1.0
JABSTQ010001133.1	0	31094	2.0
JABSTQ010001135.1	0	100000	1.0
JABSTQ010001135.1	100000	128195	1.0
JABSTQ010001137.1	0	18953	1.0
JABSTQ010001139.1	300000	363197	2.0
JABSTQ010001141.1	0	8108	1.0
JABSTQ010001142.1	0	68703	2.0
JABSTQ010001149.1	0	57815	1.0
JABSTQ010001152.1	0	18243	1.0
JABSTQ010001162.1	0	20132	1.0
JABSTQ010001164.1	0	13841	2.0
JABSTQ010001165.1	0	15673	1.0
JABSTQ010001166.1	0	64503	1.0
JABSTQ010001168.1	0	62377	2.0
JABSTQ010001169.1	0	23254	1.0
JABSTQ010001172.1	0	12648	1.0
JABSTQ010001173.1	0	75360	4.0
JABSTQ010001177.1	0	77646	2.0
JABSTQ010001185.1	0	74251	3.0
JABSTQ010001186.1	0	3500	1.0
JABSTQ010001189.1	0	79522	4.0
JABSTQ010001203.1	0	26771	1.0
JABSTQ010001205.1	0	64408	1.0
JABSTQ010001207.1	0	48391	3.0
JABSTQ010001225.1	0	24659	1.0
JABSTQ010001227.1	0	17240	2.0
JABSTQ010001228.1	0	58768	1.0
JABSTQ010001237.1	0	78858	2.0
JABSTQ010001241.1	0	46071	1.0
JABSTQ010001253.1	0	100000	2.0
JABSTQ010001253.1	100000	200000	3.0
JABSTQ010001253.1	200000	300000	2.0
JABSTQ010001253.1	300000	341292	1.0
JABSTQ010001254.1	0	58427	1.0
JABSTQ010001256.1	0	39544	1.0
JABSTQ010001261.1	300000	332772	3.0
JABSTQ010001266.1	0	21396	1.0
JABSTQ010001276.1	0	67061	1.0
JABSTQ010001278.1	0	55957	2.0
JABSTQ010001284.1	0	21429	3.0
JABSTQ010001286.1	0	15541	1.0
JABSTQ010001291.1	0	10084	1.0
JABSTQ010001292.1	0	31624	1.0
JABSTQ010001294.1	0	29612	1.0
JABSTQ010001301.1	100000	200000	3.0
JABSTQ010001301.1	200000	266260	2.0
JABSTQ010001303.1	0	5574	1.0
JABSTQ010001309.1	0	10035	1.0
JABSTQ010001311.1	0	87927	1.0
JABSTQ010001316.1	0	4573	1.0
JABSTQ010001317.1	0	100000	2.0
JABSTQ010001317.1	100000	200000	1.0
JABSTQ010001317.1	200000	217064	1.0
JABSTQ010001319.1	0	28293	1.0
JABSTQ010001320.1	0	19714	1.0
JABSTQ010001324.1	0	12700	1.0
JABSTQ010001326.1	0	73640	1.0
JABSTQ010001328.1	0	62530	4.0
JABSTQ010001330.1	0	41425	3.0
JABSTQ010001335.1	0	17217	1.0
JABSTQ010001337.1	0	39274	1.0
JABSTQ010001340.1	0	59249	2.0
JABSTQ010001342.1	0	34617	3.0
JABSTQ010001343.1	0	40798	1.0
JABSTQ010001345.1	0	27748	2.0
JABSTQ010001350.1	0	14660	1.0
JABSTQ010001358.1	0	19306	1.0
JABSTQ010001364.1	0	70068	2.0
JABSTQ010001366.1	0	82584	2.0
JABSTQ010001367.1	0	54490	2.0
JABSTQ010001368.1	0	21695	1.0
JABSTQ010001369.1	0	57342	2.0
JABSTQ010001371.1	0	54504	2.0
JABSTQ010001372.1	0	29437	1.0
JABSTQ010001373.1	0	46525	2.0
JABSTQ010001375.1	0	94003	2.0
JABSTQ010001377.1	0	44233	1.0
JABSTQ010001378.1	0	14952	1.0
JABSTQ010001380.1	0	8661	1.0
JABSTQ010001383.1	0	2441	1.0
JABSTQ010001386.1	0	67498	2.0
JABSTQ010001388.1	0	11185	1.0
JABSTQ010001389.1	0	1242	1.0
JABSTQ010001390.1	0	46733	3.0
JABSTQ010001392.1	0	73326	2.0
JABSTQ010001394.1	0	40562	1.0
JABSTQ010001399.1	0	6061	2.0
JABSTQ010001405.1	0	59972	2.0
JABSTQ010001407.1	0	24846	1.0
JABSTQ010001408.1	0	34193	1.0
JABSTQ010001410.1	0	22426	1.0
JABSTQ010001412.1	0	21099	1.0
JABSTQ010001423.1	0	100000	2.0
JABSTQ010001423.1	100000	200000	2.0
JABSTQ010001423.1	200000	252202	1.0
JABSTQ010001424.1	0	25739	3.0
JABSTQ010001426.1	0	21050	1.0
JABSTQ010001438.1	0	27934	2.0
JABSTQ010001443.1	0	61403	2.0
JABSTQ010001444.1	0	12077	1.0
JABSTQ010001447.1	0	20177	1.0
JABSTQ010001452.1	0	10849	1.0
JABSTQ010001455.1	0	21244	1.0
JABSTQ010001457.1	0	16286	1.0
JABSTQ010001459.1	0	1017	1.0
JABSTQ010001464.1	0	19254	1.0
JABSTQ010001466.1	0	30435	2.0
JABSTQ010001469.1	0	45026	2.0
JABSTQ010001470.1	0	59163	1.0
JABSTQ010001472.1	0	100000	3.0
JABSTQ010001472.1	100000	200000	3.0
JABSTQ010001472.1	200000	300000	2.0
JABSTQ010001472.1	300000	340463	1.0
JABSTQ010001477.1	0	26307	1.0
JABSTQ010001478.1	0	50811	3.0
JABSTQ010001479.1	0	21316	2.0
JABSTQ010001482.1	0	44418	3.0
JABSTQ010001484.1	0	15256	2.0
JABSTQ010001485.1	0	9731	1.0
JABSTQ010001487.1	0	6276	1.0
JABSTQ010001495.1	0	30671	2.0
JABSTQ010001499.1	0	100000	1.0
JABSTQ010001499.1	100000	111194	1.0
JABSTQ010001501.1	0	43096	1.0
JABSTQ010001502.1	0	30973	1.0
JABSTQ010001504.1	0	97549	4.0
JABSTQ010001505.1	0	42847	1.0
JABSTQ010001512.1	0	100000	4.0
JABSTQ010001513.1	0	13377	1.0
JABSTQ010001514.1	0	70976	1.0
JABSTQ010001520.1	0	33774	1.0
JABSTQ010001523.1	0	20118	1.0
JABSTQ010001528.1	0	63305	1.0
JABSTQ010001530.1	0	40668	1.0
JABSTQ010001532.1	0	100000	1.0
JABSTQ010001532.1	100000	126421	2.0
JABSTQ010001534.1	0	12849	1.0
JABSTQ010001535.1	0	71587	1.0
JABSTQ010001538.1	0	23205	1.0
JABSTQ010001541.1	0	30759	1.0
JABSTQ010001544.1	0	31991	2.0
JABSTQ010001547.1	0	36587	1.0
JABSTQ010001549.1	0	19682	2.0
JABSTQ010001554.1	0	21756	1.0
JABSTQ010001555.1	0	29572	2.0
JABSTQ010001556.1	0	57742	2.0
JABSTQ010001558.1	0	41230	1.0
JABSTQ010001559.1	0	35143	1.0
JABSTQ010001560.1	0	3354	1.0
JABSTQ010001561.1	0	20065	1.0
JABSTQ010001562.1	0	22416	1.0
JABSTQ010001565.1	0	52117	1.0
JABSTQ010001567.1	0	3579	1.0
JABSTQ010001568.1	0	1791	1.0
JABSTQ010001577.1	0	1594	1.0
JABSTQ010001578.1	0	100000	2.0
JABSTQ010001578.1	200000	269331	3.0
JABSTQ010001582.1	0	287	1.0
JABSTQ010001587.1	0	12650	1.0
JABSTQ010001588.1	0	54224	4.0
JABSTQ010001592.1	0	20834	1.0
JABSTQ010001593.1	0	16352	1.0
JABSTQ010001594.1	0	95650	4.0
JABSTQ010001595.1	0	25594	1.0
JABSTQ010001596.1	0	36830	1.0
JABSTQ010001598.1	0	38448	1.0
JABSTQ010001603.1	0	93497	3.0
JABSTQ010001604.1	0	21731	2.0
JABSTQ010001607.1	0	47091	1.0
JABSTQ010001613.1	0	24081	2.0
JABSTQ010001618.1	0	29419	1.0
JABSTQ010001625.1	0	80312	2.0
JABSTQ010001636.1	0	21904	2.0
JABSTQ010001638.1	0	19825	2.0
JABSTQ010001639.1	100000	200000	1.0
JABSTQ010001639.1	300000	400000	1.0
JABSTQ010001639.1	400000	403910	1.0
JABSTQ010001640.1	0	8425	1.0
JABSTQ010001641.1	0	20535	2.0
JABSTQ010001646.1	0	99273	1.0
JABSTQ010001648.1	0	28020	2.0
JABSTQ010001650.1	0	15393	1.0
JABSTQ010001652.1	0	60070	2.0
JABSTQ010001655.1	0	100000	2.0
JABSTQ010001655.1	100000	200000	2.0
JABSTQ010001655.1	200000	296988	4.0
JABSTQ010001657.1	100000	178600	2.0
JABSTQ010001662.1	0	33210	2.0
JABSTQ010001664.1	0	1014	1.0
JABSTQ010001667.1	0	46816	2.0
JABSTQ010001670.1	0	57175	1.0
JABSTQ010001671.1	0	100000	1.0
JABSTQ010001671.1	100000	121473	1.0
JABSTQ010001673.1	0	14391	1.0
JABSTQ010001675.1	100000	200000	1.0
JABSTQ010001675.1	200000	256439	2.0
JABSTQ010001677.1	0	17459	1.0
JABSTQ010001684.1	0	72024	1.0
JABSTQ010001685.1	0	45866	1.0
JABSTQ010001691.1	0	31567	1.0
JABSTQ010001692.1	0	23970	2.0
JABSTQ010001693.1	0	74712	1.0
JABSTQ010001697.1	0	12991	1.0
JABSTQ010001699.1	0	100000	3.0
JABSTQ010001699.1	200000	300000	2.0
JABSTQ010001699.1	600000	700000	1.0
JABSTQ010001699.1	700000	800000	3.0
JABSTQ010001699.1	800000	900000	2.0
JABSTQ010001699.1	900000	947325	2.0
JABSTQ010001703.1	0	12525	1.0
JABSTQ010001707.1	0	100000	1.0
JABSTQ010001707.1	100000	108383	1.0
JABSTQ010001708.1	0	21844	1.0
JABSTQ010001709.1	0	1717	1.0
JABSTQ010001715.1	0	24385	1.0
JABSTQ010001718.1	0	56952	1.0
JABSTQ010001722.1	0	35565	1.0
JABSTQ010001723.1	0	100000	3.0
JABSTQ010001723.1	100000	122547	1.0
JABSTQ010001724.1	0	35882	1.0
JABSTQ010001727.1	0	23065	1.0
JABSTQ010001739.1	0	17458	1.0
JABSTQ010001741.1	0	23516	1.0
JABSTQ010001743.1	0	83074	2.0
JABSTQ010001749.1	0	35815	1.0
JABSTQ010001753.1	0	15783	1.0
JABSTQ010001758.1	0	31365	1.0
JABSTQ010001760.1	0	19978	1.0
JABSTQ010001763.1	0	55564	2.0
JABSTQ010001764.1	0	6154	1.0
JABSTQ010001767.1	0	23440	2.0
JABSTQ010001769.1	0	97896	3.0
JABSTQ010001771.1	0	29531	1.0
JABSTQ010001772.1	0	5353	1.0
JABSTQ010001773.1	0	12340	1.0
JABSTQ010001774.1	0	15699	3.0
JABSTQ010001776.1	0	8281	1.0
JABSTQ010001781.1	0	3777	1.0
JABSTQ010001789.1	0	17783	1.0
JABSTQ010001792.1	0	66855	3.0
JABSTQ010001795.1	0	14207	1.0
JABSTQ010001796.1	0	18083	1.0
JABSTQ010001798.1	0	12039	1.0
JABSTQ010001800.1	0	79661	1.0
JABSTQ010001801.1	0	13001	1.0
JABSTQ010001806.1	0	64034	1.0
JABSTQ010001808.1	0	100000	2.0
JABSTQ010001808.1	100000	193023	2.0
JABSTQ010001815.1	0	37427	1.0
JABSTQ010001819.1	0	6266	2.0
JABSTQ010001823.1	0	83128	1.0
JABSTQ010001827.1	0	40420	2.0
JABSTQ010001831.1	0	15749	2.0
JABSTQ010001832.1	0	18303	1.0
JABSTQ010001834.1	0	18024	1.0
JABSTQ010001838.1	0	34423	1.0
JABSTQ010001842.1	0	20496	1.0
JABSTQ010001843.1	0	18788	1.0
JABSTQ010001846.1	0	25864	1.0
JABSTQ010001848.1	0	67055	4.0
JABSTQ010001850.1	0	73700	2.0
JABSTQ010001853.1	0	47002	1.0
JABSTQ010001861.1	0	100000	1.0
JABSTQ010001861.1	100000	107645	1.0
JABSTQ010001862.1	0	30095	1.0
JABSTQ010001865.1	0	100000	1.0
JABSTQ010001865.1	100000	200000	2.0
JABSTQ010001865.1	200000	206617	1.0
JABSTQ010001866.1	0	17600	5.0
JABSTQ010001869.1	0	36751	1.0
JABSTQ010001870.1	0	83549	2.0
JABSTQ010001874.1	0	10637	1.0
JABSTQ010001877.1	0	16602	1.0
JABSTQ010001878.1	0	9087	1.0
JABSTQ010001880.1	0	31698	1.0
JABSTQ010001882.1	0	16648	1.0
JABSTQ010001883.1	0	84613	2.0
JABSTQ010001884.1	0	68092	1.0
JABSTQ010001889.1	0	49743	2.0
JABSTQ010001890.1	0	22073	1.0
JABSTQ010001894.1	0	16799	1.0
JABSTQ010001895.1	0	32827	4.0
JABSTQ010001899.1	0	100000	3.0
JABSTQ010001899.1	100000	139773	2.0
JABSTQ010001904.1	0	17236	2.0
JABSTQ010001906.1	0	7919	1.0
JABSTQ010001908.1	0	8348	1.0
JABSTQ010001909.1	0	28374	1.0
JABSTQ010001911.1	0	34877	2.0
JABSTQ010001913.1	0	30444	1.0
JABSTQ010001914.1	0	21526	1.0
JABSTQ010001917.1	0	72997	1.0
JABSTQ010001923.1	0	7964	2.0
JABSTQ010001924.1	0	22590	1.0
JABSTQ010001931.1	0	22913	1.0
JABSTQ010001935.1	0	12733	1.0
JABSTQ010001940.1	0	5613	1.0
JABSTQ010001942.1	0	2770	1.0
JABSTQ010001953.1	0	100000	5.0
JABSTQ010001953.1	100000	141747	1.0
JABSTQ010001959.1	0	4169	1.0
JABSTQ010001961.1	0	33781	4.0
JABSTQ010001962.1	0	46715	2.0
JABSTQ010001963.1	0	40725	1.0
JABSTQ010001967.1	0	18048	1.0
JABSTQ010001977.1	0	24013	1.0
JABSTQ010001978.1	0	53213	2.0
JABSTQ010001980.1	0	23969	1.0
JABSTQ010001982.1	0	22892	1.0
JABSTQ010001983.1	0	90616	1.0
JABSTQ010001985.1	0	57650	3.0
JABSTQ010001986.1	0	13047	1.0
JABSTQ010001987.1	0	14639	1.0
JABSTQ010001988.1	100000	131923	1.0
JABSTQ010001989.1	0	29978	1.0
JABSTQ010001993.1	0	37177	1.0
JABSTQ010001994.1	0	25023	1.0
JABSTQ010001995.1	0	13646	1.0
JABSTQ010001997.1	0	13924	1.0
JABSTQ010001999.1	0	100000	3.0
JABSTQ010001999.1	100000	200000	1.0
JABSTQ010001999.1	300000	400000	3.0
JABSTQ010001999.1	400000	500000	5.0
JABSTQ010001999.1	500000	600000	2.0
JABSTQ010001999.1	700000	714204	1.0
JABSTQ010002005.1	0	60033	1.0
JABSTQ010002007.1	0	100000	3.0
JABSTQ010002007.1	100000	152318	1.0
JABSTQ010002009.1	0	100000	1.0
JABSTQ010002009.1	100000	200000	1.0
JABSTQ010002009.1	200000	300000	2.0
JABSTQ010002010.1	0	64643	1.0
JABSTQ010002011.1	0	33535	1.0
JABSTQ010002016.1	0	17515	2.0
JABSTQ010002024.1	0	100000	3.0
JABSTQ010002024.1	100000	131751	1.0
JABSTQ010002026.1	0	100000	4.0
JABSTQ010002026.1	100000	113185	3.0
JABSTQ010002027.1	0	37334	2.0
JABSTQ010002030.1	0	3249	1.0
JABSTQ010002032.1	0	26494	1.0
JABSTQ010002033.1	0	100000	3.0
JABSTQ010002033.1	100000	138204	2.0
JABSTQ010002034.1	0	27065	2.0
JABSTQ010002035.1	0	100000	1.0
JABSTQ010002035.1	100000	200000	1.0
JABSTQ010002035.1	200000	219230	1.0
JABSTQ010002037.1	0	98574	6.0
JABSTQ010002039.1	0	69322	1.0
JABSTQ010002041.1	0	14182	1.0
JABSTQ010002046.1	0	100000	1.0
JABSTQ010002046.1	100000	133218	1.0
JABSTQ010002048.1	0	9639	1.0
JABSTQ010002050.1	0	28168	1.0
JABSTQ010002051.1	0	30555	1.0
JABSTQ010002057.1	0	36532	1.0
JABSTQ010002058.1	0	17471	1.0
JABSTQ010002059.1	0	42170	1.0
JABSTQ010002067.1	0	62427	1.0
JABSTQ010002068.1	0	100000	1.0
JABSTQ010002069.1	0	43426	1.0
JABSTQ010002072.1	0	60709	1.0
JABSTQ010002075.1	0	100000	1.0
JABSTQ010002075.1	100000	129230	1.0
JABSTQ010002077.1	0	521	1.0
JABSTQ010002078.1	0	2610	1.0
JABSTQ010002084.1	0	22196	2.0
JABSTQ010002085.1	0	100000	2.0
JABSTQ010002085.1	100000	161919	2.0
JABSTQ010002086.1	0	23706	1.0
JABSTQ010002089.1	0	18579	2.0
JABSTQ010002094.1	0	100000	2.0
JABSTQ010002094.1	100000	114236	1.0
JABSTQ010002096.1	0	25406	2.0
JABSTQ010002097.1	0	23185	2.0
JABSTQ010002099.1	0	27488	1.0
JABSTQ010002100.1	0	15563	1.0
JABSTQ010002102.1	0	15943	1.0
JABSTQ010002105.1	0	94240	2.0
JABSTQ010002106.1	0	100000	2.0
JABSTQ010002106.1	100000	115714	1.0
JABSTQ010002108.1	0	61251	1.0
JABSTQ010002113.1	0	43261	1.0
JABSTQ010002116.1	0	29740	1.0
JABSTQ010002118.1	0	63482	5.0
JABSTQ010002121.1	0	18478	2.0
JABSTQ010002124.1	0	22423	1.0
JABSTQ010002125.1	0	18464	2.0
JABSTQ010002128.1	0	22861	1.0
JABSTQ010002129.1	0	20241	1.0
JABSTQ010002130.1	0	87157	2.0
JABSTQ010002132.1	0	23134	1.0
JABSTQ010002134.1	0	67609	3.0
JABSTQ010002137.1	0	100000	1.0
JABSTQ010002137.1	100000	128895	2.0
JABSTQ010002138.1	0	12571	1.0
JABSTQ010002144.1	0	33739	3.0
JABSTQ010002146.1	0	24449	1.0
JABSTQ010002149.1	0	15408	1.0
JABSTQ010002153.1	0	50304	2.0
JABSTQ010002154.1	0	64761	1.0
JABSTQ010002158.1	0	30974	1.0
JABSTQ010002159.1	0	16526	1.0
JABSTQ010002164.1	0	17752	2.0
JABSTQ010002165.1	0	10997	1.0
JABSTQ010002166.1	0	21438	3.0
JABSTQ010002167.1	0	66567	1.0
JABSTQ010002168.1	0	100000	2.0
JABSTQ010002168.1	100000	134804	1.0
JABSTQ010002169.1	0	33064	1.0
JABSTQ010002170.1	0	81041	1.0
JABSTQ010002175.1	0	15265	2.0
JABSTQ010002181.1	0	94482	5.0
JABSTQ010002183.1	0	44154	3.0
JABSTQ010002184.1	0	61257	2.0
JABSTQ010002191.1	100000	190436	2.0
JABSTQ010002192.1	0	74267	1.0
JABSTQ010002195.1	0	34611	1.0
JABSTQ010002197.1	0	43073	2.0
JABSTQ010002200.1	0	72256	1.0
JABSTQ010002201.1	0	2082	1.0
JABSTQ010002205.1	0	85446	3.0
JABSTQ010002206.1	0	44573	3.0
JABSTQ010002210.1	0	60587	1.0
JABSTQ010002211.1	0	8108	2.0
JABSTQ010002213.1	0	31954	1.0
JABSTQ010002214.1	0	39975	1.0
JABSTQ010002216.1	0	57207	3.0
JABSTQ010002217.1	0	100000	1.0
JABSTQ010002217.1	100000	109771	1.0
JABSTQ010002222.1	0	57329	4.0
JABSTQ010002223.1	0	44988	1.0
JABSTQ010002230.1	0	17700	1.0
JABSTQ010002232.1	0	24116	1.0
JABSTQ010002234.1	0	10395	1.0
JABSTQ010002235.1	0	100000	2.0
JABSTQ010002235.1	100000	160025	2.0
JABSTQ010002237.1	0	25833	2.0
JABSTQ010002238.1	0	24985	1.0
JABSTQ010002240.1	0	21741	1.0
JABSTQ010002242.1	0	14002	2.0
JABSTQ010002244.1	0	22317	1.0
JABSTQ010002249.1	0	54329	1.0
JABSTQ010002252.1	0	17347	1.0
JABSTQ010002253.1	0	5913	1.0
JABSTQ010002254.1	0	100000	1.0
JABSTQ010002254.1	100000	122058	1.0
JABSTQ010002255.1	0	66415	3.0
JABSTQ010002258.1	0	65300	3.0
JABSTQ010002267.1	0	100000	1.0
JABSTQ010002267.1	100000	111032	1.0
JABSTQ010002268.1	0	87062	1.0
JABSTQ010002270.1	0	31101	2.0
JABSTQ010002271.1	0	476	1.0
JABSTQ010002272.1	0	74786	2.0
JABSTQ010002274.1	100000	124371	1.0
JABSTQ010002275.1	0	23510	1.0
JABSTQ010002276.1	0	33519	3.0
JABSTQ010002278.1	0	30821	1.0
JABSTQ010002282.1	0	59684	1.0
JABSTQ010002284.1	0	10640	1.0
JABSTQ010002287.1	0	62989	1.0
JABSTQ010002293.1	0	63950	1.0
JABSTQ010002294.1	0	15116	1.0
JABSTQ010002295.1	0	17841	1.0
JABSTQ010002296.1	0	100000	3.0
JABSTQ010002296.1	100000	130874	2.0
JABSTQ010002298.1	0	83142	3.0
JABSTQ010002299.1	0	30728	1.0
JABSTQ010002300.1	0	100000	2.0
JABSTQ010002300.1	100000	200000	2.0
JABSTQ010002300.1	200000	242136	1.0
JABSTQ010002307.1	0	74968	2.0
JABSTQ010002308.1	0	13377	3.0
JABSTQ010002312.1	0	56532	1.0
JABSTQ010002317.1	0	21822	1.0
JABSTQ010002318.1	0	94371	2.0
JABSTQ010002321.1	0	36799	2.0
JABSTQ010002323.1	0	79745	3.0
JABSTQ010002324.1	0	18010	2.0
JABSTQ010002327.1	0	39803	2.0
JABSTQ010002334.1	0	11743	1.0
JABSTQ010002335.1	0	67977	2.0
JABSTQ010002339.1	0	19904	1.0
JABSTQ010002341.1	0	25220	1.0
JABSTQ010002349.1	0	100000	3.0
JABSTQ010002349.1	100000	114301	1.0
JABSTQ010002350.1	0	48387	4.0
JABSTQ010002355.1	0	98104	3.0
JABSTQ010002357.1	0	100000	2.0
JABSTQ010002357.1	100000	103665	1.0
JABSTQ010002359.1	0	23351	1.0
JABSTQ010002362.1	0	20624	2.0
JABSTQ010002363.1	0	54776	2.0
JABSTQ010002364.1	0	28672	1.0
JABSTQ010002366.1	0	100000	1.0
JABSTQ010002366.1	100000	200000	1.0
JABSTQ010002366.1	200000	220184	1.0
JABSTQ010002367.1	0	7771	1.0
JABSTQ010002371.1	0	16481	1.0
JABSTQ010002373.1	0	100000	1.0
JABSTQ010002373.1	100000	112466	1.0
JABSTQ010002377.1	0	24526	2.0
JABSTQ010002384.1	0	16558	1.0
JABSTQ010002385.1	0	100000	6.0
JABSTQ010002385.1	100000	135594	1.0
JABSTQ010002388.1	0	32510	1.0
JABSTQ010002389.1	0	32994	1.0
JABSTQ010002394.1	0	100000	1.0
JABSTQ010002394.1	100000	112064	1.0
JABSTQ010002397.1	0	31105	2.0
JABSTQ010002403.1	0	18666	1.0
JABSTQ010002404.1	0	30774	1.0
JABSTQ010002407.1	0	18027	9.0
JABSTQ010002409.1	0	96811	4.0
JABSTQ010002414.1	0	48577	3.0
JABSTQ010002415.1	0	22151	1.0
JABSTQ010002416.1	0	15793	1.0
JABSTQ010002418.1	0	40565	1.0
JABSTQ010002427.1	0	48002	4.0
JABSTQ010002430.1	0	19331	1.0
JABSTQ010002432.1	0	14697	1.0
JABSTQ010002433.1	0	15103	1.0
JABSTQ010002435.1	0	100000	3.0
JABSTQ010002435.1	100000	100741	1.0
JABSTQ010002439.1	0	14800	1.0
JABSTQ010002440.1	0	42854	1.0
JABSTQ010002441.1	0	11449	1.0
JABSTQ010002444.1	0	25591	2.0
JABSTQ010002445.1	0	7725	1.0
JABSTQ010002446.1	0	100000	2.0
JABSTQ010002446.1	100000	109016	2.0
JABSTQ010002451.1	0	89068	2.0
JABSTQ010002452.1	0	52330	2.0
JABSTQ010002453.1	0	100000	1.0
JABSTQ010002453.1	100000	183209	1.0
JABSTQ010002455.1	0	24670	2.0
JABSTQ010002457.1	0	75606	1.0
JABSTQ010002458.1	0	16135	1.0
JABSTQ010002459.1	0	100000	2.0
JABSTQ010002459.1	100000	162225	2.0
JABSTQ010002461.1	0	22500	1.0
JABSTQ010002465.1	0	100000	1.0
JABSTQ010002465.1	100000	165324	2.0
JABSTQ010002467.1	0	22087	1.0
JABSTQ010002468.1	0	4575	1.0
JABSTQ010002472.1	0	5715	1.0
JABSTQ010002473.1	0	15497	1.0
JABSTQ010002476.1	0	4743	1.0
JABSTQ010002480.1	0	27110	1.0
JABSTQ010002481.1	0	100000	3.0
JABSTQ010002481.1	100000	200000	1.0
JABSTQ010002482.1	0	19865	1.0
JABSTQ010002484.1	0	15202	1.0
JABSTQ010002487.1	0	100000	3.0
JABSTQ010002487.1	100000	132999	2.0
JABSTQ010002490.1	0	54920	1.0
JABSTQ010002492.1	0	58431	1.0
JABSTQ010002493.1	0	32176	1.0
JABSTQ010002496.1	0	22308	1.0
JABSTQ010002498.1	0	31884	1.0
JABSTQ010002499.1	0	43113	3.0
JABSTQ010002500.1	0	7821	1.0
JABSTQ010002501.1	0	3717	1.0
JABSTQ010002504.1	0	11680	1.0
JABSTQ010002505.1	0	100000	1.0
JABSTQ010002505.1	200000	300000	2.0
JABSTQ010002505.1	300000	390555	1.0
JABSTQ010002511.1	0	7208	1.0
JABSTQ010002512.1	0	59246	1.0
JABSTQ010002513.1	0	10357	1.0
JABSTQ010002516.1	0	9445	1.0
JABSTQ010002518.1	0	16523	1.0
JABSTQ010002522.1	0	19135	1.0
JABSTQ010002526.1	0	100000	3.0
JABSTQ010002526.1	100000	151717	1.0
JABSTQ010002534.1	0	39369	1.0
JABSTQ010002538.1	0	2886	1.0
JABSTQ010002542.1	0	47838	1.0
JABSTQ010002545.1	0	100000	1.0
JABSTQ010002545.1	100000	126529	2.0
JABSTQ010002546.1	0	6432	1.0
JABSTQ010002547.1	0	18772	1.0
JABSTQ010002550.1	0	8586	1.0
JABSTQ010002552.1	0	41091	1.0
JABSTQ010002554.1	0	15112	1.0
JABSTQ010002560.1	0	27191	1.0
JABSTQ010002566.1	100000	185613	1.0
JABSTQ010002569.1	0	35205	1.0
JABSTQ010002572.1	0	5181	1.0
JABSTQ010002574.1	0	11223	1.0
JABSTQ010002575.1	0	44331	2.0
JABSTQ010002580.1	0	2243	1.0
JABSTQ010002582.1	0	100000	3.0
JABSTQ010002582.1	100000	200000	3.0
JABSTQ010002582.1	200000	236119	1.0
JABSTQ010002588.1	0	30820	2.0
JABSTQ010002590.1	0	15878	1.0
JABSTQ010002593.1	0	33854	2.0
JABSTQ010002600.1	0	58757	2.0
JABSTQ010002601.1	0	32864	1.0
JABSTQ010002605.1	0	17605	2.0
JABSTQ010002607.1	0	62738	2.0
JABSTQ010002612.1	0	100000	3.0
JABSTQ010002612.1	100000	135248	1.0
JABSTQ010002614.1	0	58787	1.0
JABSTQ010002616.1	0	21367	1.0
JABSTQ010002617.1	0	26677	1.0
JABSTQ010002621.1	0	53828	2.0
JABSTQ010002622.1	0	47706	1.0
JABSTQ010002623.1	0	38891	2.0
JABSTQ010002624.1	100000	115347	1.0
JABSTQ010002627.1	0	9182	1.0
JABSTQ010002628.1	0	25821	1.0
JABSTQ010002629.1	0	100000	5.0
JABSTQ010002629.1	100000	200000	3.0
JABSTQ010002629.1	200000	236612	5.0
JABSTQ010002631.1	0	18818	2.0
JABSTQ010002632.1	0	12758	2.0
JABSTQ010002633.1	0	86103	2.0
JABSTQ010002634.1	0	45234	1.0
JABSTQ010002635.1	0	31947	1.0
JABSTQ010002636.1	0	10819	1.0
JABSTQ010002637.1	0	40727	2.0
JABSTQ010002640.1	0	64158	3.0
JABSTQ010002645.1	0	33539	4.0
JABSTQ010002647.1	0	28943	3.0
JABSTQ010002648.1	0	45328	1.0
JABSTQ010002649.1	0	13103	1.0
JABSTQ010002656.1	0	32686	1.0
JABSTQ010002657.1	0	41792	1.0
JABSTQ010002661.1	0	83275	1.0
JABSTQ010002662.1	0	45023	2.0
JABSTQ010002663.1	0	100000	2.0
JABSTQ010002663.1	100000	132233	2.0
JABSTQ010002666.1	0	23102	1.0
JABSTQ010002668.1	0	32555	1.0
JABSTQ010002669.1	0	100000	1.0
JABSTQ010002669.1	100000	185039	1.0
JABSTQ010002674.1	0	26507	1.0
JABSTQ010002675.1	0	45319	2.0
JABSTQ010002683.1	0	74243	1.0
JABSTQ010002685.1	0	1810	1.0
JABSTQ010002688.1	0	23906	1.0
JABSTQ010002691.1	0	25478	1.0
JABSTQ010002695.1	0	6328	1.0
JABSTQ010002697.1	0	26884	1.0
JABSTQ010002698.1	0	38878	1.0
JABSTQ010002700.1	0	65203	1.0
JABSTQ010002702.1	0	30995	1.0
JABSTQ010002703.1	0	10633	1.0
JABSTQ010002704.1	0	26312	1.0
JABSTQ010002707.1	0	25625	1.0
JABSTQ010002709.1	0	100000	2.0
JABSTQ010002709.1	100000	131988	6.0
JABSTQ010002711.1	0	12166	1.0
JABSTQ010002712.1	200000	300000	1.0
JABSTQ010002712.1	300000	329431	1.0
JABSTQ010002717.1	0	9616	1.0
JABSTQ010002722.1	0	23559	2.0
JABSTQ010002724.1	0	100000	1.0
JABSTQ010002724.1	200000	298228	4.0
JABSTQ010002729.1	0	16305	2.0
JABSTQ010002731.1	0	25758	1.0
JABSTQ010002734.1	0	18313	2.0
JABSTQ010002735.1	0	100000	3.0
JABSTQ010002735.1	100000	104524	1.0
JABSTQ010002737.1	0	100000	2.0
JABSTQ010002737.1	100000	159871	3.0
JABSTQ010002738.1	0	80606	2.0
JABSTQ010002745.1	0	34659	1.0
JABSTQ010002746.1	0	100000	2.0
JABSTQ010002747.1	0	62353	1.0
JABSTQ010002748.1	0	33226	2.0
JABSTQ010002752.1	0	100000	1.0
JABSTQ010002752.1	100000	148616	1.0
JABSTQ010002754.1	0	31145	4.0
JABSTQ010002760.1	0	51780	3.0
JABSTQ010002764.1	0	13911	1.0
JABSTQ010002765.1	0	24461	1.0
JABSTQ010002766.1	0	100000	2.0
JABSTQ010002766.1	100000	159521	6.0
JABSTQ010002768.1	0	90158	6.0
JABSTQ010002771.1	0	55071	1.0
JABSTQ010002772.1	0	93418	3.0
JABSTQ010002773.1	0	30971	1.0
JABSTQ010002774.1	0	18330	3.0
JABSTQ010002775.1	0	61656	5.0
JABSTQ010002779.1	0	18996	1.0
JABSTQ010002782.1	0	40084	1.0
JABSTQ010002783.1	0	46747	1.0
JABSTQ010002786.1	0	41881	1.0
JABSTQ010002789.1	0	7738	1.0
JABSTQ010002791.1	0	7300	1.0
JABSTQ010002797.1	0	80439	1.0
JABSTQ010002801.1	0	29570	1.0
JABSTQ010002802.1	0	100000	1.0
JABSTQ010002802.1	100000	179133	2.0
JABSTQ010002804.1	0	15187	1.0
JABSTQ010002806.1	0	18189	2.0
JABSTQ010002809.1	0	100000	1.0
JABSTQ010002809.1	100000	142963	1.0
JABSTQ010002813.1	0	50281	1.0
JABSTQ010002815.1	0	37238	1.0
JABSTQ010002817.1	0	39749	1.0
JABSTQ010002821.1	0	37112	1.0
JABSTQ010002824.1	0	52356	5.0
JABSTQ010002828.1	0	100000	1.0
JABSTQ010002828.1	100000	132597	2.0
JABSTQ010002832.1	0	70429	1.0
JABSTQ010002834.1	0	73574	3.0
JABSTQ010002835.1	0	10699	1.0
JABSTQ010002836.1	0	5139	1.0
JABSTQ010002843.1	0	24989	1.0
JABSTQ010002844.1	100000	185381	1.0
JABSTQ010002850.1	100000	200000	1.0
JABSTQ010002850.1	300000	400000	3.0
JABSTQ010002850.1	400000	457624	1.0
JABSTQ010002852.1	0	100000	3.0
JABSTQ010002852.1	100000	200000	1.0
JABSTQ010002852.1	200000	248233	3.0
JABSTQ010002858.1	0	84592	3.0
JABSTQ010002862.1	0	100000	1.0
JABSTQ010002862.1	100000	107689	1.0
JABSTQ010002865.1	0	41526	1.0
JABSTQ010002866.1	0	100000	3.0
JABSTQ010002867.1	0	14667	1.0
JABSTQ010002868.1	0	31683	1.0
JABSTQ010002869.1	0	23237	1.0
JABSTQ010002872.1	0	14264	1.0
JABSTQ010002874.1	0	100000	1.0
JABSTQ010002874.1	100000	140810	2.0
JABSTQ010002877.1	0	48150	1.0
JABSTQ010002879.1	0	32620	1.0
JABSTQ010002881.1	0	100000	1.0
JABSTQ010002881.1	100000	138455	2.0
JABSTQ010002883.1	0	100000	1.0
JABSTQ010002883.1	100000	200000	1.0
JABSTQ010002883.1	200000	275976	2.0
JABSTQ010002885.1	0	10151	1.0
JABSTQ010002886.1	0	100000	2.0
JABSTQ010002886.1	100000	103891	1.0
JABSTQ010002888.1	0	20508	1.0
JABSTQ010002891.1	0	37654	1.0
JABSTQ010002892.1	0	90596	1.0
JABSTQ010002893.1	0	29172	1.0
JABSTQ010002896.1	0	7595	1.0
JABSTQ010002898.1	100000	158550	1.0
JABSTQ010002900.1	0	50012	2.0
JABSTQ010002911.1	0	28102	2.0
JABSTQ010002912.1	0	100000	2.0
JABSTQ010002912.1	100000	170656	2.0
JABSTQ010002913.1	0	19057	1.0
JABSTQ010002916.1	0	3530	1.0
JABSTQ010002918.1	0	833	1.0
JABSTQ010002921.1	0	100000	1.0
JABSTQ010002921.1	100000	159085	1.0
JABSTQ010002925.1	0	41506	1.0
JABSTQ010002926.1	0	27078	1.0
JABSTQ010002928.1	0	71743	2.0
JABSTQ010002929.1	0	100000	1.0
JABSTQ010002929.1	200000	300000	1.0
JABSTQ010002929.1	300000	345182	1.0
JABSTQ010002930.1	0	32740	2.0
JABSTQ010002932.1	0	17345	3.0
JABSTQ010002935.1	0	88999	3.0
JABSTQ010002938.1	0	50775	1.0
JABSTQ010002940.1	0	29128	2.0
JABSTQ010002942.1	0	29929	3.0
JABSTQ010002945.1	0	9757	1.0
JABSTQ010002947.1	0	96481	2.0
JABSTQ010002950.1	0	23419	1.0
JABSTQ010002951.1	0	40465	1.0
JABSTQ010002954.1	0	56464	2.0
JABSTQ010002955.1	0	39055	1.0
JABSTQ010002957.1	0	5612	1.0
JABSTQ010002959.1	0	15918	1.0
JABSTQ010002960.1	0	100000	1.0
JABSTQ010002960.1	100000	115047	1.0
JABSTQ010002967.1	0	29597	1.0
JABSTQ010002968.1	0	12150	2.0
JABSTQ010002974.1	0	22782	5.0
JABSTQ010002976.1	0	36132	1.0
JABSTQ010002981.1	0	28807	1.0
JABSTQ010002985.1	0	67333	2.0
JABSTQ010002990.1	0	77669	4.0
JABSTQ010002993.1	0	84652	3.0
JABSTQ010002998.1	0	80296	3.0
JABSTQ010003004.1	0	33524	1.0
JABSTQ010003011.1	0	100000	3.0
JABSTQ010003011.1	100000	200000	5.0
JABSTQ010003011.1	200000	300000	5.0
JABSTQ010003011.1	300000	367062	3.0
JABSTQ010003013.1	0	100000	2.0
JABSTQ010003013.1	100000	200000	1.0
JABSTQ010003013.1	200000	300000	2.0
JABSTQ010003013.1	300000	400000	3.0
JABSTQ010003016.1	0	15845	1.0
JABSTQ010003018.1	0	24225	1.0
JABSTQ010003020.1	0	3087	1.0
JABSTQ010003021.1	0	1050	1.0
JABSTQ010003022.1	0	37272	1.0
JABSTQ010003023.1	0	14107	1.0
JABSTQ010003024.1	0	4112	1.0
JABSTQ010003030.1	0	20433	1.0
JABSTQ010003031.1	0	45456	1.0
JABSTQ010003032.1	0	99568	2.0
JABSTQ010003034.1	0	20226	1.0
JABSTQ010003046.1	0	76501	2.0
JABSTQ010003047.1	0	100000	3.0
JABSTQ010003047.1	100000	126011	1.0
JABSTQ010003051.1	0	97478	1.0
JABSTQ010003052.1	0	45065	1.0
JABSTQ010003054.1	0	33216	1.0
JABSTQ010003055.1	0	64254	2.0
JABSTQ010003058.1	0	9034	1.0
JABSTQ010003059.1	0	60880	4.0
JABSTQ010003061.1	0	88318	2.0
JABSTQ010003064.1	0	17897	1.0
JABSTQ010003066.1	0	9885	2.0
JABSTQ010003068.1	0	62851	1.0
JABSTQ010003070.1	0	96068	4.0
JABSTQ010003071.1	0	8528	1.0
JABSTQ010003072.1	0	21247	1.0
JABSTQ010003073.1	0	63465	1.0
JABSTQ010003076.1	0	56241	2.0
JABSTQ010003085.1	0	27463	1.0
JABSTQ010003087.1	0	57127	1.0
JABSTQ010003088.1	0	32109	1.0
JABSTQ010003091.1	0	93048	1.0
JABSTQ010003092.1	0	23831	1.0
JABSTQ010003093.1	0	65187	2.0
JABSTQ010003094.1	0	100000	3.0
JABSTQ010003094.1	100000	111500	1.0
JABSTQ010003096.1	0	56254	4.0
JABSTQ010003098.1	0	23755	1.0
JABSTQ010003099.1	0	14780	1.0
JABSTQ010003100.1	0	22826	1.0
JABSTQ010003101.1	0	27341	2.0
JABSTQ010003102.1	0	100000	1.0
JABSTQ010003102.1	100000	131022	1.0
JABSTQ010003108.1	0	40319	2.0
JABSTQ010003115.1	0	100000	4.0
JABSTQ010003115.1	100000	109311	1.0
JABSTQ010003118.1	0	56518	2.0
JABSTQ010003119.1	0	21776	1.0
JABSTQ010003122.1	0	17411	1.0
JABSTQ010003123.1	0	100000	2.0
JABSTQ010003123.1	400000	435487	1.0
JABSTQ010003129.1	0	29951	1.0
JABSTQ010003130.1	0	28079	1.0
JABSTQ010003132.1	0	43576	1.0
JABSTQ010003139.1	0	22189	1.0
JABSTQ010003147.1	0	45149	1.0
JABSTQ010003148.1	0	7680	1.0
JABSTQ010003150.1	0	34937	1.0
JABSTQ010003151.1	0	17724	3.0
JABSTQ010003152.1	0	96814	1.0
JABSTQ010003153.1	0	13771	1.0
JABSTQ010003154.1	0	42127	1.0
JABSTQ010003160.1	0	15867	1.0
JABSTQ010003162.1	0	6670	1.0
JABSTQ010003166.1	0	79005	2.0
JABSTQ010003167.1	0	22264	1.0
JABSTQ010003171.1	0	100000	1.0
JABSTQ010003171.1	100000	109307	1.0
JABSTQ010003175.1	0	88693	1.0
JABSTQ010003177.1	0	5583	1.0
JABSTQ010003178.1	0	18486	1.0
JABSTQ010003180.1	0	50794	1.0
JABSTQ010003182.1	0	5272	1.0
JABSTQ010003188.1	0	21145	1.0
JABSTQ010003190.1	0	51375	3.0
JABSTQ010003197.1	0	30447	1.0
JABSTQ010003201.1	100000	200000	3.0
JABSTQ010003201.1	200000	216667	1.0
JABSTQ010003203.1	0	2973	1.0
JABSTQ010003204.1	0	33907	1.0
JABSTQ010003209.1	0	14605	1.0
JABSTQ010003210.1	0	17664	2.0
JABSTQ010003214.1	0	13668	1.0
JABSTQ010003218.1	0	22378	1.0
JABSTQ010003220.1	0	70954	1.0
JABSTQ010003221.1	0	39034	4.0
JABSTQ010003224.1	0	55627	1.0
JABSTQ010003226.1	0	35038	1.0
JABSTQ010003228.1	0	81343	2.0
JABSTQ010003230.1	0	8930	1.0
JABSTQ010003231.1	0	24755	2.0
JABSTQ010003232.1	0	8663	1.0
JABSTQ010003233.1	0	56994	2.0
JABSTQ010003235.1	0	17460	1.0
JABSTQ010003236.1	0	19625	1.0
JABSTQ010003238.1	0	42892	2.0
JABSTQ010003243.1	0	35322	2.0
JABSTQ010003244.1	0	5566	1.0
JABSTQ010003246.1	0	20650	1.0
JABSTQ010003250.1	0	32243	1.0
JABSTQ010003252.1	0	35737	2.0
JABSTQ010003253.1	0	7065	1.0
JABSTQ010003254.1	0	20523	1.0
JABSTQ010003258.1	0	55018	2.0
JABSTQ010003260.1	0	42580	1.0
JABSTQ010003262.1	0	8084	1.0
JABSTQ010003264.1	100000	129937	2.0
JABSTQ010003266.1	0	30920	2.0
JABSTQ010003267.1	0	27375	1.0
JABSTQ010003270.1	0	19551	1.0
JABSTQ010003272.1	0	17422	1.0
JABSTQ010003274.1	0	100000	1.0
JABSTQ010003274.1	100000	182907	1.0
JABSTQ010003278.1	0	20236	1.0
JABSTQ010003282.1	0	62861	3.0
JABSTQ010003283.1	0	13379	1.0
JABSTQ010003284.1	0	9250	1.0
JABSTQ010003285.1	0	7493	1.0
JABSTQ010003286.1	100000	200000	3.0
JABSTQ010003292.1	0	56322	1.0
JABSTQ010003296.1	0	3167	1.0
JABSTQ010003301.1	0	61482	1.0
JABSTQ010003308.1	0	9433	1.0
JABSTQ010003310.1	0	70748	3.0
JABSTQ010003312.1	0	16636	1.0
JABSTQ010003314.1	0	57020	1.0
JABSTQ010003317.1	0	100000	2.0
JABSTQ010003317.1	100000	200000	1.0
JABSTQ010003317.1	200000	269678	2.0
JABSTQ010003318.1	0	46095	2.0
JABSTQ010003319.1	0	28884	2.0
JABSTQ010003320.1	0	100000	2.0
JABSTQ010003320.1	100000	181039	4.0
JABSTQ010003323.1	0	94555	1.0
JABSTQ010003325.1	0	10251	1.0
JABSTQ010003326.1	0	19459	1.0
JABSTQ010003330.1	0	27648	2.0
JABSTQ010003331.1	0	21806	1.0
JABSTQ010003336.1	0	10547	1.0
JABSTQ010003337.1	0	31395	1.0
JABSTQ010003341.1	0	6213	1.0
JABSTQ010003342.1	0	58762	1.0
JABSTQ010003344.1	0	21398	1.0
JABSTQ010003345.1	0	47133	3.0
JABSTQ010003346.1	0	92781	1.0
JABSTQ010003347.1	100000	143193	2.0
JABSTQ010003354.1	0	37633	1.0
JABSTQ010003356.1	0	39693	1.0
JABSTQ010003357.1	0	22398	1.0
JABSTQ010003358.1	0	20603	1.0
JABSTQ010003359.1	0	13578	1.0
JABSTQ010003361.1	0	35660	1.0
JABSTQ010003368.1	0	72838	2.0
JABSTQ010003369.1	0	5334	1.0
JABSTQ010003371.1	0	99005	3.0
JABSTQ010003375.1	0	1743	1.0
JABSTQ010003376.1	0	11359	1.0
JABSTQ010003377.1	0	65970	1.0
JABSTQ010003379.1	0	98902	1.0
JABSTQ010003387.1	0	66880	2.0
JABSTQ010003389.1	0	24065	2.0
JABSTQ010003391.1	0	19785	1.0
JABSTQ010003395.1	0	2101	1.0
JABSTQ010003401.1	0	20674	1.0
JABSTQ010003403.1	0	43524	2.0
JABSTQ010003408.1	0	6431	1.0
JABSTQ010003413.1	0	100000	2.0
JABSTQ010003413.1	100000	136319	2.0
JABSTQ010003414.1	0	100000	2.0
JABSTQ010003414.1	100000	123579	1.0
JABSTQ010003416.1	0	39923	1.0
JABSTQ010003418.1	0	41981	3.0
JABSTQ010003419.1	0	100000	1.0
JABSTQ010003419.1	100000	123841	1.0
JABSTQ010003420.1	0	84433	1.0
JABSTQ010003426.1	0	28353	1.0
JABSTQ010003429.1	0	53915	2.0
JABSTQ010003431.1	0	10706	1.0
JABSTQ010003435.1	0	83762	2.0
JABSTQ010003439.1	0	33919	1.0
JABSTQ010003444.1	0	25293	2.0
JABSTQ010003448.1	0	13549	1.0
JABSTQ010003451.1	0	73711	2.0
JABSTQ010003455.1	0	100000	3.0
JABSTQ010003455.1	100000	185047	2.0
JABSTQ010003459.1	0	36595	2.0
JABSTQ010003462.1	0	2088	1.0
JABSTQ010003465.1	0	23908	1.0
JABSTQ010003470.1	0	18400	1.0
JABSTQ010003472.1	0	66616	1.0
JABSTQ010003473.1	0	100000	4.0
JABSTQ010003473.1	100000	149936	1.0
JABSTQ010003474.1	0	24739	1.0
JABSTQ010003475.1	0	75978	1.0
JABSTQ010003477.1	0	43987	1.0
JABSTQ010003478.1	0	25797	6.0
JABSTQ010003481.1	0	49433	1.0
JABSTQ010003484.1	0	18552	1.0
JABSTQ010003485.1	0	11624	1.0
JABSTQ010003488.1	0	24602	1.0
JABSTQ010003489.1	0	99867	1.0
JABSTQ010003490.1	0	55141	1.0
JABSTQ010003492.1	0	3554	1.0
JABSTQ010003494.1	0	13327	1.0
JABSTQ010003496.1	0	51454	5.0
JABSTQ010003499.1	0	21935	1.0
JABSTQ010003501.1	0	31793	2.0
JABSTQ010003503.1	0	85705	3.0
JABSTQ010003511.1	0	35251	1.0
JABSTQ010003512.1	0	11407	1.0
JABSTQ010003520.1	0	24749	1.0
JABSTQ010003522.1	0	27164	1.0
JABSTQ010003527.1	0	3099	1.0
JABSTQ010003529.1	0	29858	1.0
JABSTQ010003530.1	0	40407	2.0
JABSTQ010003535.1	0	49725	1.0
JABSTQ010003536.1	0	100000	6.0
JABSTQ010003536.1	100000	200000	4.0
JABSTQ010003536.1	500000	600000	1.0
JABSTQ010003536.1	700000	800000	1.0
JABSTQ010003536.1	800000	900000	3.0
JABSTQ010003536.1	900000	956724	2.0
JABSTQ010003541.1	0	17722	1.0
JABSTQ010003543.1	0	56020	2.0
JABSTQ010003544.1	0	4328	1.0
JABSTQ010003546.1	0	50289	1.0
JABSTQ010003549.1	100000	184089	5.0
JABSTQ010003552.1	0	21722	2.0
JABSTQ010003555.1	0	47415	1.0
JABSTQ010003556.1	0	76485	1.0
JABSTQ010003557.1	0	22189	1.0
JABSTQ010003558.1	0	21179	2.0
JABSTQ010003563.1	0	100000	1.0
JABSTQ010003563.1	100000	126160	1.0
JABSTQ010003567.1	0	100000	1.0
JABSTQ010003567.1	100000	175082	5.0
JABSTQ010003570.1	0	90547	2.0
JABSTQ010003573.1	0	17167	1.0
JABSTQ010003574.1	0	25539	1.0
JABSTQ010003580.1	0	25916	2.0
JABSTQ010003581.1	0	70410	2.0
JABSTQ010003582.1	0	29307	3.0
JABSTQ010003585.1	0	100000	1.0
JABSTQ010003585.1	100000	157752	4.0
JABSTQ010003586.1	0	100000	1.0
JABSTQ010003586.1	100000	195343	3.0
JABSTQ010003589.1	0	81930	1.0
JABSTQ010003590.1	0	32150	2.0
JABSTQ010003592.1	0	59300	1.0
JABSTQ010003593.1	0	31446	1.0
JABSTQ010003594.1	0	23497	1.0
JABSTQ010003598.1	0	37121	1.0
JABSTQ010003599.1	0	100000	3.0
JABSTQ010003599.1	100000	178179	2.0
JABSTQ010003602.1	0	1359	1.0
JABSTQ010003604.1	0	81137	2.0
JABSTQ010003608.1	0	23524	1.0
JABSTQ010003611.1	0	17687	1.0
JABSTQ010003616.1	0	2272	1.0
JABSTQ010003617.1	0	100000	5.0
JABSTQ010003617.1	100000	123635	1.0
JABSTQ010003619.1	0	34850	2.0
JABSTQ010003620.1	0	21460	1.0
JABSTQ010003622.1	0	8563	1.0
JABSTQ010003631.1	0	27000	1.0
JABSTQ010003632.1	0	31185	6.0
JABSTQ010003634.1	0	72015	2.0
JABSTQ010003635.1	0	83172	1.0
JABSTQ010003640.1	0	13091	1.0
JABSTQ010003643.1	0	44972	3.0
JABSTQ010003645.1	0	19056	1.0
JABSTQ010003646.1	0	73854	2.0
JABSTQ010003650.1	0	25520	1.0
JABSTQ010003653.1	0	64504	2.0
JABSTQ010003654.1	0	22173	1.0
JABSTQ010003660.1	0	31804	3.0
JABSTQ010003663.1	0	25476	1.0
JABSTQ010003665.1	0	54485	2.0
JABSTQ010003666.1	0	20279	2.0
JABSTQ010003669.1	0	37152	2.0
JABSTQ010003670.1	0	25290	2.0
JABSTQ010003671.1	0	25474	2.0
JABSTQ010003672.1	0	6213	1.0
JABSTQ010003674.1	0	31496	1.0
JABSTQ010003675.1	0	22392	2.0
JABSTQ010003676.1	0	32642	1.0
JABSTQ010003677.1	0	21786	1.0
JABSTQ010003682.1	0	13890	2.0
JABSTQ010003683.1	100000	189556	1.0
JABSTQ010003685.1	0	29215	1.0
JABSTQ010003687.1	0	28486	1.0
JABSTQ010003688.1	0	660	1.0
JABSTQ010003690.1	0	17392	1.0
JABSTQ010003694.1	0	5062	1.0
JABSTQ010003696.1	0	100000	1.0
JABSTQ010003696.1	100000	200000	1.0
JABSTQ010003696.1	200000	221358	2.0
JABSTQ010003699.1	0	10144	1.0
JABSTQ010003703.1	0	57480	6.0
JABSTQ010003708.1	0	14624	1.0
JABSTQ010003712.1	0	22868	1.0
JABSTQ010003713.1	0	39909	1.0
JABSTQ010003715.1	0	34122	3.0
JABSTQ010003716.1	0	15325	1.0
JABSTQ010003717.1	0	35995	2.0
JABSTQ010003720.1	0	5717	1.0
JABSTQ010003721.1	100000	111305	1.0
JABSTQ010003725.1	0	24943	1.0
JABSTQ010003727.1	0	28954	1.0
JABSTQ010003728.1	0	13231	4.0
JABSTQ010003730.1	0	11731	1.0
JABSTQ010003734.1	0	100000	5.0
JABSTQ010003734.1	100000	200000	4.0
JABSTQ010003734.1	200000	234363	1.0
JABSTQ010003735.1	0	12536	1.0
JABSTQ010003736.1	0	84555	1.0
JABSTQ010003737.1	0	10016	1.0
JABSTQ010003739.1	0	25284	1.0
JABSTQ010003743.1	0	80706	1.0
JABSTQ010003744.1	0	84612	4.0
JABSTQ010003748.1	0	85244	3.0
JABSTQ010003749.1	0	35350	2.0
JABSTQ010003750.1	0	14982	1.0
JABSTQ010003751.1	0	72339	1.0
JABSTQ010003752.1	0	72391	2.0
JABSTQ010003753.1	0	69429	10.0
JABSTQ010003754.1	0	90185	7.0
JABSTQ010003755.1	0	36984	1.0
JABSTQ010003760.1	0	23380	1.0
JABSTQ010003761.1	0	92517	1.0
JABSTQ010003764.1	0	11698	3.0
JABSTQ010003765.1	0	29361	2.0
JABSTQ010003767.1	0	100000	3.0
JABSTQ010003767.1	100000	186249	1.0
JABSTQ010003774.1	0	8139	1.0
JABSTQ010003776.1	0	100000	1.0
JABSTQ010003776.1	100000	200000	2.0
JABSTQ010003776.1	200000	248645	2.0
JABSTQ010003781.1	0	85312	2.0
JABSTQ010003782.1	0	3653	1.0
JABSTQ010003786.1	0	93350	7.0
JABSTQ010003787.1	0	40733	2.0
JABSTQ010003791.1	0	20533	3.0
JABSTQ010003792.1	0	80228	1.0
JABSTQ010003800.1	0	65911	4.0
JABSTQ010003804.1	0	18893	1.0
JABSTQ010003809.1	0	64770	1.0
JABSTQ010003813.1	0	86645	1.0
JABSTQ010003815.1	0	74264	1.0
JABSTQ010003816.1	0	68229	3.0
JABSTQ010003817.1	0	19778	1.0
JABSTQ010003818.1	0	73630	2.0
JABSTQ010003822.1	0	63226	2.0
JABSTQ010003827.1	0	27397	1.0
JABSTQ010003828.1	0	64097	2.0
JABSTQ010003829.1	0	78830	4.0
JABSTQ010003830.1	0	44867	1.0
JABSTQ010003831.1	0	80767	1.0
JABSTQ010003832.1	0	18174	1.0
JABSTQ010003836.1	0	39230	2.0
JABSTQ010003837.1	0	15369	1.0
JABSTQ010003838.1	0	83077	2.0
JABSTQ010003840.1	0	43086	2.0
JABSTQ010003843.1	0	83024	3.0
JABSTQ010003844.1	0	40088	1.0
JABSTQ010003848.1	0	8295	2.0
JABSTQ010003853.1	0	55437	1.0
JABSTQ010003854.1	0	17360	1.0
JABSTQ010003855.1	0	70887	3.0
JABSTQ010003856.1	0	50547	1.0
JABSTQ010003857.1	0	27850	1.0
JABSTQ010003858.1	0	69157	2.0
JABSTQ010003862.1	0	15014	1.0
JABSTQ010003863.1	0	17265	1.0
JABSTQ010003864.1	0	11188	1.0
JABSTQ010003865.1	0	22907	1.0
JABSTQ010003869.1	0	18834	1.0
JABSTQ010003871.1	0	12194	1.0
JABSTQ010003872.1	0	16464	1.0
JABSTQ010003873.1	0	54395	1.0
JABSTQ010003874.1	0	29829	1.0
JABSTQ010003876.1	0	66186	1.0
JABSTQ010003881.1	0	73648	1.0
JABSTQ010003882.1	0	23307	3.0
JABSTQ010003883.1	0	10950	1.0
JABSTQ010003884.1	0	92815	3.0
JABSTQ010003885.1	0	25229	1.0
JABSTQ010003886.1	0	46216	1.0
JABSTQ010003892.1	0	52986	1.0
JABSTQ010003893.1	0	90882	2.0
JABSTQ010003896.1	0	24295	1.0
JABSTQ010003898.1	0	57042	1.0
JABSTQ010003902.1	0	46747	5.0
JABSTQ010003903.1	0	35611	1.0
JABSTQ010003909.1	0	50207	1.0
JABSTQ010003910.1	0	9578	2.0
JABSTQ010003911.1	0	11500	1.0
JABSTQ010003912.1	0	35030	2.0
JABSTQ010003917.1	0	40416	1.0
JABSTQ010003920.1	0	30582	1.0
JABSTQ010003921.1	0	70582	2.0
JABSTQ010003922.1	0	59664	1.0
JABSTQ010003926.1	0	47750	1.0
JABSTQ010003928.1	0	80574	1.0
JABSTQ010003929.1	0	63758	3.0
JABSTQ010003930.1	0	25382	1.0
JABSTQ010003931.1	0	14221	2.0
JABSTQ010003935.1	0	15066	1.0
JABSTQ010003936.1	0	78852	1.0
JABSTQ010003938.1	0	9868	1.0
JABSTQ010003944.1	0	65172	2.0
JABSTQ010003945.1	0	18580	1.0
JABSTQ010003946.1	0	88253	1.0
JABSTQ010003947.1	0	5992	1.0
JABSTQ010003948.1	0	9988	1.0
JABSTQ010003949.1	0	8877	1.0
JABSTQ010003950.1	0	7455	1.0
JABSTQ010003951.1	0	20313	2.0
JABSTQ010003955.1	0	29877	1.0
JABSTQ010003956.1	0	100000	3.0
JABSTQ010003956.1	100000	120786	1.0
JABSTQ010003957.1	0	34532	1.0
JABSTQ010003975.1	0	100000	1.0
JABSTQ010003975.1	100000	137270	1.0
JABSTQ010003979.1	0	96717	4.0
JABSTQ010003980.1	0	18609	1.0
JABSTQ010003984.1	0	2373	1.0
JABSTQ010003989.1	0	15382	1.0
JABSTQ010003990.1	0	48605	2.0
JABSTQ010003991.1	0	37284	2.0
JABSTQ010003992.1	0	24044	1.0
JABSTQ010003993.1	0	24343	1.0
JABSTQ010004000.1	0	31241	1.0
JABSTQ010004002.1	0	51249	6.0
JABSTQ010004003.1	0	6749	1.0
JABSTQ010004004.1	0	10160	1.0
JABSTQ010004006.1	0	100000	1.0
JABSTQ010004006.1	100000	126095	1.0
JABSTQ010004007.1	0	100000	3.0
JABSTQ010004007.1	100000	179182	2.0
JABSTQ010004009.1	0	5618	1.0
JABSTQ010004012.1	0	45921	1.0
JABSTQ010004016.1	0	31985	1.0
JABSTQ010004018.1	0	47230	1.0
JABSTQ010004020.1	0	24533	1.0
JABSTQ010004021.1	0	23736	2.0
JABSTQ010004024.1	0	10451	1.0
JABSTQ010004025.1	0	100000	1.0
JABSTQ010004025.1	100000	100995	1.0
JABSTQ010004027.1	0	42740	2.0
JABSTQ010004028.1	0	76894	1.0
JABSTQ010004030.1	0	100000	3.0
JABSTQ010004036.1	0	54430	1.0
JABSTQ010004038.1	0	9189	1.0
JABSTQ010004041.1	0	40569	2.0
JABSTQ010004045.1	0	97240	1.0
JABSTQ010004054.1	0	8698	1.0
JABSTQ010004055.1	0	24237	1.0
JABSTQ010004060.1	0	15115	1.0
JABSTQ010004065.1	0	80494	2.0
JABSTQ010004078.1	0	16620	1.0
JABSTQ010004079.1	0	7730	1.0
JABSTQ010004080.1	0	91468	5.0
JABSTQ010004082.1	0	51134	1.0
JABSTQ010004086.1	0	62537	3.0
JABSTQ010004091.1	0	2483	1.0
JABSTQ010004093.1	0	100000	1.0
JABSTQ010004093.1	100000	200000	1.0
JABSTQ010004093.1	200000	300000	1.0
JABSTQ010004093.1	300000	350379	1.0
JABSTQ010004094.1	0	46257	1.0
JABSTQ010004098.1	0	32204	1.0
JABSTQ010004100.1	0	100000	3.0
JABSTQ010004100.1	100000	200000	1.0
JABSTQ010004100.1	200000	254457	4.0
JABSTQ010004103.1	100000	119416	1.0
JABSTQ010004109.1	0	34604	1.0
JABSTQ010004111.1	0	29654	1.0
JABSTQ010004114.1	0	9052	1.0
JABSTQ010004116.1	0	26936	2.0
JABSTQ010004118.1	0	93543	4.0
JABSTQ010004123.1	0	1095	1.0
JABSTQ010004124.1	0	100000	4.0
JABSTQ010004124.1	100000	118568	1.0
JABSTQ010004125.1	0	86618	4.0
JABSTQ010004126.1	0	23742	1.0
JABSTQ010004128.1	0	25622	1.0
JABSTQ010004129.1	0	33488	2.0
JABSTQ010004134.1	0	48739	1.0
JABSTQ010004135.1	0	100000	3.0
JABSTQ010004135.1	100000	102697	1.0
JABSTQ010004136.1	0	38955	1.0
JABSTQ010004137.1	0	54729	1.0
JABSTQ010004138.1	0	95721	3.0
JABSTQ010004141.1	0	40795	1.0
JABSTQ010004142.1	0	38960	2.0
JABSTQ010004146.1	0	23266	1.0
JABSTQ010004149.1	0	7801	1.0
JABSTQ010004151.1	0	14405	1.0
JABSTQ010004155.1	0	65126	2.0
JABSTQ010004156.1	0	31111	1.0
JABSTQ010004159.1	0	92494	5.0
JABSTQ010004161.1	0	29381	1.0
JABSTQ010004162.1	0	16152	2.0
JABSTQ010004164.1	0	100000	1.0
JABSTQ010004164.1	100000	106591	1.0
JABSTQ010004165.1	0	82507	6.0
JABSTQ010004168.1	0	76961	3.0
JABSTQ010004171.1	0	9984	1.0
JABSTQ010004174.1	0	30492	2.0
JABSTQ010004175.1	0	19678	1.0
JABSTQ010004176.1	0	28491	1.0
JABSTQ010004178.1	0	51201	1.0
JABSTQ010004181.1	0	20923	1.0
JABSTQ010004183.1	0	63409	1.0
JABSTQ010004184.1	0	100000	2.0
JABSTQ010004184.1	100000	114037	1.0
JABSTQ010004187.1	0	61294	2.0
JABSTQ010004188.1	0	1369	1.0
JABSTQ010004190.1	0	21332	1.0
JABSTQ010004200.1	0	75016	2.0
JABSTQ010004204.1	0	68510	1.0
JABSTQ010004205.1	0	31746	1.0
JABSTQ010004207.1	0	58543	1.0
JABSTQ010004209.1	0	3259	1.0
JABSTQ010004212.1	0	14322	1.0
JABSTQ010004213.1	0	17677	1.0
JABSTQ010004216.1	0	33020	2.0
JABSTQ010004218.1	0	16423	2.0
JABSTQ010004219.1	0	10971	1.0
JABSTQ010004222.1	0	34118	2.0
JABSTQ010004223.1	0	8914	1.0
JABSTQ010004225.1	0	40305	1.0
JABSTQ010004227.1	0	100000	1.0
JABSTQ010004227.1	100000	117460	1.0
JABSTQ010004229.1	0	21627	1.0
JABSTQ010004230.1	0	100000	2.0
JABSTQ010004230.1	100000	125427	1.0
JABSTQ010004232.1	0	18082	1.0
JABSTQ010004233.1	100000	123027	1.0
JABSTQ010004234.1	0	42716	1.0
JABSTQ010004237.1	400000	500000	1.0
JABSTQ010004237.1	500000	520788	1.0
JABSTQ010004239.1	0	77446	2.0
JABSTQ010004241.1	0	34324	1.0
JABSTQ010004245.1	0	73050	3.0
JABSTQ010004247.1	0	39209	1.0
JABSTQ010004248.1	0	87998	3.0
JABSTQ010004250.1	0	9238	1.0
JABSTQ010004253.1	0	23892	1.0
JABSTQ010004255.1	0	95318	6.0
JABSTQ010004260.1	0	45835	1.0
JABSTQ010004262.1	0	100000	2.0
JABSTQ010004262.1	100000	111027	1.0
JABSTQ010004263.1	0	21234	3.0
JABSTQ010004269.1	0	14983	1.0
JABSTQ010004275.1	0	11818	1.0
JABSTQ010004276.1	0	41407	4.0
JABSTQ010004279.1	0	74955	2.0
JABSTQ010004280.1	0	100000	1.0
JABSTQ010004280.1	100000	104854	1.0
JABSTQ010004283.1	0	76043	1.0
JABSTQ010004285.1	0	100000	3.0
JABSTQ010004285.1	100000	114384	1.0
JABSTQ010004288.1	0	70650	3.0
JABSTQ010004289.1	0	34614	1.0
JABSTQ010004291.1	0	47148	3.0
JABSTQ010004293.1	0	24458	1.0
JABSTQ010004298.1	0	27261	1.0
JABSTQ010004299.1	0	70502	8.0
JABSTQ010004301.1	0	25865	1.0
JABSTQ010004304.1	0	16996	1.0
JABSTQ010004305.1	0	100000	2.0
JABSTQ010004305.1	100000	139017	1.0
JABSTQ010004306.1	0	29837	1.0
JABSTQ010004307.1	0	5542	1.0
JABSTQ010004310.1	0	31883	2.0
JABSTQ010004313.1	0	37013	1.0
JABSTQ010004317.1	0	1893	2.0
JABSTQ010004320.1	0	16125	1.0
JABSTQ010004322.1	0	58162	1.0
JABSTQ010004323.1	0	67819	2.0
JABSTQ010004326.1	0	29925	3.0
JABSTQ010004327.1	0	33085	1.0
JABSTQ010004328.1	0	43186	1.0
JABSTQ010004330.1	0	10715	1.0
JABSTQ010004333.1	100000	115215	1.0
JABSTQ010004334.1	0	20536	1.0
JABSTQ010004335.1	0	83558	1.0
JABSTQ010004338.1	0	3681	1.0
JABSTQ010004340.1	0	9313	1.0
JABSTQ010004341.1	0	26764	1.0
JABSTQ010004342.1	0	74517	3.0
JABSTQ010004343.1	0	36691	3.0
JABSTQ010004345.1	0	100000	1.0
JABSTQ010004345.1	100000	108610	1.0
JABSTQ010004346.1	0	100000	2.0
JABSTQ010004346.1	100000	200000	4.0
JABSTQ010004346.1	200000	270800	5.0
JABSTQ010004349.1	0	28338	1.0
JABSTQ010004352.1	0	30773	1.0
JABSTQ010004355.1	0	44698	2.0
JABSTQ010004356.1	0	100000	4.0
JABSTQ010004356.1	100000	125404	1.0
JABSTQ010004358.1	0	3675	1.0
JABSTQ010004360.1	0	30500	1.0
JABSTQ010004361.1	0	43413	2.0
JABSTQ010004362.1	0	100000	3.0
JABSTQ010004362.1	100000	107123	1.0
JABSTQ010004364.1	0	28497	1.0
JABSTQ010004365.1	0	99906	2.0
JABSTQ010004367.1	0	20031	1.0
JABSTQ010004368.1	0	67903	1.0
JABSTQ010004369.1	0	10077	1.0
JABSTQ010004370.1	0	95608	2.0
JABSTQ010004372.1	0	18125	1.0
JABSTQ010004373.1	0	23326	3.0
JABSTQ010004376.1	0	14039	1.0
JABSTQ010004378.1	0	71161	1.0
JABSTQ010004384.1	0	72422	4.0
JABSTQ010004387.1	0	97416	2.0
JABSTQ010004393.1	0	80226	3.0
JABSTQ010004399.1	0	41404	1.0
JABSTQ010004400.1	0	50904	4.0
JABSTQ010004402.1	0	31020	1.0
JABSTQ010004404.1	0	34878	1.0
JABSTQ010004406.1	0	90508	1.0
JABSTQ010004407.1	0	81166	1.0
JABSTQ010004411.1	0	20242	1.0
JABSTQ010004412.1	0	26294	2.0
JABSTQ010004415.1	100000	148924	1.0
JABSTQ010004416.1	0	31298	1.0
JABSTQ010004417.1	0	30792	2.0
JABSTQ010004419.1	0	3533	1.0
JABSTQ010004421.1	0	100000	1.0
JABSTQ010004421.1	100000	166473	1.0
JABSTQ010004423.1	0	3954	1.0
JABSTQ010004424.1	0	84444	1.0
JABSTQ010004426.1	0	26736	1.0
JABSTQ010004432.1	0	1901	1.0
JABSTQ010004434.1	0	15484	1.0
JABSTQ010004438.1	0	100000	5.0
JABSTQ010004438.1	100000	157256	1.0
JABSTQ010004440.1	0	40956	1.0
JABSTQ010004442.1	0	100000	1.0
JABSTQ010004442.1	100000	200000	1.0
JABSTQ010004442.1	200000	285858	1.0
JABSTQ010004443.1	0	12731	1.0
JABSTQ010004444.1	0	23929	1.0
JABSTQ010004446.1	0	19346	1.0
JABSTQ010004451.1	0	11124	1.0
JABSTQ010004455.1	0	29001	1.0
JABSTQ010004459.1	0	35604	1.0
JABSTQ010004460.1	0	16706	1.0
JABSTQ010004462.1	0	48987	2.0
JABSTQ010004469.1	0	11371	1.0
JABSTQ010004471.1	0	14333	1.0
JABSTQ010004473.1	0	41970	1.0
JABSTQ010004475.1	0	42639	3.0
JABSTQ010004478.1	0	6176	1.0
JABSTQ010004480.1	0	13324	1.0
JABSTQ010004483.1	0	48958	1.0
JABSTQ010004485.1	0	68609	1.0
JABSTQ010004486.1	0	10760	1.0
JABSTQ010004487.1	0	50985	1.0
JABSTQ010004489.1	0	591	1.0
JABSTQ010004493.1	0	17246	1.0
JABSTQ010004497.1	0	71792	1.0
JABSTQ010004498.1	0	85435	1.0
JABSTQ010004499.1	0	13115	1.0
JABSTQ010004502.1	0	59190	1.0
JABSTQ010004507.1	0	100000	1.0
JABSTQ010004507.1	100000	200000	1.0
JABSTQ010004507.1	200000	203125	1.0
JABSTQ010004508.1	0	8018	1.0
JABSTQ010004511.1	0	15404	2.0
JABSTQ010004514.1	0	40910	1.0
JABSTQ010004516.1	0	57752	1.0
JABSTQ010004519.1	0	30201	2.0
JABSTQ010004520.1	0	86285	2.0
JABSTQ010004522.1	0	34529	1.0
JABSTQ010004524.1	0	100000	2.0
JABSTQ010004524.1	100000	138718	3.0
JABSTQ010004526.1	0	43574	2.0
JABSTQ010004529.1	0	3087	1.0
JABSTQ010004531.1	0	100000	1.0
JABSTQ010004531.1	100000	110071	1.0
JABSTQ010004533.1	0	6392	1.0
JABSTQ010004536.1	0	5886	1.0
JABSTQ010004537.1	0	37244	2.0
JABSTQ010004538.1	0	47626	1.0
JABSTQ010004540.1	0	22809	1.0
JABSTQ010004542.1	0	53082	4.0
JABSTQ010004543.1	0	31933	2.0
JABSTQ010004545.1	0	32891	2.0
JABSTQ010004546.1	0	4407	1.0
JABSTQ010004548.1	0	74233	1.0
JABSTQ010004550.1	0	38591	1.0
JABSTQ010004552.1	0	22993	1.0
JABSTQ010004556.1	0	27763	1.0
JABSTQ010004557.1	0	100000	1.0
JABSTQ010004557.1	100000	178409	1.0
JABSTQ010004558.1	0	100000	2.0
JABSTQ010004558.1	100000	137673	1.0
JABSTQ010004559.1	0	59973	1.0
JABSTQ010004560.1	0	30580	1.0
JABSTQ010004561.1	0	10175	1.0
JABSTQ010004565.1	100000	174609	2.0
JABSTQ010004567.1	0	100000	2.0
JABSTQ010004567.1	100000	112082	1.0
JABSTQ010004569.1	0	46619	1.0
JABSTQ010004570.1	0	100000	3.0
JABSTQ010004570.1	100000	200000	6.0
JABSTQ010004570.1	200000	212664	2.0
JABSTQ010004572.1	0	40932	1.0
JABSTQ010004574.1	0	15618	2.0
JABSTQ010004576.1	0	3412	1.0
JABSTQ010004577.1	0	6009	1.0
JABSTQ010004578.1	0	23975	1.0
JABSTQ010004579.1	0	3935	1.0
JABSTQ010004581.1	0	16614	1.0
JABSTQ010004582.1	0	33026	1.0
JABSTQ010004585.1	0	27600	1.0
JABSTQ010004588.1	0	100000	3.0
JABSTQ010004588.1	100000	200000	1.0
JABSTQ010004588.1	200000	300000	3.0
JABSTQ010004588.1	300000	400000	1.0
JABSTQ010004588.1	400000	435986	1.0
JABSTQ010004591.1	0	30177	1.0
JABSTQ010004601.1	0	28278	1.0
JABSTQ010004604.1	0	11083	3.0
JABSTQ010004606.1	0	8646	1.0
JABSTQ010004608.1	0	30318	1.0
JABSTQ010004610.1	0	100000	1.0
JABSTQ010004610.1	100000	183246	3.0
JABSTQ010004620.1	0	8937	1.0
JABSTQ010004626.1	0	70558	2.0
JABSTQ010004629.1	0	100000	2.0
JABSTQ010004629.1	100000	115884	1.0
JABSTQ010004630.1	0	16080	2.0
JABSTQ010004631.1	0	68210	3.0
JABSTQ010004639.1	0	50238	1.0
JABSTQ010004640.1	0	86158	1.0
JABSTQ010004641.1	0	80242	1.0
JABSTQ010004645.1	0	5544	1.0
JABSTQ010004647.1	0	19996	3.0
JABSTQ010004649.1	0	44368	1.0
JABSTQ010004654.1	0	58490	2.0
JABSTQ010004655.1	0	100000	3.0
JABSTQ010004655.1	100000	200000	2.0
JABSTQ010004655.1	200000	241595	3.0
JABSTQ010004656.1	0	21192	1.0
JABSTQ010004660.1	0	56502	1.0
JABSTQ010004661.1	0	47314	1.0
JABSTQ010004663.1	0	69215	1.0
JABSTQ010004666.1	0	62750	2.0
JABSTQ010004669.1	0	8908	1.0
JABSTQ010004671.1	0	76026	2.0
JABSTQ010004672.1	0	13772	1.0
JABSTQ010004673.1	0	24799	1.0
JABSTQ010004674.1	0	36094	7.0
JABSTQ010004676.1	0	12823	1.0
JABSTQ010004677.1	0	21097	1.0
JABSTQ010004678.1	0	13697	1.0
JABSTQ010004680.1	0	37978	1.0
JABSTQ010004681.1	0	56780	1.0
JABSTQ010004682.1	0	73329	2.0
JABSTQ010004684.1	0	20183	1.0
JABSTQ010004685.1	0	17653	2.0
JABSTQ010004686.1	0	68565	4.0
JABSTQ010004688.1	0	19252	1.0
JABSTQ010004691.1	0	17778	1.0
JABSTQ010004693.1	0	35307	3.0
JABSTQ010004701.1	0	100000	1.0
JABSTQ010004701.1	100000	157910	1.0
JABSTQ010004703.1	0	21008	1.0
JABSTQ010004705.1	0	20354	1.0
JABSTQ010004708.1	0	22898	2.0
JABSTQ010004714.1	0	32485	3.0
JABSTQ010004717.1	0	36395	2.0
JABSTQ010004720.1	0	93197	1.0
JABSTQ010004726.1	0	87854	2.0
JABSTQ010004727.1	0	50903	2.0
JABSTQ010004729.1	0	79223	2.0
JABSTQ010004736.1	0	73730	2.0
JABSTQ010004737.1	0	83681	4.0
JABSTQ010004738.1	0	51743	1.0
JABSTQ010004740.1	0	33831	1.0
JABSTQ010004742.1	0	100000	1.0
JABSTQ010004742.1	100000	187287	2.0
JABSTQ010004745.1	0	78035	2.0
JABSTQ010004747.1	0	47186	1.0
JABSTQ010004748.1	0	11806	1.0
JABSTQ010004749.1	0	100000	4.0
JABSTQ010004749.1	100000	129582	2.0
JABSTQ010004751.1	0	21195	1.0
JABSTQ010004753.1	0	24168	1.0
JABSTQ010004754.1	0	23682	1.0
JABSTQ010004756.1	0	98860	3.0
JABSTQ010004757.1	0	2775	1.0
JABSTQ010004758.1	0	22062	1.0
JABSTQ010004760.1	0	11629	1.0
JABSTQ010004763.1	0	100000	2.0
JABSTQ010004763.1	100000	200000	1.0
JABSTQ010004763.1	200000	250799	1.0
JABSTQ010004765.1	0	31957	1.0
JABSTQ010004766.1	0	35257	2.0
JABSTQ010004767.1	0	70977	4.0
JABSTQ010004768.1	0	100000	2.0
JABSTQ010004768.1	100000	179063	3.0
JABSTQ010004769.1	0	11150	1.0
JABSTQ010004770.1	0	36446	2.0
JABSTQ010004771.1	0	19376	1.0
JABSTQ010004773.1	0	19624	1.0
JABSTQ010004778.1	0	25639	1.0
JABSTQ010004779.1	0	45586	1.0
JABSTQ010004780.1	0	11175	1.0
JABSTQ010004782.1	0	41469	1.0
JABSTQ010004784.1	0	44352	1.0
JABSTQ010004786.1	0	19391	1.0
JABSTQ010004788.1	0	13872	1.0
JABSTQ010004789.1	100000	189981	2.0
JABSTQ010004790.1	0	4935	1.0
JABSTQ010004796.1	0	100000	3.0
JABSTQ010004796.1	100000	200000	3.0
JABSTQ010004796.1	200000	261674	1.0
JABSTQ010004798.1	0	25891	3.0
JABSTQ010004799.1	0	72271	3.0
JABSTQ010004800.1	0	10199	1.0
JABSTQ010004801.1	0	1404	1.0
JABSTQ010004802.1	0	24613	2.0
JABSTQ010004803.1	0	9520	1.0
JABSTQ010004805.1	0	29304	1.0
JABSTQ010004806.1	0	10497	1.0
JABSTQ010004807.1	0	95504	1.0
JABSTQ010004812.1	0	67366	5.0
JABSTQ010004813.1	0	73189	2.0
JABSTQ010004814.1	0	100000	1.0
JABSTQ010004814.1	100000	132336	1.0
JABSTQ010004816.1	0	14640	1.0
JABSTQ010004821.1	0	100000	3.0
JABSTQ010004821.1	100000	103160	1.0
JABSTQ010004822.1	0	14607	1.0
JABSTQ010004826.1	0	30973	1.0
JABSTQ010004828.1	0	12797	1.0
JABSTQ010004829.1	0	31073	1.0
JABSTQ010004831.1	0	11591	1.0
JABSTQ010004832.1	0	93136	2.0
JABSTQ010004833.1	0	100000	3.0
JABSTQ010004833.1	100000	200000	4.0
JABSTQ010004833.1	200000	300000	5.0
JABSTQ010004833.1	300000	400000	3.0
JABSTQ010004833.1	400000	500000	2.0
JABSTQ010004833.1	500000	600000	3.0
JABSTQ010004833.1	600000	697197	4.0
JABSTQ010004834.1	0	86135	3.0
JABSTQ010004835.1	0	33446	1.0
JABSTQ010004836.1	100000	142419	1.0
JABSTQ010004837.1	0	49284	2.0
JABSTQ010004839.1	0	1802	1.0
JABSTQ010004840.1	0	13956	1.0
JABSTQ010004843.1	0	47270	3.0
JABSTQ010004844.1	0	100000	2.0
JABSTQ010004844.1	100000	200000	1.0
JABSTQ010004844.1	200000	300000	2.0
JABSTQ010004844.1	300000	382425	2.0
JABSTQ010004846.1	0	73517	6.0
JABSTQ010004847.1	0	30737	1.0
JABSTQ010004849.1	0	7744	1.0
JABSTQ010004855.1	0	38794	1.0
JABSTQ010004857.1	0	53157	3.0
JABSTQ010004860.1	0	21727	1.0
JABSTQ010004864.1	0	23498	1.0
JABSTQ010004866.1	0	9575	1.0
JABSTQ010004868.1	0	18763	2.0
JABSTQ010004871.1	0	3789	1.0
JABSTQ010004873.1	0	35395	1.0
JABSTQ010004874.1	0	19567	2.0
JABSTQ010004877.1	100000	141578	1.0
JABSTQ010004878.1	0	66686	1.0
JABSTQ010004879.1	0	100000	2.0
JABSTQ010004879.1	100000	108124	1.0
JABSTQ010004880.1	0	100000	1.0
JABSTQ010004880.1	100000	200000	3.0
JABSTQ010004880.1	300000	394245	1.0
JABSTQ010004885.1	0	40219	1.0
JABSTQ010004888.1	0	28904	1.0
JABSTQ010004889.1	0	92690	1.0
JABSTQ010004892.1	0	22971	1.0
JABSTQ010004893.1	0	34228	2.0
JABSTQ010004894.1	0	74792	3.0
JABSTQ010004897.1	0	44358	4.0
JABSTQ010004898.1	0	26230	2.0
JABSTQ010004900.1	0	74677	2.0
JABSTQ010004906.1	0	63311	1.0
JABSTQ010004908.1	0	13277	1.0
JABSTQ010004909.1	0	100000	1.0
JABSTQ010004909.1	100000	111818	1.0
JABSTQ010004910.1	0	100000	3.0
JABSTQ010004910.1	100000	156181	1.0
JABSTQ010004913.1	0	28553	2.0
JABSTQ010004914.1	100000	194196	2.0
JABSTQ010004916.1	0	38077	1.0
JABSTQ010004918.1	0	69154	1.0
JABSTQ010004922.1	0	68197	2.0
JABSTQ010004923.1	0	15298	2.0
JABSTQ010004925.1	0	751	1.0
JABSTQ010004926.1	0	82025	2.0
JABSTQ010004927.1	0	76335	2.0
JABSTQ010004934.1	0	43624	1.0
JABSTQ010004936.1	0	85406	1.0
JABSTQ010004939.1	0	28316	1.0
JABSTQ010004940.1	0	36671	1.0
JABSTQ010004944.1	0	33647	2.0
JABSTQ010004945.1	0	23056	1.0
JABSTQ010004947.1	0	16857	1.0
JABSTQ010004952.1	0	100000	1.0
JABSTQ010004952.1	100000	136651	1.0
JABSTQ010004953.1	0	81475	1.0
JABSTQ010004954.1	0	44337	1.0
JABSTQ010004955.1	0	25969	1.0
JABSTQ010004958.1	0	24813	4.0
JABSTQ010004959.1	0	94704	2.0
JABSTQ010004962.1	0	22358	1.0
JABSTQ010004965.1	0	100000	1.0
JABSTQ010004965.1	200000	217473	1.0
JABSTQ010004970.1	0	65073	3.0
JABSTQ010004972.1	0	27180	1.0
JABSTQ010004974.1	0	13072	1.0
JABSTQ010004977.1	0	18896	1.0
JABSTQ010004979.1	0	59292	1.0
JABSTQ010004980.1	0	29786	1.0
JABSTQ010004983.1	0	80755	1.0
JABSTQ010004987.1	0	39731	1.0
JABSTQ010004988.1	0	46810	2.0
JABSTQ010004989.1	0	31735	2.0
JABSTQ010004991.1	0	35698	3.0
JABSTQ010004994.1	0	34581	1.0
JABSTQ010004995.1	0	14976	1.0
JABSTQ010004997.1	0	32976	1.0
JABSTQ010004998.1	0	34680	1.0
JABSTQ010005003.1	0	35994	1.0
JABSTQ010005010.1	0	11954	1.0
JABSTQ010005011.1	0	100000	4.0
JABSTQ010005011.1	100000	200000	1.0
JABSTQ010005011.1	200000	212029	1.0
JABSTQ010005016.1	0	57662	1.0
JABSTQ010005017.1	0	47632	1.0
JABSTQ010005018.1	0	15233	1.0
JABSTQ010005021.1	0	23904	1.0
JABSTQ010005022.1	0	33369	1.0
JABSTQ010005029.1	0	43180	1.0
JABSTQ010005031.1	0	41488	2.0
JABSTQ010005032.1	0	100000	1.0
JABSTQ010005032.1	100000	200000	2.0
JABSTQ010005032.1	200000	241718	1.0
JABSTQ010005033.1	0	46967	3.0
JABSTQ010005038.1	0	100000	6.0
JABSTQ010005041.1	0	18703	1.0
JABSTQ010005044.1	0	39013	1.0
JABSTQ010005046.1	0	25136	3.0
JABSTQ010005049.1	0	35269	1.0
JABSTQ010005053.1	0	100000	1.0
JABSTQ010005053.1	100000	129527	3.0
JABSTQ010005056.1	0	29283	1.0
JABSTQ010005059.1	0	100000	3.0
JABSTQ010005059.1	100000	138035	1.0
JABSTQ010005062.1	0	100000	1.0
JABSTQ010005062.1	100000	180297	3.0
JABSTQ010005063.1	0	13866	1.0
JABSTQ010005064.1	0	58982	2.0
JABSTQ010005065.1	0	44588	1.0
JABSTQ010005068.1	0	64695	2.0
JABSTQ010005070.1	0	44935	1.0
JABSTQ010005073.1	0	11175	1.0
JABSTQ010005074.1	0	84622	3.0
JABSTQ010005075.1	0	72394	1.0
JABSTQ010005077.1	0	9503	2.0
JABSTQ010005078.1	0	42323	1.0
JABSTQ010005081.1	0	10016	1.0
JABSTQ010005082.1	0	51231	1.0
JABSTQ010005083.1	0	22239	1.0
JABSTQ010005085.1	0	13413	1.0
JABSTQ010005087.1	0	21259	1.0
JABSTQ010005089.1	0	37976	1.0
JABSTQ010005090.1	0	13774	1.0
JABSTQ010005094.1	0	17722	1.0
JABSTQ010005095.1	0	45337	2.0
JABSTQ010005097.1	0	76636	1.0
JABSTQ010005100.1	0	10011	1.0
JABSTQ010005102.1	0	100000	1.0
JABSTQ010005102.1	100000	127618	1.0
JABSTQ010005104.1	0	88287	3.0
JABSTQ010005105.1	0	50360	2.0
JABSTQ010005106.1	0	38130	4.0
JABSTQ010005108.1	0	11117	1.0
JABSTQ010005109.1	0	28611	3.0
JABSTQ010005110.1	0	55887	2.0
JABSTQ010005111.1	0	13376	1.0
JABSTQ010005112.1	0	100000	2.0
JABSTQ010005112.1	100000	121825	1.0
JABSTQ010005114.1	0	10804	1.0
JABSTQ010005119.1	0	92397	2.0
JABSTQ010005121.1	0	19904	1.0
JABSTQ010005127.1	0	31621	1.0
JABSTQ010005129.1	0	86671	3.0
JABSTQ010005130.1	0	51126	1.0
JABSTQ010005132.1	0	31251	2.0
JABSTQ010005134.1	0	12642	2.0
JABSTQ010005135.1	0	9676	1.0
JABSTQ010005138.1	0	100000	2.0
JABSTQ010005138.1	100000	140791	1.0
JABSTQ010005140.1	0	100000	2.0
JABSTQ010005140.1	100000	133367	1.0
JABSTQ010005142.1	0	98731	2.0
JABSTQ010005143.1	0	29526	1.0
JABSTQ010005145.1	0	4611	1.0
JABSTQ010005146.1	0	47864	1.0
JABSTQ010005148.1	0	73481	3.0
JABSTQ010005149.1	0	17790	1.0
JABSTQ010005159.1	0	18980	3.0
JABSTQ010005160.1	0	45713	1.0
JABSTQ010005164.1	0	33024	1.0
JABSTQ010005165.1	0	62027	1.0
JABSTQ010005171.1	0	14198	1.0
JABSTQ010005173.1	0	100000	3.0
JABSTQ010005173.1	100000	200000	2.0
JABSTQ010005173.1	200000	243912	1.0
JABSTQ010005176.1	0	100000	2.0
JABSTQ010005176.1	100000	109988	1.0
JABSTQ010005184.1	0	100000	1.0
JABSTQ010005185.1	0	100000	4.0
JABSTQ010005185.1	100000	200000	1.0
JABSTQ010005185.1	200000	297413	2.0
JABSTQ010005186.1	0	58027	1.0
JABSTQ010005188.1	0	100000	7.0
JABSTQ010005189.1	0	70846	1.0
JABSTQ010005195.1	0	20830	2.0
JABSTQ010005199.1	0	9959	1.0
JABSTQ010005200.1	0	100000	4.0
JABSTQ010005200.1	100000	106298	1.0
JABSTQ010005201.1	0	61272	2.0
JABSTQ010005204.1	0	100000	5.0
JABSTQ010005204.1	100000	113001	1.0
JABSTQ010005206.1	0	100000	1.0
JABSTQ010005206.1	100000	113606	1.0
JABSTQ010005207.1	0	31972	3.0
JABSTQ010005210.1	0	36939	1.0
JABSTQ010005211.1	0	32538	3.0
JABSTQ010005216.1	0	19927	1.0
JABSTQ010005217.1	0	12669	1.0
JABSTQ010005219.1	0	17522	2.0
JABSTQ010005221.1	0	11389	1.0
JABSTQ010005222.1	100000	142455	2.0
JABSTQ010005225.1	0	47628	1.0
JABSTQ010005226.1	0	24686	1.0
JABSTQ010005229.1	0	1028	1.0
JABSTQ010005230.1	0	66874	3.0
JABSTQ010005231.1	0	7284	1.0
JABSTQ010005232.1	0	16115	1.0
JABSTQ010005234.1	0	75122	1.0
JABSTQ010005235.1	0	18333	2.0
JABSTQ010005236.1	0	78042	1.0
JABSTQ010005237.1	0	82019	4.0
JABSTQ010005238.1	0	13011	1.0
JABSTQ010005240.1	0	47278	2.0
JABSTQ010005242.1	0	17361	1.0
JABSTQ010005245.1	0	25926	2.0
JABSTQ010005254.1	0	58851	1.0
JABSTQ010005256.1	0	24398	1.0
JABSTQ010005259.1	0	16534	3.0
JABSTQ010005260.1	0	4466	1.0
JABSTQ010005261.1	0	41132	1.0
JABSTQ010005265.1	0	33837	2.0
JABSTQ010005267.1	0	43602	1.0
JABSTQ010005269.1	0	43055	1.0
JABSTQ010005270.1	0	33106	1.0
JABSTQ010005271.1	0	29199	1.0
JABSTQ010005274.1	0	29312	1.0
JABSTQ010005275.1	0	29408	1.0
JABSTQ010005277.1	0	24099	2.0
JABSTQ010005279.1	0	52427	1.0
JABSTQ010005282.1	0	23991	1.0
JABSTQ010005284.1	0	64736	1.0
JABSTQ010005285.1	0	11622	1.0
JABSTQ010005290.1	0	6914	2.0
JABSTQ010005292.1	0	74329	1.0
JABSTQ010005293.1	100000	110681	1.0
JABSTQ010005296.1	0	69885	1.0
JABSTQ010005299.1	0	34526	1.0
JABSTQ010005303.1	0	51825	3.0
JABSTQ010005305.1	0	100000	2.0
JABSTQ010005305.1	100000	135912	1.0
JABSTQ010005306.1	0	32415	2.0
JABSTQ010005307.1	0	31146	1.0
JABSTQ010005315.1	0	39492	2.0
JABSTQ010005317.1	0	15657	3.0
JABSTQ010005320.1	0	100000	3.0
JABSTQ010005320.1	100000	200000	2.0
JABSTQ010005320.1	200000	293188	5.0
JABSTQ010005321.1	0	6949	1.0
JABSTQ010005325.1	0	16929	1.0
JABSTQ010005326.1	0	35380	2.0
JABSTQ010005331.1	0	57372	1.0
JABSTQ010005337.1	0	14054	1.0
JABSTQ010005338.1	0	93136	1.0
JABSTQ010005342.1	0	100000	2.0
JABSTQ010005342.1	200000	300000	4.0
JABSTQ010005342.1	300000	400000	1.0
JABSTQ010005342.1	400000	416177	1.0
JABSTQ010005343.1	0	15536	1.0
JABSTQ010005347.1	0	13228	1.0
JABSTQ010005348.1	0	45078	2.0
JABSTQ010005349.1	0	7456	1.0
JABSTQ010005352.1	0	41214	1.0
JABSTQ010005356.1	0	31930	1.0
JABSTQ010005357.1	0	75956	2.0
JABSTQ010005358.1	0	28118	1.0
JABSTQ010005359.1	0	24237	2.0
JABSTQ010005363.1	0	41090	3.0
JABSTQ010005367.1	0	100000	4.0
JABSTQ010005367.1	100000	200000	1.0
JABSTQ010005367.1	200000	237935	1.0
JABSTQ010005369.1	0	94703	2.0
JABSTQ010005370.1	0	32681	1.0
JABSTQ010005371.1	0	34966	2.0
JABSTQ010005373.1	0	6787	1.0
JABSTQ010005374.1	0	38288	1.0
JABSTQ010005376.1	0	90376	5.0
JABSTQ010005379.1	100000	159663	1.0
JABSTQ010005380.1	0	59767	1.0
JABSTQ010005382.1	0	29417	2.0
JABSTQ010005385.1	0	13884	1.0
JABSTQ010005387.1	0	32241	1.0
JABSTQ010005388.1	0	24315	1.0
JABSTQ010005392.1	0	68326	3.0
JABSTQ010005397.1	0	86974	1.0
JABSTQ010005398.1	0	71864	3.0
JABSTQ010005399.1	0	41737	2.0
JABSTQ010005403.1	0	57881	1.0
JABSTQ010005404.1	0	6289	1.0
JABSTQ010005406.1	0	33186	1.0
JABSTQ010005411.1	0	45222	2.0
JABSTQ010005412.1	0	7994	1.0
JABSTQ010005414.1	0	56024	2.0
JABSTQ010005416.1	0	30487	1.0
JABSTQ010005422.1	0	34334	4.0
JABSTQ010005423.1	0	50367	2.0
JABSTQ010005425.1	0	77403	1.0
JABSTQ010005432.1	0	46528	2.0
JABSTQ010005433.1	0	11897	1.0
JABSTQ010005434.1	0	84772	4.0
JABSTQ010005436.1	0	58915	2.0
JABSTQ010005447.1	0	36605	1.0
JABSTQ010005448.1	0	57685	2.0
JABSTQ010005451.1	0	41997	1.0
JABSTQ010005453.1	0	29680	1.0
JABSTQ010005458.1	0	33916	1.0
JABSTQ010005459.1	0	16333	2.0
JABSTQ010005463.1	0	30516	1.0
JABSTQ010005464.1	0	30561	1.0
JABSTQ010005467.1	0	46835	1.0
JABSTQ010005468.1	0	33015	1.0
JABSTQ010005469.1	100000	138621	1.0
JABSTQ010005471.1	0	21647	2.0
JABSTQ010005472.1	0	62131	3.0
JABSTQ010005477.1	0	78796	1.0
JABSTQ010005478.1	0	29710	1.0
JABSTQ010005479.1	0	100000	2.0
JABSTQ010005479.1	100000	118063	1.0
JABSTQ010005484.1	0	8772	1.0
JABSTQ010005489.1	0	54937	1.0
JABSTQ010005492.1	0	95237	2.0
JABSTQ010005495.1	0	26921	2.0
JABSTQ010005498.1	0	100000	1.0
JABSTQ010005498.1	100000	136507	2.0
JABSTQ010005499.1	0	6944	1.0
JABSTQ010005500.1	0	53750	2.0
JABSTQ010005502.1	0	30369	3.0
JABSTQ010005504.1	0	81978	2.0
JABSTQ010005508.1	0	28369	1.0
JABSTQ010005509.1	0	66496	1.0
JABSTQ010005510.1	0	100000	1.0
JABSTQ010005510.1	200000	300000	1.0
JABSTQ010005510.1	300000	323065	1.0
JABSTQ010005511.1	0	37168	1.0
JABSTQ010005514.1	0	69813	1.0
JABSTQ010005518.1	0	16786	1.0
JABSTQ010005521.1	0	32329	1.0
JABSTQ010005522.1	0	20775	1.0
JABSTQ010005525.1	0	22275	1.0
JABSTQ010005526.1	0	56626	1.0
JABSTQ010005527.1	0	29893	1.0
JABSTQ010005529.1	0	84825	1.0
JABSTQ010005532.1	0	38368	2.0
JABSTQ010005533.1	0	13049	1.0
JABSTQ010005534.1	0	44540	1.0
JABSTQ010005536.1	0	19663	1.0
JABSTQ010005538.1	0	69989	2.0
JABSTQ010005542.1	0	46890	2.0
JABSTQ010005544.1	0	2499	1.0
JABSTQ010005545.1	0	61160	1.0
JABSTQ010005548.1	0	13166	1.0
JABSTQ010005549.1	0	35099	2.0
JABSTQ010005554.1	0	52348	1.0
JABSTQ010005555.1	0	629	1.0
JABSTQ010005559.1	0	9559	1.0
JABSTQ010005560.1	0	71755	2.0
JABSTQ010005561.1	0	83581	1.0
JABSTQ010005564.1	0	77888	1.0
JABSTQ010005570.1	0	30063	1.0
JABSTQ010005571.1	0	10795	2.0
JABSTQ010005572.1	0	44396	1.0
JABSTQ010005573.1	0	9262	1.0
JABSTQ010005579.1	0	29472	1.0
JABSTQ010005582.1	0	12022	1.0
JABSTQ010005583.1	100000	134835	1.0
JABSTQ010005586.1	0	43941	1.0
JABSTQ010005587.1	0	44846	1.0
JABSTQ010005588.1	0	45534	1.0
JABSTQ010005589.1	0	19542	1.0
JABSTQ010005590.1	0	1075	1.0
JABSTQ010005591.1	0	5712	1.0
JABSTQ010005592.1	0	62956	1.0
JABSTQ010005593.1	0	66657	4.0
JABSTQ010005596.1	0	21300	1.0
JABSTQ010005597.1	0	30492	3.0
JABSTQ010005601.1	0	12610	1.0
JABSTQ010005604.1	0	94199	1.0
JABSTQ010005607.1	0	15744	2.0
JABSTQ010005608.1	0	24534	2.0
JABSTQ010005609.1	0	57664	3.0
JABSTQ010005611.1	0	3437	1.0
JABSTQ010005613.1	0	14773	2.0
JABSTQ010005614.1	0	33485	1.0
JABSTQ010005618.1	0	46464	1.0
JABSTQ010005620.1	0	12649	1.0
JABSTQ010005621.1	100000	106714	2.0
JABSTQ010005624.1	0	24532	2.0
JABSTQ010005626.1	0	32991	1.0
JABSTQ010005629.1	0	31929	1.0
JABSTQ010005630.1	0	43350	1.0
JABSTQ010005631.1	0	31786	1.0
JABSTQ010005632.1	0	18334	1.0
JABSTQ010005635.1	0	8090	1.0
JABSTQ010005637.1	0	7965	1.0
JABSTQ010005641.1	0	72789	1.0
JABSTQ010005642.1	0	59459	1.0
JABSTQ010005643.1	0	100000	1.0
JABSTQ010005643.1	100000	125111	1.0
JABSTQ010005647.1	0	45468	1.0
JABSTQ010005649.1	0	5588	1.0
JABSTQ010005651.1	100000	139674	1.0
JABSTQ010005652.1	0	22999	2.0
JABSTQ010005653.1	0	100000	3.0
JABSTQ010005653.1	100000	119587	3.0
JABSTQ010005655.1	0	66414	1.0
JABSTQ010005656.1	0	38175	1.0
JABSTQ010005657.1	0	11772	1.0
JABSTQ010005659.1	0	100000	2.0
JABSTQ010005659.1	100000	162193	1.0
JABSTQ010005660.1	0	100000	3.0
JABSTQ010005660.1	100000	187871	1.0
JABSTQ010005662.1	0	12878	1.0
JABSTQ010005664.1	0	8975	1.0
JABSTQ010005665.1	0	13273	1.0
JABSTQ010005667.1	0	19577	1.0
JABSTQ010005668.1	0	53605	2.0
JABSTQ010005669.1	0	55388	1.0
JABSTQ010005670.1	0	23097	1.0
JABSTQ010005672.1	0	18866	1.0
JABSTQ010005675.1	0	100000	5.0
JABSTQ010005675.1	100000	151092	2.0
JABSTQ010005676.1	0	98076	2.0
JABSTQ010005677.1	0	14581	1.0
JABSTQ010005678.1	0	53991	1.0
JABSTQ010005679.1	0	4965	1.0
JABSTQ010005680.1	0	100000	3.0
JABSTQ010005680.1	100000	188732	3.0
JABSTQ010005681.1	0	84475	4.0
JABSTQ010005685.1	0	33952	1.0
JABSTQ010005686.1	0	22824	1.0
JABSTQ010005687.1	0	100000	2.0
JABSTQ010005687.1	300000	400000	2.0
JABSTQ010005687.1	400000	500000	2.0
JABSTQ010005687.1	500000	600000	1.0
JABSTQ010005687.1	600000	700000	2.0
JABSTQ010005687.1	800000	900000	1.0
JABSTQ010005687.1	900000	1000000	1.0
JABSTQ010005687.1	1000000	1100000	1.0
JABSTQ010005687.1	1200000	1300000	1.0
JABSTQ010005687.1	1300000	1360493	1.0
JABSTQ010005689.1	0	17395	1.0
JABSTQ010005690.1	0	47673	2.0
JABSTQ010005692.1	0	93543	2.0
JABSTQ010005694.1	0	43628	1.0
JABSTQ010005698.1	0	81648	2.0
JABSTQ010005704.1	0	100000	3.0
JABSTQ010005704.1	100000	197012	2.0
JABSTQ010005706.1	0	33446	1.0
JABSTQ010005707.1	0	37150	1.0
JABSTQ010005710.1	0	18443	1.0
JABSTQ010005711.1	0	22496	1.0
JABSTQ010005713.1	0	13486	1.0
JABSTQ010005714.1	0	24422	1.0
JABSTQ010005724.1	0	9471	1.0
JABSTQ010005726.1	0	22210	1.0
JABSTQ010005727.1	0	63862	2.0
JABSTQ010005729.1	0	37111	2.0
JABSTQ010005732.1	0	32900	1.0
JABSTQ010005734.1	0	9065	1.0
JABSTQ010005736.1	0	100000	2.0
JABSTQ010005736.1	100000	107258	1.0
JABSTQ010005737.1	0	51523	1.0
JABSTQ010005738.1	0	24269	2.0
JABSTQ010005739.1	0	94339	2.0
JABSTQ010005742.1	0	11312	1.0
JABSTQ010005744.1	0	22325	1.0
JABSTQ010005748.1	0	16701	1.0
JABSTQ010005749.1	0	10106	1.0
JABSTQ010005752.1	0	7931	1.0
JABSTQ010005755.1	0	59273	2.0
JABSTQ010005756.1	0	68882	1.0
JABSTQ010005758.1	0	41760	2.0
JABSTQ010005761.1	0	4895	1.0
JABSTQ010005762.1	0	20978	1.0
JABSTQ010005768.1	0	14864	1.0
JABSTQ010005769.1	0	12146	2.0
JABSTQ010005774.1	0	5887	1.0
JABSTQ010005776.1	0	1887	1.0
JABSTQ010005778.1	0	63900	6.0
JABSTQ010005779.1	0	46151	1.0
JABSTQ010005780.1	0	66844	3.0
JABSTQ010005781.1	0	36261	1.0
JABSTQ010005782.1	0	18621	1.0
JABSTQ010005785.1	0	58126	4.0
JABSTQ010005786.1	0	26240	3.0
JABSTQ010005788.1	0	56828	3.0
JABSTQ010005790.1	0	15978	1.0
JABSTQ010005793.1	0	20863	1.0
JABSTQ010005795.1	0	25710	1.0
JABSTQ010005796.1	0	59813	1.0
JABSTQ010005797.1	0	25068	1.0
JABSTQ010005798.1	0	39340	1.0
JABSTQ010005801.1	0	45194	2.0
JABSTQ010005805.1	0	26917	1.0
JABSTQ010005807.1	0	9035	1.0
JABSTQ010005809.1	0	4301	1.0
JABSTQ010005811.1	0	22068	1.0
JABSTQ010005812.1	0	83885	2.0
JABSTQ010005813.1	0	48054	1.0
JABSTQ010005818.1	0	32939	1.0
JABSTQ010005819.1	0	65426	3.0
JABSTQ010005821.1	0	17626	2.0
JABSTQ010005822.1	0	50230	1.0
JABSTQ010005826.1	0	99070	1.0
JABSTQ010005828.1	0	17939	1.0
JABSTQ010005830.1	0	35538	1.0
JABSTQ010005832.1	0	89520	5.0
JABSTQ010005837.1	0	25610	1.0
JABSTQ010005838.1	0	74884	1.0
JABSTQ010005840.1	0	48925	1.0
JABSTQ010005841.1	0	20382	1.0
JABSTQ010005843.1	0	4331	1.0
JABSTQ010005845.1	0	6878	1.0
JABSTQ010005849.1	0	3106	1.0
JABSTQ010005853.1	0	3473	1.0
JABSTQ010005859.1	0	15469	3.0
JABSTQ010005860.1	0	21240	3.0
JABSTQ010005864.1	0	100000	1.0
JABSTQ010005864.1	100000	149888	1.0
JABSTQ010005868.1	0	5224	1.0
JABSTQ010005869.1	0	100000	1.0
JABSTQ010005869.1	100000	147437	1.0
JABSTQ010005871.1	0	16760	1.0
JABSTQ010005872.1	0	60097	1.0
JABSTQ010005873.1	0	46771	2.0
JABSTQ010005874.1	0	3541	1.0
JABSTQ010005879.1	0	53898	2.0
JABSTQ010005880.1	0	85034	1.0
JABSTQ010005884.1	0	46368	2.0
JABSTQ010005888.1	0	94708	7.0
JABSTQ010005889.1	0	94560	4.0
JABSTQ010005890.1	0	68821	1.0
JABSTQ010005891.1	0	64570	1.0
JABSTQ010005895.1	0	82890	1.0
JABSTQ010005897.1	0	27304	2.0
JABSTQ010005898.1	0	22946	1.0
JABSTQ010005901.1	0	1790	1.0
JABSTQ010005906.1	0	15064	1.0
JABSTQ010005907.1	0	40514	1.0
JABSTQ010005912.1	0	22170	1.0
JABSTQ010005916.1	0	36743	2.0
JABSTQ010005917.1	0	39112	1.0
JABSTQ010005918.1	0	10520	1.0
JABSTQ010005923.1	0	34656	2.0
JABSTQ010005924.1	300000	400000	1.0
JABSTQ010005924.1	400000	500000	4.0
JABSTQ010005924.1	500000	600000	4.0
JABSTQ010005924.1	600000	648800	3.0
JABSTQ010005925.1	0	17744	1.0
JABSTQ010005926.1	0	100000	2.0
JABSTQ010005926.1	100000	104327	1.0
JABSTQ010005927.1	0	39113	1.0
JABSTQ010005929.1	0	51816	1.0
JABSTQ010005931.1	0	35656	1.0
JABSTQ010005933.1	0	42298	2.0
JABSTQ010005935.1	0	43364	1.0
JABSTQ010005936.1	0	48753	1.0
JABSTQ010005937.1	0	54617	2.0
JABSTQ010005938.1	0	54397	1.0
JABSTQ010005941.1	0	13891	1.0
JABSTQ010005945.1	0	11881	1.0
JABSTQ010005947.1	0	11263	1.0
JABSTQ010005948.1	0	18724	1.0
JABSTQ010005952.1	0	16389	1.0
JABSTQ010005954.1	0	51141	1.0
JABSTQ010005955.1	0	32741	1.0
JABSTQ010005956.1	0	60071	1.0
JABSTQ010005957.1	0	25511	1.0
JABSTQ010005960.1	0	50661	1.0
JABSTQ010005961.1	0	2564	1.0
JABSTQ010005962.1	0	11572	1.0
JABSTQ010005963.1	0	56872	2.0
JABSTQ010005964.1	0	45295	1.0
JABSTQ010005965.1	0	6675	1.0
JABSTQ010005970.1	0	39726	3.0
JABSTQ010005973.1	0	42087	1.0
JABSTQ010005976.1	0	49500	2.0
JABSTQ010005977.1	0	13462	1.0
JABSTQ010005980.1	0	21449	2.0
JABSTQ010005982.1	0	90017	2.0
JABSTQ010005986.1	0	96954	2.0
JABSTQ010005987.1	0	63844	1.0
JABSTQ010005992.1	0	10061	1.0
JABSTQ010005993.1	0	7413	1.0
JABSTQ010005994.1	0	30656	1.0
JABSTQ010005996.1	0	51809	2.0
JABSTQ010005998.1	0	49512	2.0
JABSTQ010005999.1	0	37779	1.0
JABSTQ010006002.1	0	43635	1.0
JABSTQ010006016.1	0	47552	1.0
JABSTQ010006018.1	0	67740	4.0
JABSTQ010006019.1	0	20829	1.0
JABSTQ010006025.1	0	56334	3.0
JABSTQ010006029.1	0	58549	1.0
JABSTQ010006033.1	0	100000	2.0
JABSTQ010006033.1	100000	200000	3.0
JABSTQ010006033.1	200000	232507	1.0
JABSTQ010006034.1	0	20345	1.0
JABSTQ010006035.1	0	69777	1.0
JABSTQ010006036.1	0	35854	1.0
JABSTQ010006039.1	0	46985	6.0
JABSTQ010006040.1	0	12216	1.0
JABSTQ010006042.1	0	22911	1.0
JABSTQ010006045.1	0	38698	1.0
JABSTQ010006047.1	0	100000	1.0
JABSTQ010006047.1	100000	164996	1.0
JABSTQ010006049.1	0	92217	3.0
JABSTQ010006050.1	0	14824	1.0
JABSTQ010006051.1	0	47745	3.0
JABSTQ010006052.1	0	22751	1.0
JABSTQ010006056.1	0	6241	1.0
JABSTQ010006057.1	0	24371	1.0
JABSTQ010006058.1	0	58692	2.0
JABSTQ010006059.1	0	63231	1.0
JABSTQ010006064.1	0	37207	1.0
JABSTQ010006067.1	0	14205	1.0
JABSTQ010006068.1	0	19125	1.0
JABSTQ010006069.1	0	15459	1.0
JABSTQ010006070.1	0	46117	2.0
JABSTQ010006072.1	0	49761	3.0
JABSTQ010006073.1	0	24380	1.0
JABSTQ010006074.1	0	89979	2.0
JABSTQ010006075.1	0	48327	1.0
JABSTQ010006076.1	0	58087	2.0
JABSTQ010006078.1	0	81204	3.0
JABSTQ010006079.1	0	22830	1.0
JABSTQ010006082.1	0	16875	1.0
JABSTQ010006083.1	0	5091	1.0
JABSTQ010006088.1	0	45977	1.0
JABSTQ010006090.1	0	9773	1.0
JABSTQ010006094.1	0	50145	1.0
JABSTQ010006098.1	0	57897	1.0
JABSTQ010006099.1	0	46468	1.0
JABSTQ010006100.1	0	100000	2.0
JABSTQ010006100.1	100000	133467	3.0
JABSTQ010006101.1	0	34756	1.0
JABSTQ010006103.1	0	22551	1.0
JABSTQ010006106.1	0	20735	1.0
JABSTQ010006107.1	0	33013	1.0
JABSTQ010006108.1	0	100000	4.0
JABSTQ010006108.1	100000	135661	1.0
JABSTQ010006109.1	0	45781	1.0
JABSTQ010006110.1	0	55536	2.0
JABSTQ010006112.1	0	39294	1.0
JABSTQ010006116.1	0	41086	2.0
JABSTQ010006117.1	0	71860	1.0
JABSTQ010006119.1	100000	184435	1.0
JABSTQ010006120.1	0	11029	2.0
JABSTQ010006122.1	0	2265	1.0
JABSTQ010006123.1	0	42671	1.0
JABSTQ010006124.1	0	63923	1.0
JABSTQ010006127.1	0	100000	2.0
JABSTQ010006127.1	100000	159170	3.0
JABSTQ010006128.1	0	37217	2.0
JABSTQ010006130.1	0	100000	5.0
JABSTQ010006130.1	100000	200000	2.0
JABSTQ010006130.1	200000	237183	2.0
JABSTQ010006131.1	0	100000	3.0
JABSTQ010006131.1	100000	200000	1.0
JABSTQ010006131.1	200000	267966	1.0
JABSTQ010006133.1	0	100000	1.0
JABSTQ010006133.1	100000	200000	1.0
JABSTQ010006133.1	200000	290635	1.0
JABSTQ010006135.1	100000	135253	1.0
JABSTQ010006138.1	0	4294	1.0
JABSTQ010006141.1	0	25398	1.0
JABSTQ010006147.1	0	25626	1.0
JABSTQ010006154.1	0	55894	1.0
JABSTQ010006155.1	0	32466	2.0
JABSTQ010006157.1	0	7708	1.0
JABSTQ010006159.1	0	29911	3.0
JABSTQ010006169.1	0	6335	1.0
JABSTQ010006170.1	0	40922	1.0
JABSTQ010006178.1	0	52842	2.0
JABSTQ010006181.1	0	28527	2.0
JABSTQ010006182.1	0	27264	1.0
JABSTQ010006184.1	0	10118	1.0
JABSTQ010006188.1	0	39646	1.0
JABSTQ010006193.1	0	100000	3.0
JABSTQ010006193.1	100000	137072	2.0
JABSTQ010006196.1	0	100000	1.0
JABSTQ010006196.1	100000	200000	1.0
JABSTQ010006196.1	200000	230218	2.0
JABSTQ010006197.1	0	4784	1.0
JABSTQ010006203.1	0	32205	2.0
JABSTQ010006204.1	0	3713	1.0
JABSTQ010006206.1	0	68057	2.0
JABSTQ010006210.1	0	5091	1.0
JABSTQ010006213.1	0	66757	1.0
JABSTQ010006215.1	0	100000	2.0
JABSTQ010006215.1	100000	200000	1.0
JABSTQ010006215.1	200000	231054	1.0
JABSTQ010006218.1	0	29570	1.0
JABSTQ010006219.1	0	100000	2.0
JABSTQ010006219.1	100000	114919	1.0
JABSTQ010006225.1	0	66569	2.0
JABSTQ010006227.1	0	42213	1.0
JABSTQ010006229.1	0	71256	4.0
JABSTQ010006233.1	0	5492	1.0
JABSTQ010006235.1	0	56586	2.0
JABSTQ010006236.1	0	61255	1.0
JABSTQ010006238.1	0	73122	2.0
JABSTQ010006240.1	0	33298	1.0
JABSTQ010006241.1	0	37856	2.0
JABSTQ010006243.1	0	21545	2.0
JABSTQ010006246.1	0	91625	2.0
JABSTQ010006248.1	0	35448	2.0
JABSTQ010006249.1	0	18033	1.0
JABSTQ010006258.1	0	91126	1.0
JABSTQ010006262.1	0	100000	6.0
JABSTQ010006262.1	100000	186466	3.0
JABSTQ010006266.1	0	40717	9.0
JABSTQ010006267.1	0	100000	1.0
JABSTQ010006267.1	100000	200000	1.0
JABSTQ010006267.1	200000	278993	3.0
JABSTQ010006268.1	0	69087	2.0
JABSTQ010006269.1	0	29014	1.0
JABSTQ010006270.1	0	44562	1.0
JABSTQ010006272.1	0	36901	1.0
JABSTQ010006275.1	0	15251	1.0
JABSTQ010006276.1	0	4844	1.0
JABSTQ010006277.1	0	100000	3.0
JABSTQ010006277.1	100000	105865	1.0
JABSTQ010006279.1	0	89558	2.0
JABSTQ010006283.1	0	72186	1.0
JABSTQ010006284.1	0	80465	3.0
JABSTQ010006289.1	0	43433	1.0
JABSTQ010006295.1	0	40179	2.0
JABSTQ010006297.1	0	63600	1.0
JABSTQ010006300.1	0	10167	1.0
JABSTQ010006301.1	0	10268	1.0
JABSTQ010006302.1	0	38909	2.0
JABSTQ010006304.1	0	13315	1.0
JABSTQ010006305.1	0	4394	1.0
JABSTQ010006307.1	0	22699	2.0
JABSTQ010006309.1	0	29311	1.0
JABSTQ010006312.1	0	32647	2.0
JABSTQ010006314.1	0	16315	1.0
JABSTQ010006315.1	100000	155076	1.0
JABSTQ010006320.1	0	26611	1.0
JABSTQ010006322.1	0	100000	2.0
JABSTQ010006322.1	100000	108174	1.0
JABSTQ010006324.1	0	22173	2.0
JABSTQ010006325.1	0	11840	1.0
JABSTQ010006326.1	0	29329	2.0
JABSTQ010006328.1	0	30254	1.0
JABSTQ010006329.1	0	50293	1.0
JABSTQ010006330.1	0	52084	1.0
JABSTQ010006334.1	0	100000	2.0
JABSTQ010006334.1	100000	200000	1.0
JABSTQ010006334.1	200000	253952	2.0
JABSTQ010006336.1	0	50446	1.0
JABSTQ010006337.1	0	19588	1.0
JABSTQ010006338.1	0	26321	1.0
JABSTQ010006340.1	0	22876	1.0
JABSTQ010006345.1	0	100000	1.0
JABSTQ010006345.1	100000	200000	1.0
JABSTQ010006345.1	200000	300000	1.0
JABSTQ010006345.1	500000	600000	1.0
JABSTQ010006345.1	600000	700000	3.0
JABSTQ010006347.1	0	2180	1.0
JABSTQ010006351.1	0	7991	1.0
JABSTQ010006354.1	0	42794	2.0
JABSTQ010006356.1	0	29796	3.0
JABSTQ010006357.1	0	12563	1.0
JABSTQ010006358.1	0	81019	2.0
JABSTQ010006361.1	0	77903	1.0
JABSTQ010006363.1	0	15942	1.0
JABSTQ010006368.1	0	16788	1.0
JABSTQ010006369.1	0	40720	1.0
JABSTQ010006375.1	0	31269	2.0
JABSTQ010006376.1	0	9954	1.0
JABSTQ010006377.1	0	64824	1.0
JABSTQ010006379.1	100000	118063	1.0
JABSTQ010006387.1	0	33025	2.0
JABSTQ010006388.1	0	15587	1.0
JABSTQ010006389.1	0	18280	1.0
JABSTQ010006400.1	0	50924	2.0
JABSTQ010006405.1	0	19109	1.0
JABSTQ010006410.1	0	11631	1.0
JABSTQ010006416.1	0	43289	2.0
JABSTQ010006420.1	100000	200000	1.0
JABSTQ010006420.1	200000	204815	1.0
JABSTQ010006422.1	0	96666	3.0
JABSTQ010006425.1	0	7640	1.0
JABSTQ010006428.1	0	36927	2.0
JABSTQ010006429.1	0	57314	2.0
JABSTQ010006430.1	0	58681	2.0
JABSTQ010006432.1	0	84251	4.0
JABSTQ010006435.1	0	33086	1.0
JABSTQ010006438.1	0	7840	1.0
JABSTQ010006439.1	0	20969	2.0
JABSTQ010006440.1	0	100000	4.0
JABSTQ010006440.1	100000	200000	3.0
JABSTQ010006440.1	200000	242822	1.0
JABSTQ010006443.1	0	13706	1.0
JABSTQ010006444.1	0	72417	1.0
JABSTQ010006445.1	0	22943	1.0
JABSTQ010006452.1	0	24050	1.0
JABSTQ010006453.1	0	100000	3.0
JABSTQ010006453.1	100000	107561	1.0
JABSTQ010006455.1	0	70050	2.0
JABSTQ010006458.1	0	4401	1.0
JABSTQ010006462.1	0	100000	5.0
JABSTQ010006462.1	100000	149984	2.0
JABSTQ010006463.1	0	100000	3.0
JABSTQ010006463.1	100000	124380	1.0
JABSTQ010006464.1	0	16992	1.0
JABSTQ010006466.1	0	46710	2.0
JABSTQ010006468.1	0	16200	1.0
JABSTQ010006469.1	0	77760	5.0
JABSTQ010006471.1	0	90808	2.0
JABSTQ010006472.1	0	79625	3.0
JABSTQ010006478.1	100000	200000	2.0
JABSTQ010006478.1	200000	289573	2.0
JABSTQ010006485.1	0	11176	1.0
JABSTQ010006487.1	0	17490	1.0
JABSTQ010006488.1	0	60275	2.0
JABSTQ010006489.1	0	43220	1.0
JABSTQ010006490.1	0	4648	1.0
JABSTQ010006491.1	100000	113051	1.0
JABSTQ010006492.1	0	8791	1.0
JABSTQ010006493.1	0	3914	1.0
JABSTQ010006497.1	0	28576	1.0
JABSTQ010006502.1	0	20288	1.0
JABSTQ010006504.1	0	66684	2.0
JABSTQ010006507.1	0	57253	2.0
JABSTQ010006509.1	0	18029	1.0
JABSTQ010006510.1	0	16569	1.0
JABSTQ010006513.1	0	3166	1.0
JABSTQ010006514.1	0	22482	1.0
JABSTQ010006516.1	0	22387	1.0
JABSTQ010006517.1	0	12107	1.0
JABSTQ010006519.1	0	53280	1.0
JABSTQ010006521.1	0	63392	2.0
JABSTQ010006526.1	0	21718	1.0
JABSTQ010006529.1	0	21588	2.0
JABSTQ010006531.1	0	66939	4.0
JABSTQ010006533.1	0	16740	1.0
JABSTQ010006537.1	0	19601	1.0
JABSTQ010006539.1	0	18378	1.0
JABSTQ010006541.1	0	74823	2.0
JABSTQ010006544.1	0	100000	1.0
JABSTQ010006544.1	100000	179828	3.0
JABSTQ010006546.1	0	100000	1.0
JABSTQ010006546.1	200000	300000	1.0
JABSTQ010006546.1	300000	368820	1.0
JABSTQ010006547.1	0	11368	1.0
JABSTQ010006552.1	0	14471	1.0
JABSTQ010006556.1	0	17172	2.0
JABSTQ010006565.1	0	28927	1.0
JABSTQ010006566.1	0	78970	5.0
JABSTQ010006567.1	0	37343	2.0
JABSTQ010006568.1	0	32514	1.0
JABSTQ010006569.1	0	100000	1.0
JABSTQ010006569.1	100000	200000	4.0
JABSTQ010006569.1	200000	300000	2.0
JABSTQ010006569.1	300000	397415	8.0
JABSTQ010006570.1	0	8183	1.0
JABSTQ010006572.1	0	73592	3.0
JABSTQ010006574.1	0	8139	2.0
JABSTQ010006577.1	0	8929	2.0
JABSTQ010006578.1	0	99614	2.0
JABSTQ010006579.1	0	30951	2.0
JABSTQ010006580.1	0	7549	1.0
JABSTQ010006582.1	0	44980	1.0
JABSTQ010006585.1	0	36465	1.0
JABSTQ010006586.1	0	19003	1.0
JABSTQ010006587.1	0	36280	1.0
JABSTQ010006588.1	0	29310	1.0
JABSTQ010006589.1	0	13222	2.0
JABSTQ010006590.1	0	29603	1.0
JABSTQ010006591.1	0	60328	2.0
JABSTQ010006592.1	0	10768	2.0
JABSTQ010006593.1	0	23593	1.0
JABSTQ010006598.1	0	7025	1.0
JABSTQ010006604.1	0	100000	1.0
JABSTQ010006604.1	100000	170898	1.0
JABSTQ010006605.1	0	43651	1.0
JABSTQ010006611.1	0	100000	1.0
JABSTQ010006611.1	100000	111327	2.0
JABSTQ010006614.1	0	59314	1.0
JABSTQ010006615.1	0	22192	2.0
JABSTQ010006616.1	0	100000	1.0
JABSTQ010006616.1	100000	150468	2.0
JABSTQ010006617.1	0	30947	1.0
JABSTQ010006621.1	0	87181	4.0
JABSTQ010006622.1	0	94262	1.0
JABSTQ010006627.1	0	23994	2.0
JABSTQ010006628.1	0	43665	1.0
JABSTQ010006630.1	0	57051	2.0
JABSTQ010006631.1	0	43713	1.0
JABSTQ010006632.1	0	63149	2.0
JABSTQ010006633.1	0	36198	1.0
JABSTQ010006634.1	0	58309	1.0
JABSTQ010006639.1	0	44416	2.0
JABSTQ010006642.1	0	37361	3.0
JABSTQ010006646.1	0	39563	1.0
JABSTQ010006647.1	0	7091	1.0
JABSTQ010006649.1	200000	300000	5.0
JABSTQ010006649.1	300000	337386	1.0
JABSTQ010006650.1	0	94583	1.0
JABSTQ010006652.1	0	23933	2.0
JABSTQ010006655.1	0	25989	1.0
JABSTQ010006659.1	0	71146	1.0
JABSTQ010006661.1	0	47401	1.0
JABSTQ010006663.1	0	41489	3.0
JABSTQ010006665.1	0	93431	1.0
JABSTQ010006668.1	0	40612	2.0
JABSTQ010006670.1	0	17957	1.0
JABSTQ010006671.1	0	95369	2.0
JABSTQ010006672.1	0	20396	1.0
JABSTQ010006673.1	0	50069	2.0
JABSTQ010006677.1	0	23085	1.0
JABSTQ010006679.1	0	56954	1.0
JABSTQ010006681.1	0	46454	1.0
JABSTQ010006687.1	0	5227	1.0
JABSTQ010006688.1	0	27359	1.0
JABSTQ010006693.1	0	24269	1.0
JABSTQ010006695.1	0	59115	1.0
JABSTQ010006696.1	0	36345	1.0
JABSTQ010006701.1	0	20209	1.0
JABSTQ010006706.1	0	55099	2.0
JABSTQ010006707.1	0	19771	1.0
JABSTQ010006715.1	0	28817	2.0
JABSTQ010006718.1	0	26074	1.0
JABSTQ010006720.1	0	36320	1.0
JABSTQ010006721.1	0	51391	3.0
JABSTQ010006722.1	0	23658	1.0
JABSTQ010006723.1	0	18370	1.0
JABSTQ010006724.1	0	41876	1.0
JABSTQ010006727.1	0	29095	1.0
JABSTQ010006730.1	0	57781	2.0
JABSTQ010006732.1	0	13882	1.0
JABSTQ010006734.1	0	13142	1.0
JABSTQ010006736.1	0	6427	1.0
JABSTQ010006737.1	0	57436	2.0
JABSTQ010006738.1	0	24433	1.0
JABSTQ010006740.1	0	29562	1.0
JABSTQ010006743.1	0	29969	7.0
JABSTQ010006746.1	0	62985	3.0
JABSTQ010006748.1	0	24225	1.0
JABSTQ010006750.1	0	15974	1.0
JABSTQ010006752.1	200000	300000	3.0
JABSTQ010006752.1	300000	400000	2.0
JABSTQ010006752.1	400000	500000	1.0
JABSTQ010006752.1	500000	572719	3.0
JABSTQ010006753.1	0	8440	1.0
JABSTQ010006755.1	0	17142	1.0
JABSTQ010006758.1	0	55421	1.0
JABSTQ010006759.1	0	13291	1.0
JABSTQ010006760.1	0	44040	1.0
JABSTQ010006765.1	0	7344	1.0
JABSTQ010006767.1	0	25360	1.0
JABSTQ010006770.1	0	38379	1.0
JABSTQ010006771.1	0	50180	2.0
JABSTQ010006777.1	0	6047	1.0
JABSTQ010006778.1	0	19466	1.0
JABSTQ010006780.1	0	50656	1.0
JABSTQ010006782.1	0	70279	1.0
JABSTQ010006786.1	0	24388	1.0
JABSTQ010006787.1	0	32011	1.0
JABSTQ010006788.1	0	20024	1.0
JABSTQ010006790.1	0	73758	1.0
JABSTQ010006793.1	0	4514	1.0
JABSTQ010006797.1	0	27972	1.0
JABSTQ010006798.1	0	100000	3.0
JABSTQ010006798.1	100000	200000	4.0
JABSTQ010006798.1	200000	267969	2.0
JABSTQ010006801.1	0	27821	3.0
JABSTQ010006802.1	0	43302	1.0
JABSTQ010006803.1	0	25226	3.0
JABSTQ010006805.1	0	19761	1.0
JABSTQ010006807.1	0	7874	2.0
JABSTQ010006808.1	0	30005	2.0
JABSTQ010006810.1	0	23668	1.0
JABSTQ010006814.1	0	68685	1.0
JABSTQ010006821.1	0	100000	3.0
JABSTQ010006821.1	100000	145770	1.0
JABSTQ010006822.1	0	100000	3.0
JABSTQ010006822.1	100000	189876	3.0
JABSTQ010006824.1	0	85348	1.0
JABSTQ010006825.1	0	65426	5.0
JABSTQ010006826.1	0	100000	1.0
JABSTQ010006826.1	100000	151217	1.0
JABSTQ010006827.1	0	43931	1.0
JABSTQ010006828.1	0	31223	1.0
JABSTQ010006829.1	0	37269	1.0
JABSTQ010006835.1	0	4847	1.0
JABSTQ010006837.1	0	39750	1.0
JABSTQ010006840.1	0	45451	3.0
JABSTQ010006841.1	0	55317	4.0
JABSTQ010006844.1	0	24907	1.0
JABSTQ010006845.1	0	24914	1.0
JABSTQ010006846.1	0	88826	2.0
JABSTQ010006847.1	0	26376	1.0
JABSTQ010006848.1	0	39669	1.0
JABSTQ010006849.1	0	90927	2.0
JABSTQ010006850.1	0	19079	1.0
JABSTQ010006851.1	0	20254	1.0
JABSTQ010006852.1	0	13220	1.0
JABSTQ010006855.1	0	38257	1.0
JABSTQ010006856.1	0	37014	2.0
JABSTQ010006857.1	0	12897	1.0
JABSTQ010006864.1	0	26350	3.0
JABSTQ010006865.1	0	9598	1.0
JABSTQ010006868.1	0	15318	1.0
JABSTQ010006873.1	100000	123416	1.0
JABSTQ010006876.1	0	16842	1.0
JABSTQ010006878.1	0	42619	1.0
JABSTQ010006880.1	0	21221	1.0
JABSTQ010006883.1	0	8641	1.0
JABSTQ010006884.1	0	70950	1.0
JABSTQ010006885.1	0	61106	1.0
JABSTQ010006886.1	0	40323	1.0
JABSTQ010006887.1	0	7915	1.0
JABSTQ010006888.1	0	23919	2.0
JABSTQ010006889.1	0	5405	1.0
JABSTQ010006890.1	0	61860	1.0
JABSTQ010006893.1	0	9854	1.0
JABSTQ010006899.1	0	68509	1.0
JABSTQ010006900.1	0	18087	1.0
JABSTQ010006901.1	0	549	1.0
JABSTQ010006903.1	0	25877	1.0
JABSTQ010006904.1	0	27148	1.0
JABSTQ010006905.1	0	97339	4.0
JABSTQ010006906.1	0	6626	2.0
JABSTQ010006911.1	0	82851	1.0
JABSTQ010006914.1	0	93799	3.0
JABSTQ010006919.1	0	57580	1.0
JABSTQ010006923.1	0	12314	1.0
JABSTQ010006924.1	0	19106	1.0
JABSTQ010006925.1	0	54580	1.0
JABSTQ010006926.1	0	88164	3.0
JABSTQ010006929.1	0	67406	1.0
JABSTQ010006931.1	0	29927	1.0
JABSTQ010006933.1	0	61716	2.0
JABSTQ010006934.1	0	34556	3.0
JABSTQ010006935.1	0	72475	4.0
JABSTQ010006939.1	0	45523	1.0
JABSTQ010006940.1	0	22486	2.0
JABSTQ010006941.1	0	16947	1.0
JABSTQ010006943.1	0	29338	1.0
JABSTQ010006948.1	0	5487	1.0
JABSTQ010006950.1	0	8289	1.0
JABSTQ010006952.1	0	45227	4.0
JABSTQ010006956.1	0	97824	1.0
JABSTQ010006957.1	0	16147	1.0
JABSTQ010006961.1	0	4552	1.0
JABSTQ010006963.1	0	9451	1.0
JABSTQ010006966.1	0	42978	2.0
JABSTQ010006969.1	0	20586	1.0
JABSTQ010006971.1	0	45957	2.0
JABSTQ010006972.1	0	33997	2.0
JABSTQ010006973.1	0	100000	2.0
JABSTQ010006973.1	100000	125353	1.0
JABSTQ010006975.1	100000	129070	2.0
JABSTQ010006976.1	0	20616	1.0
JABSTQ010006977.1	0	72487	2.0
JABSTQ010006979.1	0	34172	2.0
JABSTQ010006982.1	0	22371	1.0
JABSTQ010006986.1	0	100000	4.0
JABSTQ010006986.1	100000	115232	1.0
JABSTQ010006987.1	0	51554	1.0
JABSTQ010006992.1	0	32873	3.0
JABSTQ010006993.1	0	45455	1.0
JABSTQ010007001.1	0	56823	4.0
JABSTQ010007004.1	0	21356	1.0
JABSTQ010007006.1	0	100000	1.0
JABSTQ010007006.1	100000	200000	3.0
JABSTQ010007006.1	200000	254372	3.0
JABSTQ010007008.1	0	35635	1.0
JABSTQ010007009.1	0	11907	1.0
JABSTQ010007011.1	0	64841	2.0
JABSTQ010007017.1	100000	124519	1.0
JABSTQ010007019.1	0	54441	2.0
JABSTQ010007020.1	0	42745	2.0
JABSTQ010007021.1	0	20995	1.0
JABSTQ010007026.1	0	90718	5.0
JABSTQ010007029.1	0	100000	1.0
JABSTQ010007029.1	100000	137669	1.0
JABSTQ010007030.1	0	34734	3.0
JABSTQ010007042.1	0	41664	1.0
JABSTQ010007043.1	0	79652	1.0
JABSTQ010007045.1	0	6763	1.0
JABSTQ010007049.1	0	38247	1.0
JABSTQ010007052.1	0	100000	2.0
JABSTQ010007052.1	100000	106264	1.0
JABSTQ010007053.1	0	18206	1.0
JABSTQ010007056.1	0	100000	3.0
JABSTQ010007056.1	100000	138060	1.0
JABSTQ010007057.1	0	35109	1.0
JABSTQ010007060.1	0	23701	1.0
JABSTQ010007065.1	0	30423	2.0
JABSTQ010007071.1	0	86880	2.0
JABSTQ010007074.1	0	80535	1.0
JABSTQ010007075.1	0	9762	1.0
JABSTQ010007078.1	0	53842	2.0
JABSTQ010007079.1	0	34399	2.0
JABSTQ010007084.1	0	83208	3.0
JABSTQ010007087.1	0	14783	1.0
JABSTQ010007089.1	0	22474	2.0
JABSTQ010007094.1	0	100000	4.0
JABSTQ010007094.1	100000	200000	1.0
JABSTQ010007094.1	200000	233424	2.0
JABSTQ010007095.1	0	11975	1.0
JABSTQ010007097.1	0	25047	1.0
JABSTQ010007099.1	0	64294	2.0
JABSTQ010007100.1	0	28016	1.0
JABSTQ010007101.1	0	100000	1.0
JABSTQ010007101.1	100000	200000	1.0
JABSTQ010007101.1	200000	258049	1.0
JABSTQ010007109.1	0	55376	1.0
JABSTQ010007111.1	0	5202	1.0
JABSTQ010007112.1	0	100000	2.0
JABSTQ010007112.1	100000	184397	2.0
JABSTQ010007113.1	0	27258	1.0
JABSTQ010007116.1	0	23272	2.0
JABSTQ010007120.1	0	14786	1.0
JABSTQ010007125.1	0	27132	1.0
JABSTQ010007127.1	0	24406	2.0
JABSTQ010007129.1	0	9012	2.0
JABSTQ010007131.1	0	8534	2.0
JABSTQ010007134.1	0	100000	2.0
JABSTQ010007134.1	100000	200000	1.0
JABSTQ010007134.1	200000	300000	1.0
JABSTQ010007134.1	300000	315709	1.0
JABSTQ010007140.1	0	29913	1.0
JABSTQ010007142.1	0	32357	2.0
JABSTQ010007144.1	0	35374	3.0
JABSTQ010007145.1	0	21591	1.0
JABSTQ010007148.1	0	71017	1.0
JABSTQ010007149.1	0	100000	2.0
JABSTQ010007149.1	100000	131824	2.0
JABSTQ010007150.1	0	23878	1.0
JABSTQ010007155.1	0	21514	1.0
JABSTQ010007157.1	0	44661	3.0
JABSTQ010007160.1	0	68275	2.0
JABSTQ010007161.1	0	87063	1.0
JABSTQ010007163.1	0	15264	1.0
JABSTQ010007169.1	0	100000	3.0
JABSTQ010007169.1	100000	112617	1.0
JABSTQ010007172.1	0	84588	1.0
JABSTQ010007174.1	0	42731	2.0
JABSTQ010007176.1	0	63279	2.0
JABSTQ010007183.1	0	31842	2.0
JABSTQ010007186.1	0	37686	1.0
JABSTQ010007188.1	0	19779	2.0
JABSTQ010007190.1	0	5500	1.0
JABSTQ010007191.1	0	8946	1.0
JABSTQ010007192.1	0	20928	1.0
JABSTQ010007199.1	0	51841	1.0
JABSTQ010007202.1	0	14855	1.0
JABSTQ010007203.1	0	100000	1.0
JABSTQ010007203.1	100000	110312	1.0
JABSTQ010007207.1	0	79459	5.0
JABSTQ010007209.1	0	9441	1.0
JABSTQ010007212.1	0	30485	1.0
JABSTQ010007213.1	0	36319	2.0
JABSTQ010007215.1	0	54419	1.0
JABSTQ010007216.1	0	33001	2.0
JABSTQ010007217.1	0	84661	5.0
JABSTQ010007219.1	0	9978	2.0
JABSTQ010007223.1	0	13172	1.0
JABSTQ010007225.1	0	8426	2.0
JABSTQ010007229.1	0	38915	1.0
JABSTQ010007230.1	0	14060	1.0
JABSTQ010007231.1	0	100000	1.0
JABSTQ010007231.1	100000	133157	1.0
JABSTQ010007232.1	0	20862	4.0
JABSTQ010007234.1	0	4725	1.0
JABSTQ010007235.1	0	65349	3.0
JABSTQ010007236.1	0	100000	3.0
JABSTQ010007236.1	100000	134153	1.0
JABSTQ010007238.1	0	61175	2.0
JABSTQ010007239.1	0	40813	1.0
JABSTQ010007241.1	0	16720	1.0
JABSTQ010007242.1	0	34582	1.0
JABSTQ010007243.1	0	24981	1.0
JABSTQ010007244.1	0	36149	1.0
JABSTQ010007247.1	0	50230	1.0
JABSTQ010007248.1	0	41799	1.0
JABSTQ010007249.1	0	45312	5.0
JABSTQ010007250.1	0	93770	1.0
JABSTQ010007253.1	0	89289	3.0
JABSTQ010007254.1	0	43057	1.0
JABSTQ010007255.1	0	33685	1.0
JABSTQ010007257.1	0	20759	1.0
JABSTQ010007259.1	0	9787	1.0
JABSTQ010007260.1	0	39381	1.0
JABSTQ010007263.1	0	100000	2.0
JABSTQ010007263.1	100000	200000	2.0
JABSTQ010007263.1	200000	220248	2.0
JABSTQ010007264.1	0	23972	1.0
JABSTQ010007268.1	0	28145	2.0
JABSTQ010007270.1	0	41424	2.0
JABSTQ010007275.1	0	62952	2.0
JABSTQ010007281.1	0	100000	5.0
JABSTQ010007281.1	100000	182885	4.0
JABSTQ010007282.1	0	35445	1.0
JABSTQ010007283.1	0	38602	1.0
JABSTQ010007284.1	0	90770	2.0
JABSTQ010007286.1	0	17098	1.0
JABSTQ010007287.1	0	100000	1.0
JABSTQ010007287.1	100000	132997	1.0
JABSTQ010007289.1	0	25411	1.0
JABSTQ010007292.1	0	28405	1.0
JABSTQ010007294.1	0	25131	1.0
JABSTQ010007295.1	0	49047	1.0
JABSTQ010007298.1	0	13277	2.0
JABSTQ010007299.1	0	26428	1.0
JABSTQ010007301.1	0	100000	1.0
JABSTQ010007301.1	100000	200000	1.0
JABSTQ010007301.1	200000	245125	1.0
JABSTQ010007304.1	0	37686	1.0
JABSTQ010007306.1	0	26103	1.0
JABSTQ010007310.1	0	41999	5.0
JABSTQ010007311.1	0	86675	1.0
JABSTQ010007313.1	0	24650	1.0
JABSTQ010007316.1	0	77615	3.0
JABSTQ010007317.1	0	480	1.0
JABSTQ010007318.1	100000	109098	1.0
JABSTQ010007319.1	0	27170	1.0
JABSTQ010007322.1	0	32190	1.0
JABSTQ010007327.1	0	70577	1.0
JABSTQ010007332.1	0	23961	2.0
JABSTQ010007333.1	0	21725	1.0
JABSTQ010007334.1	0	100000	1.0
JABSTQ010007334.1	100000	171527	1.0
JABSTQ010007335.1	0	26995	2.0
JABSTQ010007343.1	0	100000	2.0
JABSTQ010007343.1	100000	200000	1.0
JABSTQ010007343.1	200000	298846	2.0
JABSTQ010007347.1	0	100000	3.0
JABSTQ010007347.1	100000	135810	4.0
JABSTQ010007348.1	0	31726	1.0
JABSTQ010007349.1	0	40940	1.0
JABSTQ010007351.1	0	88444	2.0
JABSTQ010007352.1	0	36642	1.0
JABSTQ010007353.1	0	100000	3.0
JABSTQ010007353.1	100000	108740	1.0
JABSTQ010007358.1	0	21520	1.0
JABSTQ010007359.1	0	100000	1.0
JABSTQ010007359.1	100000	110009	1.0
JABSTQ010007362.1	0	54766	3.0
JABSTQ010007364.1	0	27349	2.0
JABSTQ010007366.1	0	52157	3.0
JABSTQ010007367.1	0	37440	3.0
JABSTQ010007370.1	0	24276	1.0
JABSTQ010007371.1	0	23396	1.0
JABSTQ010007376.1	0	10745	1.0
JABSTQ010007379.1	0	23785	1.0
JABSTQ010007380.1	0	7694	1.0
JABSTQ010007381.1	0	100000	2.0
JABSTQ010007381.1	100000	101908	1.0
JABSTQ010007383.1	0	48141	2.0
JABSTQ010007386.1	0	22085	1.0
JABSTQ010007389.1	100000	125796	1.0
JABSTQ010007395.1	0	34824	2.0
JABSTQ010007402.1	0	93697	1.0
JABSTQ010007405.1	0	70904	1.0
JABSTQ010007407.1	0	18155	1.0
JABSTQ010007409.1	0	56964	2.0
JABSTQ010007411.1	0	29376	1.0
JABSTQ010007412.1	0	33680	1.0
JABSTQ010007417.1	0	54919	2.0
JABSTQ010007418.1	0	42737	2.0
JABSTQ010007419.1	0	12922	1.0
JABSTQ010007421.1	0	26682	1.0
JABSTQ010007425.1	0	37898	1.0
JABSTQ010007426.1	0	20025	1.0
JABSTQ010007427.1	0	2756	1.0
JABSTQ010007433.1	0	9747	1.0
JABSTQ010007436.1	0	74568	1.0
JABSTQ010007438.1	0	65338	2.0
JABSTQ010007439.1	0	22261	1.0
JABSTQ010007441.1	0	77117	4.0
JABSTQ010007442.1	0	68977	2.0
JABSTQ010007443.1	0	10061	1.0
JABSTQ010007444.1	0	75570	3.0
JABSTQ010007447.1	0	39017	1.0
JABSTQ010007448.1	0	99569	1.0
JABSTQ010007451.1	0	39228	2.0
JABSTQ010007454.1	0	17932	1.0
JABSTQ010007455.1	0	27524	1.0
JABSTQ010007457.1	0	25749	1.0
JABSTQ010007459.1	0	15377	1.0
JABSTQ010007467.1	0	41864	1.0
JABSTQ010007473.1	0	84911	1.0
JABSTQ010007474.1	0	28909	5.0
JABSTQ010007475.1	0	21374	1.0
JABSTQ010007476.1	0	26419	1.0
JABSTQ010007479.1	0	40699	2.0
JABSTQ010007484.1	0	10297	1.0
JABSTQ010007490.1	0	35775	1.0
JABSTQ010007493.1	0	35467	1.0
JABSTQ010007495.1	0	42278	1.0
JABSTQ010007499.1	0	100000	4.0
JABSTQ010007499.1	200000	300000	1.0
JABSTQ010007500.1	0	44931	1.0
JABSTQ010007502.1	0	31386	1.0
JABSTQ010007512.1	0	84185	5.0
JABSTQ010007514.1	0	17557	1.0
JABSTQ010007517.1	0	35864	1.0
JABSTQ010007518.1	0	82224	2.0
JABSTQ010007520.1	0	78558	2.0
JABSTQ010007522.1	0	27125	1.0
JABSTQ010007523.1	0	33332	1.0
JABSTQ010007525.1	0	23724	1.0
JABSTQ010007526.1	0	10729	1.0
JABSTQ010007527.1	0	39632	1.0
JABSTQ010007530.1	0	98552	1.0
JABSTQ010007532.1	0	9144	1.0
JABSTQ010007534.1	0	22563	1.0
JABSTQ010007537.1	0	88706	2.0
JABSTQ010007539.1	0	12393	1.0
JABSTQ010007540.1	0	42287	4.0
JABSTQ010007542.1	0	28870	1.0
JABSTQ010007550.1	0	58670	1.0
JABSTQ010007553.1	0	63213	1.0
JABSTQ010007554.1	0	21894	1.0
JABSTQ010007559.1	0	30500	4.0
JABSTQ010007560.1	0	55377	3.0
JABSTQ010007562.1	0	49192	1.0
JABSTQ010007566.1	0	100000	3.0
JABSTQ010007566.1	100000	200000	1.0
JABSTQ010007566.1	200000	274769	1.0
JABSTQ010007568.1	0	16761	1.0
JABSTQ010007570.1	0	91010	4.0
JABSTQ010007573.1	0	52487	1.0
JABSTQ010007576.1	0	100000	3.0
JABSTQ010007578.1	0	45951	1.0
JABSTQ010007579.1	0	4035	1.0
JABSTQ010007581.1	0	19363	2.0
JABSTQ010007582.1	0	4234	1.0
JABSTQ010007583.1	0	46640	1.0
JABSTQ010007586.1	0	47569	2.0
JABSTQ010007587.1	0	34325	1.0
JABSTQ010007591.1	0	7972	1.0
JABSTQ010007596.1	0	48745	1.0
JABSTQ010007598.1	0	34156	2.0
JABSTQ010007599.1	0	29278	1.0
JABSTQ010007600.1	0	16813	1.0
JABSTQ010007602.1	0	9547	1.0
JABSTQ010007603.1	0	32386	1.0
JABSTQ010007606.1	0	2827	1.0
JABSTQ010007607.1	0	21527	1.0
JABSTQ010007608.1	0	17109	1.0
JABSTQ010007612.1	0	70906	2.0
JABSTQ010007616.1	0	100000	1.0
JABSTQ010007616.1	100000	200000	2.0
JABSTQ010007616.1	200000	210342	1.0
JABSTQ010007617.1	0	65909	2.0
JABSTQ010007619.1	0	22266	1.0
JABSTQ010007624.1	0	15232	1.0
JABSTQ010007626.1	0	35710	1.0
JABSTQ010007628.1	100000	129951	1.0
JABSTQ010007632.1	0	55098	2.0
JABSTQ010007633.1	0	15441	1.0
JABSTQ010007634.1	0	49307	2.0
JABSTQ010007636.1	0	100000	3.0
JABSTQ010007636.1	100000	200000	1.0
JABSTQ010007636.1	200000	279683	1.0
JABSTQ010007639.1	0	82090	1.0
JABSTQ010007640.1	0	43444	3.0
JABSTQ010007641.1	0	100000	4.0
JABSTQ010007641.1	100000	131579	1.0
JABSTQ010007642.1	0	45538	3.0
JABSTQ010007644.1	0	88717	3.0
JABSTQ010007648.1	0	59912	1.0
JABSTQ010007650.1	0	57275	2.0
JABSTQ010007654.1	0	51486	1.0
JABSTQ010007655.1	0	94010	2.0
JABSTQ010007657.1	0	23414	1.0
JABSTQ010007662.1	0	41492	1.0
JABSTQ010007666.1	0	100000	2.0
JABSTQ010007666.1	100000	160860	1.0
JABSTQ010007668.1	0	47781	1.0
JABSTQ010007669.1	0	26514	1.0
JABSTQ010007670.1	0	48047	1.0
JABSTQ010007671.1	0	23738	1.0
JABSTQ010007674.1	0	2596	1.0
JABSTQ010007677.1	0	18490	1.0
JABSTQ010007678.1	0	70028	1.0
JABSTQ010007679.1	0	28939	1.0
JABSTQ010007681.1	0	4741	1.0
JABSTQ010007682.1	0	47827	1.0
JABSTQ010007684.1	0	9153	1.0
JABSTQ010007689.1	0	19030	1.0
JABSTQ010007693.1	0	6636	1.0
JABSTQ010007694.1	0	31436	1.0
JABSTQ010007696.1	0	2970	1.0
JABSTQ010007697.1	0	14782	2.0
JABSTQ010007699.1	0	2407	1.0
JABSTQ010007701.1	0	100000	2.0
JABSTQ010007701.1	100000	136509	2.0
JABSTQ010007702.1	0	19992	1.0
JABSTQ010007704.1	0	21282	3.0
JABSTQ010007705.1	0	93951	5.0
JABSTQ010007709.1	0	10124	2.0
JABSTQ010007710.1	0	100000	1.0
JABSTQ010007710.1	100000	186029	1.0
JABSTQ010007713.1	0	98567	5.0
JABSTQ010007715.1	0	31298	2.0
JABSTQ010007720.1	0	2622	1.0
JABSTQ010007721.1	0	30394	1.0
JABSTQ010007724.1	0	54351	1.0
JABSTQ010007726.1	0	25674	1.0
JABSTQ010007729.1	0	56329	3.0
JABSTQ010007731.1	0	25465	1.0
JABSTQ010007733.1	0	3306	1.0
JABSTQ010007734.1	0	37231	1.0
JABSTQ010007737.1	0	35287	1.0
JABSTQ010007743.1	0	9277	1.0
JABSTQ010007748.1	0	42281	2.0
JABSTQ010007749.1	0	30499	1.0
JABSTQ010007751.1	0	38248	1.0
JABSTQ010007752.1	0	82190	2.0
JABSTQ010007757.1	0	57740	3.0
JABSTQ010007760.1	0	13142	2.0
JABSTQ010007763.1	0	10468	1.0
JABSTQ010007767.1	0	56578	1.0
JABSTQ010007768.1	0	58321	2.0
JABSTQ010007769.1	0	33887	2.0
JABSTQ010007770.1	0	58168	1.0
JABSTQ010007772.1	0	37108	1.0
JABSTQ010007773.1	0	18597	1.0
JABSTQ010007780.1	0	15248	1.0
JABSTQ010007781.1	0	43583	1.0
JABSTQ010007782.1	0	62037	1.0
JABSTQ010007789.1	0	87145	1.0
JABSTQ010007791.1	0	100000	2.0
JABSTQ010007791.1	100000	200000	1.0
JABSTQ010007791.1	200000	250433	1.0
JABSTQ010007793.1	0	22164	3.0
JABSTQ010007795.1	0	100000	1.0
JABSTQ010007795.1	100000	172684	3.0
JABSTQ010007798.1	0	39879	1.0
JABSTQ010007799.1	0	2691	1.0
JABSTQ010007800.1	100000	141857	2.0
JABSTQ010007802.1	0	24656	1.0
JABSTQ010007804.1	0	78100	2.0
JABSTQ010007809.1	0	19156	1.0
JABSTQ010007812.1	0	36279	1.0
JABSTQ010007813.1	0	100000	1.0
JABSTQ010007813.1	100000	174069	1.0
JABSTQ010007822.1	0	56823	5.0
JABSTQ010007828.1	0	80428	2.0
JABSTQ010007831.1	0	3391	3.0
JABSTQ010007833.1	0	34220	2.0
JABSTQ010007834.1	0	42738	2.0
JABSTQ010007835.1	0	62283	3.0
JABSTQ010007838.1	0	22041	1.0
JABSTQ010007840.1	0	35983	1.0
JABSTQ010007842.1	0	25593	1.0
JABSTQ010007843.1	0	51417	2.0
JABSTQ010007848.1	0	13488	1.0
JABSTQ010007852.1	0	21806	3.0
JABSTQ010007854.1	0	16759	1.0
JABSTQ010007865.1	0	23582	2.0
JABSTQ010007867.1	0	5248	1.0
JABSTQ010007868.1	0	26158	1.0
JABSTQ010007869.1	0	42098	1.0
JABSTQ010007875.1	0	23398	1.0
JABSTQ010007878.1	0	65059	2.0
JABSTQ010007881.1	100000	200000	3.0
JABSTQ010007881.1	200000	263466	2.0
JABSTQ010007886.1	0	20851	1.0
JABSTQ010007890.1	0	100000	2.0
JABSTQ010007890.1	100000	147977	2.0
JABSTQ010007902.1	0	55615	1.0
JABSTQ010007906.1	0	100000	1.0
JABSTQ010007906.1	100000	135315	1.0
JABSTQ010007908.1	0	15646	1.0
JABSTQ010007911.1	0	17072	1.0
JABSTQ010007913.1	100000	174608	1.0
JABSTQ010007914.1	0	16139	1.0
JABSTQ010007917.1	0	58494	1.0
JABSTQ010007922.1	0	39901	1.0
JABSTQ010007926.1	0	26278	1.0
JABSTQ010007929.1	0	8353	1.0
JABSTQ010007931.1	0	8429	2.0
JABSTQ010007933.1	0	41280	1.0
JABSTQ010007935.1	0	16168	2.0
JABSTQ010007936.1	0	8753	1.0
JABSTQ010007937.1	0	31886	1.0
JABSTQ010007938.1	0	11920	1.0
JABSTQ010007943.1	0	100000	1.0
JABSTQ010007943.1	100000	136929	1.0
JABSTQ010007949.1	0	100000	6.0
JABSTQ010007949.1	100000	144228	1.0
JABSTQ010007955.1	0	11765	1.0
JABSTQ010007957.1	0	50026	2.0
JABSTQ010007958.1	0	27895	1.0
JABSTQ010007959.1	0	40550	1.0
JABSTQ010007967.1	0	53826	2.0
JABSTQ010007968.1	0	63299	2.0
JABSTQ010007973.1	0	45820	1.0
JABSTQ010007977.1	0	19472	1.0
JABSTQ010007978.1	0	36794	1.0
JABSTQ010007983.1	0	60991	2.0
JABSTQ010007984.1	0	62941	3.0
JABSTQ010007992.1	0	15889	1.0
JABSTQ010007999.1	0	1906	1.0
JABSTQ010008000.1	0	23580	1.0
JABSTQ010008003.1	0	100000	2.0
JABSTQ010008003.1	100000	183108	1.0
JABSTQ010008004.1	0	8952	1.0
JABSTQ010008005.1	0	54223	1.0
JABSTQ010008007.1	0	10566	1.0
JABSTQ010008012.1	0	52717	2.0
JABSTQ010008017.1	0	75536	2.0
JABSTQ010008020.1	0	30507	2.0
JABSTQ010008023.1	0	21464	1.0
JABSTQ010008024.1	0	22769	1.0
JABSTQ010008026.1	0	42568	1.0
JABSTQ010008027.1	0	72432	3.0
JABSTQ010008028.1	0	68516	1.0
JABSTQ010008029.1	0	2349	1.0
JABSTQ010008030.1	0	16677	2.0
JABSTQ010008031.1	0	72749	1.0
JABSTQ010008033.1	0	81017	2.0
JABSTQ010008036.1	0	25974	1.0
JABSTQ010008038.1	0	16356	1.0
JABSTQ010008039.1	0	13508	1.0
JABSTQ010008043.1	0	10845	1.0
JABSTQ010008044.1	0	59013	1.0
JABSTQ010008046.1	0	100000	1.0
JABSTQ010008046.1	100000	134601	1.0
JABSTQ010008047.1	0	85873	1.0
JABSTQ010008048.1	0	34897	1.0
JABSTQ010008050.1	0	12484	1.0
JABSTQ010008051.1	0	50458	4.0
JABSTQ010008052.1	0	23657	1.0
JABSTQ010008055.1	0	47014	1.0
JABSTQ010008057.1	0	7524	1.0
JABSTQ010008059.1	0	92472	3.0
JABSTQ010008067.1	0	2229	1.0
JABSTQ010008069.1	0	8012	1.0
JABSTQ010008070.1	0	45918	1.0
JABSTQ010008073.1	0	8081	2.0
JABSTQ010008075.1	0	34533	2.0
JABSTQ010008076.1	0	18615	1.0
JABSTQ010008077.1	0	37728	3.0
JABSTQ010008079.1	0	18167	1.0
JABSTQ010008080.1	0	8448	1.0
JABSTQ010008083.1	0	89357	3.0
JABSTQ010008088.1	0	25586	1.0
JABSTQ010008090.1	0	13561	1.0
JABSTQ010008092.1	0	27969	2.0
JABSTQ010008093.1	0	30740	1.0
JABSTQ010008095.1	0	26093	2.0
JABSTQ010008098.1	0	11708	1.0
JABSTQ010008102.1	0	17347	1.0
JABSTQ010008106.1	0	46289	1.0
JABSTQ010008110.1	0	26721	2.0
JABSTQ010008114.1	0	20408	2.0
JABSTQ010008115.1	0	37418	3.0
JABSTQ010008116.1	0	58819	2.0
JABSTQ010008117.1	0	39390	1.0
JABSTQ010008118.1	0	22915	2.0
JABSTQ010008119.1	0	18064	2.0
JABSTQ010008121.1	0	4091	1.0
JABSTQ010008125.1	0	18815	1.0
JABSTQ010008126.1	0	23688	5.0
JABSTQ010008127.1	0	7428	1.0
JABSTQ010008128.1	100000	200000	1.0
JABSTQ010008128.1	200000	259501	1.0
JABSTQ010008132.1	0	100000	1.0
JABSTQ010008132.1	100000	148391	2.0
JABSTQ010008133.1	0	80720	2.0
JABSTQ010008136.1	0	30873	2.0
JABSTQ010008137.1	0	11377	1.0
JABSTQ010008139.1	0	21132	2.0
JABSTQ010008143.1	0	43501	3.0
JABSTQ010008144.1	0	20306	1.0
JABSTQ010008145.1	0	31139	3.0
JABSTQ010008146.1	0	13221	3.0
JABSTQ010008148.1	0	41344	1.0
JABSTQ010008150.1	100000	183152	1.0
JABSTQ010008153.1	0	39463	1.0
JABSTQ010008156.1	0	19727	2.0
JABSTQ010008159.1	0	63856	3.0
JABSTQ010008162.1	0	11613	1.0
JABSTQ010008164.1	0	37218	1.0
JABSTQ010008165.1	0	23932	1.0
JABSTQ010008168.1	0	29341	1.0
JABSTQ010008169.1	0	42433	1.0
JABSTQ010008174.1	0	24678	2.0
JABSTQ010008176.1	0	50475	1.0
JABSTQ010008177.1	0	17621	1.0
JABSTQ010008181.1	0	42593	1.0
JABSTQ010008184.1	0	34602	1.0
JABSTQ010008185.1	0	92943	1.0
JABSTQ010008190.1	0	38566	1.0
JABSTQ010008191.1	0	94175	4.0
JABSTQ010008193.1	0	100000	1.0
JABSTQ010008193.1	100000	129292	2.0
JABSTQ010008195.1	0	27241	1.0
JABSTQ010008200.1	0	52643	1.0
JABSTQ010008203.1	0	29011	1.0
JABSTQ010008204.1	0	70693	2.0
JABSTQ010008207.1	0	30804	2.0
JABSTQ010008208.1	0	21679	1.0
JABSTQ010008212.1	0	28001	1.0
JABSTQ010008224.1	0	44978	1.0
JABSTQ010008231.1	0	52792	1.0
JABSTQ010008238.1	0	20424	3.0
JABSTQ010008241.1	0	3209	1.0
JABSTQ010008244.1	0	17259	1.0
JABSTQ010008245.1	0	43694	1.0
JABSTQ010008247.1	0	66821	2.0
JABSTQ010008248.1	0	9407	1.0
JABSTQ010008250.1	0	17368	1.0
JABSTQ010008251.1	0	31449	1.0
JABSTQ010008252.1	0	13627	1.0
JABSTQ010008255.1	0	49276	2.0
JABSTQ010008257.1	0	32595	2.0
JABSTQ010008263.1	0	63153	1.0
JABSTQ010008265.1	0	24725	2.0
JABSTQ010008268.1	0	23343	1.0
JABSTQ010008270.1	0	42375	1.0
JABSTQ010008272.1	0	72816	3.0
JABSTQ010008278.1	0	7716	1.0
JABSTQ010008281.1	0	100000	2.0
JABSTQ010008281.1	100000	121340	1.0
JABSTQ010008282.1	0	26217	1.0
JABSTQ010008284.1	0	6604	1.0
JABSTQ010008285.1	0	37796	1.0
JABSTQ010008286.1	0	8611	1.0
JABSTQ010008289.1	0	35336	2.0
JABSTQ010008291.1	0	16585	3.0
JABSTQ010008292.1	0	28275	1.0
JABSTQ010008293.1	0	45754	1.0
JABSTQ010008296.1	0	24212	1.0
JABSTQ010008297.1	0	23419	1.0
JABSTQ010008298.1	0	48697	2.0
JABSTQ010008300.1	0	28603	1.0
JABSTQ010008302.1	0	24564	2.0
JABSTQ010008304.1	0	87827	3.0
JABSTQ010008310.1	0	54377	2.0
JABSTQ010008311.1	0	11160	1.0
JABSTQ010008314.1	0	27175	1.0
JABSTQ010008318.1	0	8617	1.0
JABSTQ010008319.1	0	16759	1.0
JABSTQ010008321.1	0	3492	1.0
JABSTQ010008323.1	0	45569	2.0
JABSTQ010008324.1	0	82667	1.0
JABSTQ010008330.1	0	65908	2.0
JABSTQ010008332.1	0	5888	1.0
JABSTQ010008333.1	0	20868	1.0
JABSTQ010008334.1	0	1241	1.0
JABSTQ010008340.1	0	43245	2.0
JABSTQ010008344.1	0	27098	1.0
JABSTQ010008346.1	0	49981	2.0
JABSTQ010008352.1	0	56999	1.0
JABSTQ010008356.1	0	13604	1.0
JABSTQ010008357.1	0	69758	2.0
JABSTQ010008361.1	0	4135	1.0
JABSTQ010008368.1	0	100000	1.0
JABSTQ010008368.1	100000	200000	2.0
JABSTQ010008368.1	200000	239945	1.0
JABSTQ010008372.1	0	22800	1.0
JABSTQ010008376.1	0	11513	1.0
JABSTQ010008377.1	0	90616	3.0
JABSTQ010008378.1	0	9042	2.0
JABSTQ010008386.1	0	100000	2.0
JABSTQ010008386.1	100000	135592	2.0
JABSTQ010008391.1	0	54248	2.0
JABSTQ010008394.1	0	2965	1.0
JABSTQ010008395.1	0	20322	2.0
JABSTQ010008399.1	0	76918	2.0
JABSTQ010008400.1	0	32607	2.0
JABSTQ010008404.1	0	78797	2.0
JABSTQ010008407.1	0	17892	2.0
JABSTQ010008409.1	0	64059	2.0
JABSTQ010008410.1	0	30627	1.0
JABSTQ010008413.1	0	76677	2.0
JABSTQ010008414.1	0	19409	1.0
JABSTQ010008415.1	0	41675	5.0
JABSTQ010008418.1	0	100000	1.0
JABSTQ010008418.1	100000	200000	3.0
JABSTQ010008418.1	200000	270600	4.0
JABSTQ010008422.1	0	19191	1.0
JABSTQ010008426.1	0	30825	1.0
JABSTQ010008429.1	0	5898	1.0
JABSTQ010008437.1	0	35842	1.0
JABSTQ010008438.1	0	17810	1.0
JABSTQ010008443.1	0	61335	2.0
JABSTQ010008444.1	0	35046	1.0
JABSTQ010008445.1	0	58005	3.0
JABSTQ010008450.1	0	22608	1.0
JABSTQ010008452.1	0	37972	2.0
JABSTQ010008453.1	0	2210	1.0
JABSTQ010008454.1	0	31927	1.0
JABSTQ010008463.1	0	23801	1.0
JABSTQ010008464.1	0	14008	1.0
JABSTQ010008466.1	0	43227	1.0
JABSTQ010008468.1	0	54158	1.0
JABSTQ010008471.1	0	28858	1.0
JABSTQ010008473.1	0	40593	1.0
JABSTQ010008474.1	0	8107	3.0
JABSTQ010008475.1	0	18435	3.0
JABSTQ010008478.1	0	46154	3.0
JABSTQ010008480.1	0	44077	2.0
JABSTQ010008482.1	0	21365	1.0
JABSTQ010008483.1	0	95889	8.0
JABSTQ010008495.1	0	53774	3.0
JABSTQ010008499.1	0	11983	1.0
JABSTQ010008500.1	0	36732	2.0
JABSTQ010008501.1	0	97705	3.0
JABSTQ010008505.1	0	28737	1.0
JABSTQ010008509.1	0	49492	3.0
JABSTQ010008513.1	0	13449	1.0
JABSTQ010008514.1	0	94630	2.0
JABSTQ010008515.1	0	20632	1.0
JABSTQ010008516.1	0	64168	1.0
JABSTQ010008519.1	0	56819	2.0
JABSTQ010008520.1	0	50840	2.0
JABSTQ010008524.1	0	5123	1.0
JABSTQ010008525.1	0	5541	1.0
JABSTQ010008526.1	0	21851	2.0
JABSTQ010008528.1	0	8153	1.0
JABSTQ010008529.1	0	40817	1.0
JABSTQ010008532.1	0	3102	1.0
JABSTQ010008540.1	0	26496	2.0
JABSTQ010008544.1	0	15961	1.0
JABSTQ010008545.1	0	13429	1.0
JABSTQ010008546.1	0	22567	1.0
JABSTQ010008547.1	0	99754	2.0
JABSTQ010008548.1	0	8807	1.0
JABSTQ010008554.1	0	12300	2.0
JABSTQ010008555.1	0	100000	5.0
JABSTQ010008555.1	200000	217404	2.0
JABSTQ010008557.1	0	37522	3.0
JABSTQ010008558.1	0	21308	1.0
JABSTQ010008559.1	0	26252	1.0
JABSTQ010008560.1	0	9022	1.0
JABSTQ010008561.1	0	14032	1.0
JABSTQ010008562.1	0	12291	1.0
JABSTQ010008563.1	0	29682	1.0
JABSTQ010008564.1	0	38642	4.0
JABSTQ010008567.1	0	57164	2.0
JABSTQ010008569.1	0	40678	3.0
JABSTQ010008571.1	0	5461	1.0
JABSTQ010008572.1	0	8759	1.0
JABSTQ010008573.1	0	100000	3.0
JABSTQ010008573.1	100000	200000	1.0
JABSTQ010008573.1	400000	455833	1.0
JABSTQ010008574.1	0	49581	1.0
JABSTQ010008575.1	0	31751	1.0
JABSTQ010008577.1	0	87155	2.0
JABSTQ010008578.1	0	14412	1.0
JABSTQ010008579.1	0	100000	2.0
JABSTQ010008579.1	100000	183062	2.0
JABSTQ010008580.1	0	1516	1.0
JABSTQ010008583.1	0	15704	1.0
JABSTQ010008584.1	0	100000	2.0
JABSTQ010008584.1	100000	149389	1.0
JABSTQ010008586.1	0	60083	4.0
JABSTQ010008592.1	0	6489	1.0
JABSTQ010008593.1	0	32673	1.0
JABSTQ010008595.1	0	656	1.0
JABSTQ010008596.1	0	23810	1.0
JABSTQ010008604.1	0	36247	2.0
JABSTQ010008605.1	0	11887	1.0
JABSTQ010008609.1	0	19571	1.0
JABSTQ010008611.1	0	8788	1.0
JABSTQ010008612.1	0	5796	2.0
JABSTQ010008614.1	0	21743	2.0
JABSTQ010008615.1	0	44272	1.0
JABSTQ010008616.1	0	34405	1.0
JABSTQ010008617.1	0	39819	2.0
JABSTQ010008620.1	0	67028	1.0
JABSTQ010008621.1	0	100000	2.0
JABSTQ010008621.1	100000	169111	3.0
JABSTQ010008622.1	0	11350	1.0
JABSTQ010008623.1	0	23328	1.0
JABSTQ010008624.1	0	25807	1.0
JABSTQ010008626.1	0	57089	2.0
JABSTQ010008627.1	0	20974	1.0
JABSTQ010008628.1	0	11223	1.0
JABSTQ010008630.1	0	51497	2.0
JABSTQ010008633.1	0	23936	2.0
JABSTQ010008635.1	0	72237	2.0
JABSTQ010008638.1	0	20239	2.0
JABSTQ010008639.1	0	37494	3.0
JABSTQ010008640.1	0	26484	1.0
JABSTQ010008642.1	0	35758	1.0
JABSTQ010008644.1	0	21586	1.0
JABSTQ010008651.1	100000	162202	3.0
JABSTQ010008653.1	0	19574	2.0
JABSTQ010008657.1	0	31189	1.0
JABSTQ010008658.1	0	30370	1.0
JABSTQ010008660.1	0	20115	1.0
JABSTQ010008661.1	0	28838	1.0
JABSTQ010008662.1	0	74522	1.0
JABSTQ010008664.1	0	100000	3.0
JABSTQ010008664.1	100000	188722	5.0
JABSTQ010008668.1	0	26688	1.0
JABSTQ010008669.1	0	36020	2.0
JABSTQ010008672.1	0	44454	1.0
JABSTQ010008674.1	0	29191	1.0
JABSTQ010008675.1	0	21826	1.0
JABSTQ010008676.1	0	52103	1.0
JABSTQ010008677.1	0	80134	4.0
JABSTQ010008682.1	0	18775	1.0
JABSTQ010008685.1	0	7354	2.0
JABSTQ010008687.1	0	100000	4.0
JABSTQ010008687.1	100000	126642	1.0
JABSTQ010008688.1	0	27573	1.0
JABSTQ010008689.1	0	24692	1.0
JABSTQ010008696.1	0	9060	1.0
JABSTQ010008698.1	0	100000	1.0
JABSTQ010008698.1	100000	200000	3.0
JABSTQ010008698.1	200000	300000	5.0
JABSTQ010008698.1	300000	336218	2.0
JABSTQ010008699.1	0	5870	1.0
JABSTQ010008700.1	0	27488	1.0
JABSTQ010008701.1	0	13839	1.0
JABSTQ010008702.1	0	95599	2.0
JABSTQ010008705.1	0	24025	1.0
JABSTQ010008706.1	0	25035	1.0
JABSTQ010008708.1	0	5991	1.0
JABSTQ010008709.1	0	29934	1.0
JABSTQ010008717.1	0	100000	2.0
JABSTQ010008717.1	100000	200000	1.0
JABSTQ010008717.1	200000	220536	1.0
JABSTQ010008719.1	0	53809	2.0
JABSTQ010008721.1	0	14624	1.0
JABSTQ010008722.1	0	68253	3.0
JABSTQ010008725.1	0	24528	1.0
JABSTQ010008727.1	0	33827	1.0
JABSTQ010008731.1	0	100000	4.0
JABSTQ010008731.1	100000	200000	2.0
JABSTQ010008731.1	200000	261341	1.0
JABSTQ010008732.1	0	100000	1.0
JABSTQ010008732.1	100000	133220	2.0
JABSTQ010008735.1	0	62864	2.0
JABSTQ010008736.1	0	20970	1.0
JABSTQ010008737.1	0	29795	1.0
JABSTQ010008738.1	0	15400	1.0
JABSTQ010008739.1	0	16587	2.0
JABSTQ010008743.1	0	30918	1.0
JABSTQ010008744.1	100000	109562	1.0
JABSTQ010008748.1	0	19778	1.0
JABSTQ010008749.1	0	13351	1.0
JABSTQ010008750.1	0	37079	1.0
JABSTQ010008754.1	0	7232	1.0
JABSTQ010008756.1	0	34861	1.0
JABSTQ010008761.1	0	32873	2.0
JABSTQ010008765.1	0	50290	2.0
JABSTQ010008766.1	0	8668	1.0
JABSTQ010008769.1	0	31381	1.0
JABSTQ010008773.1	0	8440	1.0
JABSTQ010008775.1	0	100000	1.0
JABSTQ010008775.1	100000	152940	1.0
JABSTQ010008777.1	0	99288	2.0
JABSTQ010008779.1	0	18469	1.0
JABSTQ010008780.1	0	4967	1.0
JABSTQ010008781.1	0	22766	1.0
JABSTQ010008783.1	0	14903	1.0
JABSTQ010008784.1	0	45264	1.0
JABSTQ010008785.1	0	36633	2.0
JABSTQ010008786.1	0	7319	1.0
JABSTQ010008790.1	0	2432	1.0
JABSTQ010008793.1	0	60928	4.0
JABSTQ010008794.1	0	17121	1.0
JABSTQ010008796.1	0	6112	1.0
JABSTQ010008798.1	0	62961	1.0
JABSTQ010008799.1	0	27499	1.0
JABSTQ010008800.1	0	68277	2.0
JABSTQ010008802.1	0	62163	1.0
JABSTQ010008806.1	0	75587	2.0
JABSTQ010008807.1	0	32364	1.0
JABSTQ010008809.1	0	10539	1.0
JABSTQ010008810.1	0	61703	1.0
JABSTQ010008819.1	0	9923	1.0
JABSTQ010008821.1	100000	185179	6.0
JABSTQ010008825.1	0	17884	2.0
JABSTQ010008828.1	0	17228	1.0
JABSTQ010008830.1	0	27310	1.0
JABSTQ010008831.1	0	10539	1.0
JABSTQ010008832.1	0	35816	1.0
JABSTQ010008833.1	0	10114	2.0
JABSTQ010008838.1	0	35946	1.0
JABSTQ010008839.1	0	100000	1.0
JABSTQ010008839.1	200000	300000	3.0
JABSTQ010008839.1	300000	307929	2.0
JABSTQ010008841.1	0	38308	1.0
JABSTQ010008843.1	0	7865	1.0
JABSTQ010008846.1	0	87442	1.0
JABSTQ010008847.1	0	93589	2.0
JABSTQ010008851.1	0	54361	1.0
JABSTQ010008853.1	0	100000	5.0
JABSTQ010008853.1	100000	157183	3.0
JABSTQ010008854.1	0	26183	1.0
JABSTQ010008858.1	0	2009	1.0
JABSTQ010008859.1	0	27935	1.0
JABSTQ010008867.1	0	96079	4.0
JABSTQ010008870.1	0	14836	2.0
JABSTQ010008871.1	0	42970	1.0
JABSTQ010008876.1	0	100000	1.0
JABSTQ010008876.1	100000	200000	3.0
JABSTQ010008876.1	200000	200713	1.0
JABSTQ010008878.1	0	33233	1.0
JABSTQ010008879.1	0	28392	1.0
JABSTQ010008880.1	0	2519	1.0
JABSTQ010008884.1	0	26397	3.0
JABSTQ010008888.1	100000	127786	2.0
JABSTQ010008891.1	0	18233	1.0
JABSTQ010008892.1	0	11041	1.0
JABSTQ010008895.1	0	10370	1.0
JABSTQ010008898.1	0	37619	1.0
JABSTQ010008899.1	0	34098	1.0
JABSTQ010008900.1	0	40325	1.0
JABSTQ010008902.1	0	42239	2.0
JABSTQ010008903.1	0	22836	1.0
JABSTQ010008904.1	0	6988	1.0
JABSTQ010008906.1	0	18690	1.0
JABSTQ010008909.1	0	64595	2.0
JABSTQ010008914.1	0	23016	1.0
JABSTQ010008915.1	0	34001	1.0
JABSTQ010008917.1	0	8240	1.0
JABSTQ010008919.1	0	22685	2.0
JABSTQ010008925.1	0	15817	1.0
JABSTQ010008927.1	0	22274	1.0
JABSTQ010008929.1	0	5358	1.0
JABSTQ010008932.1	0	38493	1.0
JABSTQ010008933.1	0	62144	2.0
JABSTQ010008934.1	0	100000	2.0
JABSTQ010008934.1	100000	200000	1.0
JABSTQ010008934.1	200000	300000	1.0
JABSTQ010008934.1	300000	379732	2.0
JABSTQ010008935.1	0	21748	1.0
JABSTQ010008936.1	0	34211	1.0
JABSTQ010008937.1	0	34693	1.0
JABSTQ010008940.1	0	100000	2.0
JABSTQ010008940.1	100000	181858	4.0
JABSTQ010008941.1	0	9397	1.0
JABSTQ010008944.1	0	21423	3.0
JABSTQ010008948.1	0	28608	1.0
JABSTQ010008950.1	0	40530	1.0
JABSTQ010008951.1	0	16793	1.0
JABSTQ010008953.1	0	27083	2.0
JABSTQ010008958.1	0	22142	1.0
JABSTQ010008959.1	0	35289	1.0
JABSTQ010008960.1	0	27242	1.0
JABSTQ010008962.1	0	27189	2.0
JABSTQ010008963.1	0	16146	2.0
JABSTQ010008967.1	0	25041	1.0
JABSTQ010008968.1	100000	158614	2.0
JABSTQ010008970.1	0	100000	4.0
JABSTQ010008970.1	100000	108230	2.0
JABSTQ010008973.1	0	100000	3.0
JABSTQ010008978.1	0	84481	1.0
JABSTQ010008979.1	0	14234	2.0
JABSTQ010008981.1	0	81345	2.0
JABSTQ010008982.1	0	52088	3.0
JABSTQ010008983.1	0	50554	3.0
JABSTQ010008984.1	0	26853	3.0
JABSTQ010008985.1	0	24864	1.0
JABSTQ010008992.1	0	24748	1.0
JABSTQ010008997.1	0	12453	1.0
JABSTQ010008998.1	0	18703	1.0
JABSTQ010009001.1	0	37906	1.0
JABSTQ010009002.1	0	5086	1.0
JABSTQ010009004.1	0	21611	1.0
JABSTQ010009007.1	0	2394	1.0
JABSTQ010009008.1	0	17953	1.0
JABSTQ010009013.1	0	19931	1.0
JABSTQ010009015.1	0	40254	1.0
JABSTQ010009016.1	0	21187	1.0
JABSTQ010009026.1	0	50753	3.0
JABSTQ010009028.1	0	13326	2.0
JABSTQ010009030.1	0	30006	1.0
JABSTQ010009031.1	0	100000	10.0
JABSTQ010009031.1	100000	200000	4.0
JABSTQ010009031.1	200000	236953	2.0
JABSTQ010009032.1	0	100000	1.0
JABSTQ010009032.1	100000	200000	3.0
JABSTQ010009032.1	200000	300000	6.0
JABSTQ010009032.1	300000	400000	8.0
JABSTQ010009032.1	400000	500000	3.0
JABSTQ010009032.1	500000	600000	2.0
JABSTQ010009032.1	600000	700000	3.0
JABSTQ010009032.1	700000	800000	2.0
JABSTQ010009032.1	900000	1000000	5.0
JABSTQ010009032.1	1000000	1100000	2.0
JABSTQ010009032.1	1200000	1282370	2.0
JABSTQ010009033.1	0	100000	2.0
JABSTQ010009033.1	100000	200000	5.0
JABSTQ010009033.1	200000	300000	2.0
JABSTQ010009033.1	300000	361854	1.0
JABSTQ010009034.1	0	100000	3.0
JABSTQ010009034.1	100000	200000	3.0
JABSTQ010009034.1	200000	300000	4.0
JABSTQ010009034.1	300000	400000	1.0
JABSTQ010009034.1	400000	500000	1.0
JABSTQ010009034.1	600000	700000	1.0
JABSTQ010009034.1	700000	800000	2.0
JABSTQ010009034.1	800000	900000	1.0
JABSTQ010009034.1	900000	1000000	3.0
JABSTQ010009034.1	1000000	1100000	1.0
JABSTQ010009034.1	1200000	1300000	1.0
JABSTQ010009034.1	1300000	1400000	1.0
JABSTQ010009034.1	1400000	1500000	1.0
JABSTQ010009034.1	1500000	1600000	1.0
JABSTQ010009034.1	1600000	1700000	2.0
JABSTQ010009034.1	1700000	1800000	3.0
JABSTQ010009034.1	1900000	1924658	1.0
JABSTQ010009035.1	0	100000	2.0
JABSTQ010009035.1	100000	200000	2.0
JABSTQ010009035.1	200000	300000	5.0
JABSTQ010009035.1	300000	400000	5.0
JABSTQ010009036.1	0	100000	2.0
JABSTQ010009036.1	100000	200000	1.0
JABSTQ010009036.1	200000	300000	2.0
JABSTQ010009036.1	300000	400000	1.0
JABSTQ010009036.1	400000	500000	2.0
JABSTQ010009036.1	500000	600000	2.0
JABSTQ010009036.1	800000	832357	1.0
JABSTQ010009037.1	0	100000	2.0
JABSTQ010009037.1	100000	200000	1.0
JABSTQ010009037.1	300000	318846	1.0
JABSTQ010009038.1	100000	200000	1.0
JABSTQ010009038.1	200000	236994	2.0
JABSTQ010009039.1	0	100000	1.0
JABSTQ010009039.1	100000	200000	4.0
JABSTQ010009039.1	200000	300000	4.0
JABSTQ010009039.1	300000	400000	7.0
JABSTQ010009039.1	400000	500000	9.0
JABSTQ010009039.1	500000	600000	2.0
JABSTQ010009039.1	800000	900000	1.0
JABSTQ010009039.1	900000	1000000	1.0
JABSTQ010009039.1	1100000	1200000	1.0
JABSTQ010009039.1	1500000	1600000	1.0
JABSTQ010009039.1	1600000	1700000	1.0
JABSTQ010009039.1	1800000	1900000	1.0
JABSTQ010009039.1	2000000	2100000	1.0
JABSTQ010009039.1	2100000	2200000	3.0
JABSTQ010009039.1	2200000	2243298	1.0
JABSTQ010009040.1	0	100000	2.0
JABSTQ010009040.1	100000	200000	2.0
JABSTQ010009040.1	200000	300000	1.0
JABSTQ010009040.1	400000	500000	1.0
JABSTQ010009040.1	600000	700000	1.0
JABSTQ010009040.1	900000	1000000	1.0
JABSTQ010009040.1	1000000	1018827	1.0
JABSTQ010009041.1	200000	300000	1.0
JABSTQ010009041.1	600000	700000	1.0
JABSTQ010009041.1	700000	800000	2.0
JABSTQ010009041.1	1300000	1400000	1.0
JABSTQ010009041.1	1400000	1500000	2.0
JABSTQ010009041.1	1500000	1600000	2.0
JABSTQ010009042.1	100000	200000	3.0
JABSTQ010009042.1	200000	300000	1.0
JABSTQ010009042.1	300000	326200	3.0
JABSTQ010009043.1	0	100000	2.0
JABSTQ010009043.1	100000	200000	1.0
JABSTQ010009043.1	400000	500000	1.0
JABSTQ010009043.1	500000	600000	3.0
JABSTQ010009044.1	0	100000	1.0
JABSTQ010009044.1	100000	187878	2.0
JABSTQ010009045.1	0	100000	4.0
JABSTQ010009045.1	100000	200000	7.0
JABSTQ010009045.1	200000	300000	2.0
JABSTQ010009045.1	300000	400000	2.0
JABSTQ010009045.1	400000	500000	2.0
JABSTQ010009045.1	500000	600000	4.0
JABSTQ010009045.1	600000	700000	5.0
JABSTQ010009045.1	700000	800000	3.0
JABSTQ010009045.1	900000	1000000	3.0
JABSTQ010009045.1	1200000	1300000	1.0
JABSTQ010009045.1	1300000	1341063	1.0
JABSTQ010009046.1	0	100000	3.0
JABSTQ010009046.1	100000	188881	1.0
JABSTQ010009047.1	0	100000	1.0
JABSTQ010009047.1	100000	200000	1.0
JABSTQ010009047.1	200000	300000	4.0
JABSTQ010009047.1	300000	304546	1.0
JABSTQ010009048.1	0	100000	1.0
JABSTQ010009048.1	100000	200000	1.0
JABSTQ010009048.1	200000	300000	4.0
JABSTQ010009048.1	300000	400000	2.0
JABSTQ010009048.1	400000	500000	5.0
JABSTQ010009048.1	600000	700000	1.0
JABSTQ010009048.1	700000	706493	1.0
JABSTQ010009049.1	100000	200000	1.0
JABSTQ010009049.1	200000	252718	1.0
JABSTQ010009050.1	0	100000	3.0
JABSTQ010009050.1	100000	200000	1.0
JABSTQ010009050.1	200000	300000	2.0
JABSTQ010009050.1	300000	400000	3.0
JABSTQ010009050.1	400000	500000	4.0
JABSTQ010009050.1	600000	700000	5.0
JABSTQ010009050.1	700000	800000	1.0
JABSTQ010009050.1	800000	900000	1.0
JABSTQ010009050.1	1000000	1100000	2.0
JABSTQ010009050.1	1100000	1200000	1.0
JABSTQ010009050.1	1200000	1292691	4.0
JABSTQ010009051.1	700000	800000	1.0
JABSTQ010009051.1	900000	1000000	2.0
JABSTQ010009051.1	1100000	1200000	1.0
JABSTQ010009051.1	1200000	1217282	1.0
JABSTQ010009052.1	400000	417130	1.0
JABSTQ010009053.1	100000	200000	1.0
JABSTQ010009053.1	200000	251938	1.0
JABSTQ010009054.1	0	100000	1.0
JABSTQ010009054.1	100000	200000	1.0
JABSTQ010009054.1	200000	300000	2.0
JABSTQ010009054.1	300000	400000	1.0
JABSTQ010009054.1	400000	431052	4.0
JABSTQ010009055.1	0	100000	3.0
JABSTQ010009055.1	100000	200000	1.0
JABSTQ010009055.1	200000	300000	3.0
JABSTQ010009055.1	300000	400000	3.0
JABSTQ010009055.1	400000	500000	2.0
JABSTQ010009055.1	500000	546330	1.0
JABSTQ010009056.1	0	100000	1.0
JABSTQ010009056.1	100000	200000	2.0
JABSTQ010009056.1	200000	300000	2.0
JABSTQ010009056.1	300000	400000	2.0
JABSTQ010009056.1	400000	500000	3.0
JABSTQ010009056.1	500000	600000	2.0
JABSTQ010009057.1	0	100000	4.0
JABSTQ010009057.1	100000	200000	3.0
JABSTQ010009057.1	200000	300000	1.0
JABSTQ010009057.1	300000	309068	2.0
JABSTQ010009058.1	0	100000	1.0
JABSTQ010009058.1	100000	200000	1.0
JABSTQ010009058.1	300000	400000	1.0
JABSTQ010009058.1	400000	500000	1.0
JABSTQ010009058.1	500000	600000	1.0
JABSTQ010009058.1	600000	700000	1.0
JABSTQ010009058.1	700000	757051	2.0
JABSTQ010009059.1	0	100000	1.0
JABSTQ010009059.1	200000	294664	3.0
JABSTQ010009061.1	0	100000	1.0
JABSTQ010009061.1	100000	200000	2.0
JABSTQ010009061.1	200000	300000	2.0
JABSTQ010009061.1	300000	400000	2.0
JABSTQ010009061.1	500000	600000	2.0
JABSTQ010009061.1	600000	700000	4.0
JABSTQ010009061.1	700000	800000	2.0
JABSTQ010009061.1	800000	852579	2.0
JABSTQ010009062.1	200000	300000	1.0
JABSTQ010009062.1	500000	600000	2.0
JABSTQ010009062.1	600000	700000	4.0
JABSTQ010009062.1	700000	800000	5.0
JABSTQ010009062.1	800000	900000	6.0
JABSTQ010009062.1	900000	1000000	5.0
JABSTQ010009062.1	1000000	1100000	4.0
JABSTQ010009062.1	1100000	1200000	2.0
JABSTQ010009062.1	1200000	1261005	1.0
JABSTQ010009063.1	0	100000	3.0
JABSTQ010009063.1	200000	300000	2.0
JABSTQ010009063.1	400000	500000	1.0
JABSTQ010009063.1	600000	606599	1.0
JABSTQ010009064.1	0	100000	2.0
JABSTQ010009064.1	100000	200000	2.0
JABSTQ010009064.1	200000	300000	4.0
JABSTQ010009064.1	300000	400000	3.0
JABSTQ010009064.1	400000	500000	3.0
JABSTQ010009064.1	500000	600000	3.0
JABSTQ010009064.1	600000	619540	1.0
JABSTQ010009065.1	0	100000	1.0
JABSTQ010009065.1	100000	200000	1.0
JABSTQ010009065.1	200000	300000	2.0
JABSTQ010009065.1	300000	376637	1.0
JABSTQ010009066.1	0	100000	2.0
JABSTQ010009066.1	100000	200000	4.0
JABSTQ010009066.1	200000	300000	1.0
JABSTQ010009066.1	300000	355329	3.0
JABSTQ010009067.1	200000	300000	2.0
JABSTQ010009067.1	300000	356847	2.0
JABSTQ010009068.1	0	100000	3.0
JABSTQ010009068.1	200000	300000	3.0
JABSTQ010009068.1	400000	493545	2.0
JABSTQ010009069.1	100000	200000	2.0
JABSTQ010009069.1	200000	300000	2.0
JABSTQ010009069.1	300000	374667	3.0
JABSTQ010009070.1	0	100000	2.0
JABSTQ010009070.1	100000	200000	2.0
JABSTQ010009070.1	200000	300000	1.0
JABSTQ010009070.1	300000	356970	1.0
JABSTQ010009071.1	0	100000	3.0
JABSTQ010009071.1	100000	200000	7.0
JABSTQ010009071.1	200000	238696	2.0
JABSTQ010009072.1	0	100000	2.0
JABSTQ010009072.1	100000	200000	8.0
JABSTQ010009072.1	200000	300000	6.0
JABSTQ010009072.1	300000	400000	1.0
JABSTQ010009072.1	400000	500000	6.0
JABSTQ010009072.1	500000	600000	2.0
JABSTQ010009072.1	600000	700000	1.0
JABSTQ010009072.1	700000	800000	4.0
JABSTQ010009072.1	800000	900000	7.0
JABSTQ010009072.1	900000	912836	3.0
JABSTQ010009073.1	0	100000	4.0
JABSTQ010009073.1	100000	200000	2.0
JABSTQ010009073.1	200000	300000	4.0
JABSTQ010009073.1	300000	400000	3.0
JABSTQ010009073.1	400000	500000	3.0
JABSTQ010009073.1	500000	600000	1.0
JABSTQ010009073.1	600000	700000	3.0
JABSTQ010009073.1	700000	800000	2.0
JABSTQ010009073.1	800000	900000	2.0
JABSTQ010009073.1	900000	1000000	3.0
JABSTQ010009073.1	1000000	1100000	4.0
JABSTQ010009073.1	1100000	1200000	3.0
JABSTQ010009073.1	1200000	1266247	2.0
JABSTQ010009074.1	0	100000	1.0
JABSTQ010009074.1	100000	200000	2.0
JABSTQ010009074.1	200000	300000	5.0
JABSTQ010009074.1	300000	400000	1.0
JABSTQ010009074.1	400000	500000	2.0
JABSTQ010009074.1	500000	600000	2.0
JABSTQ010009074.1	600000	700000	1.0
JABSTQ010009074.1	900000	1000000	1.0
JABSTQ010009074.1	1300000	1400000	3.0
JABSTQ010009074.1	1400000	1500000	2.0
JABSTQ010009075.1	0	100000	3.0
JABSTQ010009075.1	100000	200000	3.0
JABSTQ010009075.1	300000	400000	4.0
JABSTQ010009076.1	0	100000	1.0
JABSTQ010009076.1	100000	200000	2.0
JABSTQ010009076.1	200000	300000	2.0
JABSTQ010009076.1	400000	439121	1.0
JABSTQ010009077.1	200000	279867	1.0
JABSTQ010009078.1	100000	200000	2.0
JABSTQ010009078.1	200000	300000	2.0
JABSTQ010009078.1	300000	400000	2.0
JABSTQ010009078.1	400000	500000	3.0
JABSTQ010009078.1	500000	512485	1.0
JABSTQ010009079.1	0	100000	1.0
JABSTQ010009079.1	100000	200000	2.0
JABSTQ010009079.1	200000	300000	4.0
JABSTQ010009079.1	300000	400000	2.0
JABSTQ010009079.1	400000	500000	2.0
JABSTQ010009080.1	0	100000	4.0
JABSTQ010009080.1	100000	200000	2.0
JABSTQ010009080.1	200000	300000	2.0
JABSTQ010009080.1	300000	400000	2.0
JABSTQ010009080.1	400000	500000	2.0
JABSTQ010009080.1	500000	600000	4.0
JABSTQ010009080.1	600000	676267	2.0
JABSTQ010009081.1	0	100000	4.0
JABSTQ010009081.1	100000	141811	1.0
JABSTQ010009082.1	400000	500000	1.0
JABSTQ010009082.1	600000	700000	1.0
JABSTQ010009082.1	800000	900000	2.0
JABSTQ010009082.1	900000	904232	1.0
JABSTQ010009083.1	0	100000	3.0
JABSTQ010009083.1	100000	200000	4.0
JABSTQ010009083.1	200000	300000	2.0
JABSTQ010009083.1	300000	400000	2.0
JABSTQ010009083.1	400000	500000	1.0
JABSTQ010009083.1	500000	600000	1.0
JABSTQ010009083.1	600000	666001	1.0
JABSTQ010009084.1	200000	300000	1.0
JABSTQ010009084.1	400000	500000	1.0
JABSTQ010009084.1	600000	654603	1.0
JABSTQ010009085.1	200000	300000	1.0
JABSTQ010009085.1	300000	348316	1.0
JABSTQ010009086.1	100000	200000	3.0
JABSTQ010009086.1	200000	270557	3.0
JABSTQ010009087.1	0	100000	1.0
JABSTQ010009087.1	100000	200000	1.0
JABSTQ010009087.1	600000	700000	2.0
JABSTQ010009087.1	700000	800000	1.0
JABSTQ010009087.1	800000	900000	1.0
JABSTQ010009087.1	900000	1000000	8.0
JABSTQ010009087.1	1000000	1100000	6.0
JABSTQ010009087.1	1100000	1200000	2.0
JABSTQ010009087.1	1200000	1269083	2.0
JABSTQ010009088.1	0	100000	1.0
JABSTQ010009088.1	100000	200000	1.0
JABSTQ010009088.1	200000	300000	1.0
JABSTQ010009088.1	300000	400000	1.0
JABSTQ010009088.1	400000	500000	2.0
JABSTQ010009088.1	600000	700000	1.0
JABSTQ010009088.1	700000	800000	1.0
JABSTQ010009088.1	1000000	1082700	3.0
JABSTQ010009089.1	0	100000	1.0
JABSTQ010009089.1	100000	200000	1.0
JABSTQ010009089.1	200000	300000	2.0
JABSTQ010009089.1	300000	400000	2.0
JABSTQ010009089.1	400000	473526	2.0
JABSTQ010009090.1	0	100000	3.0
JABSTQ010009090.1	200000	272370	2.0
JABSTQ010009091.1	0	100000	1.0
JABSTQ010009091.1	100000	200000	2.0
JABSTQ010009091.1	300000	400000	2.0
JABSTQ010009091.1	400000	466649	1.0
JABSTQ010009092.1	0	100000	1.0
JABSTQ010009092.1	100000	200000	1.0
JABSTQ010009092.1	400000	500000	2.0
JABSTQ010009092.1	500000	600000	1.0
JABSTQ010009092.1	600000	700000	2.0
JABSTQ010009092.1	700000	800000	2.0
JABSTQ010009092.1	800000	900000	1.0
JABSTQ010009092.1	900000	909182	1.0
JABSTQ010009093.1	0	100000	1.0
JABSTQ010009093.1	100000	200000	1.0
JABSTQ010009093.1	200000	300000	1.0
JABSTQ010009093.1	300000	400000	1.0
JABSTQ010009093.1	400000	500000	2.0
JABSTQ010009093.1	500000	600000	1.0
JABSTQ010009093.1	600000	700000	1.0
JABSTQ010009093.1	700000	800000	1.0
JABSTQ010009093.1	900000	989920	3.0
JABSTQ010009094.1	0	100000	4.0
JABSTQ010009094.1	100000	200000	2.0
JABSTQ010009094.1	200000	300000	2.0
JABSTQ010009094.1	300000	400000	2.0
JABSTQ010009094.1	400000	500000	1.0
JABSTQ010009094.1	500000	537543	2.0
JABSTQ010009095.1	0	100000	1.0
JABSTQ010009095.1	100000	200000	1.0
JABSTQ010009095.1	200000	300000	1.0
JABSTQ010009095.1	300000	400000	1.0
JABSTQ010009095.1	400000	500000	1.0
JABSTQ010009095.1	500000	600000	2.0
JABSTQ010009095.1	1100000	1200000	2.0
JABSTQ010009095.1	1300000	1391032	2.0
JABSTQ010009096.1	0	100000	1.0
JABSTQ010009096.1	300000	382963	3.0
JABSTQ010009097.1	0	100000	2.0
JABSTQ010009097.1	100000	200000	1.0
JABSTQ010009097.1	200000	243575	2.0
JABSTQ010009098.1	0	100000	4.0
JABSTQ010009098.1	100000	200000	1.0
JABSTQ010009098.1	200000	300000	2.0
JABSTQ010009098.1	300000	351140	2.0
JABSTQ010009099.1	0	100000	2.0
JABSTQ010009099.1	200000	216157	1.0
JABSTQ010009100.1	0	100000	3.0
JABSTQ010009100.1	100000	200000	2.0
JABSTQ010009100.1	200000	300000	1.0
JABSTQ010009100.1	300000	334420	1.0
JABSTQ010009101.1	0	100000	2.0
JABSTQ010009101.1	100000	200000	1.0
JABSTQ010009101.1	200000	300000	2.0
JABSTQ010009101.1	300000	400000	4.0
JABSTQ010009101.1	400000	500000	1.0
JABSTQ010009101.1	600000	700000	2.0
JABSTQ010009102.1	0	100000	1.0
JABSTQ010009102.1	100000	200000	1.0
JABSTQ010009102.1	200000	300000	2.0
JABSTQ010009102.1	300000	400000	1.0
JABSTQ010009102.1	500000	600000	1.0
JABSTQ010009102.1	600000	700000	3.0
JABSTQ010009102.1	700000	743223	1.0
JABSTQ010009103.1	0	100000	8.0
JABSTQ010009103.1	100000	200000	2.0
JABSTQ010009103.1	200000	300000	4.0
JABSTQ010009103.1	300000	400000	1.0
JABSTQ010009103.1	400000	500000	1.0
JABSTQ010009103.1	600000	700000	1.0
JABSTQ010009103.1	700000	800000	1.0
JABSTQ010009103.1	800000	853945	1.0
JABSTQ010009104.1	0	100000	5.0
JABSTQ010009104.1	100000	177464	1.0
JABSTQ010009105.1	100000	200000	1.0
JABSTQ010009105.1	200000	300000	1.0
JABSTQ010009105.1	300000	400000	2.0
JABSTQ010009105.1	400000	500000	2.0
JABSTQ010009105.1	500000	600000	3.0
JABSTQ010009105.1	600000	613749	1.0
JABSTQ010009106.1	0	48678	4.0
JABSTQ010009107.1	100000	200000	1.0
JABSTQ010009107.1	200000	238231	1.0
JABSTQ010009108.1	100000	200000	2.0
JABSTQ010009108.1	200000	300000	1.0
JABSTQ010009108.1	300000	335798	2.0
JABSTQ010009109.1	0	100000	1.0
JABSTQ010009109.1	200000	300000	2.0
JABSTQ010009109.1	300000	400000	2.0
JABSTQ010009109.1	400000	500000	2.0
JABSTQ010009109.1	500000	600000	3.0
JABSTQ010009109.1	900000	1000000	1.0
JABSTQ010009109.1	1200000	1296479	1.0
JABSTQ010009110.1	0	100000	2.0
JABSTQ010009110.1	100000	200000	3.0
JABSTQ010009110.1	200000	300000	5.0
JABSTQ010009110.1	300000	320577	1.0
JABSTQ010009111.1	0	100000	2.0
JABSTQ010009111.1	100000	200000	2.0
JABSTQ010009111.1	300000	400000	2.0
JABSTQ010009111.1	400000	500000	2.0
JABSTQ010009111.1	500000	530436	4.0
JABSTQ010009112.1	0	100000	2.0
JABSTQ010009112.1	400000	500000	1.0
JABSTQ010009112.1	500000	600000	2.0
JABSTQ010009112.1	600000	700000	1.0
JABSTQ010009112.1	700000	800000	1.0
JABSTQ010009112.1	800000	900000	2.0
JABSTQ010009112.1	1000000	1100000	1.0
JABSTQ010009112.1	1100000	1200000	1.0
JABSTQ010009112.1	1200000	1300000	1.0
JABSTQ010009112.1	1300000	1400000	1.0
JABSTQ010009112.1	1400000	1474190	1.0
JABSTQ010009113.1	0	100000	1.0
JABSTQ010009113.1	100000	200000	4.0
JABSTQ010009113.1	200000	300000	1.0
JABSTQ010009113.1	300000	350238	1.0
JABSTQ010009114.1	0	100000	3.0
JABSTQ010009114.1	200000	300000	1.0
JABSTQ010009114.1	300000	400000	2.0
JABSTQ010009114.1	400000	500000	3.0
JABSTQ010009114.1	500000	600000	2.0
JABSTQ010009114.1	600000	700000	6.0
JABSTQ010009114.1	700000	739464	2.0
JABSTQ010009115.1	0	100000	3.0
JABSTQ010009115.1	100000	200000	1.0
JABSTQ010009115.1	200000	300000	2.0
JABSTQ010009115.1	300000	314574	1.0
JABSTQ010009116.1	0	100000	3.0
JABSTQ010009116.1	100000	200000	1.0
JABSTQ010009116.1	200000	300000	1.0
JABSTQ010009116.1	400000	472173	1.0
JABSTQ010009117.1	0	100000	2.0
JABSTQ010009117.1	300000	400000	6.0
JABSTQ010009117.1	400000	497745	2.0
JABSTQ010009118.1	0	100000	1.0
JABSTQ010009118.1	100000	200000	2.0
JABSTQ010009118.1	200000	300000	2.0
JABSTQ010009119.1	0	100000	3.0
JABSTQ010009119.1	300000	315503	1.0
JABSTQ010009120.1	0	100000	3.0
JABSTQ010009120.1	100000	200000	1.0
JABSTQ010009120.1	200000	300000	2.0
JABSTQ010009120.1	300000	374669	2.0
JABSTQ010009121.1	100000	200000	1.0
JABSTQ010009121.1	200000	300000	2.0
JABSTQ010009121.1	300000	400000	2.0
JABSTQ010009121.1	400000	500000	4.0
JABSTQ010009121.1	500000	600000	1.0
JABSTQ010009121.1	600000	700000	1.0
JABSTQ010009121.1	700000	800000	2.0
JABSTQ010009121.1	800000	900000	2.0
JABSTQ010009121.1	900000	1000000	4.0
JABSTQ010009121.1	1000000	1100000	1.0
JABSTQ010009122.1	0	100000	2.0
JABSTQ010009122.1	100000	200000	2.0
JABSTQ010009122.1	200000	221955	1.0
JABSTQ010009123.1	0	100000	2.0
JABSTQ010009123.1	100000	200000	1.0
JABSTQ010009123.1	200000	300000	1.0
JABSTQ010009123.1	300000	365999	1.0
JABSTQ010009124.1	0	100000	2.0
JABSTQ010009124.1	100000	200000	3.0
JABSTQ010009124.1	500000	600000	2.0
JABSTQ010009124.1	700000	800000	1.0
JABSTQ010009124.1	800000	900000	3.0
JABSTQ010009124.1	900000	1000000	3.0
JABSTQ010009124.1	1000000	1100000	2.0
JABSTQ010009124.1	1100000	1200000	3.0
JABSTQ010009124.1	1200000	1300000	1.0
JABSTQ010009124.1	1300000	1400000	1.0
JABSTQ010009124.1	1400000	1500000	2.0
JABSTQ010009124.1	1500000	1600000	3.0
JABSTQ010009124.1	1700000	1800000	1.0
JABSTQ010009125.1	0	100000	5.0
JABSTQ010009125.1	100000	140804	1.0
JABSTQ010009126.1	200000	300000	1.0
JABSTQ010009126.1	500000	600000	1.0
JABSTQ010009126.1	600000	700000	1.0
JABSTQ010009126.1	700000	800000	1.0
JABSTQ010009126.1	800000	900000	2.0
JABSTQ010009126.1	900000	1000000	1.0
JABSTQ010009126.1	1200000	1300000	1.0
JABSTQ010009126.1	1300000	1400000	2.0
JABSTQ010009126.1	1400000	1500000	3.0
JABSTQ010009126.1	1500000	1600000	1.0
JABSTQ010009126.1	1700000	1800000	5.0
JABSTQ010009126.1	1800000	1900000	4.0
JABSTQ010009126.1	1900000	2000000	5.0
JABSTQ010009126.1	2000000	2007534	1.0
JABSTQ010009127.1	0	100000	1.0
JABSTQ010009127.1	100000	200000	6.0
JABSTQ010009127.1	400000	500000	1.0
JABSTQ010009127.1	700000	800000	1.0
JABSTQ010009127.1	800000	861131	1.0
JABSTQ010009128.1	300000	349114	3.0
JABSTQ010009129.1	0	100000	5.0
JABSTQ010009129.1	200000	300000	2.0
JABSTQ010009129.1	300000	400000	3.0
JABSTQ010009129.1	400000	467606	2.0
JABSTQ010009130.1	100000	200000	1.0
JABSTQ010009130.1	200000	300000	2.0
JABSTQ010009130.1	300000	308044	1.0
JABSTQ010009131.1	100000	200000	1.0
JABSTQ010009131.1	200000	300000	1.0
JABSTQ010009131.1	300000	360525	1.0
JABSTQ010009132.1	0	100000	3.0
JABSTQ010009132.1	100000	193583	1.0
JABSTQ010009133.1	0	100000	1.0
JABSTQ010009133.1	100000	200000	2.0
JABSTQ010009133.1	200000	300000	1.0
JABSTQ010009133.1	400000	500000	1.0
JABSTQ010009133.1	500000	596086	1.0
JABSTQ010009134.1	0	100000	3.0
JABSTQ010009134.1	100000	200000	1.0
JABSTQ010009134.1	300000	400000	3.0
JABSTQ010009134.1	800000	900000	1.0
JABSTQ010009134.1	900000	1000000	1.0
JABSTQ010009134.1	1000000	1100000	1.0
JABSTQ010009134.1	1100000	1200000	1.0
JABSTQ010009134.1	1200000	1248595	3.0
JABSTQ010009135.1	100000	200000	2.0
JABSTQ010009135.1	300000	400000	2.0
JABSTQ010009135.1	400000	500000	1.0
JABSTQ010009135.1	800000	900000	1.0
JABSTQ010009135.1	900000	1000000	2.0
JABSTQ010009135.1	1300000	1400000	1.0
JABSTQ010009135.1	1400000	1500000	1.0
JABSTQ010009135.1	1500000	1559487	2.0
JABSTQ010009136.1	100000	200000	3.0
JABSTQ010009136.1	200000	300000	1.0
JABSTQ010009136.1	300000	400000	1.0
JABSTQ010009136.1	400000	500000	4.0
JABSTQ010009136.1	500000	600000	2.0
JABSTQ010009136.1	700000	800000	1.0
JABSTQ010009136.1	900000	1000000	1.0
JABSTQ010009136.1	1000000	1014930	1.0
JABSTQ010009137.1	0	100000	11.0
JABSTQ010009137.1	100000	200000	3.0
JABSTQ010009137.1	200000	300000	2.0
JABSTQ010009137.1	300000	382144	3.0
JABSTQ010009138.1	0	100000	1.0
JABSTQ010009138.1	100000	117321	2.0
JABSTQ010009139.1	0	100000	2.0
JABSTQ010009139.1	200000	300000	1.0
JABSTQ010009139.1	300000	400000	1.0
JABSTQ010009139.1	400000	454570	2.0
JABSTQ010009140.1	0	100000	1.0
JABSTQ010009140.1	100000	200000	1.0
JABSTQ010009140.1	200000	275218	3.0
JABSTQ010009141.1	500000	600000	2.0
JABSTQ010009141.1	600000	700000	1.0
JABSTQ010009141.1	800000	804104	1.0
JABSTQ010009142.1	0	100000	2.0
JABSTQ010009142.1	100000	200000	2.0
JABSTQ010009142.1	200000	300000	1.0
JABSTQ010009142.1	300000	400000	3.0
JABSTQ010009142.1	400000	500000	2.0
JABSTQ010009142.1	600000	700000	1.0
JABSTQ010009142.1	800000	900000	3.0
JABSTQ010009142.1	900000	1000000	1.0
JABSTQ010009142.1	1000000	1046809	1.0
JABSTQ010009143.1	0	100000	1.0
JABSTQ010009143.1	100000	200000	1.0
JABSTQ010009143.1	200000	300000	1.0
JABSTQ010009143.1	300000	363926	1.0
JABSTQ010009144.1	100000	200000	1.0
JABSTQ010009144.1	200000	300000	2.0
JABSTQ010009144.1	400000	500000	3.0
JABSTQ010009145.1	0	99182	2.0
JABSTQ010009146.1	0	100000	2.0
JABSTQ010009146.1	100000	200000	1.0
JABSTQ010009146.1	200000	300000	2.0
JABSTQ010009146.1	300000	400000	1.0
JABSTQ010009146.1	400000	500000	1.0
JABSTQ010009146.1	500000	600000	1.0
JABSTQ010009146.1	700000	752301	1.0
JABSTQ010009147.1	0	100000	1.0
JABSTQ010009147.1	600000	700000	3.0
JABSTQ010009147.1	800000	900000	3.0
JABSTQ010009147.1	900000	1000000	2.0
JABSTQ010009147.1	1200000	1300000	2.0
JABSTQ010009147.1	1300000	1400000	3.0
JABSTQ010009147.1	1400000	1443705	1.0
JABSTQ010009148.1	0	100000	2.0
JABSTQ010009148.1	100000	200000	2.0
JABSTQ010009148.1	200000	300000	2.0
JABSTQ010009148.1	300000	400000	3.0
JABSTQ010009148.1	400000	500000	2.0
JABSTQ010009148.1	700000	743664	1.0
JABSTQ010009149.1	0	100000	2.0
JABSTQ010009149.1	500000	600000	1.0
JABSTQ010009149.1	600000	649096	1.0
JABSTQ010009150.1	0	100000	1.0
JABSTQ010009150.1	200000	300000	1.0
JABSTQ010009150.1	400000	500000	2.0
JABSTQ010009150.1	500000	600000	1.0
JABSTQ010009150.1	600000	700000	1.0
JABSTQ010009150.1	700000	800000	2.0
JABSTQ010009150.1	900000	1000000	2.0
JABSTQ010009150.1	1000000	1057687	3.0
JABSTQ010009151.1	0	100000	2.0
JABSTQ010009151.1	100000	170056	1.0
JABSTQ010009152.1	200000	300000	1.0
JABSTQ010009152.1	300000	400000	1.0
JABSTQ010009152.1	700000	800000	1.0
JABSTQ010009152.1	800000	900000	1.0
JABSTQ010009152.1	900000	927639	1.0
JABSTQ010009153.1	100000	200000	4.0
JABSTQ010009153.1	200000	300000	2.0
JABSTQ010009153.1	300000	323428	1.0
JABSTQ010009154.1	0	100000	1.0
JABSTQ010009154.1	100000	200000	2.0
JABSTQ010009154.1	200000	244811	2.0
JABSTQ010009155.1	0	100000	1.0
JABSTQ010009155.1	200000	300000	1.0
JABSTQ010009155.1	300000	400000	1.0
JABSTQ010009155.1	400000	500000	3.0
JABSTQ010009155.1	500000	542494	3.0
JABSTQ010009156.1	0	100000	2.0
JABSTQ010009156.1	100000	200000	1.0
JABSTQ010009156.1	200000	300000	2.0
JABSTQ010009156.1	300000	400000	1.0
JABSTQ010009156.1	400000	500000	3.0
JABSTQ010009156.1	500000	600000	2.0
JABSTQ010009156.1	600000	700000	2.0
JABSTQ010009156.1	700000	781601	3.0
JABSTQ010009157.1	100000	200000	1.0
JABSTQ010009157.1	200000	300000	2.0
JABSTQ010009157.1	300000	400000	4.0
JABSTQ010009157.1	400000	500000	4.0
JABSTQ010009157.1	500000	600000	2.0
JABSTQ010009157.1	600000	663582	2.0
JABSTQ010009158.1	0	100000	1.0
JABSTQ010009158.1	100000	200000	2.0
JABSTQ010009158.1	200000	300000	1.0
JABSTQ010009158.1	300000	400000	2.0
JABSTQ010009158.1	400000	461147	1.0
JABSTQ010009159.1	0	100000	1.0
JABSTQ010009159.1	200000	300000	1.0
JABSTQ010009159.1	300000	398991	1.0
JABSTQ010009160.1	0	100000	2.0
JABSTQ010009160.1	100000	200000	2.0
JABSTQ010009160.1	300000	400000	1.0
JABSTQ010009160.1	400000	500000	2.0
JABSTQ010009160.1	500000	600000	2.0
JABSTQ010009160.1	1000000	1100000	1.0
JABSTQ010009160.1	1100000	1200000	1.0
JABSTQ010009160.1	1200000	1300000	1.0
JABSTQ010009160.1	1300000	1400000	2.0
JABSTQ010009160.1	1400000	1500000	1.0
JABSTQ010009160.1	1600000	1700000	4.0
JABSTQ010009160.1	1700000	1800000	4.0
JABSTQ010009160.1	1800000	1900000	1.0
JABSTQ010009160.1	1900000	2000000	3.0
JABSTQ010009160.1	2000000	2100000	3.0
JABSTQ010009160.1	2100000	2200000	4.0
JABSTQ010009160.1	2200000	2300000	1.0
JABSTQ010009160.1	2300000	2400000	3.0
JABSTQ010009160.1	2500000	2600000	1.0
JABSTQ010009160.1	2600000	2700000	2.0
JABSTQ010009160.1	2700000	2800000	1.0
JABSTQ010009160.1	2800000	2900000	4.0
JABSTQ010009160.1	2900000	2944751	2.0
JABSTQ010009161.1	0	100000	3.0
JABSTQ010009161.1	100000	200000	1.0
JABSTQ010009161.1	200000	300000	4.0
JABSTQ010009161.1	300000	400000	1.0
JABSTQ010009161.1	400000	500000	1.0
JABSTQ010009161.1	500000	600000	2.0
JABSTQ010009161.1	600000	666369	4.0
JABSTQ010009162.1	0	100000	1.0
JABSTQ010009162.1	100000	200000	1.0
JABSTQ010009162.1	200000	263061	2.0
JABSTQ010009163.1	0	100000	3.0
JABSTQ010009163.1	100000	200000	1.0
JABSTQ010009163.1	200000	300000	1.0
JABSTQ010009163.1	300000	400000	6.0
JABSTQ010009163.1	400000	500000	1.0
JABSTQ010009163.1	800000	900000	2.0
JABSTQ010009163.1	1100000	1200000	1.0
JABSTQ010009163.1	1200000	1287640	4.0
JABSTQ010009164.1	0	100000	2.0
JABSTQ010009164.1	100000	200000	2.0
JABSTQ010009164.1	200000	300000	1.0
JABSTQ010009164.1	300000	400000	3.0
JABSTQ010009164.1	400000	500000	3.0
JABSTQ010009164.1	600000	700000	2.0
JABSTQ010009165.1	0	100000	1.0
JABSTQ010009165.1	100000	200000	2.0
JABSTQ010009165.1	200000	300000	1.0
JABSTQ010009165.1	400000	500000	1.0
JABSTQ010009165.1	500000	600000	1.0
JABSTQ010009165.1	600000	700000	2.0
JABSTQ010009165.1	800000	841749	1.0
JABSTQ010009166.1	0	100000	1.0
JABSTQ010009166.1	200000	216434	2.0
JABSTQ010009167.1	0	100000	4.0
JABSTQ010009167.1	100000	200000	1.0
JABSTQ010009167.1	300000	400000	1.0
JABSTQ010009167.1	400000	500000	1.0
JABSTQ010009167.1	600000	700000	3.0
JABSTQ010009167.1	700000	800000	1.0
JABSTQ010009167.1	900000	1000000	2.0
JABSTQ010009167.1	1100000	1200000	1.0
JABSTQ010009167.1	1200000	1300000	3.0
JABSTQ010009167.1	1300000	1400000	3.0
JABSTQ010009167.1	1400000	1500000	3.0
JABSTQ010009167.1	1500000	1600000	2.0
JABSTQ010009167.1	1600000	1700000	3.0
JABSTQ010009167.1	1700000	1800000	1.0
JABSTQ010009167.1	1800000	1900000	5.0
JABSTQ010009167.1	1900000	1976557	3.0
JABSTQ010009168.1	0	100000	1.0
JABSTQ010009168.1	200000	300000	2.0
JABSTQ010009168.1	300000	400000	1.0
JABSTQ010009168.1	500000	600000	1.0
JABSTQ010009168.1	700000	800000	1.0
JABSTQ010009168.1	900000	1000000	2.0
JABSTQ010009169.1	0	100000	1.0
JABSTQ010009169.1	100000	200000	3.0
JABSTQ010009169.1	200000	300000	7.0
JABSTQ010009169.1	300000	400000	5.0
JABSTQ010009169.1	400000	500000	2.0
JABSTQ010009169.1	900000	1000000	2.0
JABSTQ010009169.1	1000000	1100000	1.0
JABSTQ010009169.1	1100000	1200000	2.0
JABSTQ010009169.1	1200000	1300000	1.0
JABSTQ010009169.1	1300000	1400000	2.0
JABSTQ010009169.1	1400000	1422548	1.0
JABSTQ010009170.1	0	100000	4.0
JABSTQ010009170.1	100000	200000	1.0
JABSTQ010009170.1	200000	300000	1.0
JABSTQ010009170.1	300000	400000	3.0
JABSTQ010009170.1	400000	451685	1.0
JABSTQ010009171.1	0	100000	3.0
JABSTQ010009171.1	100000	200000	2.0
JABSTQ010009171.1	200000	300000	2.0
JABSTQ010009171.1	300000	400000	3.0
JABSTQ010009171.1	500000	600000	2.0
JABSTQ010009172.1	100000	200000	1.0
JABSTQ010009172.1	200000	227816	1.0
JABSTQ010009173.1	0	100000	3.0
JABSTQ010009173.1	200000	300000	3.0
JABSTQ010009173.1	300000	377101	4.0
JABSTQ010009174.1	0	100000	3.0
JABSTQ010009174.1	100000	157154	1.0
JABSTQ010009175.1	0	100000	1.0
JABSTQ010009175.1	100000	200000	1.0
JABSTQ010009175.1	300000	400000	1.0
JABSTQ010009175.1	500000	534375	1.0
JABSTQ010009176.1	0	100000	6.0
JABSTQ010009176.1	100000	200000	4.0
JABSTQ010009176.1	300000	400000	1.0
JABSTQ010009176.1	400000	500000	3.0
JABSTQ010009176.1	500000	600000	3.0
JABSTQ010009176.1	600000	700000	1.0
JABSTQ010009176.1	700000	800000	3.0
JABSTQ010009176.1	800000	900000	1.0
JABSTQ010009176.1	1100000	1200000	1.0
JABSTQ010009176.1	1200000	1285117	2.0
JABSTQ010009177.1	0	100000	2.0
JABSTQ010009177.1	100000	200000	2.0
JABSTQ010009177.1	200000	300000	3.0
JABSTQ010009177.1	300000	400000	2.0
JABSTQ010009177.1	400000	500000	2.0
JABSTQ010009177.1	500000	527778	1.0
JABSTQ010009178.1	0	100000	2.0
JABSTQ010009178.1	100000	200000	2.0
JABSTQ010009178.1	200000	300000	4.0
JABSTQ010009178.1	400000	500000	1.0
JABSTQ010009178.1	600000	700000	1.0
JABSTQ010009178.1	900000	1000000	1.0
JABSTQ010009178.1	1000000	1100000	3.0
JABSTQ010009178.1	1100000	1200000	5.0
JABSTQ010009178.1	1200000	1238636	3.0
JABSTQ010009179.1	0	100000	1.0
JABSTQ010009179.1	200000	300000	1.0
JABSTQ010009179.1	300000	400000	1.0
JABSTQ010009179.1	600000	644937	2.0
JABSTQ010009180.1	0	100000	1.0
JABSTQ010009180.1	100000	200000	3.0
JABSTQ010009180.1	200000	300000	2.0
JABSTQ010009180.1	300000	400000	2.0
JABSTQ010009180.1	400000	450582	2.0
JABSTQ010009181.1	0	100000	1.0
JABSTQ010009181.1	100000	200000	3.0
JABSTQ010009181.1	300000	400000	2.0
JABSTQ010009181.1	400000	500000	1.0
JABSTQ010009181.1	600000	700000	6.0
JABSTQ010009181.1	700000	800000	1.0
JABSTQ010009181.1	800000	900000	2.0
JABSTQ010009181.1	900000	1000000	3.0
JABSTQ010009181.1	1000000	1100000	3.0
JABSTQ010009181.1	1100000	1200000	1.0
JABSTQ010009181.1	1200000	1300000	1.0
JABSTQ010009181.1	1300000	1400000	2.0
JABSTQ010009181.1	1400000	1500000	6.0
JABSTQ010009181.1	1500000	1600000	1.0
JABSTQ010009181.1	1600000	1700000	2.0
JABSTQ010009181.1	1700000	1789618	3.0
JABSTQ010009182.1	0	100000	1.0
JABSTQ010009182.1	100000	200000	1.0
JABSTQ010009182.1	200000	300000	1.0
JABSTQ010009182.1	700000	800000	2.0
JABSTQ010009182.1	1000000	1100000	1.0
JABSTQ010009182.1	1100000	1200000	2.0
JABSTQ010009182.1	1200000	1300000	1.0
JABSTQ010009182.1	1300000	1337365	1.0
JABSTQ010009183.1	0	100000	1.0
JABSTQ010009183.1	100000	200000	1.0
JABSTQ010009183.1	300000	400000	1.0
JABSTQ010009183.1	400000	500000	2.0
JABSTQ010009183.1	500000	600000	3.0
JABSTQ010009183.1	600000	700000	6.0
JABSTQ010009183.1	700000	800000	3.0
JABSTQ010009183.1	800000	900000	4.0
JABSTQ010009183.1	900000	1000000	10.0
JABSTQ010009183.1	1000000	1100000	7.0
JABSTQ010009183.1	1100000	1200000	7.0
JABSTQ010009183.1	1200000	1300000	5.0
JABSTQ010009183.1	1300000	1400000	2.0
JABSTQ010009183.1	1400000	1500000	4.0
JABSTQ010009183.1	1500000	1600000	4.0
JABSTQ010009183.1	1600000	1700000	3.0
JABSTQ010009183.1	1700000	1800000	2.0
JABSTQ010009183.1	1800000	1889292	1.0
JABSTQ010009184.1	0	100000	2.0
JABSTQ010009184.1	100000	200000	3.0
JABSTQ010009184.1	300000	368475	1.0
JABSTQ010009185.1	0	100000	3.0
JABSTQ010009185.1	100000	200000	2.0
JABSTQ010009185.1	200000	300000	1.0
JABSTQ010009185.1	300000	400000	2.0
JABSTQ010009185.1	400000	489603	2.0
JABSTQ010009186.1	0	100000	1.0
JABSTQ010009186.1	200000	300000	2.0
JABSTQ010009186.1	400000	500000	1.0
JABSTQ010009186.1	500000	544590	2.0
JABSTQ010009187.1	0	100000	1.0
JABSTQ010009187.1	100000	200000	2.0
JABSTQ010009187.1	200000	300000	2.0
JABSTQ010009187.1	300000	400000	1.0
JABSTQ010009187.1	400000	500000	4.0
JABSTQ010009187.1	500000	600000	3.0
JABSTQ010009187.1	700000	800000	2.0
JABSTQ010009187.1	800000	900000	1.0
JABSTQ010009187.1	900000	954939	1.0
JABSTQ010009188.1	0	100000	1.0
JABSTQ010009188.1	100000	200000	6.0
JABSTQ010009188.1	400000	500000	2.0
JABSTQ010009188.1	500000	600000	2.0
JABSTQ010009188.1	600000	689895	3.0
JABSTQ010009189.1	0	100000	5.0
JABSTQ010009189.1	100000	200000	6.0
JABSTQ010009189.1	200000	300000	1.0
JABSTQ010009189.1	400000	500000	5.0
JABSTQ010009189.1	600000	700000	2.0
JABSTQ010009189.1	800000	900000	3.0
JABSTQ010009189.1	900000	1000000	3.0
JABSTQ010009189.1	1000000	1100000	3.0
JABSTQ010009189.1	1100000	1117625	1.0
JABSTQ010009190.1	0	100000	2.0
JABSTQ010009190.1	100000	200000	3.0
JABSTQ010009190.1	200000	300000	2.0
JABSTQ010009190.1	300000	399044	2.0
JABSTQ010009191.1	0	100000	3.0
JABSTQ010009191.1	100000	200000	2.0
JABSTQ010009191.1	200000	277318	1.0
JABSTQ010009192.1	0	100000	1.0
JABSTQ010009192.1	200000	300000	4.0
JABSTQ010009192.1	300000	400000	1.0
JABSTQ010009192.1	400000	500000	6.0
JABSTQ010009192.1	500000	600000	1.0
JABSTQ010009192.1	600000	700000	4.0
JABSTQ010009192.1	800000	900000	1.0
JABSTQ010009192.1	900000	970039	1.0
JABSTQ010009193.1	0	100000	1.0
JABSTQ010009193.1	100000	200000	3.0
JABSTQ010009193.1	200000	300000	4.0
JABSTQ010009193.1	300000	400000	1.0
JABSTQ010009193.1	400000	500000	2.0
JABSTQ010009193.1	500000	600000	2.0
JABSTQ010009193.1	600000	649237	1.0
JABSTQ010009194.1	0	100000	1.0
JABSTQ010009194.1	300000	344668	1.0
JABSTQ010009195.1	100000	200000	2.0
JABSTQ010009195.1	200000	280540	2.0
JABSTQ010009196.1	0	100000	4.0
JABSTQ010009196.1	100000	200000	1.0
JABSTQ010009196.1	200000	211617	1.0
JABSTQ010009197.1	200000	300000	1.0
JABSTQ010009197.1	400000	500000	2.0
JABSTQ010009197.1	600000	606232	1.0
JABSTQ010009198.1	0	100000	2.0
JABSTQ010009198.1	200000	300000	1.0
JABSTQ010009198.1	300000	400000	1.0
JABSTQ010009198.1	900000	1000000	1.0
JABSTQ010009198.1	1100000	1200000	2.0
JABSTQ010009198.1	1200000	1300000	1.0
JABSTQ010009198.1	1400000	1500000	2.0
JABSTQ010009198.1	1500000	1600000	1.0
JABSTQ010009198.1	1600000	1637749	1.0
JABSTQ010009199.1	0	100000	1.0
JABSTQ010009199.1	100000	200000	3.0
JABSTQ010009199.1	300000	400000	1.0
JABSTQ010009199.1	600000	700000	1.0
JABSTQ010009199.1	700000	800000	1.0
JABSTQ010009199.1	800000	900000	2.0
JABSTQ010009199.1	900000	1000000	2.0
JABSTQ010009199.1	1000000	1100000	3.0
JABSTQ010009199.1	1100000	1200000	3.0
JABSTQ010009199.1	1200000	1239426	1.0
JABSTQ010009200.1	0	100000	1.0
JABSTQ010009200.1	200000	300000	1.0
JABSTQ010009200.1	300000	400000	1.0
JABSTQ010009200.1	400000	500000	1.0
JABSTQ010009200.1	500000	600000	5.0
JABSTQ010009200.1	600000	627721	2.0
JABSTQ010009201.1	100000	152803	1.0
JABSTQ010009202.1	100000	200000	4.0
JABSTQ010009202.1	300000	360576	1.0
JABSTQ010009203.1	0	100000	2.0
JABSTQ010009203.1	100000	200000	1.0
JABSTQ010009203.1	300000	400000	2.0
JABSTQ010009203.1	400000	475844	1.0
JABSTQ010009204.1	0	100000	5.0
JABSTQ010009204.1	100000	200000	3.0
JABSTQ010009204.1	200000	300000	1.0
JABSTQ010009204.1	300000	400000	3.0
JABSTQ010009204.1	400000	500000	3.0
JABSTQ010009204.1	500000	518571	1.0
JABSTQ010009205.1	0	100000	2.0
JABSTQ010009205.1	200000	300000	2.0
JABSTQ010009205.1	300000	400000	1.0
JABSTQ010009205.1	400000	500000	1.0
JABSTQ010009205.1	500000	600000	2.0
JABSTQ010009205.1	600000	700000	2.0
JABSTQ010009205.1	700000	800000	2.0
JABSTQ010009205.1	800000	885717	1.0
JABSTQ010009206.1	0	100000	2.0
JABSTQ010009206.1	100000	200000	2.0
JABSTQ010009206.1	200000	300000	2.0
JABSTQ010009206.1	300000	400000	3.0
JABSTQ010009206.1	400000	468545	3.0
JABSTQ010009207.1	0	100000	3.0
JABSTQ010009207.1	100000	163540	2.0
JABSTQ010009208.1	100000	200000	1.0
JABSTQ010009208.1	400000	500000	1.0
JABSTQ010009208.1	500000	600000	1.0
JABSTQ010009208.1	600000	700000	1.0
JABSTQ010009208.1	700000	800000	2.0
JABSTQ010009208.1	800000	900000	1.0
JABSTQ010009208.1	1000000	1100000	1.0
JABSTQ010009208.1	1100000	1200000	2.0
JABSTQ010009208.1	1300000	1400000	5.0
JABSTQ010009208.1	1400000	1500000	3.0
JABSTQ010009208.1	1500000	1600000	3.0
JABSTQ010009208.1	1600000	1700000	3.0
JABSTQ010009208.1	2000000	2100000	1.0
JABSTQ010009208.1	2100000	2200000	3.0
JABSTQ010009208.1	2200000	2300000	2.0
JABSTQ010009208.1	2300000	2400000	4.0
JABSTQ010009208.1	2400000	2439951	1.0
JABSTQ010009209.1	100000	200000	3.0
JABSTQ010009209.1	200000	300000	2.0
JABSTQ010009209.1	300000	400000	3.0
JABSTQ010009209.1	400000	431198	1.0
JABSTQ010009210.1	0	100000	3.0
JABSTQ010009210.1	100000	200000	1.0
JABSTQ010009210.1	200000	270811	2.0
JABSTQ010009211.1	0	100000	3.0
JABSTQ010009211.1	200000	300000	2.0
JABSTQ010009211.1	300000	400000	1.0
JABSTQ010009212.1	0	100000	5.0
JABSTQ010009212.1	100000	200000	3.0
JABSTQ010009212.1	400000	500000	1.0
JABSTQ010009212.1	500000	600000	2.0
JABSTQ010009212.1	600000	700000	2.0
JABSTQ010009212.1	700000	800000	5.0
JABSTQ010009212.1	800000	900000	3.0
JABSTQ010009212.1	900000	1000000	4.0
JABSTQ010009212.1	1000000	1100000	2.0
JABSTQ010009212.1	1100000	1200000	5.0
JABSTQ010009212.1	1200000	1272033	4.0
JABSTQ010009213.1	100000	200000	1.0
JABSTQ010009213.1	200000	300000	1.0
JABSTQ010009213.1	300000	400000	1.0
JABSTQ010009213.1	400000	500000	2.0
JABSTQ010009213.1	600000	700000	1.0
JABSTQ010009213.1	800000	900000	1.0
JABSTQ010009213.1	900000	910544	1.0
JABSTQ010009214.1	0	100000	3.0
JABSTQ010009214.1	100000	200000	3.0
JABSTQ010009214.1	200000	294963	4.0
JABSTQ010009215.1	0	100000	4.0
JABSTQ010009215.1	100000	200000	5.0
JABSTQ010009215.1	200000	300000	3.0
JABSTQ010009215.1	300000	400000	3.0
JABSTQ010009215.1	400000	427548	1.0
JABSTQ010009216.1	0	100000	6.0
JABSTQ010009216.1	200000	300000	3.0
JABSTQ010009216.1	400000	450193	1.0
JABSTQ010009217.1	0	100000	2.0
JABSTQ010009217.1	100000	200000	1.0
JABSTQ010009217.1	200000	300000	4.0
JABSTQ010009217.1	300000	395911	6.0
JABSTQ010009218.1	100000	200000	1.0
JABSTQ010009218.1	200000	300000	1.0
JABSTQ010009218.1	300000	400000	2.0
JABSTQ010009218.1	400000	500000	1.0
JABSTQ010009218.1	500000	600000	1.0
JABSTQ010009218.1	600000	700000	1.0
JABSTQ010009218.1	700000	800000	3.0
JABSTQ010009218.1	800000	900000	6.0
JABSTQ010009218.1	1100000	1127732	4.0
JABSTQ010009219.1	0	100000	3.0
JABSTQ010009219.1	100000	200000	3.0
JABSTQ010009219.1	200000	300000	1.0
JABSTQ010009219.1	300000	400000	1.0
JABSTQ010009219.1	400000	500000	5.0
JABSTQ010009220.1	0	100000	2.0
JABSTQ010009220.1	100000	200000	3.0
JABSTQ010009220.1	200000	300000	2.0
JABSTQ010009220.1	300000	400000	1.0
JABSTQ010009220.1	500000	600000	1.0
JABSTQ010009220.1	600000	700000	2.0
JABSTQ010009220.1	700000	800000	1.0
JABSTQ010009220.1	800000	900000	1.0
JABSTQ010009221.1	100000	200000	1.0
JABSTQ010009221.1	200000	300000	1.0
JABSTQ010009221.1	300000	400000	1.0
JABSTQ010009221.1	400000	500000	1.0
JABSTQ010009221.1	500000	600000	2.0
JABSTQ010009221.1	600000	700000	1.0
JABSTQ010009221.1	700000	800000	2.0
JABSTQ010009221.1	800000	900000	2.0
JABSTQ010009221.1	900000	1000000	1.0
JABSTQ010009221.1	1100000	1200000	2.0
JABSTQ010009221.1	1300000	1399393	3.0
JABSTQ010009222.1	0	100000	2.0
JABSTQ010009222.1	100000	200000	2.0
JABSTQ010009222.1	200000	300000	2.0
JABSTQ010009222.1	300000	342009	2.0
JABSTQ010009223.1	0	100000	2.0
JABSTQ010009223.1	100000	200000	2.0
JABSTQ010009223.1	200000	300000	1.0
JABSTQ010009223.1	300000	400000	1.0
JABSTQ010009223.1	600000	620576	1.0
JABSTQ010009224.1	0	100000	3.0
JABSTQ010009224.1	100000	200000	3.0
JABSTQ010009224.1	200000	277555	3.0
JABSTQ010009225.1	0	100000	1.0
JABSTQ010009225.1	200000	300000	1.0
JABSTQ010009225.1	500000	592513	3.0
JABSTQ010009226.1	0	100000	4.0
JABSTQ010009226.1	100000	200000	4.0
JABSTQ010009226.1	200000	300000	4.0
JABSTQ010009226.1	300000	312619	2.0
JABSTQ010009227.1	0	100000	2.0
JABSTQ010009227.1	100000	169729	1.0
JABSTQ010009228.1	0	100000	2.0
JABSTQ010009228.1	100000	134528	3.0
JABSTQ010009229.1	0	100000	2.0
JABSTQ010009229.1	100000	200000	1.0
JABSTQ010009229.1	400000	457976	1.0
JABSTQ010009230.1	0	100000	1.0
JABSTQ010009230.1	100000	200000	1.0
JABSTQ010009230.1	300000	384832	1.0
JABSTQ010009231.1	0	100000	2.0
JABSTQ010009231.1	300000	400000	3.0
JABSTQ010009231.1	400000	458676	1.0
JABSTQ010009232.1	0	100000	7.0
JABSTQ010009232.1	100000	200000	2.0
JABSTQ010009232.1	200000	260156	2.0
JABSTQ010009233.1	0	100000	1.0
JABSTQ010009233.1	200000	300000	2.0
JABSTQ010009233.1	300000	327221	1.0
JABSTQ010009234.1	0	100000	1.0
JABSTQ010009234.1	100000	200000	1.0
JABSTQ010009234.1	400000	500000	1.0
JABSTQ010009234.1	500000	600000	3.0
JABSTQ010009234.1	600000	612537	1.0
JABSTQ010009235.1	0	100000	3.0
JABSTQ010009235.1	100000	200000	2.0
JABSTQ010009235.1	200000	214633	1.0
JABSTQ010009236.1	0	100000	1.0
JABSTQ010009236.1	200000	300000	1.0
JABSTQ010009236.1	300000	400000	1.0
JABSTQ010009236.1	400000	500000	1.0
JABSTQ010009236.1	700000	800000	1.0
JABSTQ010009236.1	1000000	1100000	2.0
JABSTQ010009236.1	1200000	1300000	2.0
JABSTQ010009236.1	1300000	1400000	6.0
JABSTQ010009236.1	1400000	1500000	2.0
JABSTQ010009236.1	1500000	1600000	2.0
JABSTQ010009236.1	1600000	1629347	2.0
JABSTQ010009237.1	0	100000	2.0
JABSTQ010009237.1	100000	200000	1.0
JABSTQ010009237.1	200000	300000	1.0
JABSTQ010009237.1	300000	400000	2.0
JABSTQ010009237.1	400000	500000	2.0
JABSTQ010009237.1	500000	600000	1.0
JABSTQ010009237.1	600000	700000	2.0
JABSTQ010009237.1	700000	800000	3.0
JABSTQ010009237.1	800000	900000	1.0
JABSTQ010009237.1	900000	1000000	1.0
JABSTQ010009237.1	1200000	1216475	1.0
JABSTQ010009238.1	0	100000	1.0
JABSTQ010009238.1	100000	200000	2.0
JABSTQ010009238.1	200000	300000	2.0
JABSTQ010009238.1	300000	400000	1.0
JABSTQ010009238.1	400000	500000	1.0
JABSTQ010009238.1	500000	600000	7.0
JABSTQ010009238.1	600000	612401	1.0
JABSTQ010009239.1	0	100000	2.0
JABSTQ010009239.1	100000	200000	3.0
JABSTQ010009239.1	200000	249036	3.0
JABSTQ010009240.1	0	100000	2.0
JABSTQ010009240.1	100000	200000	1.0
JABSTQ010009240.1	200000	300000	1.0
JABSTQ010009240.1	300000	400000	1.0
JABSTQ010009240.1	700000	800000	2.0
JABSTQ010009240.1	800000	883275	1.0
JABSTQ010009241.1	0	100000	1.0
JABSTQ010009241.1	200000	300000	1.0
JABSTQ010009241.1	300000	400000	3.0
JABSTQ010009241.1	500000	600000	1.0
JABSTQ010009241.1	900000	976739	2.0
JABSTQ010009242.1	0	100000	2.0
JABSTQ010009242.1	200000	300000	1.0
JABSTQ010009242.1	300000	400000	2.0
JABSTQ010009242.1	400000	500000	3.0
JABSTQ010009242.1	500000	526278	2.0
JABSTQ010009243.1	0	100000	2.0
JABSTQ010009243.1	100000	200000	4.0
JABSTQ010009243.1	200000	300000	3.0
JABSTQ010009243.1	800000	900000	2.0
JABSTQ010009243.1	900000	1000000	2.0
JABSTQ010009243.1	1000000	1024373	1.0
JABSTQ010009244.1	0	100000	1.0
JABSTQ010009244.1	100000	200000	3.0
JABSTQ010009244.1	200000	300000	1.0
JABSTQ010009244.1	300000	400000	2.0
JABSTQ010009244.1	400000	500000	2.0
JABSTQ010009245.1	100000	200000	2.0
JABSTQ010009245.1	200000	221762	3.0
JABSTQ010009246.1	0	100000	1.0
JABSTQ010009246.1	100000	200000	2.0
JABSTQ010009246.1	200000	300000	3.0
JABSTQ010009246.1	300000	400000	1.0
JABSTQ010009246.1	400000	500000	1.0
JABSTQ010009246.1	500000	600000	3.0
JABSTQ010009246.1	600000	661868	5.0
JABSTQ010009247.1	0	100000	2.0
JABSTQ010009247.1	100000	200000	1.0
JABSTQ010009247.1	300000	400000	1.0
JABSTQ010009247.1	400000	500000	3.0
JABSTQ010009247.1	500000	514637	1.0
JABSTQ010009248.1	200000	300000	1.0
JABSTQ010009248.1	300000	400000	1.0
JABSTQ010009248.1	400000	500000	1.0
JABSTQ010009248.1	500000	567440	1.0
JABSTQ010009249.1	100000	200000	3.0
JABSTQ010009249.1	200000	275062	3.0
JABSTQ010009250.1	0	100000	4.0
JABSTQ010009250.1	100000	200000	2.0
JABSTQ010009250.1	200000	300000	1.0
JABSTQ010009250.1	300000	348312	2.0
JABSTQ010009251.1	0	100000	3.0
JABSTQ010009251.1	100000	200000	2.0
JABSTQ010009251.1	200000	300000	3.0
JABSTQ010009251.1	300000	400000	3.0
JABSTQ010009251.1	400000	500000	3.0
JABSTQ010009251.1	500000	600000	1.0
JABSTQ010009251.1	600000	611429	1.0
JABSTQ010009252.1	0	100000	4.0
JABSTQ010009252.1	100000	200000	2.0
JABSTQ010009252.1	200000	300000	4.0
JABSTQ010009252.1	300000	363534	8.0
JABSTQ010009253.1	100000	200000	2.0
JABSTQ010009253.1	200000	205167	1.0
JABSTQ010009254.1	200000	300000	3.0
JABSTQ010009254.1	300000	400000	3.0
JABSTQ010009254.1	400000	500000	4.0
JABSTQ010009256.1	0	100000	2.0
JABSTQ010009256.1	100000	196165	3.0
JABSTQ010009257.1	0	100000	1.0
JABSTQ010009257.1	100000	168029	1.0
JABSTQ010009258.1	0	100000	1.0
JABSTQ010009258.1	100000	200000	4.0
JABSTQ010009258.1	200000	300000	1.0
JABSTQ010009258.1	300000	320351	1.0
JABSTQ010009259.1	0	100000	1.0
JABSTQ010009259.1	100000	200000	2.0
JABSTQ010009259.1	200000	300000	2.0
JABSTQ010009259.1	300000	400000	2.0
JABSTQ010009259.1	400000	500000	1.0
JABSTQ010009259.1	500000	600000	2.0
JABSTQ010009259.1	600000	700000	3.0
JABSTQ010009259.1	700000	800000	2.0
JABSTQ010009259.1	800000	900000	3.0
JABSTQ010009259.1	900000	1000000	4.0
JABSTQ010009259.1	1000000	1100000	3.0
JABSTQ010009259.1	1100000	1200000	1.0
JABSTQ010009259.1	1200000	1282906	3.0
JABSTQ010009260.1	100000	200000	2.0
JABSTQ010009260.1	200000	263028	3.0
JABSTQ010009261.1	0	100000	2.0
JABSTQ010009261.1	100000	200000	1.0
JABSTQ010009261.1	200000	300000	1.0
JABSTQ010009261.1	300000	352197	1.0
JABSTQ010009262.1	0	100000	3.0
JABSTQ010009262.1	200000	300000	1.0
JABSTQ010009262.1	300000	400000	1.0
JABSTQ010009262.1	400000	500000	1.0
JABSTQ010009262.1	500000	558366	1.0
JABSTQ010009263.1	0	100000	2.0
JABSTQ010009263.1	100000	200000	2.0
JABSTQ010009263.1	200000	264360	1.0
JABSTQ010009264.1	200000	300000	1.0
JABSTQ010009264.1	300000	396184	1.0
JABSTQ010009265.1	0	100000	1.0
JABSTQ010009265.1	100000	200000	1.0
JABSTQ010009265.1	200000	300000	2.0
JABSTQ010009265.1	300000	400000	1.0
JABSTQ010009265.1	400000	500000	1.0
JABSTQ010009265.1	600000	700000	1.0
JABSTQ010009265.1	700000	800000	3.0
JABSTQ010009265.1	800000	855528	4.0
JABSTQ010009266.1	0	100000	2.0
JABSTQ010009266.1	100000	200000	3.0
JABSTQ010009266.1	200000	234244	1.0
JABSTQ010009267.1	0	100000	2.0
JABSTQ010009267.1	100000	200000	5.0
JABSTQ010009267.1	200000	286942	5.0
JABSTQ010009268.1	0	100000	1.0
JABSTQ010009268.1	100000	200000	2.0
JABSTQ010009268.1	200000	300000	1.0
JABSTQ010009268.1	300000	400000	1.0
JABSTQ010009268.1	400000	500000	1.0
JABSTQ010009268.1	500000	600000	1.0
JABSTQ010009268.1	600000	700000	2.0
JABSTQ010009268.1	700000	800000	1.0
JABSTQ010009268.1	800000	809468	3.0
JABSTQ010009269.1	100000	200000	1.0
JABSTQ010009269.1	200000	300000	2.0
JABSTQ010009269.1	300000	400000	3.0
JABSTQ010009269.1	400000	479808	2.0
JABSTQ010009270.1	100000	200000	2.0
JABSTQ010009270.1	300000	372734	3.0
JABSTQ010009271.1	100000	200000	2.0
JABSTQ010009271.1	200000	252158	3.0
JABSTQ010009272.1	100000	200000	3.0
JABSTQ010009272.1	200000	300000	2.0
JABSTQ010009272.1	300000	350287	2.0
JABSTQ010009273.1	0	100000	1.0
JABSTQ010009273.1	100000	200000	2.0
JABSTQ010009273.1	200000	300000	1.0
JABSTQ010009273.1	400000	435072	1.0
JABSTQ010009274.1	0	100000	1.0
JABSTQ010009274.1	100000	200000	3.0
JABSTQ010009274.1	200000	300000	2.0
JABSTQ010009274.1	300000	400000	1.0
JABSTQ010009274.1	600000	697799	1.0
JABSTQ010009275.1	100000	200000	1.0
JABSTQ010009275.1	200000	300000	4.0
JABSTQ010009275.1	300000	400000	1.0
JABSTQ010009275.1	400000	500000	2.0
JABSTQ010009275.1	500000	600000	3.0
JABSTQ010009275.1	600000	700000	1.0
JABSTQ010009275.1	700000	800000	1.0
JABSTQ010009275.1	900000	930847	3.0
JABSTQ010009276.1	0	100000	4.0
JABSTQ010009276.1	100000	200000	3.0
JABSTQ010009276.1	200000	300000	4.0
JABSTQ010009276.1	300000	400000	2.0
JABSTQ010009276.1	400000	405365	1.0
JABSTQ010009277.1	0	100000	3.0
JABSTQ010009277.1	200000	300000	3.0
JABSTQ010009277.1	300000	400000	4.0
JABSTQ010009277.1	400000	444848	2.0
JABSTQ010009278.1	300000	373684	4.0
JABSTQ010009279.1	0	100000	2.0
JABSTQ010009279.1	100000	200000	1.0
JABSTQ010009279.1	200000	300000	1.0
JABSTQ010009279.1	300000	400000	4.0
JABSTQ010009279.1	400000	500000	2.0
JABSTQ010009279.1	800000	900000	1.0
JABSTQ010009279.1	900000	940457	1.0
JABSTQ010009280.1	100000	200000	1.0
JABSTQ010009280.1	200000	300000	3.0
JABSTQ010009280.1	400000	458132	1.0
JABSTQ010009281.1	0	100000	5.0
JABSTQ010009281.1	300000	397648	1.0
JABSTQ010009282.1	0	100000	2.0
JABSTQ010009282.1	100000	200000	1.0
JABSTQ010009282.1	200000	300000	2.0
JABSTQ010009282.1	300000	400000	2.0
JABSTQ010009282.1	400000	500000	4.0
JABSTQ010009282.1	500000	600000	3.0
JABSTQ010009282.1	600000	700000	1.0
JABSTQ010009282.1	700000	800000	1.0
JABSTQ010009282.1	800000	900000	3.0
JABSTQ010009282.1	900000	1000000	5.0
JABSTQ010009282.1	1000000	1083325	4.0
JABSTQ010009283.1	0	100000	1.0
JABSTQ010009283.1	100000	183952	1.0
JABSTQ010009284.1	0	100000	2.0
JABSTQ010009284.1	100000	200000	1.0
JABSTQ010009284.1	200000	300000	1.0
JABSTQ010009284.1	300000	400000	2.0
JABSTQ010009284.1	400000	468546	3.0
JABSTQ010009285.1	0	100000	2.0
JABSTQ010009285.1	100000	200000	3.0
JABSTQ010009285.1	200000	300000	1.0
JABSTQ010009285.1	300000	400000	1.0
JABSTQ010009285.1	400000	470539	3.0
JABSTQ010009286.1	0	100000	1.0
JABSTQ010009286.1	100000	196681	2.0
JABSTQ010009287.1	0	100000	2.0
JABSTQ010009287.1	100000	200000	1.0
JABSTQ010009287.1	200000	226004	1.0
JABSTQ010009288.1	0	100000	1.0
JABSTQ010009288.1	400000	500000	3.0
JABSTQ010009288.1	500000	600000	1.0
JABSTQ010009288.1	600000	700000	2.0
JABSTQ010009288.1	900000	1000000	1.0
JABSTQ010009288.1	1100000	1200000	1.0
JABSTQ010009288.1	1300000	1400000	1.0
JABSTQ010009288.1	1400000	1500000	1.0
JABSTQ010009288.1	1500000	1600000	1.0
JABSTQ010009288.1	1800000	1900000	1.0
JABSTQ010009288.1	1900000	2000000	2.0
JABSTQ010009288.1	2100000	2167393	1.0
JABSTQ010009289.1	0	100000	1.0
JABSTQ010009289.1	100000	200000	3.0
JABSTQ010009289.1	200000	300000	2.0
JABSTQ010009289.1	300000	400000	3.0
JABSTQ010009289.1	400000	500000	3.0
JABSTQ010009289.1	500000	540939	1.0
JABSTQ010009290.1	100000	200000	1.0
JABSTQ010009290.1	400000	500000	1.0
JABSTQ010009290.1	500000	553615	1.0
JABSTQ010009291.1	0	100000	2.0
JABSTQ010009291.1	100000	200000	3.0
JABSTQ010009291.1	200000	210355	1.0
JABSTQ010009292.1	0	100000	1.0
JABSTQ010009292.1	100000	200000	2.0
JABSTQ010009292.1	200000	300000	4.0
JABSTQ010009292.1	300000	400000	3.0
JABSTQ010009292.1	400000	427684	1.0
JABSTQ010009293.1	0	100000	2.0
JABSTQ010009293.1	200000	300000	1.0
JABSTQ010009293.1	500000	600000	1.0
JABSTQ010009293.1	600000	700000	1.0
JABSTQ010009293.1	700000	800000	1.0
JABSTQ010009293.1	1000000	1100000	1.0
JABSTQ010009293.1	1200000	1212104	1.0
JABSTQ010009294.1	0	100000	1.0
JABSTQ010009294.1	100000	200000	1.0
JABSTQ010009294.1	200000	300000	1.0
JABSTQ010009294.1	300000	400000	3.0
JABSTQ010009294.1	400000	500000	3.0
JABSTQ010009294.1	500000	531461	1.0
JABSTQ010009295.1	0	100000	2.0
JABSTQ010009295.1	100000	200000	1.0
JABSTQ010009295.1	300000	400000	3.0
JABSTQ010009295.1	400000	463641	1.0
JABSTQ010009296.1	0	100000	1.0
JABSTQ010009296.1	100000	200000	1.0
JABSTQ010009296.1	200000	276370	2.0
JABSTQ010009297.1	200000	300000	3.0
JABSTQ010009297.1	300000	332966	2.0
JABSTQ010009298.1	0	100000	4.0
JABSTQ010009298.1	100000	200000	2.0
JABSTQ010009298.1	200000	300000	2.0
JABSTQ010009298.1	400000	500000	2.0
JABSTQ010009299.1	0	100000	1.0
JABSTQ010009299.1	100000	200000	7.0
JABSTQ010009299.1	200000	300000	1.0
JABSTQ010009299.1	400000	500000	1.0
JABSTQ010009299.1	600000	700000	1.0
JABSTQ010009299.1	700000	800000	2.0
JABSTQ010009299.1	800000	900000	1.0
JABSTQ010009299.1	900000	1000000	1.0
JABSTQ010009299.1	1100000	1200000	1.0
JABSTQ010009299.1	1200000	1300000	3.0
JABSTQ010009299.1	1300000	1400000	1.0
JABSTQ010009299.1	1400000	1444536	1.0
JABSTQ010009300.1	0	100000	2.0
JABSTQ010009300.1	100000	200000	1.0
JABSTQ010009300.1	200000	300000	4.0
JABSTQ010009300.1	300000	400000	1.0
JABSTQ010009300.1	400000	500000	2.0
JABSTQ010009300.1	600000	690184	1.0
JABSTQ010009301.1	0	100000	1.0
JABSTQ010009301.1	100000	200000	2.0
JABSTQ010009301.1	200000	269225	2.0
JABSTQ010009302.1	0	100000	4.0
JABSTQ010009302.1	100000	200000	3.0
JABSTQ010009302.1	200000	300000	2.0
JABSTQ010009302.1	300000	395307	2.0
JABSTQ010009303.1	100000	200000	3.0
JABSTQ010009303.1	200000	300000	2.0
JABSTQ010009303.1	300000	400000	1.0
JABSTQ010009303.1	400000	416068	1.0
JABSTQ010009304.1	0	100000	2.0
JABSTQ010009304.1	100000	200000	2.0
JABSTQ010009304.1	200000	300000	1.0
JABSTQ010009304.1	300000	400000	1.0
JABSTQ010009304.1	400000	500000	2.0
JABSTQ010009304.1	500000	600000	4.0
JABSTQ010009304.1	700000	800000	1.0
JABSTQ010009304.1	900000	1000000	3.0
JABSTQ010009304.1	1000000	1100000	5.0
JABSTQ010009304.1	1100000	1200000	1.0
JABSTQ010009304.1	1200000	1300000	2.0
JABSTQ010009304.1	1300000	1400000	3.0
JABSTQ010009304.1	1700000	1800000	1.0
JABSTQ010009304.1	2000000	2100000	1.0
JABSTQ010009304.1	2100000	2200000	4.0
JABSTQ010009304.1	2200000	2264043	3.0
JABSTQ010009305.1	0	100000	1.0
JABSTQ010009305.1	100000	200000	2.0
JABSTQ010009306.1	0	100000	4.0
JABSTQ010009306.1	100000	136193	1.0
JABSTQ010009307.1	100000	200000	1.0
JABSTQ010009307.1	200000	300000	1.0
JABSTQ010009307.1	300000	400000	2.0
JABSTQ010009307.1	400000	500000	1.0
JABSTQ010009307.1	500000	592166	1.0
JABSTQ010009308.1	0	100000	1.0
JABSTQ010009308.1	100000	200000	3.0
JABSTQ010009308.1	200000	210339	1.0
JABSTQ010009309.1	0	100000	3.0
JABSTQ010009309.1	100000	200000	2.0
JABSTQ010009309.1	200000	287197	3.0
JABSTQ010009310.1	0	100000	2.0
JABSTQ010009310.1	100000	200000	2.0
JABSTQ010009310.1	200000	300000	1.0
JABSTQ010009310.1	300000	400000	2.0
JABSTQ010009310.1	400000	500000	1.0
JABSTQ010009310.1	900000	1000000	2.0
JABSTQ010009310.1	1000000	1045240	2.0
JABSTQ010009311.1	100000	200000	2.0
JABSTQ010009311.1	300000	400000	1.0
JABSTQ010009311.1	500000	600000	1.0
JABSTQ010009311.1	800000	817952	1.0
JABSTQ010009312.1	0	100000	2.0
JABSTQ010009312.1	200000	242439	1.0
JABSTQ010009314.1	0	100000	3.0
JABSTQ010009314.1	100000	200000	2.0
JABSTQ010009314.1	200000	300000	2.0
JABSTQ010009314.1	300000	400000	4.0
JABSTQ010009314.1	400000	500000	1.0
JABSTQ010009314.1	500000	600000	1.0
JABSTQ010009314.1	600000	700000	1.0
JABSTQ010009315.1	0	100000	1.0
JABSTQ010009315.1	100000	200000	3.0
JABSTQ010009315.1	200000	296235	3.0
JABSTQ010009316.1	0	96673	1.0
JABSTQ010009317.1	0	100000	3.0
JABSTQ010009317.1	200000	300000	4.0
JABSTQ010009317.1	300000	390156	2.0
JABSTQ010009318.1	0	100000	2.0
JABSTQ010009318.1	100000	200000	1.0
JABSTQ010009318.1	200000	300000	2.0
JABSTQ010009318.1	300000	400000	2.0
JABSTQ010009318.1	400000	500000	3.0
JABSTQ010009318.1	500000	600000	4.0
JABSTQ010009318.1	600000	700000	1.0
JABSTQ010009318.1	700000	800000	1.0
JABSTQ010009318.1	800000	900000	2.0
JABSTQ010009318.1	900000	1000000	1.0
JABSTQ010009318.1	1300000	1400000	3.0
JABSTQ010009318.1	1500000	1600000	1.0
JABSTQ010009319.1	0	100000	1.0
JABSTQ010009319.1	100000	200000	1.0
JABSTQ010009319.1	200000	300000	2.0
JABSTQ010009319.1	300000	400000	1.0
JABSTQ010009319.1	500000	600000	3.0
JABSTQ010009319.1	700000	724868	1.0
JABSTQ010009320.1	0	100000	1.0
JABSTQ010009320.1	200000	300000	1.0
JABSTQ010009320.1	400000	500000	1.0
JABSTQ010009320.1	500000	600000	2.0
JABSTQ010009320.1	600000	700000	4.0
JABSTQ010009320.1	800000	900000	2.0
JABSTQ010009320.1	900000	1000000	2.0
JABSTQ010009320.1	1000000	1100000	2.0
JABSTQ010009320.1	1100000	1200000	1.0
JABSTQ010009320.1	1200000	1300000	2.0
JABSTQ010009320.1	1300000	1400000	4.0
JABSTQ010009320.1	1400000	1500000	2.0
JABSTQ010009320.1	1500000	1600000	2.0
JABSTQ010009320.1	1600000	1700000	2.0
JABSTQ010009320.1	2300000	2400000	2.0
JABSTQ010009320.1	2400000	2494856	1.0
JABSTQ010009321.1	0	100000	2.0
JABSTQ010009321.1	100000	200000	7.0
JABSTQ010009321.1	200000	221281	1.0
JABSTQ010009322.1	0	79961	2.0
JABSTQ010009323.1	100000	200000	2.0
JABSTQ010009323.1	200000	248993	1.0
JABSTQ010009324.1	0	100000	2.0
JABSTQ010009324.1	200000	300000	1.0
JABSTQ010009324.1	500000	600000	1.0
JABSTQ010009324.1	600000	700000	1.0
JABSTQ010009324.1	700000	795651	1.0
JABSTQ010009325.1	100000	200000	1.0
JABSTQ010009325.1	200000	244616	1.0
JABSTQ010009326.1	400000	448268	1.0
JABSTQ010009327.1	0	100000	2.0
JABSTQ010009327.1	100000	200000	1.0
JABSTQ010009327.1	200000	205501	1.0
JABSTQ010009328.1	0	100000	2.0
JABSTQ010009328.1	100000	200000	1.0
JABSTQ010009328.1	300000	400000	2.0
JABSTQ010009328.1	400000	500000	1.0
JABSTQ010009328.1	600000	700000	1.0
JABSTQ010009328.1	700000	800000	1.0
JABSTQ010009328.1	800000	849012	1.0
JABSTQ010009329.1	0	100000	1.0
JABSTQ010009329.1	100000	200000	2.0
JABSTQ010009329.1	200000	300000	1.0
JABSTQ010009329.1	300000	400000	1.0
JABSTQ010009329.1	400000	500000	1.0
JABSTQ010009329.1	500000	600000	2.0
JABSTQ010009329.1	600000	700000	2.0
JABSTQ010009329.1	1000000	1100000	1.0
JABSTQ010009329.1	1200000	1300000	1.0
JABSTQ010009329.1	1300000	1400000	1.0
JABSTQ010009329.1	1400000	1500000	1.0
JABSTQ010009329.1	1500000	1506136	1.0
JABSTQ010009330.1	0	100000	1.0
JABSTQ010009330.1	100000	200000	1.0
JABSTQ010009330.1	400000	455390	3.0
JABSTQ010009331.1	0	100000	2.0
JABSTQ010009331.1	100000	200000	2.0
JABSTQ010009331.1	200000	300000	1.0
JABSTQ010009331.1	300000	400000	1.0
JABSTQ010009331.1	400000	500000	2.0
JABSTQ010009331.1	500000	600000	3.0
JABSTQ010009331.1	600000	700000	4.0
JABSTQ010009331.1	700000	800000	3.0
JABSTQ010009331.1	800000	900000	2.0
JABSTQ010009332.1	0	100000	3.0
JABSTQ010009332.1	100000	200000	1.0
JABSTQ010009332.1	200000	300000	2.0
JABSTQ010009332.1	300000	364725	2.0
JABSTQ010009333.1	0	100000	1.0
JABSTQ010009333.1	100000	187051	1.0
JABSTQ010009334.1	200000	300000	1.0
JABSTQ010009334.1	500000	600000	5.0
JABSTQ010009334.1	600000	700000	1.0
JABSTQ010009334.1	700000	722704	1.0
JABSTQ010009335.1	0	100000	6.0
JABSTQ010009335.1	100000	200000	4.0
JABSTQ010009335.1	200000	300000	3.0
JABSTQ010009335.1	300000	308551	1.0
JABSTQ010009336.1	0	100000	3.0
JABSTQ010009336.1	100000	200000	5.0
JABSTQ010009336.1	200000	300000	1.0
JABSTQ010009336.1	300000	400000	2.0
JABSTQ010009336.1	400000	500000	3.0
JABSTQ010009336.1	500000	600000	2.0
JABSTQ010009336.1	600000	700000	3.0
JABSTQ010009336.1	700000	800000	1.0
JABSTQ010009336.1	1100000	1151434	1.0
JABSTQ010009337.1	0	100000	1.0
JABSTQ010009337.1	200000	300000	5.0
JABSTQ010009337.1	300000	400000	1.0
JABSTQ010009337.1	400000	500000	2.0
JABSTQ010009337.1	500000	600000	3.0
JABSTQ010009337.1	600000	700000	2.0
JABSTQ010009337.1	700000	800000	2.0
JABSTQ010009337.1	800000	900000	1.0
JABSTQ010009337.1	1000000	1079826	1.0
JABSTQ010009338.1	0	100000	1.0
JABSTQ010009338.1	100000	200000	3.0
JABSTQ010009338.1	200000	300000	1.0
JABSTQ010009338.1	300000	400000	1.0
JABSTQ010009338.1	400000	500000	1.0
JABSTQ010009338.1	600000	700000	1.0
JABSTQ010009338.1	700000	800000	1.0
JABSTQ010009338.1	800000	900000	1.0
JABSTQ010009338.1	900000	986140	1.0
JABSTQ010009339.1	100000	200000	2.0
JABSTQ010009339.1	200000	300000	1.0
JABSTQ010009339.1	300000	400000	2.0
JABSTQ010009339.1	400000	500000	2.0
JABSTQ010009339.1	500000	600000	2.0
JABSTQ010009339.1	600000	621324	1.0
JABSTQ010009340.1	0	100000	5.0
JABSTQ010009340.1	100000	200000	1.0
JABSTQ010009340.1	200000	300000	1.0
JABSTQ010009340.1	300000	331416	2.0
JABSTQ010009341.1	0	100000	1.0
JABSTQ010009341.1	100000	200000	4.0
JABSTQ010009341.1	200000	300000	4.0
JABSTQ010009341.1	300000	400000	10.0
JABSTQ010009341.1	400000	500000	6.0
JABSTQ010009341.1	500000	536698	2.0
JABSTQ010009342.1	0	100000	2.0
JABSTQ010009342.1	100000	200000	1.0
JABSTQ010009342.1	200000	229056	1.0
JABSTQ010009343.1	0	100000	1.0
JABSTQ010009343.1	100000	200000	2.0
JABSTQ010009343.1	200000	300000	5.0
JABSTQ010009343.1	300000	400000	3.0
JABSTQ010009343.1	600000	609501	1.0
JABSTQ010009344.1	100000	200000	1.0
JABSTQ010009344.1	300000	359981	2.0
JABSTQ010009345.1	600000	700000	1.0
JABSTQ010009345.1	700000	800000	1.0
JABSTQ010009345.1	800000	900000	1.0
JABSTQ010009345.1	900000	1000000	1.0
JABSTQ010009345.1	1000000	1100000	3.0
JABSTQ010009345.1	1100000	1200000	1.0
JABSTQ010009345.1	1200000	1300000	5.0
JABSTQ010009345.1	1300000	1400000	4.0
JABSTQ010009345.1	1400000	1500000	3.0
JABSTQ010009345.1	1600000	1700000	3.0
JABSTQ010009345.1	1700000	1785660	5.0
JABSTQ010009346.1	0	100000	1.0
JABSTQ010009346.1	100000	200000	1.0
JABSTQ010009346.1	200000	300000	2.0
JABSTQ010009346.1	300000	400000	2.0
JABSTQ010009346.1	600000	700000	1.0
JABSTQ010009347.1	0	100000	1.0
JABSTQ010009347.1	100000	200000	2.0
JABSTQ010009347.1	300000	349321	2.0
JABSTQ010009348.1	0	100000	2.0
JABSTQ010009348.1	100000	200000	3.0
JABSTQ010009348.1	400000	500000	1.0
JABSTQ010009348.1	500000	600000	2.0
JABSTQ010009348.1	600000	700000	1.0
JABSTQ010009348.1	700000	800000	2.0
JABSTQ010009348.1	800000	900000	1.0
JABSTQ010009348.1	900000	1000000	2.0
JABSTQ010009348.1	1000000	1100000	2.0
JABSTQ010009348.1	1100000	1200000	2.0
JABSTQ010009348.1	1200000	1300000	1.0
JABSTQ010009348.1	1300000	1400000	1.0
JABSTQ010009348.1	1400000	1500000	1.0
JABSTQ010009348.1	1500000	1600000	3.0
JABSTQ010009348.1	1600000	1687100	2.0
JABSTQ010009349.1	0	100000	1.0
JABSTQ010009349.1	300000	400000	1.0
JABSTQ010009349.1	400000	500000	1.0
JABSTQ010009349.1	500000	600000	1.0
JABSTQ010009349.1	600000	611631	2.0
JABSTQ010009350.1	100000	188873	2.0
JABSTQ010009351.1	0	100000	1.0
JABSTQ010009351.1	200000	300000	1.0
JABSTQ010009351.1	300000	387007	4.0
JABSTQ010009352.1	0	100000	2.0
JABSTQ010009352.1	100000	200000	1.0
JABSTQ010009352.1	200000	300000	2.0
JABSTQ010009352.1	300000	364794	1.0
JABSTQ010009353.1	0	100000	1.0
JABSTQ010009353.1	100000	200000	4.0
JABSTQ010009353.1	200000	300000	2.0
JABSTQ010009353.1	300000	372848	2.0
JABSTQ010009354.1	0	100000	1.0
JABSTQ010009354.1	100000	200000	2.0
JABSTQ010009354.1	200000	300000	3.0
JABSTQ010009354.1	300000	367812	2.0
JABSTQ010009355.1	0	100000	2.0
JABSTQ010009355.1	200000	278994	3.0
JABSTQ010009356.1	0	100000	4.0
JABSTQ010009356.1	200000	300000	3.0
JABSTQ010009356.1	300000	357163	3.0
JABSTQ010009358.1	200000	300000	1.0
JABSTQ010009358.1	500000	600000	2.0
JABSTQ010009358.1	700000	800000	3.0
JABSTQ010009358.1	800000	900000	3.0
JABSTQ010009358.1	900000	1000000	2.0
JABSTQ010009358.1	1000000	1100000	1.0
JABSTQ010009358.1	1100000	1200000	2.0
JABSTQ010009359.1	0	100000	3.0
JABSTQ010009359.1	100000	200000	1.0
JABSTQ010009359.1	200000	300000	1.0
JABSTQ010009359.1	300000	400000	4.0
JABSTQ010009359.1	400000	500000	3.0
JABSTQ010009359.1	500000	528145	1.0
JABSTQ010009360.1	0	100000	2.0
JABSTQ010009360.1	100000	200000	1.0
JABSTQ010009360.1	200000	300000	1.0
JABSTQ010009360.1	300000	400000	3.0
JABSTQ010009360.1	400000	482576	3.0
JABSTQ010009361.1	0	100000	3.0
JABSTQ010009361.1	100000	200000	3.0
JABSTQ010009361.1	200000	300000	2.0
JABSTQ010009361.1	300000	400000	1.0
JABSTQ010009361.1	400000	500000	1.0
JABSTQ010009361.1	500000	600000	1.0
JABSTQ010009361.1	600000	700000	1.0
JABSTQ010009361.1	800000	900000	1.0
JABSTQ010009361.1	900000	997096	1.0
JABSTQ010009362.1	0	100000	4.0
JABSTQ010009362.1	100000	200000	5.0
JABSTQ010009362.1	200000	300000	2.0
JABSTQ010009362.1	300000	400000	1.0
JABSTQ010009362.1	400000	500000	1.0
JABSTQ010009362.1	500000	600000	2.0
JABSTQ010009362.1	600000	700000	4.0
JABSTQ010009362.1	700000	735960	1.0
JABSTQ010009363.1	0	100000	3.0
JABSTQ010009363.1	300000	400000	1.0
JABSTQ010009363.1	400000	500000	2.0
JABSTQ010009363.1	600000	700000	2.0
JABSTQ010009363.1	700000	771221	1.0
JABSTQ010009364.1	0	100000	2.0
JABSTQ010009364.1	100000	200000	1.0
JABSTQ010009364.1	200000	300000	2.0
JABSTQ010009364.1	300000	400000	2.0
JABSTQ010009364.1	400000	500000	1.0
JABSTQ010009364.1	600000	700000	1.0
JABSTQ010009364.1	700000	800000	1.0
JABSTQ010009364.1	800000	900000	4.0
JABSTQ010009365.1	200000	300000	1.0
JABSTQ010009365.1	300000	400000	1.0
JABSTQ010009365.1	400000	489292	7.0
JABSTQ010009366.1	0	100000	2.0
JABSTQ010009366.1	100000	200000	4.0
JABSTQ010009366.1	200000	243359	1.0
JABSTQ010009367.1	0	100000	1.0
JABSTQ010009367.1	200000	300000	1.0
JABSTQ010009367.1	300000	335829	1.0
JABSTQ010009368.1	200000	300000	2.0
JABSTQ010009368.1	300000	400000	1.0
JABSTQ010009368.1	500000	600000	1.0
JABSTQ010009368.1	600000	700000	1.0
JABSTQ010009368.1	700000	800000	5.0
JABSTQ010009368.1	800000	900000	2.0
JABSTQ010009368.1	1000000	1100000	1.0
JABSTQ010009368.1	1100000	1200000	1.0
JABSTQ010009368.1	1400000	1500000	1.0
JABSTQ010009369.1	0	100000	1.0
JABSTQ010009369.1	100000	200000	1.0
JABSTQ010009369.1	200000	300000	3.0
JABSTQ010009369.1	300000	400000	3.0
JABSTQ010009369.1	400000	500000	1.0
JABSTQ010009369.1	500000	600000	4.0
JABSTQ010009369.1	600000	700000	2.0
JABSTQ010009369.1	700000	721581	1.0
JABSTQ010009370.1	0	100000	1.0
JABSTQ010009370.1	100000	162402	5.0
JABSTQ010009371.1	100000	200000	1.0
JABSTQ010009371.1	300000	390457	2.0
JABSTQ010009372.1	0	100000	1.0
JABSTQ010009372.1	100000	200000	2.0
JABSTQ010009372.1	200000	300000	1.0
JABSTQ010009372.1	400000	500000	1.0
JABSTQ010009372.1	600000	700000	2.0
JABSTQ010009372.1	700000	800000	2.0
JABSTQ010009372.1	800000	900000	4.0
JABSTQ010009372.1	900000	1000000	2.0
JABSTQ010009372.1	1100000	1200000	2.0
JABSTQ010009372.1	1200000	1300000	1.0
JABSTQ010009372.1	1300000	1400000	2.0
JABSTQ010009372.1	1400000	1500000	2.0
JABSTQ010009372.1	1500000	1600000	1.0
JABSTQ010009372.1	1600000	1700000	2.0
JABSTQ010009372.1	1700000	1800000	1.0
JABSTQ010009372.1	1800000	1900000	2.0
JABSTQ010009372.1	1900000	2000000	2.0
JABSTQ010009372.1	2100000	2200000	2.0
JABSTQ010009372.1	2200000	2300000	1.0
JABSTQ010009372.1	2300000	2400000	3.0
JABSTQ010009372.1	2400000	2463804	2.0
JABSTQ010009373.1	600000	628444	1.0
JABSTQ010009374.1	0	100000	5.0
JABSTQ010009374.1	100000	200000	6.0
JABSTQ010009374.1	200000	300000	5.0
JABSTQ010009374.1	300000	400000	2.0
JABSTQ010009374.1	400000	420595	1.0
JABSTQ010009375.1	0	100000	2.0
JABSTQ010009375.1	100000	158658	1.0
JABSTQ010009376.1	0	100000	1.0
JABSTQ010009376.1	100000	200000	2.0
JABSTQ010009376.1	200000	300000	1.0
JABSTQ010009376.1	300000	400000	1.0
JABSTQ010009376.1	400000	494503	3.0
JABSTQ010009377.1	0	100000	4.0
JABSTQ010009377.1	100000	200000	1.0
JABSTQ010009377.1	200000	300000	3.0
JABSTQ010009377.1	300000	400000	2.0
JABSTQ010009377.1	400000	500000	2.0
JABSTQ010009377.1	500000	572584	2.0
JABSTQ010009378.1	0	100000	1.0
JABSTQ010009378.1	100000	200000	2.0
JABSTQ010009378.1	200000	300000	1.0
JABSTQ010009378.1	300000	400000	2.0
JABSTQ010009378.1	400000	500000	2.0
JABSTQ010009378.1	500000	600000	1.0
JABSTQ010009378.1	600000	621979	1.0
JABSTQ010009379.1	100000	200000	1.0
JABSTQ010009379.1	200000	300000	1.0
JABSTQ010009379.1	300000	400000	1.0
JABSTQ010009379.1	400000	500000	1.0
JABSTQ010009379.1	500000	600000	2.0
JABSTQ010009379.1	600000	610577	2.0
JABSTQ010009380.1	0	100000	2.0
JABSTQ010009380.1	100000	189443	2.0
JABSTQ010009381.1	100000	200000	1.0
JABSTQ010009381.1	300000	400000	1.0
JABSTQ010009381.1	400000	500000	2.0
JABSTQ010009381.1	600000	654862	1.0
JABSTQ010009382.1	0	100000	1.0
JABSTQ010009382.1	100000	200000	1.0
JABSTQ010009382.1	200000	300000	2.0
JABSTQ010009382.1	300000	400000	3.0
JABSTQ010009382.1	400000	500000	2.0
JABSTQ010009382.1	500000	600000	2.0
JABSTQ010009382.1	600000	700000	1.0
JABSTQ010009382.1	700000	800000	2.0
JABSTQ010009382.1	800000	900000	1.0
JABSTQ010009382.1	900000	1000000	1.0
JABSTQ010009382.1	1000000	1100000	1.0
JABSTQ010009382.1	1300000	1400000	1.0
JABSTQ010009382.1	1400000	1500000	2.0
JABSTQ010009382.1	1700000	1743840	1.0
JABSTQ010009383.1	0	100000	3.0
JABSTQ010009383.1	100000	200000	1.0
JABSTQ010009383.1	200000	300000	1.0
JABSTQ010009383.1	300000	349394	3.0
JABSTQ010009384.1	0	100000	1.0
JABSTQ010009384.1	100000	200000	1.0
JABSTQ010009384.1	200000	300000	2.0
JABSTQ010009384.1	400000	500000	1.0
JABSTQ010009384.1	500000	600000	2.0
JABSTQ010009384.1	600000	700000	3.0
JABSTQ010009384.1	700000	729788	1.0
JABSTQ010009385.1	0	100000	1.0
JABSTQ010009385.1	100000	200000	2.0
JABSTQ010009385.1	200000	300000	3.0
JABSTQ010009385.1	300000	400000	5.0
JABSTQ010009385.1	400000	500000	1.0
JABSTQ010009385.1	500000	600000	1.0
JABSTQ010009385.1	600000	700000	1.0
JABSTQ010009385.1	700000	800000	3.0
JABSTQ010009385.1	800000	894314	2.0
JABSTQ010009386.1	0	100000	6.0
JABSTQ010009386.1	100000	200000	2.0
JABSTQ010009386.1	200000	300000	2.0
JABSTQ010009386.1	300000	358889	5.0
JABSTQ010009387.1	100000	200000	3.0
JABSTQ010009387.1	200000	300000	3.0
JABSTQ010009387.1	300000	307697	1.0
JABSTQ010009388.1	0	100000	1.0
JABSTQ010009388.1	100000	200000	3.0
JABSTQ010009388.1	200000	300000	1.0
JABSTQ010009388.1	400000	461303	1.0
JABSTQ010009389.1	0	100000	1.0
JABSTQ010009389.1	100000	200000	1.0
JABSTQ010009389.1	300000	400000	1.0
JABSTQ010009389.1	400000	500000	2.0
JABSTQ010009389.1	500000	600000	2.0
JABSTQ010009389.1	600000	700000	3.0
JABSTQ010009389.1	700000	718205	1.0
JABSTQ010009390.1	100000	164699	1.0
JABSTQ010009391.1	0	100000	3.0
JABSTQ010009391.1	100000	200000	3.0
JABSTQ010009391.1	200000	224495	2.0
JABSTQ010009392.1	0	100000	2.0
JABSTQ010009392.1	100000	188368	1.0
JABSTQ010009393.1	0	100000	2.0
JABSTQ010009393.1	100000	200000	1.0
JABSTQ010009393.1	200000	300000	4.0
JABSTQ010009393.1	300000	400000	3.0
JABSTQ010009394.1	100000	200000	1.0
JABSTQ010009394.1	200000	300000	2.0
JABSTQ010009394.1	300000	400000	2.0
JABSTQ010009394.1	400000	500000	3.0
JABSTQ010009394.1	500000	517239	1.0
JABSTQ010009395.1	0	100000	5.0
JABSTQ010009395.1	100000	200000	1.0
JABSTQ010009395.1	300000	375625	1.0
JABSTQ010009396.1	0	100000	1.0
JABSTQ010009396.1	200000	300000	6.0
JABSTQ010009396.1	300000	400000	2.0
JABSTQ010009396.1	400000	500000	3.0
JABSTQ010009396.1	500000	600000	4.0
JABSTQ010009396.1	600000	700000	3.0
JABSTQ010009396.1	700000	800000	7.0
JABSTQ010009396.1	800000	900000	7.0
JABSTQ010009396.1	900000	1000000	4.0
JABSTQ010009396.1	1000000	1100000	1.0
JABSTQ010009396.1	1100000	1125295	1.0
JABSTQ010009397.1	100000	200000	3.0
JABSTQ010009397.1	200000	270133	2.0
JABSTQ010009398.1	0	100000	1.0
JABSTQ010009398.1	100000	200000	4.0
JABSTQ010009398.1	200000	270258	2.0
JABSTQ010009399.1	0	100000	2.0
JABSTQ010009399.1	100000	200000	2.0
JABSTQ010009399.1	400000	411799	2.0
JABSTQ010009400.1	0	100000	1.0
JABSTQ010009400.1	100000	200000	1.0
JABSTQ010009400.1	200000	300000	3.0
JABSTQ010009400.1	300000	400000	1.0
JABSTQ010009400.1	400000	500000	1.0
JABSTQ010009400.1	500000	600000	4.0
JABSTQ010009400.1	600000	700000	1.0
JABSTQ010009400.1	900000	1000000	1.0
JABSTQ010009400.1	1000000	1065529	1.0
JABSTQ010009401.1	100000	200000	1.0
JABSTQ010009401.1	200000	300000	1.0
JABSTQ010009401.1	300000	400000	1.0
JABSTQ010009401.1	400000	500000	1.0
JABSTQ010009401.1	1000000	1100000	3.0
JABSTQ010009401.1	1100000	1200000	3.0
JABSTQ010009401.1	1200000	1229859	1.0
JABSTQ010009402.1	200000	300000	1.0
JABSTQ010009402.1	400000	500000	1.0
JABSTQ010009402.1	500000	600000	3.0
JABSTQ010009402.1	700000	739865	2.0
JABSTQ010009403.1	0	100000	1.0
JABSTQ010009403.1	100000	200000	2.0
JABSTQ010009403.1	200000	300000	1.0
JABSTQ010009403.1	300000	400000	2.0
JABSTQ010009403.1	400000	500000	1.0
JABSTQ010009403.1	500000	600000	1.0
JABSTQ010009403.1	600000	700000	1.0
JABSTQ010009403.1	700000	800000	3.0
JABSTQ010009403.1	1300000	1400000	1.0
JABSTQ010009403.1	1800000	1900000	1.0
JABSTQ010009403.1	1900000	2000000	2.0
JABSTQ010009403.1	2100000	2200000	1.0
JABSTQ010009403.1	2200000	2300000	1.0
JABSTQ010009403.1	2300000	2400000	2.0
JABSTQ010009403.1	2400000	2500000	2.0
JABSTQ010009403.1	2500000	2600000	2.0
JABSTQ010009403.1	2600000	2700000	2.0
JABSTQ010009403.1	2900000	2955799	2.0
JABSTQ010009404.1	0	100000	1.0
JABSTQ010009404.1	100000	200000	1.0
JABSTQ010009404.1	200000	300000	2.0
JABSTQ010009404.1	300000	369885	1.0
JABSTQ010009405.1	0	100000	1.0
JABSTQ010009405.1	100000	189023	1.0
JABSTQ010009406.1	100000	200000	1.0
JABSTQ010009406.1	200000	300000	2.0
JABSTQ010009406.1	300000	400000	5.0
JABSTQ010009407.1	0	100000	3.0
JABSTQ010009407.1	100000	200000	5.0
JABSTQ010009407.1	200000	300000	2.0
JABSTQ010009407.1	300000	400000	2.0
JABSTQ010009407.1	400000	500000	1.0
JABSTQ010009407.1	500000	600000	1.0
JABSTQ010009407.1	700000	800000	1.0
JABSTQ010009407.1	1100000	1200000	2.0
JABSTQ010009407.1	1200000	1262736	1.0
JABSTQ010009408.1	0	100000	2.0
JABSTQ010009408.1	100000	200000	1.0
JABSTQ010009408.1	200000	300000	4.0
JABSTQ010009408.1	500000	600000	3.0
JABSTQ010009408.1	600000	639111	1.0
JABSTQ010009409.1	0	100000	1.0
JABSTQ010009409.1	100000	200000	2.0
JABSTQ010009409.1	200000	300000	1.0
JABSTQ010009409.1	400000	500000	2.0
JABSTQ010009409.1	700000	775820	2.0
JABSTQ010009410.1	0	100000	2.0
JABSTQ010009410.1	100000	200000	2.0
JABSTQ010009410.1	200000	300000	2.0
JABSTQ010009410.1	300000	400000	1.0
JABSTQ010009410.1	400000	500000	1.0
JABSTQ010009410.1	500000	600000	2.0
JABSTQ010009410.1	700000	765873	2.0
JABSTQ010009411.1	0	100000	1.0
JABSTQ010009411.1	100000	200000	1.0
JABSTQ010009411.1	200000	300000	2.0
JABSTQ010009411.1	300000	364592	1.0
JABSTQ010009412.1	0	100000	1.0
JABSTQ010009412.1	100000	181014	1.0
JABSTQ010009413.1	0	100000	3.0
JABSTQ010009413.1	100000	200000	3.0
JABSTQ010009413.1	200000	257245	2.0
JABSTQ010009414.1	0	100000	2.0
JABSTQ010009414.1	100000	200000	1.0
JABSTQ010009414.1	200000	300000	1.0
JABSTQ010009414.1	300000	400000	2.0
JABSTQ010009414.1	400000	426019	2.0
JABSTQ010009415.1	0	100000	2.0
JABSTQ010009415.1	100000	200000	2.0
JABSTQ010009415.1	200000	300000	1.0
JABSTQ010009415.1	300000	346783	2.0
JABSTQ010009416.1	0	100000	2.0
JABSTQ010009416.1	100000	200000	5.0
JABSTQ010009416.1	200000	246742	1.0
JABSTQ010009417.1	0	100000	2.0
JABSTQ010009417.1	200000	300000	1.0
JABSTQ010009417.1	300000	368691	3.0
JABSTQ010009418.1	0	100000	3.0
JABSTQ010009418.1	100000	200000	2.0
JABSTQ010009418.1	200000	300000	1.0
JABSTQ010009418.1	300000	400000	1.0
JABSTQ010009418.1	400000	500000	1.0
JABSTQ010009418.1	600000	700000	1.0
JABSTQ010009418.1	700000	800000	1.0
JABSTQ010009418.1	800000	900000	4.0
JABSTQ010009418.1	900000	1000000	2.0
JABSTQ010009418.1	1000000	1100000	1.0
JABSTQ010009418.1	1100000	1200000	1.0
JABSTQ010009418.1	1200000	1300000	1.0
JABSTQ010009418.1	1300000	1400000	4.0
JABSTQ010009418.1	1500000	1600000	3.0
JABSTQ010009418.1	1600000	1700000	1.0
JABSTQ010009418.1	1700000	1800000	1.0
JABSTQ010009418.1	1800000	1900000	1.0
JABSTQ010009418.1	1900000	2000000	1.0
JABSTQ010009418.1	2000000	2100000	1.0
JABSTQ010009418.1	2100000	2200000	2.0
JABSTQ010009418.1	2200000	2300000	1.0
JABSTQ010009418.1	2400000	2500000	3.0
JABSTQ010009418.1	2500000	2600000	2.0
JABSTQ010009418.1	2700000	2800000	2.0
JABSTQ010009418.1	2800000	2900000	1.0
JABSTQ010009418.1	3200000	3300000	2.0
JABSTQ010009418.1	3300000	3400000	2.0
JABSTQ010009418.1	3400000	3500000	1.0
JABSTQ010009418.1	3800000	3841346	1.0
JABSTQ010009419.1	0	100000	1.0
JABSTQ010009419.1	200000	300000	1.0
JABSTQ010009419.1	300000	400000	1.0
JABSTQ010009419.1	500000	600000	3.0
JABSTQ010009419.1	700000	800000	1.0
JABSTQ010009419.1	900000	1000000	1.0
JABSTQ010009419.1	1100000	1200000	1.0
JABSTQ010009419.1	1200000	1300000	1.0
JABSTQ010009419.1	1300000	1400000	3.0
JABSTQ010009419.1	1400000	1500000	3.0
JABSTQ010009419.1	1500000	1600000	1.0
JABSTQ010009419.1	1600000	1700000	2.0
JABSTQ010009419.1	1700000	1800000	1.0
JABSTQ010009419.1	1800000	1900000	2.0
JABSTQ010009419.1	1900000	2000000	1.0
JABSTQ010009419.1	2000000	2100000	3.0
JABSTQ010009419.1	2100000	2200000	3.0
JABSTQ010009419.1	2300000	2400000	4.0
JABSTQ010009419.1	2400000	2500000	2.0
JABSTQ010009419.1	2500000	2600000	1.0
JABSTQ010009419.1	2600000	2700000	1.0
JABSTQ010009419.1	2800000	2900000	2.0
JABSTQ010009419.1	2900000	2968475	1.0
JABSTQ010009420.1	0	100000	2.0
JABSTQ010009420.1	100000	200000	1.0
JABSTQ010009420.1	200000	300000	2.0
JABSTQ010009420.1	300000	400000	1.0
JABSTQ010009420.1	400000	488960	1.0
JABSTQ010009421.1	0	100000	3.0
JABSTQ010009421.1	100000	200000	3.0
JABSTQ010009421.1	400000	500000	2.0
JABSTQ010009421.1	500000	600000	1.0
JABSTQ010009421.1	600000	700000	1.0
JABSTQ010009421.1	700000	717204	1.0
JABSTQ010009423.1	0	100000	1.0
JABSTQ010009423.1	100000	200000	2.0
JABSTQ010009423.1	400000	500000	2.0
JABSTQ010009423.1	600000	700000	1.0
JABSTQ010009423.1	800000	900000	1.0
JABSTQ010009423.1	900000	932582	1.0
JABSTQ010009424.1	0	100000	1.0
JABSTQ010009424.1	100000	200000	4.0
JABSTQ010009424.1	200000	300000	2.0
JABSTQ010009424.1	300000	400000	1.0
JABSTQ010009424.1	400000	465231	2.0
JABSTQ010009425.1	100000	189512	1.0
JABSTQ010009426.1	0	100000	3.0
JABSTQ010009426.1	100000	200000	1.0
JABSTQ010009426.1	300000	380853	3.0
JABSTQ010009427.1	100000	200000	1.0
JABSTQ010009427.1	200000	300000	1.0
JABSTQ010009428.1	0	100000	3.0
JABSTQ010009428.1	100000	200000	1.0
JABSTQ010009428.1	200000	300000	2.0
JABSTQ010009428.1	300000	400000	2.0
JABSTQ010009428.1	400000	500000	1.0
JABSTQ010009428.1	500000	600000	3.0
JABSTQ010009428.1	600000	700000	1.0
JABSTQ010009428.1	700000	798112	1.0
JABSTQ010009429.1	0	100000	2.0
JABSTQ010009429.1	100000	200000	1.0
JABSTQ010009429.1	200000	300000	1.0
JABSTQ010009429.1	300000	400000	6.0
JABSTQ010009429.1	400000	434726	2.0
JABSTQ010009430.1	0	100000	1.0
JABSTQ010009430.1	100000	200000	1.0
JABSTQ010009430.1	200000	300000	3.0
JABSTQ010009430.1	300000	400000	5.0
JABSTQ010009430.1	400000	500000	4.0
JABSTQ010009430.1	600000	651990	1.0
JABSTQ010009431.1	0	100000	1.0
JABSTQ010009431.1	300000	357459	2.0
JABSTQ010009432.1	0	100000	1.0
JABSTQ010009432.1	100000	200000	1.0
JABSTQ010009432.1	300000	400000	1.0
JABSTQ010009432.1	500000	600000	1.0
JABSTQ010009432.1	700000	800000	2.0
JABSTQ010009432.1	800000	896033	2.0
JABSTQ010009433.1	0	100000	1.0
JABSTQ010009433.1	100000	200000	2.0
JABSTQ010009433.1	300000	400000	2.0
JABSTQ010009433.1	400000	500000	4.0
JABSTQ010009433.1	500000	600000	7.0
JABSTQ010009433.1	600000	700000	2.0
JABSTQ010009433.1	700000	800000	3.0
JABSTQ010009433.1	800000	900000	1.0
JABSTQ010009433.1	900000	914617	2.0
JABSTQ010009434.1	0	30612	1.0
JABSTQ010009436.1	0	100000	2.0
JABSTQ010009436.1	200000	232073	1.0
JABSTQ010009437.1	0	100000	2.0
JABSTQ010009437.1	100000	200000	1.0
JABSTQ010009437.1	200000	245934	6.0
JABSTQ010009438.1	100000	200000	2.0
JABSTQ010009438.1	200000	300000	1.0
JABSTQ010009438.1	300000	400000	2.0
JABSTQ010009438.1	600000	670001	1.0
JABSTQ010009439.1	0	100000	2.0
JABSTQ010009439.1	300000	400000	2.0
JABSTQ010009439.1	400000	498516	2.0
JABSTQ010009440.1	0	100000	2.0
JABSTQ010009440.1	200000	300000	1.0
JABSTQ010009440.1	300000	400000	1.0
JABSTQ010009440.1	400000	500000	1.0
JABSTQ010009440.1	600000	700000	1.0
JABSTQ010009440.1	700000	786255	1.0
JABSTQ010009441.1	200000	300000	1.0
JABSTQ010009441.1	400000	500000	1.0
JABSTQ010009441.1	500000	600000	2.0
JABSTQ010009442.1	200000	300000	1.0
JABSTQ010009442.1	400000	500000	2.0
JABSTQ010009442.1	500000	580126	1.0
JABSTQ010009443.1	0	100000	2.0
JABSTQ010009443.1	100000	200000	3.0
JABSTQ010009443.1	300000	400000	1.0
JABSTQ010009443.1	500000	600000	3.0
JABSTQ010009443.1	600000	700000	3.0
JABSTQ010009443.1	700000	756678	1.0
JABSTQ010009444.1	0	100000	4.0
JABSTQ010009444.1	300000	380390	3.0
JABSTQ010009445.1	0	100000	2.0
JABSTQ010009445.1	100000	200000	2.0
JABSTQ010009445.1	200000	300000	2.0
JABSTQ010009445.1	400000	472886	2.0
JABSTQ010009446.1	100000	200000	2.0
JABSTQ010009446.1	200000	300000	1.0
JABSTQ010009446.1	300000	341044	1.0
JABSTQ010009447.1	0	100000	1.0
JABSTQ010009447.1	100000	200000	3.0
JABSTQ010009447.1	200000	213290	1.0
JABSTQ010009448.1	100000	200000	1.0
JABSTQ010009448.1	400000	500000	1.0
JABSTQ010009448.1	600000	700000	1.0
JABSTQ010009448.1	700000	800000	1.0
JABSTQ010009448.1	800000	886696	1.0
JABSTQ010009449.1	200000	300000	1.0
JABSTQ010009449.1	300000	400000	1.0
JABSTQ010009449.1	500000	600000	2.0
JABSTQ010009449.1	600000	700000	1.0
JABSTQ010009449.1	700000	800000	3.0
JABSTQ010009449.1	900000	990484	1.0
JABSTQ010009450.1	0	100000	2.0
JABSTQ010009450.1	100000	200000	2.0
JABSTQ010009450.1	300000	400000	2.0
JABSTQ010009450.1	400000	463166	2.0
JABSTQ010009451.1	0	100000	3.0
JABSTQ010009451.1	200000	300000	1.0
JABSTQ010009451.1	300000	400000	1.0
JABSTQ010009451.1	600000	700000	1.0
JABSTQ010009451.1	700000	800000	1.0
JABSTQ010009451.1	900000	1000000	1.0
JABSTQ010009451.1	1600000	1700000	1.0
JABSTQ010009451.1	1800000	1900000	1.0
JABSTQ010009451.1	1900000	2000000	4.0
JABSTQ010009451.1	2200000	2300000	1.0
JABSTQ010009451.1	2400000	2500000	1.0
JABSTQ010009451.1	2600000	2700000	1.0
JABSTQ010009451.1	2700000	2800000	2.0
JABSTQ010009451.1	2800000	2900000	1.0
JABSTQ010009451.1	3700000	3731511	1.0
JABSTQ010009452.1	0	100000	5.0
JABSTQ010009452.1	100000	200000	2.0
JABSTQ010009452.1	300000	400000	1.0
JABSTQ010009452.1	400000	500000	3.0
JABSTQ010009452.1	500000	600000	1.0
JABSTQ010009452.1	600000	700000	3.0
JABSTQ010009452.1	700000	800000	2.0
JABSTQ010009452.1	800000	900000	2.0
JABSTQ010009452.1	1000000	1100000	4.0
JABSTQ010009452.1	1100000	1200000	3.0
JABSTQ010009452.1	1200000	1300000	3.0
JABSTQ010009452.1	1300000	1400000	4.0
JABSTQ010009452.1	1400000	1500000	5.0
JABSTQ010009452.1	1500000	1537161	2.0
JABSTQ010009453.1	0	100000	3.0
JABSTQ010009453.1	100000	200000	1.0
JABSTQ010009453.1	200000	300000	2.0
JABSTQ010009453.1	400000	454183	1.0
JABSTQ010009454.1	0	100000	2.0
JABSTQ010009454.1	100000	200000	3.0
JABSTQ010009454.1	200000	300000	3.0
JABSTQ010009454.1	300000	332048	3.0
JABSTQ010009455.1	0	100000	2.0
JABSTQ010009455.1	200000	241322	2.0
JABSTQ010009456.1	0	100000	4.0
JABSTQ010009456.1	100000	200000	3.0
JABSTQ010009456.1	200000	300000	1.0
JABSTQ010009456.1	400000	500000	1.0
JABSTQ010009456.1	500000	600000	1.0
JABSTQ010009457.1	0	100000	1.0
JABSTQ010009457.1	100000	182268	2.0
JABSTQ010009458.1	0	100000	1.0
JABSTQ010009458.1	100000	200000	2.0
JABSTQ010009458.1	200000	300000	2.0
JABSTQ010009458.1	300000	400000	4.0
JABSTQ010009458.1	400000	428045	1.0
JABSTQ010009459.1	0	100000	4.0
JABSTQ010009459.1	100000	200000	2.0
JABSTQ010009459.1	200000	226629	1.0
JABSTQ010009460.1	0	100000	2.0
JABSTQ010009460.1	100000	200000	2.0
JABSTQ010009460.1	300000	400000	3.0
JABSTQ010009460.1	400000	407338	1.0
JABSTQ010009461.1	0	100000	1.0
JABSTQ010009461.1	100000	200000	2.0
JABSTQ010009461.1	300000	310764	1.0
JABSTQ010009462.1	100000	184741	2.0
JABSTQ010009463.1	0	100000	2.0
JABSTQ010009463.1	100000	200000	3.0
JABSTQ010009463.1	200000	226095	1.0
JABSTQ010009464.1	0	95321	2.0
JABSTQ010009465.1	0	100000	1.0
JABSTQ010009465.1	100000	200000	2.0
JABSTQ010009465.1	200000	300000	1.0
JABSTQ010009465.1	300000	353030	1.0
JABSTQ010009466.1	0	100000	1.0
JABSTQ010009466.1	100000	183966	1.0
JABSTQ010009467.1	0	100000	2.0
JABSTQ010009467.1	100000	200000	1.0
JABSTQ010009467.1	200000	300000	1.0
JABSTQ010009467.1	300000	389590	3.0
JABSTQ010009468.1	0	100000	1.0
JABSTQ010009468.1	200000	300000	2.0
JABSTQ010009468.1	300000	400000	2.0
JABSTQ010009468.1	400000	500000	2.0
JABSTQ010009469.1	0	100000	1.0
JABSTQ010009469.1	100000	200000	1.0
JABSTQ010009469.1	200000	232921	1.0
JABSTQ010009470.1	0	100000	4.0
JABSTQ010009470.1	100000	200000	1.0
JABSTQ010009470.1	200000	300000	2.0
JABSTQ010009470.1	300000	400000	2.0
JABSTQ010009470.1	600000	700000	1.0
JABSTQ010009470.1	800000	900000	2.0
JABSTQ010009470.1	900000	1000000	2.0
JABSTQ010009470.1	1100000	1200000	3.0
JABSTQ010009470.1	1300000	1400000	1.0
JABSTQ010009470.1	1800000	1824921	1.0
JABSTQ010009471.1	0	100000	3.0
JABSTQ010009471.1	100000	200000	2.0
JABSTQ010009471.1	200000	296212	3.0
JABSTQ010009472.1	0	100000	2.0
JABSTQ010009472.1	200000	300000	1.0
JABSTQ010009472.1	300000	400000	2.0
JABSTQ010009472.1	400000	459119	1.0
JABSTQ010009473.1	0	100000	3.0
JABSTQ010009473.1	200000	300000	1.0
JABSTQ010009473.1	300000	400000	1.0
JABSTQ010009473.1	500000	600000	3.0
JABSTQ010009473.1	600000	680535	3.0
JABSTQ010009474.1	0	100000	5.0
JABSTQ010009474.1	100000	200000	1.0
JABSTQ010009474.1	200000	300000	3.0
JABSTQ010009474.1	300000	309385	1.0
JABSTQ010009475.1	0	100000	2.0
JABSTQ010009475.1	100000	157882	2.0
JABSTQ010009476.1	0	100000	1.0
JABSTQ010009476.1	200000	293952	1.0
JABSTQ010009477.1	0	100000	1.0
JABSTQ010009477.1	300000	400000	1.0
JABSTQ010009477.1	400000	500000	2.0
JABSTQ010009477.1	500000	600000	3.0
JABSTQ010009477.1	600000	633713	2.0
JABSTQ010009478.1	0	100000	2.0
JABSTQ010009478.1	100000	200000	2.0
JABSTQ010009478.1	200000	300000	1.0
JABSTQ010009478.1	400000	500000	1.0
JABSTQ010009478.1	500000	600000	1.0
JABSTQ010009478.1	600000	692389	2.0
JABSTQ010009479.1	0	100000	2.0
JABSTQ010009479.1	100000	200000	2.0
JABSTQ010009479.1	200000	300000	1.0
JABSTQ010009479.1	500000	600000	1.0
JABSTQ010009479.1	600000	700000	4.0
JABSTQ010009479.1	800000	900000	1.0
JABSTQ010009479.1	900000	941201	2.0
JABSTQ010009480.1	0	100000	2.0
JABSTQ010009480.1	200000	300000	1.0
JABSTQ010009480.1	300000	361658	3.0
JABSTQ010009481.1	0	100000	1.0
JABSTQ010009481.1	100000	156394	1.0
JABSTQ010009483.1	0	100000	2.0
JABSTQ010009483.1	100000	200000	2.0
JABSTQ010009483.1	200000	300000	2.0
JABSTQ010009483.1	300000	349663	1.0
JABSTQ010009484.1	100000	200000	2.0
JABSTQ010009484.1	200000	300000	2.0
JABSTQ010009484.1	300000	400000	1.0
JABSTQ010009485.1	0	100000	1.0
JABSTQ010009485.1	100000	200000	2.0
JABSTQ010009485.1	200000	300000	3.0
JABSTQ010009485.1	300000	309660	2.0
JABSTQ010009486.1	0	100000	2.0
JABSTQ010009486.1	100000	200000	2.0
JABSTQ010009486.1	200000	300000	1.0
JABSTQ010009486.1	300000	400000	4.0
JABSTQ010009486.1	400000	451096	2.0
JABSTQ010009487.1	100000	200000	3.0
JABSTQ010009487.1	200000	246453	2.0
JABSTQ010009488.1	100000	200000	1.0
JABSTQ010009488.1	300000	332353	1.0
JABSTQ010009489.1	0	100000	1.0
JABSTQ010009489.1	100000	200000	2.0
JABSTQ010009489.1	200000	300000	2.0
JABSTQ010009489.1	300000	400000	2.0
JABSTQ010009489.1	400000	500000	5.0
JABSTQ010009489.1	500000	600000	2.0
JABSTQ010009489.1	700000	800000	2.0
JABSTQ010009489.1	800000	815266	1.0
JABSTQ010009491.1	0	100000	4.0
JABSTQ010009491.1	100000	200000	1.0
JABSTQ010009491.1	200000	300000	3.0
JABSTQ010009491.1	300000	400000	2.0
JABSTQ010009491.1	400000	500000	1.0
JABSTQ010009491.1	500000	600000	1.0
JABSTQ010009491.1	600000	618355	2.0
JABSTQ010009492.1	0	100000	2.0
JABSTQ010009492.1	100000	141736	1.0
JABSTQ010009493.1	0	100000	1.0
JABSTQ010009493.1	200000	300000	1.0
JABSTQ010009493.1	300000	400000	2.0
JABSTQ010009493.1	400000	500000	1.0
JABSTQ010009493.1	500000	561353	2.0
JABSTQ010009494.1	0	100000	2.0
JABSTQ010009494.1	200000	300000	1.0
JABSTQ010009494.1	400000	500000	1.0
JABSTQ010009494.1	500000	600000	2.0
JABSTQ010009494.1	600000	700000	3.0
JABSTQ010009494.1	700000	726367	2.0
JABSTQ010009495.1	0	100000	3.0
JABSTQ010009495.1	100000	193256	2.0
JABSTQ010009496.1	0	100000	1.0
JABSTQ010009496.1	500000	600000	1.0
JABSTQ010009496.1	700000	800000	1.0
JABSTQ010009496.1	800000	900000	1.0
JABSTQ010009496.1	1000000	1049786	1.0
JABSTQ010009497.1	0	100000	5.0
JABSTQ010009497.1	100000	190082	3.0
JABSTQ010009498.1	0	100000	2.0
JABSTQ010009498.1	400000	500000	2.0
JABSTQ010009498.1	700000	797635	4.0
JABSTQ010009499.1	0	100000	1.0
JABSTQ010009499.1	100000	200000	3.0
JABSTQ010009499.1	200000	300000	5.0
JABSTQ010009499.1	300000	400000	3.0
JABSTQ010009499.1	400000	500000	3.0
JABSTQ010009499.1	500000	600000	4.0
JABSTQ010009499.1	600000	692111	3.0
JABSTQ010009500.1	0	100000	1.0
JABSTQ010009500.1	700000	800000	3.0
JABSTQ010009500.1	800000	886798	7.0
JABSTQ010009501.1	0	100000	2.0
JABSTQ010009501.1	100000	200000	1.0
JABSTQ010009501.1	200000	300000	3.0
JABSTQ010009501.1	300000	400000	2.0
JABSTQ010009501.1	400000	500000	3.0
JABSTQ010009501.1	500000	600000	3.0
JABSTQ010009501.1	600000	700000	1.0
JABSTQ010009501.1	700000	729324	2.0
JABSTQ010009502.1	0	100000	3.0
JABSTQ010009502.1	100000	200000	1.0
JABSTQ010009502.1	200000	278882	1.0
JABSTQ010009503.1	100000	200000	1.0
JABSTQ010009503.1	400000	458495	1.0
JABSTQ010009504.1	0	100000	1.0
JABSTQ010009504.1	100000	160489	1.0
JABSTQ010009505.1	0	38755	2.0
JABSTQ010009506.1	0	100000	3.0
JABSTQ010009506.1	600000	663145	2.0
JABSTQ010009507.1	0	100000	2.0
JABSTQ010009507.1	100000	200000	2.0
JABSTQ010009507.1	200000	300000	2.0
JABSTQ010009507.1	300000	400000	3.0
JABSTQ010009507.1	500000	551206	1.0
JABSTQ010009508.1	0	100000	2.0
JABSTQ010009508.1	100000	200000	1.0
JABSTQ010009508.1	200000	300000	3.0
JABSTQ010009508.1	300000	400000	4.0
JABSTQ010009508.1	400000	415367	1.0
JABSTQ010009509.1	0	100000	2.0
JABSTQ010009509.1	100000	200000	2.0
JABSTQ010009509.1	200000	300000	3.0
JABSTQ010009509.1	300000	343356	3.0
JABSTQ010009510.1	0	100000	2.0
JABSTQ010009510.1	100000	200000	1.0
JABSTQ010009510.1	200000	300000	4.0
JABSTQ010009510.1	300000	400000	4.0
JABSTQ010009510.1	400000	500000	5.0
JABSTQ010009510.1	500000	542381	1.0
JABSTQ010009511.1	0	100000	1.0
JABSTQ010009511.1	300000	348379	1.0
JABSTQ010009512.1	200000	266835	1.0
JABSTQ010009513.1	0	100000	3.0
JABSTQ010009513.1	100000	200000	3.0
JABSTQ010009513.1	200000	300000	1.0
JABSTQ010009513.1	300000	348641	1.0
JABSTQ010009514.1	100000	200000	1.0
JABSTQ010009514.1	200000	300000	2.0
JABSTQ010009514.1	800000	900000	2.0
JABSTQ010009514.1	900000	1000000	2.0
JABSTQ010009514.1	1000000	1100000	1.0
JABSTQ010009514.1	1100000	1200000	2.0
JABSTQ010009514.1	1300000	1400000	1.0
JABSTQ010009514.1	1400000	1500000	1.0
JABSTQ010009514.1	1500000	1600000	2.0
JABSTQ010009514.1	1700000	1765833	2.0
JABSTQ010009515.1	0	100000	1.0
JABSTQ010009515.1	100000	200000	2.0
JABSTQ010009515.1	200000	300000	1.0
JABSTQ010009515.1	300000	355030	3.0
JABSTQ010009516.1	0	100000	2.0
JABSTQ010009516.1	100000	200000	2.0
JABSTQ010009516.1	200000	300000	2.0
JABSTQ010009516.1	300000	400000	1.0
JABSTQ010009516.1	400000	500000	2.0
JABSTQ010009516.1	500000	589637	4.0
JABSTQ010009517.1	0	100000	1.0
JABSTQ010009517.1	100000	139204	1.0
JABSTQ010009518.1	0	100000	1.0
JABSTQ010009518.1	100000	200000	1.0
JABSTQ010009518.1	200000	300000	1.0
JABSTQ010009518.1	300000	325481	1.0
JABSTQ010009519.1	0	100000	1.0
JABSTQ010009519.1	100000	200000	2.0
JABSTQ010009519.1	200000	219214	2.0
JABSTQ010009520.1	0	100000	1.0
JABSTQ010009520.1	100000	200000	3.0
JABSTQ010009520.1	200000	300000	2.0
JABSTQ010009520.1	300000	382439	1.0
JABSTQ010009521.1	0	100000	4.0
JABSTQ010009521.1	100000	200000	2.0
JABSTQ010009521.1	200000	300000	6.0
JABSTQ010009521.1	300000	400000	1.0
JABSTQ010009521.1	400000	477596	4.0
JABSTQ010009522.1	0	100000	3.0
JABSTQ010009522.1	100000	153700	1.0
JABSTQ010009523.1	0	100000	7.0
JABSTQ010009523.1	100000	200000	3.0
JABSTQ010009523.1	200000	292488	3.0
JABSTQ010009524.1	0	100000	3.0
JABSTQ010009524.1	100000	200000	1.0
JABSTQ010009524.1	200000	300000	1.0
JABSTQ010009524.1	300000	400000	3.0
JABSTQ010009524.1	400000	500000	3.0
JABSTQ010009524.1	500000	600000	3.0
JABSTQ010009524.1	600000	638223	1.0
JABSTQ010009525.1	300000	400000	3.0
JABSTQ010009525.1	400000	500000	2.0
JABSTQ010009525.1	500000	600000	1.0
JABSTQ010009525.1	600000	637132	1.0
JABSTQ010009526.1	0	100000	1.0
JABSTQ010009526.1	100000	134671	1.0
JABSTQ010009527.1	0	100000	2.0
JABSTQ010009527.1	100000	200000	1.0
JABSTQ010009527.1	200000	225112	1.0
JABSTQ010009528.1	0	73524	1.0
JABSTQ010009529.1	0	100000	2.0
JABSTQ010009529.1	100000	200000	2.0
JABSTQ010009529.1	200000	300000	2.0
JABSTQ010009529.1	300000	400000	1.0
JABSTQ010009529.1	400000	413585	1.0
JABSTQ010009530.1	0	100000	1.0
JABSTQ010009530.1	100000	200000	1.0
JABSTQ010009530.1	300000	400000	2.0
JABSTQ010009530.1	500000	600000	2.0
JABSTQ010009530.1	700000	800000	2.0
JABSTQ010009530.1	800000	900000	2.0
JABSTQ010009530.1	900000	943226	1.0
JABSTQ010009531.1	0	87027	5.0
JABSTQ010009532.1	0	100000	1.0
JABSTQ010009532.1	100000	200000	2.0
JABSTQ010009532.1	200000	300000	1.0
JABSTQ010009532.1	900000	1000000	2.0
JABSTQ010009532.1	1000000	1100000	1.0
JABSTQ010009532.1	1200000	1296179	1.0
JABSTQ010009533.1	0	100000	2.0
JABSTQ010009533.1	100000	200000	4.0
JABSTQ010009533.1	200000	300000	1.0
JABSTQ010009533.1	300000	364986	5.0
JABSTQ010009534.1	0	100000	2.0
JABSTQ010009534.1	100000	200000	2.0
JABSTQ010009534.1	200000	300000	1.0
JABSTQ010009534.1	300000	400000	1.0
JABSTQ010009534.1	400000	500000	1.0
JABSTQ010009534.1	500000	600000	2.0
JABSTQ010009534.1	600000	700000	2.0
JABSTQ010009534.1	700000	800000	2.0
JABSTQ010009534.1	800000	900000	1.0
JABSTQ010009534.1	900000	1000000	5.0
JABSTQ010009534.1	1000000	1051278	1.0
JABSTQ010009535.1	0	11056	2.0
JABSTQ010009536.1	0	100000	1.0
JABSTQ010009536.1	100000	200000	2.0
JABSTQ010009536.1	200000	238020	1.0
JABSTQ010009537.1	0	100000	2.0
JABSTQ010009537.1	100000	153067	2.0
JABSTQ010009538.1	0	100000	1.0
JABSTQ010009538.1	100000	153103	1.0
JABSTQ010009539.1	100000	200000	3.0
JABSTQ010009539.1	200000	300000	3.0
JABSTQ010009539.1	300000	400000	1.0
JABSTQ010009539.1	400000	500000	2.0
JABSTQ010009540.1	0	66697	2.0
JABSTQ010009541.1	0	100000	1.0
JABSTQ010009541.1	300000	400000	1.0
JABSTQ010009541.1	600000	700000	1.0
JABSTQ010009541.1	700000	800000	2.0
JABSTQ010009541.1	800000	900000	4.0
JABSTQ010009541.1	900000	947217	1.0
JABSTQ010009542.1	0	100000	1.0
JABSTQ010009542.1	200000	268144	2.0
JABSTQ010009543.1	100000	200000	1.0
JABSTQ010009543.1	300000	400000	3.0
JABSTQ010009543.1	400000	431000	2.0
JABSTQ010009544.1	100000	200000	2.0
JABSTQ010009544.1	200000	212381	1.0
JABSTQ010009545.1	0	100000	3.0
JABSTQ010009545.1	100000	200000	4.0
JABSTQ010009545.1	200000	300000	4.0
JABSTQ010009545.1	500000	543018	1.0
JABSTQ010009546.1	0	100000	1.0
JABSTQ010009546.1	100000	200000	1.0
JABSTQ010009546.1	200000	285496	2.0
JABSTQ010009547.1	0	100000	2.0
JABSTQ010009547.1	100000	105756	1.0
JABSTQ010009548.1	0	100000	1.0
JABSTQ010009548.1	100000	187209	3.0
JABSTQ010009549.1	0	100000	1.0
JABSTQ010009549.1	100000	121194	1.0
JABSTQ010009550.1	0	100000	5.0
JABSTQ010009550.1	100000	200000	1.0
JABSTQ010009550.1	200000	300000	1.0
JABSTQ010009550.1	300000	400000	1.0
JABSTQ010009550.1	500000	600000	2.0
JABSTQ010009550.1	700000	800000	1.0
JABSTQ010009550.1	1400000	1500000	1.0
JABSTQ010009550.1	1500000	1600000	1.0
JABSTQ010009550.1	1600000	1700000	2.0
JABSTQ010009550.1	1700000	1800000	2.0
JABSTQ010009550.1	1800000	1900000	3.0
JABSTQ010009550.1	1900000	2000000	7.0
JABSTQ010009550.1	2000000	2100000	3.0
JABSTQ010009550.1	2100000	2157444	2.0
JABSTQ010009551.1	0	100000	4.0
JABSTQ010009551.1	200000	300000	1.0
JABSTQ010009551.1	300000	400000	3.0
JABSTQ010009551.1	400000	500000	2.0
JABSTQ010009551.1	500000	600000	1.0
JABSTQ010009551.1	600000	700000	1.0
JABSTQ010009551.1	700000	800000	4.0
JABSTQ010009552.1	0	100000	3.0
JABSTQ010009552.1	100000	200000	1.0
JABSTQ010009552.1	200000	300000	2.0
JABSTQ010009552.1	300000	344014	1.0
JABSTQ010009553.1	0	100000	1.0
JABSTQ010009553.1	100000	186067	3.0
JABSTQ010009554.1	100000	200000	3.0
JABSTQ010009554.1	200000	300000	2.0
JABSTQ010009554.1	300000	313088	1.0
JABSTQ010009555.1	200000	300000	3.0
JABSTQ010009555.1	300000	400000	2.0
JABSTQ010009556.1	0	100000	2.0
JABSTQ010009556.1	100000	200000	1.0
JABSTQ010009556.1	200000	300000	1.0
JABSTQ010009557.1	100000	200000	2.0
JABSTQ010009557.1	300000	400000	2.0
JABSTQ010009557.1	400000	500000	5.0
JABSTQ010009558.1	0	100000	1.0
JABSTQ010009558.1	100000	200000	1.0
JABSTQ010009558.1	200000	256434	2.0
JABSTQ010009559.1	200000	300000	5.0
JABSTQ010009559.1	400000	500000	1.0
JABSTQ010009559.1	500000	600000	3.0
JABSTQ010009559.1	600000	700000	2.0
JABSTQ010009560.1	0	100000	3.0
JABSTQ010009560.1	100000	200000	1.0
JABSTQ010009560.1	300000	400000	2.0
JABSTQ010009560.1	400000	500000	4.0
JABSTQ010009560.1	500000	600000	1.0
JABSTQ010009560.1	600000	700000	2.0
JABSTQ010009560.1	700000	800000	1.0
JABSTQ010009560.1	900000	1000000	2.0
JABSTQ010009560.1	1000000	1100000	1.0
JABSTQ010009560.1	1100000	1200000	2.0
JABSTQ010009560.1	1200000	1300000	3.0
JABSTQ010009560.1	1300000	1400000	1.0
JABSTQ010009560.1	1400000	1500000	1.0
JABSTQ010009560.1	1500000	1508035	1.0
JABSTQ010009561.1	0	100000	4.0
JABSTQ010009561.1	100000	164233	1.0
JABSTQ010009562.1	0	100000	2.0
JABSTQ010009562.1	100000	200000	4.0
JABSTQ010009562.1	200000	285252	4.0
JABSTQ010009563.1	0	100000	3.0
JABSTQ010009563.1	100000	200000	2.0
JABSTQ010009563.1	200000	300000	1.0
JABSTQ010009563.1	300000	400000	2.0
JABSTQ010009563.1	400000	500000	3.0
JABSTQ010009563.1	500000	600000	6.0
JABSTQ010009563.1	600000	700000	8.0
JABSTQ010009563.1	700000	800000	2.0
JABSTQ010009563.1	800000	900000	1.0
JABSTQ010009563.1	1000000	1100000	1.0
JABSTQ010009563.1	1100000	1200000	1.0
JABSTQ010009563.1	1200000	1300000	1.0
JABSTQ010009563.1	1300000	1322407	2.0
JABSTQ010009564.1	100000	200000	1.0
JABSTQ010009564.1	400000	500000	2.0
JABSTQ010009564.1	500000	600000	1.0
JABSTQ010009564.1	600000	700000	2.0
JABSTQ010009564.1	700000	800000	4.0
JABSTQ010009564.1	800000	900000	4.0
JABSTQ010009564.1	900000	1000000	2.0
JABSTQ010009564.1	1000000	1100000	1.0
JABSTQ010009564.1	1100000	1200000	1.0
JABSTQ010009564.1	1200000	1300000	3.0
JABSTQ010009564.1	1300000	1400000	2.0
JABSTQ010009564.1	1400000	1491340	2.0
JABSTQ010009565.1	0	100000	1.0
JABSTQ010009565.1	100000	200000	3.0
JABSTQ010009565.1	200000	300000	3.0
JABSTQ010009565.1	300000	396693	1.0
JABSTQ010009566.1	0	100000	2.0
JABSTQ010009566.1	100000	200000	2.0
JABSTQ010009566.1	200000	300000	2.0
JABSTQ010009566.1	300000	400000	2.0
JABSTQ010009566.1	400000	500000	1.0
JABSTQ010009566.1	500000	550064	1.0
JABSTQ010009567.1	0	100000	5.0
JABSTQ010009567.1	100000	200000	1.0
JABSTQ010009567.1	200000	300000	1.0
JABSTQ010009567.1	300000	400000	1.0
JABSTQ010009567.1	400000	422829	1.0
JABSTQ010009568.1	100000	200000	1.0
JABSTQ010009568.1	300000	400000	1.0
JABSTQ010009568.1	400000	500000	1.0
JABSTQ010009568.1	600000	629881	1.0
JABSTQ010009569.1	100000	200000	2.0
JABSTQ010009569.1	200000	300000	1.0
JABSTQ010009569.1	300000	400000	2.0
JABSTQ010009569.1	400000	459600	1.0
JABSTQ010009570.1	0	100000	3.0
JABSTQ010009570.1	100000	200000	1.0
JABSTQ010009570.1	200000	300000	2.0
JABSTQ010009570.1	300000	400000	1.0
JABSTQ010009570.1	400000	421950	1.0
JABSTQ010009571.1	0	100000	1.0
JABSTQ010009571.1	200000	272773	3.0
JABSTQ010009572.1	0	100000	1.0
JABSTQ010009572.1	100000	200000	1.0
JABSTQ010009572.1	200000	300000	1.0
JABSTQ010009572.1	300000	400000	3.0
JABSTQ010009572.1	400000	500000	1.0
JABSTQ010009572.1	500000	535314	1.0
JABSTQ010009573.1	0	100000	1.0
JABSTQ010009573.1	100000	200000	2.0
JABSTQ010009573.1	200000	300000	1.0
JABSTQ010009573.1	300000	400000	3.0
JABSTQ010009573.1	400000	500000	1.0
JABSTQ010009573.1	1000000	1100000	3.0
JABSTQ010009573.1	1100000	1166312	2.0
JABSTQ010009574.1	0	100000	1.0
JABSTQ010009574.1	100000	175995	2.0
JABSTQ010009575.1	100000	200000	1.0
JABSTQ010009575.1	200000	300000	2.0
JABSTQ010009575.1	300000	400000	2.0
JABSTQ010009575.1	400000	477442	3.0
JABSTQ010009576.1	300000	386353	2.0
JABSTQ010009577.1	0	100000	1.0
JABSTQ010009577.1	200000	278586	1.0
JABSTQ010009578.1	200000	300000	1.0
JABSTQ010009578.1	300000	400000	1.0
JABSTQ010009578.1	900000	1000000	3.0
JABSTQ010009578.1	1000000	1100000	3.0
JABSTQ010009578.1	1100000	1200000	1.0
JABSTQ010009578.1	1200000	1300000	1.0
JABSTQ010009578.1	1300000	1400000	1.0
JABSTQ010009578.1	1400000	1500000	3.0
JABSTQ010009578.1	1600000	1687598	1.0
JABSTQ010009579.1	100000	200000	1.0
JABSTQ010009579.1	200000	300000	1.0
JABSTQ010009579.1	300000	400000	2.0
JABSTQ010009579.1	400000	500000	1.0
JABSTQ010009579.1	500000	600000	3.0
JABSTQ010009579.1	600000	700000	1.0
JABSTQ010009579.1	700000	727542	2.0
JABSTQ010009580.1	0	100000	1.0
JABSTQ010009580.1	100000	176964	1.0
JABSTQ010009581.1	100000	200000	1.0
JABSTQ010009581.1	200000	300000	2.0
JABSTQ010009581.1	300000	400000	4.0
JABSTQ010009581.1	400000	500000	2.0
JABSTQ010009581.1	500000	600000	4.0
JABSTQ010009581.1	600000	655548	1.0
JABSTQ010009582.1	0	100000	1.0
JABSTQ010009582.1	100000	200000	1.0
JABSTQ010009582.1	200000	300000	2.0
JABSTQ010009582.1	300000	400000	2.0
JABSTQ010009582.1	400000	500000	2.0
JABSTQ010009582.1	500000	600000	1.0
JABSTQ010009582.1	600000	700000	1.0
JABSTQ010009582.1	700000	800000	1.0
JABSTQ010009582.1	800000	829103	1.0
JABSTQ010009583.1	100000	200000	2.0
JABSTQ010009583.1	500000	600000	2.0
JABSTQ010009583.1	600000	646992	1.0
JABSTQ010009584.1	0	100000	4.0
JABSTQ010009584.1	100000	200000	5.0
JABSTQ010009584.1	200000	296472	3.0
JABSTQ010009585.1	0	100000	1.0
JABSTQ010009585.1	100000	200000	2.0
JABSTQ010009585.1	200000	300000	3.0
JABSTQ010009585.1	300000	400000	3.0
JABSTQ010009585.1	400000	500000	1.0
JABSTQ010009585.1	600000	700000	1.0
JABSTQ010009585.1	900000	1000000	2.0
JABSTQ010009585.1	1000000	1100000	1.0
JABSTQ010009585.1	1100000	1177833	3.0
JABSTQ010009587.1	0	100000	5.0
JABSTQ010009587.1	100000	200000	1.0
JABSTQ010009587.1	200000	300000	1.0
JABSTQ010009587.1	300000	400000	1.0
JABSTQ010009587.1	400000	500000	3.0
JABSTQ010009587.1	600000	700000	1.0
JABSTQ010009587.1	700000	800000	3.0
JABSTQ010009587.1	800000	900000	2.0
JABSTQ010009587.1	1000000	1100000	1.0
JABSTQ010009587.1	1300000	1400000	2.0
JABSTQ010009587.1	1500000	1600000	2.0
JABSTQ010009587.1	1600000	1700000	1.0
JABSTQ010009587.1	1700000	1800000	3.0
JABSTQ010009587.1	1800000	1900000	1.0
JABSTQ010009587.1	1900000	1939999	1.0
JABSTQ010009588.1	0	100000	1.0
JABSTQ010009588.1	100000	200000	4.0
JABSTQ010009588.1	200000	300000	5.0
JABSTQ010009588.1	300000	400000	3.0
JABSTQ010009588.1	400000	500000	2.0
JABSTQ010009588.1	500000	600000	4.0
JABSTQ010009588.1	600000	700000	1.0
JABSTQ010009588.1	700000	728462	1.0
JABSTQ010009589.1	0	100000	1.0
JABSTQ010009589.1	200000	300000	1.0
JABSTQ010009589.1	400000	500000	1.0
JABSTQ010009589.1	500000	544009	2.0
JABSTQ010009590.1	0	100000	3.0
JABSTQ010009590.1	100000	200000	2.0
JABSTQ010009590.1	200000	300000	2.0
JABSTQ010009590.1	300000	400000	3.0
JABSTQ010009590.1	400000	500000	1.0
JABSTQ010009590.1	500000	586200	3.0
JABSTQ010009591.1	0	100000	1.0
JABSTQ010009591.1	100000	200000	1.0
JABSTQ010009591.1	300000	400000	2.0
JABSTQ010009591.1	400000	461573	1.0
JABSTQ010009592.1	0	100000	1.0
JABSTQ010009592.1	100000	200000	3.0
JABSTQ010009592.1	200000	300000	3.0
JABSTQ010009592.1	300000	400000	4.0
JABSTQ010009592.1	400000	500000	2.0
JABSTQ010009592.1	500000	552228	3.0
JABSTQ010009593.1	0	100000	1.0
JABSTQ010009593.1	100000	144090	1.0
JABSTQ010009594.1	0	100000	1.0
JABSTQ010009594.1	200000	300000	1.0
JABSTQ010009594.1	300000	400000	1.0
JABSTQ010009594.1	700000	800000	1.0
JABSTQ010009594.1	900000	934423	1.0
JABSTQ010009595.1	0	100000	5.0
JABSTQ010009595.1	100000	179611	3.0
JABSTQ010009596.1	0	100000	2.0
JABSTQ010009596.1	200000	227878	1.0
JABSTQ010009597.1	0	100000	8.0
JABSTQ010009597.1	100000	186664	5.0
JABSTQ010009598.1	0	100000	4.0
JABSTQ010009598.1	100000	200000	1.0
JABSTQ010009598.1	300000	400000	1.0
JABSTQ010009598.1	500000	600000	1.0
JABSTQ010009598.1	700000	800000	3.0
JABSTQ010009598.1	800000	900000	1.0
JABSTQ010009598.1	1000000	1100000	1.0
JABSTQ010009598.1	1100000	1200000	1.0
JABSTQ010009598.1	1400000	1500000	1.0
JABSTQ010009598.1	1500000	1600000	1.0
JABSTQ010009598.1	1600000	1626027	1.0
JABSTQ010009599.1	0	100000	2.0
JABSTQ010009599.1	100000	200000	1.0
JABSTQ010009599.1	400000	500000	2.0
JABSTQ010009599.1	600000	700000	2.0
JABSTQ010009599.1	700000	707574	1.0
JABSTQ010009600.1	0	100000	1.0
JABSTQ010009600.1	100000	200000	5.0
JABSTQ010009600.1	200000	300000	3.0
JABSTQ010009600.1	300000	400000	3.0
JABSTQ010009600.1	400000	500000	4.0
JABSTQ010009600.1	500000	600000	1.0
JABSTQ010009600.1	600000	641123	5.0
JABSTQ010009601.1	0	100000	3.0
JABSTQ010009601.1	100000	200000	1.0
JABSTQ010009601.1	200000	237136	2.0
JABSTQ010009602.1	0	100000	1.0
JABSTQ010009602.1	100000	189486	2.0
JABSTQ010009603.1	0	100000	1.0
JABSTQ010009603.1	100000	200000	1.0
JABSTQ010009603.1	200000	224516	1.0
JABSTQ010009604.1	0	100000	3.0
JABSTQ010009604.1	100000	200000	3.0
JABSTQ010009604.1	200000	300000	1.0
JABSTQ010009604.1	300000	400000	3.0
JABSTQ010009604.1	400000	500000	1.0
JABSTQ010009604.1	500000	600000	3.0
JABSTQ010009604.1	600000	700000	1.0
JABSTQ010009604.1	700000	800000	2.0
JABSTQ010009604.1	900000	1000000	2.0
JABSTQ010009604.1	1000000	1100000	1.0
JABSTQ010009604.1	1500000	1600000	1.0
JABSTQ010009604.1	1600000	1608593	1.0
JABSTQ010009605.1	100000	200000	1.0
JABSTQ010009605.1	200000	300000	1.0
JABSTQ010009605.1	300000	400000	3.0
JABSTQ010009606.1	0	100000	8.0
JABSTQ010009606.1	100000	114675	1.0
JABSTQ010009607.1	0	100000	5.0
JABSTQ010009607.1	100000	200000	2.0
JABSTQ010009607.1	200000	300000	3.0
JABSTQ010009607.1	300000	400000	1.0
JABSTQ010009607.1	400000	500000	1.0
JABSTQ010009607.1	500000	600000	2.0
JABSTQ010009607.1	1000000	1100000	2.0
JABSTQ010009607.1	1100000	1194413	1.0
JABSTQ010009608.1	0	100000	2.0
JABSTQ010009608.1	100000	200000	4.0
JABSTQ010009608.1	200000	300000	3.0
JABSTQ010009608.1	300000	329061	1.0
JABSTQ010009609.1	0	100000	1.0
JABSTQ010009609.1	100000	200000	1.0
JABSTQ010009609.1	200000	300000	2.0
JABSTQ010009609.1	300000	331503	3.0
JABSTQ010009610.1	0	100000	2.0
JABSTQ010009610.1	100000	188133	2.0
JABSTQ010009611.1	0	100000	1.0
JABSTQ010009611.1	100000	200000	1.0
JABSTQ010009611.1	200000	227960	2.0
JABSTQ010009612.1	0	100000	1.0
JABSTQ010009612.1	100000	200000	1.0
JABSTQ010009612.1	400000	500000	1.0
JABSTQ010009612.1	500000	543512	1.0
JABSTQ010009613.1	0	100000	1.0
JABSTQ010009613.1	100000	162223	2.0
JABSTQ010009614.1	100000	200000	1.0
JABSTQ010009614.1	200000	300000	2.0
JABSTQ010009614.1	300000	371229	1.0
JABSTQ010009615.1	0	100000	1.0
JABSTQ010009615.1	100000	200000	4.0
JABSTQ010009615.1	200000	300000	4.0
JABSTQ010009615.1	300000	400000	5.0
JABSTQ010009615.1	400000	467359	2.0
JABSTQ010009616.1	300000	400000	1.0
JABSTQ010009616.1	400000	500000	4.0
JABSTQ010009616.1	500000	532271	2.0
JABSTQ010009617.1	0	100000	7.0
JABSTQ010009617.1	100000	199242	5.0
JABSTQ010009618.1	0	100000	3.0
JABSTQ010009618.1	100000	200000	3.0
JABSTQ010009618.1	200000	300000	1.0
JABSTQ010009618.1	300000	400000	1.0
JABSTQ010009618.1	400000	468766	2.0
JABSTQ010009619.1	0	100000	5.0
JABSTQ010009619.1	100000	200000	2.0
JABSTQ010009619.1	200000	300000	1.0
JABSTQ010009619.1	300000	400000	2.0
JABSTQ010009619.1	400000	500000	1.0
JABSTQ010009619.1	500000	600000	3.0
JABSTQ010009619.1	600000	700000	2.0
JABSTQ010009619.1	700000	737757	1.0
JABSTQ010009620.1	0	100000	2.0
JABSTQ010009620.1	100000	200000	1.0
JABSTQ010009620.1	200000	300000	1.0
JABSTQ010009620.1	300000	364846	2.0
JABSTQ010009621.1	100000	200000	1.0
JABSTQ010009621.1	200000	300000	1.0
JABSTQ010009621.1	300000	328426	1.0
JABSTQ010009622.1	100000	200000	2.0
JABSTQ010009622.1	200000	300000	3.0
JABSTQ010009622.1	500000	600000	1.0
JABSTQ010009622.1	600000	700000	1.0
JABSTQ010009622.1	1100000	1200000	1.0
JABSTQ010009622.1	1200000	1300000	3.0
JABSTQ010009622.1	1300000	1374080	6.0
JABSTQ010009623.1	0	100000	3.0
JABSTQ010009623.1	100000	200000	2.0
JABSTQ010009623.1	200000	300000	2.0
JABSTQ010009623.1	300000	400000	2.0
JABSTQ010009623.1	400000	500000	1.0
JABSTQ010009623.1	500000	600000	3.0
JABSTQ010009623.1	600000	700000	2.0
JABSTQ010009624.1	0	100000	1.0
JABSTQ010009624.1	300000	400000	1.0
JABSTQ010009624.1	400000	500000	1.0
JABSTQ010009624.1	500000	600000	3.0
JABSTQ010009624.1	600000	700000	3.0
JABSTQ010009624.1	700000	800000	5.0
JABSTQ010009624.1	800000	900000	2.0
JABSTQ010009624.1	900000	1000000	4.0
JABSTQ010009624.1	1000000	1100000	4.0
JABSTQ010009624.1	1100000	1178952	2.0
JABSTQ010009625.1	0	100000	3.0
JABSTQ010009625.1	100000	200000	1.0
JABSTQ010009625.1	200000	300000	3.0
JABSTQ010009625.1	400000	443941	1.0
JABSTQ010009626.1	100000	200000	1.0
JABSTQ010009626.1	200000	290022	1.0
JABSTQ010009627.1	0	100000	5.0
JABSTQ010009627.1	200000	299224	3.0
JABSTQ010009628.1	0	100000	2.0
JABSTQ010009628.1	100000	200000	4.0
JABSTQ010009628.1	200000	300000	2.0
JABSTQ010009628.1	300000	348863	1.0
JABSTQ010009629.1	0	100000	1.0
JABSTQ010009629.1	300000	313115	1.0
JABSTQ010009630.1	200000	278810	1.0
JABSTQ010009631.1	0	100000	1.0
JABSTQ010009631.1	100000	200000	1.0
JABSTQ010009631.1	200000	300000	4.0
JABSTQ010009631.1	400000	500000	1.0
JABSTQ010009631.1	500000	577656	1.0
JABSTQ010009632.1	0	100000	6.0
JABSTQ010009632.1	100000	200000	5.0
JABSTQ010009632.1	200000	300000	5.0
JABSTQ010009632.1	300000	400000	1.0
JABSTQ010009632.1	400000	500000	1.0
JABSTQ010009632.1	500000	600000	5.0
JABSTQ010009632.1	600000	700000	1.0
JABSTQ010009632.1	900000	940622	1.0
JABSTQ010009633.1	0	100000	1.0
JABSTQ010009633.1	100000	200000	1.0
JABSTQ010009633.1	200000	300000	1.0
JABSTQ010009633.1	300000	400000	1.0
JABSTQ010009633.1	700000	758573	3.0
JABSTQ010009634.1	0	100000	2.0
JABSTQ010009634.1	200000	272691	1.0
JABSTQ010009635.1	100000	200000	3.0
JABSTQ010009635.1	200000	300000	1.0
JABSTQ010009635.1	300000	373680	2.0
JABSTQ010009636.1	0	100000	2.0
JABSTQ010009636.1	100000	200000	1.0
JABSTQ010009636.1	200000	300000	2.0
JABSTQ010009638.1	0	100000	2.0
JABSTQ010009638.1	100000	200000	4.0
JABSTQ010009638.1	200000	300000	1.0
JABSTQ010009638.1	400000	442559	2.0
JABSTQ010009639.1	0	100000	1.0
JABSTQ010009639.1	100000	200000	1.0
JABSTQ010009639.1	200000	300000	1.0
JABSTQ010009639.1	300000	400000	1.0
JABSTQ010009639.1	400000	500000	1.0
JABSTQ010009639.1	500000	549236	1.0
JABSTQ010009640.1	0	100000	1.0
JABSTQ010009640.1	100000	200000	2.0
JABSTQ010009640.1	200000	300000	2.0
JABSTQ010009640.1	300000	400000	3.0
JABSTQ010009640.1	700000	786900	5.0
JABSTQ010009641.1	0	100000	1.0
JABSTQ010009641.1	100000	200000	2.0
JABSTQ010009641.1	200000	300000	1.0
JABSTQ010009641.1	300000	345707	1.0
JABSTQ010009642.1	100000	200000	1.0
JABSTQ010009642.1	300000	400000	1.0
JABSTQ010009642.1	500000	600000	1.0
JABSTQ010009642.1	700000	800000	1.0
JABSTQ010009642.1	800000	900000	1.0
JABSTQ010009642.1	900000	1000000	1.0
JABSTQ010009642.1	1000000	1100000	2.0
JABSTQ010009642.1	1100000	1200000	4.0
JABSTQ010009642.1	1200000	1300000	1.0
JABSTQ010009642.1	1300000	1339196	1.0
JABSTQ010009643.1	0	100000	2.0
JABSTQ010009643.1	100000	200000	1.0
JABSTQ010009643.1	200000	300000	1.0
JABSTQ010009643.1	300000	364384	1.0
JABSTQ010009644.1	0	100000	3.0
JABSTQ010009644.1	100000	187127	3.0
JABSTQ010009645.1	0	100000	2.0
JABSTQ010009645.1	100000	200000	2.0
JABSTQ010009645.1	200000	300000	2.0
JABSTQ010009645.1	300000	400000	1.0
JABSTQ010009645.1	400000	447180	3.0
JABSTQ010009646.1	0	100000	9.0
JABSTQ010009646.1	100000	186626	5.0
JABSTQ010009647.1	0	100000	3.0
JABSTQ010009647.1	100000	200000	1.0
JABSTQ010009647.1	300000	400000	1.0
JABSTQ010009647.1	500000	582627	3.0
JABSTQ010009648.1	0	100000	2.0
JABSTQ010009648.1	100000	187081	2.0
JABSTQ010009649.1	400000	440615	2.0
JABSTQ010009650.1	0	100000	3.0
JABSTQ010009650.1	100000	200000	2.0
JABSTQ010009650.1	200000	300000	1.0
JABSTQ010009650.1	300000	400000	2.0
JABSTQ010009650.1	400000	500000	10.0
JABSTQ010009650.1	500000	600000	5.0
JABSTQ010009650.1	600000	700000	7.0
JABSTQ010009650.1	700000	800000	2.0
JABSTQ010009650.1	800000	900000	2.0
JABSTQ010009650.1	900000	1000000	1.0
JABSTQ010009650.1	1100000	1200000	1.0
JABSTQ010009650.1	1200000	1300000	1.0
JABSTQ010009650.1	1300000	1400000	2.0
JABSTQ010009650.1	1400000	1500000	1.0
JABSTQ010009650.1	1500000	1600000	1.0
JABSTQ010009650.1	1700000	1800000	1.0
JABSTQ010009650.1	1800000	1869161	1.0
JABSTQ010009651.1	100000	125287	1.0
JABSTQ010009652.1	0	100000	2.0
JABSTQ010009652.1	100000	200000	2.0
JABSTQ010009652.1	200000	288059	3.0
JABSTQ010009653.1	0	100000	4.0
JABSTQ010009653.1	100000	200000	2.0
JABSTQ010009653.1	200000	300000	1.0
JABSTQ010009653.1	300000	400000	2.0
JABSTQ010009653.1	400000	500000	1.0
JABSTQ010009653.1	500000	600000	3.0
JABSTQ010009654.1	0	100000	1.0
JABSTQ010009654.1	100000	200000	3.0
JABSTQ010009654.1	200000	300000	4.0
JABSTQ010009654.1	300000	400000	1.0
JABSTQ010009654.1	400000	500000	2.0
JABSTQ010009654.1	500000	600000	2.0
JABSTQ010009654.1	600000	700000	5.0
JABSTQ010009654.1	700000	800000	2.0
JABSTQ010009654.1	800000	900000	4.0
JABSTQ010009654.1	900000	1000000	3.0
JABSTQ010009654.1	1000000	1100000	3.0
JABSTQ010009654.1	1100000	1200000	2.0
JABSTQ010009654.1	1200000	1300000	3.0
JABSTQ010009654.1	1300000	1400000	4.0
JABSTQ010009654.1	1400000	1500000	1.0
JABSTQ010009654.1	1600000	1700000	1.0
JABSTQ010009654.1	1800000	1900000	5.0
JABSTQ010009654.1	1900000	2000000	3.0
JABSTQ010009654.1	2000000	2100000	1.0
JABSTQ010009654.1	2100000	2200000	1.0
JABSTQ010009654.1	2200000	2300000	1.0
JABSTQ010009654.1	2300000	2400000	1.0
JABSTQ010009654.1	2400000	2500000	3.0
JABSTQ010009654.1	2700000	2800000	2.0
JABSTQ010009654.1	2900000	3000000	1.0
JABSTQ010009654.1	3100000	3200000	1.0
JABSTQ010009654.1	3200000	3300000	4.0
JABSTQ010009654.1	3300000	3400000	1.0
JABSTQ010009654.1	3400000	3500000	1.0
JABSTQ010009654.1	3500000	3600000	2.0
JABSTQ010009654.1	3600000	3700000	2.0
JABSTQ010009654.1	3700000	3800000	5.0
JABSTQ010009654.1	3900000	3928676	1.0
JABSTQ010009655.1	0	100000	4.0
JABSTQ010009655.1	100000	200000	3.0
JABSTQ010009655.1	200000	300000	2.0
JABSTQ010009655.1	300000	347696	2.0
JABSTQ010009656.1	0	100000	3.0
JABSTQ010009656.1	100000	200000	2.0
JABSTQ010009656.1	300000	400000	1.0
JABSTQ010009656.1	400000	500000	3.0
JABSTQ010009656.1	500000	577783	1.0
JABSTQ010009657.1	0	100000	2.0
JABSTQ010009657.1	200000	300000	1.0
JABSTQ010009657.1	300000	400000	1.0
JABSTQ010009657.1	400000	440346	1.0
JABSTQ010009658.1	0	100000	1.0
JABSTQ010009658.1	100000	200000	1.0
JABSTQ010009658.1	300000	400000	1.0
JABSTQ010009658.1	400000	500000	1.0
JABSTQ010009658.1	500000	600000	1.0
JABSTQ010009658.1	700000	800000	1.0
JABSTQ010009658.1	800000	900000	1.0
JABSTQ010009658.1	1000000	1100000	1.0
JABSTQ010009658.1	1100000	1200000	3.0
JABSTQ010009658.1	1200000	1298474	3.0
JABSTQ010009659.1	100000	200000	2.0
JABSTQ010009659.1	500000	600000	1.0
JABSTQ010009659.1	700000	800000	2.0
JABSTQ010009659.1	800000	900000	2.0
JABSTQ010009659.1	900000	1000000	1.0
JABSTQ010009659.1	1000000	1100000	1.0
JABSTQ010009659.1	1100000	1200000	1.0
JABSTQ010009660.1	100000	200000	1.0
JABSTQ010009660.1	200000	300000	1.0
JABSTQ010009660.1	400000	500000	1.0
JABSTQ010009660.1	700000	800000	1.0
JABSTQ010009660.1	900000	1000000	1.0
JABSTQ010009660.1	1200000	1300000	3.0
JABSTQ010009660.1	1400000	1439235	1.0
JABSTQ010009661.1	0	100000	2.0
JABSTQ010009661.1	100000	200000	2.0
JABSTQ010009661.1	200000	300000	3.0
JABSTQ010009661.1	300000	400000	1.0
JABSTQ010009661.1	500000	520284	1.0
JABSTQ010009662.1	200000	279674	1.0
JABSTQ010009663.1	0	100000	3.0
JABSTQ010009663.1	100000	200000	4.0
JABSTQ010009663.1	200000	272399	2.0
JABSTQ010009664.1	0	100000	1.0
JABSTQ010009664.1	200000	300000	1.0
JABSTQ010009664.1	300000	304985	1.0
JABSTQ010009665.1	0	100000	3.0
JABSTQ010009665.1	100000	200000	4.0
JABSTQ010009665.1	200000	221636	1.0
JABSTQ010009666.1	0	100000	2.0
JABSTQ010009666.1	200000	300000	2.0
JABSTQ010009666.1	300000	400000	3.0
JABSTQ010009666.1	400000	418760	2.0
JABSTQ010009667.1	0	100000	2.0
JABSTQ010009667.1	100000	163102	2.0
JABSTQ010009668.1	0	99546	1.0
JABSTQ010009669.1	200000	300000	1.0
JABSTQ010009669.1	300000	400000	4.0
JABSTQ010009669.1	400000	500000	2.0
JABSTQ010009669.1	500000	600000	1.0
JABSTQ010009669.1	600000	700000	4.0
JABSTQ010009669.1	700000	800000	5.0
JABSTQ010009669.1	800000	900000	1.0
JABSTQ010009669.1	900000	946651	1.0
JABSTQ010009670.1	0	100000	2.0
JABSTQ010009670.1	100000	200000	3.0
JABSTQ010009670.1	200000	300000	2.0
JABSTQ010009670.1	300000	400000	1.0
JABSTQ010009670.1	400000	500000	1.0
JABSTQ010009670.1	600000	700000	3.0
JABSTQ010009670.1	700000	800000	1.0
JABSTQ010009670.1	800000	900000	3.0
JABSTQ010009670.1	900000	1000000	4.0
JABSTQ010009670.1	1000000	1100000	3.0
JABSTQ010009670.1	1100000	1133059	2.0
JABSTQ010009671.1	0	100000	1.0
JABSTQ010009671.1	100000	200000	1.0
JABSTQ010009671.1	300000	383959	1.0
JABSTQ010009672.1	0	100000	2.0
JABSTQ010009672.1	100000	200000	3.0
JABSTQ010009672.1	200000	289382	2.0
JABSTQ010009673.1	100000	132847	1.0
JABSTQ010009674.1	0	100000	5.0
JABSTQ010009674.1	100000	200000	6.0
JABSTQ010009674.1	200000	293746	6.0
JABSTQ010009675.1	100000	200000	1.0
JABSTQ010009675.1	300000	400000	1.0
JABSTQ010009675.1	600000	700000	1.0
JABSTQ010009675.1	700000	800000	1.0
JABSTQ010009675.1	800000	900000	1.0
JABSTQ010009675.1	1200000	1300000	1.0
JABSTQ010009675.1	1500000	1600000	1.0
JABSTQ010009675.1	1800000	1900000	1.0
JABSTQ010009675.1	2100000	2163564	1.0
JABSTQ010009676.1	0	100000	1.0
JABSTQ010009676.1	100000	200000	1.0
JABSTQ010009676.1	300000	369806	1.0
JABSTQ010009677.1	0	100000	1.0
JABSTQ010009677.1	100000	200000	2.0
JABSTQ010009677.1	200000	300000	1.0
JABSTQ010009677.1	300000	400000	1.0
JABSTQ010009677.1	500000	600000	1.0
JABSTQ010009677.1	700000	728877	1.0
JABSTQ010009678.1	0	100000	3.0
JABSTQ010009678.1	100000	200000	7.0
JABSTQ010009678.1	200000	300000	2.0
JABSTQ010009678.1	300000	400000	2.0
JABSTQ010009678.1	600000	700000	1.0
JABSTQ010009678.1	700000	800000	3.0
JABSTQ010009678.1	800000	900000	1.0
JABSTQ010009678.1	900000	1000000	2.0
JABSTQ010009678.1	1000000	1100000	2.0
JABSTQ010009678.1	1300000	1400000	1.0
JABSTQ010009678.1	1400000	1500000	3.0
JABSTQ010009678.1	1500000	1572403	4.0
JABSTQ010009679.1	0	100000	2.0
JABSTQ010009679.1	100000	200000	1.0
JABSTQ010009679.1	300000	400000	2.0
JABSTQ010009679.1	400000	500000	4.0
JABSTQ010009679.1	500000	600000	3.0
JABSTQ010009679.1	600000	613883	1.0
JABSTQ010009680.1	0	100000	1.0
JABSTQ010009680.1	100000	200000	1.0
JABSTQ010009680.1	200000	264886	1.0
JABSTQ010009681.1	0	100000	4.0
JABSTQ010009681.1	100000	200000	5.0
JABSTQ010009681.1	200000	269282	1.0
JABSTQ010009682.1	0	100000	2.0
JABSTQ010009682.1	100000	200000	1.0
JABSTQ010009682.1	200000	300000	2.0
JABSTQ010009683.1	0	53426	3.0
JABSTQ010009684.1	100000	200000	1.0
JABSTQ010009684.1	200000	300000	1.0
JABSTQ010009684.1	300000	400000	1.0
JABSTQ010009685.1	0	100000	1.0
JABSTQ010009685.1	200000	242843	1.0
JABSTQ010009686.1	0	100000	2.0
JABSTQ010009686.1	100000	164613	3.0
JABSTQ010009687.1	0	100000	5.0
JABSTQ010009687.1	100000	200000	2.0
JABSTQ010009687.1	200000	300000	3.0
JABSTQ010009687.1	300000	366065	1.0
JABSTQ010009688.1	0	100000	2.0
JABSTQ010009688.1	100000	200000	2.0
JABSTQ010009688.1	200000	300000	1.0
JABSTQ010009688.1	500000	600000	1.0
JABSTQ010009688.1	600000	700000	1.0
JABSTQ010009688.1	700000	800000	4.0
JABSTQ010009688.1	800000	900000	4.0
JABSTQ010009689.1	0	100000	1.0
JABSTQ010009689.1	200000	300000	1.0
JABSTQ010009689.1	300000	400000	1.0
JABSTQ010009689.1	600000	700000	3.0
JABSTQ010009689.1	700000	800000	3.0
JABSTQ010009689.1	800000	900000	1.0
JABSTQ010009689.1	1000000	1004451	1.0
JABSTQ010009690.1	0	100000	3.0
JABSTQ010009690.1	100000	200000	5.0
JABSTQ010009690.1	200000	300000	1.0
JABSTQ010009690.1	300000	400000	2.0
JABSTQ010009690.1	400000	479686	1.0
JABSTQ010009691.1	0	100000	2.0
JABSTQ010009691.1	100000	200000	2.0
JABSTQ010009691.1	200000	300000	1.0
JABSTQ010009691.1	300000	400000	2.0
JABSTQ010009691.1	400000	500000	1.0
JABSTQ010009691.1	500000	600000	3.0
JABSTQ010009691.1	700000	800000	3.0
JABSTQ010009691.1	900000	1000000	1.0
JABSTQ010009691.1	1000000	1049601	2.0
JABSTQ010009692.1	0	100000	2.0
JABSTQ010009692.1	200000	300000	4.0
JABSTQ010009692.1	300000	400000	1.0
JABSTQ010009692.1	400000	500000	6.0
JABSTQ010009692.1	500000	600000	2.0
JABSTQ010009692.1	600000	700000	1.0
JABSTQ010009692.1	700000	800000	2.0
JABSTQ010009692.1	800000	900000	1.0
JABSTQ010009692.1	900000	1000000	2.0
JABSTQ010009692.1	1000000	1100000	1.0
JABSTQ010009692.1	1100000	1195575	1.0
JABSTQ010009693.1	100000	200000	1.0
JABSTQ010009693.1	200000	300000	1.0
JABSTQ010009693.1	300000	400000	3.0
JABSTQ010009693.1	400000	500000	1.0
JABSTQ010009693.1	500000	600000	1.0
JABSTQ010009693.1	700000	800000	1.0
JABSTQ010009693.1	800000	900000	2.0
JABSTQ010009693.1	900000	959970	3.0
JABSTQ010009694.1	0	100000	6.0
JABSTQ010009694.1	100000	200000	4.0
JABSTQ010009694.1	200000	212752	1.0
JABSTQ010009695.1	0	49567	2.0
JABSTQ010009696.1	0	100000	1.0
JABSTQ010009696.1	100000	200000	2.0
JABSTQ010009696.1	200000	300000	1.0
JABSTQ010009696.1	300000	400000	2.0
JABSTQ010009696.1	400000	500000	2.0
JABSTQ010009696.1	600000	700000	2.0
JABSTQ010009696.1	700000	800000	2.0
JABSTQ010009696.1	900000	1000000	1.0
JABSTQ010009696.1	1000000	1082932	2.0
JABSTQ010009697.1	100000	200000	1.0
JABSTQ010009697.1	200000	300000	1.0
JABSTQ010009697.1	300000	400000	2.0
JABSTQ010009697.1	400000	500000	4.0
JABSTQ010009697.1	500000	600000	7.0
JABSTQ010009697.1	600000	700000	2.0
JABSTQ010009697.1	700000	783149	2.0
JABSTQ010009698.1	0	100000	1.0
JABSTQ010009698.1	100000	200000	3.0
JABSTQ010009698.1	200000	276121	2.0
JABSTQ010009699.1	0	100000	2.0
JABSTQ010009699.1	100000	200000	2.0
JABSTQ010009699.1	200000	300000	1.0
JABSTQ010009699.1	300000	335077	2.0
JABSTQ010009700.1	100000	180615	1.0
JABSTQ010009701.1	300000	400000	3.0
JABSTQ010009701.1	400000	500000	3.0
JABSTQ010009701.1	500000	600000	8.0
JABSTQ010009701.1	600000	678624	2.0
JABSTQ010009702.1	100000	200000	1.0
JABSTQ010009702.1	200000	300000	2.0
JABSTQ010009702.1	300000	400000	1.0
JABSTQ010009702.1	400000	500000	3.0
JABSTQ010009702.1	500000	600000	7.0
JABSTQ010009702.1	600000	700000	5.0
JABSTQ010009702.1	700000	800000	1.0
JABSTQ010009702.1	800000	900000	1.0
JABSTQ010009702.1	900000	1000000	5.0
JABSTQ010009702.1	1000000	1081632	2.0
JABSTQ010009703.1	0	100000	2.0
JABSTQ010009703.1	100000	200000	1.0
JABSTQ010009703.1	200000	300000	2.0
JABSTQ010009703.1	300000	333658	1.0
JABSTQ010009704.1	0	100000	2.0
JABSTQ010009704.1	100000	194944	1.0
JABSTQ010009705.1	300000	400000	1.0
JABSTQ010009705.1	400000	500000	2.0
JABSTQ010009705.1	500000	600000	4.0
JABSTQ010009705.1	600000	647188	1.0
JABSTQ010009706.1	0	100000	1.0
JABSTQ010009706.1	100000	161728	1.0
JABSTQ010009707.1	100000	200000	2.0
JABSTQ010009707.1	200000	300000	2.0
JABSTQ010009707.1	300000	398553	2.0
JABSTQ010009708.1	0	100000	1.0
JABSTQ010009708.1	300000	400000	4.0
JABSTQ010009708.1	400000	500000	3.0
JABSTQ010009708.1	500000	600000	1.0
JABSTQ010009708.1	600000	700000	3.0
JABSTQ010009708.1	700000	777984	2.0
JABSTQ010009709.1	0	100000	1.0
JABSTQ010009709.1	100000	200000	2.0
JABSTQ010009709.1	200000	300000	1.0
JABSTQ010009709.1	400000	500000	1.0
JABSTQ010009709.1	500000	600000	3.0
JABSTQ010009709.1	600000	700000	4.0
JABSTQ010009709.1	700000	800000	4.0
JABSTQ010009709.1	800000	811247	1.0
JABSTQ010009710.1	0	100000	1.0
JABSTQ010009710.1	200000	300000	1.0
JABSTQ010009710.1	300000	361760	2.0
JABSTQ010009711.1	100000	200000	1.0
JABSTQ010009711.1	300000	372254	3.0
JABSTQ010009712.1	0	100000	2.0
JABSTQ010009712.1	100000	200000	1.0
JABSTQ010009712.1	200000	300000	1.0
JABSTQ010009712.1	300000	400000	1.0
JABSTQ010009712.1	400000	500000	1.0
JABSTQ010009712.1	500000	600000	1.0
JABSTQ010009712.1	600000	700000	3.0
JABSTQ010009712.1	700000	710200	1.0
JABSTQ010009713.1	100000	196626	5.0
JABSTQ010009714.1	100000	200000	3.0
JABSTQ010009714.1	200000	300000	1.0
JABSTQ010009714.1	300000	400000	4.0
JABSTQ010009714.1	400000	500000	3.0
JABSTQ010009714.1	500000	536648	1.0
JABSTQ010009715.1	400000	500000	1.0
JABSTQ010009715.1	500000	600000	1.0
JABSTQ010009715.1	600000	700000	1.0
JABSTQ010009715.1	800000	900000	2.0
JABSTQ010009715.1	900000	1000000	2.0
JABSTQ010009715.1	1000000	1054578	1.0
JABSTQ010009716.1	200000	300000	1.0
JABSTQ010009716.1	400000	500000	1.0
JABSTQ010009716.1	500000	600000	2.0
JABSTQ010009716.1	700000	800000	3.0
JABSTQ010009716.1	900000	1000000	1.0
JABSTQ010009716.1	1100000	1200000	3.0
JABSTQ010009716.1	1200000	1300000	5.0
JABSTQ010009716.1	1300000	1400000	1.0
JABSTQ010009716.1	1400000	1500000	1.0
JABSTQ010009716.1	1500000	1600000	2.0
JABSTQ010009716.1	1600000	1700000	1.0
JABSTQ010009716.1	1700000	1800000	4.0
JABSTQ010009716.1	1800000	1900000	4.0
JABSTQ010009716.1	1900000	2000000	4.0
JABSTQ010009716.1	2000000	2052352	2.0
JABSTQ010009717.1	200000	279791	2.0
JABSTQ010009718.1	0	100000	1.0
JABSTQ010009718.1	100000	152949	1.0
JABSTQ010009719.1	0	100000	2.0
JABSTQ010009719.1	100000	200000	2.0
JABSTQ010009719.1	200000	266863	2.0
JABSTQ010009720.1	0	100000	4.0
JABSTQ010009720.1	100000	200000	1.0
JABSTQ010009720.1	200000	300000	1.0
JABSTQ010009720.1	300000	398090	1.0
JABSTQ010009721.1	0	100000	7.0
JABSTQ010009721.1	100000	200000	4.0
JABSTQ010009721.1	200000	300000	5.0
JABSTQ010009721.1	300000	359291	4.0
JABSTQ010009722.1	0	100000	1.0
JABSTQ010009722.1	200000	278498	2.0
JABSTQ010009723.1	0	100000	2.0
JABSTQ010009723.1	100000	200000	1.0
JABSTQ010009723.1	200000	274246	2.0
JABSTQ010009724.1	0	100000	2.0
JABSTQ010009724.1	100000	200000	1.0
JABSTQ010009724.1	200000	300000	1.0
JABSTQ010009724.1	300000	400000	4.0
JABSTQ010009724.1	400000	500000	1.0
JABSTQ010009724.1	500000	600000	1.0
JABSTQ010009724.1	600000	700000	2.0
JABSTQ010009724.1	800000	900000	1.0
JABSTQ010009724.1	900000	1000000	2.0
JABSTQ010009724.1	1100000	1200000	1.0
JABSTQ010009724.1	1200000	1300000	4.0
JABSTQ010009724.1	1300000	1400000	3.0
JABSTQ010009724.1	1400000	1500000	1.0
JABSTQ010009724.1	1500000	1565028	2.0
JABSTQ010009725.1	300000	400000	1.0
JABSTQ010009725.1	500000	600000	1.0
JABSTQ010009725.1	800000	900000	2.0
JABSTQ010009725.1	900000	1000000	1.0
JABSTQ010009725.1	1000000	1100000	3.0
JABSTQ010009725.1	1100000	1200000	1.0
JABSTQ010009725.1	1200000	1294723	4.0
JABSTQ010009726.1	0	100000	2.0
JABSTQ010009726.1	100000	200000	1.0
JABSTQ010009726.1	300000	400000	3.0
JABSTQ010009727.1	0	100000	3.0
JABSTQ010009727.1	100000	172769	2.0
JABSTQ010009728.1	0	100000	1.0
JABSTQ010009728.1	100000	183952	1.0
JABSTQ010009729.1	0	97689	1.0
JABSTQ010009730.1	0	100000	4.0
JABSTQ010009730.1	100000	200000	1.0
JABSTQ010009730.1	200000	300000	1.0
JABSTQ010009730.1	300000	400000	3.0
JABSTQ010009730.1	400000	500000	4.0
JABSTQ010009730.1	500000	600000	3.0
JABSTQ010009730.1	600000	700000	4.0
JABSTQ010009730.1	700000	729439	1.0
JABSTQ010009731.1	0	100000	4.0
JABSTQ010009731.1	100000	200000	3.0
JABSTQ010009731.1	200000	236284	2.0
JABSTQ010009732.1	0	100000	3.0
JABSTQ010009732.1	100000	200000	6.0
JABSTQ010009732.1	200000	200917	1.0
JABSTQ010009733.1	0	97235	1.0
JABSTQ010009735.1	100000	200000	2.0
JABSTQ010009735.1	200000	300000	2.0
JABSTQ010009735.1	300000	400000	1.0
JABSTQ010009735.1	400000	500000	2.0
JABSTQ010009735.1	500000	600000	2.0
JABSTQ010009735.1	600000	700000	1.0
JABSTQ010009735.1	700000	800000	4.0
JABSTQ010009735.1	900000	948133	1.0
JABSTQ010009736.1	0	100000	1.0
JABSTQ010009736.1	100000	200000	1.0
JABSTQ010009736.1	200000	283790	6.0
JABSTQ010009738.1	0	100000	1.0
JABSTQ010009738.1	100000	170268	1.0
JABSTQ010009739.1	0	100000	2.0
JABSTQ010009739.1	100000	200000	2.0
JABSTQ010009739.1	200000	266328	3.0
JABSTQ010009740.1	0	100000	1.0
JABSTQ010009740.1	100000	200000	2.0
JABSTQ010009740.1	600000	694531	2.0
JABSTQ010009741.1	0	100000	1.0
JABSTQ010009741.1	300000	400000	1.0
JABSTQ010009741.1	400000	500000	1.0
JABSTQ010009741.1	500000	600000	1.0
JABSTQ010009741.1	700000	800000	4.0
JABSTQ010009741.1	800000	817204	1.0
JABSTQ010009742.1	0	100000	2.0
JABSTQ010009742.1	100000	200000	4.0
JABSTQ010009742.1	200000	203381	1.0
JABSTQ010009743.1	0	100000	1.0
JABSTQ010009743.1	100000	200000	4.0
JABSTQ010009743.1	200000	208150	1.0
JABSTQ010009744.1	200000	300000	1.0
JABSTQ010009744.1	700000	800000	1.0
JABSTQ010009744.1	800000	900000	3.0
JABSTQ010009744.1	900000	995764	4.0
JABSTQ010009745.1	0	100000	3.0
JABSTQ010009745.1	100000	151860	1.0
JABSTQ010009746.1	0	100000	2.0
JABSTQ010009746.1	100000	200000	2.0
JABSTQ010009746.1	200000	300000	3.0
JABSTQ010009746.1	300000	309419	2.0
JABSTQ010009747.1	0	100000	4.0
JABSTQ010009747.1	100000	200000	4.0
JABSTQ010009747.1	200000	300000	2.0
JABSTQ010009747.1	300000	400000	2.0
JABSTQ010009747.1	400000	500000	1.0
JABSTQ010009747.1	500000	600000	2.0
JABSTQ010009747.1	600000	700000	1.0
JABSTQ010009747.1	700000	800000	2.0
JABSTQ010009747.1	800000	900000	1.0
JABSTQ010009747.1	900000	999580	2.0
JABSTQ010009748.1	100000	164386	1.0
JABSTQ010009749.1	0	100000	3.0
JABSTQ010009749.1	100000	159940	1.0
JABSTQ010009750.1	0	100000	2.0
JABSTQ010009750.1	100000	119128	1.0
JABSTQ010009751.1	0	100000	1.0
JABSTQ010009751.1	100000	191641	1.0
JABSTQ010009752.1	0	100000	2.0
JABSTQ010009752.1	100000	200000	2.0
JABSTQ010009752.1	200000	207695	1.0
JABSTQ010009753.1	200000	300000	2.0
JABSTQ010009753.1	300000	366222	2.0
JABSTQ010009754.1	0	100000	1.0
JABSTQ010009754.1	100000	157700	2.0
JABSTQ010009755.1	0	100000	1.0
JABSTQ010009755.1	100000	200000	1.0
JABSTQ010009755.1	200000	300000	2.0
JABSTQ010009755.1	300000	400000	1.0
JABSTQ010009755.1	400000	472991	2.0
JABSTQ010009756.1	0	100000	2.0
JABSTQ010009756.1	100000	200000	1.0
JABSTQ010009756.1	200000	244356	1.0
JABSTQ010009757.1	0	100000	1.0
JABSTQ010009757.1	100000	200000	1.0
JABSTQ010009757.1	200000	300000	6.0
JABSTQ010009758.1	0	100000	2.0
JABSTQ010009758.1	100000	200000	1.0
JABSTQ010009758.1	200000	300000	1.0
JABSTQ010009758.1	300000	366567	2.0
JABSTQ010009759.1	0	100000	1.0
JABSTQ010009759.1	100000	200000	1.0
JABSTQ010009759.1	200000	240050	2.0
JABSTQ010009760.1	0	100000	5.0
JABSTQ010009760.1	100000	200000	2.0
JABSTQ010009760.1	200000	300000	2.0
JABSTQ010009760.1	300000	400000	4.0
JABSTQ010009762.1	0	100000	2.0
JABSTQ010009762.1	100000	200000	4.0
JABSTQ010009762.1	200000	278256	2.0
JABSTQ010009763.1	0	100000	1.0
JABSTQ010009763.1	100000	200000	3.0
JABSTQ010009763.1	300000	400000	1.0
JABSTQ010009763.1	400000	405769	1.0
JABSTQ010009764.1	0	100000	1.0
JABSTQ010009764.1	100000	200000	1.0
JABSTQ010009764.1	200000	291036	2.0
JABSTQ010009765.1	0	100000	1.0
JABSTQ010009765.1	100000	189633	2.0
JABSTQ010009766.1	100000	200000	2.0
JABSTQ010009766.1	300000	400000	1.0
JABSTQ010009766.1	400000	500000	1.0
JABSTQ010009766.1	500000	557157	1.0
JABSTQ010009767.1	0	100000	4.0
JABSTQ010009767.1	100000	200000	1.0
JABSTQ010009767.1	200000	300000	1.0
JABSTQ010009767.1	300000	400000	6.0
JABSTQ010009767.1	400000	417707	1.0
JABSTQ010009768.1	0	100000	1.0
JABSTQ010009768.1	200000	300000	3.0
JABSTQ010009768.1	300000	400000	2.0
JABSTQ010009768.1	400000	468137	2.0
JABSTQ010009770.1	0	100000	1.0
JABSTQ010009770.1	200000	300000	1.0
JABSTQ010009770.1	300000	341348	1.0
JABSTQ010009771.1	100000	109255	1.0
JABSTQ010009772.1	0	100000	1.0
JABSTQ010009772.1	100000	139198	2.0
JABSTQ010009773.1	0	100000	4.0
JABSTQ010009773.1	100000	200000	3.0
JABSTQ010009773.1	200000	238373	1.0
JABSTQ010009774.1	100000	169942	1.0
JABSTQ010009775.1	0	100000	4.0
JABSTQ010009775.1	100000	138584	1.0
JABSTQ010009776.1	200000	300000	1.0
JABSTQ010009776.1	300000	400000	2.0
JABSTQ010009776.1	500000	600000	1.0
JABSTQ010009776.1	600000	700000	2.0
JABSTQ010009776.1	700000	800000	1.0
JABSTQ010009776.1	800000	900000	1.0
JABSTQ010009776.1	900000	1000000	1.0
JABSTQ010009776.1	1100000	1200000	2.0
JABSTQ010009776.1	1200000	1300000	1.0
JABSTQ010009776.1	1400000	1500000	1.0
JABSTQ010009776.1	1500000	1600000	1.0
JABSTQ010009776.1	1600000	1700000	1.0
JABSTQ010009776.1	1700000	1800000	4.0
JABSTQ010009776.1	1800000	1900000	2.0
JABSTQ010009776.1	1900000	2000000	1.0
JABSTQ010009776.1	2000000	2100000	2.0
JABSTQ010009776.1	2100000	2200000	4.0
JABSTQ010009776.1	2200000	2294883	2.0
JABSTQ010009777.1	0	100000	2.0
JABSTQ010009777.1	100000	200000	3.0
JABSTQ010009777.1	200000	277263	3.0
JABSTQ010009778.1	0	100000	2.0
JABSTQ010009778.1	200000	216577	1.0
JABSTQ010009779.1	0	100000	1.0
JABSTQ010009779.1	100000	122351	1.0
JABSTQ010009780.1	100000	192102	2.0
JABSTQ010009781.1	0	100000	1.0
JABSTQ010009781.1	100000	186028	1.0
JABSTQ010009782.1	0	100000	2.0
JABSTQ010009782.1	100000	200000	2.0
JABSTQ010009782.1	200000	300000	1.0
JABSTQ010009782.1	300000	400000	2.0
JABSTQ010009782.1	400000	500000	2.0
JABSTQ010009782.1	500000	600000	3.0
JABSTQ010009782.1	600000	700000	1.0
JABSTQ010009782.1	700000	800000	1.0
JABSTQ010009782.1	800000	900000	2.0
JABSTQ010009782.1	900000	928493	1.0
JABSTQ010009783.1	100000	200000	2.0
JABSTQ010009783.1	200000	279116	1.0
JABSTQ010009784.1	0	100000	2.0
JABSTQ010009784.1	100000	200000	4.0
JABSTQ010009786.1	0	100000	1.0
JABSTQ010009786.1	100000	200000	2.0
JABSTQ010009786.1	200000	300000	2.0
JABSTQ010009786.1	300000	315358	1.0
JABSTQ010009787.1	100000	158764	3.0
JABSTQ010009788.1	0	100000	2.0
JABSTQ010009788.1	100000	200000	2.0
JABSTQ010009788.1	200000	300000	2.0
JABSTQ010009788.1	300000	400000	2.0
JABSTQ010009788.1	400000	500000	1.0
JABSTQ010009788.1	500000	600000	1.0
JABSTQ010009788.1	600000	700000	3.0
JABSTQ010009788.1	700000	800000	1.0
JABSTQ010009788.1	800000	900000	2.0
JABSTQ010009788.1	900000	1000000	2.0
JABSTQ010009788.1	1000000	1100000	1.0
JABSTQ010009788.1	1100000	1200000	3.0
JABSTQ010009788.1	1200000	1300000	2.0
JABSTQ010009788.1	1300000	1400000	2.0
JABSTQ010009788.1	1400000	1500000	2.0
JABSTQ010009788.1	1500000	1600000	1.0
JABSTQ010009788.1	1600000	1700000	3.0
JABSTQ010009788.1	1700000	1800000	2.0
JABSTQ010009788.1	1800000	1811814	1.0
JABSTQ010009789.1	0	100000	2.0
JABSTQ010009789.1	100000	200000	1.0
JABSTQ010009789.1	300000	400000	2.0
JABSTQ010009789.1	400000	500000	1.0
JABSTQ010009789.1	700000	800000	1.0
JABSTQ010009789.1	800000	900000	3.0
JABSTQ010009789.1	900000	1000000	2.0
JABSTQ010009789.1	1000000	1100000	2.0
JABSTQ010009789.1	1100000	1200000	1.0
JABSTQ010009789.1	1200000	1300000	2.0
JABSTQ010009789.1	1400000	1500000	2.0
JABSTQ010009789.1	1500000	1600000	3.0
JABSTQ010009789.1	1600000	1700000	2.0
JABSTQ010009789.1	1700000	1800000	4.0
JABSTQ010009789.1	1800000	1900000	4.0
JABSTQ010009789.1	1900000	2000000	4.0
JABSTQ010009789.1	2000000	2038774	1.0
JABSTQ010009790.1	0	100000	3.0
JABSTQ010009790.1	300000	400000	2.0
JABSTQ010009790.1	600000	621812	1.0
JABSTQ010009791.1	0	100000	3.0
JABSTQ010009791.1	100000	200000	1.0
JABSTQ010009791.1	200000	300000	1.0
JABSTQ010009791.1	300000	396019	3.0
JABSTQ010009792.1	0	97803	2.0
JABSTQ010009793.1	0	100000	2.0
JABSTQ010009793.1	100000	200000	2.0
JABSTQ010009793.1	200000	300000	5.0
JABSTQ010009793.1	300000	400000	4.0
JABSTQ010009793.1	400000	500000	2.0
JABSTQ010009793.1	500000	600000	1.0
JABSTQ010009793.1	600000	635247	2.0
JABSTQ010009794.1	100000	200000	1.0
JABSTQ010009794.1	200000	299806	2.0
JABSTQ010009795.1	0	100000	1.0
JABSTQ010009795.1	100000	200000	3.0
JABSTQ010009795.1	200000	300000	4.0
JABSTQ010009795.1	300000	400000	5.0
JABSTQ010009795.1	400000	500000	3.0
JABSTQ010009795.1	500000	600000	1.0
JABSTQ010009795.1	700000	704439	1.0
JABSTQ010009796.1	0	100000	1.0
JABSTQ010009796.1	100000	173693	2.0
JABSTQ010009797.1	0	100000	2.0
JABSTQ010009797.1	100000	130377	1.0
JABSTQ010009798.1	0	100000	1.0
JABSTQ010009798.1	100000	200000	1.0
JABSTQ010009798.1	200000	300000	2.0
JABSTQ010009798.1	300000	360411	1.0
JABSTQ010009799.1	100000	200000	2.0
JABSTQ010009799.1	200000	272357	3.0
JABSTQ010009800.1	0	100000	1.0
JABSTQ010009800.1	200000	278488	2.0
JABSTQ010009801.1	0	100000	2.0
JABSTQ010009801.1	100000	200000	2.0
JABSTQ010009801.1	200000	255336	2.0
JABSTQ010009802.1	0	100000	3.0
JABSTQ010009802.1	100000	200000	2.0
JABSTQ010009803.1	0	100000	3.0
JABSTQ010009803.1	100000	200000	1.0
JABSTQ010009803.1	200000	281699	2.0
JABSTQ010009804.1	200000	300000	1.0
JABSTQ010009804.1	300000	400000	1.0
JABSTQ010009804.1	400000	500000	2.0
JABSTQ010009804.1	500000	600000	3.0
JABSTQ010009804.1	600000	700000	2.0
JABSTQ010009804.1	700000	800000	6.0
JABSTQ010009804.1	800000	900000	2.0
JABSTQ010009805.1	0	100000	1.0
JABSTQ010009805.1	100000	200000	2.0
JABSTQ010009805.1	200000	300000	2.0
JABSTQ010009805.1	300000	400000	3.0
JABSTQ010009805.1	400000	467109	4.0
JABSTQ010009806.1	0	100000	1.0
JABSTQ010009806.1	100000	200000	5.0
JABSTQ010009806.1	200000	300000	4.0
JABSTQ010009806.1	300000	400000	4.0
JABSTQ010009806.1	400000	500000	2.0
JABSTQ010009806.1	500000	600000	2.0
JABSTQ010009806.1	600000	700000	2.0
JABSTQ010009806.1	700000	800000	1.0
JABSTQ010009806.1	800000	900000	2.0
JABSTQ010009806.1	900000	1000000	2.0
JABSTQ010009806.1	1000000	1058744	2.0
JABSTQ010009807.1	0	100000	2.0
JABSTQ010009807.1	100000	200000	1.0
JABSTQ010009807.1	200000	300000	2.0
JABSTQ010009807.1	600000	700000	3.0
JABSTQ010009807.1	700000	800000	2.0
JABSTQ010009807.1	800000	900000	5.0
JABSTQ010009807.1	900000	1000000	3.0
JABSTQ010009807.1	1000000	1100000	5.0
JABSTQ010009808.1	0	100000	5.0
JABSTQ010009808.1	100000	200000	1.0
JABSTQ010009808.1	200000	276584	2.0
JABSTQ010009809.1	0	100000	3.0
JABSTQ010009809.1	100000	200000	3.0
JABSTQ010009809.1	200000	300000	1.0
JABSTQ010009809.1	300000	310510	1.0
JABSTQ010009810.1	0	85717	4.0
JABSTQ010009811.1	0	100000	1.0
JABSTQ010009811.1	100000	160761	2.0
JABSTQ010009812.1	0	100000	2.0
JABSTQ010009812.1	100000	200000	4.0
JABSTQ010009812.1	200000	300000	1.0
JABSTQ010009812.1	300000	400000	1.0
JABSTQ010009812.1	400000	500000	3.0
JABSTQ010009812.1	500000	600000	4.0
JABSTQ010009813.1	0	87323	1.0
JABSTQ010009814.1	0	100000	3.0
JABSTQ010009814.1	100000	200000	5.0
JABSTQ010009814.1	200000	300000	6.0
JABSTQ010009814.1	300000	400000	1.0
JABSTQ010009814.1	400000	500000	4.0
JABSTQ010009814.1	500000	539643	3.0
JABSTQ010009815.1	0	100000	4.0
JABSTQ010009815.1	100000	200000	2.0
JABSTQ010009815.1	200000	231211	1.0
JABSTQ010009816.1	100000	200000	2.0
JABSTQ010009816.1	200000	239757	1.0
JABSTQ010009817.1	100000	200000	1.0
JABSTQ010009817.1	200000	300000	1.0
JABSTQ010009817.1	400000	424549	1.0
JABSTQ010009818.1	0	100000	1.0
JABSTQ010009818.1	100000	200000	2.0
JABSTQ010009818.1	200000	300000	2.0
JABSTQ010009818.1	300000	400000	2.0
JABSTQ010009818.1	400000	500000	1.0
JABSTQ010009818.1	500000	600000	1.0
JABSTQ010009818.1	600000	700000	1.0
JABSTQ010009818.1	700000	800000	2.0
JABSTQ010009818.1	800000	900000	2.0
JABSTQ010009818.1	900000	1000000	3.0
JABSTQ010009818.1	1100000	1200000	1.0
JABSTQ010009818.1	1200000	1300000	1.0
JABSTQ010009818.1	1300000	1400000	1.0
JABSTQ010009818.1	1400000	1500000	2.0
JABSTQ010009818.1	1500000	1600000	1.0
JABSTQ010009818.1	1600000	1700000	1.0
JABSTQ010009818.1	1700000	1781262	6.0
JABSTQ010009819.1	0	100000	1.0
JABSTQ010009819.1	100000	200000	5.0
JABSTQ010009819.1	200000	300000	3.0
JABSTQ010009819.1	300000	322546	1.0
JABSTQ010009820.1	0	100000	1.0
JABSTQ010009820.1	100000	182247	2.0
JABSTQ010009821.1	0	100000	1.0
JABSTQ010009821.1	100000	200000	1.0
JABSTQ010009821.1	200000	286019	2.0
JABSTQ010009822.1	0	100000	1.0
JABSTQ010009822.1	100000	128837	1.0
JABSTQ010009823.1	100000	200000	1.0
JABSTQ010009823.1	200000	216313	2.0
JABSTQ010009824.1	0	100000	1.0
JABSTQ010009824.1	100000	200000	2.0
JABSTQ010009824.1	200000	202824	1.0
JABSTQ010009825.1	0	100000	2.0
JABSTQ010009825.1	100000	200000	3.0
JABSTQ010009825.1	200000	300000	2.0
JABSTQ010009825.1	300000	400000	2.0
JABSTQ010009825.1	400000	417939	1.0
JABSTQ010009826.1	0	100000	3.0
JABSTQ010009826.1	100000	200000	3.0
JABSTQ010009826.1	200000	215426	1.0
JABSTQ010009827.1	0	100000	3.0
JABSTQ010009827.1	100000	200000	7.0
JABSTQ010009827.1	200000	300000	2.0
JABSTQ010009827.1	300000	400000	1.0
JABSTQ010009827.1	400000	500000	1.0
JABSTQ010009827.1	500000	600000	1.0
JABSTQ010009827.1	600000	700000	1.0
JABSTQ010009827.1	700000	800000	1.0
JABSTQ010009827.1	800000	900000	1.0
JABSTQ010009827.1	1100000	1171335	1.0
JABSTQ010009828.1	0	100000	3.0
JABSTQ010009828.1	100000	200000	1.0
JABSTQ010009828.1	200000	300000	2.0
JABSTQ010009828.1	300000	309752	1.0
JABSTQ010009829.1	0	100000	1.0
JABSTQ010009829.1	100000	180466	4.0
JABSTQ010009830.1	400000	500000	1.0
JABSTQ010009830.1	500000	562270	1.0
JABSTQ010009831.1	0	39770	2.0
JABSTQ010009832.1	0	93334	1.0
JABSTQ010009833.1	0	100000	1.0
JABSTQ010009833.1	200000	230676	1.0
JABSTQ010009834.1	0	100000	2.0
JABSTQ010009834.1	100000	174522	2.0
JABSTQ010009835.1	200000	291176	1.0
JABSTQ010009836.1	100000	200000	3.0
JABSTQ010009836.1	400000	500000	1.0
JABSTQ010009836.1	500000	600000	4.0
JABSTQ010009836.1	600000	673422	5.0
JABSTQ010009837.1	0	52651	2.0
JABSTQ010009838.1	100000	200000	2.0
JABSTQ010009838.1	200000	300000	1.0
JABSTQ010009838.1	500000	600000	1.0
JABSTQ010009838.1	600000	700000	2.0
JABSTQ010009838.1	800000	832653	1.0
JABSTQ010009839.1	300000	393492	1.0
JABSTQ010009840.1	100000	119518	1.0
JABSTQ010009841.1	100000	136420	2.0
JABSTQ010009842.1	0	100000	2.0
JABSTQ010009842.1	100000	200000	1.0
JABSTQ010009842.1	200000	274075	1.0
JABSTQ010009843.1	0	100000	5.0
JABSTQ010009843.1	100000	188818	1.0
JABSTQ010009844.1	100000	200000	1.0
JABSTQ010009844.1	300000	400000	2.0
JABSTQ010009844.1	400000	412661	1.0
JABSTQ010009845.1	0	100000	1.0
JABSTQ010009845.1	100000	200000	1.0
JABSTQ010009845.1	400000	500000	1.0
JABSTQ010009845.1	800000	900000	2.0
JABSTQ010009845.1	900000	1000000	1.0
JABSTQ010009845.1	1000000	1100000	1.0
JABSTQ010009845.1	1100000	1200000	2.0
JABSTQ010009845.1	1200000	1300000	3.0
JABSTQ010009845.1	1400000	1496279	5.0
JABSTQ010009846.1	200000	300000	1.0
JABSTQ010009846.1	300000	400000	2.0
JABSTQ010009846.1	400000	500000	1.0
JABSTQ010009846.1	500000	600000	2.0
JABSTQ010009846.1	600000	700000	3.0
JABSTQ010009846.1	700000	800000	2.0
JABSTQ010009846.1	800000	900000	1.0
JABSTQ010009846.1	900000	973027	2.0
JABSTQ010009847.1	0	100000	1.0
JABSTQ010009847.1	100000	200000	1.0
JABSTQ010009847.1	200000	249771	2.0
JABSTQ010009848.1	0	100000	1.0
JABSTQ010009848.1	100000	200000	1.0
JABSTQ010009848.1	200000	300000	3.0
JABSTQ010009848.1	300000	348720	2.0
JABSTQ010009849.1	0	100000	2.0
JABSTQ010009849.1	100000	193364	5.0
JABSTQ010009850.1	0	100000	3.0
JABSTQ010009850.1	100000	182218	2.0
JABSTQ010009851.1	0	100000	3.0
JABSTQ010009851.1	100000	200000	5.0
JABSTQ010009851.1	200000	300000	1.0
JABSTQ010009851.1	500000	600000	4.0
JABSTQ010009851.1	600000	700000	1.0
JABSTQ010009851.1	700000	797261	3.0
JABSTQ010009852.1	100000	155588	2.0
JABSTQ010009853.1	0	3924	1.0
JABSTQ010009854.1	0	79982	1.0
JABSTQ010009855.1	0	100000	1.0
JABSTQ010009855.1	100000	200000	4.0
JABSTQ010009855.1	200000	300000	2.0
JABSTQ010009855.1	300000	400000	1.0
JABSTQ010009855.1	400000	500000	2.0
JABSTQ010009855.1	500000	600000	1.0
JABSTQ010009855.1	600000	700000	1.0
JABSTQ010009855.1	800000	871849	2.0
JABSTQ010009856.1	0	100000	2.0
JABSTQ010009856.1	100000	200000	1.0
JABSTQ010009856.1	200000	300000	3.0
JABSTQ010009856.1	400000	500000	8.0
JABSTQ010009856.1	500000	546607	1.0
JABSTQ010009858.1	0	100000	4.0
JABSTQ010009858.1	100000	200000	4.0
JABSTQ010009858.1	200000	300000	2.0
JABSTQ010009858.1	300000	400000	3.0
JABSTQ010009858.1	400000	500000	3.0
JABSTQ010009858.1	500000	574937	2.0
JABSTQ010009859.1	0	100000	2.0
JABSTQ010009859.1	100000	200000	1.0
JABSTQ010009859.1	200000	300000	2.0
JABSTQ010009859.1	300000	400000	1.0
JABSTQ010009859.1	400000	496289	2.0
JABSTQ010009860.1	0	3608	1.0
JABSTQ010009861.1	0	58085	1.0
JABSTQ010009862.1	0	100000	1.0
JABSTQ010009862.1	100000	200000	3.0
JABSTQ010009862.1	300000	400000	3.0
JABSTQ010009862.1	400000	500000	1.0
JABSTQ010009862.1	500000	502499	1.0
JABSTQ010009863.1	0	100000	4.0
JABSTQ010009863.1	100000	200000	2.0
JABSTQ010009863.1	200000	233089	2.0
JABSTQ010009864.1	0	100000	1.0
JABSTQ010009864.1	100000	200000	1.0
JABSTQ010009864.1	300000	400000	3.0
JABSTQ010009864.1	400000	438440	1.0
JABSTQ010009865.1	0	100000	1.0
JABSTQ010009865.1	100000	181767	3.0
JABSTQ010009866.1	200000	239382	3.0
JABSTQ010009867.1	0	100000	2.0
JABSTQ010009867.1	100000	173697	2.0
JABSTQ010009868.1	0	100000	2.0
JABSTQ010009868.1	100000	170096	2.0
JABSTQ010009869.1	0	100000	5.0
JABSTQ010009869.1	100000	200000	3.0
JABSTQ010009869.1	200000	300000	2.0
JABSTQ010009869.1	500000	600000	1.0
JABSTQ010009869.1	600000	700000	1.0
JABSTQ010009869.1	700000	800000	1.0
JABSTQ010009869.1	800000	900000	2.0
JABSTQ010009869.1	900000	1000000	2.0
JABSTQ010009869.1	1200000	1236632	1.0
JABSTQ010009870.1	100000	200000	1.0
JABSTQ010009870.1	200000	260119	1.0
JABSTQ010009871.1	0	100000	3.0
JABSTQ010009871.1	100000	200000	2.0
JABSTQ010009871.1	200000	300000	2.0
JABSTQ010009871.1	300000	400000	2.0
JABSTQ010009871.1	400000	497315	2.0
JABSTQ010009872.1	100000	172520	1.0
JABSTQ010009873.1	0	100000	3.0
JABSTQ010009873.1	100000	200000	2.0
JABSTQ010009873.1	200000	300000	2.0
JABSTQ010009873.1	300000	397674	1.0
JABSTQ010009874.1	400000	500000	1.0
JABSTQ010009874.1	600000	700000	1.0
JABSTQ010009874.1	800000	900000	2.0
JABSTQ010009874.1	1000000	1100000	1.0
JABSTQ010009874.1	1100000	1191472	1.0
JABSTQ010009875.1	0	100000	2.0
JABSTQ010009875.1	100000	200000	1.0
JABSTQ010009875.1	200000	266300	2.0
JABSTQ010009876.1	0	100000	2.0
JABSTQ010009876.1	100000	200000	6.0
JABSTQ010009876.1	200000	300000	3.0
JABSTQ010009876.1	300000	400000	1.0
JABSTQ010009876.1	400000	413838	1.0
JABSTQ010009877.1	0	100000	3.0
JABSTQ010009877.1	100000	200000	1.0
JABSTQ010009877.1	200000	274701	3.0
JABSTQ010009878.1	100000	200000	1.0
JABSTQ010009878.1	200000	249019	3.0
JABSTQ010009879.1	0	100000	1.0
JABSTQ010009879.1	100000	200000	2.0
JABSTQ010009879.1	200000	300000	1.0
JABSTQ010009879.1	300000	335566	1.0
JABSTQ010009881.1	100000	133230	2.0
JABSTQ010009882.1	0	100000	2.0
JABSTQ010009882.1	100000	200000	1.0
JABSTQ010009882.1	200000	300000	3.0
JABSTQ010009882.1	300000	400000	1.0
JABSTQ010009882.1	500000	600000	4.0
JABSTQ010009882.1	600000	638697	2.0
JABSTQ010009883.1	0	100000	1.0
JABSTQ010009883.1	100000	200000	3.0
JABSTQ010009883.1	200000	300000	2.0
JABSTQ010009883.1	300000	400000	1.0
JABSTQ010009883.1	400000	500000	6.0
JABSTQ010009883.1	500000	536729	1.0
JABSTQ010009884.1	0	100000	5.0
JABSTQ010009884.1	100000	200000	4.0
JABSTQ010009884.1	200000	300000	3.0
JABSTQ010009884.1	300000	400000	3.0
JABSTQ010009884.1	400000	500000	2.0
JABSTQ010009884.1	500000	577142	5.0
JABSTQ010009885.1	0	100000	3.0
JABSTQ010009885.1	100000	179088	3.0
JABSTQ010009886.1	0	100000	2.0
JABSTQ010009886.1	100000	200000	1.0
JABSTQ010009886.1	200000	300000	1.0
JABSTQ010009886.1	300000	400000	1.0
JABSTQ010009886.1	400000	427885	1.0
JABSTQ010009887.1	100000	127272	1.0
JABSTQ010009888.1	0	100000	1.0
JABSTQ010009888.1	100000	144730	2.0
JABSTQ010009889.1	0	100000	4.0
JABSTQ010009889.1	200000	259910	1.0
JABSTQ010009890.1	0	100000	2.0
JABSTQ010009890.1	100000	156735	1.0
JABSTQ010009891.1	200000	223596	2.0
JABSTQ010009892.1	0	100000	2.0
JABSTQ010009892.1	100000	200000	3.0
JABSTQ010009892.1	200000	300000	3.0
JABSTQ010009892.1	400000	500000	3.0
JABSTQ010009892.1	500000	600000	2.0
JABSTQ010009892.1	600000	700000	1.0
JABSTQ010009892.1	700000	800000	1.0
JABSTQ010009892.1	800000	900000	1.0
JABSTQ010009892.1	900000	1000000	2.0
JABSTQ010009892.1	1000000	1062109	2.0
JABSTQ010009893.1	0	100000	3.0
JABSTQ010009893.1	100000	200000	2.0
JABSTQ010009893.1	200000	296137	5.0
JABSTQ010009894.1	100000	200000	1.0
JABSTQ010009894.1	200000	300000	2.0
JABSTQ010009894.1	300000	320852	1.0
JABSTQ010009895.1	0	100000	1.0
JABSTQ010009895.1	100000	200000	2.0
JABSTQ010009895.1	200000	300000	3.0
JABSTQ010009895.1	300000	369115	1.0
JABSTQ010009896.1	0	100000	1.0
JABSTQ010009896.1	100000	200000	1.0
JABSTQ010009896.1	200000	224510	1.0
JABSTQ010009897.1	0	100000	3.0
JABSTQ010009897.1	100000	165368	4.0
JABSTQ010009898.1	0	100000	1.0
JABSTQ010009898.1	100000	199592	5.0
JABSTQ010009899.1	0	100000	1.0
JABSTQ010009899.1	100000	165656	3.0
JABSTQ010009900.1	0	100000	2.0
JABSTQ010009900.1	100000	200000	1.0
JABSTQ010009900.1	200000	300000	2.0
JABSTQ010009900.1	300000	400000	1.0
JABSTQ010009900.1	400000	425138	3.0
JABSTQ010009901.1	0	100000	2.0
JABSTQ010009901.1	200000	300000	1.0
JABSTQ010009901.1	400000	441762	1.0
JABSTQ010009902.1	0	100000	1.0
JABSTQ010009902.1	100000	200000	1.0
JABSTQ010009902.1	300000	400000	1.0
JABSTQ010009902.1	400000	500000	1.0
JABSTQ010009902.1	700000	724129	1.0
JABSTQ010009903.1	0	100000	1.0
JABSTQ010009903.1	100000	200000	1.0
JABSTQ010009903.1	200000	243978	1.0
JABSTQ010009904.1	0	100000	1.0
JABSTQ010009904.1	100000	124114	1.0
JABSTQ010009905.1	100000	177056	1.0
JABSTQ010009906.1	0	100000	2.0
JABSTQ010009906.1	100000	146906	3.0
JABSTQ010009907.1	100000	200000	2.0
JABSTQ010009908.1	0	100000	2.0
JABSTQ010009908.1	100000	200000	1.0
JABSTQ010009908.1	300000	400000	2.0
JABSTQ010009908.1	400000	500000	1.0
JABSTQ010009908.1	500000	547299	3.0
JABSTQ010009909.1	100000	200000	2.0
JABSTQ010009909.1	500000	509614	1.0
JABSTQ010009910.1	700000	800000	1.0
JABSTQ010009910.1	800000	900000	1.0
JABSTQ010009910.1	900000	1000000	1.0
JABSTQ010009910.1	1000000	1033375	1.0
JABSTQ010009911.1	0	100000	1.0
JABSTQ010009911.1	200000	300000	1.0
JABSTQ010009911.1	300000	400000	2.0
JABSTQ010009911.1	400000	500000	1.0
JABSTQ010009911.1	500000	600000	2.0
JABSTQ010009911.1	600000	700000	2.0
JABSTQ010009911.1	700000	800000	1.0
JABSTQ010009911.1	800000	833304	1.0
JABSTQ010009912.1	0	100000	3.0
JABSTQ010009912.1	100000	164386	4.0
JABSTQ010009913.1	0	100000	3.0
JABSTQ010009913.1	100000	200000	2.0
JABSTQ010009913.1	200000	283454	2.0
JABSTQ010009914.1	0	100000	1.0
JABSTQ010009914.1	100000	200000	4.0
JABSTQ010009914.1	200000	300000	2.0
JABSTQ010009914.1	300000	325467	1.0
JABSTQ010009915.1	0	100000	1.0
JABSTQ010009915.1	200000	236731	1.0
JABSTQ010009916.1	0	100000	2.0
JABSTQ010009916.1	400000	500000	2.0
JABSTQ010009916.1	600000	700000	3.0
JABSTQ010009916.1	800000	900000	1.0
JABSTQ010009916.1	1700000	1800000	1.0
JABSTQ010009916.1	1900000	2000000	1.0
JABSTQ010009916.1	2000000	2100000	1.0
JABSTQ010009916.1	2100000	2200000	3.0
JABSTQ010009916.1	2200000	2300000	2.0
JABSTQ010009916.1	2300000	2400000	3.0
JABSTQ010009916.1	2500000	2523915	1.0
JABSTQ010009917.1	0	100000	4.0
JABSTQ010009917.1	100000	200000	1.0
JABSTQ010009917.1	200000	300000	2.0
JABSTQ010009917.1	400000	438384	1.0
JABSTQ010009918.1	100000	200000	2.0
JABSTQ010009918.1	200000	297858	3.0
JABSTQ010009919.1	0	100000	2.0
JABSTQ010009919.1	100000	200000	1.0
JABSTQ010009919.1	200000	273652	2.0
JABSTQ010009920.1	0	100000	1.0
JABSTQ010009920.1	100000	200000	2.0
JABSTQ010009920.1	200000	272801	1.0
JABSTQ010009921.1	0	100000	1.0
JABSTQ010009921.1	200000	300000	1.0
JABSTQ010009921.1	300000	400000	1.0
JABSTQ010009921.1	400000	431166	1.0
JABSTQ010009922.1	0	100000	1.0
JABSTQ010009922.1	100000	200000	1.0
JABSTQ010009922.1	200000	300000	4.0
JABSTQ010009922.1	300000	341399	1.0
JABSTQ010009923.1	0	100000	2.0
JABSTQ010009923.1	100000	200000	1.0
JABSTQ010009923.1	200000	300000	3.0
JABSTQ010009923.1	400000	463767	2.0
JABSTQ010009924.1	0	79183	2.0
JABSTQ010009925.1	0	100000	2.0
JABSTQ010009925.1	100000	200000	1.0
JABSTQ010009925.1	200000	287202	4.0
JABSTQ010009926.1	0	100000	4.0
JABSTQ010009926.1	100000	200000	1.0
JABSTQ010009926.1	200000	300000	1.0
JABSTQ010009926.1	300000	400000	1.0
JABSTQ010009926.1	400000	500000	2.0
JABSTQ010009926.1	500000	600000	2.0
JABSTQ010009926.1	600000	700000	2.0
JABSTQ010009926.1	800000	900000	3.0
JABSTQ010009926.1	900000	931549	1.0
JABSTQ010009927.1	0	100000	3.0
JABSTQ010009927.1	100000	188623	1.0
JABSTQ010009928.1	0	100000	1.0
JABSTQ010009928.1	100000	200000	1.0
JABSTQ010009928.1	200000	300000	1.0
JABSTQ010009928.1	300000	400000	1.0
JABSTQ010009928.1	400000	500000	1.0
JABSTQ010009928.1	500000	600000	2.0
JABSTQ010009928.1	600000	639826	1.0
JABSTQ010009929.1	100000	200000	1.0
JABSTQ010009929.1	200000	300000	2.0
JABSTQ010009929.1	300000	400000	1.0
JABSTQ010009929.1	400000	500000	1.0
JABSTQ010009929.1	500000	600000	1.0
JABSTQ010009929.1	700000	800000	2.0
JABSTQ010009929.1	900000	1000000	1.0
JABSTQ010009929.1	1100000	1126314	1.0
JABSTQ010009930.1	0	100000	3.0
JABSTQ010009930.1	100000	200000	3.0
JABSTQ010009930.1	200000	259457	2.0
JABSTQ010009931.1	0	100000	2.0
JABSTQ010009931.1	100000	200000	2.0
JABSTQ010009931.1	200000	300000	3.0
JABSTQ010009931.1	300000	321771	1.0
JABSTQ010009932.1	0	100000	2.0
JABSTQ010009932.1	100000	186047	2.0
JABSTQ010009933.1	0	100000	1.0
JABSTQ010009933.1	100000	180838	2.0
JABSTQ010009934.1	0	95203	1.0
JABSTQ010009935.1	0	100000	2.0
JABSTQ010009935.1	100000	166351	1.0
JABSTQ010009936.1	0	100000	1.0
JABSTQ010009936.1	100000	195320	2.0
JABSTQ010009937.1	0	100000	2.0
JABSTQ010009937.1	100000	200000	2.0
JABSTQ010009937.1	200000	300000	1.0
JABSTQ010009937.1	300000	400000	4.0
JABSTQ010009937.1	400000	500000	4.0
JABSTQ010009937.1	500000	600000	3.0
JABSTQ010009937.1	600000	700000	2.0
JABSTQ010009937.1	700000	800000	5.0
JABSTQ010009937.1	800000	900000	1.0
JABSTQ010009937.1	900000	1000000	1.0
JABSTQ010009937.1	1000000	1003881	1.0
JABSTQ010009938.1	0	100000	1.0
JABSTQ010009938.1	100000	163621	1.0
JABSTQ010009939.1	0	100000	3.0
JABSTQ010009939.1	100000	200000	3.0
JABSTQ010009939.1	200000	300000	3.0
JABSTQ010009939.1	300000	400000	3.0
JABSTQ010009939.1	400000	424969	1.0
JABSTQ010009940.1	0	100000	3.0
JABSTQ010009940.1	100000	200000	2.0
JABSTQ010009940.1	200000	300000	5.0
JABSTQ010009940.1	300000	400000	3.0
JABSTQ010009941.1	0	100000	2.0
JABSTQ010009941.1	100000	200000	1.0
JABSTQ010009941.1	200000	261285	4.0
JABSTQ010009942.1	0	54592	2.0
JABSTQ010009944.1	0	100000	1.0
JABSTQ010009944.1	100000	200000	1.0
JABSTQ010009944.1	200000	300000	1.0
JABSTQ010009944.1	400000	500000	4.0
JABSTQ010009945.1	0	100000	2.0
JABSTQ010009945.1	200000	300000	7.0
JABSTQ010009945.1	300000	400000	5.0
JABSTQ010009945.1	400000	500000	2.0
JABSTQ010009945.1	500000	600000	2.0
JABSTQ010009945.1	600000	700000	1.0
JABSTQ010009945.1	700000	800000	1.0
JABSTQ010009945.1	800000	900000	3.0
JABSTQ010009945.1	900000	1000000	2.0
JABSTQ010009945.1	1000000	1100000	3.0
JABSTQ010009945.1	1100000	1130315	1.0
JABSTQ010009946.1	0	100000	5.0
JABSTQ010009946.1	100000	200000	1.0
JABSTQ010009946.1	200000	300000	2.0
JABSTQ010009946.1	300000	400000	4.0
JABSTQ010009946.1	400000	417494	1.0
JABSTQ010009947.1	0	100000	5.0
JABSTQ010009947.1	100000	163759	3.0
JABSTQ010009948.1	100000	200000	1.0
JABSTQ010009948.1	200000	300000	2.0
JABSTQ010009948.1	300000	400000	1.0
JABSTQ010009948.1	400000	500000	1.0
JABSTQ010009948.1	500000	600000	4.0
JABSTQ010009948.1	600000	700000	5.0
JABSTQ010009948.1	700000	800000	1.0
JABSTQ010009948.1	800000	900000	3.0
JABSTQ010009948.1	900000	1000000	3.0
JABSTQ010009948.1	1000000	1014561	1.0
JABSTQ010009949.1	0	100000	2.0
JABSTQ010009949.1	100000	150029	3.0
JABSTQ010009950.1	100000	200000	3.0
JABSTQ010009950.1	200000	300000	3.0
JABSTQ010009950.1	300000	400000	4.0
JABSTQ010009950.1	400000	405555	1.0
JABSTQ010009951.1	0	100000	1.0
JABSTQ010009951.1	100000	138531	2.0
JABSTQ010009952.1	0	100000	1.0
JABSTQ010009952.1	100000	200000	3.0
JABSTQ010009952.1	200000	261468	2.0
JABSTQ010009953.1	200000	300000	1.0
JABSTQ010009954.1	0	100000	1.0
JABSTQ010009954.1	100000	200000	1.0
JABSTQ010009954.1	200000	300000	3.0
JABSTQ010009954.1	300000	400000	2.0
JABSTQ010009954.1	500000	600000	1.0
JABSTQ010009954.1	600000	700000	2.0
JABSTQ010009954.1	700000	800000	2.0
JABSTQ010009954.1	800000	900000	1.0
JABSTQ010009954.1	900000	1000000	1.0
JABSTQ010009954.1	1000000	1100000	1.0
JABSTQ010009954.1	1100000	1200000	2.0
JABSTQ010009954.1	1300000	1355700	1.0
JABSTQ010009955.1	100000	200000	1.0
JABSTQ010009955.1	300000	400000	2.0
JABSTQ010009955.1	700000	800000	1.0
JABSTQ010009955.1	800000	900000	1.0
JABSTQ010009955.1	900000	1000000	4.0
JABSTQ010009955.1	1000000	1100000	3.0
JABSTQ010009955.1	1100000	1200000	1.0
JABSTQ010009955.1	1200000	1300000	2.0
JABSTQ010009955.1	1600000	1700000	1.0
JABSTQ010009955.1	1800000	1900000	1.0
JABSTQ010009955.1	1900000	2000000	1.0
JABSTQ010009955.1	2000000	2051068	2.0
JABSTQ010009956.1	0	100000	3.0
JABSTQ010009956.1	100000	200000	6.0
JABSTQ010009956.1	200000	218047	2.0
JABSTQ010009957.1	0	100000	1.0
JABSTQ010009957.1	200000	293263	1.0
JABSTQ010009959.1	200000	211206	1.0
JABSTQ010009960.1	100000	189183	2.0
JABSTQ010009961.1	0	100000	1.0
JABSTQ010009961.1	100000	200000	2.0
JABSTQ010009961.1	200000	286970	5.0
JABSTQ010009962.1	0	100000	2.0
JABSTQ010009962.1	100000	200000	1.0
JABSTQ010009962.1	200000	300000	1.0
JABSTQ010009962.1	300000	321502	1.0
JABSTQ010009963.1	0	100000	4.0
JABSTQ010009963.1	100000	140784	5.0
JABSTQ010009964.1	0	100000	1.0
JABSTQ010009964.1	100000	200000	1.0
JABSTQ010009964.1	200000	300000	2.0
JABSTQ010009964.1	300000	400000	1.0
JABSTQ010009964.1	500000	600000	1.0
JABSTQ010009964.1	600000	700000	6.0
JABSTQ010009964.1	700000	800000	3.0
JABSTQ010009964.1	800000	900000	1.0
JABSTQ010009964.1	900000	998998	2.0
JABSTQ010009965.1	0	100000	2.0
JABSTQ010009965.1	100000	200000	2.0
JABSTQ010009965.1	200000	300000	2.0
JABSTQ010009965.1	300000	400000	3.0
JABSTQ010009965.1	400000	500000	2.0
JABSTQ010009965.1	600000	700000	4.0
JABSTQ010009966.1	0	100000	4.0
JABSTQ010009966.1	100000	157060	1.0
JABSTQ010009967.1	200000	300000	3.0
JABSTQ010009967.1	400000	468862	2.0
JABSTQ010009968.1	0	100000	1.0
JABSTQ010009968.1	100000	200000	6.0
JABSTQ010009968.1	200000	210302	1.0
JABSTQ010009969.1	0	100000	2.0
JABSTQ010009969.1	100000	180263	4.0
JABSTQ010009970.1	0	100000	1.0
JABSTQ010009970.1	100000	200000	2.0
JABSTQ010009970.1	200000	300000	2.0
JABSTQ010009970.1	400000	500000	1.0
JABSTQ010009970.1	500000	584480	1.0
JABSTQ010009971.1	0	100000	1.0
JABSTQ010009971.1	100000	200000	1.0
JABSTQ010009971.1	200000	300000	3.0
JABSTQ010009971.1	300000	400000	3.0
JABSTQ010009971.1	400000	500000	2.0
JABSTQ010009971.1	500000	600000	2.0
JABSTQ010009971.1	600000	700000	3.0
JABSTQ010009971.1	700000	800000	4.0
JABSTQ010009972.1	0	76148	4.0
JABSTQ010009973.1	0	100000	1.0
JABSTQ010009973.1	100000	200000	2.0
JABSTQ010009973.1	200000	300000	1.0
JABSTQ010009973.1	300000	400000	1.0
JABSTQ010009973.1	400000	500000	1.0
JABSTQ010009973.1	500000	600000	3.0
JABSTQ010009973.1	600000	634420	1.0
JABSTQ010009974.1	0	100000	2.0
JABSTQ010009974.1	100000	158473	1.0
JABSTQ010009975.1	0	100000	3.0
JABSTQ010009975.1	100000	200000	1.0
JABSTQ010009975.1	200000	300000	4.0
JABSTQ010009975.1	300000	400000	6.0
JABSTQ010009975.1	400000	500000	7.0
JABSTQ010009975.1	500000	600000	1.0
JABSTQ010009975.1	800000	900000	2.0
JABSTQ010009975.1	900000	1000000	2.0
JABSTQ010009975.1	1000000	1100000	6.0
JABSTQ010009975.1	1100000	1200000	3.0
JABSTQ010009975.1	1200000	1300000	2.0
JABSTQ010009975.1	1300000	1400000	4.0
JABSTQ010009975.1	1400000	1444887	1.0
JABSTQ010009976.1	0	100000	1.0
JABSTQ010009976.1	400000	500000	1.0
JABSTQ010009976.1	500000	565789	1.0
JABSTQ010009977.1	0	100000	2.0
JABSTQ010009978.1	0	100000	3.0
JABSTQ010009978.1	100000	200000	1.0
JABSTQ010009978.1	200000	300000	2.0
JABSTQ010009978.1	300000	392665	1.0
JABSTQ010009980.1	0	100000	1.0
JABSTQ010009980.1	100000	200000	1.0
JABSTQ010009980.1	200000	300000	1.0
JABSTQ010009980.1	300000	400000	1.0
JABSTQ010009980.1	400000	500000	2.0
JABSTQ010009980.1	500000	600000	1.0
JABSTQ010009980.1	600000	700000	1.0
JABSTQ010009980.1	700000	800000	4.0
JABSTQ010009980.1	900000	1000000	2.0
JABSTQ010009980.1	1000000	1095610	2.0
JABSTQ010009981.1	0	100000	2.0
JABSTQ010009981.1	100000	200000	1.0
JABSTQ010009981.1	200000	282280	3.0
JABSTQ010009982.1	0	100000	1.0
JABSTQ010009982.1	100000	200000	1.0
JABSTQ010009982.1	200000	288586	2.0
JABSTQ010009983.1	0	100000	1.0
JABSTQ010009983.1	200000	300000	1.0
JABSTQ010009983.1	300000	400000	5.0
JABSTQ010009983.1	500000	600000	1.0
JABSTQ010009983.1	600000	700000	2.0
JABSTQ010009983.1	700000	800000	2.0
JABSTQ010009983.1	800000	900000	2.0
JABSTQ010009983.1	900000	932017	2.0
JABSTQ010009984.1	0	100000	6.0
JABSTQ010009984.1	100000	200000	1.0
JABSTQ010009984.1	200000	218681	1.0
JABSTQ010009985.1	0	100000	2.0
JABSTQ010009985.1	100000	200000	3.0
JABSTQ010009985.1	200000	253355	2.0
JABSTQ010009986.1	0	100000	1.0
JABSTQ010009986.1	300000	324230	2.0
JABSTQ010009987.1	0	100000	6.0
JABSTQ010009987.1	100000	150058	2.0
JABSTQ010009988.1	0	100000	6.0
JABSTQ010009988.1	100000	182877	2.0
JABSTQ010009990.1	0	100000	1.0
JABSTQ010009990.1	300000	400000	1.0
JABSTQ010009990.1	400000	437247	1.0
JABSTQ010009991.1	0	100000	2.0
JABSTQ010009991.1	100000	200000	3.0
JABSTQ010009991.1	200000	300000	1.0
JABSTQ010009991.1	300000	400000	2.0
JABSTQ010009991.1	400000	500000	6.0
JABSTQ010009991.1	500000	600000	2.0
JABSTQ010009991.1	600000	700000	7.0
JABSTQ010009991.1	700000	710597	1.0
JABSTQ010009992.1	100000	200000	1.0
JABSTQ010009992.1	200000	221876	1.0
JABSTQ010009993.1	100000	200000	2.0
JABSTQ010009993.1	200000	300000	3.0
JABSTQ010009994.1	100000	110045	1.0
JABSTQ010009995.1	0	100000	1.0
JABSTQ010009995.1	100000	200000	1.0
JABSTQ010009995.1	200000	226262	2.0
JABSTQ010009996.1	0	100000	1.0
JABSTQ010009996.1	200000	241870	1.0
JABSTQ010009997.1	100000	151047	1.0
JABSTQ010009999.1	0	100000	2.0
JABSTQ010009999.1	100000	166714	1.0
JABSTQ010010000.1	0	100000	1.0
JABSTQ010010000.1	100000	170460	2.0
JABSTQ010010001.1	0	100000	6.0
JABSTQ010010001.1	100000	200000	2.0
JABSTQ010010001.1	200000	300000	2.0
JABSTQ010010001.1	300000	400000	4.0
JABSTQ010010001.1	400000	500000	1.0
JABSTQ010010001.1	500000	600000	2.0
JABSTQ010010001.1	600000	700000	2.0
JABSTQ010010001.1	1000000	1100000	2.0
JABSTQ010010001.1	1200000	1300000	2.0
JABSTQ010010001.1	1300000	1400000	3.0
JABSTQ010010001.1	1400000	1500000	3.0
JABSTQ010010001.1	1500000	1600000	2.0
JABSTQ010010001.1	1600000	1700000	1.0
JABSTQ010010001.1	1800000	1900000	1.0
JABSTQ010010001.1	1900000	2000000	1.0
JABSTQ010010001.1	2000000	2100000	1.0
JABSTQ010010001.1	2100000	2200000	3.0
JABSTQ010010001.1	2200000	2300000	2.0
JABSTQ010010001.1	2300000	2400000	1.0
JABSTQ010010001.1	2400000	2500000	1.0
JABSTQ010010001.1	2500000	2551590	1.0
JABSTQ010010002.1	0	100000	1.0
JABSTQ010010002.1	100000	140988	1.0
JABSTQ010010003.1	0	100000	4.0
JABSTQ010010003.1	100000	200000	1.0
JABSTQ010010003.1	200000	247202	1.0
JABSTQ010010004.1	0	100000	2.0
JABSTQ010010004.1	300000	400000	2.0
JABSTQ010010004.1	400000	474890	2.0
JABSTQ010010005.1	0	100000	1.0
JABSTQ010010005.1	100000	200000	4.0
JABSTQ010010005.1	200000	287202	2.0
JABSTQ010010006.1	0	100000	1.0
JABSTQ010010006.1	100000	200000	2.0
JABSTQ010010006.1	200000	300000	2.0
JABSTQ010010006.1	300000	400000	1.0
JABSTQ010010006.1	400000	496009	4.0
JABSTQ010010007.1	0	100000	1.0
JABSTQ010010007.1	100000	200000	1.0
JABSTQ010010007.1	200000	300000	3.0
JABSTQ010010007.1	300000	340625	1.0
JABSTQ010010008.1	100000	134582	1.0
JABSTQ010010009.1	0	100000	1.0
JABSTQ010010009.1	100000	200000	5.0
JABSTQ010010009.1	200000	300000	1.0
JABSTQ010010009.1	300000	400000	4.0
JABSTQ010010009.1	400000	500000	2.0
JABSTQ010010009.1	500000	533111	2.0
JABSTQ010010010.1	0	64826	2.0
JABSTQ010010011.1	0	100000	1.0
JABSTQ010010011.1	200000	300000	2.0
JABSTQ010010011.1	300000	400000	1.0
JABSTQ010010011.1	600000	700000	1.0
JABSTQ010010011.1	1000000	1100000	1.0
JABSTQ010010011.1	1600000	1700000	1.0
JABSTQ010010011.1	1700000	1800000	2.0
JABSTQ010010011.1	1800000	1900000	3.0
JABSTQ010010011.1	2100000	2200000	2.0
JABSTQ010010011.1	2200000	2300000	4.0
JABSTQ010010011.1	2300000	2400000	1.0
JABSTQ010010011.1	2500000	2600000	2.0
JABSTQ010010011.1	2600000	2700000	3.0
JABSTQ010010011.1	2700000	2800000	4.0
JABSTQ010010011.1	2800000	2900000	3.0
JABSTQ010010011.1	2900000	2971882	2.0
JABSTQ010010012.1	0	100000	1.0
JABSTQ010010012.1	200000	300000	1.0
JABSTQ010010012.1	300000	400000	2.0
JABSTQ010010012.1	400000	500000	4.0
JABSTQ010010012.1	500000	542942	4.0
JABSTQ010010013.1	0	100000	2.0
JABSTQ010010013.1	100000	200000	1.0
JABSTQ010010014.1	0	18728	1.0
JABSTQ010010015.1	0	100000	1.0
JABSTQ010010015.1	200000	300000	2.0
JABSTQ010010015.1	300000	347791	3.0
JABSTQ010010016.1	0	100000	1.0
JABSTQ010010016.1	200000	300000	1.0
JABSTQ010010016.1	400000	460910	1.0
JABSTQ010010018.1	0	100000	2.0
JABSTQ010010018.1	100000	200000	1.0
JABSTQ010010018.1	200000	217830	1.0
JABSTQ010010019.1	100000	200000	1.0
JABSTQ010010019.1	200000	300000	1.0
JABSTQ010010019.1	800000	900000	2.0
JABSTQ010010019.1	900000	1000000	1.0
JABSTQ010010019.1	1000000	1100000	1.0
JABSTQ010010019.1	1300000	1400000	1.0
JABSTQ010010019.1	1400000	1500000	2.0
JABSTQ010010019.1	1700000	1800000	1.0
JABSTQ010010019.1	1900000	1954694	1.0
JABSTQ010010020.1	0	100000	1.0
JABSTQ010010020.1	100000	200000	1.0
JABSTQ010010020.1	200000	248757	2.0
JABSTQ010010021.1	0	100000	3.0
JABSTQ010010021.1	100000	200000	2.0
JABSTQ010010021.1	200000	300000	3.0
JABSTQ010010021.1	300000	400000	1.0
JABSTQ010010022.1	0	100000	1.0
JABSTQ010010022.1	100000	200000	1.0
JABSTQ010010022.1	200000	300000	1.0
JABSTQ010010022.1	300000	316631	1.0
JABSTQ010010023.1	0	100000	2.0
JABSTQ010010023.1	100000	200000	3.0
JABSTQ010010023.1	200000	300000	1.0
JABSTQ010010023.1	300000	329677	1.0
JABSTQ010010024.1	0	100000	5.0
JABSTQ010010024.1	100000	188293	4.0
JABSTQ010010025.1	0	100000	1.0
JABSTQ010010025.1	100000	200000	3.0
JABSTQ010010025.1	200000	259569	1.0
JABSTQ010010026.1	0	100000	2.0
JABSTQ010010026.1	100000	200000	1.0
JABSTQ010010026.1	200000	300000	1.0
JABSTQ010010026.1	300000	400000	1.0
JABSTQ010010026.1	400000	500000	1.0
JABSTQ010010026.1	500000	600000	1.0
JABSTQ010010026.1	700000	800000	2.0
JABSTQ010010026.1	1100000	1143926	1.0
JABSTQ010010027.1	100000	200000	4.0
JABSTQ010010027.1	200000	300000	2.0
JABSTQ010010027.1	300000	400000	4.0
JABSTQ010010027.1	400000	500000	1.0
JABSTQ010010027.1	600000	700000	1.0
JABSTQ010010027.1	1000000	1100000	2.0
JABSTQ010010027.1	1100000	1134995	1.0
JABSTQ010010028.1	0	100000	2.0
JABSTQ010010028.1	100000	200000	2.0
JABSTQ010010028.1	200000	300000	1.0
JABSTQ010010028.1	400000	430889	1.0
JABSTQ010010029.1	0	100000	2.0
JABSTQ010010029.1	100000	200000	1.0
JABSTQ010010029.1	200000	300000	3.0
JABSTQ010010029.1	300000	400000	1.0
JABSTQ010010029.1	400000	489198	4.0
JABSTQ010010030.1	0	100000	1.0
JABSTQ010010030.1	100000	200000	4.0
JABSTQ010010030.1	200000	255647	2.0
JABSTQ010010031.1	0	100000	1.0
JABSTQ010010031.1	100000	200000	1.0
JABSTQ010010031.1	200000	244789	1.0
JABSTQ010010033.1	0	100000	1.0
JABSTQ010010033.1	100000	200000	3.0
JABSTQ010010033.1	200000	300000	3.0
JABSTQ010010033.1	300000	378299	4.0
JABSTQ010010034.1	0	100000	2.0
JABSTQ010010034.1	100000	200000	1.0
JABSTQ010010034.1	200000	231024	2.0
JABSTQ010010035.1	0	100000	2.0
JABSTQ010010035.1	400000	500000	1.0
JABSTQ010010035.1	500000	543821	1.0
JABSTQ010010036.1	0	100000	1.0
JABSTQ010010036.1	100000	200000	2.0
JABSTQ010010036.1	200000	300000	3.0
JABSTQ010010036.1	300000	400000	4.0
JABSTQ010010036.1	400000	500000	5.0
JABSTQ010010036.1	500000	600000	7.0
JABSTQ010010036.1	600000	700000	2.0
JABSTQ010010036.1	700000	800000	4.0
JABSTQ010010036.1	800000	900000	2.0
JABSTQ010010036.1	900000	1000000	2.0
JABSTQ010010036.1	1000000	1100000	1.0
JABSTQ010010036.1	1100000	1132578	2.0
JABSTQ010010037.1	100000	200000	1.0
JABSTQ010010038.1	0	100000	2.0
JABSTQ010010038.1	100000	148416	3.0
JABSTQ010010039.1	0	100000	1.0
JABSTQ010010039.1	100000	200000	1.0
JABSTQ010010039.1	200000	223439	1.0
JABSTQ010010040.1	0	100000	1.0
JABSTQ010010040.1	100000	187798	2.0
JABSTQ010010042.1	0	100000	7.0
JABSTQ010010042.1	100000	200000	1.0
JABSTQ010010042.1	200000	300000	2.0
JABSTQ010010042.1	300000	400000	2.0
JABSTQ010010042.1	400000	500000	2.0
JABSTQ010010042.1	500000	600000	1.0
JABSTQ010010043.1	100000	200000	2.0
JABSTQ010010043.1	200000	295272	3.0
JABSTQ010010044.1	0	100000	3.0
JABSTQ010010044.1	100000	200000	4.0
JABSTQ010010044.1	200000	300000	4.0
JABSTQ010010044.1	300000	400000	1.0
JABSTQ010010044.1	400000	500000	1.0
JABSTQ010010044.1	500000	600000	3.0
JABSTQ010010044.1	600000	700000	1.0
JABSTQ010010044.1	700000	800000	4.0
JABSTQ010010044.1	800000	900000	2.0
JABSTQ010010044.1	900000	997066	3.0
JABSTQ010010045.1	0	21065	1.0
JABSTQ010010046.1	0	100000	1.0
JABSTQ010010046.1	100000	200000	1.0
JABSTQ010010046.1	200000	221606	1.0
JABSTQ010010047.1	0	100000	2.0
JABSTQ010010047.1	100000	200000	2.0
JABSTQ010010047.1	200000	300000	1.0
JABSTQ010010047.1	300000	400000	1.0
JABSTQ010010047.1	600000	689174	1.0
JABSTQ010010049.1	0	100000	1.0
JABSTQ010010049.1	100000	200000	2.0
JABSTQ010010049.1	200000	300000	6.0
JABSTQ010010049.1	300000	306704	1.0
JABSTQ010010050.1	0	100000	2.0
JABSTQ010010050.1	100000	194922	2.0
JABSTQ010010051.1	100000	200000	4.0
JABSTQ010010051.1	200000	224391	1.0
JABSTQ010010052.1	0	100000	2.0
JABSTQ010010052.1	300000	340576	1.0
JABSTQ010010053.1	0	100000	1.0
JABSTQ010010053.1	200000	300000	3.0
JABSTQ010010053.1	400000	500000	1.0
JABSTQ010010053.1	600000	700000	4.0
JABSTQ010010053.1	700000	800000	1.0
JABSTQ010010053.1	800000	900000	1.0
JABSTQ010010053.1	900000	1000000	3.0
JABSTQ010010053.1	1000000	1100000	7.0
JABSTQ010010053.1	1100000	1200000	1.0
JABSTQ010010053.1	1200000	1300000	2.0
JABSTQ010010053.1	1400000	1500000	3.0
JABSTQ010010054.1	0	100000	4.0
JABSTQ010010054.1	100000	200000	2.0
JABSTQ010010054.1	200000	279178	1.0
JABSTQ010010055.1	0	100000	1.0
JABSTQ010010055.1	100000	200000	3.0
JABSTQ010010055.1	200000	219240	1.0
JABSTQ010010056.1	0	100000	2.0
JABSTQ010010056.1	100000	200000	1.0
JABSTQ010010056.1	200000	266194	2.0
JABSTQ010010057.1	0	100000	2.0
JABSTQ010010057.1	100000	200000	1.0
JABSTQ010010057.1	200000	300000	2.0
JABSTQ010010058.1	0	100000	2.0
JABSTQ010010058.1	100000	200000	1.0
JABSTQ010010058.1	200000	300000	1.0
JABSTQ010010058.1	300000	400000	1.0
JABSTQ010010058.1	400000	500000	2.0
JABSTQ010010059.1	100000	200000	1.0
JABSTQ010010059.1	200000	300000	3.0
JABSTQ010010059.1	300000	354404	3.0
JABSTQ010010060.1	0	100000	1.0
JABSTQ010010060.1	100000	200000	1.0
JABSTQ010010060.1	300000	400000	5.0
JABSTQ010010060.1	400000	443755	5.0
JABSTQ010010061.1	0	34476	1.0
JABSTQ010010062.1	100000	200000	4.0
JABSTQ010010062.1	300000	400000	1.0
JABSTQ010010062.1	400000	500000	5.0
JABSTQ010010062.1	500000	600000	2.0
JABSTQ010010062.1	600000	700000	3.0
JABSTQ010010062.1	700000	800000	4.0
JABSTQ010010062.1	900000	1000000	1.0
JABSTQ010010062.1	1000000	1100000	3.0
JABSTQ010010062.1	1100000	1200000	3.0
JABSTQ010010062.1	1200000	1300000	2.0
JABSTQ010010062.1	1300000	1400000	2.0
JABSTQ010010062.1	1400000	1500000	1.0
JABSTQ010010062.1	1600000	1700000	2.0
JABSTQ010010062.1	1700000	1800000	2.0
JABSTQ010010062.1	1800000	1900000	1.0
JABSTQ010010062.1	2300000	2400000	1.0
JABSTQ010010062.1	2400000	2500000	1.0
JABSTQ010010062.1	2500000	2600000	3.0
JABSTQ010010062.1	2600000	2700000	1.0
JABSTQ010010062.1	2700000	2765534	3.0
JABSTQ010010063.1	0	100000	3.0
JABSTQ010010063.1	100000	200000	2.0
JABSTQ010010063.1	200000	300000	1.0
JABSTQ010010063.1	300000	400000	3.0
JABSTQ010010063.1	400000	500000	1.0
JABSTQ010010063.1	500000	600000	1.0
JABSTQ010010063.1	600000	700000	1.0
JABSTQ010010063.1	700000	800000	1.0
JABSTQ010010063.1	800000	817563	1.0
JABSTQ010010064.1	0	100000	2.0
JABSTQ010010064.1	100000	174661	1.0
JABSTQ010010065.1	100000	140873	1.0
JABSTQ010010066.1	0	100000	4.0
JABSTQ010010066.1	100000	200000	3.0
JABSTQ010010066.1	200000	217152	1.0
JABSTQ010010067.1	100000	200000	1.0
JABSTQ010010067.1	200000	225651	2.0
JABSTQ010010068.1	0	100000	3.0
JABSTQ010010068.1	100000	200000	2.0
JABSTQ010010068.1	200000	300000	2.0
JABSTQ010010068.1	300000	327119	1.0
JABSTQ010010070.1	0	100000	1.0
JABSTQ010010070.1	200000	285332	1.0
JABSTQ010010071.1	0	100000	3.0
JABSTQ010010071.1	100000	200000	1.0
JABSTQ010010071.1	200000	300000	1.0
JABSTQ010010071.1	300000	400000	1.0
JABSTQ010010071.1	400000	466458	2.0
JABSTQ010010072.1	0	100000	2.0
JABSTQ010010072.1	100000	200000	3.0
JABSTQ010010072.1	200000	300000	1.0
JABSTQ010010072.1	300000	400000	1.0
JABSTQ010010072.1	400000	500000	2.0
JABSTQ010010072.1	500000	600000	1.0
JABSTQ010010072.1	600000	700000	1.0
JABSTQ010010072.1	700000	797304	2.0
JABSTQ010010073.1	0	100000	1.0
JABSTQ010010073.1	100000	153444	1.0
JABSTQ010010074.1	200000	300000	1.0
JABSTQ010010074.1	300000	353279	1.0
JABSTQ010010075.1	0	100000	3.0
JABSTQ010010075.1	200000	263448	1.0
JABSTQ010010076.1	0	100000	1.0
JABSTQ010010076.1	100000	200000	2.0
JABSTQ010010076.1	200000	274824	4.0
JABSTQ010010077.1	100000	200000	3.0
JABSTQ010010077.1	200000	233196	1.0
JABSTQ010010078.1	0	100000	1.0
JABSTQ010010078.1	100000	128091	2.0
JABSTQ010010079.1	0	100000	4.0
JABSTQ010010079.1	100000	174362	2.0
JABSTQ010010080.1	0	100000	1.0
JABSTQ010010080.1	100000	200000	2.0
JABSTQ010010080.1	200000	300000	2.0
JABSTQ010010080.1	300000	400000	9.0
JABSTQ010010080.1	400000	470702	4.0
JABSTQ010010081.1	0	53629	2.0
JABSTQ010010082.1	0	100000	2.0
JABSTQ010010082.1	100000	200000	2.0
JABSTQ010010082.1	200000	206156	1.0
JABSTQ010010083.1	100000	200000	1.0
JABSTQ010010083.1	1100000	1101624	1.0
JABSTQ010010084.1	0	98447	3.0
JABSTQ010010085.1	100000	200000	4.0
JABSTQ010010085.1	200000	276920	1.0
JABSTQ010010086.1	100000	141840	1.0
JABSTQ010010087.1	0	100000	1.0
JABSTQ010010087.1	100000	200000	2.0
JABSTQ010010087.1	200000	300000	5.0
JABSTQ010010087.1	300000	400000	1.0
JABSTQ010010087.1	400000	409291	1.0
JABSTQ010010088.1	0	100000	2.0
JABSTQ010010088.1	100000	196580	5.0
JABSTQ010010089.1	0	100000	2.0
JABSTQ010010089.1	100000	200000	3.0
JABSTQ010010089.1	200000	300000	1.0
JABSTQ010010089.1	300000	400000	2.0
JABSTQ010010089.1	400000	500000	7.0
JABSTQ010010089.1	500000	549250	1.0
JABSTQ010010090.1	0	100000	2.0
JABSTQ010010090.1	100000	121236	1.0
JABSTQ010010091.1	0	100000	6.0
JABSTQ010010091.1	100000	200000	1.0
JABSTQ010010091.1	200000	212365	1.0
JABSTQ010010093.1	0	100000	2.0
JABSTQ010010093.1	300000	400000	1.0
JABSTQ010010093.1	400000	436014	1.0
JABSTQ010010094.1	0	100000	7.0
JABSTQ010010094.1	100000	200000	3.0
JABSTQ010010094.1	200000	300000	2.0
JABSTQ010010094.1	300000	400000	4.0
JABSTQ010010094.1	400000	500000	4.0
JABSTQ010010094.1	600000	700000	4.0
JABSTQ010010094.1	700000	800000	3.0
JABSTQ010010094.1	900000	1000000	4.0
JABSTQ010010094.1	1000000	1019193	3.0
JABSTQ010010095.1	0	100000	1.0
JABSTQ010010095.1	100000	200000	1.0
JABSTQ010010095.1	200000	201795	1.0
JABSTQ010010096.1	0	100000	6.0
JABSTQ010010096.1	100000	140252	5.0
JABSTQ010010097.1	0	100000	1.0
JABSTQ010010097.1	100000	174557	1.0
JABSTQ010010098.1	100000	200000	2.0
JABSTQ010010098.1	200000	271857	3.0
JABSTQ010010099.1	0	100000	1.0
JABSTQ010010099.1	100000	200000	2.0
JABSTQ010010099.1	200000	300000	2.0
JABSTQ010010099.1	300000	394116	1.0
JABSTQ010010100.1	0	100000	2.0
JABSTQ010010100.1	300000	400000	1.0
JABSTQ010010100.1	400000	483119	4.0
JABSTQ010010101.1	100000	120818	1.0
JABSTQ010010102.1	0	100000	3.0
JABSTQ010010102.1	100000	200000	2.0
JABSTQ010010102.1	200000	300000	2.0
JABSTQ010010102.1	300000	400000	2.0
JABSTQ010010102.1	400000	500000	7.0
JABSTQ010010102.1	500000	600000	5.0
JABSTQ010010102.1	600000	632731	1.0
JABSTQ010010103.1	300000	400000	1.0
JABSTQ010010103.1	400000	401081	1.0
JABSTQ010010104.1	0	100000	2.0
JABSTQ010010104.1	100000	200000	3.0
JABSTQ010010104.1	200000	300000	4.0
JABSTQ010010104.1	300000	400000	4.0
JABSTQ010010104.1	400000	500000	2.0
JABSTQ010010104.1	500000	600000	2.0
JABSTQ010010104.1	600000	700000	1.0
JABSTQ010010104.1	700000	750486	1.0
JABSTQ010010105.1	200000	209864	1.0
JABSTQ010010106.1	0	100000	1.0
JABSTQ010010106.1	100000	200000	1.0
JABSTQ010010106.1	200000	240749	1.0
JABSTQ010010107.1	100000	140680	4.0
JABSTQ010010108.1	0	100000	1.0
JABSTQ010010108.1	100000	200000	1.0
JABSTQ010010108.1	400000	500000	2.0
JABSTQ010010108.1	1000000	1100000	1.0
JABSTQ010010109.1	0	100000	1.0
JABSTQ010010109.1	100000	200000	1.0
JABSTQ010010109.1	300000	309652	1.0
JABSTQ010010110.1	100000	200000	1.0
JABSTQ010010110.1	200000	300000	2.0
JABSTQ010010110.1	300000	400000	4.0
JABSTQ010010110.1	500000	537799	2.0
JABSTQ010010111.1	0	100000	1.0
JABSTQ010010111.1	200000	300000	2.0
JABSTQ010010111.1	300000	400000	3.0
JABSTQ010010111.1	400000	500000	1.0
JABSTQ010010111.1	500000	600000	2.0
JABSTQ010010111.1	600000	700000	4.0
JABSTQ010010111.1	700000	800000	2.0
JABSTQ010010111.1	800000	900000	1.0
JABSTQ010010111.1	900000	1000000	2.0
JABSTQ010010111.1	1100000	1200000	2.0
JABSTQ010010111.1	1300000	1400000	1.0
JABSTQ010010111.1	1400000	1500000	4.0
JABSTQ010010111.1	1500000	1600000	2.0
JABSTQ010010111.1	1600000	1700000	2.0
JABSTQ010010111.1	1700000	1765445	2.0
JABSTQ010010112.1	0	100000	4.0
JABSTQ010010112.1	100000	200000	1.0
JABSTQ010010112.1	200000	300000	1.0
JABSTQ010010112.1	300000	321357	2.0
JABSTQ010010113.1	0	100000	1.0
JABSTQ010010113.1	100000	200000	2.0
JABSTQ010010113.1	200000	254269	1.0
JABSTQ010010115.1	0	100000	3.0
JABSTQ010010115.1	100000	200000	3.0
JABSTQ010010115.1	200000	265457	1.0
JABSTQ010010116.1	0	100000	2.0
JABSTQ010010116.1	100000	200000	2.0
JABSTQ010010116.1	200000	300000	4.0
JABSTQ010010116.1	300000	319659	1.0
JABSTQ010010117.1	0	100000	1.0
JABSTQ010010117.1	100000	200000	1.0
JABSTQ010010117.1	200000	300000	4.0
JABSTQ010010117.1	300000	318172	1.0
JABSTQ010010118.1	0	100000	1.0
JABSTQ010010118.1	100000	150423	2.0
JABSTQ010010120.1	0	100000	1.0
JABSTQ010010120.1	100000	200000	2.0
JABSTQ010010120.1	200000	300000	2.0
JABSTQ010010120.1	300000	400000	1.0
JABSTQ010010120.1	400000	500000	4.0
JABSTQ010010120.1	500000	600000	2.0
JABSTQ010010120.1	600000	700000	3.0
JABSTQ010010120.1	700000	800000	1.0
JABSTQ010010120.1	900000	1000000	2.0
JABSTQ010010120.1	1100000	1200000	1.0
JABSTQ010010120.1	1500000	1600000	1.0
JABSTQ010010120.1	1700000	1800000	1.0
JABSTQ010010120.1	1800000	1900000	2.0
JABSTQ010010120.1	1900000	2000000	1.0
JABSTQ010010120.1	2000000	2100000	1.0
JABSTQ010010120.1	2100000	2166270	1.0
JABSTQ010010121.1	100000	150035	2.0
JABSTQ010010122.1	0	100000	1.0
JABSTQ010010122.1	100000	200000	3.0
JABSTQ010010122.1	200000	258820	2.0
JABSTQ010010123.1	200000	300000	1.0
JABSTQ010010123.1	400000	500000	2.0
JABSTQ010010123.1	500000	600000	3.0
JABSTQ010010123.1	600000	673115	4.0
JABSTQ010010124.1	0	77791	3.0
JABSTQ010010125.1	100000	143846	1.0
JABSTQ010010126.1	0	87935	1.0
JABSTQ010010127.1	0	100000	4.0
JABSTQ010010127.1	100000	200000	1.0
JABSTQ010010127.1	200000	249631	2.0
JABSTQ010010128.1	0	100000	1.0
JABSTQ010010128.1	100000	200000	1.0
JABSTQ010010128.1	300000	400000	3.0
JABSTQ010010128.1	400000	500000	2.0
JABSTQ010010128.1	500000	534352	1.0
JABSTQ010010129.1	0	100000	6.0
JABSTQ010010129.1	100000	200000	1.0
JABSTQ010010129.1	200000	300000	1.0
JABSTQ010010129.1	300000	384053	1.0
JABSTQ010010130.1	0	100000	1.0
JABSTQ010010130.1	100000	200000	2.0
JABSTQ010010130.1	300000	400000	2.0
JABSTQ010010130.1	800000	900000	1.0
JABSTQ010010130.1	1000000	1100000	1.0
JABSTQ010010130.1	1100000	1200000	1.0
JABSTQ010010130.1	1200000	1273860	2.0
JABSTQ010010131.1	0	100000	4.0
JABSTQ010010131.1	100000	181210	2.0
JABSTQ010010132.1	100000	104322	2.0
JABSTQ010010133.1	0	100000	1.0
JABSTQ010010133.1	200000	300000	1.0
JABSTQ010010133.1	400000	500000	1.0
JABSTQ010010133.1	600000	639226	1.0
JABSTQ010010134.1	0	100000	1.0
JABSTQ010010134.1	100000	200000	1.0
JABSTQ010010134.1	300000	317716	1.0
JABSTQ010010135.1	100000	144510	1.0
JABSTQ010010136.1	0	100000	1.0
JABSTQ010010136.1	100000	200000	4.0
JABSTQ010010136.1	200000	225241	1.0
JABSTQ010010137.1	0	100000	2.0
JABSTQ010010137.1	100000	200000	6.0
JABSTQ010010137.1	200000	300000	2.0
JABSTQ010010138.1	0	100000	4.0
JABSTQ010010138.1	100000	200000	2.0
JABSTQ010010138.1	300000	358309	1.0
JABSTQ010010139.1	0	100000	2.0
JABSTQ010010139.1	100000	200000	3.0
JABSTQ010010139.1	200000	300000	2.0
JABSTQ010010139.1	300000	400000	1.0
JABSTQ010010139.1	400000	500000	1.0
JABSTQ010010139.1	500000	548759	1.0
JABSTQ010010140.1	0	100000	1.0
JABSTQ010010140.1	100000	200000	3.0
JABSTQ010010140.1	200000	300000	1.0
JABSTQ010010140.1	300000	400000	2.0
JABSTQ010010140.1	400000	446910	1.0
JABSTQ010010141.1	100000	181115	3.0
JABSTQ010010142.1	0	100000	4.0
JABSTQ010010142.1	100000	200000	1.0
JABSTQ010010142.1	200000	300000	3.0
JABSTQ010010142.1	300000	400000	3.0
JABSTQ010010142.1	400000	500000	2.0
JABSTQ010010143.1	0	100000	1.0
JABSTQ010010143.1	100000	200000	2.0
JABSTQ010010143.1	300000	400000	3.0
JABSTQ010010143.1	500000	600000	4.0
JABSTQ010010143.1	700000	800000	4.0
JABSTQ010010143.1	800000	869416	2.0
JABSTQ010010144.1	0	100000	1.0
JABSTQ010010144.1	100000	108162	1.0
JABSTQ010010145.1	0	100000	2.0
JABSTQ010010145.1	100000	126208	1.0
JABSTQ010010146.1	100000	200000	1.0
JABSTQ010010146.1	200000	300000	4.0
JABSTQ010010146.1	300000	380055	2.0
JABSTQ010010147.1	0	100000	1.0
JABSTQ010010147.1	100000	200000	3.0
JABSTQ010010147.1	200000	300000	5.0
JABSTQ010010147.1	300000	400000	1.0
JABSTQ010010147.1	400000	491305	1.0
JABSTQ010010148.1	0	100000	1.0
JABSTQ010010148.1	100000	200000	3.0
JABSTQ010010148.1	500000	600000	1.0
JABSTQ010010148.1	600000	618767	1.0
JABSTQ010010149.1	0	100000	4.0
JABSTQ010010149.1	100000	192914	8.0
JABSTQ010010150.1	100000	200000	1.0
JABSTQ010010150.1	200000	226930	1.0
JABSTQ010010151.1	0	100000	6.0
JABSTQ010010151.1	100000	200000	4.0
JABSTQ010010151.1	200000	300000	2.0
JABSTQ010010151.1	300000	400000	6.0
JABSTQ010010151.1	400000	500000	1.0
JABSTQ010010151.1	600000	700000	1.0
JABSTQ010010151.1	800000	900000	2.0
JABSTQ010010151.1	1000000	1026924	1.0
JABSTQ010010152.1	0	100000	1.0
JABSTQ010010152.1	100000	200000	1.0
JABSTQ010010152.1	200000	233124	1.0
JABSTQ010010153.1	200000	244114	1.0
JABSTQ010010154.1	0	100000	1.0
JABSTQ010010154.1	100000	200000	2.0
JABSTQ010010154.1	200000	222544	1.0
JABSTQ010010155.1	0	100000	3.0
JABSTQ010010155.1	100000	200000	2.0
JABSTQ010010155.1	200000	300000	2.0
JABSTQ010010155.1	300000	400000	6.0
JABSTQ010010155.1	400000	427681	2.0
JABSTQ010010156.1	0	100000	3.0
JABSTQ010010156.1	100000	200000	3.0
JABSTQ010010156.1	200000	300000	2.0
JABSTQ010010156.1	300000	400000	1.0
JABSTQ010010156.1	400000	500000	1.0
JABSTQ010010156.1	900000	975001	2.0
JABSTQ010010157.1	0	100000	2.0
JABSTQ010010157.1	100000	200000	1.0
JABSTQ010010157.1	200000	288607	1.0
JABSTQ010010158.1	0	100000	1.0
JABSTQ010010158.1	100000	200000	2.0
JABSTQ010010158.1	200000	300000	1.0
JABSTQ010010158.1	400000	499493	3.0
JABSTQ010010159.1	0	100000	2.0
JABSTQ010010159.1	100000	200000	1.0
JABSTQ010010159.1	200000	275481	5.0
JABSTQ010010160.1	0	100000	4.0
JABSTQ010010160.1	100000	200000	1.0
JABSTQ010010160.1	300000	345962	2.0
JABSTQ010010161.1	0	100000	1.0
JABSTQ010010161.1	100000	200000	5.0
JABSTQ010010161.1	200000	300000	3.0
JABSTQ010010161.1	300000	400000	4.0
JABSTQ010010161.1	400000	500000	2.0
JABSTQ010010161.1	500000	600000	1.0
JABSTQ010010161.1	600000	700000	7.0
JABSTQ010010161.1	700000	800000	2.0
JABSTQ010010161.1	800000	900000	3.0
JABSTQ010010161.1	1000000	1100000	2.0
JABSTQ010010161.1	1100000	1200000	1.0
JABSTQ010010161.1	1200000	1300000	1.0
JABSTQ010010161.1	1300000	1400000	1.0
JABSTQ010010161.1	1400000	1500000	2.0
JABSTQ010010161.1	1600000	1700000	3.0
JABSTQ010010161.1	1800000	1900000	1.0
JABSTQ010010161.1	1900000	2000000	2.0
JABSTQ010010161.1	2000000	2068792	3.0
JABSTQ010010162.1	0	100000	1.0
JABSTQ010010162.1	100000	196966	2.0
JABSTQ010010163.1	0	100000	2.0
JABSTQ010010163.1	200000	300000	1.0
JABSTQ010010163.1	300000	400000	2.0
JABSTQ010010163.1	400000	500000	3.0
JABSTQ010010163.1	500000	600000	2.0
JABSTQ010010163.1	600000	700000	4.0
JABSTQ010010163.1	800000	900000	1.0
JABSTQ010010163.1	900000	951504	1.0
JABSTQ010010164.1	0	100000	3.0
JABSTQ010010164.1	200000	255804	1.0
JABSTQ010010165.1	0	100000	4.0
JABSTQ010010165.1	100000	150523	3.0
JABSTQ010010166.1	0	100000	3.0
JABSTQ010010166.1	100000	200000	2.0
JABSTQ010010166.1	200000	223726	2.0
JABSTQ010010167.1	100000	200000	1.0
JABSTQ010010167.1	200000	300000	1.0
JABSTQ010010167.1	300000	400000	2.0
JABSTQ010010167.1	700000	800000	2.0
JABSTQ010010167.1	1100000	1131889	2.0
JABSTQ010010168.1	0	100000	1.0
JABSTQ010010168.1	100000	121502	1.0
JABSTQ010010169.1	0	100000	2.0
JABSTQ010010169.1	100000	200000	2.0
JABSTQ010010169.1	200000	253517	1.0
JABSTQ010010170.1	0	100000	1.0
JABSTQ010010170.1	100000	200000	1.0
JABSTQ010010170.1	200000	212021	1.0
JABSTQ010010171.1	0	100000	7.0
JABSTQ010010171.1	200000	224415	1.0
JABSTQ010010172.1	0	100000	4.0
JABSTQ010010172.1	100000	141359	2.0
JABSTQ010010173.1	0	100000	3.0
JABSTQ010010173.1	100000	200000	1.0
JABSTQ010010173.1	200000	300000	2.0
JABSTQ010010173.1	300000	333230	2.0
JABSTQ010010174.1	0	100000	3.0
JABSTQ010010174.1	200000	227406	1.0
JABSTQ010010175.1	0	100000	3.0
JABSTQ010010175.1	100000	200000	1.0
JABSTQ010010175.1	200000	300000	2.0
JABSTQ010010175.1	300000	400000	4.0
JABSTQ010010175.1	400000	500000	4.0
JABSTQ010010175.1	500000	600000	5.0
JABSTQ010010175.1	600000	700000	1.0
JABSTQ010010175.1	700000	766880	5.0
JABSTQ010010176.1	0	100000	5.0
JABSTQ010010176.1	100000	200000	1.0
JABSTQ010010176.1	200000	300000	1.0
JABSTQ010010176.1	300000	400000	2.0
JABSTQ010010176.1	400000	437334	4.0
JABSTQ010010177.1	100000	200000	1.0
JABSTQ010010177.1	200000	300000	1.0
JABSTQ010010177.1	300000	374467	4.0
JABSTQ010010178.1	0	100000	3.0
JABSTQ010010178.1	100000	135179	1.0
JABSTQ010010179.1	0	100000	2.0
JABSTQ010010179.1	100000	109759	1.0
JABSTQ010010180.1	0	100000	2.0
JABSTQ010010180.1	100000	200000	2.0
JABSTQ010010180.1	200000	278598	1.0
JABSTQ010010181.1	0	100000	1.0
JABSTQ010010181.1	100000	200000	2.0
JABSTQ010010181.1	200000	242578	1.0
JABSTQ010010182.1	0	100000	3.0
JABSTQ010010182.1	100000	200000	1.0
JABSTQ010010182.1	300000	400000	1.0
JABSTQ010010182.1	400000	446600	1.0
JABSTQ010010183.1	0	100000	2.0
JABSTQ010010183.1	100000	200000	2.0
JABSTQ010010183.1	200000	255909	1.0
JABSTQ010010184.1	0	100000	1.0
JABSTQ010010184.1	100000	200000	2.0
JABSTQ010010184.1	200000	300000	2.0
JABSTQ010010184.1	300000	400000	4.0
JABSTQ010010184.1	400000	500000	5.0
JABSTQ010010184.1	500000	600000	5.0
JABSTQ010010184.1	600000	700000	2.0
JABSTQ010010184.1	700000	752496	1.0
JABSTQ010010185.1	0	100000	1.0
JABSTQ010010185.1	100000	200000	2.0
JABSTQ010010185.1	200000	300000	3.0
JABSTQ010010185.1	300000	357907	2.0
JABSTQ010010186.1	0	100000	2.0
JABSTQ010010186.1	100000	157063	4.0
JABSTQ010010187.1	200000	210242	1.0
JABSTQ010010188.1	100000	136922	1.0
JABSTQ010010189.1	0	100000	3.0
JABSTQ010010189.1	200000	224660	1.0
JABSTQ010010190.1	0	100000	2.0
JABSTQ010010190.1	100000	200000	3.0
JABSTQ010010190.1	200000	300000	1.0
JABSTQ010010190.1	300000	400000	2.0
JABSTQ010010190.1	600000	700000	2.0
JABSTQ010010190.1	800000	820707	1.0
JABSTQ010010191.1	0	100000	1.0
JABSTQ010010191.1	100000	200000	1.0
JABSTQ010010191.1	200000	300000	2.0
JABSTQ010010191.1	300000	400000	3.0
JABSTQ010010191.1	400000	500000	3.0
JABSTQ010010191.1	500000	600000	2.0
JABSTQ010010191.1	600000	700000	2.0
JABSTQ010010191.1	700000	707195	2.0
JABSTQ010010192.1	0	100000	4.0
JABSTQ010010192.1	100000	167500	1.0
JABSTQ010010193.1	0	100000	1.0
JABSTQ010010193.1	300000	355782	2.0
JABSTQ010010194.1	0	100000	2.0
JABSTQ010010194.1	200000	300000	3.0
JABSTQ010010194.1	300000	400000	2.0
JABSTQ010010194.1	400000	500000	1.0
JABSTQ010010194.1	500000	534398	1.0
JABSTQ010010195.1	0	100000	2.0
JABSTQ010010195.1	100000	148275	1.0
JABSTQ010010196.1	0	100000	1.0
JABSTQ010010196.1	100000	200000	2.0
JABSTQ010010196.1	200000	209596	1.0
JABSTQ010010197.1	0	100000	4.0
JABSTQ010010197.1	100000	159689	2.0
JABSTQ010010198.1	0	100000	2.0
JABSTQ010010198.1	300000	400000	1.0
JABSTQ010010198.1	400000	500000	2.0
JABSTQ010010198.1	500000	600000	3.0
JABSTQ010010198.1	600000	617266	1.0
JABSTQ010010199.1	0	100000	4.0
JABSTQ010010199.1	100000	200000	4.0
JABSTQ010010199.1	200000	300000	3.0
JABSTQ010010199.1	400000	500000	1.0
JABSTQ010010199.1	500000	600000	2.0
JABSTQ010010199.1	600000	700000	3.0
JABSTQ010010199.1	700000	800000	2.0
JABSTQ010010199.1	800000	900000	1.0
JABSTQ010010199.1	900000	966795	2.0
JABSTQ010010200.1	0	100000	2.0
JABSTQ010010200.1	100000	200000	2.0
JABSTQ010010200.1	200000	231617	2.0
JABSTQ010010201.1	0	100000	1.0
JABSTQ010010201.1	100000	200000	1.0
JABSTQ010010201.1	300000	400000	1.0
JABSTQ010010201.1	500000	600000	2.0
JABSTQ010010201.1	600000	700000	2.0
JABSTQ010010201.1	700000	800000	1.0
JABSTQ010010201.1	800000	810230	1.0
JABSTQ010010202.1	0	100000	3.0
JABSTQ010010202.1	100000	200000	1.0
JABSTQ010010202.1	500000	600000	2.0
JABSTQ010010202.1	600000	700000	3.0
JABSTQ010010202.1	800000	900000	1.0
JABSTQ010010202.1	1100000	1179464	1.0
JABSTQ010010203.1	0	54808	1.0
JABSTQ010010204.1	0	100000	4.0
JABSTQ010010204.1	100000	200000	3.0
JABSTQ010010204.1	200000	257184	2.0
JABSTQ010010205.1	0	100000	1.0
JABSTQ010010205.1	100000	200000	1.0
JABSTQ010010205.1	200000	300000	1.0
JABSTQ010010205.1	300000	400000	1.0
JABSTQ010010205.1	400000	500000	1.0
JABSTQ010010205.1	500000	600000	2.0
JABSTQ010010205.1	600000	700000	2.0
JABSTQ010010205.1	700000	800000	2.0
JABSTQ010010205.1	900000	1000000	1.0
JABSTQ010010205.1	1100000	1100704	1.0
JABSTQ010010206.1	0	100000	2.0
JABSTQ010010206.1	100000	200000	4.0
JABSTQ010010206.1	200000	300000	2.0
JABSTQ010010206.1	300000	400000	1.0
JABSTQ010010206.1	400000	500000	2.0
JABSTQ010010206.1	500000	600000	2.0
JABSTQ010010207.1	0	100000	1.0
JABSTQ010010207.1	100000	163334	1.0
JABSTQ010010209.1	0	100000	1.0
JABSTQ010010209.1	100000	200000	1.0
JABSTQ010010209.1	200000	296172	2.0
JABSTQ010010210.1	0	100000	2.0
JABSTQ010010210.1	200000	220632	1.0
JABSTQ010010211.1	0	100000	4.0
JABSTQ010010211.1	100000	200000	2.0
JABSTQ010010211.1	200000	300000	4.0
JABSTQ010010211.1	300000	400000	4.0
JABSTQ010010211.1	400000	500000	4.0
JABSTQ010010211.1	500000	523701	1.0
JABSTQ010010212.1	0	100000	1.0
JABSTQ010010212.1	100000	173337	3.0
JABSTQ010010213.1	0	100000	2.0
JABSTQ010010213.1	100000	200000	1.0
JABSTQ010010213.1	200000	300000	3.0
JABSTQ010010213.1	300000	370880	1.0
JABSTQ010010214.1	0	100000	2.0
JABSTQ010010214.1	100000	195967	2.0
JABSTQ010010215.1	0	100000	2.0
JABSTQ010010215.1	100000	200000	2.0
JABSTQ010010217.1	200000	300000	1.0
JABSTQ010010217.1	300000	400000	1.0
JABSTQ010010217.1	400000	430139	1.0
JABSTQ010010219.1	0	100000	1.0
JABSTQ010010219.1	100000	200000	2.0
JABSTQ010010219.1	200000	252268	4.0
JABSTQ010010220.1	100000	149211	4.0
JABSTQ010010221.1	0	100000	2.0
JABSTQ010010221.1	100000	200000	3.0
JABSTQ010010221.1	400000	500000	1.0
JABSTQ010010221.1	500000	582407	1.0
JABSTQ010010222.1	0	100000	1.0
JABSTQ010010222.1	100000	185041	4.0
JABSTQ010010223.1	0	100000	1.0
JABSTQ010010223.1	100000	121963	2.0
JABSTQ010010224.1	0	100000	1.0
JABSTQ010010224.1	100000	200000	1.0
JABSTQ010010224.1	200000	300000	1.0
JABSTQ010010224.1	300000	400000	4.0
JABSTQ010010224.1	400000	500000	2.0
JABSTQ010010224.1	500000	600000	2.0
JABSTQ010010224.1	600000	700000	1.0
JABSTQ010010224.1	900000	1000000	2.0
JABSTQ010010224.1	1000000	1100000	3.0
JABSTQ010010224.1	1100000	1200000	1.0
JABSTQ010010224.1	1200000	1257494	1.0
JABSTQ010010225.1	0	73213	2.0
JABSTQ010010226.1	100000	112816	1.0
JABSTQ010010227.1	0	100000	4.0
JABSTQ010010227.1	100000	200000	4.0
JABSTQ010010227.1	200000	258955	3.0
JABSTQ010010228.1	0	100000	3.0
JABSTQ010010228.1	100000	200000	1.0
JABSTQ010010228.1	200000	234584	1.0
JABSTQ010010229.1	0	100000	3.0
JABSTQ010010229.1	100000	200000	2.0
JABSTQ010010229.1	200000	251117	1.0
JABSTQ010010230.1	100000	200000	1.0
JABSTQ010010230.1	400000	500000	2.0
JABSTQ010010230.1	700000	739917	1.0
JABSTQ010010231.1	0	100000	2.0
JABSTQ010010231.1	100000	147713	2.0
JABSTQ010010232.1	0	100000	3.0
JABSTQ010010232.1	200000	300000	3.0
JABSTQ010010232.1	300000	361161	3.0
JABSTQ010010233.1	400000	500000	2.0
JABSTQ010010233.1	500000	600000	1.0
JABSTQ010010233.1	600000	700000	1.0
JABSTQ010010233.1	800000	900000	2.0
JABSTQ010010233.1	900000	964776	1.0
JABSTQ010010234.1	0	100000	2.0
JABSTQ010010234.1	100000	199987	3.0
JABSTQ010010235.1	0	98565	1.0
JABSTQ010010236.1	100000	200000	1.0
JABSTQ010010236.1	200000	300000	1.0
JABSTQ010010236.1	300000	400000	1.0
JABSTQ010010236.1	400000	500000	1.0
JABSTQ010010236.1	500000	600000	1.0
JABSTQ010010236.1	600000	700000	2.0
JABSTQ010010236.1	700000	800000	2.0
JABSTQ010010236.1	800000	900000	1.0
JABSTQ010010236.1	900000	995345	1.0
JABSTQ010010237.1	0	100000	1.0
JABSTQ010010237.1	100000	200000	2.0
JABSTQ010010237.1	200000	246229	1.0
JABSTQ010010238.1	0	100000	4.0
JABSTQ010010238.1	100000	199180	4.0
JABSTQ010010239.1	0	100000	3.0
JABSTQ010010239.1	100000	121173	1.0
JABSTQ010010241.1	0	100000	2.0
JABSTQ010010241.1	100000	200000	1.0
JABSTQ010010241.1	200000	203006	1.0
JABSTQ010010242.1	0	100000	2.0
JABSTQ010010242.1	100000	125622	1.0
JABSTQ010010243.1	0	100000	2.0
JABSTQ010010243.1	100000	200000	2.0
JABSTQ010010243.1	200000	300000	3.0
JABSTQ010010243.1	300000	331185	2.0
JABSTQ010010244.1	0	100000	5.0
JABSTQ010010244.1	100000	200000	2.0
JABSTQ010010244.1	200000	300000	2.0
JABSTQ010010244.1	300000	400000	1.0
JABSTQ010010244.1	400000	440166	2.0
JABSTQ010010245.1	0	100000	2.0
JABSTQ010010245.1	100000	200000	1.0
JABSTQ010010245.1	200000	300000	1.0
JABSTQ010010245.1	300000	322992	1.0
JABSTQ010010246.1	0	100000	2.0
JABSTQ010010246.1	100000	200000	3.0
JABSTQ010010246.1	200000	300000	4.0
JABSTQ010010246.1	300000	400000	2.0
JABSTQ010010246.1	400000	500000	3.0
JABSTQ010010246.1	500000	512467	1.0
JABSTQ010010247.1	0	100000	1.0
JABSTQ010010247.1	100000	200000	1.0
JABSTQ010010247.1	300000	400000	3.0
JABSTQ010010247.1	600000	685855	1.0
JABSTQ010010248.1	0	89506	2.0
JABSTQ010010249.1	0	100000	2.0
JABSTQ010010249.1	100000	200000	4.0
JABSTQ010010249.1	200000	300000	3.0
JABSTQ010010249.1	300000	352050	2.0
JABSTQ010010250.1	0	100000	1.0
JABSTQ010010250.1	100000	200000	2.0
JABSTQ010010250.1	200000	255352	1.0
JABSTQ010010251.1	0	100000	1.0
JABSTQ010010251.1	100000	200000	1.0
JABSTQ010010251.1	200000	262329	1.0
JABSTQ010010252.1	0	100000	3.0
JABSTQ010010252.1	100000	157205	1.0
JABSTQ010010253.1	0	100000	2.0
JABSTQ010010253.1	200000	300000	3.0
JABSTQ010010253.1	300000	370425	2.0
JABSTQ010010254.1	0	99133	1.0
JABSTQ010010255.1	100000	200000	2.0
JABSTQ010010255.1	400000	479042	2.0
JABSTQ010010256.1	100000	200000	1.0
JABSTQ010010256.1	200000	300000	2.0
JABSTQ010010256.1	300000	400000	1.0
JABSTQ010010257.1	0	100000	1.0
JABSTQ010010257.1	100000	200000	2.0
JABSTQ010010257.1	200000	300000	2.0
JABSTQ010010257.1	300000	400000	1.0
JABSTQ010010257.1	400000	474511	1.0
JABSTQ010010258.1	0	100000	3.0
JABSTQ010010258.1	100000	200000	2.0
JABSTQ010010258.1	300000	400000	1.0
JABSTQ010010258.1	400000	500000	1.0
JABSTQ010010258.1	600000	700000	1.0
JABSTQ010010258.1	700000	800000	2.0
JABSTQ010010258.1	900000	1000000	3.0
JABSTQ010010258.1	1000000	1100000	4.0
JABSTQ010010258.1	1100000	1200000	4.0
JABSTQ010010258.1	1200000	1300000	5.0
JABSTQ010010258.1	1300000	1400000	2.0
JABSTQ010010258.1	1400000	1461179	2.0
JABSTQ010010259.1	0	99758	3.0
JABSTQ010010260.1	0	100000	1.0
JABSTQ010010260.1	100000	200000	5.0
JABSTQ010010261.1	100000	200000	1.0
JABSTQ010010261.1	200000	300000	2.0
JABSTQ010010261.1	400000	500000	1.0
JABSTQ010010261.1	500000	600000	2.0
JABSTQ010010261.1	700000	800000	3.0
JABSTQ010010261.1	900000	1000000	1.0
JABSTQ010010261.1	1000000	1100000	3.0
JABSTQ010010261.1	1100000	1200000	2.0
JABSTQ010010261.1	1200000	1300000	1.0
JABSTQ010010261.1	1300000	1400000	1.0
JABSTQ010010261.1	1400000	1500000	1.0
JABSTQ010010261.1	1500000	1600000	1.0
JABSTQ010010261.1	1600000	1700000	1.0
JABSTQ010010261.1	1700000	1800000	3.0
JABSTQ010010261.1	1800000	1900000	2.0
JABSTQ010010261.1	1900000	2000000	3.0
JABSTQ010010261.1	2000000	2018083	1.0
JABSTQ010010262.1	200000	300000	5.0
JABSTQ010010262.1	300000	400000	1.0
JABSTQ010010262.1	400000	500000	1.0
JABSTQ010010262.1	700000	800000	2.0
JABSTQ010010262.1	800000	900000	2.0
JABSTQ010010262.1	900000	1000000	3.0
JABSTQ010010262.1	1000000	1100000	3.0
JABSTQ010010262.1	1100000	1200000	2.0
JABSTQ010010262.1	1200000	1300000	2.0
JABSTQ010010262.1	1300000	1357821	1.0
JABSTQ010010263.1	0	94696	2.0
JABSTQ010010264.1	0	100000	3.0
JABSTQ010010264.1	100000	147199	1.0
JABSTQ010010265.1	0	100000	3.0
JABSTQ010010265.1	100000	200000	3.0
JABSTQ010010265.1	200000	240912	1.0
JABSTQ010010266.1	0	51019	3.0
JABSTQ010010267.1	0	100000	1.0
JABSTQ010010267.1	100000	200000	1.0
JABSTQ010010267.1	300000	400000	1.0
JABSTQ010010267.1	500000	600000	1.0
JABSTQ010010267.1	600000	700000	2.0
JABSTQ010010267.1	1000000	1100000	1.0
JABSTQ010010267.1	1200000	1300000	3.0
JABSTQ010010267.1	1300000	1400000	1.0
JABSTQ010010267.1	1400000	1500000	2.0
JABSTQ010010267.1	1500000	1563836	4.0
JABSTQ010010268.1	0	100000	2.0
JABSTQ010010268.1	100000	200000	1.0
JABSTQ010010268.1	300000	358371	1.0
JABSTQ010010269.1	0	66066	1.0
JABSTQ010010270.1	100000	200000	2.0
JABSTQ010010270.1	200000	300000	3.0
JABSTQ010010270.1	300000	400000	1.0
JABSTQ010010270.1	400000	500000	1.0
JABSTQ010010270.1	600000	700000	3.0
JABSTQ010010270.1	800000	900000	1.0
JABSTQ010010270.1	900000	1000000	1.0
JABSTQ010010270.1	1000000	1100000	1.0
JABSTQ010010270.1	1200000	1300000	1.0
JABSTQ010010270.1	1300000	1400000	1.0
JABSTQ010010270.1	1400000	1500000	2.0
JABSTQ010010270.1	1500000	1600000	1.0
JABSTQ010010270.1	1600000	1700000	3.0
JABSTQ010010270.1	1700000	1747934	1.0
JABSTQ010010271.1	0	100000	2.0
JABSTQ010010271.1	100000	131043	1.0
JABSTQ010010272.1	0	100000	1.0
JABSTQ010010272.1	100000	200000	1.0
JABSTQ010010272.1	300000	400000	2.0
JABSTQ010010272.1	400000	434051	2.0
JABSTQ010010273.1	0	100000	1.0
JABSTQ010010273.1	100000	200000	2.0
JABSTQ010010273.1	200000	284056	3.0
JABSTQ010010274.1	100000	200000	1.0
JABSTQ010010274.1	200000	243355	1.0
JABSTQ010010275.1	0	100000	1.0
JABSTQ010010275.1	100000	200000	1.0
JABSTQ010010276.1	0	100000	1.0
JABSTQ010010276.1	100000	200000	1.0
JABSTQ010010276.1	200000	253707	1.0
JABSTQ010010278.1	0	100000	2.0
JABSTQ010010278.1	100000	154622	3.0
JABSTQ010010279.1	0	100000	4.0
JABSTQ010010279.1	100000	200000	2.0
JABSTQ010010279.1	200000	300000	3.0
JABSTQ010010279.1	400000	500000	1.0
JABSTQ010010279.1	500000	600000	2.0
JABSTQ010010279.1	600000	700000	2.0
JABSTQ010010279.1	800000	900000	1.0
JABSTQ010010279.1	900000	968136	2.0
JABSTQ010010280.1	0	100000	3.0
JABSTQ010010280.1	200000	300000	2.0
JABSTQ010010280.1	300000	351077	1.0
JABSTQ010010281.1	0	100000	3.0
JABSTQ010010281.1	100000	200000	1.0
JABSTQ010010281.1	200000	300000	2.0
JABSTQ010010281.1	400000	500000	1.0
JABSTQ010010281.1	500000	600000	1.0
JABSTQ010010281.1	600000	700000	5.0
JABSTQ010010281.1	900000	1000000	2.0
JABSTQ010010281.1	1000000	1100000	1.0
JABSTQ010010281.1	1100000	1132456	2.0
JABSTQ010010282.1	0	100000	1.0
JABSTQ010010282.1	200000	221201	1.0
JABSTQ010010283.1	0	100000	1.0
JABSTQ010010283.1	100000	124199	2.0
JABSTQ010010284.1	0	100000	3.0
JABSTQ010010284.1	100000	137129	2.0
JABSTQ010010285.1	0	100000	1.0
JABSTQ010010285.1	100000	200000	4.0
JABSTQ010010285.1	200000	260033	2.0
JABSTQ010010286.1	0	100000	2.0
JABSTQ010010286.1	100000	200000	4.0
JABSTQ010010286.1	200000	300000	5.0
JABSTQ010010286.1	300000	391827	5.0
JABSTQ010010287.1	0	100000	2.0
JABSTQ010010287.1	100000	150314	1.0
JABSTQ010010288.1	0	100000	1.0
JABSTQ010010288.1	200000	300000	1.0
JABSTQ010010288.1	300000	332843	4.0
JABSTQ010010289.1	0	100000	3.0
JABSTQ010010289.1	100000	193891	5.0
JABSTQ010010290.1	100000	200000	1.0
JABSTQ010010290.1	400000	436122	2.0
JABSTQ010010291.1	0	100000	1.0
JABSTQ010010291.1	100000	200000	1.0
JABSTQ010010291.1	200000	300000	3.0
JABSTQ010010291.1	400000	500000	1.0
JABSTQ010010291.1	600000	700000	2.0
JABSTQ010010291.1	700000	800000	1.0
JABSTQ010010291.1	800000	900000	2.0
JABSTQ010010291.1	900000	924396	1.0
JABSTQ010010292.1	0	95498	2.0
JABSTQ010010293.1	0	100000	4.0
JABSTQ010010293.1	100000	185365	3.0
JABSTQ010010294.1	0	100000	1.0
JABSTQ010010294.1	100000	200000	1.0
JABSTQ010010294.1	300000	393414	1.0
JABSTQ010010295.1	0	100000	2.0
JABSTQ010010295.1	100000	200000	2.0
JABSTQ010010295.1	200000	275061	2.0
JABSTQ010010296.1	0	100000	1.0
JABSTQ010010296.1	100000	154219	1.0
JABSTQ010010297.1	0	100000	1.0
JABSTQ010010297.1	100000	137778	1.0
JABSTQ010010298.1	0	100000	2.0
JABSTQ010010298.1	300000	348330	2.0
JABSTQ010010299.1	0	100000	5.0
JABSTQ010010299.1	100000	200000	5.0
JABSTQ010010299.1	200000	300000	3.0
JABSTQ010010299.1	300000	393347	3.0
JABSTQ010010300.1	0	100000	4.0
JABSTQ010010300.1	100000	166144	2.0
JABSTQ010010301.1	100000	200000	1.0
JABSTQ010010301.1	200000	300000	1.0
JABSTQ010010301.1	400000	418261	2.0
JABSTQ010010302.1	0	100000	3.0
JABSTQ010010302.1	200000	300000	2.0
JABSTQ010010302.1	300000	357630	2.0
JABSTQ010010303.1	0	100000	1.0
JABSTQ010010303.1	100000	187417	1.0
JABSTQ010010304.1	0	100000	1.0
JABSTQ010010304.1	100000	143745	2.0
JABSTQ010010305.1	0	100000	1.0
JABSTQ010010305.1	100000	200000	2.0
JABSTQ010010305.1	200000	300000	1.0
JABSTQ010010305.1	300000	365743	1.0
JABSTQ010010306.1	0	100000	1.0
JABSTQ010010306.1	200000	300000	2.0
JABSTQ010010306.1	300000	400000	2.0
JABSTQ010010306.1	400000	500000	1.0
JABSTQ010010307.1	0	100000	1.0
JABSTQ010010307.1	100000	126098	1.0
JABSTQ010010308.1	100000	170129	1.0
JABSTQ010010309.1	0	100000	3.0
JABSTQ010010309.1	100000	112097	1.0
JABSTQ010010310.1	0	100000	3.0
JABSTQ010010310.1	100000	200000	1.0
JABSTQ010010310.1	200000	300000	1.0
JABSTQ010010310.1	300000	344709	1.0
JABSTQ010010311.1	0	100000	3.0
JABSTQ010010311.1	100000	200000	1.0
JABSTQ010010311.1	200000	260294	1.0
JABSTQ010010312.1	0	100000	1.0
JABSTQ010010312.1	100000	125435	2.0
JABSTQ010010313.1	0	100000	1.0
JABSTQ010010313.1	100000	176525	4.0
JABSTQ010010314.1	0	100000	2.0
JABSTQ010010314.1	100000	200000	3.0
JABSTQ010010314.1	200000	300000	3.0
JABSTQ010010314.1	300000	400000	1.0
JABSTQ010010314.1	600000	700000	1.0
JABSTQ010010314.1	700000	800000	1.0
JABSTQ010010314.1	800000	900000	3.0
JABSTQ010010314.1	900000	989490	3.0
JABSTQ010010315.1	0	100000	4.0
JABSTQ010010315.1	100000	200000	2.0
JABSTQ010010315.1	200000	300000	1.0
JABSTQ010010315.1	400000	500000	1.0
JABSTQ010010315.1	500000	594377	2.0
JABSTQ010010316.1	0	100000	1.0
JABSTQ010010316.1	100000	200000	1.0
JABSTQ010010316.1	200000	300000	2.0
JABSTQ010010316.1	300000	400000	4.0
JABSTQ010010316.1	400000	500000	5.0
JABSTQ010010316.1	500000	600000	1.0
JABSTQ010010316.1	600000	700000	2.0
JABSTQ010010316.1	700000	741477	2.0
JABSTQ010010317.1	0	100000	1.0
JABSTQ010010317.1	100000	200000	1.0
JABSTQ010010317.1	600000	700000	1.0
JABSTQ010010317.1	700000	800000	3.0
JABSTQ010010317.1	800000	900000	1.0
JABSTQ010010317.1	900000	976578	3.0
JABSTQ010010318.1	0	60132	2.0
JABSTQ010010319.1	0	100000	1.0
JABSTQ010010319.1	100000	196209	2.0
JABSTQ010010320.1	100000	200000	3.0
JABSTQ010010320.1	300000	384053	3.0
JABSTQ010010321.1	0	100000	3.0
JABSTQ010010321.1	100000	200000	5.0
JABSTQ010010321.1	200000	300000	2.0
JABSTQ010010321.1	400000	500000	1.0
JABSTQ010010321.1	600000	700000	5.0
JABSTQ010010321.1	900000	1000000	1.0
JABSTQ010010321.1	1000000	1100000	1.0
JABSTQ010010321.1	1100000	1200000	1.0
JABSTQ010010321.1	1300000	1400000	1.0
JABSTQ010010321.1	1400000	1500000	1.0
JABSTQ010010321.1	1500000	1577683	2.0
JABSTQ010010322.1	800000	900000	1.0
JABSTQ010010322.1	1000000	1046260	1.0
JABSTQ010010323.1	0	100000	1.0
JABSTQ010010323.1	200000	300000	3.0
JABSTQ010010323.1	300000	400000	2.0
JABSTQ010010323.1	400000	450164	3.0
JABSTQ010010324.1	100000	200000	1.0
JABSTQ010010324.1	400000	500000	2.0
JABSTQ010010324.1	500000	600000	1.0
JABSTQ010010324.1	600000	700000	1.0
JABSTQ010010324.1	800000	900000	2.0
JABSTQ010010324.1	900000	1000000	1.0
JABSTQ010010324.1	1000000	1100000	2.0
JABSTQ010010324.1	1600000	1700000	1.0
JABSTQ010010324.1	1800000	1900000	1.0
JABSTQ010010324.1	2000000	2100000	1.0
JABSTQ010010324.1	2700000	2800000	1.0
JABSTQ010010324.1	2800000	2890270	4.0
JABSTQ010010325.1	0	100000	2.0
JABSTQ010010325.1	100000	117561	2.0
JABSTQ010010326.1	200000	300000	1.0
JABSTQ010010326.1	300000	400000	4.0
JABSTQ010010326.1	500000	597160	2.0
JABSTQ010010328.1	0	100000	1.0
JABSTQ010010328.1	100000	200000	1.0
JABSTQ010010328.1	200000	300000	2.0
JABSTQ010010328.1	300000	400000	1.0
JABSTQ010010328.1	400000	431965	1.0
JABSTQ010010329.1	0	100000	1.0
JABSTQ010010329.1	100000	153386	2.0
JABSTQ010010330.1	0	100000	1.0
JABSTQ010010330.1	100000	200000	1.0
JABSTQ010010330.1	200000	300000	2.0
JABSTQ010010330.1	300000	399292	1.0
JABSTQ010010331.1	0	100000	1.0
JABSTQ010010331.1	100000	174315	2.0
JABSTQ010010332.1	0	100000	1.0
JABSTQ010010332.1	100000	197845	6.0
JABSTQ010010333.1	0	100000	1.0
JABSTQ010010333.1	100000	195474	3.0
JABSTQ010010334.1	0	100000	4.0
JABSTQ010010334.1	100000	200000	2.0
JABSTQ010010334.1	200000	226649	1.0
JABSTQ010010335.1	100000	115780	2.0
JABSTQ010010337.1	0	100000	1.0
JABSTQ010010337.1	100000	200000	4.0
JABSTQ010010337.1	200000	300000	5.0
JABSTQ010010337.1	400000	466616	2.0
JABSTQ010010338.1	0	100000	1.0
JABSTQ010010338.1	100000	200000	4.0
JABSTQ010010338.1	300000	400000	3.0
JABSTQ010010338.1	500000	600000	1.0
JABSTQ010010338.1	600000	700000	1.0
JABSTQ010010338.1	900000	1000000	3.0
JABSTQ010010338.1	1000000	1100000	3.0
JABSTQ010010338.1	1100000	1200000	1.0
JABSTQ010010338.1	1200000	1207476	1.0
JABSTQ010010339.1	100000	200000	1.0
JABSTQ010010339.1	200000	300000	1.0
JABSTQ010010339.1	300000	341467	1.0
JABSTQ010010340.1	0	100000	4.0
JABSTQ010010340.1	200000	204717	1.0
JABSTQ010010341.1	0	100000	1.0
JABSTQ010010341.1	200000	251657	2.0
JABSTQ010010342.1	0	55749	1.0
JABSTQ010010343.1	0	100000	2.0
JABSTQ010010343.1	100000	189484	2.0
JABSTQ010010344.1	0	100000	4.0
JABSTQ010010344.1	100000	200000	6.0
JABSTQ010010344.1	200000	300000	4.0
JABSTQ010010344.1	300000	372459	2.0
JABSTQ010010345.1	100000	200000	1.0
JABSTQ010010345.1	200000	204305	1.0
JABSTQ010010346.1	0	100000	2.0
JABSTQ010010346.1	100000	200000	2.0
JABSTQ010010346.1	200000	300000	3.0
JABSTQ010010346.1	300000	400000	2.0
JABSTQ010010346.1	600000	700000	1.0
JABSTQ010010346.1	700000	800000	4.0
JABSTQ010010346.1	800000	900000	5.0
JABSTQ010010346.1	900000	1000000	5.0
JABSTQ010010346.1	1000000	1100000	12.0
JABSTQ010010346.1	1100000	1200000	4.0
JABSTQ010010346.1	1200000	1248321	2.0
JABSTQ010010347.1	0	98497	2.0
JABSTQ010010348.1	0	100000	1.0
JABSTQ010010348.1	100000	141682	1.0
JABSTQ010010349.1	100000	200000	3.0
JABSTQ010010349.1	200000	270924	3.0
JABSTQ010010350.1	100000	200000	1.0
JABSTQ010010350.1	200000	256303	2.0
JABSTQ010010351.1	100000	198107	3.0
JABSTQ010010352.1	0	100000	1.0
JABSTQ010010352.1	100000	200000	2.0
JABSTQ010010352.1	200000	300000	1.0
JABSTQ010010352.1	300000	400000	1.0
JABSTQ010010352.1	400000	500000	2.0
JABSTQ010010352.1	500000	600000	2.0
JABSTQ010010352.1	600000	700000	1.0
JABSTQ010010352.1	700000	766618	1.0
JABSTQ010010353.1	0	100000	1.0
JABSTQ010010353.1	100000	178096	1.0
JABSTQ010010354.1	0	100000	1.0
JABSTQ010010354.1	100000	200000	3.0
JABSTQ010010354.1	200000	298467	5.0
JABSTQ010010355.1	0	100000	2.0
JABSTQ010010355.1	100000	200000	4.0
JABSTQ010010355.1	200000	300000	3.0
JABSTQ010010356.1	0	100000	1.0
JABSTQ010010356.1	100000	127803	1.0
JABSTQ010010357.1	0	57848	3.0
JABSTQ010010358.1	0	100000	1.0
JABSTQ010010358.1	100000	200000	2.0
JABSTQ010010358.1	300000	400000	1.0
JABSTQ010010358.1	400000	500000	1.0
JABSTQ010010358.1	500000	600000	1.0
JABSTQ010010358.1	600000	698677	5.0
JABSTQ010010359.1	0	100000	2.0
JABSTQ010010359.1	100000	200000	2.0
JABSTQ010010359.1	200000	238113	2.0
JABSTQ010010360.1	0	54817	2.0
JABSTQ010010361.1	0	100000	2.0
JABSTQ010010361.1	100000	200000	2.0
JABSTQ010010361.1	200000	300000	2.0
JABSTQ010010361.1	300000	400000	3.0
JABSTQ010010361.1	400000	447603	1.0
JABSTQ010010362.1	0	100000	2.0
JABSTQ010010362.1	100000	200000	2.0
JABSTQ010010362.1	300000	400000	2.0
JABSTQ010010362.1	400000	480117	3.0
JABSTQ010010363.1	0	100000	1.0
JABSTQ010010363.1	100000	120080	1.0
JABSTQ010010364.1	0	100000	1.0
JABSTQ010010364.1	100000	180075	2.0
JABSTQ010010365.1	0	100000	2.0
JABSTQ010010365.1	100000	142809	1.0
JABSTQ010010366.1	0	100000	1.0
JABSTQ010010366.1	100000	200000	2.0
JABSTQ010010367.1	0	100000	1.0
JABSTQ010010367.1	200000	300000	1.0
JABSTQ010010367.1	300000	400000	1.0
JABSTQ010010367.1	400000	500000	2.0
JABSTQ010010367.1	800000	900000	3.0
JABSTQ010010367.1	900000	992727	1.0
JABSTQ010010368.1	100000	165746	1.0
JABSTQ010010369.1	0	100000	1.0
JABSTQ010010369.1	100000	200000	2.0
JABSTQ010010369.1	200000	300000	1.0
JABSTQ010010369.1	300000	400000	1.0
JABSTQ010010369.1	600000	700000	1.0
JABSTQ010010369.1	700000	800000	3.0
JABSTQ010010369.1	800000	900000	6.0
JABSTQ010010369.1	900000	1000000	2.0
JABSTQ010010369.1	1000000	1045419	6.0
JABSTQ010010370.1	0	100000	3.0
JABSTQ010010370.1	100000	200000	4.0
JABSTQ010010370.1	200000	217403	1.0
JABSTQ010010371.1	0	100000	2.0
JABSTQ010010371.1	100000	141667	1.0
JABSTQ010010373.1	0	100000	3.0
JABSTQ010010373.1	100000	200000	1.0
JABSTQ010010373.1	200000	300000	1.0
JABSTQ010010373.1	300000	400000	2.0
JABSTQ010010373.1	400000	500000	1.0
JABSTQ010010373.1	700000	800000	1.0
JABSTQ010010373.1	800000	900000	2.0
JABSTQ010010374.1	0	100000	2.0
JABSTQ010010374.1	100000	200000	3.0
JABSTQ010010374.1	200000	300000	2.0
JABSTQ010010374.1	300000	400000	1.0
JABSTQ010010374.1	400000	500000	1.0
JABSTQ010010374.1	500000	584695	1.0
JABSTQ010010375.1	0	100000	1.0
JABSTQ010010375.1	100000	116261	1.0
JABSTQ010010376.1	100000	200000	3.0
JABSTQ010010376.1	200000	300000	1.0
JABSTQ010010376.1	300000	400000	1.0
JABSTQ010010376.1	400000	500000	1.0
JABSTQ010010376.1	500000	600000	4.0
JABSTQ010010377.1	0	100000	2.0
JABSTQ010010377.1	100000	184789	8.0
JABSTQ010010378.1	0	100000	2.0
JABSTQ010010378.1	100000	200000	1.0
JABSTQ010010378.1	200000	276497	1.0
JABSTQ010010379.1	0	100000	1.0
JABSTQ010010379.1	100000	200000	2.0
JABSTQ010010379.1	200000	300000	3.0
JABSTQ010010379.1	300000	347497	2.0
JABSTQ010010380.1	0	100000	1.0
JABSTQ010010380.1	100000	200000	2.0
JABSTQ010010380.1	200000	300000	2.0
JABSTQ010010380.1	400000	500000	2.0
JABSTQ010010380.1	500000	600000	1.0
JABSTQ010010380.1	600000	660011	2.0
JABSTQ010010381.1	0	60859	3.0
JABSTQ010010382.1	0	100000	2.0
JABSTQ010010382.1	100000	200000	1.0
JABSTQ010010382.1	200000	300000	1.0
JABSTQ010010382.1	300000	340999	1.0
JABSTQ010010383.1	0	100000	1.0
JABSTQ010010383.1	100000	200000	1.0
JABSTQ010010383.1	200000	274931	1.0
JABSTQ010010384.1	0	100000	2.0
JABSTQ010010384.1	100000	177605	1.0
JABSTQ010010385.1	0	60786	1.0
JABSTQ010010386.1	0	100000	1.0
JABSTQ010010386.1	100000	140433	2.0
JABSTQ010010388.1	0	100000	2.0
JABSTQ010010388.1	100000	200000	1.0
JABSTQ010010388.1	300000	400000	1.0
JABSTQ010010388.1	500000	557254	2.0
JABSTQ010010389.1	0	100000	1.0
JABSTQ010010389.1	100000	200000	1.0
JABSTQ010010389.1	200000	300000	1.0
JABSTQ010010389.1	300000	305316	1.0
JABSTQ010010390.1	0	96779	3.0
JABSTQ010010391.1	0	96072	2.0
JABSTQ010010392.1	0	100000	3.0
JABSTQ010010392.1	100000	170742	4.0
JABSTQ010010393.1	0	100000	3.0
JABSTQ010010393.1	100000	200000	1.0
JABSTQ010010393.1	200000	300000	4.0
JABSTQ010010393.1	400000	500000	2.0
JABSTQ010010393.1	500000	600000	1.0
JABSTQ010010393.1	600000	700000	2.0
JABSTQ010010393.1	700000	715011	1.0
JABSTQ010010394.1	0	100000	1.0
JABSTQ010010394.1	100000	200000	1.0
JABSTQ010010394.1	200000	300000	1.0
JABSTQ010010394.1	300000	328774	2.0
JABSTQ010010395.1	0	100000	2.0
JABSTQ010010395.1	100000	200000	2.0
JABSTQ010010395.1	200000	236587	2.0
JABSTQ010010396.1	0	100000	3.0
JABSTQ010010396.1	200000	211000	1.0
JABSTQ010010397.1	0	100000	2.0
JABSTQ010010397.1	100000	200000	1.0
JABSTQ010010397.1	200000	208429	1.0
JABSTQ010010398.1	0	100000	2.0
JABSTQ010010398.1	100000	200000	5.0
JABSTQ010010398.1	200000	300000	3.0
JABSTQ010010398.1	300000	353811	1.0
JABSTQ010010399.1	0	100000	1.0
JABSTQ010010399.1	200000	232111	1.0
JABSTQ010010401.1	0	100000	4.0
JABSTQ010010401.1	100000	200000	2.0
JABSTQ010010401.1	200000	218041	1.0
JABSTQ010010402.1	0	100000	1.0
JABSTQ010010402.1	200000	300000	1.0
JABSTQ010010402.1	300000	400000	1.0
JABSTQ010010402.1	400000	500000	2.0
JABSTQ010010402.1	500000	600000	5.0
JABSTQ010010402.1	600000	700000	2.0
JABSTQ010010402.1	700000	705782	1.0
JABSTQ010010403.1	0	100000	2.0
JABSTQ010010403.1	200000	279992	1.0
JABSTQ010010405.1	0	100000	3.0
JABSTQ010010405.1	100000	200000	2.0
JABSTQ010010405.1	200000	300000	3.0
JABSTQ010010405.1	300000	363946	1.0
JABSTQ010010406.1	0	100000	2.0
JABSTQ010010406.1	100000	200000	3.0
JABSTQ010010406.1	200000	233819	1.0
JABSTQ010010407.1	100000	192094	3.0
JABSTQ010010408.1	0	100000	2.0
JABSTQ010010408.1	200000	300000	1.0
JABSTQ010010408.1	300000	400000	1.0
JABSTQ010010408.1	500000	600000	1.0
JABSTQ010010408.1	600000	700000	2.0
JABSTQ010010408.1	700000	800000	1.0
JABSTQ010010408.1	800000	891428	2.0
JABSTQ010010409.1	0	100000	1.0
JABSTQ010010409.1	100000	200000	1.0
JABSTQ010010409.1	500000	600000	1.0
JABSTQ010010409.1	600000	700000	1.0
JABSTQ010010409.1	700000	800000	2.0
JABSTQ010010409.1	800000	900000	4.0
JABSTQ010010409.1	900000	1000000	5.0
JABSTQ010010409.1	1000000	1100000	2.0
JABSTQ010010409.1	1100000	1200000	1.0
JABSTQ010010409.1	1300000	1400000	4.0
JABSTQ010010409.1	1400000	1500000	5.0
JABSTQ010010409.1	1500000	1585091	2.0
JABSTQ010010410.1	0	100000	3.0
JABSTQ010010410.1	100000	200000	2.0
JABSTQ010010410.1	200000	300000	2.0
JABSTQ010010410.1	300000	314666	1.0
JABSTQ010010411.1	0	100000	2.0
JABSTQ010010411.1	100000	200000	5.0
JABSTQ010010411.1	200000	218618	1.0
JABSTQ010010412.1	100000	114855	1.0
JABSTQ010010413.1	0	98075	5.0
JABSTQ010010415.1	0	100000	1.0
JABSTQ010010415.1	100000	128583	1.0
JABSTQ010010416.1	100000	200000	1.0
JABSTQ010010416.1	200000	300000	3.0
JABSTQ010010417.1	0	100000	2.0
JABSTQ010010417.1	100000	200000	1.0
JABSTQ010010417.1	200000	300000	2.0
JABSTQ010010417.1	300000	400000	1.0
JABSTQ010010417.1	400000	500000	2.0
JABSTQ010010417.1	500000	600000	1.0
JABSTQ010010417.1	700000	800000	1.0
JABSTQ010010417.1	800000	900000	2.0
JABSTQ010010417.1	900000	1000000	1.0
JABSTQ010010417.1	1200000	1300000	1.0
JABSTQ010010417.1	1400000	1500000	1.0
JABSTQ010010417.1	1500000	1600000	1.0
JABSTQ010010417.1	1600000	1700000	1.0
JABSTQ010010417.1	1700000	1800000	2.0
JABSTQ010010417.1	2000000	2100000	1.0
JABSTQ010010417.1	2100000	2200000	2.0
JABSTQ010010417.1	2200000	2300000	2.0
JABSTQ010010417.1	2300000	2400000	1.0
JABSTQ010010417.1	2400000	2500000	1.0
JABSTQ010010417.1	2500000	2583580	1.0
JABSTQ010010418.1	100000	104081	1.0
JABSTQ010010419.1	0	100000	1.0
JABSTQ010010419.1	100000	176887	1.0
JABSTQ010010420.1	0	94984	1.0
JABSTQ010010421.1	100000	130681	1.0
JABSTQ010010422.1	0	100000	3.0
JABSTQ010010422.1	100000	200000	1.0
JABSTQ010010422.1	200000	300000	1.0
JABSTQ010010422.1	300000	395168	3.0
JABSTQ010010423.1	0	100000	2.0
JABSTQ010010423.1	100000	200000	4.0
JABSTQ010010424.1	0	100000	1.0
JABSTQ010010424.1	200000	283359	2.0
JABSTQ010010425.1	0	100000	1.0
JABSTQ010010425.1	100000	138068	2.0
JABSTQ010010426.1	100000	171578	2.0
JABSTQ010010427.1	200000	258765	1.0
JABSTQ010010428.1	0	100000	4.0
JABSTQ010010428.1	100000	200000	4.0
JABSTQ010010428.1	200000	300000	2.0
JABSTQ010010428.1	300000	400000	1.0
JABSTQ010010428.1	400000	500000	1.0
JABSTQ010010428.1	500000	600000	2.0
JABSTQ010010428.1	700000	786223	4.0
JABSTQ010010429.1	0	100000	1.0
JABSTQ010010429.1	100000	200000	1.0
JABSTQ010010429.1	200000	300000	2.0
JABSTQ010010429.1	300000	369221	1.0
JABSTQ010010430.1	0	100000	2.0
JABSTQ010010430.1	200000	216390	1.0
JABSTQ010010431.1	0	100000	2.0
JABSTQ010010431.1	100000	156113	2.0
JABSTQ010010432.1	0	100000	3.0
JABSTQ010010432.1	200000	208055	2.0
JABSTQ010010433.1	100000	200000	1.0
JABSTQ010010433.1	200000	295009	1.0
JABSTQ010010434.1	0	100000	3.0
JABSTQ010010434.1	100000	166312	3.0
JABSTQ010010435.1	0	11448	1.0
JABSTQ010010436.1	0	100000	1.0
JABSTQ010010436.1	100000	162038	1.0
JABSTQ010010437.1	0	100000	1.0
JABSTQ010010437.1	100000	200000	2.0
JABSTQ010010437.1	200000	300000	3.0
JABSTQ010010437.1	300000	400000	1.0
JABSTQ010010438.1	0	100000	2.0
JABSTQ010010438.1	100000	200000	1.0
JABSTQ010010438.1	300000	312642	1.0
JABSTQ010010439.1	0	100000	1.0
JABSTQ010010439.1	100000	200000	1.0
JABSTQ010010439.1	300000	400000	1.0
JABSTQ010010439.1	600000	622036	3.0
JABSTQ010010440.1	200000	300000	3.0
JABSTQ010010440.1	300000	308986	1.0
JABSTQ010010441.1	100000	144461	1.0
JABSTQ010010442.1	0	100000	1.0
JABSTQ010010442.1	100000	191730	3.0
JABSTQ010010443.1	0	100000	1.0
JABSTQ010010443.1	200000	300000	1.0
JABSTQ010010443.1	600000	645003	1.0
JABSTQ010010444.1	200000	243589	3.0
JABSTQ010010445.1	100000	200000	1.0
JABSTQ010010445.1	300000	400000	1.0
JABSTQ010010445.1	400000	453844	1.0
JABSTQ010010446.1	0	100000	3.0
JABSTQ010010446.1	100000	200000	2.0
JABSTQ010010446.1	200000	300000	2.0
JABSTQ010010446.1	300000	361131	1.0
JABSTQ010010447.1	100000	200000	1.0
JABSTQ010010447.1	300000	400000	2.0
JABSTQ010010447.1	400000	485237	1.0
JABSTQ010010448.1	100000	160766	4.0
JABSTQ010010449.1	0	2703	1.0
JABSTQ010010450.1	100000	200000	6.0
JABSTQ010010450.1	200000	300000	4.0
JABSTQ010010450.1	300000	371487	3.0
JABSTQ010010451.1	0	100000	3.0
JABSTQ010010451.1	100000	200000	4.0
JABSTQ010010451.1	200000	300000	3.0
JABSTQ010010451.1	300000	400000	3.0
JABSTQ010010451.1	400000	500000	3.0
JABSTQ010010451.1	500000	600000	3.0
JABSTQ010010451.1	600000	700000	1.0
JABSTQ010010451.1	800000	900000	3.0
JABSTQ010010451.1	900000	930157	1.0
JABSTQ010010452.1	0	100000	1.0
JABSTQ010010452.1	200000	275612	1.0
JABSTQ010010453.1	0	100000	1.0
JABSTQ010010453.1	200000	300000	4.0
JABSTQ010010453.1	300000	357033	5.0
JABSTQ010010454.1	0	16576	1.0
JABSTQ010010455.1	0	100000	4.0
JABSTQ010010455.1	100000	118297	1.0
JABSTQ010010456.1	0	100000	2.0
JABSTQ010010456.1	200000	300000	1.0
JABSTQ010010456.1	500000	551456	1.0
JABSTQ010010457.1	0	100000	2.0
JABSTQ010010457.1	200000	216297	1.0
JABSTQ010010458.1	0	100000	2.0
JABSTQ010010458.1	100000	200000	2.0
JABSTQ010010458.1	200000	245965	2.0
JABSTQ010010459.1	0	100000	4.0
JABSTQ010010459.1	100000	164755	3.0
JABSTQ010010460.1	0	100000	1.0
JABSTQ010010460.1	100000	200000	1.0
JABSTQ010010460.1	200000	300000	2.0
JABSTQ010010461.1	0	100000	3.0
JABSTQ010010461.1	100000	200000	2.0
JABSTQ010010461.1	200000	229191	1.0
JABSTQ010010462.1	0	30728	1.0
JABSTQ010010463.1	0	100000	1.0
JABSTQ010010463.1	100000	200000	2.0
JABSTQ010010463.1	200000	300000	1.0
JABSTQ010010463.1	300000	400000	1.0
JABSTQ010010464.1	0	100000	3.0
JABSTQ010010464.1	100000	200000	1.0
JABSTQ010010464.1	200000	220355	1.0
JABSTQ010010465.1	100000	151511	2.0
JABSTQ010010466.1	0	100000	4.0
JABSTQ010010466.1	100000	200000	3.0
JABSTQ010010466.1	200000	279020	3.0
JABSTQ010010467.1	0	100000	3.0
JABSTQ010010467.1	100000	200000	2.0
JABSTQ010010467.1	200000	294799	2.0
JABSTQ010010468.1	0	100000	3.0
JABSTQ010010468.1	100000	109705	1.0
JABSTQ010010469.1	0	100000	1.0
JABSTQ010010469.1	100000	192298	6.0
JABSTQ010010470.1	0	100000	1.0
JABSTQ010010470.1	100000	200000	1.0
JABSTQ010010470.1	200000	300000	3.0
JABSTQ010010470.1	300000	400000	4.0
JABSTQ010010470.1	400000	459878	1.0
JABSTQ010010471.1	0	100000	2.0
JABSTQ010010471.1	100000	200000	2.0
JABSTQ010010471.1	200000	222588	2.0
JABSTQ010010472.1	0	100000	1.0
JABSTQ010010472.1	100000	136309	1.0
JABSTQ010010473.1	200000	271310	1.0
JABSTQ010010474.1	0	100000	5.0
JABSTQ010010474.1	100000	200000	3.0
JABSTQ010010474.1	200000	300000	4.0
JABSTQ010010474.1	300000	400000	1.0
JABSTQ010010474.1	500000	600000	1.0
JABSTQ010010474.1	800000	900000	1.0
JABSTQ010010475.1	0	100000	1.0
JABSTQ010010475.1	200000	254743	2.0
JABSTQ010010477.1	0	100000	1.0
JABSTQ010010477.1	100000	200000	2.0
JABSTQ010010477.1	200000	300000	2.0
JABSTQ010010477.1	300000	335233	2.0
JABSTQ010010478.1	0	100000	1.0
JABSTQ010010478.1	100000	192808	2.0
JABSTQ010010479.1	0	100000	6.0
JABSTQ010010479.1	100000	200000	4.0
JABSTQ010010479.1	200000	264745	1.0
JABSTQ010010480.1	0	100000	4.0
JABSTQ010010480.1	100000	175064	2.0
JABSTQ010010481.1	200000	300000	1.0
JABSTQ010010481.1	600000	700000	3.0
JABSTQ010010481.1	700000	800000	2.0
JABSTQ010010481.1	800000	819180	1.0
JABSTQ010010482.1	0	100000	4.0
JABSTQ010010482.1	100000	171005	2.0
JABSTQ010010483.1	100000	200000	1.0
JABSTQ010010483.1	200000	233896	1.0
JABSTQ010010484.1	0	100000	3.0
JABSTQ010010484.1	100000	200000	2.0
JABSTQ010010484.1	200000	266499	1.0
JABSTQ010010485.1	0	28069	1.0
JABSTQ010010486.1	0	100000	2.0
JABSTQ010010486.1	100000	200000	1.0
JABSTQ010010486.1	200000	300000	4.0
JABSTQ010010486.1	300000	377493	2.0
JABSTQ010010487.1	0	100000	2.0
JABSTQ010010487.1	100000	173996	3.0
JABSTQ010010488.1	100000	200000	1.0
JABSTQ010010488.1	200000	300000	2.0
JABSTQ010010488.1	300000	400000	2.0
JABSTQ010010488.1	600000	700000	1.0
JABSTQ010010488.1	900000	1000000	1.0
JABSTQ010010488.1	1000000	1100000	1.0
JABSTQ010010488.1	1100000	1200000	4.0
JABSTQ010010488.1	1200000	1300000	1.0
JABSTQ010010488.1	1300000	1400000	4.0
JABSTQ010010488.1	1400000	1432647	1.0
JABSTQ010010490.1	0	100000	2.0
JABSTQ010010490.1	100000	200000	4.0
JABSTQ010010490.1	200000	300000	4.0
JABSTQ010010490.1	300000	400000	4.0
JABSTQ010010490.1	400000	500000	4.0
JABSTQ010010490.1	500000	600000	5.0
JABSTQ010010490.1	600000	700000	3.0
JABSTQ010010490.1	700000	777055	1.0
JABSTQ010010491.1	0	100000	1.0
JABSTQ010010491.1	100000	200000	3.0
JABSTQ010010491.1	200000	300000	2.0
JABSTQ010010491.1	300000	400000	3.0
JABSTQ010010491.1	400000	490635	3.0
JABSTQ010010492.1	0	100000	2.0
JABSTQ010010492.1	100000	161627	1.0
JABSTQ010010493.1	100000	107047	1.0
JABSTQ010010494.1	100000	167558	1.0
JABSTQ010010495.1	0	100000	1.0
JABSTQ010010495.1	100000	200000	2.0
JABSTQ010010495.1	200000	241671	1.0
JABSTQ010010496.1	100000	200000	1.0
JABSTQ010010496.1	200000	235720	1.0
JABSTQ010010497.1	0	100000	5.0
JABSTQ010010497.1	100000	200000	1.0
JABSTQ010010497.1	200000	300000	1.0
JABSTQ010010497.1	300000	400000	1.0
JABSTQ010010497.1	500000	600000	2.0
JABSTQ010010497.1	600000	675984	1.0
JABSTQ010010498.1	0	100000	1.0
JABSTQ010010498.1	100000	200000	2.0
JABSTQ010010498.1	200000	259093	1.0
JABSTQ010010499.1	0	100000	3.0
JABSTQ010010499.1	100000	200000	2.0
JABSTQ010010499.1	200000	300000	2.0
JABSTQ010010499.1	300000	399011	4.0
JABSTQ010010500.1	0	100000	1.0
JABSTQ010010500.1	100000	132704	1.0
JABSTQ010010501.1	0	84654	2.0
JABSTQ010010502.1	0	100000	4.0
JABSTQ010010502.1	100000	200000	2.0
JABSTQ010010502.1	200000	300000	2.0
JABSTQ010010502.1	300000	331852	3.0
JABSTQ010010503.1	200000	300000	1.0
JABSTQ010010503.1	300000	400000	2.0
JABSTQ010010503.1	700000	720402	1.0
JABSTQ010010504.1	0	100000	1.0
JABSTQ010010504.1	100000	145852	1.0
JABSTQ010010505.1	0	49487	1.0
JABSTQ010010506.1	0	100000	1.0
JABSTQ010010506.1	100000	124591	1.0
JABSTQ010010507.1	0	100000	2.0
JABSTQ010010507.1	100000	200000	1.0
JABSTQ010010507.1	400000	500000	1.0
JABSTQ010010507.1	500000	600000	1.0
JABSTQ010010507.1	600000	700000	1.0
JABSTQ010010507.1	800000	889000	3.0
JABSTQ010010508.1	0	100000	4.0
JABSTQ010010508.1	100000	200000	2.0
JABSTQ010010508.1	200000	300000	3.0
JABSTQ010010508.1	300000	330172	2.0
JABSTQ010010510.1	0	100000	4.0
JABSTQ010010510.1	100000	115944	1.0
JABSTQ010010511.1	0	100000	3.0
JABSTQ010010511.1	100000	200000	1.0
JABSTQ010010511.1	200000	300000	6.0
JABSTQ010010511.1	300000	336485	1.0
JABSTQ010010513.1	0	100000	1.0
JABSTQ010010513.1	100000	200000	1.0
JABSTQ010010513.1	200000	246764	1.0
JABSTQ010010514.1	0	100000	2.0
JABSTQ010010514.1	100000	200000	2.0
JABSTQ010010514.1	200000	300000	1.0
JABSTQ010010515.1	0	100000	1.0
JABSTQ010010515.1	100000	200000	1.0
JABSTQ010010515.1	200000	300000	1.0
JABSTQ010010515.1	300000	305659	1.0
JABSTQ010010516.1	0	100000	6.0
JABSTQ010010516.1	100000	200000	3.0
JABSTQ010010516.1	200000	225498	3.0
JABSTQ010010517.1	0	100000	1.0
JABSTQ010010517.1	300000	400000	1.0
JABSTQ010010518.1	100000	120764	1.0
JABSTQ010010519.1	0	100000	4.0
JABSTQ010010519.1	200000	227671	1.0
JABSTQ010010520.1	100000	200000	1.0
JABSTQ010010520.1	200000	300000	1.0
JABSTQ010010520.1	300000	400000	1.0
JABSTQ010010520.1	400000	470358	1.0
JABSTQ010010521.1	0	100000	1.0
JABSTQ010010521.1	300000	400000	1.0
JABSTQ010010521.1	400000	500000	4.0
JABSTQ010010521.1	500000	600000	4.0
JABSTQ010010521.1	600000	700000	4.0
JABSTQ010010521.1	700000	800000	3.0
JABSTQ010010521.1	800000	900000	3.0
JABSTQ010010521.1	900000	1000000	2.0
JABSTQ010010521.1	1200000	1300000	2.0
JABSTQ010010521.1	1300000	1337199	1.0
JABSTQ010010523.1	0	100000	3.0
JABSTQ010010523.1	100000	181710	2.0
JABSTQ010010524.1	100000	200000	1.0
JABSTQ010010524.1	200000	258076	2.0
JABSTQ010010525.1	0	100000	1.0
JABSTQ010010525.1	100000	174217	2.0
JABSTQ010010526.1	0	100000	1.0
JABSTQ010010526.1	200000	300000	1.0
JABSTQ010010526.1	700000	800000	1.0
JABSTQ010010526.1	1000000	1100000	1.0
JABSTQ010010526.1	1100000	1200000	1.0
JABSTQ010010526.1	1200000	1211344	1.0
JABSTQ010010527.1	0	85493	2.0
JABSTQ010010528.1	0	100000	1.0
JABSTQ010010528.1	100000	174243	2.0
JABSTQ010010529.1	100000	200000	4.0
JABSTQ010010529.1	200000	230480	1.0
JABSTQ010010530.1	0	100000	1.0
JABSTQ010010530.1	200000	300000	1.0
JABSTQ010010530.1	300000	400000	2.0
JABSTQ010010530.1	400000	415676	1.0
JABSTQ010010531.1	0	100000	1.0
JABSTQ010010531.1	100000	200000	1.0
JABSTQ010010531.1	200000	212934	2.0
JABSTQ010010532.1	200000	267342	1.0
JABSTQ010010533.1	200000	300000	1.0
JABSTQ010010533.1	300000	400000	2.0
JABSTQ010010533.1	400000	500000	1.0
JABSTQ010010533.1	500000	600000	3.0
JABSTQ010010533.1	700000	800000	1.0
JABSTQ010010533.1	800000	849778	2.0
JABSTQ010010534.1	0	100000	3.0
JABSTQ010010534.1	100000	148615	2.0
JABSTQ010010535.1	0	100000	2.0
JABSTQ010010535.1	100000	117522	1.0
JABSTQ010010536.1	0	100000	2.0
JABSTQ010010536.1	100000	177451	1.0
JABSTQ010010537.1	0	100000	1.0
JABSTQ010010537.1	100000	109016	1.0
JABSTQ010010538.1	0	100000	2.0
JABSTQ010010538.1	200000	266556	1.0
JABSTQ010010539.1	0	100000	1.0
JABSTQ010010539.1	100000	200000	3.0
JABSTQ010010539.1	200000	300000	1.0
JABSTQ010010539.1	400000	500000	1.0
JABSTQ010010539.1	600000	700000	1.0
JABSTQ010010539.1	700000	800000	1.0
JABSTQ010010539.1	800000	900000	1.0
JABSTQ010010539.1	900000	1000000	2.0
JABSTQ010010539.1	1100000	1200000	3.0
JABSTQ010010539.1	1200000	1300000	1.0
JABSTQ010010539.1	1300000	1400000	2.0
JABSTQ010010539.1	1400000	1500000	3.0
JABSTQ010010539.1	1500000	1529479	1.0
JABSTQ010010540.1	100000	200000	1.0
JABSTQ010010540.1	200000	258256	1.0
JABSTQ010010541.1	0	100000	1.0
JABSTQ010010541.1	100000	200000	1.0
JABSTQ010010541.1	200000	216375	1.0
JABSTQ010010542.1	0	100000	1.0
JABSTQ010010542.1	100000	200000	2.0
JABSTQ010010542.1	200000	269814	1.0
JABSTQ010010543.1	0	100000	2.0
JABSTQ010010543.1	100000	197933	3.0
JABSTQ010010544.1	200000	253149	1.0
JABSTQ010010545.1	200000	238509	1.0
JABSTQ010010546.1	0	73056	2.0
JABSTQ010010547.1	100000	200000	1.0
JABSTQ010010547.1	200000	300000	1.0
JABSTQ010010547.1	300000	400000	1.0
JABSTQ010010547.1	400000	457622	2.0
JABSTQ010010548.1	0	100000	2.0
JABSTQ010010548.1	100000	200000	3.0
JABSTQ010010548.1	200000	300000	3.0
JABSTQ010010548.1	300000	400000	1.0
JABSTQ010010548.1	400000	500000	2.0
JABSTQ010010548.1	500000	533527	1.0
JABSTQ010010549.1	0	100000	2.0
JABSTQ010010549.1	100000	200000	3.0
JABSTQ010010549.1	200000	300000	3.0
JABSTQ010010550.1	0	100000	1.0
JABSTQ010010550.1	200000	282815	3.0
JABSTQ010010551.1	0	100000	2.0
JABSTQ010010551.1	100000	200000	1.0
JABSTQ010010551.1	200000	300000	1.0
JABSTQ010010551.1	400000	500000	1.0
JABSTQ010010551.1	500000	600000	1.0
JABSTQ010010551.1	600000	700000	1.0
JABSTQ010010551.1	700000	800000	1.0
JABSTQ010010551.1	800000	900000	1.0
JABSTQ010010551.1	900000	1000000	1.0
JABSTQ010010551.1	1100000	1200000	1.0
JABSTQ010010551.1	1200000	1300000	2.0
JABSTQ010010551.1	1300000	1400000	1.0
JABSTQ010010551.1	1500000	1600000	1.0
JABSTQ010010551.1	1600000	1700000	2.0
JABSTQ010010551.1	1700000	1774423	1.0
JABSTQ010010552.1	0	100000	2.0
JABSTQ010010552.1	100000	157945	1.0
JABSTQ010010553.1	0	100000	2.0
JABSTQ010010553.1	100000	200000	2.0
JABSTQ010010553.1	200000	205357	1.0
JABSTQ010010554.1	100000	152243	4.0
JABSTQ010010555.1	0	100000	2.0
JABSTQ010010555.1	100000	155300	1.0
JABSTQ010010556.1	100000	200000	3.0
JABSTQ010010556.1	200000	300000	3.0
JABSTQ010010556.1	300000	400000	5.0
JABSTQ010010556.1	400000	500000	5.0
JABSTQ010010556.1	500000	600000	4.0
JABSTQ010010556.1	600000	644679	2.0
JABSTQ010010557.1	0	100000	3.0
JABSTQ010010557.1	100000	200000	1.0
JABSTQ010010557.1	200000	300000	1.0
JABSTQ010010557.1	300000	328752	1.0
JABSTQ010010558.1	0	79136	1.0
JABSTQ010010559.1	0	100000	2.0
JABSTQ010010559.1	100000	122613	1.0
JABSTQ010010560.1	0	100000	3.0
JABSTQ010010560.1	100000	161514	1.0
JABSTQ010010561.1	0	100000	1.0
JABSTQ010010561.1	100000	186123	1.0
JABSTQ010010562.1	0	100000	2.0
JABSTQ010010562.1	100000	200000	1.0
JABSTQ010010562.1	200000	224656	1.0
JABSTQ010010563.1	0	100000	2.0
JABSTQ010010563.1	100000	200000	1.0
JABSTQ010010563.1	200000	300000	1.0
JABSTQ010010563.1	300000	363223	1.0
JABSTQ010010564.1	0	100000	7.0
JABSTQ010010564.1	100000	163685	2.0
JABSTQ010010565.1	0	77504	2.0
JABSTQ010010566.1	0	100000	1.0
JABSTQ010010566.1	200000	300000	2.0
JABSTQ010010566.1	300000	400000	2.0
JABSTQ010010566.1	400000	446318	2.0
JABSTQ010010567.1	0	73960	1.0
JABSTQ010010568.1	0	95564	1.0
JABSTQ010010569.1	0	100000	3.0
JABSTQ010010569.1	100000	200000	4.0
JABSTQ010010569.1	200000	300000	2.0
JABSTQ010010569.1	300000	400000	1.0
JABSTQ010010569.1	400000	500000	1.0
JABSTQ010010569.1	500000	600000	3.0
JABSTQ010010569.1	600000	700000	1.0
JABSTQ010010569.1	800000	900000	1.0
JABSTQ010010569.1	900000	991954	1.0
JABSTQ010010570.1	200000	230898	1.0
JABSTQ010010571.1	0	100000	6.0
JABSTQ010010571.1	100000	200000	3.0
JABSTQ010010571.1	200000	300000	1.0
JABSTQ010010571.1	300000	346296	1.0
JABSTQ010010572.1	100000	200000	2.0
JABSTQ010010572.1	200000	300000	2.0
JABSTQ010010572.1	400000	448674	2.0
JABSTQ010010573.1	500000	600000	1.0
JABSTQ010010573.1	600000	700000	1.0
JABSTQ010010573.1	700000	800000	1.0
JABSTQ010010573.1	800000	900000	3.0
JABSTQ010010573.1	1100000	1108468	1.0
JABSTQ010010574.1	0	100000	3.0
JABSTQ010010574.1	100000	111055	2.0
JABSTQ010010575.1	0	100000	2.0
JABSTQ010010575.1	100000	200000	1.0
JABSTQ010010575.1	200000	300000	2.0
JABSTQ010010575.1	300000	400000	3.0
JABSTQ010010575.1	400000	403265	1.0
JABSTQ010010577.1	0	100000	1.0
JABSTQ010010577.1	100000	200000	1.0
JABSTQ010010577.1	400000	500000	3.0
JABSTQ010010577.1	500000	600000	3.0
JABSTQ010010577.1	600000	679007	2.0
JABSTQ010010578.1	200000	222666	1.0
JABSTQ010010579.1	200000	300000	1.0
JABSTQ010010579.1	400000	500000	1.0
JABSTQ010010579.1	500000	600000	3.0
JABSTQ010010579.1	600000	700000	3.0
JABSTQ010010579.1	800000	900000	1.0
JABSTQ010010579.1	900000	1000000	3.0
JABSTQ010010579.1	1000000	1100000	2.0
JABSTQ010010579.1	1200000	1255345	1.0
JABSTQ010010580.1	0	100000	3.0
JABSTQ010010580.1	100000	200000	1.0
JABSTQ010010580.1	200000	300000	2.0
JABSTQ010010580.1	400000	500000	1.0
JABSTQ010010580.1	600000	651063	2.0
JABSTQ010010581.1	0	100000	1.0
JABSTQ010010581.1	300000	400000	3.0
JABSTQ010010581.1	400000	407906	1.0
JABSTQ010010582.1	0	100000	1.0
JABSTQ010010582.1	100000	127399	1.0
JABSTQ010010583.1	100000	154853	3.0
JABSTQ010010584.1	0	100000	4.0
JABSTQ010010584.1	100000	146988	1.0
JABSTQ010010585.1	0	35484	2.0
JABSTQ010010586.1	0	100000	1.0
JABSTQ010010586.1	100000	200000	1.0
JABSTQ010010586.1	200000	300000	2.0
JABSTQ010010586.1	300000	400000	1.0
JABSTQ010010586.1	400000	500000	2.0
JABSTQ010010586.1	500000	536524	1.0
JABSTQ010010587.1	100000	200000	1.0
JABSTQ010010587.1	200000	202916	1.0
JABSTQ010010588.1	0	100000	2.0
JABSTQ010010588.1	200000	300000	2.0
JABSTQ010010588.1	300000	400000	2.0
JABSTQ010010588.1	400000	457693	1.0
JABSTQ010010589.1	0	100000	3.0
JABSTQ010010589.1	100000	152123	1.0
JABSTQ010010590.1	0	30990	1.0
JABSTQ010010591.1	0	100000	1.0
JABSTQ010010591.1	100000	146539	1.0
JABSTQ010010592.1	0	100000	1.0
JABSTQ010010592.1	100000	200000	3.0
JABSTQ010010592.1	200000	300000	1.0
JABSTQ010010592.1	300000	322219	1.0
JABSTQ010010593.1	0	80812	2.0
JABSTQ010010594.1	0	100000	1.0
JABSTQ010010594.1	100000	200000	1.0
JABSTQ010010594.1	200000	300000	2.0
JABSTQ010010594.1	300000	393415	2.0
JABSTQ010010595.1	0	10128	3.0
JABSTQ010010596.1	0	100000	1.0
JABSTQ010010596.1	200000	213006	2.0
JABSTQ010010597.1	100000	107061	1.0
JABSTQ010010598.1	0	96485	1.0
JABSTQ010010599.1	0	100000	1.0
JABSTQ010010599.1	100000	164871	1.0
JABSTQ010010600.1	0	66494	1.0
JABSTQ010010601.1	0	100000	3.0
JABSTQ010010601.1	100000	200000	3.0
JABSTQ010010601.1	200000	300000	2.0
JABSTQ010010601.1	300000	400000	3.0
JABSTQ010010601.1	400000	455550	2.0
JABSTQ010010602.1	0	100000	1.0
JABSTQ010010602.1	100000	123140	1.0
JABSTQ010010603.1	100000	200000	1.0
JABSTQ010010603.1	200000	300000	2.0
JABSTQ010010603.1	400000	480182	2.0
JABSTQ010010604.1	0	100000	2.0
JABSTQ010010604.1	100000	200000	1.0
JABSTQ010010604.1	200000	216216	1.0
JABSTQ010010605.1	0	100000	1.0
JABSTQ010010605.1	100000	200000	2.0
JABSTQ010010605.1	200000	300000	1.0
JABSTQ010010605.1	300000	400000	4.0
JABSTQ010010605.1	400000	500000	1.0
JABSTQ010010605.1	500000	587381	2.0
JABSTQ010010606.1	0	100000	1.0
JABSTQ010010606.1	100000	200000	1.0
JABSTQ010010606.1	400000	414829	1.0
JABSTQ010010607.1	0	100000	2.0
JABSTQ010010607.1	100000	116791	2.0
JABSTQ010010608.1	0	100000	2.0
JABSTQ010010608.1	100000	200000	1.0
JABSTQ010010608.1	400000	500000	2.0
JABSTQ010010608.1	700000	800000	2.0
JABSTQ010010608.1	1100000	1156122	1.0
JABSTQ010010609.1	0	100000	5.0
JABSTQ010010609.1	100000	178410	3.0
JABSTQ010010610.1	0	100000	1.0
JABSTQ010010610.1	100000	105606	1.0
JABSTQ010010611.1	0	100000	3.0
JABSTQ010010611.1	100000	178035	2.0
JABSTQ010010612.1	0	100000	2.0
JABSTQ010010612.1	100000	167033	1.0
JABSTQ010010613.1	0	100000	1.0
JABSTQ010010613.1	100000	200000	2.0
JABSTQ010010613.1	200000	300000	1.0
JABSTQ010010613.1	600000	700000	1.0
JABSTQ010010613.1	700000	800000	2.0
JABSTQ010010613.1	900000	1000000	1.0
JABSTQ010010613.1	1000000	1100000	1.0
JABSTQ010010613.1	1100000	1194640	3.0
JABSTQ010010614.1	0	93471	1.0
JABSTQ010010615.1	200000	226048	1.0
JABSTQ010010616.1	100000	158297	3.0
JABSTQ010010617.1	100000	200000	1.0
JABSTQ010010617.1	200000	300000	2.0
JABSTQ010010617.1	300000	400000	1.0
JABSTQ010010617.1	400000	443892	2.0
JABSTQ010010618.1	100000	200000	1.0
JABSTQ010010618.1	200000	300000	2.0
JABSTQ010010618.1	300000	400000	1.0
JABSTQ010010618.1	400000	500000	2.0
JABSTQ010010618.1	900000	1000000	1.0
JABSTQ010010618.1	1000000	1100000	1.0
JABSTQ010010618.1	1200000	1300000	1.0
JABSTQ010010618.1	1400000	1420670	1.0
JABSTQ010010619.1	0	100000	1.0
JABSTQ010010619.1	100000	200000	3.0
JABSTQ010010619.1	200000	300000	2.0
JABSTQ010010619.1	300000	400000	1.0
JABSTQ010010619.1	400000	500000	3.0
JABSTQ010010619.1	500000	600000	3.0
JABSTQ010010619.1	600000	700000	3.0
JABSTQ010010619.1	700000	800000	3.0
JABSTQ010010619.1	800000	900000	2.0
JABSTQ010010619.1	900000	1000000	1.0
JABSTQ010010619.1	1000000	1097162	1.0
JABSTQ010010620.1	0	100000	3.0
JABSTQ010010620.1	100000	103829	1.0
JABSTQ010010621.1	0	100000	3.0
JABSTQ010010621.1	100000	142378	3.0
JABSTQ010010622.1	0	100000	3.0
JABSTQ010010622.1	100000	200000	2.0
JABSTQ010010622.1	200000	232837	1.0
JABSTQ010010623.1	0	100000	1.0
JABSTQ010010623.1	100000	200000	2.0
JABSTQ010010623.1	200000	239945	1.0
JABSTQ010010625.1	0	100000	1.0
JABSTQ010010625.1	200000	300000	1.0
JABSTQ010010625.1	400000	500000	1.0
JABSTQ010010625.1	500000	600000	3.0
JABSTQ010010625.1	600000	700000	2.0
JABSTQ010010625.1	700000	761719	3.0
JABSTQ010010626.1	0	100000	1.0
JABSTQ010010626.1	200000	203265	1.0
JABSTQ010010627.1	0	100000	1.0
JABSTQ010010627.1	100000	200000	2.0
JABSTQ010010627.1	200000	300000	1.0
JABSTQ010010627.1	300000	309163	2.0
JABSTQ010010628.1	0	94517	1.0
JABSTQ010010629.1	0	100000	4.0
JABSTQ010010629.1	100000	200000	1.0
JABSTQ010010629.1	200000	300000	2.0
JABSTQ010010629.1	300000	400000	2.0
JABSTQ010010629.1	400000	433297	1.0
JABSTQ010010630.1	100000	200000	1.0
JABSTQ010010630.1	200000	237344	1.0
JABSTQ010010631.1	0	100000	3.0
JABSTQ010010631.1	100000	171100	1.0
JABSTQ010010632.1	0	100000	2.0
JABSTQ010010632.1	100000	200000	1.0
JABSTQ010010632.1	200000	232941	1.0
JABSTQ010010633.1	0	100000	1.0
JABSTQ010010633.1	200000	245709	1.0
JABSTQ010010634.1	0	100000	4.0
JABSTQ010010634.1	100000	200000	2.0
JABSTQ010010634.1	200000	300000	1.0
JABSTQ010010634.1	300000	400000	1.0
JABSTQ010010634.1	400000	423314	1.0
JABSTQ010010635.1	100000	200000	1.0
JABSTQ010010635.1	200000	229114	1.0
JABSTQ010010636.1	100000	187835	3.0
JABSTQ010010637.1	0	100000	2.0
JABSTQ010010637.1	100000	200000	2.0
JABSTQ010010637.1	200000	300000	3.0
JABSTQ010010637.1	300000	400000	5.0
JABSTQ010010637.1	400000	500000	1.0
JABSTQ010010637.1	500000	600000	1.0
JABSTQ010010637.1	700000	732878	1.0
JABSTQ010010638.1	0	63893	1.0
JABSTQ010010639.1	100000	189562	4.0
JABSTQ010010640.1	100000	200000	2.0
JABSTQ010010640.1	300000	400000	3.0
JABSTQ010010640.1	400000	500000	3.0
JABSTQ010010640.1	500000	600000	1.0
JABSTQ010010640.1	700000	800000	4.0
JABSTQ010010640.1	800000	832480	1.0
JABSTQ010010641.1	0	100000	1.0
JABSTQ010010641.1	100000	200000	3.0
JABSTQ010010641.1	200000	300000	2.0
JABSTQ010010641.1	400000	500000	1.0
JABSTQ010010641.1	500000	600000	1.0
JABSTQ010010641.1	600000	700000	1.0
JABSTQ010010641.1	700000	800000	4.0
JABSTQ010010641.1	800000	900000	3.0
JABSTQ010010641.1	900000	1000000	3.0
JABSTQ010010641.1	1100000	1200000	1.0
JABSTQ010010641.1	1400000	1500000	1.0
JABSTQ010010641.1	1500000	1600000	1.0
JABSTQ010010641.1	1600000	1700000	2.0
JABSTQ010010641.1	1800000	1850214	1.0
JABSTQ010010642.1	0	100000	1.0
JABSTQ010010642.1	100000	200000	3.0
JABSTQ010010642.1	200000	300000	2.0
JABSTQ010010642.1	300000	360379	1.0
JABSTQ010010643.1	100000	131108	2.0
JABSTQ010010644.1	0	100000	2.0
JABSTQ010010644.1	100000	200000	1.0
JABSTQ010010644.1	400000	429208	1.0
JABSTQ010010645.1	0	100000	2.0
JABSTQ010010645.1	100000	200000	1.0
JABSTQ010010645.1	200000	300000	1.0
JABSTQ010010645.1	400000	435639	1.0
JABSTQ010010646.1	0	100000	2.0
JABSTQ010010646.1	100000	187121	1.0
JABSTQ010010647.1	0	100000	2.0
JABSTQ010010647.1	100000	200000	2.0
JABSTQ010010647.1	200000	288085	1.0
JABSTQ010010648.1	0	100000	1.0
JABSTQ010010648.1	100000	159217	6.0
JABSTQ010010649.1	0	100000	3.0
JABSTQ010010649.1	100000	200000	2.0
JABSTQ010010649.1	200000	300000	1.0
JABSTQ010010649.1	300000	400000	2.0
JABSTQ010010649.1	400000	500000	1.0
JABSTQ010010649.1	600000	700000	3.0
JABSTQ010010649.1	700000	800000	4.0
JABSTQ010010649.1	900000	925859	2.0
JABSTQ010010650.1	100000	200000	2.0
JABSTQ010010650.1	200000	300000	1.0
JABSTQ010010650.1	300000	400000	1.0
JABSTQ010010650.1	400000	440866	1.0
JABSTQ010010651.1	0	100000	1.0
JABSTQ010010651.1	100000	200000	1.0
JABSTQ010010651.1	200000	242476	1.0
JABSTQ010010652.1	0	100000	2.0
JABSTQ010010652.1	100000	200000	2.0
JABSTQ010010652.1	200000	300000	2.0
JABSTQ010010652.1	300000	400000	1.0
JABSTQ010010652.1	400000	500000	3.0
JABSTQ010010652.1	500000	600000	2.0
JABSTQ010010652.1	600000	700000	1.0
JABSTQ010010652.1	700000	800000	4.0
JABSTQ010010652.1	800000	810092	1.0
JABSTQ010010654.1	400000	500000	1.0
JABSTQ010010654.1	500000	600000	1.0
JABSTQ010010654.1	700000	800000	1.0
JABSTQ010010654.1	1000000	1100000	3.0
JABSTQ010010654.1	1100000	1200000	2.0
JABSTQ010010654.1	1200000	1300000	2.0
JABSTQ010010654.1	1300000	1400000	1.0
JABSTQ010010654.1	1400000	1500000	2.0
JABSTQ010010654.1	1500000	1591966	1.0
JABSTQ010010655.1	0	100000	2.0
JABSTQ010010655.1	200000	284263	1.0
JABSTQ010010656.1	100000	158459	1.0
JABSTQ010010657.1	0	100000	5.0
JABSTQ010010657.1	100000	200000	1.0
JABSTQ010010657.1	300000	400000	1.0
JABSTQ010010657.1	400000	499665	3.0
JABSTQ010010658.1	100000	200000	1.0
JABSTQ010010658.1	200000	300000	1.0
JABSTQ010010659.1	0	100000	2.0
JABSTQ010010659.1	100000	200000	3.0
JABSTQ010010659.1	200000	300000	2.0
JABSTQ010010659.1	300000	400000	2.0
JABSTQ010010659.1	400000	437824	1.0
JABSTQ010010660.1	200000	300000	1.0
JABSTQ010010660.1	300000	400000	3.0
JABSTQ010010660.1	400000	464831	2.0
JABSTQ010010661.1	0	100000	1.0
JABSTQ010010661.1	100000	200000	2.0
JABSTQ010010661.1	200000	232427	1.0
JABSTQ010010662.1	0	100000	2.0
JABSTQ010010662.1	100000	200000	5.0
JABSTQ010010663.1	0	100000	2.0
JABSTQ010010663.1	100000	200000	2.0
JABSTQ010010663.1	200000	300000	1.0
JABSTQ010010663.1	300000	400000	2.0
JABSTQ010010663.1	400000	500000	2.0
JABSTQ010010663.1	500000	600000	1.0
JABSTQ010010663.1	600000	700000	3.0
JABSTQ010010663.1	700000	800000	2.0
JABSTQ010010663.1	800000	900000	2.0
JABSTQ010010663.1	900000	1000000	2.0
JABSTQ010010663.1	1000000	1100000	2.0
JABSTQ010010663.1	1100000	1195038	3.0
JABSTQ010010665.1	100000	200000	2.0
JABSTQ010010665.1	200000	233073	2.0
JABSTQ010010666.1	0	99911	2.0
JABSTQ010010667.1	0	100000	1.0
JABSTQ010010667.1	100000	200000	2.0
JABSTQ010010667.1	200000	263065	1.0
JABSTQ010010668.1	0	100000	1.0
JABSTQ010010668.1	100000	200000	1.0
JABSTQ010010668.1	400000	449127	1.0
JABSTQ010010669.1	0	94587	1.0
JABSTQ010010670.1	0	100000	1.0
JABSTQ010010670.1	200000	300000	2.0
JABSTQ010010670.1	700000	732760	1.0
JABSTQ010010671.1	0	100000	1.0
JABSTQ010010671.1	100000	200000	3.0
JABSTQ010010671.1	200000	272777	1.0
JABSTQ010010672.1	0	100000	2.0
JABSTQ010010672.1	100000	200000	1.0
JABSTQ010010672.1	200000	300000	2.0
JABSTQ010010672.1	300000	344241	2.0
JABSTQ010010673.1	0	37371	1.0
JABSTQ010010674.1	200000	223157	2.0
JABSTQ010010675.1	0	100000	5.0
JABSTQ010010675.1	100000	188532	5.0
JABSTQ010010676.1	0	100000	2.0
JABSTQ010010676.1	100000	200000	4.0
JABSTQ010010676.1	200000	300000	5.0
JABSTQ010010676.1	300000	389264	2.0
JABSTQ010010678.1	100000	200000	2.0
JABSTQ010010678.1	200000	300000	1.0
JABSTQ010010678.1	300000	400000	3.0
JABSTQ010010679.1	0	100000	2.0
JABSTQ010010679.1	200000	216006	1.0
JABSTQ010010680.1	100000	195785	2.0
JABSTQ010010681.1	100000	134338	1.0
JABSTQ010010682.1	0	100000	3.0
JABSTQ010010682.1	100000	200000	1.0
JABSTQ010010682.1	200000	288195	5.0
JABSTQ010010683.1	0	100000	1.0
JABSTQ010010683.1	100000	200000	1.0
JABSTQ010010683.1	200000	300000	2.0
JABSTQ010010683.1	300000	361904	1.0
JABSTQ010010684.1	0	100000	2.0
JABSTQ010010684.1	100000	200000	2.0
JABSTQ010010684.1	300000	400000	2.0
JABSTQ010010684.1	400000	438361	1.0
JABSTQ010010685.1	100000	200000	1.0
JABSTQ010010685.1	500000	600000	1.0
JABSTQ010010685.1	700000	800000	1.0
JABSTQ010010685.1	800000	900000	1.0
JABSTQ010010685.1	900000	907502	1.0
JABSTQ010010686.1	100000	172852	1.0
JABSTQ010010688.1	200000	266666	1.0
JABSTQ010010689.1	0	100000	4.0
JABSTQ010010689.1	100000	200000	5.0
JABSTQ010010689.1	200000	300000	1.0
JABSTQ010010689.1	300000	400000	1.0
JABSTQ010010689.1	400000	500000	1.0
JABSTQ010010689.1	1100000	1147234	1.0
JABSTQ010010690.1	0	100000	2.0
JABSTQ010010690.1	100000	200000	5.0
JABSTQ010010690.1	200000	300000	1.0
JABSTQ010010690.1	300000	400000	2.0
JABSTQ010010690.1	600000	700000	1.0
JABSTQ010010690.1	800000	858325	1.0
JABSTQ010010691.1	0	100000	2.0
JABSTQ010010691.1	100000	200000	2.0
JABSTQ010010691.1	200000	300000	1.0
JABSTQ010010691.1	300000	400000	2.0
JABSTQ010010691.1	400000	500000	5.0
JABSTQ010010691.1	600000	700000	4.0
JABSTQ010010691.1	700000	800000	1.0
JABSTQ010010691.1	800000	900000	3.0
JABSTQ010010691.1	900000	1000000	2.0
JABSTQ010010691.1	1100000	1200000	1.0
JABSTQ010010691.1	1200000	1300000	1.0
JABSTQ010010691.1	1400000	1500000	1.0
JABSTQ010010691.1	1500000	1562137	2.0
JABSTQ010010692.1	0	100000	1.0
JABSTQ010010692.1	100000	177528	2.0
JABSTQ010010693.1	0	100000	3.0
JABSTQ010010693.1	100000	176484	1.0
JABSTQ010010694.1	100000	200000	3.0
JABSTQ010010694.1	200000	285004	4.0
JABSTQ010010695.1	0	100000	5.0
JABSTQ010010695.1	100000	200000	3.0
JABSTQ010010695.1	300000	400000	2.0
JABSTQ010010695.1	400000	438106	1.0
JABSTQ010010696.1	0	100000	1.0
JABSTQ010010696.1	300000	400000	2.0
JABSTQ010010696.1	500000	600000	1.0
JABSTQ010010696.1	600000	672587	1.0
JABSTQ010010697.1	0	100000	1.0
JABSTQ010010697.1	100000	177094	2.0
JABSTQ010010698.1	0	100000	2.0
JABSTQ010010698.1	100000	142972	1.0
JABSTQ010010699.1	0	100000	1.0
JABSTQ010010699.1	100000	200000	1.0
JABSTQ010010699.1	200000	250589	1.0
JABSTQ010010700.1	0	100000	1.0
JABSTQ010010700.1	100000	200000	5.0
JABSTQ010010700.1	200000	300000	1.0
JABSTQ010010700.1	300000	400000	3.0
JABSTQ010010700.1	400000	500000	2.0
JABSTQ010010701.1	0	100000	6.0
JABSTQ010010701.1	100000	163223	1.0
JABSTQ010010702.1	100000	200000	1.0
JABSTQ010010702.1	300000	400000	2.0
JABSTQ010010702.1	400000	500000	1.0
JABSTQ010010702.1	500000	600000	1.0
JABSTQ010010702.1	600000	700000	2.0
JABSTQ010010702.1	700000	800000	1.0
JABSTQ010010702.1	800000	900000	2.0
JABSTQ010010702.1	900000	1000000	1.0
JABSTQ010010702.1	1000000	1100000	1.0
JABSTQ010010702.1	1200000	1298962	2.0
JABSTQ010010703.1	0	100000	1.0
JABSTQ010010703.1	100000	200000	1.0
JABSTQ010010703.1	200000	300000	2.0
JABSTQ010010703.1	400000	490295	1.0
JABSTQ010010704.1	0	100000	2.0
JABSTQ010010704.1	100000	126376	3.0
JABSTQ010010705.1	0	14857	2.0
JABSTQ010010706.1	0	100000	2.0
JABSTQ010010706.1	100000	200000	1.0
JABSTQ010010706.1	300000	356837	1.0
JABSTQ010010707.1	0	100000	3.0
JABSTQ010010707.1	100000	177259	1.0
JABSTQ010010708.1	100000	186676	3.0
JABSTQ010010710.1	100000	192644	2.0
JABSTQ010010711.1	0	100000	6.0
JABSTQ010010711.1	100000	200000	1.0
JABSTQ010010711.1	300000	400000	1.0
JABSTQ010010711.1	500000	600000	1.0
JABSTQ010010711.1	700000	800000	1.0
JABSTQ010010711.1	800000	885146	4.0
JABSTQ010010712.1	0	100000	1.0
JABSTQ010010712.1	100000	200000	3.0
JABSTQ010010712.1	200000	261328	1.0
JABSTQ010010713.1	300000	353859	1.0
JABSTQ010010714.1	100000	188075	1.0
JABSTQ010010715.1	0	100000	5.0
JABSTQ010010715.1	100000	116629	1.0
JABSTQ010010716.1	200000	300000	2.0
JABSTQ010010716.1	300000	400000	1.0
JABSTQ010010716.1	400000	427991	1.0
JABSTQ010010717.1	0	100000	2.0
JABSTQ010010717.1	200000	258995	1.0
JABSTQ010010718.1	100000	200000	2.0
JABSTQ010010718.1	200000	300000	1.0
JABSTQ010010718.1	300000	400000	1.0
JABSTQ010010718.1	400000	500000	1.0
JABSTQ010010718.1	600000	700000	1.0
JABSTQ010010718.1	1000000	1100000	1.0
JABSTQ010010718.1	1100000	1200000	1.0
JABSTQ010010718.1	1200000	1300000	1.0
JABSTQ010010718.1	1400000	1449887	2.0
JABSTQ010010719.1	0	100000	3.0
JABSTQ010010719.1	100000	146637	3.0
JABSTQ010010720.1	0	100000	1.0
JABSTQ010010720.1	200000	233093	1.0
JABSTQ010010721.1	0	100000	4.0
JABSTQ010010721.1	100000	162165	2.0
JABSTQ010010723.1	0	100000	2.0
JABSTQ010010723.1	100000	200000	1.0
JABSTQ010010723.1	200000	300000	1.0
JABSTQ010010723.1	400000	500000	1.0
JABSTQ010010723.1	500000	523936	1.0
JABSTQ010010724.1	0	100000	1.0
JABSTQ010010724.1	100000	200000	4.0
JABSTQ010010724.1	200000	300000	2.0
JABSTQ010010724.1	300000	300419	1.0
JABSTQ010010725.1	0	100000	3.0
JABSTQ010010725.1	100000	132049	3.0
JABSTQ010010727.1	0	100000	4.0
JABSTQ010010727.1	100000	200000	5.0
JABSTQ010010727.1	200000	300000	2.0
JABSTQ010010727.1	300000	400000	5.0
JABSTQ010010727.1	400000	500000	1.0
JABSTQ010010727.1	500000	600000	2.0
JABSTQ010010727.1	600000	700000	1.0
JABSTQ010010727.1	700000	800000	2.0
JABSTQ010010727.1	800000	900000	1.0
JABSTQ010010727.1	1000000	1100000	2.0
JABSTQ010010727.1	1100000	1200000	1.0
JABSTQ010010727.1	1200000	1294880	1.0
JABSTQ010010728.1	100000	129036	1.0
JABSTQ010010729.1	0	100000	4.0
JABSTQ010010729.1	100000	159338	1.0
JABSTQ010010730.1	0	100000	1.0
JABSTQ010010730.1	100000	200000	3.0
JABSTQ010010730.1	200000	300000	2.0
JABSTQ010010730.1	300000	400000	2.0
JABSTQ010010731.1	0	100000	2.0
JABSTQ010010731.1	100000	200000	2.0
JABSTQ010010731.1	200000	300000	1.0
JABSTQ010010731.1	300000	400000	1.0
JABSTQ010010731.1	500000	600000	2.0
JABSTQ010010731.1	600000	700000	2.0
JABSTQ010010731.1	700000	800000	1.0
JABSTQ010010731.1	800000	900000	4.0
JABSTQ010010731.1	900000	1000000	5.0
JABSTQ010010731.1	1000000	1100000	1.0
JABSTQ010010731.1	1100000	1101094	1.0
JABSTQ010010732.1	0	45435	1.0
JABSTQ010010733.1	300000	400000	1.0
JABSTQ010010733.1	400000	500000	2.0
JABSTQ010010733.1	500000	600000	3.0
JABSTQ010010733.1	600000	638083	1.0
JABSTQ010010734.1	100000	172176	2.0
JABSTQ010010735.1	0	100000	1.0
JABSTQ010010735.1	100000	200000	6.0
JABSTQ010010735.1	200000	300000	5.0
JABSTQ010010735.1	300000	400000	6.0
JABSTQ010010735.1	400000	500000	2.0
JABSTQ010010735.1	500000	600000	7.0
JABSTQ010010735.1	600000	700000	5.0
JABSTQ010010735.1	700000	800000	1.0
JABSTQ010010735.1	800000	900000	5.0
JABSTQ010010735.1	900000	1000000	2.0
JABSTQ010010735.1	1100000	1200000	1.0
JABSTQ010010735.1	1200000	1300000	2.0
JABSTQ010010735.1	1400000	1500000	2.0
JABSTQ010010735.1	1500000	1600000	1.0
JABSTQ010010735.1	1600000	1700000	3.0
JABSTQ010010735.1	1700000	1800000	6.0
JABSTQ010010735.1	1800000	1900000	3.0
JABSTQ010010735.1	1900000	2000000	1.0
JABSTQ010010735.1	2000000	2007968	1.0
JABSTQ010010736.1	0	60426	1.0
JABSTQ010010737.1	0	100000	4.0
JABSTQ010010737.1	100000	200000	1.0
JABSTQ010010737.1	200000	300000	1.0
JABSTQ010010737.1	300000	400000	1.0
JABSTQ010010737.1	400000	500000	2.0
JABSTQ010010737.1	500000	600000	1.0
JABSTQ010010737.1	600000	693590	2.0
JABSTQ010010738.1	0	100000	2.0
JABSTQ010010738.1	100000	200000	2.0
JABSTQ010010738.1	300000	400000	2.0
JABSTQ010010738.1	400000	500000	1.0
JABSTQ010010738.1	500000	600000	2.0
JABSTQ010010738.1	600000	700000	3.0
JABSTQ010010738.1	700000	800000	3.0
JABSTQ010010738.1	800000	900000	4.0
JABSTQ010010738.1	900000	1000000	2.0
JABSTQ010010738.1	1000000	1031657	1.0
JABSTQ010010739.1	0	100000	1.0
JABSTQ010010739.1	100000	200000	2.0
JABSTQ010010739.1	200000	300000	1.0
JABSTQ010010739.1	300000	400000	1.0
JABSTQ010010739.1	400000	500000	3.0
JABSTQ010010739.1	600000	700000	1.0
JABSTQ010010739.1	700000	800000	1.0
JABSTQ010010739.1	800000	900000	2.0
JABSTQ010010739.1	900000	1000000	4.0
JABSTQ010010739.1	1000000	1100000	6.0
JABSTQ010010739.1	1100000	1200000	2.0
JABSTQ010010739.1	1200000	1300000	1.0
JABSTQ010010739.1	1300000	1400000	3.0
JABSTQ010010739.1	1400000	1500000	1.0
JABSTQ010010739.1	1500000	1600000	1.0
JABSTQ010010739.1	1600000	1694176	2.0
JABSTQ010010740.1	0	100000	5.0
JABSTQ010010740.1	100000	200000	4.0
JABSTQ010010740.1	200000	270693	3.0
JABSTQ010010741.1	0	100000	3.0
JABSTQ010010741.1	100000	145584	1.0
JABSTQ010010742.1	0	100000	2.0
JABSTQ010010742.1	100000	179105	1.0
JABSTQ010010743.1	0	100000	1.0
JABSTQ010010743.1	200000	228101	1.0
JABSTQ010010744.1	0	100000	1.0
JABSTQ010010744.1	100000	200000	1.0
JABSTQ010010744.1	200000	300000	2.0
JABSTQ010010744.1	300000	400000	1.0
JABSTQ010010744.1	400000	500000	4.0
JABSTQ010010744.1	500000	600000	6.0
JABSTQ010010744.1	600000	700000	5.0
JABSTQ010010744.1	700000	800000	2.0
JABSTQ010010744.1	800000	900000	2.0
JABSTQ010010744.1	900000	982390	4.0
JABSTQ010010745.1	0	100000	2.0
JABSTQ010010745.1	100000	200000	1.0
JABSTQ010010745.1	200000	257362	2.0
JABSTQ010010746.1	0	100000	1.0
JABSTQ010010746.1	100000	122414	2.0
JABSTQ010010747.1	0	100000	1.0
JABSTQ010010747.1	200000	245595	2.0
JABSTQ010010748.1	0	93594	1.0
JABSTQ010010749.1	0	100000	2.0
JABSTQ010010749.1	200000	300000	2.0
JABSTQ010010749.1	300000	351287	2.0
JABSTQ010010750.1	0	62957	2.0
JABSTQ010010751.1	0	100000	1.0
JABSTQ010010751.1	100000	186412	1.0
JABSTQ010010752.1	0	100000	3.0
JABSTQ010010752.1	100000	200000	4.0
JABSTQ010010752.1	200000	300000	2.0
JABSTQ010010752.1	300000	400000	6.0
JABSTQ010010752.1	400000	500000	3.0
JABSTQ010010752.1	500000	600000	2.0
JABSTQ010010752.1	700000	800000	1.0
JABSTQ010010752.1	1100000	1200000	1.0
JABSTQ010010752.1	1200000	1300000	2.0
JABSTQ010010752.1	1300000	1400000	3.0
JABSTQ010010752.1	1400000	1500000	2.0
JABSTQ010010752.1	1500000	1600000	1.0
JABSTQ010010752.1	1700000	1745060	1.0
JABSTQ010010753.1	200000	211815	2.0
JABSTQ010010754.1	0	45144	3.0
JABSTQ010010755.1	0	100000	3.0
JABSTQ010010755.1	100000	200000	2.0
JABSTQ010010755.1	200000	221109	1.0
JABSTQ010010756.1	0	100000	7.0
JABSTQ010010756.1	100000	200000	6.0
JABSTQ010010756.1	200000	300000	4.0
JABSTQ010010756.1	300000	400000	4.0
JABSTQ010010756.1	400000	462726	4.0
JABSTQ010010757.1	0	100000	2.0
JABSTQ010010757.1	100000	134743	3.0
JABSTQ010010758.1	0	100000	3.0
JABSTQ010010758.1	100000	145007	1.0
JABSTQ010010759.1	0	100000	3.0
JABSTQ010010759.1	100000	181337	2.0
JABSTQ010010760.1	0	100000	1.0
JABSTQ010010760.1	100000	200000	1.0
JABSTQ010010760.1	300000	400000	5.0
JABSTQ010010760.1	400000	500000	3.0
JABSTQ010010760.1	500000	600000	2.0
JABSTQ010010760.1	600000	680221	3.0
JABSTQ010010761.1	0	100000	4.0
JABSTQ010010761.1	100000	200000	1.0
JABSTQ010010761.1	200000	300000	4.0
JABSTQ010010761.1	300000	400000	2.0
JABSTQ010010761.1	400000	448761	1.0
JABSTQ010010762.1	0	100000	1.0
JABSTQ010010762.1	100000	200000	5.0
JABSTQ010010762.1	200000	300000	7.0
JABSTQ010010762.1	300000	331894	1.0
JABSTQ010010763.1	0	100000	2.0
JABSTQ010010763.1	200000	252923	1.0
JABSTQ010010764.1	0	100000	4.0
JABSTQ010010764.1	100000	200000	2.0
JABSTQ010010764.1	200000	246294	1.0
JABSTQ010010765.1	0	100000	2.0
JABSTQ010010765.1	100000	128364	2.0
JABSTQ010010766.1	0	100000	3.0
JABSTQ010010766.1	100000	200000	1.0
JABSTQ010010766.1	200000	300000	2.0
JABSTQ010010766.1	300000	334858	1.0
JABSTQ010010767.1	0	100000	1.0
JABSTQ010010767.1	100000	179871	1.0
JABSTQ010010769.1	0	100000	2.0
JABSTQ010010769.1	100000	124434	1.0
JABSTQ010010770.1	0	100000	3.0
JABSTQ010010770.1	100000	200000	1.0
JABSTQ010010770.1	200000	300000	2.0
JABSTQ010010770.1	300000	400000	1.0
JABSTQ010010770.1	400000	500000	1.0
JABSTQ010010770.1	500000	600000	1.0
JABSTQ010010770.1	700000	800000	1.0
JABSTQ010010770.1	800000	900000	1.0
JABSTQ010010770.1	900000	1000000	2.0
JABSTQ010010770.1	1000000	1002980	1.0
JABSTQ010010771.1	0	100000	2.0
JABSTQ010010771.1	100000	167753	1.0
JABSTQ010010772.1	0	100000	3.0
JABSTQ010010772.1	100000	146575	1.0
JABSTQ010010773.1	0	100000	1.0
JABSTQ010010773.1	100000	186913	1.0
JABSTQ010010774.1	0	100000	1.0
JABSTQ010010774.1	100000	200000	2.0
JABSTQ010010774.1	300000	400000	5.0
JABSTQ010010775.1	100000	170879	2.0
JABSTQ010010776.1	0	100000	4.0
JABSTQ010010776.1	100000	155990	1.0
JABSTQ010010777.1	100000	194722	6.0
JABSTQ010010778.1	0	100000	2.0
JABSTQ010010778.1	100000	200000	1.0
JABSTQ010010778.1	200000	300000	1.0
JABSTQ010010778.1	300000	325523	1.0
JABSTQ010010779.1	0	100000	4.0
JABSTQ010010779.1	100000	200000	2.0
JABSTQ010010779.1	200000	300000	4.0
JABSTQ010010779.1	300000	400000	6.0
JABSTQ010010779.1	400000	500000	1.0
JABSTQ010010779.1	500000	600000	1.0
JABSTQ010010779.1	600000	700000	1.0
JABSTQ010010779.1	700000	800000	1.0
JABSTQ010010779.1	800000	900000	1.0
JABSTQ010010779.1	900000	1000000	3.0
JABSTQ010010779.1	1000000	1022423	1.0
JABSTQ010010780.1	0	100000	4.0
JABSTQ010010780.1	200000	300000	1.0
JABSTQ010010780.1	400000	500000	1.0
JABSTQ010010780.1	500000	600000	1.0
JABSTQ010010780.1	700000	794489	1.0
JABSTQ010010781.1	0	100000	3.0
JABSTQ010010781.1	100000	200000	2.0
JABSTQ010010781.1	200000	300000	2.0
JABSTQ010010781.1	300000	400000	1.0
JABSTQ010010781.1	400000	500000	4.0
JABSTQ010010781.1	500000	600000	4.0
JABSTQ010010781.1	600000	700000	1.0
JABSTQ010010781.1	700000	800000	2.0
JABSTQ010010781.1	800000	814447	1.0
JABSTQ010010782.1	0	100000	1.0
JABSTQ010010782.1	100000	189155	1.0
JABSTQ010010783.1	0	100000	1.0
JABSTQ010010783.1	100000	176975	3.0
JABSTQ010010784.1	0	100000	3.0
JABSTQ010010785.1	0	100000	4.0
JABSTQ010010785.1	100000	200000	3.0
JABSTQ010010785.1	200000	240533	1.0
JABSTQ010010786.1	0	14552	1.0
JABSTQ010010787.1	0	100000	3.0
JABSTQ010010787.1	100000	200000	1.0
JABSTQ010010787.1	300000	400000	1.0
JABSTQ010010787.1	400000	442727	2.0
JABSTQ010010788.1	0	100000	2.0
JABSTQ010010788.1	100000	200000	3.0
JABSTQ010010788.1	200000	222618	1.0
JABSTQ010010789.1	0	100000	2.0
JABSTQ010010789.1	200000	246605	1.0
JABSTQ010010790.1	0	100000	1.0
JABSTQ010010790.1	200000	300000	1.0
JABSTQ010010790.1	300000	357817	1.0
JABSTQ010010791.1	100000	177631	1.0
JABSTQ010010792.1	0	100000	4.0
JABSTQ010010792.1	100000	200000	2.0
JABSTQ010010792.1	200000	300000	2.0
JABSTQ010010792.1	300000	400000	1.0
JABSTQ010010792.1	400000	500000	2.0
JABSTQ010010792.1	600000	700000	2.0
JABSTQ010010792.1	700000	785769	1.0
JABSTQ010010793.1	200000	300000	3.0
JABSTQ010010793.1	300000	400000	1.0
JABSTQ010010793.1	400000	500000	1.0
JABSTQ010010793.1	500000	600000	1.0
JABSTQ010010793.1	700000	800000	2.0
JABSTQ010010793.1	800000	900000	1.0
JABSTQ010010793.1	900000	1000000	2.0
JABSTQ010010793.1	1000000	1100000	2.0
JABSTQ010010793.1	1100000	1200000	1.0
JABSTQ010010793.1	1200000	1300000	1.0
JABSTQ010010793.1	1300000	1400000	1.0
JABSTQ010010793.1	1500000	1600000	1.0
JABSTQ010010793.1	1600000	1700000	2.0
JABSTQ010010793.1	1700000	1800000	3.0
JABSTQ010010793.1	2400000	2500000	1.0
JABSTQ010010793.1	2500000	2600000	1.0
JABSTQ010010793.1	2600000	2663689	1.0
JABSTQ010010794.1	0	100000	1.0
JABSTQ010010794.1	100000	113810	1.0
JABSTQ010010795.1	100000	167987	2.0
JABSTQ010010796.1	100000	200000	2.0
JABSTQ010010796.1	200000	300000	2.0
JABSTQ010010796.1	300000	400000	1.0
JABSTQ010010796.1	500000	600000	1.0
JABSTQ010010796.1	600000	700000	4.0
JABSTQ010010796.1	700000	800000	2.0
JABSTQ010010796.1	800000	886114	1.0
JABSTQ010010797.1	0	46338	2.0
JABSTQ010010798.1	0	100000	1.0
JABSTQ010010798.1	100000	200000	2.0
JABSTQ010010798.1	200000	300000	3.0
JABSTQ010010798.1	300000	359949	3.0
JABSTQ010010799.1	0	100000	2.0
JABSTQ010010799.1	100000	139427	1.0
JABSTQ010010800.1	100000	200000	1.0
JABSTQ010010800.1	300000	400000	1.0
JABSTQ010010800.1	400000	500000	1.0
JABSTQ010010800.1	500000	600000	1.0
JABSTQ010010800.1	600000	652739	2.0
JABSTQ010010801.1	0	100000	2.0
JABSTQ010010801.1	100000	200000	1.0
JABSTQ010010801.1	200000	300000	1.0
JABSTQ010010801.1	300000	400000	2.0
JABSTQ010010801.1	400000	437844	1.0
JABSTQ010010802.1	100000	161585	1.0
JABSTQ010010803.1	0	53957	2.0
JABSTQ010010804.1	0	100000	1.0
JABSTQ010010804.1	100000	200000	2.0
JABSTQ010010804.1	200000	300000	1.0
JABSTQ010010804.1	300000	395388	1.0
JABSTQ010010805.1	0	100000	1.0
JABSTQ010010806.1	0	50444	3.0
JABSTQ010010807.1	100000	158478	1.0
JABSTQ010010808.1	300000	400000	1.0
JABSTQ010010808.1	600000	700000	1.0
JABSTQ010010808.1	700000	800000	2.0
JABSTQ010010808.1	800000	900000	1.0
JABSTQ010010808.1	900000	911352	1.0
JABSTQ010010809.1	200000	229389	1.0
JABSTQ010010810.1	100000	200000	1.0
JABSTQ010010810.1	200000	242952	3.0
JABSTQ010010811.1	100000	200000	1.0
JABSTQ010010811.1	300000	349606	1.0
JABSTQ010010812.1	0	100000	1.0
JABSTQ010010812.1	100000	200000	2.0
JABSTQ010010812.1	200000	215261	1.0
JABSTQ010010813.1	0	100000	1.0
JABSTQ010010813.1	100000	200000	1.0
JABSTQ010010813.1	200000	300000	1.0
JABSTQ010010813.1	400000	500000	1.0
JABSTQ010010813.1	500000	600000	3.0
JABSTQ010010813.1	600000	618624	1.0
JABSTQ010010814.1	0	100000	3.0
JABSTQ010010814.1	200000	221751	1.0
JABSTQ010010815.1	0	100000	1.0
JABSTQ010010815.1	100000	133775	1.0
JABSTQ010010816.1	0	100000	2.0
JABSTQ010010816.1	100000	200000	2.0
JABSTQ010010816.1	200000	300000	2.0
JABSTQ010010816.1	300000	367153	1.0
JABSTQ010010817.1	0	100000	5.0
JABSTQ010010817.1	100000	200000	1.0
JABSTQ010010817.1	200000	300000	1.0
JABSTQ010010817.1	300000	324689	1.0
JABSTQ010010818.1	0	100000	4.0
JABSTQ010010818.1	100000	200000	3.0
JABSTQ010010818.1	300000	400000	1.0
JABSTQ010010818.1	400000	500000	2.0
JABSTQ010010818.1	500000	600000	1.0
JABSTQ010010818.1	700000	800000	1.0
JABSTQ010010818.1	900000	994331	2.0
JABSTQ010010819.1	0	100000	2.0
JABSTQ010010819.1	100000	200000	1.0
JABSTQ010010819.1	200000	300000	2.0
JABSTQ010010819.1	300000	400000	1.0
JABSTQ010010819.1	400000	500000	3.0
JABSTQ010010819.1	500000	600000	1.0
JABSTQ010010819.1	600000	700000	2.0
JABSTQ010010819.1	700000	800000	4.0
JABSTQ010010819.1	800000	815124	3.0
JABSTQ010010820.1	0	40890	1.0
JABSTQ010010821.1	0	100000	3.0
JABSTQ010010821.1	100000	200000	1.0
JABSTQ010010821.1	200000	283789	3.0
JABSTQ010010822.1	0	100000	1.0
JABSTQ010010822.1	100000	200000	1.0
JABSTQ010010822.1	200000	300000	1.0
JABSTQ010010822.1	300000	400000	1.0
JABSTQ010010822.1	400000	434818	2.0
JABSTQ010010823.1	0	100000	2.0
JABSTQ010010823.1	100000	200000	2.0
JABSTQ010010823.1	200000	239645	3.0
JABSTQ010010824.1	0	100000	1.0
JABSTQ010010824.1	100000	134078	1.0
JABSTQ010010825.1	0	100000	3.0
JABSTQ010010825.1	100000	200000	6.0
JABSTQ010010825.1	200000	300000	1.0
JABSTQ010010825.1	300000	400000	2.0
JABSTQ010010825.1	400000	500000	1.0
JABSTQ010010825.1	500000	600000	2.0
JABSTQ010010825.1	700000	800000	4.0
JABSTQ010010825.1	800000	900000	3.0
JABSTQ010010825.1	1000000	1030999	2.0
JABSTQ010010826.1	0	100000	1.0
JABSTQ010010826.1	100000	170200	3.0
JABSTQ010010827.1	0	77463	1.0
JABSTQ010010828.1	0	100000	5.0
JABSTQ010010828.1	100000	200000	3.0
JABSTQ010010828.1	200000	241729	1.0
JABSTQ010010829.1	100000	108850	1.0
JABSTQ010010830.1	0	100000	2.0
JABSTQ010010830.1	100000	200000	1.0
JABSTQ010010830.1	300000	400000	1.0
JABSTQ010010830.1	400000	500000	3.0
JABSTQ010010830.1	500000	537861	1.0
JABSTQ010010831.1	0	90195	1.0
JABSTQ010010832.1	100000	169601	4.0
JABSTQ010010833.1	0	100000	2.0
JABSTQ010010833.1	100000	200000	3.0
JABSTQ010010833.1	200000	300000	1.0
JABSTQ010010833.1	300000	326973	1.0
JABSTQ010010834.1	0	100000	2.0
JABSTQ010010834.1	100000	200000	2.0
JABSTQ010010834.1	200000	300000	2.0
JABSTQ010010834.1	300000	374107	3.0
JABSTQ010010835.1	0	100000	6.0
JABSTQ010010835.1	100000	200000	1.0
JABSTQ010010835.1	200000	268295	2.0
JABSTQ010010836.1	0	48013	2.0
JABSTQ010010837.1	0	100000	2.0
JABSTQ010010837.1	100000	133460	1.0
JABSTQ010010838.1	0	90843	2.0
JABSTQ010010839.1	100000	200000	1.0
JABSTQ010010839.1	200000	300000	2.0
JABSTQ010010839.1	400000	486497	2.0
JABSTQ010010840.1	0	100000	4.0
JABSTQ010010840.1	200000	300000	2.0
JABSTQ010010840.1	300000	400000	2.0
JABSTQ010010840.1	400000	500000	1.0
JABSTQ010010840.1	500000	600000	4.0
JABSTQ010010840.1	600000	662068	2.0
JABSTQ010010841.1	0	100000	3.0
JABSTQ010010841.1	100000	200000	4.0
JABSTQ010010841.1	200000	300000	3.0
JABSTQ010010841.1	400000	500000	3.0
JABSTQ010010841.1	500000	600000	3.0
JABSTQ010010841.1	700000	800000	1.0
JABSTQ010010841.1	800000	900000	1.0
JABSTQ010010841.1	900000	1000000	1.0
JABSTQ010010841.1	1000000	1100000	2.0
JABSTQ010010841.1	1200000	1300000	1.0
JABSTQ010010841.1	1300000	1400000	3.0
JABSTQ010010841.1	1400000	1493245	2.0
JABSTQ010010843.1	100000	200000	2.0
JABSTQ010010844.1	0	100000	1.0
JABSTQ010010844.1	100000	176404	2.0
JABSTQ010010845.1	0	100000	4.0
JABSTQ010010845.1	100000	200000	5.0
JABSTQ010010845.1	200000	203756	1.0
JABSTQ010010846.1	0	100000	1.0
JABSTQ010010846.1	100000	187251	1.0
JABSTQ010010847.1	0	100000	2.0
JABSTQ010010847.1	100000	200000	3.0
JABSTQ010010847.1	200000	300000	3.0
JABSTQ010010847.1	300000	400000	6.0
JABSTQ010010847.1	400000	500000	2.0
JABSTQ010010847.1	500000	600000	3.0
JABSTQ010010847.1	600000	700000	1.0
JABSTQ010010847.1	700000	800000	1.0
JABSTQ010010847.1	1000000	1083906	2.0
JABSTQ010010848.1	100000	118649	1.0
JABSTQ010010850.1	200000	295164	2.0
JABSTQ010010851.1	0	47560	1.0
JABSTQ010010852.1	0	92242	3.0
JABSTQ010010853.1	0	100000	1.0
JABSTQ010010853.1	100000	200000	3.0
JABSTQ010010853.1	200000	300000	2.0
JABSTQ010010853.1	400000	408831	2.0
JABSTQ010010854.1	100000	200000	3.0
JABSTQ010010854.1	200000	256125	1.0
JABSTQ010010855.1	0	100000	4.0
JABSTQ010010855.1	100000	200000	4.0
JABSTQ010010855.1	200000	300000	2.0
JABSTQ010010855.1	300000	400000	1.0
JABSTQ010010855.1	400000	500000	1.0
JABSTQ010010855.1	500000	600000	1.0
JABSTQ010010855.1	600000	613032	1.0
JABSTQ010010856.1	0	100000	1.0
JABSTQ010010856.1	100000	177230	2.0
JABSTQ010010857.1	0	100000	1.0
JABSTQ010010857.1	100000	200000	1.0
JABSTQ010010857.1	200000	300000	2.0
JABSTQ010010857.1	300000	400000	3.0
JABSTQ010010857.1	400000	441389	1.0
JABSTQ010010858.1	0	100000	1.0
JABSTQ010010858.1	100000	157177	4.0
JABSTQ010010859.1	300000	400000	3.0
JABSTQ010010859.1	400000	500000	1.0
JABSTQ010010859.1	600000	700000	1.0
JABSTQ010010859.1	900000	1000000	1.0
JABSTQ010010859.1	1100000	1200000	1.0
JABSTQ010010859.1	1200000	1300000	2.0
JABSTQ010010859.1	1300000	1400000	6.0
JABSTQ010010859.1	1400000	1500000	2.0
JABSTQ010010859.1	1500000	1594633	1.0
JABSTQ010010860.1	0	100000	2.0
JABSTQ010010860.1	100000	200000	2.0
JABSTQ010010860.1	200000	260674	1.0
JABSTQ010010861.1	0	92362	1.0
JABSTQ010010862.1	0	100000	2.0
JABSTQ010010862.1	100000	200000	1.0
JABSTQ010010862.1	200000	300000	4.0
JABSTQ010010862.1	300000	395314	3.0
JABSTQ010010863.1	0	100000	1.0
JABSTQ010010863.1	200000	300000	2.0
JABSTQ010010863.1	500000	600000	1.0
JABSTQ010010863.1	700000	744587	1.0
JABSTQ010010864.1	0	100000	2.0
JABSTQ010010864.1	100000	200000	2.0
JABSTQ010010864.1	200000	300000	2.0
JABSTQ010010864.1	300000	400000	4.0
JABSTQ010010864.1	400000	500000	1.0
JABSTQ010010864.1	500000	600000	1.0
JABSTQ010010864.1	600000	700000	5.0
JABSTQ010010864.1	700000	800000	4.0
JABSTQ010010864.1	800000	900000	2.0
JABSTQ010010864.1	900000	1000000	3.0
JABSTQ010010864.1	1000000	1027286	2.0
JABSTQ010010865.1	0	100000	2.0
JABSTQ010010865.1	100000	156941	3.0
JABSTQ010010866.1	0	100000	2.0
JABSTQ010010866.1	100000	138428	4.0
JABSTQ010010867.1	100000	200000	2.0
JABSTQ010010867.1	300000	400000	2.0
JABSTQ010010867.1	400000	492928	1.0
JABSTQ010010868.1	0	100000	3.0
JABSTQ010010868.1	100000	144038	1.0
JABSTQ010010870.1	0	100000	1.0
JABSTQ010010870.1	100000	200000	2.0
JABSTQ010010870.1	200000	300000	4.0
JABSTQ010010870.1	300000	394639	1.0
JABSTQ010010871.1	0	100000	3.0
JABSTQ010010871.1	100000	196327	2.0
JABSTQ010010872.1	200000	300000	1.0
JABSTQ010010872.1	300000	400000	1.0
JABSTQ010010872.1	400000	500000	1.0
JABSTQ010010872.1	500000	600000	1.0
JABSTQ010010872.1	800000	900000	1.0
JABSTQ010010872.1	1000000	1078250	1.0
JABSTQ010010873.1	0	100000	5.0
JABSTQ010010873.1	100000	170930	3.0
JABSTQ010010874.1	0	100000	2.0
JABSTQ010010874.1	100000	150770	2.0
JABSTQ010010876.1	0	100000	1.0
JABSTQ010010876.1	100000	200000	4.0
JABSTQ010010876.1	200000	300000	2.0
JABSTQ010010876.1	300000	400000	3.0
JABSTQ010010876.1	400000	500000	2.0
JABSTQ010010876.1	500000	579750	1.0
JABSTQ010010877.1	100000	200000	3.0
JABSTQ010010877.1	200000	300000	3.0
JABSTQ010010877.1	300000	400000	1.0
JABSTQ010010877.1	400000	500000	1.0
JABSTQ010010877.1	500000	600000	2.0
JABSTQ010010877.1	600000	700000	1.0
JABSTQ010010877.1	700000	800000	3.0
JABSTQ010010877.1	800000	897098	3.0
JABSTQ010010878.1	0	100000	5.0
JABSTQ010010878.1	100000	162399	4.0
JABSTQ010010879.1	100000	200000	1.0
JABSTQ010010879.1	200000	213277	1.0
JABSTQ010010881.1	0	100000	1.0
JABSTQ010010881.1	100000	200000	4.0
JABSTQ010010881.1	200000	300000	2.0
JABSTQ010010881.1	300000	373458	2.0
JABSTQ010010882.1	0	100000	1.0
JABSTQ010010882.1	100000	200000	2.0
JABSTQ010010882.1	200000	245656	1.0
JABSTQ010010883.1	0	100000	4.0
JABSTQ010010883.1	100000	199555	4.0
JABSTQ010010884.1	0	100000	1.0
JABSTQ010010884.1	100000	200000	1.0
JABSTQ010010884.1	200000	300000	3.0
JABSTQ010010884.1	300000	400000	1.0
JABSTQ010010884.1	400000	422649	1.0
JABSTQ010010885.1	0	100000	1.0
JABSTQ010010885.1	100000	154919	2.0
JABSTQ010010886.1	100000	178987	1.0
JABSTQ010010887.1	0	100000	2.0
JABSTQ010010887.1	100000	200000	2.0
JABSTQ010010887.1	200000	252576	1.0
JABSTQ010010888.1	0	100000	3.0
JABSTQ010010888.1	200000	300000	1.0
JABSTQ010010888.1	300000	400000	2.0
JABSTQ010010888.1	400000	473864	1.0
JABSTQ010010889.1	0	100000	2.0
JABSTQ010010889.1	100000	130757	1.0
JABSTQ010010890.1	0	100000	3.0
JABSTQ010010890.1	100000	200000	1.0
JABSTQ010010890.1	200000	300000	1.0
JABSTQ010010890.1	400000	500000	2.0
JABSTQ010010890.1	800000	900000	3.0
JABSTQ010010890.1	1200000	1300000	2.0
JABSTQ010010890.1	1300000	1400000	3.0
JABSTQ010010890.1	1400000	1405006	1.0
JABSTQ010010891.1	100000	200000	1.0
JABSTQ010010891.1	200000	205319	1.0
JABSTQ010010892.1	0	98066	2.0
JABSTQ010010893.1	0	100000	6.0
JABSTQ010010893.1	100000	199652	2.0
JABSTQ010010894.1	0	100000	1.0
JABSTQ010010894.1	100000	128711	1.0
JABSTQ010010896.1	0	100000	3.0
JABSTQ010010896.1	100000	195430	4.0
JABSTQ010010897.1	0	100000	2.0
JABSTQ010010897.1	100000	165654	1.0
JABSTQ010010898.1	0	100000	1.0
JABSTQ010010898.1	100000	156840	1.0
JABSTQ010010899.1	100000	200000	1.0
JABSTQ010010899.1	200000	300000	2.0
JABSTQ010010899.1	400000	500000	3.0
JABSTQ010010899.1	500000	530332	4.0
JABSTQ010010900.1	0	100000	1.0
JABSTQ010010900.1	100000	200000	1.0
JABSTQ010010900.1	200000	218829	1.0
JABSTQ010010901.1	0	100000	1.0
JABSTQ010010901.1	200000	300000	1.0
JABSTQ010010901.1	400000	500000	1.0
JABSTQ010010901.1	600000	700000	1.0
JABSTQ010010901.1	700000	800000	1.0
JABSTQ010010901.1	900000	1000000	2.0
JABSTQ010010902.1	0	25219	1.0
JABSTQ010010903.1	0	100000	5.0
JABSTQ010010903.1	100000	200000	3.0
JABSTQ010010903.1	200000	300000	3.0
JABSTQ010010903.1	300000	400000	3.0
JABSTQ010010903.1	400000	500000	2.0
JABSTQ010010903.1	500000	600000	1.0
JABSTQ010010903.1	600000	604372	1.0
JABSTQ010010904.1	0	100000	2.0
JABSTQ010010904.1	100000	200000	1.0
JABSTQ010010904.1	200000	300000	3.0
JABSTQ010010904.1	300000	400000	4.0
JABSTQ010010904.1	400000	500000	2.0
JABSTQ010010904.1	600000	700000	1.0
JABSTQ010010904.1	700000	800000	2.0
JABSTQ010010904.1	900000	1000000	1.0
JABSTQ010010904.1	1000000	1100000	3.0
JABSTQ010010904.1	1100000	1200000	3.0
JABSTQ010010904.1	1200000	1300000	7.0
JABSTQ010010904.1	1300000	1400000	4.0
JABSTQ010010904.1	1400000	1500000	2.0
JABSTQ010010904.1	1500000	1600000	2.0
JABSTQ010010904.1	1600000	1700000	1.0
JABSTQ010010904.1	1700000	1800000	5.0
JABSTQ010010904.1	1800000	1900000	4.0
JABSTQ010010904.1	1900000	2000000	3.0
JABSTQ010010904.1	2000000	2024683	1.0
JABSTQ010010905.1	0	100000	2.0
JABSTQ010010905.1	100000	162083	2.0
JABSTQ010010906.1	0	100000	2.0
JABSTQ010010906.1	100000	147091	2.0
JABSTQ010010907.1	200000	236707	1.0
JABSTQ010010908.1	0	55951	2.0
JABSTQ010010910.1	100000	135718	2.0
JABSTQ010010911.1	100000	200000	6.0
JABSTQ010010911.1	400000	500000	3.0
JABSTQ010010911.1	500000	600000	1.0
JABSTQ010010911.1	600000	700000	2.0
JABSTQ010010911.1	800000	900000	4.0
JABSTQ010010911.1	900000	1000000	5.0
JABSTQ010010911.1	1000000	1015577	1.0
JABSTQ010010912.1	0	20447	1.0
JABSTQ010010913.1	0	100000	1.0
JABSTQ010010913.1	100000	123586	1.0
JABSTQ010010914.1	0	100000	2.0
JABSTQ010010914.1	100000	200000	2.0
JABSTQ010010914.1	200000	262683	2.0
JABSTQ010010915.1	0	100000	3.0
JABSTQ010010915.1	100000	184970	2.0
JABSTQ010010916.1	0	100000	1.0
JABSTQ010010916.1	300000	400000	1.0
JABSTQ010010916.1	400000	500000	5.0
JABSTQ010010916.1	500000	529417	1.0
JABSTQ010010917.1	0	100000	1.0
JABSTQ010010917.1	100000	193371	1.0
JABSTQ010010918.1	0	100000	2.0
JABSTQ010010918.1	200000	300000	1.0
JABSTQ010010918.1	400000	500000	4.0
JABSTQ010010918.1	600000	700000	1.0
JABSTQ010010918.1	700000	800000	1.0
JABSTQ010010918.1	1000000	1089820	2.0
JABSTQ010010919.1	100000	180995	4.0
JABSTQ010010920.1	0	89274	3.0
JABSTQ010010921.1	0	100000	3.0
JABSTQ010010921.1	100000	200000	2.0
JABSTQ010010921.1	200000	300000	1.0
JABSTQ010010921.1	300000	400000	5.0
JABSTQ010010921.1	400000	500000	1.0
JABSTQ010010921.1	500000	600000	1.0
JABSTQ010010921.1	600000	700000	3.0
JABSTQ010010921.1	700000	800000	2.0
JABSTQ010010922.1	0	100000	1.0
JABSTQ010010922.1	100000	183482	3.0
JABSTQ010010923.1	0	100000	3.0
JABSTQ010010923.1	100000	200000	1.0
JABSTQ010010923.1	200000	300000	2.0
JABSTQ010010923.1	300000	400000	1.0
JABSTQ010010923.1	400000	500000	3.0
JABSTQ010010923.1	500000	600000	3.0
JABSTQ010010924.1	0	100000	2.0
JABSTQ010010924.1	100000	200000	3.0
JABSTQ010010924.1	200000	300000	3.0
JABSTQ010010924.1	300000	400000	1.0
JABSTQ010010924.1	400000	500000	1.0
JABSTQ010010924.1	500000	600000	1.0
JABSTQ010010924.1	700000	800000	2.0
JABSTQ010010924.1	800000	900000	2.0
JABSTQ010010924.1	900000	1000000	2.0
JABSTQ010010924.1	1100000	1200000	1.0
JABSTQ010010924.1	1200000	1300000	3.0
JABSTQ010010924.1	1300000	1341241	1.0
JABSTQ010010925.1	0	100000	5.0
JABSTQ010010925.1	100000	149961	2.0
JABSTQ010010926.1	0	100000	1.0
JABSTQ010010926.1	100000	136030	1.0
JABSTQ010010927.1	0	100000	2.0
JABSTQ010010927.1	100000	154978	3.0
JABSTQ010010928.1	100000	200000	1.0
JABSTQ010010928.1	200000	300000	1.0
JABSTQ010010928.1	300000	339487	1.0
JABSTQ010010929.1	0	100000	3.0
JABSTQ010010929.1	100000	200000	1.0
JABSTQ010010929.1	300000	400000	1.0
JABSTQ010010929.1	400000	500000	2.0
JABSTQ010010929.1	500000	600000	1.0
JABSTQ010010929.1	600000	700000	1.0
JABSTQ010010929.1	700000	800000	2.0
JABSTQ010010929.1	800000	900000	1.0
JABSTQ010010929.1	900000	1000000	2.0
JABSTQ010010929.1	1200000	1300000	3.0
JABSTQ010010929.1	1400000	1487312	3.0
JABSTQ010010930.1	100000	174839	1.0
JABSTQ010010931.1	0	100000	3.0
JABSTQ010010931.1	100000	162078	4.0
JABSTQ010010932.1	400000	500000	2.0
JABSTQ010010932.1	500000	600000	1.0
JABSTQ010010932.1	700000	800000	1.0
JABSTQ010010933.1	0	100000	3.0
JABSTQ010010933.1	100000	200000	5.0
JABSTQ010010933.1	200000	238767	2.0
JABSTQ010010934.1	0	100000	3.0
JABSTQ010010934.1	200000	222173	1.0
JABSTQ010010935.1	0	100000	1.0
JABSTQ010010935.1	100000	200000	2.0
JABSTQ010010935.1	200000	300000	3.0
JABSTQ010010935.1	300000	400000	3.0
JABSTQ010010935.1	400000	474209	3.0
JABSTQ010010936.1	0	100000	2.0
JABSTQ010010936.1	100000	200000	3.0
JABSTQ010010936.1	200000	300000	1.0
JABSTQ010010936.1	400000	500000	3.0
JABSTQ010010936.1	500000	600000	1.0
JABSTQ010010937.1	0	100000	3.0
JABSTQ010010937.1	100000	200000	6.0
JABSTQ010010937.1	200000	297749	5.0
JABSTQ010010938.1	0	100000	1.0
JABSTQ010010938.1	100000	200000	2.0
JABSTQ010010938.1	200000	204855	2.0
JABSTQ010010940.1	0	100000	3.0
JABSTQ010010940.1	100000	133763	3.0
JABSTQ010010941.1	0	100000	2.0
JABSTQ010010941.1	100000	200000	1.0
JABSTQ010010941.1	200000	279188	1.0
JABSTQ010010942.1	0	100000	2.0
JABSTQ010010942.1	100000	200000	2.0
JABSTQ010010942.1	200000	300000	1.0
JABSTQ010010942.1	300000	400000	3.0
JABSTQ010010942.1	400000	500000	2.0
JABSTQ010010942.1	500000	600000	1.0
JABSTQ010010942.1	600000	700000	1.0
JABSTQ010010942.1	800000	900000	1.0
JABSTQ010010942.1	900000	1000000	1.0
JABSTQ010010942.1	1000000	1100000	2.0
JABSTQ010010942.1	1100000	1200000	2.0
JABSTQ010010942.1	1200000	1300000	3.0
JABSTQ010010942.1	1400000	1500000	3.0
JABSTQ010010942.1	1500000	1539880	1.0
JABSTQ010010943.1	0	41361	1.0
JABSTQ010010944.1	0	100000	3.0
JABSTQ010010944.1	100000	200000	2.0
JABSTQ010010944.1	200000	300000	1.0
JABSTQ010010944.1	400000	452390	1.0
JABSTQ010010945.1	100000	153910	3.0
JABSTQ010010946.1	0	58968	1.0
JABSTQ010010947.1	0	100000	3.0
JABSTQ010010947.1	100000	200000	2.0
JABSTQ010010947.1	200000	300000	1.0
JABSTQ010010947.1	300000	385718	2.0
JABSTQ010010948.1	0	100000	3.0
JABSTQ010010948.1	100000	200000	2.0
JABSTQ010010948.1	200000	300000	1.0
JABSTQ010010948.1	300000	312327	1.0
JABSTQ010010949.1	0	100000	1.0
JABSTQ010010949.1	100000	200000	2.0
JABSTQ010010949.1	200000	268903	1.0
JABSTQ010010950.1	0	100000	3.0
JABSTQ010010950.1	100000	200000	3.0
JABSTQ010010950.1	200000	300000	3.0
JABSTQ010010950.1	300000	400000	2.0
JABSTQ010010950.1	400000	500000	2.0
JABSTQ010010950.1	500000	600000	3.0
JABSTQ010010950.1	600000	700000	2.0
JABSTQ010010950.1	700000	800000	4.0
JABSTQ010010950.1	800000	900000	2.0
JABSTQ010010950.1	900000	1000000	3.0
JABSTQ010010950.1	1000000	1100000	3.0
JABSTQ010010950.1	1100000	1200000	3.0
JABSTQ010010950.1	1200000	1300000	1.0
JABSTQ010010950.1	1400000	1427548	1.0
JABSTQ010010951.1	0	100000	5.0
JABSTQ010010951.1	100000	200000	2.0
JABSTQ010010951.1	200000	300000	4.0
JABSTQ010010951.1	300000	400000	2.0
JABSTQ010010951.1	400000	500000	1.0
JABSTQ010010951.1	500000	600000	2.0
JABSTQ010010951.1	600000	700000	2.0
JABSTQ010010951.1	700000	800000	2.0
JABSTQ010010951.1	800000	900000	1.0
JABSTQ010010951.1	900000	939394	1.0
JABSTQ010010952.1	200000	300000	1.0
JABSTQ010010952.1	300000	400000	1.0
JABSTQ010010952.1	400000	477207	1.0
JABSTQ010010953.1	0	100000	3.0
JABSTQ010010953.1	200000	248026	1.0
JABSTQ010010954.1	0	100000	1.0
JABSTQ010010954.1	100000	200000	3.0
JABSTQ010010954.1	200000	300000	1.0
JABSTQ010010954.1	300000	400000	2.0
JABSTQ010010954.1	400000	500000	1.0
JABSTQ010010954.1	500000	600000	3.0
JABSTQ010010954.1	600000	700000	2.0
JABSTQ010010954.1	700000	800000	1.0
JABSTQ010010954.1	800000	900000	1.0
JABSTQ010010955.1	0	100000	1.0
JABSTQ010010955.1	100000	174466	1.0
JABSTQ010010956.1	0	100000	1.0
JABSTQ010010956.1	100000	200000	2.0
JABSTQ010010956.1	200000	300000	1.0
JABSTQ010010956.1	300000	400000	1.0
JABSTQ010010956.1	400000	500000	2.0
JABSTQ010010956.1	800000	864382	1.0
JABSTQ010010957.1	0	100000	1.0
JABSTQ010010957.1	100000	200000	1.0
JABSTQ010010957.1	300000	400000	1.0
JABSTQ010010957.1	400000	500000	1.0
JABSTQ010010957.1	500000	600000	1.0
JABSTQ010010957.1	600000	700000	1.0
JABSTQ010010957.1	800000	900000	1.0
JABSTQ010010957.1	900000	1000000	1.0
JABSTQ010010957.1	1000000	1013011	1.0
JABSTQ010010958.1	100000	200000	3.0
JABSTQ010010958.1	200000	280868	3.0
JABSTQ010010959.1	0	100000	1.0
JABSTQ010010959.1	200000	300000	4.0
JABSTQ010010959.1	300000	400000	1.0
JABSTQ010010959.1	400000	500000	1.0
JABSTQ010010959.1	500000	586914	3.0
JABSTQ010010960.1	0	100000	1.0
JABSTQ010010960.1	100000	118745	1.0
JABSTQ010010961.1	100000	186933	3.0
JABSTQ010010962.1	0	100000	2.0
JABSTQ010010962.1	100000	200000	3.0
JABSTQ010010962.1	200000	300000	2.0
JABSTQ010010962.1	300000	400000	2.0
JABSTQ010010962.1	400000	500000	1.0
JABSTQ010010962.1	500000	545146	4.0
JABSTQ010010963.1	100000	200000	2.0
JABSTQ010010963.1	200000	300000	4.0
JABSTQ010010963.1	300000	400000	2.0
JABSTQ010010963.1	400000	500000	1.0
JABSTQ010010963.1	600000	700000	1.0
JABSTQ010010963.1	700000	800000	4.0
JABSTQ010010963.1	800000	900000	2.0
JABSTQ010010963.1	900000	1000000	3.0
JABSTQ010010963.1	1000000	1100000	5.0
JABSTQ010010963.1	1100000	1200000	2.0
JABSTQ010010963.1	1200000	1300000	1.0
JABSTQ010010963.1	1300000	1400000	1.0
JABSTQ010010963.1	1400000	1500000	1.0
JABSTQ010010963.1	1800000	1900000	2.0
JABSTQ010010963.1	1900000	2000000	3.0
JABSTQ010010963.1	2000000	2100000	2.0
JABSTQ010010963.1	2100000	2200000	3.0
JABSTQ010010963.1	2200000	2300000	3.0
JABSTQ010010963.1	2800000	2900000	1.0
JABSTQ010010963.1	3000000	3100000	1.0
JABSTQ010010963.1	3200000	3300000	2.0
JABSTQ010010963.1	3300000	3400000	3.0
JABSTQ010010963.1	3400000	3500000	2.0
JABSTQ010010963.1	3500000	3600000	2.0
JABSTQ010010963.1	3600000	3700000	1.0
JABSTQ010010963.1	3700000	3800000	1.0
JABSTQ010010963.1	3900000	4000000	1.0
JABSTQ010010963.1	4000000	4100000	1.0
JABSTQ010010963.1	4100000	4200000	1.0
JABSTQ010010963.1	4400000	4500000	1.0
JABSTQ010010963.1	4600000	4700000	1.0
JABSTQ010010963.1	4700000	4800000	1.0
JABSTQ010010963.1	4800000	4873795	3.0
JABSTQ010010964.1	0	100000	4.0
JABSTQ010010964.1	100000	200000	2.0
JABSTQ010010964.1	200000	255275	2.0
JABSTQ010010965.1	0	100000	2.0
JABSTQ010010965.1	100000	148081	2.0
JABSTQ010010966.1	0	91901	2.0
JABSTQ010010967.1	0	100000	1.0
JABSTQ010010967.1	100000	195689	1.0
JABSTQ010010968.1	0	100000	4.0
JABSTQ010010968.1	100000	200000	4.0
JABSTQ010010968.1	200000	300000	2.0
JABSTQ010010968.1	300000	361783	2.0
JABSTQ010010969.1	0	100000	7.0
JABSTQ010010969.1	100000	200000	1.0
JABSTQ010010969.1	200000	300000	1.0
JABSTQ010010969.1	300000	400000	1.0
JABSTQ010010969.1	400000	483502	1.0
JABSTQ010010970.1	200000	252223	3.0
JABSTQ010010971.1	0	74790	1.0
JABSTQ010010972.1	0	100000	5.0
JABSTQ010010972.1	100000	161675	1.0
JABSTQ010010973.1	100000	200000	1.0
JABSTQ010010973.1	200000	231557	1.0
JABSTQ010010974.1	0	100000	1.0
JABSTQ010010974.1	100000	200000	1.0
JABSTQ010010974.1	200000	292400	2.0
JABSTQ010010975.1	0	100000	3.0
JABSTQ010010975.1	100000	155262	3.0
JABSTQ010010976.1	0	100000	3.0
JABSTQ010010976.1	100000	190717	4.0
JABSTQ010010977.1	0	100000	3.0
JABSTQ010010977.1	200000	218382	1.0
JABSTQ010010978.1	0	100000	1.0
JABSTQ010010978.1	100000	133400	1.0
JABSTQ010010979.1	0	97609	1.0
JABSTQ010010980.1	0	100000	4.0
JABSTQ010010980.1	100000	200000	1.0
JABSTQ010010980.1	200000	300000	1.0
JABSTQ010010980.1	300000	400000	2.0
JABSTQ010010980.1	400000	487761	3.0
JABSTQ010010981.1	0	100000	1.0
JABSTQ010010981.1	100000	200000	1.0
JABSTQ010010981.1	200000	233471	1.0
JABSTQ010010982.1	0	100000	1.0
JABSTQ010010982.1	200000	300000	1.0
JABSTQ010010982.1	300000	400000	2.0
JABSTQ010010982.1	600000	700000	1.0
JABSTQ010010982.1	800000	900000	2.0
JABSTQ010010982.1	1000000	1100000	1.0
JABSTQ010010982.1	1200000	1300000	1.0
JABSTQ010010982.1	1400000	1500000	1.0
JABSTQ010010982.1	1500000	1580527	1.0
JABSTQ010010983.1	0	100000	1.0
JABSTQ010010983.1	100000	136520	2.0
JABSTQ010010985.1	0	100000	2.0
JABSTQ010010985.1	100000	200000	1.0
JABSTQ010010985.1	200000	300000	1.0
JABSTQ010010985.1	300000	400000	2.0
JABSTQ010010985.1	400000	500000	1.0
JABSTQ010010985.1	500000	600000	1.0
JABSTQ010010985.1	700000	716821	1.0
JABSTQ010010986.1	0	100000	3.0
JABSTQ010010986.1	100000	200000	1.0
JABSTQ010010986.1	200000	300000	4.0
JABSTQ010010986.1	300000	400000	3.0
JABSTQ010010986.1	400000	491624	2.0
JABSTQ010010987.1	0	100000	1.0
JABSTQ010010987.1	100000	112577	1.0
JABSTQ010010988.1	0	100000	8.0
JABSTQ010010988.1	100000	180592	6.0
JABSTQ010010989.1	0	100000	1.0
JABSTQ010010989.1	100000	200000	2.0
JABSTQ010010989.1	200000	300000	1.0
JABSTQ010010989.1	300000	400000	2.0
JABSTQ010010989.1	400000	500000	2.0
JABSTQ010010989.1	500000	600000	2.0
JABSTQ010010989.1	600000	700000	2.0
JABSTQ010010989.1	700000	800000	1.0
JABSTQ010010989.1	1100000	1200000	3.0
JABSTQ010010989.1	1200000	1300000	3.0
JABSTQ010010989.1	1300000	1400000	1.0
JABSTQ010010989.1	1400000	1500000	3.0
JABSTQ010010989.1	1500000	1600000	3.0
JABSTQ010010989.1	1600000	1700000	2.0
JABSTQ010010989.1	1700000	1762761	1.0
JABSTQ010010990.1	0	100000	1.0
JABSTQ010010990.1	100000	200000	1.0
JABSTQ010010990.1	200000	300000	1.0
JABSTQ010010990.1	300000	400000	2.0
JABSTQ010010990.1	400000	500000	2.0
JABSTQ010010990.1	500000	600000	1.0
JABSTQ010010990.1	600000	630500	2.0
JABSTQ010010991.1	0	100000	1.0
JABSTQ010010991.1	100000	200000	3.0
JABSTQ010010991.1	200000	300000	4.0
JABSTQ010010991.1	300000	400000	2.0
JABSTQ010010991.1	400000	500000	3.0
JABSTQ010010991.1	500000	600000	2.0
JABSTQ010010991.1	600000	700000	3.0
JABSTQ010010991.1	700000	800000	2.0
JABSTQ010010991.1	800000	842397	1.0
JABSTQ010010992.1	0	100000	1.0
JABSTQ010010992.1	100000	200000	1.0
JABSTQ010010992.1	200000	300000	1.0
JABSTQ010010992.1	300000	400000	1.0
JABSTQ010010992.1	400000	500000	1.0
JABSTQ010010992.1	600000	700000	2.0
JABSTQ010010992.1	700000	800000	1.0
JABSTQ010010992.1	900000	1000000	4.0
JABSTQ010010992.1	1000000	1077348	2.0
JABSTQ010010993.1	0	100000	3.0
JABSTQ010010993.1	100000	127626	1.0
JABSTQ010010994.1	0	100000	3.0
JABSTQ010010994.1	100000	200000	4.0
JABSTQ010010994.1	200000	300000	3.0
JABSTQ010010994.1	300000	400000	1.0
JABSTQ010010994.1	400000	500000	2.0
JABSTQ010010994.1	500000	600000	3.0
JABSTQ010010994.1	600000	677213	2.0
JABSTQ010010995.1	0	100000	6.0
JABSTQ010010995.1	100000	200000	3.0
JABSTQ010010995.1	200000	228452	1.0
JABSTQ010010996.1	100000	143505	1.0
JABSTQ010010997.1	0	100000	3.0
JABSTQ010010997.1	100000	200000	3.0
JABSTQ010010997.1	200000	300000	1.0
JABSTQ010010997.1	300000	400000	1.0
JABSTQ010010997.1	400000	500000	1.0
JABSTQ010010997.1	500000	600000	4.0
JABSTQ010010997.1	600000	700000	2.0
JABSTQ010010997.1	700000	800000	1.0
JABSTQ010010997.1	800000	900000	1.0
JABSTQ010010997.1	900000	1000000	3.0
JABSTQ010010997.1	1000000	1100000	1.0
JABSTQ010010997.1	1100000	1200000	1.0
JABSTQ010010997.1	1200000	1289744	2.0
JABSTQ010010998.1	0	100000	1.0
JABSTQ010010998.1	100000	155302	1.0
JABSTQ010010999.1	0	100000	2.0
JABSTQ010010999.1	100000	114619	1.0
JABSTQ010011000.1	0	51749	4.0
JABSTQ010011001.1	0	100000	2.0
JABSTQ010011001.1	100000	200000	3.0
JABSTQ010011001.1	200000	300000	4.0
JABSTQ010011001.1	300000	400000	4.0
JABSTQ010011001.1	400000	500000	2.0
JABSTQ010011001.1	500000	600000	4.0
JABSTQ010011002.1	0	100000	3.0
JABSTQ010011002.1	100000	174704	1.0
JABSTQ010011004.1	0	100000	1.0
JABSTQ010011004.1	100000	200000	2.0
JABSTQ010011004.1	200000	300000	3.0
JABSTQ010011004.1	500000	546790	2.0
JABSTQ010011005.1	100000	200000	3.0
JABSTQ010011005.1	200000	236262	2.0
JABSTQ010011006.1	0	100000	1.0
JABSTQ010011006.1	200000	300000	1.0
JABSTQ010011006.1	700000	800000	1.0
JABSTQ010011006.1	900000	1000000	1.0
JABSTQ010011006.1	1000000	1100000	1.0
JABSTQ010011006.1	1100000	1200000	2.0
JABSTQ010011006.1	1200000	1300000	2.0
JABSTQ010011006.1	1300000	1400000	2.0
JABSTQ010011006.1	1400000	1478184	2.0
JABSTQ010011007.1	0	80817	3.0
JABSTQ010011008.1	0	100000	3.0
JABSTQ010011008.1	100000	200000	1.0
JABSTQ010011008.1	200000	300000	2.0
JABSTQ010011008.1	300000	400000	3.0
JABSTQ010011008.1	600000	700000	1.0
JABSTQ010011008.1	700000	800000	2.0
JABSTQ010011009.1	200000	300000	2.0
JABSTQ010011009.1	300000	333413	1.0
JABSTQ010011010.1	0	100000	1.0
JABSTQ010011010.1	100000	200000	2.0
JABSTQ010011010.1	200000	268748	2.0
JABSTQ010011011.1	0	20408	2.0
JABSTQ010011012.1	0	100000	5.0
JABSTQ010011012.1	100000	200000	4.0
JABSTQ010011012.1	200000	300000	1.0
JABSTQ010011012.1	300000	400000	3.0
JABSTQ010011012.1	400000	500000	4.0
JABSTQ010011012.1	500000	600000	2.0
JABSTQ010011012.1	600000	700000	1.0
JABSTQ010011012.1	700000	796351	1.0
JABSTQ010011013.1	0	100000	1.0
JABSTQ010011013.1	100000	126735	1.0
JABSTQ010011014.1	200000	300000	1.0
JABSTQ010011014.1	300000	400000	2.0
JABSTQ010011014.1	400000	500000	1.0
JABSTQ010011014.1	500000	600000	6.0
JABSTQ010011014.1	600000	649834	1.0
JABSTQ010011015.1	0	100000	2.0
JABSTQ010011015.1	100000	200000	1.0
JABSTQ010011015.1	200000	272312	1.0
JABSTQ010011016.1	0	97654	2.0
JABSTQ010011017.1	0	100000	1.0
JABSTQ010011017.1	200000	300000	1.0
JABSTQ010011017.1	400000	500000	2.0
JABSTQ010011017.1	700000	800000	1.0
JABSTQ010011017.1	1100000	1192712	1.0
JABSTQ010011018.1	0	100000	5.0
JABSTQ010011018.1	100000	200000	5.0
JABSTQ010011018.1	200000	223324	1.0
JABSTQ010011019.1	0	96367	1.0
JABSTQ010011020.1	0	100000	3.0
JABSTQ010011020.1	100000	200000	2.0
JABSTQ010011020.1	200000	300000	3.0
JABSTQ010011020.1	300000	400000	8.0
JABSTQ010011020.1	400000	437710	2.0
JABSTQ010011021.1	0	100000	2.0
JABSTQ010011021.1	100000	198832	7.0
JABSTQ010011022.1	0	89002	4.0
JABSTQ010011023.1	500000	529766	1.0
JABSTQ010011024.1	0	100000	1.0
JABSTQ010011024.1	100000	200000	1.0
JABSTQ010011024.1	300000	400000	3.0
JABSTQ010011024.1	400000	500000	1.0
JABSTQ010011024.1	500000	584539	4.0
JABSTQ010011025.1	100000	132579	4.0
JABSTQ010011026.1	0	100000	1.0
JABSTQ010011026.1	100000	200000	1.0
JABSTQ010011026.1	200000	300000	4.0
JABSTQ010011026.1	300000	307915	1.0
JABSTQ010011027.1	0	100000	1.0
JABSTQ010011027.1	100000	117576	1.0
JABSTQ010011028.1	100000	164740	1.0
JABSTQ010011029.1	0	97335	3.0
JABSTQ010011030.1	0	100000	2.0
JABSTQ010011030.1	100000	162336	3.0
JABSTQ010011031.1	0	100000	2.0
JABSTQ010011031.1	100000	200000	5.0
JABSTQ010011031.1	200000	216195	2.0
JABSTQ010011032.1	0	100000	4.0
JABSTQ010011032.1	100000	120137	1.0
JABSTQ010011033.1	100000	200000	3.0
JABSTQ010011034.1	0	100000	4.0
JABSTQ010011034.1	100000	200000	4.0
JABSTQ010011034.1	200000	300000	6.0
JABSTQ010011034.1	300000	400000	1.0
JABSTQ010011034.1	400000	485751	1.0
JABSTQ010011035.1	0	88102	1.0
JABSTQ010011036.1	100000	200000	4.0
JABSTQ010011036.1	200000	300000	1.0
JABSTQ010011036.1	300000	400000	3.0
JABSTQ010011036.1	400000	500000	3.0
JABSTQ010011036.1	500000	600000	5.0
JABSTQ010011036.1	600000	700000	2.0
JABSTQ010011036.1	700000	800000	1.0
JABSTQ010011036.1	800000	900000	5.0
JABSTQ010011036.1	900000	1000000	1.0
JABSTQ010011036.1	1100000	1177472	5.0
JABSTQ010011037.1	0	100000	1.0
JABSTQ010011037.1	100000	200000	1.0
JABSTQ010011037.1	200000	203346	1.0
JABSTQ010011038.1	0	95972	2.0
JABSTQ010011039.1	0	100000	2.0
JABSTQ010011039.1	100000	200000	3.0
JABSTQ010011039.1	200000	300000	2.0
JABSTQ010011039.1	300000	364950	2.0
JABSTQ010011040.1	0	100000	1.0
JABSTQ010011040.1	100000	200000	1.0
JABSTQ010011040.1	200000	265469	1.0
JABSTQ010011041.1	0	100000	1.0
JABSTQ010011041.1	100000	107991	2.0
JABSTQ010011042.1	100000	200000	1.0
JABSTQ010011042.1	300000	400000	1.0
JABSTQ010011042.1	500000	549445	1.0
JABSTQ010011043.1	100000	200000	2.0
JABSTQ010011044.1	0	100000	5.0
JABSTQ010011044.1	100000	170738	3.0
JABSTQ010011045.1	100000	200000	2.0
JABSTQ010011045.1	200000	300000	1.0
JABSTQ010011045.1	300000	400000	1.0
JABSTQ010011045.1	400000	500000	1.0
JABSTQ010011045.1	500000	600000	1.0
JABSTQ010011045.1	600000	700000	2.0
JABSTQ010011045.1	700000	800000	2.0
JABSTQ010011045.1	1000000	1076662	1.0
JABSTQ010011046.1	0	100000	4.0
JABSTQ010011046.1	100000	200000	5.0
JABSTQ010011046.1	200000	300000	3.0
JABSTQ010011046.1	300000	317367	2.0
JABSTQ010011047.1	0	100000	1.0
JABSTQ010011047.1	100000	173258	2.0
JABSTQ010011048.1	400000	500000	1.0
JABSTQ010011048.1	600000	635776	1.0
JABSTQ010011049.1	100000	101867	1.0
JABSTQ010011050.1	0	47492	1.0
JABSTQ010011051.1	0	100000	3.0
JABSTQ010011051.1	100000	200000	1.0
JABSTQ010011051.1	200000	300000	1.0
JABSTQ010011051.1	300000	400000	2.0
JABSTQ010011051.1	400000	500000	2.0
JABSTQ010011051.1	500000	600000	2.0
JABSTQ010011051.1	600000	700000	1.0
JABSTQ010011051.1	700000	800000	5.0
JABSTQ010011051.1	800000	862871	1.0
JABSTQ010011052.1	0	100000	2.0
JABSTQ010011052.1	100000	200000	1.0
JABSTQ010011052.1	200000	300000	1.0
JABSTQ010011052.1	300000	400000	2.0
JABSTQ010011052.1	400000	500000	4.0
JABSTQ010011052.1	500000	600000	2.0
JABSTQ010011052.1	700000	800000	2.0
JABSTQ010011052.1	1000000	1100000	1.0
JABSTQ010011052.1	1100000	1200000	2.0
JABSTQ010011052.1	1200000	1300000	1.0
JABSTQ010011052.1	1300000	1400000	2.0
JABSTQ010011052.1	1400000	1500000	2.0
JABSTQ010011052.1	1800000	1900000	1.0
JABSTQ010011052.1	1900000	2000000	1.0
JABSTQ010011052.1	2100000	2200000	1.0
JABSTQ010011052.1	2200000	2300000	3.0
JABSTQ010011052.1	2400000	2500000	2.0
JABSTQ010011052.1	2500000	2600000	1.0
JABSTQ010011052.1	2600000	2700000	2.0
JABSTQ010011052.1	2800000	2900000	1.0
JABSTQ010011052.1	2900000	3000000	1.0
JABSTQ010011052.1	3000000	3100000	5.0
JABSTQ010011052.1	3100000	3200000	2.0
JABSTQ010011052.1	3300000	3400000	1.0
JABSTQ010011052.1	3400000	3500000	1.0
JABSTQ010011052.1	3600000	3700000	1.0
JABSTQ010011052.1	3900000	4000000	2.0
JABSTQ010011052.1	4000000	4100000	3.0
JABSTQ010011052.1	4100000	4200000	1.0
JABSTQ010011052.1	4200000	4300000	2.0
JABSTQ010011052.1	4300000	4400000	2.0
JABSTQ010011052.1	4400000	4500000	2.0
JABSTQ010011052.1	4500000	4600000	2.0
JABSTQ010011052.1	4600000	4700000	3.0
JABSTQ010011052.1	4700000	4800000	3.0
JABSTQ010011052.1	4800000	4866937	3.0
JABSTQ010011053.1	0	100000	2.0
JABSTQ010011053.1	100000	200000	2.0
JABSTQ010011053.1	200000	300000	1.0
JABSTQ010011053.1	300000	304354	1.0
JABSTQ010011054.1	100000	185619	1.0
JABSTQ010011055.1	0	100000	1.0
JABSTQ010011055.1	200000	300000	1.0
JABSTQ010011055.1	300000	400000	1.0
JABSTQ010011055.1	500000	532906	1.0
JABSTQ010011056.1	0	100000	3.0
JABSTQ010011056.1	100000	200000	3.0
JABSTQ010011056.1	200000	300000	2.0
JABSTQ010011056.1	300000	400000	3.0
JABSTQ010011056.1	500000	600000	1.0
JABSTQ010011056.1	600000	700000	2.0
JABSTQ010011056.1	800000	900000	2.0
JABSTQ010011056.1	900000	1000000	1.0
JABSTQ010011056.1	1000000	1100000	1.0
JABSTQ010011056.1	1100000	1171353	2.0
JABSTQ010011057.1	0	55586	1.0
JABSTQ010011058.1	0	15585	1.0
JABSTQ010011059.1	100000	138622	1.0
JABSTQ010011060.1	0	100000	2.0
JABSTQ010011060.1	100000	200000	1.0
JABSTQ010011060.1	200000	300000	3.0
JABSTQ010011060.1	300000	400000	3.0
JABSTQ010011060.1	400000	500000	1.0
JABSTQ010011060.1	500000	578411	3.0
JABSTQ010011061.1	0	100000	3.0
JABSTQ010011061.1	100000	119215	1.0
JABSTQ010011062.1	100000	200000	3.0
JABSTQ010011062.1	200000	300000	4.0
JABSTQ010011062.1	300000	400000	4.0
JABSTQ010011062.1	400000	500000	2.0
JABSTQ010011062.1	500000	600000	2.0
JABSTQ010011062.1	600000	700000	3.0
JABSTQ010011062.1	700000	800000	3.0
JABSTQ010011062.1	800000	900000	2.0
JABSTQ010011062.1	1000000	1042337	1.0
JABSTQ010011063.1	0	100000	1.0
JABSTQ010011063.1	100000	200000	1.0
JABSTQ010011063.1	200000	300000	1.0
JABSTQ010011063.1	300000	400000	2.0
JABSTQ010011063.1	400000	490751	4.0
JABSTQ010011064.1	0	100000	2.0
JABSTQ010011064.1	100000	156964	2.0
JABSTQ010011065.1	0	100000	4.0
JABSTQ010011065.1	300000	329822	1.0
JABSTQ010011066.1	0	100000	1.0
JABSTQ010011066.1	300000	351807	1.0
JABSTQ010011067.1	0	100000	1.0
JABSTQ010011067.1	200000	300000	2.0
JABSTQ010011067.1	300000	400000	4.0
JABSTQ010011067.1	400000	500000	2.0
JABSTQ010011067.1	500000	600000	3.0
JABSTQ010011067.1	600000	700000	3.0
JABSTQ010011067.1	800000	900000	2.0
JABSTQ010011067.1	900000	1000000	2.0
JABSTQ010011067.1	1000000	1038730	2.0
JABSTQ010011068.1	0	100000	1.0
JABSTQ010011068.1	100000	200000	1.0
JABSTQ010011068.1	200000	300000	1.0
JABSTQ010011068.1	400000	500000	1.0
JABSTQ010011068.1	700000	800000	1.0
JABSTQ010011068.1	800000	900000	2.0
JABSTQ010011068.1	1000000	1027319	1.0
JABSTQ010011069.1	0	100000	2.0
JABSTQ010011069.1	100000	200000	1.0
JABSTQ010011069.1	200000	300000	1.0
JABSTQ010011069.1	300000	400000	1.0
JABSTQ010011069.1	600000	700000	3.0
JABSTQ010011069.1	700000	800000	2.0
JABSTQ010011069.1	800000	826322	1.0
JABSTQ010011070.1	0	37317	1.0
JABSTQ010011071.1	0	100000	3.0
JABSTQ010011071.1	100000	200000	1.0
JABSTQ010011071.1	200000	300000	2.0
JABSTQ010011071.1	300000	400000	4.0
JABSTQ010011071.1	400000	500000	2.0
JABSTQ010011071.1	500000	600000	3.0
JABSTQ010011071.1	600000	700000	4.0
JABSTQ010011071.1	700000	725480	2.0
JABSTQ010011072.1	0	100000	1.0
JABSTQ010011072.1	100000	200000	3.0
JABSTQ010011072.1	200000	300000	4.0
JABSTQ010011072.1	300000	400000	3.0
JABSTQ010011072.1	500000	600000	2.0
JABSTQ010011072.1	600000	700000	1.0
JABSTQ010011072.1	700000	800000	1.0
JABSTQ010011073.1	0	100000	2.0
JABSTQ010011073.1	100000	156066	2.0
JABSTQ010011074.1	0	100000	1.0
JABSTQ010011074.1	100000	200000	2.0
JABSTQ010011074.1	200000	300000	2.0
JABSTQ010011074.1	400000	500000	2.0
JABSTQ010011074.1	500000	600000	2.0
JABSTQ010011074.1	600000	642086	1.0
JABSTQ010011075.1	0	100000	1.0
JABSTQ010011075.1	100000	200000	3.0
JABSTQ010011075.1	200000	240565	1.0
JABSTQ010011076.1	0	100000	3.0
JABSTQ010011076.1	100000	200000	2.0
JABSTQ010011076.1	200000	300000	1.0
JABSTQ010011076.1	300000	400000	2.0
JABSTQ010011076.1	400000	500000	3.0
JABSTQ010011076.1	500000	600000	1.0
JABSTQ010011076.1	600000	609069	1.0
JABSTQ010011077.1	100000	148847	1.0
JABSTQ010011078.1	0	100000	1.0
JABSTQ010011078.1	100000	200000	2.0
JABSTQ010011078.1	200000	219279	1.0
JABSTQ010011079.1	0	100000	3.0
JABSTQ010011079.1	100000	200000	2.0
JABSTQ010011079.1	200000	300000	1.0
JABSTQ010011079.1	400000	500000	2.0
JABSTQ010011079.1	600000	700000	1.0
JABSTQ010011079.1	700000	800000	1.0
JABSTQ010011079.1	800000	900000	1.0
JABSTQ010011079.1	900000	984629	1.0
JABSTQ010011080.1	200000	250918	1.0
JABSTQ010011081.1	0	100000	1.0
JABSTQ010011081.1	100000	200000	1.0
JABSTQ010011081.1	200000	213348	1.0
JABSTQ010011083.1	0	100000	1.0
JABSTQ010011083.1	300000	400000	2.0
JABSTQ010011083.1	400000	433327	1.0
JABSTQ010011084.1	0	100000	2.0
JABSTQ010011084.1	200000	300000	1.0
JABSTQ010011084.1	400000	500000	2.0
JABSTQ010011084.1	500000	600000	7.0
JABSTQ010011084.1	600000	649482	1.0
JABSTQ010011085.1	0	100000	4.0
JABSTQ010011085.1	100000	200000	3.0
JABSTQ010011085.1	200000	300000	5.0
JABSTQ010011085.1	300000	400000	3.0
JABSTQ010011085.1	600000	700000	1.0
JABSTQ010011085.1	900000	1000000	3.0
JABSTQ010011085.1	1300000	1400000	1.0
JABSTQ010011085.1	1400000	1499529	1.0
JABSTQ010011086.1	0	100000	1.0
JABSTQ010011086.1	100000	145970	1.0
JABSTQ010011087.1	0	100000	3.0
JABSTQ010011087.1	100000	200000	3.0
JABSTQ010011087.1	200000	300000	2.0
JABSTQ010011087.1	300000	400000	2.0
JABSTQ010011087.1	400000	500000	2.0
JABSTQ010011087.1	500000	600000	2.0
JABSTQ010011087.1	600000	700000	1.0
JABSTQ010011087.1	700000	800000	2.0
JABSTQ010011087.1	800000	877402	2.0
JABSTQ010011090.1	0	100000	4.0
JABSTQ010011090.1	100000	200000	2.0
JABSTQ010011090.1	200000	300000	3.0
JABSTQ010011090.1	300000	400000	5.0
JABSTQ010011090.1	400000	500000	7.0
JABSTQ010011090.1	600000	700000	1.0
JABSTQ010011090.1	700000	800000	1.0
JABSTQ010011090.1	800000	900000	1.0
JABSTQ010011090.1	900000	1000000	1.0
JABSTQ010011090.1	1000000	1076719	2.0
JABSTQ010011091.1	0	14602	1.0
JABSTQ010011092.1	0	100000	2.0
JABSTQ010011092.1	100000	153111	4.0
JABSTQ010011093.1	200000	300000	2.0
JABSTQ010011093.1	300000	400000	5.0
JABSTQ010011093.1	400000	500000	3.0
JABSTQ010011093.1	500000	600000	2.0
JABSTQ010011093.1	600000	700000	1.0
JABSTQ010011093.1	700000	800000	1.0
JABSTQ010011093.1	900000	1000000	1.0
JABSTQ010011093.1	1000000	1002050	1.0
JABSTQ010011094.1	0	100000	2.0
JABSTQ010011094.1	200000	214108	2.0
JABSTQ010011095.1	100000	200000	1.0
JABSTQ010011095.1	200000	300000	2.0
JABSTQ010011095.1	300000	400000	3.0
JABSTQ010011095.1	400000	500000	2.0
JABSTQ010011095.1	500000	600000	1.0
JABSTQ010011095.1	600000	700000	2.0
JABSTQ010011095.1	700000	800000	1.0
JABSTQ010011095.1	800000	819628	1.0
JABSTQ010011096.1	0	87638	2.0
JABSTQ010011097.1	0	100000	2.0
JABSTQ010011097.1	100000	200000	2.0
JABSTQ010011097.1	200000	300000	2.0
JABSTQ010011097.1	400000	500000	1.0
JABSTQ010011097.1	600000	700000	2.0
JABSTQ010011097.1	700000	800000	1.0
JABSTQ010011097.1	800000	900000	1.0
JABSTQ010011097.1	900000	976820	1.0
JABSTQ010011098.1	100000	141975	1.0
JABSTQ010011099.1	0	100000	2.0
JABSTQ010011099.1	100000	186985	2.0
JABSTQ010011100.1	0	100000	2.0
JABSTQ010011100.1	100000	200000	2.0
JABSTQ010011100.1	200000	300000	2.0
JABSTQ010011100.1	300000	400000	7.0
JABSTQ010011100.1	400000	500000	4.0
JABSTQ010011100.1	500000	600000	2.0
JABSTQ010011100.1	600000	700000	2.0
JABSTQ010011100.1	700000	800000	4.0
JABSTQ010011100.1	800000	900000	1.0
JABSTQ010011100.1	1000000	1032933	1.0
JABSTQ010011101.1	0	100000	3.0
JABSTQ010011101.1	200000	300000	1.0
JABSTQ010011101.1	300000	400000	2.0
JABSTQ010011101.1	400000	500000	3.0
JABSTQ010011101.1	500000	600000	1.0
JABSTQ010011101.1	700000	800000	1.0
JABSTQ010011101.1	800000	900000	2.0
JABSTQ010011101.1	900000	1000000	2.0
JABSTQ010011101.1	1000000	1100000	2.0
JABSTQ010011101.1	1100000	1131285	1.0
JABSTQ010011102.1	0	100000	1.0
JABSTQ010011102.1	100000	200000	3.0
JABSTQ010011102.1	200000	300000	2.0
JABSTQ010011102.1	300000	400000	2.0
JABSTQ010011102.1	400000	500000	1.0
JABSTQ010011102.1	600000	641709	1.0
JABSTQ010011103.1	0	100000	2.0
JABSTQ010011103.1	100000	200000	1.0
JABSTQ010011103.1	200000	263063	1.0
JABSTQ010011104.1	0	100000	2.0
JABSTQ010011104.1	100000	200000	4.0
JABSTQ010011104.1	200000	300000	2.0
JABSTQ010011104.1	300000	400000	2.0
JABSTQ010011104.1	700000	767798	4.0
JABSTQ010011105.1	0	100000	1.0
JABSTQ010011105.1	100000	200000	2.0
JABSTQ010011105.1	200000	267151	2.0
JABSTQ010011106.1	0	100000	1.0
JABSTQ010011106.1	100000	200000	3.0
JABSTQ010011106.1	200000	224931	1.0
JABSTQ010011107.1	100000	200000	3.0
JABSTQ010011107.1	200000	234718	1.0
JABSTQ010011108.1	0	72900	1.0
JABSTQ010011110.1	100000	200000	1.0
JABSTQ010011110.1	200000	300000	1.0
JABSTQ010011110.1	300000	400000	5.0
JABSTQ010011110.1	400000	500000	2.0
JABSTQ010011110.1	500000	600000	1.0
JABSTQ010011110.1	600000	700000	4.0
JABSTQ010011110.1	700000	705783	1.0
JABSTQ010011111.1	0	100000	2.0
JABSTQ010011111.1	100000	200000	2.0
JABSTQ010011111.1	200000	300000	2.0
JABSTQ010011111.1	300000	400000	4.0
JABSTQ010011111.1	400000	402150	1.0
JABSTQ010011112.1	0	100000	1.0
JABSTQ010011112.1	200000	300000	1.0
JABSTQ010011112.1	300000	400000	2.0
JABSTQ010011112.1	400000	500000	2.0
JABSTQ010011112.1	500000	600000	3.0
JABSTQ010011112.1	600000	700000	3.0
JABSTQ010011112.1	700000	800000	1.0
JABSTQ010011112.1	800000	852400	1.0
JABSTQ010011113.1	0	100000	1.0
JABSTQ010011113.1	100000	200000	1.0
JABSTQ010011113.1	200000	300000	1.0
JABSTQ010011113.1	300000	400000	5.0
JABSTQ010011114.1	0	100000	2.0
JABSTQ010011114.1	100000	137066	3.0
JABSTQ010011115.1	100000	131155	1.0
JABSTQ010011116.1	100000	133333	1.0
JABSTQ010011117.1	0	100000	2.0
JABSTQ010011117.1	100000	200000	4.0
JABSTQ010011117.1	200000	300000	4.0
JABSTQ010011117.1	300000	323160	2.0
JABSTQ010011118.1	100000	200000	2.0
JABSTQ010011118.1	200000	206266	1.0
JABSTQ010011119.1	0	100000	2.0
JABSTQ010011119.1	100000	200000	1.0
JABSTQ010011119.1	200000	300000	1.0
JABSTQ010011119.1	300000	400000	3.0
JABSTQ010011119.1	400000	500000	3.0
JABSTQ010011119.1	500000	600000	3.0
JABSTQ010011119.1	600000	662608	2.0
JABSTQ010011120.1	0	100000	2.0
JABSTQ010011120.1	100000	135568	2.0
JABSTQ010011121.1	100000	200000	1.0
JABSTQ010011121.1	200000	300000	2.0
JABSTQ010011121.1	300000	400000	5.0
JABSTQ010011121.1	400000	500000	5.0
JABSTQ010011121.1	500000	600000	1.0
JABSTQ010011121.1	600000	700000	2.0
JABSTQ010011121.1	700000	800000	1.0
JABSTQ010011121.1	1000000	1100000	2.0
JABSTQ010011121.1	1200000	1300000	1.0
JABSTQ010011121.1	1300000	1400000	3.0
JABSTQ010011121.1	1500000	1600000	1.0
JABSTQ010011121.1	1600000	1700000	1.0
JABSTQ010011121.1	1700000	1761217	2.0
JABSTQ010011122.1	0	6553	1.0
JABSTQ010011123.1	0	100000	1.0
JABSTQ010011123.1	100000	200000	1.0
JABSTQ010011123.1	200000	300000	1.0
JABSTQ010011123.1	300000	400000	1.0
JABSTQ010011123.1	700000	800000	1.0
JABSTQ010011123.1	900000	1000000	1.0
JABSTQ010011123.1	1100000	1200000	2.0
JABSTQ010011123.1	1200000	1231950	1.0
JABSTQ010011124.1	0	100000	1.0
JABSTQ010011124.1	100000	200000	3.0
JABSTQ010011125.1	0	100000	2.0
JABSTQ010011125.1	100000	200000	1.0
JABSTQ010011125.1	300000	400000	2.0
JABSTQ010011125.1	400000	500000	1.0
JABSTQ010011125.1	500000	600000	2.0
JABSTQ010011125.1	600000	700000	2.0
JABSTQ010011125.1	700000	800000	1.0
JABSTQ010011125.1	900000	1000000	2.0
JABSTQ010011125.1	1000000	1100000	2.0
JABSTQ010011125.1	1100000	1200000	2.0
JABSTQ010011125.1	1300000	1378858	4.0
JABSTQ010011126.1	200000	209827	1.0
JABSTQ010011128.1	0	100000	2.0
JABSTQ010011128.1	100000	158454	2.0
JABSTQ010011129.1	0	100000	5.0
JABSTQ010011129.1	100000	200000	2.0
JABSTQ010011129.1	600000	700000	1.0
JABSTQ010011129.1	700000	800000	1.0
JABSTQ010011129.1	1000000	1100000	1.0
JABSTQ010011129.1	1500000	1600000	1.0
JABSTQ010011129.1	1800000	1900000	2.0
JABSTQ010011129.1	1900000	2000000	1.0
JABSTQ010011129.1	2000000	2021921	2.0
JABSTQ010011130.1	0	100000	3.0
JABSTQ010011130.1	100000	200000	1.0
JABSTQ010011130.1	200000	300000	4.0
JABSTQ010011130.1	300000	400000	3.0
JABSTQ010011130.1	400000	433383	1.0
JABSTQ010011131.1	0	100000	1.0
JABSTQ010011131.1	100000	200000	1.0
JABSTQ010011131.1	200000	202525	1.0
JABSTQ010011132.1	100000	131403	1.0
JABSTQ010011133.1	200000	300000	1.0
JABSTQ010011133.1	400000	500000	1.0
JABSTQ010011133.1	500000	600000	1.0
JABSTQ010011133.1	600000	620698	1.0
JABSTQ010011134.1	0	100000	2.0
JABSTQ010011134.1	100000	123044	1.0
JABSTQ010011135.1	0	100000	3.0
JABSTQ010011135.1	100000	173375	5.0
JABSTQ010011136.1	0	100000	1.0
JABSTQ010011136.1	200000	300000	2.0
JABSTQ010011136.1	300000	367129	3.0
JABSTQ010011137.1	0	100000	2.0
JABSTQ010011137.1	100000	200000	5.0
JABSTQ010011137.1	200000	300000	4.0
JABSTQ010011137.1	300000	357335	1.0
JABSTQ010011138.1	0	100000	2.0
JABSTQ010011138.1	100000	200000	1.0
JABSTQ010011138.1	200000	238426	1.0
JABSTQ010011139.1	0	100000	1.0
JABSTQ010011139.1	100000	200000	2.0
JABSTQ010011139.1	200000	300000	1.0
JABSTQ010011139.1	300000	400000	2.0
JABSTQ010011139.1	400000	500000	3.0
JABSTQ010011139.1	500000	600000	6.0
JABSTQ010011139.1	600000	700000	2.0
JABSTQ010011139.1	700000	800000	4.0
JABSTQ010011139.1	800000	900000	2.0
JABSTQ010011139.1	900000	1000000	2.0
JABSTQ010011139.1	1000000	1036270	2.0
JABSTQ010011140.1	0	100000	2.0
JABSTQ010011140.1	100000	200000	3.0
JABSTQ010011140.1	200000	300000	1.0
JABSTQ010011140.1	400000	500000	3.0
JABSTQ010011140.1	500000	600000	1.0
JABSTQ010011140.1	600000	700000	1.0
JABSTQ010011140.1	700000	800000	1.0
JABSTQ010011140.1	800000	900000	1.0
JABSTQ010011140.1	900000	1000000	1.0
JABSTQ010011140.1	1100000	1108440	1.0
JABSTQ010011142.1	0	100000	2.0
JABSTQ010011142.1	100000	200000	2.0
JABSTQ010011142.1	200000	300000	1.0
JABSTQ010011142.1	300000	400000	4.0
JABSTQ010011143.1	100000	189045	2.0
JABSTQ010011144.1	200000	300000	1.0
JABSTQ010011144.1	400000	500000	1.0
JABSTQ010011144.1	500000	600000	1.0
JABSTQ010011145.1	0	100000	2.0
JABSTQ010011145.1	100000	200000	3.0
JABSTQ010011145.1	200000	241384	1.0
JABSTQ010011146.1	0	100000	1.0
JABSTQ010011146.1	100000	200000	2.0
JABSTQ010011146.1	200000	300000	1.0
JABSTQ010011146.1	300000	362068	1.0
JABSTQ010011147.1	0	100000	4.0
JABSTQ010011147.1	300000	400000	3.0
JABSTQ010011147.1	400000	500000	3.0
JABSTQ010011147.1	500000	600000	4.0
JABSTQ010011147.1	600000	700000	5.0
JABSTQ010011148.1	0	100000	1.0
JABSTQ010011148.1	100000	200000	3.0
JABSTQ010011148.1	200000	300000	6.0
JABSTQ010011148.1	300000	400000	3.0
JABSTQ010011149.1	0	100000	1.0
JABSTQ010011149.1	100000	184293	2.0
JABSTQ010011150.1	100000	200000	2.0
JABSTQ010011150.1	300000	400000	2.0
JABSTQ010011150.1	400000	500000	9.0
JABSTQ010011150.1	500000	600000	4.0
JABSTQ010011150.1	600000	700000	6.0
JABSTQ010011150.1	700000	800000	3.0
JABSTQ010011150.1	800000	900000	2.0
JABSTQ010011150.1	900000	922131	2.0
JABSTQ010011151.1	0	100000	2.0
JABSTQ010011151.1	100000	200000	2.0
JABSTQ010011151.1	200000	300000	2.0
JABSTQ010011151.1	300000	400000	2.0
JABSTQ010011151.1	400000	500000	6.0
JABSTQ010011151.1	500000	599259	2.0
JABSTQ010011152.1	0	100000	6.0
JABSTQ010011152.1	100000	200000	2.0
JABSTQ010011152.1	200000	300000	3.0
JABSTQ010011152.1	300000	400000	2.0
JABSTQ010011152.1	400000	500000	3.0
JABSTQ010011152.1	500000	600000	3.0
JABSTQ010011152.1	600000	700000	1.0
JABSTQ010011152.1	800000	900000	1.0
JABSTQ010011152.1	900000	1000000	1.0
JABSTQ010011152.1	1000000	1100000	1.0
JABSTQ010011152.1	1100000	1200000	1.0
JABSTQ010011152.1	1200000	1300000	1.0
JABSTQ010011152.1	1300000	1352069	1.0
JABSTQ010011153.1	0	100000	6.0
JABSTQ010011153.1	100000	200000	2.0
JABSTQ010011153.1	200000	278980	3.0
JABSTQ010011154.1	0	95206	1.0
JABSTQ010011155.1	0	100000	3.0
JABSTQ010011155.1	200000	300000	2.0
JABSTQ010011155.1	300000	400000	2.0
JABSTQ010011155.1	400000	500000	2.0
JABSTQ010011155.1	500000	600000	1.0
JABSTQ010011155.1	700000	800000	4.0
JABSTQ010011155.1	800000	900000	5.0
JABSTQ010011155.1	900000	1000000	2.0
JABSTQ010011155.1	1000000	1100000	3.0
JABSTQ010011155.1	1100000	1200000	2.0
JABSTQ010011156.1	100000	200000	1.0
JABSTQ010011156.1	200000	300000	1.0
JABSTQ010011156.1	300000	400000	1.0
JABSTQ010011156.1	600000	700000	1.0
JABSTQ010011156.1	700000	800000	4.0
JABSTQ010011156.1	800000	900000	1.0
JABSTQ010011156.1	1100000	1200000	2.0
JABSTQ010011156.1	1200000	1300000	2.0
JABSTQ010011156.1	1300000	1400000	2.0
JABSTQ010011156.1	1500000	1600000	3.0
JABSTQ010011156.1	1600000	1675815	1.0
JABSTQ010011157.1	100000	200000	5.0
JABSTQ010011157.1	200000	300000	2.0
JABSTQ010011157.1	300000	364698	1.0
JABSTQ010011158.1	0	100000	4.0
JABSTQ010011158.1	100000	200000	1.0
JABSTQ010011158.1	200000	300000	1.0
JABSTQ010011158.1	300000	400000	3.0
JABSTQ010011158.1	400000	500000	2.0
JABSTQ010011158.1	500000	600000	1.0
JABSTQ010011158.1	600000	700000	1.0
JABSTQ010011158.1	700000	800000	2.0
JABSTQ010011158.1	800000	900000	1.0
JABSTQ010011159.1	100000	140219	1.0
JABSTQ010011160.1	200000	300000	3.0
JABSTQ010011160.1	300000	400000	1.0
JABSTQ010011160.1	500000	600000	1.0
JABSTQ010011160.1	700000	800000	1.0
JABSTQ010011160.1	900000	982339	4.0
JABSTQ010011161.1	0	100000	1.0
JABSTQ010011161.1	100000	200000	1.0
JABSTQ010011161.1	200000	264491	3.0
JABSTQ010011162.1	0	100000	1.0
JABSTQ010011162.1	500000	600000	1.0
JABSTQ010011162.1	900000	1000000	1.0
JABSTQ010011162.1	1000000	1037391	1.0
JABSTQ010011163.1	0	100000	3.0
JABSTQ010011163.1	200000	265638	2.0
JABSTQ010011164.1	0	100000	6.0
JABSTQ010011164.1	100000	200000	1.0
JABSTQ010011164.1	200000	300000	1.0
JABSTQ010011164.1	300000	400000	5.0
JABSTQ010011164.1	400000	500000	2.0
JABSTQ010011164.1	600000	700000	1.0
JABSTQ010011164.1	800000	876998	3.0
JABSTQ010011165.1	0	100000	1.0
JABSTQ010011165.1	100000	132229	1.0
JABSTQ010011166.1	0	100000	2.0
JABSTQ010011166.1	100000	200000	1.0
JABSTQ010011166.1	300000	400000	1.0
JABSTQ010011166.1	400000	472288	1.0
JABSTQ010011167.1	100000	200000	2.0
JABSTQ010011167.1	200000	300000	3.0
JABSTQ010011167.1	300000	400000	4.0
JABSTQ010011167.1	400000	500000	2.0
JABSTQ010011167.1	500000	600000	1.0
JABSTQ010011167.1	600000	700000	7.0
JABSTQ010011167.1	700000	800000	1.0
JABSTQ010011167.1	900000	1000000	2.0
JABSTQ010011167.1	1000000	1100000	2.0
JABSTQ010011167.1	1100000	1200000	1.0
JABSTQ010011167.1	1200000	1300000	1.0
JABSTQ010011167.1	1400000	1500000	1.0
JABSTQ010011167.1	1500000	1600000	1.0
JABSTQ010011167.1	1600000	1700000	1.0
JABSTQ010011167.1	1700000	1800000	2.0
JABSTQ010011167.1	1800000	1900000	1.0
JABSTQ010011167.1	1900000	1947643	1.0
JABSTQ010011168.1	100000	200000	3.0
JABSTQ010011168.1	200000	300000	1.0
JABSTQ010011168.1	500000	600000	1.0
JABSTQ010011168.1	600000	627934	1.0
JABSTQ010011169.1	0	100000	1.0
JABSTQ010011169.1	100000	143771	1.0
JABSTQ010011170.1	0	100000	3.0
JABSTQ010011170.1	100000	200000	1.0
JABSTQ010011170.1	500000	600000	11.0
JABSTQ010011170.1	600000	700000	5.0
JABSTQ010011170.1	700000	770288	7.0
JABSTQ010011171.1	0	67459	3.0
JABSTQ010011172.1	0	100000	1.0
JABSTQ010011172.1	100000	200000	2.0
JABSTQ010011172.1	200000	300000	5.0
JABSTQ010011172.1	300000	400000	1.0
JABSTQ010011172.1	400000	481939	3.0
JABSTQ010011173.1	0	100000	5.0
JABSTQ010011173.1	300000	400000	1.0
JABSTQ010011173.1	400000	500000	1.0
JABSTQ010011173.1	500000	600000	2.0
JABSTQ010011173.1	600000	700000	2.0
JABSTQ010011173.1	700000	800000	2.0
JABSTQ010011173.1	1000000	1062115	1.0
JABSTQ010011174.1	100000	133809	2.0
JABSTQ010011175.1	0	100000	2.0
JABSTQ010011175.1	100000	200000	1.0
JABSTQ010011175.1	400000	500000	1.0
JABSTQ010011175.1	600000	600325	1.0
JABSTQ010011176.1	200000	300000	2.0
JABSTQ010011176.1	300000	359658	2.0
JABSTQ010011177.1	100000	137953	1.0
JABSTQ010011178.1	0	100000	1.0
JABSTQ010011178.1	100000	200000	1.0
JABSTQ010011178.1	200000	300000	2.0
JABSTQ010011178.1	400000	500000	3.0
JABSTQ010011178.1	500000	600000	4.0
JABSTQ010011178.1	600000	700000	4.0
JABSTQ010011178.1	700000	800000	2.0
JABSTQ010011178.1	900000	1000000	2.0
JABSTQ010011178.1	1100000	1200000	1.0
JABSTQ010011178.1	1200000	1300000	2.0
JABSTQ010011178.1	1300000	1400000	1.0
JABSTQ010011178.1	1700000	1800000	1.0
JABSTQ010011178.1	1800000	1900000	1.0
JABSTQ010011178.1	1900000	2000000	2.0
JABSTQ010011178.1	2000000	2100000	2.0
JABSTQ010011178.1	2100000	2200000	2.0
JABSTQ010011178.1	2200000	2300000	1.0
JABSTQ010011178.1	2300000	2400000	3.0
JABSTQ010011178.1	2400000	2500000	1.0
JABSTQ010011178.1	2500000	2600000	1.0
JABSTQ010011178.1	2700000	2800000	1.0
JABSTQ010011178.1	2800000	2900000	2.0
JABSTQ010011178.1	2900000	3000000	1.0
JABSTQ010011178.1	3000000	3100000	5.0
JABSTQ010011178.1	3100000	3200000	2.0
JABSTQ010011178.1	3200000	3300000	3.0
JABSTQ010011178.1	3300000	3400000	2.0
JABSTQ010011178.1	3500000	3600000	3.0
JABSTQ010011178.1	3600000	3700000	2.0
JABSTQ010011178.1	3700000	3800000	2.0
JABSTQ010011178.1	3800000	3844329	3.0
JABSTQ010011179.1	0	100000	1.0
JABSTQ010011179.1	100000	200000	1.0
JABSTQ010011179.1	300000	400000	2.0
JABSTQ010011179.1	400000	500000	1.0
JABSTQ010011179.1	500000	600000	1.0
JABSTQ010011179.1	700000	713400	1.0
JABSTQ010011180.1	100000	163748	1.0
JABSTQ010011181.1	0	100000	4.0
JABSTQ010011181.1	100000	200000	1.0
JABSTQ010011181.1	200000	300000	1.0
JABSTQ010011181.1	400000	500000	2.0
JABSTQ010011181.1	500000	551891	2.0
JABSTQ010011182.1	0	100000	2.0
JABSTQ010011182.1	300000	400000	1.0
JABSTQ010011182.1	400000	500000	1.0
JABSTQ010011182.1	500000	525045	1.0
JABSTQ010011183.1	0	100000	4.0
JABSTQ010011183.1	100000	200000	5.0
JABSTQ010011183.1	200000	300000	1.0
JABSTQ010011183.1	300000	377788	3.0
JABSTQ010011184.1	0	100000	1.0
JABSTQ010011184.1	100000	200000	1.0
JABSTQ010011184.1	200000	300000	2.0
JABSTQ010011184.1	300000	322648	1.0
JABSTQ010011185.1	0	100000	2.0
JABSTQ010011185.1	100000	200000	2.0
JABSTQ010011185.1	200000	300000	3.0
JABSTQ010011185.1	300000	400000	1.0
JABSTQ010011185.1	400000	500000	2.0
JABSTQ010011185.1	500000	600000	2.0
JABSTQ010011185.1	700000	800000	3.0
JABSTQ010011185.1	800000	900000	5.0
JABSTQ010011185.1	900000	1000000	3.0
JABSTQ010011185.1	1200000	1300000	3.0
JABSTQ010011185.1	1300000	1400000	4.0
JABSTQ010011185.1	1400000	1500000	3.0
JABSTQ010011185.1	1500000	1600000	3.0
JABSTQ010011185.1	1600000	1700000	2.0
JABSTQ010011185.1	1700000	1717775	1.0
JABSTQ010011187.1	0	100000	1.0
JABSTQ010011187.1	100000	200000	1.0
JABSTQ010011187.1	300000	400000	1.0
JABSTQ010011187.1	400000	444903	1.0
JABSTQ010011188.1	100000	200000	1.0
JABSTQ010011188.1	200000	300000	1.0
JABSTQ010011188.1	300000	400000	1.0
JABSTQ010011188.1	500000	600000	1.0
JABSTQ010011188.1	700000	800000	2.0
JABSTQ010011188.1	800000	900000	4.0
JABSTQ010011188.1	900000	1000000	4.0
JABSTQ010011188.1	1000000	1100000	1.0
JABSTQ010011188.1	1100000	1200000	1.0
JABSTQ010011188.1	1200000	1300000	1.0
JABSTQ010011188.1	1300000	1400000	1.0
JABSTQ010011188.1	1500000	1600000	3.0
JABSTQ010011188.1	1600000	1627238	1.0
JABSTQ010011189.1	0	100000	2.0
JABSTQ010011189.1	100000	200000	3.0
JABSTQ010011189.1	200000	300000	5.0
JABSTQ010011189.1	300000	326649	1.0
JABSTQ010011190.1	100000	200000	1.0
JABSTQ010011190.1	300000	400000	2.0
JABSTQ010011190.1	400000	403209	1.0
JABSTQ010011191.1	100000	200000	5.0
JABSTQ010011191.1	200000	300000	3.0
JABSTQ010011191.1	300000	400000	2.0
JABSTQ010011191.1	400000	500000	5.0
JABSTQ010011191.1	500000	600000	1.0
JABSTQ010011191.1	600000	700000	2.0
JABSTQ010011191.1	700000	800000	1.0
JABSTQ010011191.1	900000	1000000	2.0
JABSTQ010011191.1	1000000	1100000	1.0
JABSTQ010011191.1	1100000	1200000	3.0
JABSTQ010011191.1	1200000	1300000	2.0
JABSTQ010011191.1	1400000	1434579	1.0
JABSTQ010011192.1	0	100000	5.0
JABSTQ010011192.1	200000	300000	2.0
JABSTQ010011192.1	300000	400000	5.0
JABSTQ010011192.1	400000	500000	3.0
JABSTQ010011192.1	600000	700000	1.0
JABSTQ010011192.1	700000	800000	1.0
JABSTQ010011192.1	800000	900000	1.0
JABSTQ010011192.1	1000000	1100000	1.0
JABSTQ010011192.1	1100000	1200000	1.0
JABSTQ010011192.1	1300000	1400000	1.0
JABSTQ010011192.1	1400000	1500000	1.0
JABSTQ010011192.1	1500000	1600000	3.0
JABSTQ010011192.1	1700000	1800000	1.0
JABSTQ010011192.1	1800000	1900000	5.0
JABSTQ010011192.1	1900000	2000000	4.0
JABSTQ010011192.1	2000000	2071977	3.0
JABSTQ010011193.1	0	100000	5.0
JABSTQ010011193.1	100000	200000	5.0
JABSTQ010011193.1	200000	300000	5.0
JABSTQ010011193.1	300000	400000	6.0
JABSTQ010011193.1	400000	500000	4.0
JABSTQ010011193.1	500000	600000	3.0
JABSTQ010011193.1	600000	700000	1.0
JABSTQ010011193.1	800000	900000	2.0
JABSTQ010011193.1	900000	1000000	8.0
JABSTQ010011193.1	1000000	1055708	4.0
JABSTQ010011194.1	0	100000	2.0
JABSTQ010011194.1	200000	300000	2.0
JABSTQ010011194.1	300000	345346	1.0
JABSTQ010011195.1	0	100000	5.0
JABSTQ010011195.1	100000	200000	1.0
JABSTQ010011195.1	200000	300000	2.0
JABSTQ010011195.1	300000	400000	1.0
JABSTQ010011195.1	400000	500000	2.0
JABSTQ010011195.1	500000	600000	1.0
JABSTQ010011195.1	600000	700000	1.0
JABSTQ010011195.1	700000	800000	2.0
JABSTQ010011195.1	800000	900000	2.0
JABSTQ010011195.1	900000	1000000	1.0
JABSTQ010011195.1	1000000	1074715	1.0
JABSTQ010011196.1	0	100000	1.0
JABSTQ010011196.1	100000	167524	3.0
JABSTQ010011197.1	0	100000	2.0
JABSTQ010011197.1	100000	200000	6.0
JABSTQ010011197.1	200000	300000	2.0
JABSTQ010011197.1	300000	400000	1.0
JABSTQ010011197.1	400000	500000	2.0
JABSTQ010011197.1	500000	543444	1.0
JABSTQ010011198.1	0	100000	1.0
JABSTQ010011198.1	100000	134452	2.0
JABSTQ010011199.1	0	100000	2.0
JABSTQ010011199.1	100000	200000	2.0
JABSTQ010011199.1	200000	300000	1.0
JABSTQ010011199.1	400000	500000	1.0
JABSTQ010011199.1	500000	600000	1.0
JABSTQ010011199.1	600000	700000	1.0
JABSTQ010011199.1	700000	750998	2.0
JABSTQ010011200.1	0	100000	1.0
JABSTQ010011200.1	100000	105479	1.0
JABSTQ010011201.1	0	100000	1.0
JABSTQ010011201.1	100000	200000	1.0
JABSTQ010011201.1	200000	300000	3.0
JABSTQ010011201.1	300000	400000	1.0
JABSTQ010011201.1	600000	700000	1.0
JABSTQ010011201.1	700000	748233	1.0
JABSTQ010011202.1	0	100000	2.0
JABSTQ010011202.1	100000	200000	2.0
JABSTQ010011202.1	200000	300000	1.0
JABSTQ010011202.1	300000	344603	1.0
JABSTQ010011203.1	0	100000	3.0
JABSTQ010011203.1	100000	200000	3.0
JABSTQ010011203.1	200000	300000	4.0
JABSTQ010011203.1	300000	400000	5.0
JABSTQ010011203.1	400000	500000	4.0
JABSTQ010011203.1	500000	600000	1.0
JABSTQ010011203.1	600000	700000	1.0
JABSTQ010011203.1	700000	800000	1.0
JABSTQ010011203.1	800000	900000	3.0
JABSTQ010011203.1	900000	998887	2.0
JABSTQ010011204.1	0	100000	1.0
JABSTQ010011204.1	100000	200000	1.0
JABSTQ010011204.1	200000	300000	2.0
JABSTQ010011204.1	300000	400000	1.0
JABSTQ010011204.1	400000	442649	1.0
JABSTQ010011205.1	300000	400000	1.0
JABSTQ010011205.1	400000	500000	1.0
JABSTQ010011205.1	600000	700000	1.0
JABSTQ010011205.1	800000	888202	2.0
JABSTQ010011206.1	0	100000	1.0
JABSTQ010011206.1	100000	200000	5.0
JABSTQ010011206.1	200000	300000	3.0
JABSTQ010011206.1	300000	394557	2.0
JABSTQ010011207.1	0	100000	1.0
JABSTQ010011207.1	100000	200000	2.0
JABSTQ010011207.1	200000	300000	3.0
JABSTQ010011207.1	700000	800000	1.0
JABSTQ010011207.1	800000	853607	2.0
JABSTQ010011208.1	0	58705	2.0
JABSTQ010011209.1	0	100000	3.0
JABSTQ010011209.1	100000	200000	3.0
JABSTQ010011209.1	200000	263631	1.0
JABSTQ010011210.1	0	100000	2.0
JABSTQ010011210.1	100000	200000	1.0
JABSTQ010011210.1	200000	300000	1.0
JABSTQ010011210.1	400000	500000	1.0
JABSTQ010011210.1	500000	548759	1.0
JABSTQ010011211.1	0	100000	5.0
JABSTQ010011211.1	100000	200000	2.0
JABSTQ010011211.1	200000	284581	3.0
JABSTQ010011212.1	0	45315	2.0
JABSTQ010011213.1	0	100000	1.0
JABSTQ010011213.1	100000	200000	1.0
JABSTQ010011213.1	200000	300000	3.0
JABSTQ010011213.1	300000	400000	2.0
JABSTQ010011213.1	400000	500000	2.0
JABSTQ010011213.1	500000	588394	2.0
JABSTQ010011214.1	0	100000	2.0
JABSTQ010011214.1	100000	200000	4.0
JABSTQ010011214.1	200000	300000	1.0
JABSTQ010011214.1	300000	400000	1.0
JABSTQ010011214.1	400000	500000	1.0
JABSTQ010011214.1	600000	700000	1.0
JABSTQ010011214.1	800000	900000	1.0
JABSTQ010011214.1	900000	1000000	1.0
JABSTQ010011214.1	1000000	1100000	3.0
JABSTQ010011214.1	1100000	1200000	1.0
JABSTQ010011214.1	1200000	1300000	3.0
JABSTQ010011214.1	1400000	1448226	1.0
JABSTQ010011215.1	0	100000	8.0
JABSTQ010011215.1	100000	200000	4.0
JABSTQ010011215.1	200000	300000	2.0
JABSTQ010011215.1	300000	400000	4.0
JABSTQ010011215.1	400000	455651	2.0
JABSTQ010011216.1	400000	500000	1.0
JABSTQ010011216.1	700000	800000	1.0
JABSTQ010011216.1	800000	900000	1.0
JABSTQ010011216.1	900000	1000000	1.0
JABSTQ010011216.1	1000000	1100000	2.0
JABSTQ010011216.1	1200000	1300000	2.0
JABSTQ010011216.1	1300000	1400000	3.0
JABSTQ010011216.1	1400000	1500000	1.0
JABSTQ010011216.1	1500000	1600000	1.0
JABSTQ010011216.1	1600000	1700000	4.0
JABSTQ010011216.1	1700000	1728050	1.0
JABSTQ010011217.1	0	100000	4.0
JABSTQ010011217.1	200000	300000	2.0
JABSTQ010011217.1	300000	400000	3.0
JABSTQ010011217.1	400000	415406	1.0
JABSTQ010011218.1	100000	200000	2.0
JABSTQ010011218.1	200000	300000	2.0
JABSTQ010011218.1	300000	400000	3.0
JABSTQ010011218.1	400000	465402	5.0
JABSTQ010011219.1	200000	300000	2.0
JABSTQ010011219.1	400000	465873	2.0
JABSTQ010011220.1	0	100000	1.0
JABSTQ010011220.1	100000	200000	2.0
JABSTQ010011220.1	200000	300000	2.0
JABSTQ010011220.1	300000	311595	1.0
JABSTQ010011221.1	0	100000	3.0
JABSTQ010011221.1	200000	300000	2.0
JABSTQ010011221.1	400000	500000	3.0
JABSTQ010011221.1	500000	600000	3.0
JABSTQ010011221.1	600000	700000	5.0
JABSTQ010011221.1	700000	725002	1.0
JABSTQ010011222.1	100000	200000	1.0
JABSTQ010011222.1	200000	300000	2.0
JABSTQ010011222.1	500000	600000	3.0
JABSTQ010011222.1	600000	700000	4.0
JABSTQ010011222.1	700000	745183	1.0
JABSTQ010011223.1	0	100000	1.0
JABSTQ010011223.1	100000	140672	1.0
JABSTQ010011224.1	0	100000	1.0
JABSTQ010011224.1	100000	200000	2.0
JABSTQ010011224.1	300000	400000	1.0
JABSTQ010011224.1	400000	500000	2.0
JABSTQ010011224.1	500000	600000	1.0
JABSTQ010011224.1	600000	700000	2.0
JABSTQ010011224.1	700000	800000	1.0
JABSTQ010011224.1	800000	900000	3.0
JABSTQ010011224.1	900000	1000000	2.0
JABSTQ010011224.1	1000000	1100000	2.0
JABSTQ010011224.1	1100000	1172888	1.0
JABSTQ010011225.1	100000	200000	1.0
JABSTQ010011225.1	300000	400000	1.0
JABSTQ010011225.1	400000	464157	2.0
JABSTQ010011226.1	0	100000	3.0
JABSTQ010011226.1	100000	200000	1.0
JABSTQ010011226.1	200000	245560	3.0
JABSTQ010011227.1	0	100000	1.0
JABSTQ010011227.1	100000	200000	3.0
JABSTQ010011227.1	200000	300000	1.0
JABSTQ010011227.1	300000	400000	1.0
JABSTQ010011227.1	400000	500000	1.0
JABSTQ010011227.1	700000	730866	2.0
JABSTQ010011228.1	100000	200000	5.0
JABSTQ010011228.1	200000	300000	3.0
JABSTQ010011228.1	300000	400000	4.0
JABSTQ010011228.1	400000	500000	1.0
JABSTQ010011228.1	500000	600000	1.0
JABSTQ010011228.1	600000	700000	1.0
JABSTQ010011228.1	700000	800000	2.0
JABSTQ010011228.1	800000	900000	3.0
JABSTQ010011228.1	1200000	1300000	1.0
JABSTQ010011228.1	1500000	1562769	1.0
JABSTQ010011229.1	0	100000	1.0
JABSTQ010011229.1	200000	300000	2.0
JABSTQ010011229.1	300000	333027	2.0
JABSTQ010011230.1	100000	120791	1.0
JABSTQ010011231.1	0	100000	1.0
JABSTQ010011231.1	100000	200000	3.0
JABSTQ010011231.1	200000	300000	3.0
JABSTQ010011231.1	300000	327186	1.0
JABSTQ010011232.1	0	100000	1.0
JABSTQ010011232.1	100000	200000	1.0
JABSTQ010011232.1	200000	300000	2.0
JABSTQ010011232.1	300000	400000	4.0
JABSTQ010011232.1	400000	500000	1.0
JABSTQ010011232.1	900000	1000000	2.0
JABSTQ010011232.1	1000000	1100000	1.0
JABSTQ010011232.1	1100000	1200000	4.0
JABSTQ010011232.1	1200000	1300000	2.0
JABSTQ010011232.1	1300000	1400000	1.0
JABSTQ010011233.1	0	100000	4.0
JABSTQ010011233.1	100000	200000	1.0
JABSTQ010011233.1	200000	300000	3.0
JABSTQ010011233.1	300000	400000	4.0
JABSTQ010011233.1	400000	500000	5.0
JABSTQ010011233.1	500000	600000	6.0
JABSTQ010011233.1	600000	700000	3.0
JABSTQ010011233.1	700000	788898	2.0
JABSTQ010011234.1	0	100000	2.0
JABSTQ010011234.1	100000	200000	3.0
JABSTQ010011234.1	200000	300000	2.0
JABSTQ010011234.1	300000	393514	4.0
JABSTQ010011235.1	0	100000	3.0
JABSTQ010011235.1	100000	200000	2.0
JABSTQ010011235.1	200000	300000	3.0
JABSTQ010011235.1	300000	400000	2.0
JABSTQ010011235.1	400000	500000	7.0
JABSTQ010011235.1	500000	600000	6.0
JABSTQ010011235.1	600000	645768	1.0
JABSTQ010011236.1	0	100000	1.0
JABSTQ010011236.1	100000	200000	1.0
JABSTQ010011236.1	200000	300000	1.0
JABSTQ010011236.1	400000	437154	1.0
JABSTQ010011237.1	0	100000	5.0
JABSTQ010011237.1	100000	200000	6.0
JABSTQ010011237.1	200000	300000	3.0
JABSTQ010011237.1	300000	400000	7.0
JABSTQ010011237.1	400000	484298	4.0
JABSTQ010011238.1	0	100000	3.0
JABSTQ010011238.1	100000	200000	2.0
JABSTQ010011238.1	400000	500000	1.0
JABSTQ010011238.1	500000	600000	1.0
JABSTQ010011238.1	600000	700000	1.0
JABSTQ010011238.1	700000	800000	1.0
JABSTQ010011238.1	800000	813124	1.0
JABSTQ010011239.1	0	100000	2.0
JABSTQ010011239.1	100000	200000	3.0
JABSTQ010011239.1	200000	300000	3.0
JABSTQ010011239.1	300000	400000	2.0
JABSTQ010011239.1	400000	445860	1.0
JABSTQ010011240.1	0	100000	3.0
JABSTQ010011240.1	100000	200000	2.0
JABSTQ010011240.1	200000	300000	6.0
JABSTQ010011240.1	400000	500000	1.0
JABSTQ010011240.1	500000	600000	3.0
JABSTQ010011240.1	600000	624485	1.0
JABSTQ010011241.1	0	100000	2.0
JABSTQ010011241.1	100000	200000	1.0
JABSTQ010011241.1	200000	300000	2.0
JABSTQ010011241.1	300000	400000	1.0
JABSTQ010011241.1	400000	484513	1.0
JABSTQ010011242.1	0	100000	3.0
JABSTQ010011242.1	100000	200000	3.0
JABSTQ010011242.1	300000	400000	4.0
JABSTQ010011242.1	400000	500000	1.0
JABSTQ010011242.1	500000	600000	2.0
JABSTQ010011242.1	700000	800000	3.0
JABSTQ010011242.1	800000	900000	1.0
JABSTQ010011242.1	1100000	1152123	1.0
JABSTQ010011243.1	0	100000	2.0
JABSTQ010011243.1	100000	200000	2.0
JABSTQ010011243.1	200000	300000	2.0
JABSTQ010011243.1	300000	400000	3.0
JABSTQ010011243.1	600000	700000	1.0
JABSTQ010011243.1	700000	800000	2.0
JABSTQ010011243.1	900000	1000000	1.0
JABSTQ010011243.1	1000000	1100000	1.0
JABSTQ010011243.1	1100000	1200000	1.0
JABSTQ010011243.1	1300000	1324392	2.0
JABSTQ010011244.1	200000	249116	2.0
JABSTQ010011245.1	0	100000	3.0
JABSTQ010011245.1	100000	200000	4.0
JABSTQ010011245.1	200000	300000	1.0
JABSTQ010011245.1	300000	400000	1.0
JABSTQ010011245.1	500000	600000	6.0
JABSTQ010011245.1	600000	700000	1.0
JABSTQ010011245.1	700000	800000	2.0
JABSTQ010011245.1	800000	900000	1.0
JABSTQ010011245.1	900000	1000000	1.0
JABSTQ010011245.1	1000000	1100000	1.0
JABSTQ010011245.1	1300000	1400000	1.0
JABSTQ010011245.1	1400000	1500000	1.0
JABSTQ010011245.1	1600000	1700000	1.0
JABSTQ010011245.1	1800000	1900000	2.0
JABSTQ010011245.1	2300000	2374207	1.0
JABSTQ010011246.1	0	100000	1.0
JABSTQ010011246.1	100000	200000	2.0
JABSTQ010011246.1	200000	300000	1.0
JABSTQ010011246.1	300000	400000	2.0
JABSTQ010011246.1	400000	500000	2.0
JABSTQ010011246.1	500000	600000	1.0
JABSTQ010011246.1	600000	700000	1.0
JABSTQ010011246.1	700000	800000	2.0
JABSTQ010011246.1	800000	900000	1.0
JABSTQ010011246.1	900000	1000000	1.0
JABSTQ010011246.1	1000000	1100000	1.0
JABSTQ010011246.1	1100000	1200000	1.0
JABSTQ010011246.1	1300000	1400000	3.0
JABSTQ010011246.1	1400000	1500000	1.0
JABSTQ010011246.1	1600000	1656511	2.0
JABSTQ010011247.1	0	100000	2.0
JABSTQ010011247.1	100000	200000	4.0
JABSTQ010011247.1	200000	300000	2.0
JABSTQ010011247.1	300000	400000	3.0
JABSTQ010011247.1	400000	500000	4.0
JABSTQ010011247.1	600000	700000	1.0
JABSTQ010011247.1	700000	742411	1.0
JABSTQ010011248.1	0	100000	2.0
JABSTQ010011248.1	100000	200000	1.0
JABSTQ010011248.1	200000	300000	3.0
JABSTQ010011248.1	300000	400000	2.0
JABSTQ010011248.1	400000	500000	1.0
JABSTQ010011248.1	500000	600000	3.0
JABSTQ010011248.1	600000	700000	3.0
JABSTQ010011248.1	700000	800000	6.0
JABSTQ010011248.1	800000	900000	2.0
JABSTQ010011248.1	900000	912454	1.0
JABSTQ010011249.1	0	100000	2.0
JABSTQ010011249.1	100000	200000	2.0
JABSTQ010011249.1	200000	300000	2.0
JABSTQ010011249.1	300000	400000	4.0
JABSTQ010011249.1	400000	460571	2.0
JABSTQ010011250.1	300000	400000	1.0
JABSTQ010011250.1	700000	800000	1.0
JABSTQ010011250.1	1000000	1100000	1.0
JABSTQ010011250.1	1200000	1300000	2.0
JABSTQ010011250.1	1300000	1400000	1.0
JABSTQ010011250.1	1400000	1500000	1.0
JABSTQ010011250.1	1600000	1700000	1.0
JABSTQ010011250.1	1900000	1904588	2.0
JABSTQ010011251.1	0	100000	1.0
JABSTQ010011251.1	100000	200000	2.0
JABSTQ010011251.1	200000	300000	2.0
JABSTQ010011251.1	300000	328790	2.0
JABSTQ010011252.1	0	100000	3.0
JABSTQ010011252.1	100000	200000	3.0
JABSTQ010011252.1	200000	300000	4.0
JABSTQ010011252.1	300000	393267	7.0
JABSTQ010011253.1	100000	200000	2.0
JABSTQ010011253.1	300000	400000	1.0
JABSTQ010011253.1	400000	500000	3.0
JABSTQ010011253.1	500000	600000	2.0
JABSTQ010011253.1	600000	700000	2.0
JABSTQ010011253.1	700000	800000	2.0
JABSTQ010011253.1	800000	900000	1.0
JABSTQ010011253.1	1000000	1100000	2.0
JABSTQ010011253.1	1500000	1600000	2.0
JABSTQ010011253.1	2000000	2100000	1.0
JABSTQ010011253.1	2100000	2200000	2.0
JABSTQ010011253.1	2800000	2900000	1.0
JABSTQ010011253.1	3400000	3500000	1.0
JABSTQ010011253.1	3500000	3600000	2.0
JABSTQ010011253.1	3600000	3700000	2.0
JABSTQ010011253.1	4100000	4200000	2.0
JABSTQ010011253.1	4200000	4300000	1.0
JABSTQ010011253.1	4300000	4320680	1.0
JABSTQ010011254.1	100000	200000	1.0
JABSTQ010011254.1	200000	248325	1.0
JABSTQ010011255.1	0	100000	1.0
JABSTQ010011255.1	100000	200000	4.0
JABSTQ010011255.1	200000	300000	1.0
JABSTQ010011255.1	300000	400000	1.0
JABSTQ010011255.1	400000	472312	3.0
JABSTQ010011256.1	0	75250	2.0
JABSTQ010011257.1	0	100000	2.0
JABSTQ010011257.1	100000	200000	1.0
JABSTQ010011257.1	200000	243809	1.0
JABSTQ010011258.1	100000	111886	3.0
JABSTQ010011259.1	0	100000	2.0
JABSTQ010011259.1	200000	300000	1.0
JABSTQ010011259.1	400000	500000	1.0
JABSTQ010011259.1	500000	600000	1.0
JABSTQ010011259.1	600000	700000	2.0
JABSTQ010011259.1	700000	800000	1.0
JABSTQ010011259.1	800000	900000	1.0
JABSTQ010011259.1	900000	1000000	1.0
JABSTQ010011259.1	1000000	1100000	1.0
JABSTQ010011259.1	1100000	1160433	2.0
JABSTQ010011260.1	0	100000	4.0
JABSTQ010011260.1	100000	200000	1.0
JABSTQ010011260.1	200000	300000	1.0
JABSTQ010011260.1	500000	600000	1.0
JABSTQ010011260.1	700000	703260	1.0
JABSTQ010011261.1	0	100000	1.0
JABSTQ010011261.1	100000	165827	2.0
JABSTQ010011262.1	100000	200000	2.0
JABSTQ010011262.1	300000	387386	4.0
JABSTQ010011263.1	100000	200000	3.0
JABSTQ010011263.1	200000	300000	1.0
JABSTQ010011263.1	400000	500000	1.0
JABSTQ010011263.1	600000	700000	1.0
JABSTQ010011263.1	700000	800000	3.0
JABSTQ010011263.1	800000	854078	1.0
JABSTQ010011264.1	0	100000	4.0
JABSTQ010011264.1	100000	200000	1.0
JABSTQ010011264.1	200000	300000	5.0
JABSTQ010011264.1	300000	400000	4.0
JABSTQ010011265.1	0	100000	2.0
JABSTQ010011265.1	100000	200000	2.0
JABSTQ010011265.1	200000	300000	1.0
JABSTQ010011265.1	300000	377531	1.0
JABSTQ010011266.1	0	100000	4.0
JABSTQ010011266.1	100000	200000	1.0
JABSTQ010011266.1	200000	300000	1.0
JABSTQ010011266.1	300000	400000	5.0
JABSTQ010011266.1	400000	500000	1.0
JABSTQ010011266.1	500000	600000	1.0
JABSTQ010011266.1	600000	700000	1.0
JABSTQ010011266.1	700000	800000	1.0
JABSTQ010011266.1	1100000	1123669	1.0
JABSTQ010011267.1	200000	300000	1.0
JABSTQ010011267.1	400000	500000	2.0
JABSTQ010011267.1	500000	596626	3.0
JABSTQ010011268.1	300000	400000	1.0
JABSTQ010011268.1	400000	500000	1.0
JABSTQ010011268.1	500000	600000	3.0
JABSTQ010011268.1	700000	764112	1.0
JABSTQ010011269.1	500000	600000	2.0
JABSTQ010011269.1	600000	664748	2.0
JABSTQ010011270.1	0	100000	1.0
JABSTQ010011270.1	100000	200000	1.0
JABSTQ010011270.1	200000	300000	4.0
JABSTQ010011270.1	300000	400000	1.0
JABSTQ010011270.1	500000	542733	1.0
JABSTQ010011271.1	0	100000	2.0
JABSTQ010011271.1	100000	163105	1.0
JABSTQ010011272.1	0	100000	4.0
JABSTQ010011272.1	100000	200000	1.0
JABSTQ010011272.1	200000	300000	4.0
JABSTQ010011272.1	300000	400000	6.0
JABSTQ010011272.1	400000	500000	2.0
JABSTQ010011272.1	600000	700000	1.0
JABSTQ010011272.1	700000	800000	1.0
JABSTQ010011272.1	800000	900000	4.0
JABSTQ010011272.1	900000	1000000	2.0
JABSTQ010011272.1	1000000	1100000	5.0
JABSTQ010011272.1	1100000	1200000	1.0
JABSTQ010011272.1	1200000	1228113	2.0
JABSTQ010011273.1	100000	200000	1.0
JABSTQ010011273.1	200000	300000	1.0
JABSTQ010011273.1	300000	364395	1.0
JABSTQ010011274.1	0	100000	4.0
JABSTQ010011274.1	100000	200000	1.0
JABSTQ010011274.1	600000	700000	2.0
JABSTQ010011274.1	700000	800000	2.0
JABSTQ010011274.1	800000	900000	3.0
JABSTQ010011274.1	1000000	1100000	1.0
JABSTQ010011274.1	1100000	1143611	1.0
JABSTQ010011275.1	0	100000	3.0
JABSTQ010011275.1	100000	200000	1.0
JABSTQ010011275.1	300000	381849	2.0
JABSTQ010011276.1	0	100000	1.0
JABSTQ010011276.1	100000	200000	1.0
JABSTQ010011276.1	300000	400000	1.0
JABSTQ010011276.1	400000	500000	1.0
JABSTQ010011276.1	500000	600000	3.0
JABSTQ010011276.1	600000	700000	1.0
JABSTQ010011276.1	800000	843753	4.0
JABSTQ010011277.1	0	100000	1.0
JABSTQ010011277.1	100000	200000	1.0
JABSTQ010011277.1	200000	300000	3.0
JABSTQ010011277.1	300000	400000	1.0
JABSTQ010011277.1	400000	500000	2.0
JABSTQ010011277.1	700000	800000	1.0
JABSTQ010011277.1	800000	879911	4.0
JABSTQ010011278.1	0	100000	1.0
JABSTQ010011278.1	100000	200000	3.0
JABSTQ010011278.1	200000	300000	2.0
JABSTQ010011278.1	600000	700000	4.0
JABSTQ010011278.1	700000	800000	2.0
JABSTQ010011278.1	800000	900000	3.0
JABSTQ010011278.1	900000	1000000	2.0
JABSTQ010011278.1	1100000	1133498	1.0
JABSTQ010011279.1	0	100000	3.0
JABSTQ010011279.1	100000	200000	2.0
JABSTQ010011279.1	200000	300000	4.0
JABSTQ010011279.1	300000	366472	1.0
JABSTQ010011280.1	0	100000	1.0
JABSTQ010011280.1	200000	300000	2.0
JABSTQ010011280.1	300000	400000	2.0
JABSTQ010011280.1	400000	500000	3.0
JABSTQ010011280.1	500000	600000	1.0
JABSTQ010011280.1	600000	700000	1.0
JABSTQ010011280.1	700000	800000	2.0
JABSTQ010011280.1	800000	900000	1.0
JABSTQ010011280.1	1000000	1100000	2.0
JABSTQ010011280.1	1200000	1268193	2.0
JABSTQ010011281.1	200000	300000	2.0
JABSTQ010011281.1	300000	400000	3.0
JABSTQ010011281.1	400000	500000	5.0
JABSTQ010011282.1	0	100000	3.0
JABSTQ010011282.1	100000	200000	2.0
JABSTQ010011282.1	200000	300000	2.0
JABSTQ010011282.1	400000	500000	1.0
JABSTQ010011282.1	500000	600000	1.0
JABSTQ010011282.1	600000	700000	2.0
JABSTQ010011282.1	700000	800000	1.0
JABSTQ010011282.1	900000	1000000	2.0
JABSTQ010011282.1	1000000	1074034	2.0
JABSTQ010011283.1	0	100000	2.0
JABSTQ010011283.1	100000	200000	6.0
JABSTQ010011283.1	200000	300000	2.0
JABSTQ010011283.1	300000	400000	1.0
JABSTQ010011283.1	400000	500000	2.0
JABSTQ010011283.1	600000	646313	1.0
JABSTQ010011284.1	0	100000	1.0
JABSTQ010011284.1	100000	200000	1.0
JABSTQ010011284.1	200000	300000	1.0
JABSTQ010011284.1	600000	700000	2.0
JABSTQ010011284.1	700000	800000	3.0
JABSTQ010011284.1	900000	1000000	1.0
JABSTQ010011284.1	1100000	1136510	1.0
JABSTQ010011285.1	100000	200000	2.0
JABSTQ010011285.1	400000	500000	3.0
JABSTQ010011286.1	0	100000	3.0
JABSTQ010011286.1	200000	300000	1.0
JABSTQ010011286.1	300000	400000	1.0
JABSTQ010011286.1	400000	435073	4.0
JABSTQ010011287.1	0	100000	1.0
JABSTQ010011287.1	100000	200000	2.0
JABSTQ010011287.1	300000	400000	1.0
JABSTQ010011287.1	400000	464867	2.0
JABSTQ010011288.1	0	100000	3.0
JABSTQ010011288.1	100000	200000	3.0
JABSTQ010011288.1	200000	300000	2.0
JABSTQ010011288.1	300000	400000	4.0
JABSTQ010011288.1	500000	600000	2.0
JABSTQ010011288.1	600000	700000	1.0
JABSTQ010011288.1	700000	800000	3.0
JABSTQ010011288.1	800000	900000	2.0
JABSTQ010011288.1	900000	1000000	3.0
JABSTQ010011288.1	1000000	1049530	3.0
JABSTQ010011289.1	0	100000	1.0
JABSTQ010011289.1	100000	200000	2.0
JABSTQ010011289.1	200000	300000	1.0
JABSTQ010011289.1	300000	400000	1.0
JABSTQ010011289.1	400000	500000	1.0
JABSTQ010011289.1	500000	600000	1.0
JABSTQ010011289.1	700000	800000	1.0
JABSTQ010011289.1	1100000	1147841	1.0
JABSTQ010011290.1	0	100000	1.0
JABSTQ010011290.1	200000	300000	3.0
JABSTQ010011290.1	400000	480719	1.0
JABSTQ010011291.1	0	100000	2.0
JABSTQ010011291.1	100000	200000	3.0
JABSTQ010011291.1	200000	300000	2.0
JABSTQ010011291.1	300000	341559	1.0
JABSTQ010011292.1	0	100000	4.0
JABSTQ010011292.1	100000	200000	1.0
JABSTQ010011292.1	200000	300000	1.0
JABSTQ010011292.1	300000	400000	3.0
JABSTQ010011292.1	400000	408052	1.0
JABSTQ010011293.1	0	100000	2.0
JABSTQ010011293.1	100000	200000	1.0
JABSTQ010011293.1	300000	400000	1.0
JABSTQ010011293.1	400000	500000	1.0
JABSTQ010011293.1	500000	600000	1.0
JABSTQ010011293.1	600000	639116	1.0
JABSTQ010011294.1	200000	300000	1.0
JABSTQ010011294.1	300000	397301	3.0
JABSTQ010011295.1	0	100000	1.0
JABSTQ010011295.1	200000	300000	4.0
JABSTQ010011295.1	300000	400000	1.0
JABSTQ010011295.1	500000	516791	1.0
JABSTQ010011296.1	0	100000	2.0
JABSTQ010011296.1	100000	200000	1.0
JABSTQ010011296.1	200000	300000	8.0
JABSTQ010011296.1	300000	312433	2.0
JABSTQ010011297.1	0	100000	1.0
JABSTQ010011297.1	100000	200000	1.0
JABSTQ010011297.1	300000	400000	2.0
JABSTQ010011297.1	500000	549860	1.0
JABSTQ010011298.1	100000	200000	1.0
JABSTQ010011298.1	200000	300000	3.0
JABSTQ010011298.1	300000	400000	3.0
JABSTQ010011298.1	400000	500000	1.0
JABSTQ010011298.1	500000	600000	2.0
JABSTQ010011298.1	600000	700000	2.0
JABSTQ010011298.1	700000	800000	3.0
JABSTQ010011298.1	800000	900000	3.0
JABSTQ010011298.1	1000000	1100000	4.0
JABSTQ010011298.1	1100000	1200000	3.0
JABSTQ010011298.1	1200000	1300000	3.0
JABSTQ010011298.1	1300000	1356842	2.0
JABSTQ010011299.1	0	100000	3.0
JABSTQ010011299.1	100000	200000	1.0
JABSTQ010011299.1	200000	300000	5.0
JABSTQ010011299.1	300000	400000	4.0
JABSTQ010011299.1	400000	500000	3.0
JABSTQ010011299.1	500000	596039	2.0
JABSTQ010011300.1	100000	200000	2.0
JABSTQ010011300.1	200000	300000	2.0
JABSTQ010011300.1	300000	395337	1.0
JABSTQ010011301.1	0	100000	2.0
JABSTQ010011301.1	100000	200000	1.0
JABSTQ010011301.1	200000	300000	1.0
JABSTQ010011301.1	300000	324564	1.0
JABSTQ010011302.1	0	100000	3.0
JABSTQ010011302.1	100000	200000	6.0
JABSTQ010011302.1	200000	300000	2.0
JABSTQ010011302.1	300000	364649	2.0
JABSTQ010011303.1	0	100000	2.0
JABSTQ010011303.1	300000	400000	2.0
JABSTQ010011303.1	400000	410186	1.0
JABSTQ010011304.1	0	100000	2.0
JABSTQ010011304.1	100000	200000	1.0
JABSTQ010011304.1	200000	300000	3.0
JABSTQ010011304.1	300000	400000	2.0
JABSTQ010011304.1	500000	600000	2.0
JABSTQ010011304.1	700000	800000	3.0
JABSTQ010011304.1	800000	892052	2.0
JABSTQ010011305.1	0	100000	1.0
JABSTQ010011305.1	100000	200000	3.0
JABSTQ010011305.1	200000	300000	2.0
JABSTQ010011305.1	300000	400000	1.0
JABSTQ010011305.1	400000	500000	6.0
JABSTQ010011305.1	500000	592072	3.0
JABSTQ010011306.1	300000	315099	1.0
JABSTQ010011307.1	100000	200000	3.0
JABSTQ010011307.1	200000	300000	3.0
JABSTQ010011307.1	300000	400000	1.0
JABSTQ010011307.1	400000	500000	1.0
JABSTQ010011307.1	500000	600000	1.0
JABSTQ010011307.1	600000	700000	2.0
JABSTQ010011307.1	700000	800000	3.0
JABSTQ010011307.1	800000	900000	2.0
JABSTQ010011307.1	900000	1000000	1.0
JABSTQ010011307.1	1000000	1086619	2.0
JABSTQ010011308.1	0	100000	2.0
JABSTQ010011308.1	100000	200000	1.0
JABSTQ010011308.1	200000	300000	3.0
JABSTQ010011308.1	300000	400000	1.0
JABSTQ010011308.1	400000	500000	2.0
JABSTQ010011308.1	500000	580529	2.0
JABSTQ010011309.1	100000	200000	2.0
JABSTQ010011309.1	200000	300000	1.0
JABSTQ010011309.1	300000	400000	1.0
JABSTQ010011309.1	400000	441859	1.0
JABSTQ010011310.1	0	78300	1.0
JABSTQ010011311.1	0	100000	5.0
JABSTQ010011311.1	100000	200000	2.0
JABSTQ010011311.1	300000	342907	1.0
JABSTQ010011312.1	0	100000	3.0
JABSTQ010011312.1	100000	200000	2.0
JABSTQ010011312.1	200000	222503	1.0
JABSTQ010011313.1	0	100000	1.0
JABSTQ010011313.1	100000	200000	2.0
JABSTQ010011313.1	200000	300000	1.0
JABSTQ010011313.1	300000	400000	3.0
JABSTQ010011313.1	400000	500000	3.0
JABSTQ010011313.1	500000	543516	2.0
JABSTQ010011314.1	0	100000	3.0
JABSTQ010011314.1	200000	224382	1.0
JABSTQ010011315.1	0	100000	1.0
JABSTQ010011315.1	100000	200000	2.0
JABSTQ010011315.1	200000	300000	2.0
JABSTQ010011315.1	500000	600000	1.0
JABSTQ010011315.1	700000	800000	2.0
JABSTQ010011315.1	800000	854947	4.0
JABSTQ010011316.1	0	100000	1.0
JABSTQ010011316.1	100000	200000	2.0
JABSTQ010011316.1	300000	400000	2.0
JABSTQ010011316.1	400000	500000	2.0
JABSTQ010011316.1	1000000	1100000	2.0
JABSTQ010011316.1	1100000	1200000	2.0
JABSTQ010011316.1	1200000	1300000	2.0
JABSTQ010011316.1	1300000	1355290	1.0
JABSTQ010011317.1	0	100000	1.0
JABSTQ010011317.1	100000	200000	4.0
JABSTQ010011317.1	200000	300000	1.0
JABSTQ010011317.1	300000	400000	2.0
JABSTQ010011317.1	400000	500000	1.0
JABSTQ010011317.1	600000	700000	1.0
JABSTQ010011317.1	700000	800000	1.0
JABSTQ010011317.1	900000	994508	1.0
JABSTQ010011318.1	0	100000	2.0
JABSTQ010011318.1	100000	200000	2.0
JABSTQ010011318.1	200000	300000	1.0
JABSTQ010011318.1	300000	345921	2.0
JABSTQ010011319.1	0	100000	2.0
JABSTQ010011319.1	100000	200000	1.0
JABSTQ010011319.1	200000	300000	1.0
JABSTQ010011319.1	300000	400000	1.0
JABSTQ010011319.1	400000	500000	3.0
JABSTQ010011319.1	600000	700000	2.0
JABSTQ010011319.1	800000	900000	4.0
JABSTQ010011319.1	900000	1000000	2.0
JABSTQ010011319.1	1000000	1044498	2.0
JABSTQ010011320.1	0	100000	1.0
JABSTQ010011320.1	300000	400000	4.0
JABSTQ010011320.1	400000	500000	3.0
JABSTQ010011320.1	500000	600000	2.0
JABSTQ010011320.1	800000	900000	1.0
JABSTQ010011320.1	900000	1000000	1.0
JABSTQ010011320.1	1000000	1100000	3.0
JABSTQ010011320.1	1100000	1200000	4.0
JABSTQ010011320.1	1200000	1300000	2.0
JABSTQ010011320.1	1300000	1400000	3.0
JABSTQ010011320.1	1400000	1458561	1.0
JABSTQ010011321.1	0	100000	5.0
JABSTQ010011321.1	100000	200000	1.0
JABSTQ010011321.1	600000	700000	1.0
JABSTQ010011321.1	800000	804969	1.0
JABSTQ010011322.1	0	100000	1.0
JABSTQ010011322.1	200000	300000	3.0
JABSTQ010011322.1	300000	400000	1.0
JABSTQ010011322.1	400000	458817	1.0
JABSTQ010011323.1	0	56140	1.0
JABSTQ010011324.1	0	100000	1.0
JABSTQ010011324.1	400000	450055	2.0
JABSTQ010011325.1	0	100000	1.0
JABSTQ010011325.1	300000	400000	1.0
JABSTQ010011325.1	400000	500000	1.0
JABSTQ010011325.1	500000	600000	1.0
JABSTQ010011325.1	600000	700000	2.0
JABSTQ010011325.1	700000	800000	1.0
JABSTQ010011325.1	800000	834292	2.0
JABSTQ010011326.1	0	100000	2.0
JABSTQ010011326.1	400000	500000	1.0
JABSTQ010011326.1	500000	568280	3.0
JABSTQ010011327.1	0	100000	3.0
JABSTQ010011327.1	100000	200000	2.0
JABSTQ010011327.1	200000	300000	1.0
JABSTQ010011327.1	300000	400000	2.0
JABSTQ010011327.1	400000	500000	1.0
JABSTQ010011327.1	500000	600000	3.0
JABSTQ010011327.1	600000	638048	2.0
JABSTQ010011328.1	0	100000	3.0
JABSTQ010011328.1	100000	200000	4.0
JABSTQ010011328.1	200000	300000	5.0
JABSTQ010011328.1	300000	400000	3.0
JABSTQ010011328.1	400000	500000	3.0
JABSTQ010011328.1	500000	600000	2.0
JABSTQ010011328.1	600000	700000	3.0
JABSTQ010011328.1	700000	800000	3.0
JABSTQ010011328.1	800000	900000	4.0
JABSTQ010011328.1	900000	1000000	1.0
JABSTQ010011328.1	1000000	1100000	4.0
JABSTQ010011328.1	1100000	1200000	1.0
JABSTQ010011328.1	1200000	1300000	1.0
JABSTQ010011328.1	1300000	1305850	2.0
JABSTQ010011329.1	0	100000	1.0
JABSTQ010011329.1	100000	200000	3.0
JABSTQ010011329.1	200000	300000	5.0
JABSTQ010011329.1	300000	400000	2.0
JABSTQ010011329.1	400000	500000	4.0
JABSTQ010011329.1	500000	566166	1.0
JABSTQ010011330.1	0	100000	4.0
JABSTQ010011330.1	100000	200000	4.0
JABSTQ010011330.1	200000	300000	5.0
JABSTQ010011330.1	300000	400000	4.0
JABSTQ010011330.1	400000	500000	4.0
JABSTQ010011330.1	500000	544055	2.0
JABSTQ010011331.1	0	100000	3.0
JABSTQ010011331.1	100000	200000	3.0
JABSTQ010011331.1	200000	285332	5.0
JABSTQ010011332.1	0	100000	1.0
JABSTQ010011332.1	100000	200000	1.0
JABSTQ010011332.1	200000	300000	2.0
JABSTQ010011332.1	300000	400000	1.0
JABSTQ010011332.1	400000	500000	2.0
JABSTQ010011332.1	500000	600000	3.0
JABSTQ010011332.1	600000	700000	2.0
JABSTQ010011332.1	700000	737475	2.0
JABSTQ010011333.1	0	100000	3.0
JABSTQ010011333.1	100000	200000	2.0
JABSTQ010011333.1	200000	300000	1.0
JABSTQ010011333.1	300000	400000	5.0
JABSTQ010011333.1	400000	500000	3.0
JABSTQ010011333.1	500000	600000	1.0
JABSTQ010011333.1	600000	700000	2.0
JABSTQ010011333.1	700000	800000	6.0
JABSTQ010011333.1	800000	900000	2.0
JABSTQ010011333.1	1000000	1100000	2.0
JABSTQ010011333.1	1100000	1200000	1.0
JABSTQ010011333.1	1200000	1300000	2.0
JABSTQ010011333.1	1300000	1392559	5.0
JABSTQ010011334.1	0	100000	1.0
JABSTQ010011334.1	100000	200000	2.0
JABSTQ010011334.1	200000	300000	2.0
JABSTQ010011334.1	300000	400000	2.0
JABSTQ010011334.1	400000	500000	3.0
JABSTQ010011334.1	600000	700000	2.0
JABSTQ010011334.1	700000	800000	1.0
JABSTQ010011334.1	800000	817315	1.0
JABSTQ010011335.1	100000	200000	2.0
JABSTQ010011335.1	200000	300000	1.0
JABSTQ010011335.1	300000	400000	1.0
JABSTQ010011335.1	500000	600000	2.0
JABSTQ010011335.1	700000	800000	1.0
JABSTQ010011335.1	1000000	1100000	1.0
JABSTQ010011335.1	1100000	1200000	1.0
JABSTQ010011335.1	1200000	1300000	2.0
JABSTQ010011335.1	1300000	1400000	1.0
JABSTQ010011335.1	1400000	1447178	1.0
JABSTQ010011336.1	0	100000	2.0
JABSTQ010011336.1	200000	300000	1.0
JABSTQ010011336.1	300000	400000	3.0
JABSTQ010011336.1	400000	440066	3.0
JABSTQ010011337.1	200000	300000	3.0
JABSTQ010011337.1	300000	400000	7.0
JABSTQ010011337.1	400000	500000	11.0
JABSTQ010011337.1	500000	528347	2.0
JABSTQ010011338.1	0	100000	3.0
JABSTQ010011338.1	100000	200000	3.0
JABSTQ010011338.1	300000	400000	1.0
JABSTQ010011338.1	500000	600000	2.0
JABSTQ010011338.1	600000	700000	3.0
JABSTQ010011338.1	700000	786917	3.0
JABSTQ010011339.1	0	100000	3.0
JABSTQ010011339.1	100000	200000	2.0
JABSTQ010011339.1	200000	300000	2.0
JABSTQ010011339.1	300000	400000	1.0
JABSTQ010011339.1	500000	600000	1.0
JABSTQ010011339.1	600000	700000	1.0
JABSTQ010011339.1	700000	800000	5.0
JABSTQ010011339.1	800000	900000	5.0
JABSTQ010011339.1	1000000	1100000	1.0
JABSTQ010011339.1	1100000	1197575	3.0
JABSTQ010011340.1	100000	200000	3.0
JABSTQ010011340.1	200000	300000	1.0
JABSTQ010011340.1	300000	400000	1.0
JABSTQ010011340.1	400000	500000	1.0
JABSTQ010011340.1	600000	700000	1.0
JABSTQ010011340.1	1200000	1300000	1.0
JABSTQ010011340.1	1400000	1500000	1.0
JABSTQ010011340.1	1600000	1700000	1.0
JABSTQ010011340.1	1700000	1800000	1.0
JABSTQ010011340.1	1800000	1868336	1.0
JABSTQ010011341.1	0	100000	1.0
JABSTQ010011341.1	200000	300000	2.0
JABSTQ010011341.1	400000	500000	2.0
JABSTQ010011341.1	600000	683506	2.0
JABSTQ010011342.1	0	100000	3.0
JABSTQ010011342.1	100000	200000	1.0
JABSTQ010011342.1	300000	317584	1.0
JABSTQ010011343.1	0	100000	1.0
JABSTQ010011343.1	100000	200000	2.0
JABSTQ010011343.1	400000	500000	3.0
JABSTQ010011343.1	500000	600000	10.0
JABSTQ010011343.1	600000	662709	3.0
JABSTQ010011344.1	0	100000	3.0
JABSTQ010011344.1	100000	200000	1.0
JABSTQ010011344.1	200000	300000	2.0
JABSTQ010011344.1	300000	400000	1.0
JABSTQ010011344.1	400000	500000	2.0
JABSTQ010011344.1	500000	597821	2.0
JABSTQ010011345.1	0	100000	2.0
JABSTQ010011345.1	100000	200000	3.0
JABSTQ010011345.1	200000	300000	1.0
JABSTQ010011345.1	300000	305106	1.0
JABSTQ010011346.1	0	100000	3.0
JABSTQ010011346.1	100000	200000	3.0
JABSTQ010011346.1	600000	700000	2.0
JABSTQ010011346.1	900000	1000000	1.0
JABSTQ010011346.1	1000000	1005438	1.0
JABSTQ010011347.1	0	100000	2.0
JABSTQ010011347.1	200000	300000	3.0
JABSTQ010011347.1	300000	400000	2.0
JABSTQ010011347.1	400000	480332	1.0
JABSTQ010011348.1	0	100000	5.0
JABSTQ010011348.1	100000	200000	4.0
JABSTQ010011348.1	200000	300000	3.0
JABSTQ010011348.1	300000	400000	4.0
JABSTQ010011348.1	400000	500000	6.0
JABSTQ010011348.1	500000	600000	2.0
JABSTQ010011348.1	600000	700000	4.0
JABSTQ010011348.1	700000	743184	2.0
JABSTQ010011349.1	0	100000	1.0
JABSTQ010011349.1	100000	104699	1.0
JABSTQ010011350.1	0	100000	2.0
JABSTQ010011350.1	100000	200000	1.0
JABSTQ010011350.1	200000	300000	2.0
JABSTQ010011350.1	300000	400000	3.0
JABSTQ010011350.1	500000	600000	1.0
JABSTQ010011350.1	600000	700000	1.0
JABSTQ010011350.1	800000	822837	1.0
JABSTQ010011351.1	0	100000	3.0
JABSTQ010011351.1	200000	300000	3.0
JABSTQ010011351.1	300000	400000	1.0
JABSTQ010011351.1	500000	560954	1.0
JABSTQ010011352.1	0	100000	1.0
JABSTQ010011352.1	100000	200000	1.0
JABSTQ010011352.1	200000	278891	2.0
JABSTQ010011353.1	0	100000	2.0
JABSTQ010011353.1	100000	200000	2.0
JABSTQ010011353.1	200000	300000	2.0
JABSTQ010011353.1	300000	400000	1.0
JABSTQ010011353.1	400000	500000	1.0
JABSTQ010011353.1	600000	700000	2.0
JABSTQ010011353.1	700000	789757	3.0
JABSTQ010011354.1	0	100000	1.0
JABSTQ010011354.1	100000	200000	3.0
JABSTQ010011354.1	200000	300000	2.0
JABSTQ010011354.1	300000	329454	1.0
JABSTQ010011355.1	0	100000	1.0
JABSTQ010011355.1	200000	300000	1.0
JABSTQ010011355.1	400000	500000	2.0
JABSTQ010011355.1	600000	700000	1.0
JABSTQ010011355.1	800000	900000	2.0
JABSTQ010011355.1	900000	935411	2.0
JABSTQ010011356.1	0	100000	3.0
JABSTQ010011356.1	100000	200000	4.0
JABSTQ010011356.1	200000	300000	2.0
JABSTQ010011356.1	300000	400000	1.0
JABSTQ010011356.1	400000	500000	1.0
JABSTQ010011356.1	500000	600000	1.0
JABSTQ010011356.1	600000	700000	4.0
JABSTQ010011356.1	700000	726479	1.0
JABSTQ010011357.1	0	100000	2.0
JABSTQ010011357.1	100000	200000	1.0
JABSTQ010011357.1	600000	689892	1.0
JABSTQ010011358.1	0	100000	1.0
JABSTQ010011358.1	100000	200000	3.0
JABSTQ010011358.1	200000	300000	4.0
JABSTQ010011358.1	300000	400000	2.0
JABSTQ010011358.1	600000	700000	2.0
JABSTQ010011358.1	800000	900000	3.0
JABSTQ010011359.1	0	100000	1.0
JABSTQ010011359.1	100000	200000	3.0
JABSTQ010011359.1	200000	290783	2.0
JABSTQ010011360.1	0	100000	3.0
JABSTQ010011360.1	100000	200000	2.0
JABSTQ010011360.1	200000	278946	3.0
JABSTQ010011361.1	0	100000	1.0
JABSTQ010011361.1	100000	200000	3.0
JABSTQ010011361.1	200000	300000	2.0
JABSTQ010011361.1	300000	400000	2.0
JABSTQ010011361.1	400000	429295	1.0
JABSTQ010011362.1	0	100000	2.0
JABSTQ010011362.1	100000	200000	6.0
JABSTQ010011362.1	200000	300000	4.0
JABSTQ010011362.1	500000	600000	2.0
JABSTQ010011362.1	600000	700000	3.0
JABSTQ010011362.1	700000	800000	1.0
JABSTQ010011362.1	800000	900000	3.0
JABSTQ010011362.1	900000	902181	1.0
JABSTQ010011363.1	0	100000	1.0
JABSTQ010011363.1	100000	200000	4.0
JABSTQ010011363.1	200000	300000	1.0
JABSTQ010011363.1	300000	370945	3.0
JABSTQ010011364.1	0	100000	1.0
JABSTQ010011364.1	500000	600000	2.0
JABSTQ010011364.1	600000	700000	1.0
JABSTQ010011364.1	700000	800000	3.0
JABSTQ010011364.1	800000	900000	1.0
JABSTQ010011364.1	900000	1000000	1.0
JABSTQ010011364.1	1200000	1300000	2.0
JABSTQ010011364.1	1300000	1400000	1.0
JABSTQ010011364.1	1600000	1700000	1.0
JABSTQ010011364.1	1800000	1900000	1.0
JABSTQ010011364.1	1900000	2000000	1.0
JABSTQ010011364.1	2000000	2100000	2.0
JABSTQ010011364.1	2100000	2200000	2.0
JABSTQ010011364.1	2200000	2300000	3.0
JABSTQ010011364.1	2300000	2400000	3.0
JABSTQ010011364.1	2400000	2500000	1.0
JABSTQ010011364.1	2600000	2700000	2.0
JABSTQ010011364.1	2700000	2718654	1.0
JABSTQ010011365.1	0	100000	5.0
JABSTQ010011365.1	100000	200000	6.0
JABSTQ010011365.1	200000	300000	3.0
JABSTQ010011365.1	300000	400000	6.0
JABSTQ010011365.1	400000	500000	4.0
JABSTQ010011365.1	500000	600000	3.0
JABSTQ010011365.1	600000	700000	1.0
JABSTQ010011366.1	0	100000	2.0
JABSTQ010011366.1	100000	200000	4.0
JABSTQ010011366.1	200000	300000	2.0
JABSTQ010011366.1	500000	535532	1.0
JABSTQ010011367.1	0	100000	3.0
JABSTQ010011367.1	100000	200000	4.0
JABSTQ010011367.1	200000	300000	4.0
JABSTQ010011367.1	300000	400000	1.0
JABSTQ010011367.1	400000	500000	1.0
JABSTQ010011367.1	600000	700000	4.0
JABSTQ010011368.1	0	100000	6.0
JABSTQ010011368.1	100000	200000	2.0
JABSTQ010011368.1	200000	300000	1.0
JABSTQ010011368.1	300000	400000	4.0
JABSTQ010011368.1	400000	500000	1.0
JABSTQ010011368.1	500000	600000	3.0
JABSTQ010011368.1	800000	900000	1.0
JABSTQ010011368.1	900000	997387	1.0
JABSTQ010011369.1	100000	200000	4.0
JABSTQ010011369.1	200000	290298	1.0
JABSTQ010011370.1	0	100000	2.0
JABSTQ010011370.1	100000	200000	2.0
JABSTQ010011370.1	200000	300000	4.0
JABSTQ010011370.1	300000	400000	2.0
JABSTQ010011370.1	500000	556484	2.0
JABSTQ010011371.1	0	100000	3.0
JABSTQ010011371.1	100000	200000	2.0
JABSTQ010011371.1	200000	300000	3.0
JABSTQ010011371.1	300000	400000	1.0
JABSTQ010011371.1	400000	492201	2.0
JABSTQ010011372.1	300000	346562	1.0
JABSTQ010011373.1	0	100000	1.0
JABSTQ010011373.1	100000	200000	1.0
JABSTQ010011373.1	200000	300000	5.0
JABSTQ010011373.1	300000	400000	3.0
JABSTQ010011373.1	400000	419639	1.0
JABSTQ010011374.1	0	100000	2.0
JABSTQ010011374.1	100000	200000	2.0
JABSTQ010011374.1	200000	300000	2.0
JABSTQ010011374.1	400000	500000	3.0
JABSTQ010011374.1	500000	600000	1.0
JABSTQ010011374.1	600000	700000	3.0
JABSTQ010011374.1	700000	800000	2.0
JABSTQ010011374.1	800000	900000	2.0
JABSTQ010011374.1	900000	1000000	5.0
JABSTQ010011374.1	1000000	1100000	3.0
JABSTQ010011374.1	1100000	1118159	1.0
JABSTQ010011375.1	100000	200000	3.0
JABSTQ010011375.1	200000	300000	2.0
JABSTQ010011375.1	300000	400000	3.0
JABSTQ010011375.1	400000	500000	3.0
JABSTQ010011375.1	500000	584502	1.0
JABSTQ010011376.1	0	100000	2.0
JABSTQ010011376.1	100000	200000	1.0
JABSTQ010011376.1	200000	300000	1.0
JABSTQ010011376.1	300000	400000	1.0
JABSTQ010011376.1	400000	500000	1.0
JABSTQ010011376.1	500000	600000	1.0
JABSTQ010011376.1	600000	604607	1.0
JABSTQ010011377.1	0	100000	1.0
JABSTQ010011377.1	200000	234218	1.0
JABSTQ010011378.1	0	100000	1.0
JABSTQ010011378.1	100000	200000	3.0
JABSTQ010011378.1	200000	300000	1.0
JABSTQ010011378.1	300000	400000	4.0
JABSTQ010011378.1	400000	500000	2.0
JABSTQ010011378.1	500000	600000	2.0
JABSTQ010011378.1	600000	700000	3.0
JABSTQ010011378.1	700000	800000	2.0
JABSTQ010011378.1	800000	900000	1.0
JABSTQ010011378.1	900000	1000000	1.0
JABSTQ010011378.1	1000000	1100000	2.0
JABSTQ010011378.1	1100000	1120685	1.0
JABSTQ010011379.1	0	100000	3.0
JABSTQ010011379.1	100000	200000	3.0
JABSTQ010011379.1	200000	300000	6.0
JABSTQ010011379.1	300000	388428	1.0
JABSTQ010011380.1	0	100000	3.0
JABSTQ010011380.1	100000	200000	2.0
JABSTQ010011380.1	200000	300000	2.0
JABSTQ010011380.1	300000	400000	1.0
JABSTQ010011380.1	400000	500000	3.0
JABSTQ010011380.1	1100000	1200000	1.0
JABSTQ010011380.1	1200000	1220718	2.0
JABSTQ010011381.1	0	100000	1.0
JABSTQ010011381.1	200000	300000	3.0
JABSTQ010011381.1	500000	600000	1.0
JABSTQ010011381.1	600000	698315	2.0
JABSTQ010011382.1	0	100000	5.0
JABSTQ010011382.1	100000	200000	1.0
JABSTQ010011382.1	200000	300000	1.0
JABSTQ010011382.1	300000	325538	3.0
JABSTQ010011383.1	400000	500000	3.0
JABSTQ010011383.1	500000	597792	1.0
JABSTQ010011384.1	0	100000	3.0
JABSTQ010011384.1	100000	200000	2.0
JABSTQ010011384.1	200000	300000	1.0
JABSTQ010011384.1	300000	394051	3.0
JABSTQ010011385.1	0	100000	2.0
JABSTQ010011385.1	100000	200000	2.0
JABSTQ010011385.1	200000	300000	3.0
JABSTQ010011385.1	300000	400000	8.0
JABSTQ010011385.1	400000	457592	3.0
JABSTQ010011386.1	0	100000	2.0
JABSTQ010011386.1	100000	200000	1.0
JABSTQ010011386.1	300000	400000	3.0
JABSTQ010011386.1	400000	447814	3.0
JABSTQ010011387.1	0	100000	1.0
JABSTQ010011387.1	100000	200000	1.0
JABSTQ010011387.1	200000	300000	1.0
JABSTQ010011388.1	0	100000	2.0
JABSTQ010011388.1	200000	300000	1.0
JABSTQ010011388.1	300000	400000	1.0
JABSTQ010011388.1	400000	452792	2.0
JABSTQ010011389.1	100000	200000	3.0
JABSTQ010011389.1	200000	300000	1.0
JABSTQ010011389.1	300000	400000	2.0
JABSTQ010011389.1	400000	500000	2.0
JABSTQ010011389.1	600000	700000	1.0
JABSTQ010011389.1	1000000	1056310	1.0
JABSTQ010011390.1	200000	300000	1.0
JABSTQ010011390.1	600000	700000	1.0
JABSTQ010011390.1	700000	800000	1.0
JABSTQ010011390.1	800000	900000	4.0
JABSTQ010011390.1	900000	1000000	1.0
JABSTQ010011390.1	1000000	1100000	2.0
JABSTQ010011390.1	1100000	1147687	3.0
JABSTQ010011391.1	0	100000	2.0
JABSTQ010011391.1	100000	200000	1.0
JABSTQ010011391.1	200000	300000	1.0
JABSTQ010011391.1	300000	400000	1.0
JABSTQ010011391.1	400000	489507	4.0
JABSTQ010011392.1	100000	200000	3.0
JABSTQ010011392.1	200000	300000	1.0
JABSTQ010011392.1	300000	400000	2.0
JABSTQ010011392.1	600000	700000	2.0
JABSTQ010011392.1	800000	900000	2.0
JABSTQ010011392.1	900000	1000000	3.0
JABSTQ010011392.1	1000000	1100000	2.0
JABSTQ010011392.1	1100000	1200000	2.0
JABSTQ010011392.1	1200000	1300000	2.0
JABSTQ010011392.1	1500000	1541402	2.0
JABSTQ010011393.1	100000	200000	1.0
JABSTQ010011393.1	200000	300000	1.0
JABSTQ010011393.1	300000	353846	1.0
JABSTQ010011394.1	0	100000	2.0
JABSTQ010011394.1	100000	200000	5.0
JABSTQ010011394.1	200000	300000	3.0
JABSTQ010011394.1	300000	365550	3.0
JABSTQ010011395.1	0	100000	2.0
JABSTQ010011395.1	200000	300000	1.0
JABSTQ010011395.1	400000	500000	2.0
JABSTQ010011395.1	500000	600000	1.0
JABSTQ010011395.1	600000	700000	1.0
JABSTQ010011395.1	1200000	1300000	1.0
JABSTQ010011395.1	1300000	1400000	2.0
JABSTQ010011395.1	1600000	1624474	1.0
JABSTQ010011396.1	0	100000	1.0
JABSTQ010011396.1	100000	200000	1.0
JABSTQ010011396.1	200000	300000	2.0
JABSTQ010011396.1	300000	369357	5.0
JABSTQ010011397.1	0	100000	4.0
JABSTQ010011397.1	100000	200000	4.0
JABSTQ010011397.1	200000	300000	1.0
JABSTQ010011397.1	300000	400000	1.0
JABSTQ010011397.1	800000	900000	1.0
JABSTQ010011397.1	900000	1000000	2.0
JABSTQ010011397.1	1200000	1300000	2.0
JABSTQ010011397.1	1300000	1400000	2.0
JABSTQ010011397.1	1400000	1439162	2.0
JABSTQ010011398.1	0	100000	2.0
JABSTQ010011398.1	300000	400000	1.0
JABSTQ010011398.1	400000	452904	1.0
JABSTQ010011399.1	0	100000	1.0
JABSTQ010011399.1	100000	200000	3.0
JABSTQ010011399.1	200000	300000	3.0
JABSTQ010011399.1	300000	400000	2.0
JABSTQ010011399.1	400000	500000	1.0
JABSTQ010011399.1	500000	600000	1.0
JABSTQ010011399.1	800000	900000	1.0
JABSTQ010011399.1	900000	1000000	1.0
JABSTQ010011399.1	1000000	1100000	1.0
JABSTQ010011399.1	1400000	1500000	1.0
JABSTQ010011399.1	1500000	1550453	1.0
JABSTQ010011400.1	0	100000	1.0
JABSTQ010011400.1	100000	200000	2.0
JABSTQ010011400.1	200000	300000	5.0
JABSTQ010011400.1	300000	310391	1.0
JABSTQ010011401.1	100000	116997	1.0
JABSTQ010011402.1	0	100000	2.0
JABSTQ010011402.1	100000	200000	2.0
JABSTQ010011402.1	200000	300000	2.0
JABSTQ010011402.1	300000	400000	4.0
JABSTQ010011403.1	0	100000	1.0
JABSTQ010011403.1	100000	200000	5.0
JABSTQ010011403.1	200000	300000	3.0
JABSTQ010011403.1	300000	400000	3.0
JABSTQ010011403.1	400000	500000	2.0
JABSTQ010011403.1	500000	600000	3.0
JABSTQ010011404.1	0	100000	3.0
JABSTQ010011404.1	100000	200000	5.0
JABSTQ010011404.1	200000	300000	4.0
JABSTQ010011404.1	300000	400000	2.0
JABSTQ010011404.1	400000	500000	3.0
JABSTQ010011404.1	500000	600000	2.0
JABSTQ010011404.1	600000	700000	3.0
JABSTQ010011404.1	700000	744764	1.0
JABSTQ010011405.1	100000	200000	2.0
JABSTQ010011405.1	200000	300000	4.0
JABSTQ010011405.1	300000	400000	3.0
JABSTQ010011405.1	400000	500000	3.0
JABSTQ010011405.1	500000	600000	3.0
JABSTQ010011405.1	600000	700000	2.0
JABSTQ010011405.1	700000	783018	2.0
JABSTQ010011406.1	0	100000	2.0
JABSTQ010011406.1	100000	200000	4.0
JABSTQ010011406.1	200000	299759	1.0
JABSTQ010011407.1	0	100000	3.0
JABSTQ010011407.1	100000	200000	1.0
JABSTQ010011407.1	200000	300000	1.0
JABSTQ010011407.1	400000	500000	1.0
JABSTQ010011407.1	500000	600000	5.0
JABSTQ010011407.1	600000	656049	2.0
JABSTQ010011408.1	0	100000	2.0
JABSTQ010011408.1	100000	200000	1.0
JABSTQ010011408.1	200000	300000	2.0
JABSTQ010011408.1	300000	400000	1.0
JABSTQ010011408.1	400000	500000	1.0
JABSTQ010011408.1	600000	686820	3.0
JABSTQ010011409.1	0	100000	1.0
JABSTQ010011409.1	100000	200000	4.0
JABSTQ010011409.1	200000	300000	2.0
JABSTQ010011409.1	400000	493275	1.0
JABSTQ010011410.1	200000	300000	1.0
JABSTQ010011410.1	400000	473835	1.0
JABSTQ010011411.1	100000	200000	1.0
JABSTQ010011411.1	200000	300000	1.0
JABSTQ010011411.1	300000	400000	1.0
JABSTQ010011411.1	400000	500000	1.0
JABSTQ010011411.1	500000	600000	1.0
JABSTQ010011411.1	600000	700000	2.0
JABSTQ010011411.1	700000	800000	4.0
JABSTQ010011411.1	800000	855231	3.0
JABSTQ010011412.1	0	100000	4.0
JABSTQ010011412.1	100000	200000	4.0
JABSTQ010011412.1	200000	300000	3.0
JABSTQ010011412.1	300000	400000	2.0
JABSTQ010011412.1	400000	500000	3.0
JABSTQ010011412.1	500000	600000	3.0
JABSTQ010011413.1	0	100000	1.0
JABSTQ010011413.1	100000	200000	1.0
JABSTQ010011413.1	200000	227535	1.0
JABSTQ010011414.1	0	100000	1.0
JABSTQ010011414.1	100000	200000	2.0
JABSTQ010011414.1	200000	300000	1.0
JABSTQ010011414.1	300000	400000	1.0
JABSTQ010011414.1	700000	800000	1.0
JABSTQ010011414.1	900000	1000000	4.0
JABSTQ010011414.1	1000000	1100000	1.0
JABSTQ010011414.1	1100000	1130437	3.0
JABSTQ010011415.1	0	100000	1.0
JABSTQ010011415.1	100000	200000	4.0
JABSTQ010011415.1	200000	300000	3.0
JABSTQ010011415.1	300000	400000	2.0
JABSTQ010011415.1	400000	500000	1.0
JABSTQ010011415.1	500000	600000	1.0
JABSTQ010011415.1	600000	636354	1.0
JABSTQ010011416.1	0	100000	3.0
JABSTQ010011416.1	100000	200000	1.0
JABSTQ010011416.1	200000	300000	1.0
JABSTQ010011416.1	400000	445717	1.0
JABSTQ010011417.1	0	100000	5.0
JABSTQ010011417.1	100000	200000	2.0
JABSTQ010011417.1	200000	300000	4.0
JABSTQ010011417.1	300000	400000	6.0
JABSTQ010011417.1	400000	500000	4.0
JABSTQ010011417.1	600000	700000	3.0
JABSTQ010011417.1	700000	800000	1.0
JABSTQ010011417.1	1000000	1100000	1.0
JABSTQ010011417.1	1100000	1200000	4.0
JABSTQ010011417.1	1200000	1214655	1.0
JABSTQ010011418.1	100000	200000	2.0
JABSTQ010011418.1	400000	500000	1.0
JABSTQ010011418.1	500000	553610	2.0
JABSTQ010011419.1	0	100000	1.0
JABSTQ010011419.1	100000	200000	2.0
JABSTQ010011419.1	200000	300000	3.0
JABSTQ010011419.1	300000	400000	1.0
JABSTQ010011419.1	400000	500000	3.0
JABSTQ010011419.1	500000	600000	6.0
JABSTQ010011419.1	600000	700000	4.0
JABSTQ010011419.1	700000	800000	4.0
JABSTQ010011419.1	800000	886347	3.0
JABSTQ010011420.1	0	100000	1.0
JABSTQ010011420.1	100000	200000	1.0
JABSTQ010011420.1	200000	300000	4.0
JABSTQ010011420.1	300000	400000	1.0
JABSTQ010011420.1	400000	500000	3.0
JABSTQ010011420.1	500000	600000	2.0
JABSTQ010011420.1	600000	700000	2.0
JABSTQ010011420.1	700000	800000	3.0
JABSTQ010011420.1	800000	900000	1.0
JABSTQ010011420.1	900000	1000000	1.0
JABSTQ010011420.1	1000000	1100000	4.0
JABSTQ010011420.1	1100000	1200000	2.0
JABSTQ010011420.1	1200000	1300000	3.0
JABSTQ010011420.1	1300000	1400000	2.0
JABSTQ010011421.1	0	100000	1.0
JABSTQ010011421.1	100000	200000	3.0
JABSTQ010011421.1	200000	300000	1.0
JABSTQ010011421.1	300000	400000	1.0
JABSTQ010011421.1	400000	500000	3.0
JABSTQ010011421.1	500000	600000	2.0
JABSTQ010011421.1	600000	700000	4.0
JABSTQ010011421.1	700000	800000	2.0
JABSTQ010011421.1	800000	900000	1.0
JABSTQ010011421.1	900000	925117	1.0
JABSTQ010011422.1	0	100000	1.0
JABSTQ010011422.1	100000	200000	2.0
JABSTQ010011422.1	400000	500000	1.0
JABSTQ010011422.1	500000	564002	2.0
JABSTQ010011423.1	100000	200000	1.0
JABSTQ010011423.1	200000	300000	1.0
JABSTQ010011423.1	300000	324738	1.0
JABSTQ010011424.1	0	100000	2.0
JABSTQ010011424.1	100000	200000	3.0
JABSTQ010011424.1	200000	300000	1.0
JABSTQ010011424.1	300000	400000	1.0
JABSTQ010011424.1	400000	500000	3.0
JABSTQ010011424.1	500000	561664	2.0
JABSTQ010011425.1	200000	288409	1.0
JABSTQ010011426.1	0	100000	5.0
JABSTQ010011426.1	100000	200000	2.0
JABSTQ010011426.1	200000	300000	2.0
JABSTQ010011426.1	300000	363754	3.0
JABSTQ010011427.1	100000	200000	2.0
JABSTQ010011427.1	200000	300000	5.0
JABSTQ010011427.1	500000	600000	1.0
JABSTQ010011427.1	600000	700000	4.0
JABSTQ010011427.1	700000	800000	2.0
JABSTQ010011427.1	800000	900000	6.0
JABSTQ010011427.1	900000	945960	1.0
JABSTQ010011428.1	0	100000	2.0
JABSTQ010011428.1	100000	200000	3.0
JABSTQ010011428.1	200000	300000	2.0
JABSTQ010011428.1	300000	381841	2.0
JABSTQ010011429.1	0	100000	1.0
JABSTQ010011429.1	100000	200000	1.0
JABSTQ010011430.1	100000	200000	1.0
JABSTQ010011430.1	500000	600000	2.0
JABSTQ010011430.1	700000	800000	1.0
JABSTQ010011430.1	900000	1000000	1.0
JABSTQ010011430.1	1100000	1200000	3.0
JABSTQ010011430.1	1200000	1300000	3.0
JABSTQ010011430.1	1300000	1400000	2.0
JABSTQ010011430.1	1400000	1500000	3.0
JABSTQ010011430.1	1500000	1600000	4.0
JABSTQ010011430.1	1600000	1700000	1.0
JABSTQ010011430.1	1700000	1800000	1.0
JABSTQ010011430.1	1800000	1855152	1.0
JABSTQ010011431.1	0	100000	2.0
JABSTQ010011431.1	100000	200000	4.0
JABSTQ010011431.1	200000	300000	2.0
JABSTQ010011431.1	300000	400000	4.0
JABSTQ010011431.1	400000	495345	2.0
JABSTQ010011432.1	0	100000	2.0
JABSTQ010011432.1	100000	200000	3.0
JABSTQ010011432.1	200000	300000	2.0
JABSTQ010011432.1	300000	342664	2.0
JABSTQ010011433.1	0	100000	2.0
JABSTQ010011433.1	100000	200000	1.0
JABSTQ010011433.1	300000	400000	3.0
JABSTQ010011433.1	400000	500000	2.0
JABSTQ010011433.1	500000	600000	1.0
JABSTQ010011433.1	600000	700000	1.0
JABSTQ010011433.1	700000	800000	1.0
JABSTQ010011433.1	800000	824665	2.0
JABSTQ010011434.1	0	100000	3.0
JABSTQ010011434.1	100000	200000	2.0
JABSTQ010011434.1	200000	300000	4.0
JABSTQ010011434.1	300000	384688	3.0
JABSTQ010011435.1	0	100000	4.0
JABSTQ010011435.1	100000	200000	1.0
JABSTQ010011435.1	200000	300000	3.0
JABSTQ010011435.1	300000	400000	3.0
JABSTQ010011435.1	400000	500000	7.0
JABSTQ010011435.1	500000	600000	1.0
JABSTQ010011435.1	600000	700000	1.0
JABSTQ010011435.1	700000	800000	1.0
JABSTQ010011435.1	800000	900000	6.0
JABSTQ010011435.1	900000	962226	5.0
JABSTQ010011436.1	0	100000	1.0
JABSTQ010011436.1	100000	200000	2.0
JABSTQ010011436.1	300000	400000	1.0
JABSTQ010011436.1	500000	529724	2.0
JABSTQ010011437.1	0	100000	2.0
JABSTQ010011437.1	100000	200000	1.0
JABSTQ010011437.1	400000	500000	2.0
JABSTQ010011437.1	500000	600000	1.0
JABSTQ010011437.1	600000	630167	1.0
JABSTQ010011438.1	0	100000	2.0
JABSTQ010011438.1	100000	200000	3.0
JABSTQ010011438.1	200000	300000	1.0
JABSTQ010011438.1	400000	500000	1.0
JABSTQ010011438.1	500000	600000	3.0
JABSTQ010011438.1	600000	700000	5.0
JABSTQ010011438.1	700000	800000	2.0
JABSTQ010011438.1	800000	807970	1.0
JABSTQ010011439.1	200000	300000	4.0
JABSTQ010011439.1	300000	400000	3.0
JABSTQ010011439.1	400000	500000	2.0
JABSTQ010011439.1	500000	578058	1.0
JABSTQ010011440.1	100000	200000	3.0
JABSTQ010011440.1	200000	300000	3.0
JABSTQ010011440.1	300000	319928	1.0
JABSTQ010011441.1	0	100000	1.0
JABSTQ010011441.1	100000	200000	1.0
JABSTQ010011441.1	400000	487900	3.0
JABSTQ010011442.1	0	100000	1.0
JABSTQ010011442.1	100000	155737	1.0
JABSTQ010011443.1	0	100000	4.0
JABSTQ010011443.1	200000	300000	1.0
JABSTQ010011443.1	400000	486620	1.0
JABSTQ010011444.1	0	100000	2.0
JABSTQ010011444.1	100000	128088	2.0
JABSTQ010011445.1	0	100000	2.0
JABSTQ010011445.1	100000	188093	1.0
JABSTQ010011446.1	0	100000	3.0
JABSTQ010011446.1	100000	200000	2.0
JABSTQ010011446.1	200000	300000	2.0
JABSTQ010011446.1	300000	400000	2.0
JABSTQ010011446.1	400000	500000	2.0
JABSTQ010011446.1	500000	600000	4.0
JABSTQ010011446.1	600000	700000	1.0
JABSTQ010011446.1	700000	800000	4.0
JABSTQ010011446.1	800000	900000	2.0
JABSTQ010011446.1	900000	919857	1.0
JABSTQ010011447.1	100000	200000	2.0
JABSTQ010011447.1	200000	300000	2.0
JABSTQ010011447.1	300000	400000	2.0
JABSTQ010011447.1	400000	500000	1.0
JABSTQ010011447.1	500000	504373	1.0
JABSTQ010011448.1	200000	300000	1.0
JABSTQ010011448.1	700000	800000	1.0
JABSTQ010011448.1	800000	900000	2.0
JABSTQ010011448.1	900000	1000000	4.0
JABSTQ010011448.1	1000000	1100000	1.0
JABSTQ010011448.1	1200000	1300000	3.0
JABSTQ010011448.1	1400000	1500000	2.0
JABSTQ010011448.1	1500000	1594233	2.0
JABSTQ010011449.1	0	100000	2.0
JABSTQ010011449.1	100000	200000	2.0
JABSTQ010011449.1	200000	300000	3.0
JABSTQ010011449.1	300000	400000	1.0
JABSTQ010011450.1	0	100000	1.0
JABSTQ010011450.1	100000	200000	3.0
JABSTQ010011450.1	400000	500000	2.0
JABSTQ010011450.1	500000	600000	1.0
JABSTQ010011450.1	600000	700000	1.0
JABSTQ010011450.1	700000	800000	1.0
JABSTQ010011450.1	800000	900000	2.0
JABSTQ010011450.1	1000000	1100000	1.0
JABSTQ010011450.1	1100000	1200000	1.0
JABSTQ010011450.1	1200000	1259144	1.0
JABSTQ010011451.1	0	100000	1.0
JABSTQ010011451.1	100000	200000	2.0
JABSTQ010011451.1	200000	300000	3.0
JABSTQ010011451.1	300000	400000	5.0
JABSTQ010011451.1	400000	500000	3.0
JABSTQ010011451.1	500000	600000	4.0
JABSTQ010011451.1	700000	800000	1.0
JABSTQ010011452.1	100000	200000	1.0
JABSTQ010011452.1	200000	300000	2.0
JABSTQ010011452.1	300000	400000	4.0
JABSTQ010011452.1	400000	500000	5.0
JABSTQ010011452.1	500000	578574	3.0
JABSTQ010011453.1	0	9507	1.0
JABSTQ010011454.1	0	100000	1.0
JABSTQ010011454.1	100000	118293	1.0
JABSTQ010011455.1	0	100000	1.0
JABSTQ010011455.1	100000	200000	2.0
JABSTQ010011455.1	200000	300000	3.0
JABSTQ010011455.1	300000	400000	3.0
JABSTQ010011455.1	400000	500000	2.0
JABSTQ010011455.1	500000	600000	5.0
JABSTQ010011455.1	600000	621794	2.0
JABSTQ010011456.1	100000	200000	1.0
JABSTQ010011456.1	200000	300000	1.0
JABSTQ010011456.1	300000	400000	2.0
JABSTQ010011456.1	400000	500000	2.0
JABSTQ010011457.1	0	100000	1.0
JABSTQ010011457.1	100000	200000	1.0
JABSTQ010011457.1	200000	255532	1.0
JABSTQ010011458.1	0	100000	5.0
JABSTQ010011458.1	100000	200000	3.0
JABSTQ010011458.1	200000	300000	3.0
JABSTQ010011458.1	300000	400000	4.0
JABSTQ010011458.1	400000	500000	5.0
JABSTQ010011458.1	500000	600000	4.0
JABSTQ010011458.1	600000	700000	1.0
JABSTQ010011458.1	700000	729287	1.0
JABSTQ010011459.1	100000	200000	3.0
JABSTQ010011459.1	200000	300000	2.0
JABSTQ010011459.1	400000	500000	4.0
JABSTQ010011459.1	500000	600000	2.0
JABSTQ010011459.1	600000	700000	2.0
JABSTQ010011459.1	700000	800000	2.0
JABSTQ010011460.1	0	100000	4.0
JABSTQ010011460.1	100000	200000	1.0
JABSTQ010011460.1	300000	400000	1.0
JABSTQ010011460.1	400000	500000	1.0
JABSTQ010011460.1	600000	700000	2.0
JABSTQ010011460.1	700000	800000	3.0
JABSTQ010011460.1	800000	900000	1.0
JABSTQ010011460.1	1000000	1100000	1.0
JABSTQ010011460.1	1100000	1177620	5.0
JABSTQ010011461.1	0	100000	1.0
JABSTQ010011461.1	100000	200000	2.0
JABSTQ010011461.1	200000	240462	1.0
JABSTQ010011462.1	0	100000	4.0
JABSTQ010011462.1	100000	200000	4.0
JABSTQ010011462.1	200000	300000	2.0
JABSTQ010011462.1	300000	400000	1.0
JABSTQ010011462.1	400000	500000	4.0
JABSTQ010011462.1	500000	600000	3.0
JABSTQ010011462.1	600000	657455	1.0
JABSTQ010011463.1	0	100000	1.0
JABSTQ010011463.1	300000	400000	1.0
JABSTQ010011463.1	400000	500000	2.0
JABSTQ010011463.1	500000	546968	1.0
JABSTQ010011464.1	0	100000	1.0
JABSTQ010011464.1	200000	300000	2.0
JABSTQ010011464.1	300000	400000	4.0
JABSTQ010011464.1	400000	500000	2.0
JABSTQ010011464.1	800000	900000	3.0
JABSTQ010011464.1	900000	1000000	2.0
JABSTQ010011464.1	1000000	1100000	1.0
JABSTQ010011464.1	1100000	1200000	4.0
JABSTQ010011464.1	1200000	1300000	1.0
JABSTQ010011464.1	1300000	1400000	3.0
JABSTQ010011464.1	1400000	1500000	2.0
JABSTQ010011464.1	1500000	1552269	2.0
JABSTQ010011465.1	100000	200000	2.0
JABSTQ010011465.1	300000	400000	2.0
JABSTQ010011465.1	500000	600000	1.0
JABSTQ010011465.1	600000	700000	2.0
JABSTQ010011465.1	700000	800000	4.0
JABSTQ010011465.1	900000	965176	3.0
JABSTQ010011466.1	0	100000	1.0
JABSTQ010011466.1	100000	200000	2.0
JABSTQ010011466.1	200000	300000	1.0
JABSTQ010011466.1	300000	400000	1.0
JABSTQ010011466.1	400000	500000	1.0
JABSTQ010011466.1	500000	600000	1.0
JABSTQ010011466.1	600000	700000	2.0
JABSTQ010011466.1	700000	800000	1.0
JABSTQ010011466.1	900000	1000000	1.0
JABSTQ010011466.1	1000000	1057589	1.0
JABSTQ010011467.1	0	100000	6.0
JABSTQ010011467.1	100000	200000	4.0
JABSTQ010011467.1	300000	400000	3.0
JABSTQ010011467.1	400000	426784	1.0
JABSTQ010011468.1	0	100000	1.0
JABSTQ010011468.1	100000	200000	2.0
JABSTQ010011468.1	200000	300000	2.0
JABSTQ010011468.1	300000	400000	4.0
JABSTQ010011468.1	600000	700000	1.0
JABSTQ010011468.1	800000	900000	1.0
JABSTQ010011468.1	900000	1000000	2.0
JABSTQ010011468.1	1000000	1100000	5.0
JABSTQ010011468.1	1100000	1200000	3.0
JABSTQ010011468.1	1200000	1213477	2.0
JABSTQ010011469.1	0	100000	4.0
JABSTQ010011469.1	100000	200000	3.0
JABSTQ010011469.1	300000	400000	1.0
JABSTQ010011469.1	400000	500000	2.0
JABSTQ010011469.1	500000	600000	2.0
JABSTQ010011469.1	600000	700000	1.0
JABSTQ010011469.1	700000	795967	1.0
JABSTQ010011470.1	0	100000	2.0
JABSTQ010011470.1	100000	200000	1.0
JABSTQ010011470.1	200000	300000	1.0
JABSTQ010011470.1	300000	400000	2.0
JABSTQ010011470.1	400000	500000	3.0
JABSTQ010011470.1	500000	600000	2.0
JABSTQ010011470.1	600000	700000	2.0
JABSTQ010011470.1	700000	800000	3.0
JABSTQ010011470.1	800000	862826	2.0
JABSTQ010011471.1	0	100000	6.0
JABSTQ010011471.1	100000	200000	1.0
JABSTQ010011471.1	200000	300000	3.0
JABSTQ010011471.1	300000	400000	1.0
JABSTQ010011471.1	400000	500000	1.0
JABSTQ010011471.1	600000	700000	1.0
JABSTQ010011471.1	700000	800000	1.0
JABSTQ010011471.1	800000	846844	2.0
JABSTQ010011472.1	0	100000	3.0
JABSTQ010011472.1	200000	300000	3.0
JABSTQ010011472.1	300000	400000	1.0
JABSTQ010011472.1	400000	500000	4.0
JABSTQ010011472.1	500000	600000	1.0
JABSTQ010011473.1	200000	300000	1.0
JABSTQ010011473.1	500000	600000	2.0
JABSTQ010011473.1	700000	800000	2.0
JABSTQ010011473.1	800000	900000	1.0
JABSTQ010011473.1	900000	1000000	3.0
JABSTQ010011473.1	1200000	1300000	1.0
JABSTQ010011473.1	1300000	1338523	1.0
JABSTQ010011474.1	0	100000	4.0
JABSTQ010011474.1	100000	200000	1.0
JABSTQ010011474.1	200000	300000	2.0
JABSTQ010011474.1	300000	400000	6.0
JABSTQ010011474.1	400000	500000	3.0
JABSTQ010011474.1	500000	600000	1.0
JABSTQ010011474.1	600000	700000	2.0
JABSTQ010011474.1	700000	800000	1.0
JABSTQ010011474.1	800000	900000	1.0
JABSTQ010011474.1	900000	1000000	1.0
JABSTQ010011474.1	1100000	1200000	3.0
JABSTQ010011474.1	1200000	1248656	2.0
JABSTQ010011475.1	0	100000	1.0
JABSTQ010011475.1	200000	300000	1.0
JABSTQ010011475.1	400000	500000	2.0
JABSTQ010011475.1	500000	600000	1.0
JABSTQ010011476.1	0	100000	2.0
JABSTQ010011476.1	100000	200000	2.0
JABSTQ010011476.1	300000	333887	1.0
JABSTQ010011477.1	100000	200000	1.0
JABSTQ010011477.1	200000	300000	1.0
JABSTQ010011477.1	300000	400000	2.0
JABSTQ010011477.1	400000	458492	1.0
JABSTQ010011478.1	0	100000	1.0
JABSTQ010011478.1	100000	200000	1.0
JABSTQ010011478.1	200000	300000	3.0
JABSTQ010011478.1	400000	500000	1.0
JABSTQ010011478.1	500000	600000	2.0
JABSTQ010011478.1	600000	700000	1.0
JABSTQ010011478.1	700000	729967	1.0
JABSTQ010011479.1	0	100000	2.0
JABSTQ010011479.1	100000	200000	2.0
JABSTQ010011479.1	200000	300000	3.0
JABSTQ010011479.1	300000	312649	1.0
JABSTQ010011480.1	0	100000	4.0
JABSTQ010011480.1	100000	200000	1.0
JABSTQ010011480.1	300000	400000	1.0
JABSTQ010011480.1	400000	454930	2.0
JABSTQ010011481.1	0	100000	2.0
JABSTQ010011481.1	100000	200000	2.0
JABSTQ010011481.1	200000	300000	3.0
JABSTQ010011481.1	300000	396202	2.0
JABSTQ010011482.1	0	100000	1.0
JABSTQ010011482.1	100000	200000	1.0
JABSTQ010011482.1	200000	228989	1.0
JABSTQ010011483.1	0	100000	2.0
JABSTQ010011483.1	100000	200000	1.0
JABSTQ010011483.1	200000	300000	1.0
JABSTQ010011483.1	300000	400000	1.0
JABSTQ010011483.1	400000	438585	2.0
JABSTQ010011484.1	0	100000	2.0
JABSTQ010011484.1	100000	200000	1.0
JABSTQ010011484.1	400000	500000	1.0
JABSTQ010011484.1	600000	700000	3.0
JABSTQ010011484.1	700000	735789	1.0
JABSTQ010011485.1	0	100000	1.0
JABSTQ010011485.1	100000	200000	2.0
JABSTQ010011485.1	200000	300000	2.0
JABSTQ010011485.1	300000	400000	1.0
JABSTQ010011485.1	400000	484924	2.0
JABSTQ010011486.1	0	100000	2.0
JABSTQ010011486.1	300000	400000	2.0
JABSTQ010011486.1	400000	500000	4.0
JABSTQ010011486.1	500000	512667	1.0
JABSTQ010011487.1	0	100000	3.0
JABSTQ010011487.1	200000	300000	2.0
JABSTQ010011487.1	300000	400000	3.0
JABSTQ010011487.1	400000	500000	5.0
JABSTQ010011487.1	500000	600000	1.0
JABSTQ010011487.1	600000	685881	1.0
JABSTQ010011488.1	0	100000	1.0
JABSTQ010011488.1	300000	400000	1.0
JABSTQ010011488.1	400000	500000	2.0
JABSTQ010011488.1	500000	600000	1.0
JABSTQ010011488.1	600000	700000	1.0
JABSTQ010011488.1	700000	800000	1.0
JABSTQ010011488.1	800000	852570	1.0
JABSTQ010011489.1	0	100000	1.0
JABSTQ010011489.1	100000	200000	3.0
JABSTQ010011489.1	200000	300000	2.0
JABSTQ010011490.1	0	100000	3.0
JABSTQ010011490.1	100000	200000	3.0
JABSTQ010011490.1	200000	300000	2.0
JABSTQ010011490.1	300000	356473	2.0
JABSTQ010011491.1	100000	200000	3.0
JABSTQ010011491.1	200000	300000	3.0
JABSTQ010011491.1	300000	400000	1.0
JABSTQ010011491.1	400000	500000	1.0
JABSTQ010011491.1	500000	582846	3.0
JABSTQ010011492.1	100000	200000	1.0
JABSTQ010011492.1	200000	300000	1.0
JABSTQ010011492.1	300000	343180	1.0
JABSTQ010011493.1	0	100000	3.0
JABSTQ010011493.1	100000	200000	1.0
JABSTQ010011493.1	200000	300000	1.0
JABSTQ010011493.1	400000	500000	1.0
JABSTQ010011493.1	500000	600000	1.0
JABSTQ010011493.1	600000	700000	1.0
JABSTQ010011493.1	700000	770568	2.0
JABSTQ010011494.1	0	100000	6.0
JABSTQ010011494.1	100000	200000	3.0
JABSTQ010011494.1	200000	300000	2.0
JABSTQ010011494.1	400000	500000	2.0
JABSTQ010011494.1	500000	600000	2.0
JABSTQ010011494.1	600000	700000	1.0
JABSTQ010011494.1	800000	900000	3.0
JABSTQ010011494.1	900000	1000000	3.0
JABSTQ010011494.1	1000000	1100000	2.0
JABSTQ010011494.1	1100000	1200000	1.0
JABSTQ010011494.1	1200000	1300000	2.0
JABSTQ010011494.1	1300000	1400000	1.0
JABSTQ010011494.1	1400000	1500000	2.0
JABSTQ010011494.1	1500000	1600000	4.0
JABSTQ010011494.1	1900000	1979733	1.0
JABSTQ010011495.1	200000	300000	1.0
JABSTQ010011495.1	300000	400000	2.0
JABSTQ010011495.1	400000	427852	1.0
JABSTQ010011496.1	0	100000	1.0
JABSTQ010011496.1	200000	232076	1.0
JABSTQ010011497.1	0	100000	2.0
JABSTQ010011497.1	100000	200000	2.0
JABSTQ010011497.1	200000	300000	3.0
JABSTQ010011497.1	300000	400000	1.0
JABSTQ010011497.1	400000	500000	3.0
JABSTQ010011497.1	500000	600000	3.0
JABSTQ010011497.1	600000	692931	2.0
JABSTQ010011498.1	0	100000	2.0
JABSTQ010011498.1	100000	200000	3.0
JABSTQ010011498.1	300000	310715	1.0
JABSTQ010011499.1	0	100000	1.0
JABSTQ010011499.1	100000	200000	3.0
JABSTQ010011499.1	200000	300000	3.0
JABSTQ010011499.1	300000	337918	4.0
JABSTQ010011500.1	100000	200000	3.0
JABSTQ010011500.1	200000	255530	2.0
JABSTQ010011501.1	0	100000	6.0
JABSTQ010011501.1	100000	200000	1.0
JABSTQ010011501.1	200000	300000	2.0
JABSTQ010011501.1	400000	411235	2.0
JABSTQ010011502.1	0	100000	1.0
JABSTQ010011502.1	400000	500000	1.0
JABSTQ010011502.1	500000	600000	1.0
JABSTQ010011502.1	600000	700000	1.0
JABSTQ010011502.1	800000	900000	5.0
JABSTQ010011502.1	900000	902444	3.0
JABSTQ010011503.1	100000	200000	6.0
JABSTQ010011503.1	200000	300000	2.0
JABSTQ010011503.1	300000	400000	1.0
JABSTQ010011503.1	400000	500000	5.0
JABSTQ010011503.1	600000	604383	1.0
JABSTQ010011504.1	0	100000	1.0
JABSTQ010011504.1	300000	400000	1.0
JABSTQ010011504.1	400000	500000	1.0
JABSTQ010011504.1	500000	600000	3.0
JABSTQ010011504.1	600000	700000	1.0
JABSTQ010011504.1	700000	779156	1.0
JABSTQ010011505.1	0	100000	2.0
JABSTQ010011505.1	100000	200000	1.0
JABSTQ010011505.1	300000	400000	2.0
JABSTQ010011505.1	400000	456153	1.0
JABSTQ010011506.1	0	100000	2.0
JABSTQ010011506.1	100000	200000	1.0
JABSTQ010011506.1	200000	300000	1.0
JABSTQ010011506.1	300000	400000	2.0
JABSTQ010011506.1	400000	500000	2.0
JABSTQ010011507.1	0	100000	3.0
JABSTQ010011507.1	100000	200000	2.0
JABSTQ010011507.1	200000	300000	1.0
JABSTQ010011507.1	300000	400000	3.0
JABSTQ010011507.1	400000	500000	1.0
JABSTQ010011507.1	600000	611957	1.0
JABSTQ010011508.1	0	100000	1.0
JABSTQ010011508.1	100000	200000	5.0
JABSTQ010011508.1	200000	300000	1.0
JABSTQ010011508.1	300000	400000	4.0
JABSTQ010011508.1	400000	417560	2.0
JABSTQ010011509.1	0	100000	1.0
JABSTQ010011509.1	300000	338841	1.0
JABSTQ010011510.1	100000	200000	1.0
JABSTQ010011510.1	200000	252450	4.0
JABSTQ010011511.1	0	100000	3.0
JABSTQ010011511.1	100000	200000	4.0
JABSTQ010011511.1	200000	300000	2.0
JABSTQ010011511.1	300000	363553	1.0
JABSTQ010011512.1	100000	200000	2.0
JABSTQ010011512.1	200000	300000	2.0
JABSTQ010011512.1	300000	400000	2.0
JABSTQ010011512.1	400000	410995	1.0
JABSTQ010011513.1	100000	200000	1.0
JABSTQ010011513.1	500000	600000	2.0
JABSTQ010011513.1	700000	800000	5.0
JABSTQ010011513.1	800000	857082	1.0
JABSTQ010011514.1	100000	200000	4.0
JABSTQ010011514.1	200000	300000	1.0
JABSTQ010011514.1	300000	391312	1.0
JABSTQ010011515.1	0	100000	4.0
JABSTQ010011515.1	100000	200000	2.0
JABSTQ010011515.1	200000	300000	1.0
JABSTQ010011515.1	400000	500000	1.0
JABSTQ010011515.1	500000	600000	3.0
JABSTQ010011515.1	600000	700000	1.0
JABSTQ010011515.1	800000	900000	1.0
JABSTQ010011515.1	900000	1000000	1.0
JABSTQ010011515.1	1200000	1212137	1.0
JABSTQ010011516.1	0	100000	2.0
JABSTQ010011516.1	100000	200000	6.0
JABSTQ010011516.1	200000	300000	17.0
JABSTQ010011516.1	300000	400000	10.0
JABSTQ010011516.1	400000	500000	1.0
JABSTQ010011516.1	600000	646841	1.0
JABSTQ010011517.1	0	100000	3.0
JABSTQ010011517.1	100000	200000	7.0
JABSTQ010011517.1	200000	300000	2.0
JABSTQ010011517.1	300000	400000	1.0
JABSTQ010011517.1	400000	500000	1.0
JABSTQ010011517.1	500000	600000	3.0
JABSTQ010011517.1	600000	700000	4.0
JABSTQ010011517.1	700000	800000	1.0
JABSTQ010011517.1	800000	900000	4.0
JABSTQ010011517.1	900000	1000000	1.0
JABSTQ010011517.1	1000000	1022234	1.0
JABSTQ010011518.1	0	100000	3.0
JABSTQ010011518.1	100000	200000	4.0
JABSTQ010011518.1	200000	300000	3.0
JABSTQ010011518.1	300000	373482	3.0
JABSTQ010011519.1	0	100000	2.0
JABSTQ010011519.1	100000	200000	3.0
JABSTQ010011519.1	200000	256142	3.0
JABSTQ010011520.1	100000	200000	5.0
JABSTQ010011520.1	200000	244785	2.0
JABSTQ010011521.1	0	100000	1.0
JABSTQ010011521.1	100000	200000	1.0
JABSTQ010011521.1	200000	300000	4.0
JABSTQ010011521.1	300000	400000	1.0
JABSTQ010011521.1	400000	483450	5.0
JABSTQ010011522.1	0	100000	3.0
JABSTQ010011522.1	100000	200000	3.0
JABSTQ010011522.1	300000	400000	1.0
JABSTQ010011522.1	400000	500000	1.0
JABSTQ010011522.1	600000	700000	2.0
JABSTQ010011522.1	700000	709065	1.0
JABSTQ010011523.1	100000	200000	1.0
JABSTQ010011523.1	200000	262187	3.0
JABSTQ010011524.1	300000	400000	1.0
JABSTQ010011524.1	600000	631482	2.0
JABSTQ010011525.1	0	100000	1.0
JABSTQ010011525.1	100000	200000	1.0
JABSTQ010011525.1	300000	319013	2.0
JABSTQ010011526.1	0	100000	1.0
JABSTQ010011526.1	100000	200000	3.0
JABSTQ010011526.1	200000	300000	3.0
JABSTQ010011526.1	300000	307730	1.0
JABSTQ010011527.1	100000	200000	1.0
JABSTQ010011527.1	300000	400000	1.0
JABSTQ010011527.1	400000	455514	1.0
JABSTQ010011528.1	0	100000	1.0
JABSTQ010011528.1	100000	200000	1.0
JABSTQ010011528.1	200000	300000	2.0
JABSTQ010011528.1	300000	400000	4.0
JABSTQ010011528.1	400000	500000	2.0
JABSTQ010011528.1	500000	600000	1.0
JABSTQ010011528.1	600000	688499	2.0
JABSTQ010011529.1	100000	200000	2.0
JABSTQ010011529.1	300000	400000	4.0
JABSTQ010011529.1	400000	500000	2.0
JABSTQ010011529.1	500000	600000	2.0
JABSTQ010011529.1	600000	700000	3.0
JABSTQ010011529.1	700000	800000	2.0
JABSTQ010011529.1	800000	900000	2.0
JABSTQ010011529.1	900000	1000000	2.0
JABSTQ010011529.1	1000000	1100000	2.0
JABSTQ010011529.1	1100000	1113314	1.0
JABSTQ010011530.1	100000	200000	1.0
JABSTQ010011530.1	200000	300000	1.0
JABSTQ010011530.1	300000	400000	2.0
JABSTQ010011530.1	400000	489900	1.0
JABSTQ010011531.1	0	100000	4.0
JABSTQ010011531.1	100000	200000	4.0
JABSTQ010011531.1	200000	259924	1.0
JABSTQ010011532.1	0	100000	1.0
JABSTQ010011532.1	100000	200000	2.0
JABSTQ010011532.1	200000	234397	1.0
JABSTQ010011533.1	0	100000	4.0
JABSTQ010011533.1	100000	200000	1.0
JABSTQ010011533.1	200000	300000	1.0
JABSTQ010011533.1	300000	327543	2.0
JABSTQ010011534.1	100000	200000	2.0
JABSTQ010011534.1	200000	300000	1.0
JABSTQ010011534.1	300000	328464	1.0
JABSTQ010011535.1	0	100000	1.0
JABSTQ010011535.1	100000	200000	1.0
JABSTQ010011535.1	400000	500000	1.0
JABSTQ010011535.1	500000	600000	1.0
JABSTQ010011535.1	600000	700000	3.0
JABSTQ010011535.1	700000	800000	1.0
JABSTQ010011535.1	800000	841022	2.0
JABSTQ010011536.1	0	100000	3.0
JABSTQ010011536.1	100000	200000	2.0
JABSTQ010011536.1	200000	300000	3.0
JABSTQ010011536.1	300000	400000	1.0
JABSTQ010011536.1	400000	500000	3.0
JABSTQ010011536.1	600000	700000	3.0
JABSTQ010011536.1	700000	800000	1.0
JABSTQ010011536.1	1000000	1089153	1.0
JABSTQ010011537.1	0	100000	5.0
JABSTQ010011537.1	100000	200000	4.0
JABSTQ010011537.1	200000	300000	2.0
JABSTQ010011537.1	300000	389602	3.0
JABSTQ010011538.1	0	100000	1.0
JABSTQ010011538.1	100000	200000	1.0
JABSTQ010011538.1	200000	300000	1.0
JABSTQ010011538.1	400000	483330	4.0
JABSTQ010011539.1	0	100000	2.0
JABSTQ010011539.1	100000	200000	2.0
JABSTQ010011539.1	200000	300000	3.0
JABSTQ010011539.1	300000	400000	3.0
JABSTQ010011540.1	200000	300000	2.0
JABSTQ010011541.1	0	100000	3.0
JABSTQ010011541.1	100000	200000	1.0
JABSTQ010011541.1	300000	400000	1.0
JABSTQ010011541.1	400000	500000	1.0
JABSTQ010011541.1	500000	600000	1.0
JABSTQ010011541.1	600000	700000	1.0
JABSTQ010011541.1	700000	800000	3.0
JABSTQ010011541.1	800000	900000	1.0
JABSTQ010011541.1	900000	938119	1.0
JABSTQ010011542.1	0	100000	6.0
JABSTQ010011542.1	100000	200000	5.0
JABSTQ010011542.1	200000	300000	4.0
JABSTQ010011542.1	300000	400000	1.0
JABSTQ010011542.1	400000	500000	2.0
JABSTQ010011542.1	500000	506133	1.0
JABSTQ010011543.1	0	100000	2.0
JABSTQ010011543.1	100000	200000	2.0
JABSTQ010011543.1	200000	300000	2.0
JABSTQ010011543.1	300000	400000	1.0
JABSTQ010011543.1	400000	500000	1.0
JABSTQ010011543.1	500000	600000	2.0
JABSTQ010011543.1	600000	700000	3.0
JABSTQ010011543.1	700000	800000	1.0
JABSTQ010011543.1	800000	900000	1.0
JABSTQ010011543.1	900000	1000000	3.0
JABSTQ010011543.1	1000000	1100000	3.0
JABSTQ010011543.1	1100000	1200000	2.0
JABSTQ010011543.1	1200000	1300000	2.0
JABSTQ010011543.1	1300000	1400000	3.0
JABSTQ010011543.1	1400000	1500000	1.0
JABSTQ010011543.1	1500000	1558912	1.0
JABSTQ010011544.1	100000	200000	1.0
JABSTQ010011544.1	200000	300000	1.0
JABSTQ010011544.1	300000	400000	1.0
JABSTQ010011544.1	400000	500000	1.0
JABSTQ010011545.1	0	100000	6.0
JABSTQ010011545.1	100000	200000	2.0
JABSTQ010011545.1	200000	300000	2.0
JABSTQ010011545.1	300000	318886	2.0
JABSTQ010011546.1	0	100000	1.0
JABSTQ010011546.1	100000	200000	1.0
JABSTQ010011546.1	200000	300000	2.0
JABSTQ010011546.1	400000	500000	2.0
JABSTQ010011546.1	600000	700000	1.0
JABSTQ010011546.1	800000	900000	1.0
JABSTQ010011546.1	1000000	1100000	2.0
JABSTQ010011546.1	1100000	1200000	1.0
JABSTQ010011546.1	1200000	1288561	1.0
JABSTQ010011547.1	0	100000	1.0
JABSTQ010011547.1	100000	200000	1.0
JABSTQ010011547.1	200000	300000	1.0
JABSTQ010011547.1	300000	400000	1.0
JABSTQ010011547.1	400000	500000	5.0
JABSTQ010011547.1	500000	515650	2.0
JABSTQ010011548.1	0	100000	1.0
JABSTQ010011548.1	100000	200000	2.0
JABSTQ010011548.1	200000	300000	1.0
JABSTQ010011548.1	300000	379642	1.0
JABSTQ010011549.1	200000	300000	1.0
JABSTQ010011549.1	300000	358055	2.0
JABSTQ010011550.1	0	100000	2.0
JABSTQ010011550.1	100000	200000	3.0
JABSTQ010011550.1	200000	300000	1.0
JABSTQ010011550.1	300000	400000	2.0
JABSTQ010011550.1	500000	600000	1.0
JABSTQ010011550.1	700000	800000	2.0
JABSTQ010011550.1	800000	900000	1.0
JABSTQ010011550.1	900000	1000000	2.0
JABSTQ010011550.1	1000000	1100000	3.0
JABSTQ010011551.1	0	100000	3.0
JABSTQ010011551.1	100000	200000	2.0
JABSTQ010011551.1	200000	300000	1.0
JABSTQ010011551.1	300000	400000	2.0
JABSTQ010011551.1	400000	500000	1.0
JABSTQ010011551.1	500000	600000	1.0
JABSTQ010011551.1	800000	883725	1.0
JABSTQ010011552.1	100000	200000	3.0
JABSTQ010011552.1	200000	300000	3.0
JABSTQ010011552.1	300000	400000	2.0
JABSTQ010011552.1	400000	500000	1.0
JABSTQ010011552.1	500000	600000	2.0
JABSTQ010011552.1	600000	700000	2.0
JABSTQ010011552.1	700000	800000	3.0
JABSTQ010011552.1	800000	900000	4.0
JABSTQ010011552.1	1000000	1078259	1.0
JABSTQ010011553.1	100000	200000	3.0
JABSTQ010011553.1	300000	400000	2.0
JABSTQ010011553.1	600000	700000	1.0
JABSTQ010011553.1	700000	772703	1.0
JABSTQ010011554.1	0	100000	1.0
JABSTQ010011554.1	100000	200000	4.0
JABSTQ010011554.1	200000	260742	2.0
JABSTQ010011555.1	300000	400000	2.0
JABSTQ010011556.1	0	100000	2.0
JABSTQ010011556.1	100000	200000	3.0
JABSTQ010011556.1	200000	300000	6.0
JABSTQ010011556.1	300000	400000	4.0
JABSTQ010011556.1	400000	418276	2.0
JABSTQ010011557.1	100000	200000	3.0
JABSTQ010011557.1	200000	300000	1.0
JABSTQ010011557.1	400000	500000	1.0
JABSTQ010011557.1	500000	600000	2.0
JABSTQ010011557.1	600000	680789	3.0
JABSTQ010011558.1	0	100000	3.0
JABSTQ010011558.1	200000	265473	2.0
JABSTQ010011559.1	0	100000	3.0
JABSTQ010011559.1	100000	200000	2.0
JABSTQ010011559.1	200000	300000	4.0
JABSTQ010011559.1	300000	400000	2.0
JABSTQ010011559.1	400000	439479	2.0
JABSTQ010011560.1	0	100000	2.0
JABSTQ010011560.1	100000	200000	1.0
JABSTQ010011560.1	300000	322943	1.0
JABSTQ010011561.1	0	100000	1.0
JABSTQ010011561.1	100000	200000	1.0
JABSTQ010011561.1	200000	250028	1.0
JABSTQ010011562.1	0	100000	1.0
JABSTQ010011562.1	100000	200000	1.0
JABSTQ010011562.1	200000	300000	2.0
JABSTQ010011562.1	300000	400000	1.0
JABSTQ010011562.1	400000	416709	1.0
JABSTQ010011563.1	0	100000	3.0
JABSTQ010011563.1	100000	200000	1.0
JABSTQ010011563.1	300000	400000	2.0
JABSTQ010011563.1	500000	600000	3.0
JABSTQ010011563.1	600000	700000	1.0
JABSTQ010011563.1	700000	800000	2.0
JABSTQ010011563.1	800000	848239	1.0
JABSTQ010011564.1	0	100000	3.0
JABSTQ010011564.1	400000	500000	3.0
JABSTQ010011564.1	500000	527251	1.0
JABSTQ010011565.1	0	100000	1.0
JABSTQ010011565.1	200000	300000	1.0
JABSTQ010011565.1	300000	366204	1.0
JABSTQ010011566.1	0	100000	1.0
JABSTQ010011566.1	100000	200000	2.0
JABSTQ010011566.1	200000	300000	2.0
JABSTQ010011566.1	300000	400000	6.0
JABSTQ010011566.1	500000	571423	1.0
JABSTQ010011567.1	0	100000	1.0
JABSTQ010011567.1	100000	200000	1.0
JABSTQ010011567.1	200000	300000	2.0
JABSTQ010011567.1	300000	400000	3.0
JABSTQ010011567.1	500000	580359	1.0
JABSTQ010011568.1	0	100000	3.0
JABSTQ010011568.1	100000	200000	5.0
JABSTQ010011568.1	200000	232218	2.0
JABSTQ010011569.1	0	100000	1.0
JABSTQ010011569.1	100000	200000	3.0
JABSTQ010011569.1	200000	300000	2.0
JABSTQ010011569.1	300000	400000	2.0
JABSTQ010011569.1	500000	600000	3.0
JABSTQ010011569.1	700000	702454	1.0
JABSTQ010011570.1	0	100000	1.0
JABSTQ010011570.1	100000	200000	3.0
JABSTQ010011570.1	200000	300000	2.0
JABSTQ010011570.1	300000	400000	1.0
JABSTQ010011570.1	400000	485639	3.0
JABSTQ010011571.1	100000	200000	1.0
JABSTQ010011571.1	200000	247810	1.0
JABSTQ010011572.1	0	100000	1.0
JABSTQ010011572.1	100000	200000	4.0
JABSTQ010011572.1	200000	250150	2.0
JABSTQ010011573.1	100000	113832	1.0
JABSTQ010011574.1	0	100000	2.0
JABSTQ010011574.1	100000	200000	2.0
JABSTQ010011574.1	200000	300000	2.0
JABSTQ010011574.1	300000	400000	1.0
JABSTQ010011574.1	400000	500000	2.0
JABSTQ010011574.1	500000	600000	4.0
JABSTQ010011574.1	600000	700000	7.0
JABSTQ010011574.1	700000	800000	4.0
JABSTQ010011574.1	800000	900000	1.0
JABSTQ010011574.1	900000	1000000	2.0
JABSTQ010011574.1	1000000	1075286	2.0
JABSTQ010011575.1	100000	139593	1.0
JABSTQ010011576.1	0	100000	2.0
JABSTQ010011576.1	400000	500000	1.0
JABSTQ010011576.1	500000	600000	2.0
JABSTQ010011576.1	600000	679378	1.0
JABSTQ010011577.1	100000	200000	2.0
JABSTQ010011577.1	200000	300000	1.0
JABSTQ010011577.1	300000	400000	1.0
JABSTQ010011577.1	500000	545861	2.0
JABSTQ010011578.1	0	100000	3.0
JABSTQ010011578.1	100000	200000	1.0
JABSTQ010011578.1	200000	300000	2.0
JABSTQ010011578.1	300000	400000	5.0
JABSTQ010011579.1	200000	300000	1.0
JABSTQ010011579.1	300000	400000	1.0
JABSTQ010011579.1	400000	459313	1.0
JABSTQ010011580.1	300000	400000	1.0
JABSTQ010011580.1	400000	500000	1.0
JABSTQ010011580.1	500000	600000	1.0
JABSTQ010011580.1	800000	852537	1.0
JABSTQ010011581.1	0	100000	2.0
JABSTQ010011581.1	100000	200000	1.0
JABSTQ010011581.1	200000	300000	3.0
JABSTQ010011581.1	300000	400000	4.0
JABSTQ010011581.1	400000	440296	1.0
JABSTQ010011582.1	100000	189339	2.0
JABSTQ010011583.1	0	100000	2.0
JABSTQ010011583.1	100000	200000	3.0
JABSTQ010011583.1	200000	300000	5.0
JABSTQ010011583.1	300000	400000	4.0
JABSTQ010011583.1	500000	600000	1.0
JABSTQ010011583.1	600000	700000	5.0
JABSTQ010011583.1	700000	732189	1.0
JABSTQ010011584.1	0	100000	1.0
JABSTQ010011584.1	100000	200000	2.0
JABSTQ010011584.1	300000	347362	1.0
JABSTQ010011585.1	0	100000	1.0
JABSTQ010011585.1	100000	200000	2.0
JABSTQ010011585.1	200000	226943	1.0
JABSTQ010011586.1	0	100000	1.0
JABSTQ010011586.1	100000	200000	1.0
JABSTQ010011586.1	200000	295878	6.0
JABSTQ010011587.1	0	100000	4.0
JABSTQ010011587.1	100000	200000	3.0
JABSTQ010011587.1	200000	300000	3.0
JABSTQ010011587.1	300000	358505	3.0
JABSTQ010011588.1	0	100000	3.0
JABSTQ010011588.1	100000	200000	1.0
JABSTQ010011588.1	200000	254895	1.0
JABSTQ010011589.1	100000	200000	2.0
JABSTQ010011589.1	200000	300000	2.0
JABSTQ010011589.1	300000	400000	3.0
JABSTQ010011589.1	400000	500000	2.0
JABSTQ010011589.1	500000	600000	1.0
JABSTQ010011589.1	600000	700000	4.0
JABSTQ010011589.1	700000	800000	9.0
JABSTQ010011589.1	800000	860181	2.0
JABSTQ010011590.1	0	100000	2.0
JABSTQ010011590.1	100000	200000	3.0
JABSTQ010011590.1	200000	219811	1.0
JABSTQ010011591.1	100000	200000	1.0
JABSTQ010011591.1	300000	341888	2.0
JABSTQ010011592.1	0	100000	1.0
JABSTQ010011592.1	100000	200000	1.0
JABSTQ010011592.1	200000	300000	2.0
JABSTQ010011592.1	300000	400000	1.0
JABSTQ010011592.1	400000	500000	3.0
JABSTQ010011592.1	500000	537272	1.0
JABSTQ010011593.1	0	100000	1.0
JABSTQ010011593.1	100000	200000	1.0
JABSTQ010011593.1	200000	300000	2.0
JABSTQ010011593.1	300000	400000	1.0
JABSTQ010011593.1	400000	500000	2.0
JABSTQ010011593.1	500000	600000	1.0
JABSTQ010011593.1	600000	673731	3.0
JABSTQ010011594.1	0	100000	5.0
JABSTQ010011594.1	100000	200000	5.0
JABSTQ010011594.1	200000	300000	3.0
JABSTQ010011594.1	400000	500000	1.0
JABSTQ010011594.1	500000	580017	1.0
JABSTQ010011595.1	0	100000	2.0
JABSTQ010011595.1	100000	200000	2.0
JABSTQ010011595.1	200000	300000	4.0
JABSTQ010011595.1	300000	400000	1.0
JABSTQ010011595.1	400000	500000	2.0
JABSTQ010011595.1	500000	597210	2.0
JABSTQ010011596.1	200000	228192	1.0
JABSTQ010011597.1	0	100000	1.0
JABSTQ010011597.1	200000	242458	1.0
JABSTQ010011598.1	0	100000	4.0
JABSTQ010011598.1	100000	200000	2.0
JABSTQ010011598.1	200000	300000	3.0
JABSTQ010011598.1	300000	400000	3.0
JABSTQ010011598.1	400000	454357	3.0
JABSTQ010011599.1	100000	200000	1.0
JABSTQ010011599.1	200000	300000	1.0
JABSTQ010011599.1	300000	334010	1.0
JABSTQ010011600.1	0	100000	1.0
JABSTQ010011600.1	300000	321220	1.0
JABSTQ010011601.1	0	100000	2.0
JABSTQ010011601.1	100000	200000	3.0
JABSTQ010011601.1	400000	500000	1.0
JABSTQ010011601.1	500000	600000	1.0
JABSTQ010011601.1	600000	658594	2.0
JABSTQ010011602.1	0	100000	1.0
JABSTQ010011602.1	100000	200000	2.0
JABSTQ010011602.1	200000	300000	4.0
JABSTQ010011602.1	300000	400000	3.0
JABSTQ010011602.1	400000	498592	2.0
CM023679.1	0	14479	13.0
