NW_024609835.1	100000	200000	2.0
NW_024609835.1	200000	300000	3.0
NW_024609835.1	300000	400000	2.0
NW_024609835.1	400000	500000	2.0
NW_024609835.1	500000	600000	3.0
NW_024609835.1	600000	700000	4.0
NW_024609835.1	700000	800000	2.0
NW_024609835.1	900000	1000000	2.0
NW_024609835.1	1000000	1100000	3.0
NW_024609835.1	1100000	1200000	3.0
NW_024609835.1	1200000	1300000	3.0
NW_024609835.1	1300000	1400000	2.0
NW_024609835.1	1400000	1500000	1.0
NW_024609835.1	1500000	1600000	1.0
NW_024609835.1	1700000	1800000	1.0
NW_024609835.1	2600000	2700000	3.0
NW_024609835.1	2700000	2800000	2.0
NW_024609835.1	2800000	2900000	2.0
NW_024609835.1	2900000	3000000	1.0
NW_024609835.1	3000000	3100000	1.0
NW_024609835.1	3100000	3200000	1.0
NW_024609835.1	3200000	3300000	1.0
NW_024609835.1	3400000	3500000	2.0
NW_024609835.1	3600000	3700000	1.0
NW_024609835.1	3800000	3900000	3.0
NW_024609835.1	4200000	4300000	1.0
NW_024609835.1	4400000	4500000	1.0
NW_024609835.1	4500000	4600000	1.0
NW_024609835.1	4900000	5000000	3.0
NW_024609835.1	5100000	5200000	2.0
NW_024609835.1	5200000	5300000	5.0
NW_024609835.1	5300000	5400000	2.0
NW_024609835.1	5400000	5500000	2.0
NW_024609835.1	5500000	5600000	1.0
NW_024609835.1	5600000	5700000	2.0
NW_024609835.1	5700000	5800000	1.0
NW_024609835.1	5800000	5900000	3.0
NW_024609835.1	5900000	6000000	2.0
NW_024609835.1	6000000	6100000	2.0
NW_024609835.1	6100000	6200000	2.0
NW_024609835.1	6200000	6300000	3.0
NW_024609835.1	6300000	6400000	2.0
NW_024609835.1	6500000	6600000	2.0
NW_024609835.1	6600000	6700000	2.0
NW_024609835.1	6800000	6900000	1.0
NW_024609835.1	7200000	7300000	1.0
NW_024609835.1	7500000	7600000	1.0
NW_024609835.1	7900000	8000000	3.0
NW_024609835.1	8000000	8100000	2.0
NW_024609835.1	8100000	8200000	1.0
NW_024609835.1	8200000	8300000	2.0
NW_024609835.1	8300000	8400000	1.0
NW_024609835.1	8400000	8500000	1.0
NW_024609835.1	8500000	8600000	1.0
NW_024609835.1	8600000	8700000	1.0
NW_024609835.1	8800000	8900000	2.0
NW_024609835.1	8900000	9000000	1.0
NW_024609835.1	9000000	9100000	1.0
NW_024609835.1	9100000	9200000	1.0
NW_024609835.1	9200000	9300000	1.0
NW_024609835.1	9300000	9400000	1.0
NW_024609835.1	9500000	9600000	2.0
NW_024609835.1	9700000	9800000	2.0
NW_024609835.1	9800000	9900000	2.0
NW_024609835.1	9900000	10000000	1.0
NW_024609835.1	10000000	10100000	2.0
NW_024609835.1	10100000	10200000	1.0
NW_024609835.1	10300000	10400000	2.0
NW_024609835.1	10400000	10500000	1.0
NW_024609835.1	10500000	10600000	2.0
NW_024609835.1	10800000	10900000	1.0
NW_024609835.1	10900000	11000000	1.0
NW_024609835.1	11000000	11100000	3.0
NW_024609835.1	11100000	11200000	1.0
NW_024609835.1	11200000	11300000	3.0
NW_024609835.1	11300000	11400000	1.0
NW_024609835.1	11500000	11600000	2.0
NW_024609835.1	11600000	11700000	1.0
NW_024609835.1	11900000	12000000	1.0
NW_024609835.1	12000000	12100000	1.0
NW_024609835.1	12200000	12300000	1.0
NW_024609835.1	12300000	12400000	1.0
NW_024609835.1	12400000	12500000	1.0
NW_024609835.1	12600000	12700000	1.0
NW_024609835.1	12700000	12800000	2.0
NW_024609835.1	12800000	12900000	1.0
NW_024609835.1	12900000	13000000	1.0
NW_024609835.1	13000000	13100000	1.0
NW_024609835.1	13100000	13200000	1.0
NW_024609835.1	13200000	13300000	2.0
NW_024609835.1	13300000	13400000	1.0
NW_024609835.1	13500000	13600000	1.0
NW_024609835.1	13600000	13700000	1.0
NW_024609835.1	13700000	13800000	1.0
NW_024609835.1	13900000	14000000	1.0
NW_024609835.1	14100000	14200000	1.0
NW_024609835.1	14300000	14400000	2.0
NW_024609835.1	14500000	14600000	1.0
NW_024609835.1	14600000	14700000	1.0
NW_024609835.1	15000000	15100000	1.0
NW_024609835.1	15200000	15300000	1.0
NW_024609835.1	15300000	15400000	1.0
NW_024609835.1	15400000	15500000	1.0
NW_024609835.1	15700000	15800000	1.0
NW_024609835.1	16000000	16100000	1.0
NW_024609835.1	16600000	16700000	2.0
NW_024609835.1	16800000	16900000	2.0
NW_024609835.1	16900000	17000000	2.0
NW_024609835.1	17000000	17100000	1.0
NW_024609835.1	17300000	17400000	1.0
NW_024609835.1	17400000	17500000	1.0
NW_024609835.1	17500000	17600000	1.0
NW_024609835.1	17700000	17800000	1.0
NW_024609835.1	17800000	17900000	1.0
NW_024609835.1	17900000	18000000	1.0
NW_024609835.1	18100000	18200000	1.0
NW_024609835.1	18200000	18300000	1.0
NW_024609835.1	18300000	18400000	2.0
NW_024609835.1	18400000	18500000	1.0
NW_024609835.1	18500000	18600000	1.0
NW_024609835.1	18600000	18700000	1.0
NW_024609835.1	19100000	19200000	1.0
NW_024609835.1	19700000	19800000	1.0
NW_024609835.1	19800000	19900000	1.0
NW_024609835.1	19900000	20000000	1.0
NW_024609835.1	20300000	20400000	2.0
NW_024609835.1	20500000	20600000	1.0
NW_024609835.1	20700000	20800000	1.0
NW_024609835.1	20900000	21000000	1.0
NW_024609835.1	21100000	21200000	1.0
NW_024609835.1	21400000	21500000	2.0
NW_024609835.1	21600000	21700000	1.0
NW_024609835.1	21700000	21800000	1.0
NW_024609835.1	21800000	21900000	2.0
NW_024609835.1	21900000	22000000	2.0
NW_024609835.1	22000000	22100000	1.0
NW_024609835.1	22200000	22300000	1.0
NW_024609835.1	22400000	22500000	2.0
NW_024609835.1	22500000	22600000	2.0
NW_024609835.1	22600000	22700000	4.0
NW_024609835.1	22700000	22800000	2.0
NW_024609835.1	22800000	22900000	3.0
NW_024609835.1	22900000	23000000	3.0
NW_024609835.1	23000000	23100000	4.0
NW_024609835.1	23200000	23300000	1.0
NW_024609835.1	23300000	23400000	2.0
NW_024609835.1	23400000	23500000	1.0
NW_024609835.1	23500000	23600000	1.0
NW_024609835.1	23600000	23700000	1.0
NW_024609835.1	23700000	23800000	2.0
NW_024609835.1	23800000	23900000	3.0
NW_024609835.1	23900000	24000000	1.0
NW_024609835.1	24000000	24100000	1.0
NW_024609835.1	24300000	24400000	1.0
NW_024609835.1	24500000	24600000	1.0
NW_024609835.1	24800000	24900000	1.0
NW_024609835.1	25000000	25100000	1.0
NW_024609835.1	25700000	25800000	2.0
NW_024609835.1	25800000	25900000	1.0
NW_024609835.1	25900000	26000000	5.0
NW_024609835.1	26000000	26100000	2.0
NW_024609835.1	26100000	26200000	3.0
NW_024609835.1	26200000	26300000	2.0
NW_024609835.1	26300000	26400000	1.0
NW_024609835.1	26400000	26500000	1.0
NW_024609835.1	26500000	26600000	1.0
NW_024609835.1	26600000	26700000	3.0
NW_024609835.1	26700000	26800000	2.0
NW_024609835.1	26900000	27000000	1.0
NW_024609835.1	27000000	27100000	3.0
NW_024609835.1	27100000	27200000	5.0
NW_024609835.1	27200000	27300000	1.0
NW_024609835.1	27300000	27400000	2.0
NW_024609835.1	27400000	27500000	2.0
NW_024609835.1	27500000	27600000	3.0
NW_024609835.1	27600000	27700000	2.0
NW_024609835.1	27800000	27900000	1.0
NW_024609835.1	28000000	28100000	2.0
NW_024609835.1	28100000	28200000	4.0
NW_024609835.1	28200000	28300000	2.0
NW_024609835.1	28300000	28400000	3.0
NW_024609835.1	28500000	28600000	1.0
NW_024609835.1	28600000	28700000	2.0
NW_024609835.1	28800000	28900000	2.0
NW_024609835.1	28900000	29000000	2.0
NW_024609835.1	29000000	29100000	1.0
NW_024609835.1	29100000	29200000	2.0
NW_024609835.1	29300000	29400000	2.0
NW_024609835.1	29400000	29500000	1.0
NW_024609835.1	29500000	29600000	2.0
NW_024609835.1	29600000	29700000	1.0
NW_024609835.1	29700000	29800000	2.0
NW_024609835.1	29800000	29900000	2.0
NW_024609835.1	29900000	30000000	1.0
NW_024609835.1	30000000	30100000	2.0
NW_024609835.1	30100000	30200000	1.0
NW_024609835.1	30200000	30300000	2.0
NW_024609835.1	30500000	30600000	1.0
NW_024609835.1	30900000	31000000	1.0
NW_024609835.1	31000000	31100000	2.0
NW_024609835.1	31300000	31400000	2.0
NW_024609835.1	31400000	31500000	2.0
NW_024609835.1	31500000	31600000	1.0
NW_024609835.1	31700000	31800000	2.0
NW_024609835.1	32100000	32200000	1.0
NW_024609835.1	32300000	32400000	1.0
NW_024609835.1	32500000	32600000	2.0
NW_024609835.1	32600000	32700000	1.0
NW_024609835.1	32700000	32800000	1.0
NW_024609835.1	32900000	33000000	1.0
NW_024609835.1	33000000	33100000	1.0
NW_024609835.1	33100000	33200000	1.0
NW_024609835.1	33400000	33500000	1.0
NW_024609835.1	33600000	33700000	2.0
NW_024609835.1	33700000	33800000	3.0
NW_024609835.1	33900000	34000000	1.0
NW_024609835.1	34000000	34100000	4.0
NW_024609835.1	34100000	34200000	1.0
NW_024609835.1	34200000	34300000	1.0
NW_024609835.1	34300000	34400000	2.0
NW_024609835.1	34400000	34500000	1.0
NW_024609835.1	34500000	34600000	1.0
NW_024609835.1	34700000	34800000	1.0
NW_024609835.1	34800000	34900000	2.0
NW_024609835.1	34900000	35000000	1.0
NW_024609835.1	35000000	35100000	1.0
NW_024609835.1	35300000	35400000	1.0
NW_024609835.1	35500000	35600000	1.0
NW_024609835.1	35900000	36000000	4.0
NW_024609835.1	36000000	36100000	5.0
NW_024609835.1	36100000	36200000	4.0
NW_024609835.1	36200000	36300000	2.0
NW_024609835.1	36300000	36400000	1.0
NW_024609835.1	36600000	36700000	1.0
NW_024609835.1	36400000	36500000	2.0
NW_024609835.1	36900000	37000000	3.0
NW_024609835.1	37000000	37100000	2.0
NW_024609835.1	37100000	37200000	1.0
NW_024609835.1	37200000	37300000	2.0
NW_024609835.1	37300000	37400000	3.0
NW_024609835.1	37400000	37500000	2.0
NW_024609835.1	37600000	37700000	3.0
NW_024609835.1	37700000	37800000	1.0
NW_024609835.1	37900000	38000000	3.0
NW_024609835.1	38000000	38100000	1.0
NW_024609835.1	38100000	38200000	4.0
NW_024609835.1	38200000	38300000	2.0
NW_024609835.1	38300000	38400000	3.0
NW_024609835.1	38400000	38500000	1.0
NW_024609835.1	38500000	38600000	1.0
NW_024609835.1	38600000	38700000	1.0
NW_024609835.1	38700000	38800000	2.0
NW_024609835.1	38800000	38900000	2.0
NW_024609835.1	38900000	39000000	2.0
NW_024609835.1	39000000	39100000	2.0
NW_024609835.1	39200000	39300000	1.0
NW_024609835.1	39600000	39700000	1.0
NW_024609835.1	39700000	39800000	2.0
NW_024609835.1	39800000	39900000	2.0
NW_024609835.1	39900000	40000000	2.0
NW_024609835.1	40100000	40200000	1.0
NW_024609835.1	40200000	40300000	3.0
NW_024609835.1	40300000	40400000	2.0
NW_024609835.1	40400000	40500000	2.0
NW_024609835.1	40500000	40600000	1.0
NW_024609835.1	40700000	40800000	2.0
NW_024609835.1	40900000	41000000	1.0
NW_024609835.1	41100000	41200000	2.0
NW_024609835.1	41200000	41300000	2.0
NW_024609835.1	41300000	41400000	2.0
NW_024609835.1	41400000	41500000	2.0
NW_024609835.1	41500000	41600000	5.0
NW_024609835.1	41600000	41700000	3.0
NW_024609835.1	41700000	41800000	1.0
NW_024609835.1	41800000	41900000	2.0
NW_024609835.1	41900000	42000000	2.0
NW_024609835.1	42000000	42100000	3.0
NW_024609835.1	42100000	42200000	1.0
NW_024609835.1	42200000	42300000	2.0
NW_024609835.1	42300000	42400000	2.0
NW_024609835.1	42400000	42500000	1.0
NW_024609835.1	42700000	42800000	2.0
NW_024609835.1	42800000	42900000	4.0
NW_024609835.1	42900000	43000000	1.0
NW_024609835.1	43000000	43100000	3.0
NW_024609835.1	43100000	43200000	4.0
NW_024609835.1	43200000	43300000	5.0
NW_024609835.1	43300000	43400000	3.0
NW_024609835.1	43400000	43500000	2.0
NW_024609835.1	43500000	43600000	3.0
NW_024609835.1	43600000	43700000	3.0
NW_024609835.1	44000000	44100000	3.0
NW_024609835.1	44100000	44200000	3.0
NW_024609835.1	44200000	44300000	2.0
NW_024609835.1	44400000	44500000	2.0
NW_024609835.1	44500000	44600000	1.0
NW_024609835.1	44800000	44900000	1.0
NW_024609835.1	44900000	45000000	2.0
NW_024609835.1	45000000	45100000	2.0
NW_024609835.1	45100000	45200000	4.0
NW_024609835.1	45200000	45300000	3.0
NW_024609835.1	45300000	45400000	1.0
NW_024609835.1	45400000	45500000	1.0
NW_024609835.1	45900000	46000000	1.0
NW_024609835.1	46300000	46400000	1.0
NW_024609835.1	46700000	46800000	1.0
NW_024609835.1	47400000	47500000	1.0
NW_024609835.1	47500000	47600000	1.0
NW_024609835.1	47800000	47900000	1.0
NW_024609835.1	48000000	48100000	1.0
NW_024609835.1	48200000	48300000	1.0
NW_024609835.1	48500000	48600000	1.0
NW_024609835.1	48600000	48700000	1.0
NW_024609835.1	48700000	48800000	2.0
NW_024609835.1	48800000	48900000	1.0
NW_024609835.1	49100000	49200000	1.0
NW_024609835.1	49400000	49500000	2.0
NW_024609835.1	49800000	49900000	4.0
NW_024609835.1	49900000	50000000	1.0
NW_024609835.1	50000000	50100000	1.0
NW_024609835.1	50200000	50300000	1.0
NW_024609835.1	50400000	50500000	1.0
NW_024609835.1	50500000	50600000	3.0
NW_024609835.1	50600000	50700000	4.0
NW_024609835.1	50700000	50800000	4.0
NW_024609835.1	50900000	51000000	2.0
NW_024609835.1	51000000	51100000	1.0
NW_024609835.1	51100000	51200000	3.0
NW_024609835.1	51300000	51400000	3.0
NW_024609835.1	51500000	51600000	1.0
NW_024609835.1	52100000	52200000	1.0
NW_024609835.1	52200000	52300000	1.0
NW_024609835.1	52300000	52400000	5.0
NW_024609835.1	52400000	52500000	1.0
NW_024609835.1	52500000	52600000	4.0
NW_024609835.1	52600000	52700000	7.0
NW_024609835.1	52700000	52800000	3.0
NW_024609835.1	52800000	52900000	5.0
NW_024609835.1	52900000	53000000	3.0
NW_024609835.1	53100000	53200000	5.0
NW_024609835.1	53200000	53300000	2.0
NW_024609835.1	53300000	53400000	2.0
NW_024609835.1	53400000	53500000	2.0
NW_024609835.1	53700000	53800000	5.0
NW_024609835.1	53800000	53900000	5.0
NW_024609835.1	54000000	54100000	1.0
NW_024609835.1	54100000	54200000	3.0
NW_024609835.1	54200000	54300000	1.0
NW_024609835.1	54300000	54400000	2.0
NW_024609835.1	54400000	54500000	2.0
NW_024609835.1	54500000	54600000	1.0
NW_024609835.1	54700000	54800000	1.0
NW_024609835.1	55200000	55300000	1.0
NW_024609835.1	56000000	56100000	1.0
NW_024609835.1	56100000	56200000	1.0
NW_024609835.1	56200000	56300000	1.0
NW_024609835.1	56600000	56700000	1.0
NW_024609835.1	56900000	57000000	1.0
NW_024609835.1	57100000	57200000	1.0
NW_024609835.1	57200000	57300000	3.0
NW_024609835.1	57300000	57400000	1.0
NW_024609835.1	57400000	57500000	3.0
NW_024609835.1	57500000	57600000	1.0
NW_024609835.1	57700000	57800000	1.0
NW_024609835.1	57800000	57900000	2.0
NW_024609835.1	57900000	58000000	2.0
NW_024609835.1	58000000	58100000	2.0
NW_024609835.1	58100000	58200000	1.0
NW_024609835.1	58300000	58400000	3.0
NW_024609835.1	58400000	58500000	2.0
NW_024609835.1	58500000	58600000	1.0
NW_024609835.1	58600000	58700000	1.0
NW_024609835.1	58800000	58900000	1.0
NW_024609835.1	59000000	59100000	5.0
NW_024609835.1	59100000	59200000	2.0
NW_024609835.1	59600000	59700000	2.0
NW_024609835.1	59700000	59800000	3.0
NW_024609835.1	59800000	59900000	1.0
NW_024609835.1	60000000	60100000	3.0
NW_024609835.1	60100000	60200000	1.0
NW_024609835.1	60200000	60300000	1.0
NW_024609835.1	60300000	60400000	4.0
NW_024609835.1	60400000	60500000	1.0
NW_024609835.1	60500000	60600000	1.0
NW_024609835.1	60600000	60700000	2.0
NW_024609835.1	60700000	60800000	3.0
NW_024609835.1	60800000	60900000	1.0
NW_024609835.1	60900000	61000000	1.0
NW_024609835.1	61000000	61100000	1.0
NW_024609835.1	61100000	61200000	1.0
NW_024609835.1	61200000	61300000	2.0
NW_024609835.1	61300000	61400000	1.0
NW_024609835.1	61600000	61700000	2.0
NW_024609835.1	61500000	61600000	1.0
NW_024609835.1	61700000	61800000	3.0
NW_024609835.1	61800000	61900000	3.0
NW_024609835.1	61900000	62000000	1.0
NW_024609835.1	62300000	62400000	1.0
NW_024609835.1	62500000	62600000	5.0
NW_024609835.1	62600000	62700000	1.0
NW_024609835.1	62700000	62800000	1.0
NW_024609835.1	63500000	63600000	1.0
NW_024609835.1	63600000	63700000	1.0
NW_024609835.1	63700000	63800000	1.0
NW_024609835.1	64000000	64100000	2.0
NW_024609835.1	64100000	64200000	3.0
NW_024609835.1	64200000	64300000	1.0
NW_024609835.1	64300000	64400000	1.0
NW_024609835.1	64400000	64500000	3.0
NW_024609835.1	64500000	64600000	1.0
NW_024609835.1	64600000	64700000	1.0
NW_024609835.1	64900000	65000000	1.0
NW_024609835.1	65000000	65100000	1.0
NW_024609835.1	65200000	65300000	2.0
NW_024609835.1	65300000	65400000	1.0
NW_024609835.1	65400000	65500000	1.0
NW_024609835.1	65500000	65600000	1.0
NW_024609835.1	65600000	65700000	1.0
NW_024609835.1	65700000	65800000	2.0
NW_024609835.1	65800000	65900000	2.0
NW_024609835.1	65900000	66000000	1.0
NW_024609835.1	66000000	66100000	1.0
NW_024609835.1	66100000	66200000	6.0
NW_024609835.1	66200000	66300000	6.0
NW_024609835.1	66300000	66400000	2.0
NW_024609835.1	66400000	66500000	1.0
NW_024609835.1	66500000	66600000	1.0
NW_024609835.1	66600000	66700000	3.0
NW_024609835.1	66700000	66800000	2.0
NW_024609835.1	67000000	67100000	1.0
NW_024609835.1	67100000	67200000	2.0
NW_024609835.1	67200000	67300000	2.0
NW_024609835.1	67500000	67600000	2.0
NW_024609835.1	67600000	67700000	1.0
NW_024609835.1	67700000	67800000	1.0
NW_024609835.1	67800000	67900000	2.0
NW_024609835.1	68000000	68100000	1.0
NW_024609835.1	68100000	68200000	1.0
NW_024609835.1	68800000	68900000	1.0
NW_024609835.1	68900000	69000000	1.0
NW_024609835.1	69200000	69300000	1.0
NW_024609835.1	69300000	69400000	1.0
NW_024609835.1	70100000	70200000	1.0
NW_024609835.1	70600000	70700000	1.0
NW_024609835.1	70700000	70800000	2.0
NW_024609835.1	70900000	71000000	1.0
NW_024609835.1	71000000	71100000	3.0
NW_024609835.1	71100000	71200000	1.0
NW_024609835.1	71200000	71300000	1.0
NW_024609835.1	71300000	71400000	1.0
NW_024609835.1	71400000	71500000	2.0
NW_024609835.1	71700000	71800000	1.0
NW_024609835.1	71800000	71900000	1.0
NW_024609835.1	72100000	72200000	1.0
NW_024609835.1	72700000	72800000	1.0
NW_024609835.1	72800000	72900000	1.0
NW_024609835.1	73000000	73100000	2.0
NW_024609835.1	73100000	73200000	1.0
NW_024609835.1	73200000	73300000	1.0
NW_024609835.1	73300000	73400000	1.0
NW_024609835.1	73500000	73600000	2.0
NW_024609835.1	73600000	73700000	1.0
NW_024609835.1	73700000	73800000	2.0
NW_024609835.1	73800000	73900000	1.0
NW_024609835.1	74000000	74100000	1.0
NW_024609835.1	74700000	74800000	1.0
NW_024609835.1	74900000	75000000	2.0
NW_024609835.1	75000000	75100000	1.0
NW_024609835.1	75100000	75200000	1.0
NW_024609835.1	75300000	75400000	1.0
NW_024609835.1	75400000	75500000	2.0
NW_024609835.1	75500000	75600000	1.0
NW_024609835.1	75600000	75700000	1.0
NW_024609835.1	75900000	76000000	2.0
NW_024609835.1	76000000	76100000	1.0
NW_024609835.1	76400000	76500000	1.0
NW_024609835.1	76500000	76600000	1.0
NW_024609835.1	76700000	76800000	2.0
NW_024609835.1	77000000	77100000	2.0
NW_024609835.1	77600000	77700000	2.0
NW_024609835.1	78100000	78200000	1.0
NW_024609835.1	78400000	78500000	2.0
NW_024609835.1	78600000	78700000	1.0
NW_024609835.1	79300000	79400000	1.0
NW_024609835.1	79500000	79600000	1.0
NW_024609835.1	79700000	79800000	1.0
NW_024609835.1	79800000	79900000	1.0
NW_024609835.1	79900000	80000000	1.0
NW_024609835.1	80000000	80100000	3.0
NW_024609835.1	80100000	80200000	1.0
NW_024609835.1	80500000	80600000	1.0
NW_024609835.1	80700000	80800000	1.0
NW_024609835.1	80800000	80900000	1.0
NW_024609835.1	81700000	81800000	2.0
NW_024609835.1	81800000	81900000	1.0
NW_024609835.1	81900000	82000000	2.0
NW_024609835.1	82000000	82100000	2.0
NW_024609835.1	82200000	82300000	2.0
NW_024609835.1	82300000	82400000	2.0
NW_024609835.1	82400000	82500000	2.0
NW_024609835.1	82500000	82600000	3.0
NW_024609835.1	82600000	82700000	2.0
NW_024609835.1	82700000	82800000	1.0
NW_024609835.1	82900000	83000000	1.0
NW_024609835.1	83100000	83200000	1.0
NW_024609835.1	83200000	83300000	1.0
NW_024609835.1	83300000	83400000	1.0
NW_024609835.1	83400000	83500000	1.0
NW_024609835.1	83500000	83600000	2.0
NW_024609835.1	83600000	83700000	2.0
NW_024609835.1	83800000	83900000	2.0
NW_024609835.1	83900000	84000000	4.0
NW_024609835.1	84400000	84500000	2.0
NW_024609835.1	84500000	84600000	2.0
NW_024609835.1	84800000	84900000	1.0
NW_024609835.1	85000000	85100000	4.0
NW_024609835.1	85600000	85700000	4.0
NW_024609835.1	85400000	85500000	1.0
NW_024609835.1	86100000	86200000	1.0
NW_024609835.1	86200000	86300000	1.0
NW_024609835.1	86300000	86400000	2.0
NW_024609835.1	86400000	86500000	2.0
NW_024609835.1	86500000	86600000	1.0
NW_024609835.1	86900000	87000000	4.0
NW_024609835.1	87000000	87100000	1.0
NW_024609835.1	87100000	87200000	2.0
NW_024609835.1	87400000	87500000	2.0
NW_024609835.1	87600000	87700000	1.0
NW_024609835.1	87500000	87600000	2.0
NW_024609835.1	87700000	87800000	1.0
NW_024609835.1	87800000	87900000	5.0
NW_024609835.1	87900000	88000000	2.0
NW_024609835.1	88000000	88100000	2.0
NW_024609835.1	88100000	88200000	2.0
NW_024609835.1	88200000	88300000	1.0
NW_024609835.1	88300000	88400000	2.0
NW_024609835.1	88400000	88500000	4.0
NW_024609835.1	88500000	88600000	1.0
NW_024609835.1	88600000	88700000	1.0
NW_024609835.1	88700000	88800000	1.0
NW_024609835.1	88800000	88900000	1.0
NW_024609835.1	89300000	89400000	1.0
NW_024609835.1	89500000	89600000	1.0
NW_024609835.1	89600000	89700000	1.0
NW_024609835.1	89700000	89800000	1.0
NW_024609835.1	89800000	89900000	1.0
NW_024609835.1	89900000	90000000	3.0
NW_024609835.1	90100000	90200000	1.0
NW_024609835.1	90200000	90300000	3.0
NW_024609835.1	90300000	90400000	1.0
NW_024609835.1	90400000	90500000	1.0
NW_024609835.1	90500000	90600000	3.0
NW_024609835.1	90800000	90900000	2.0
NW_024609835.1	90900000	91000000	2.0
NW_024609835.1	91000000	91100000	2.0
NW_024609835.1	91100000	91200000	1.0
NW_024609835.1	91200000	91300000	1.0
NW_024609835.1	91300000	91400000	1.0
NW_024609835.1	91400000	91500000	1.0
NW_024609835.1	91600000	91700000	1.0
NW_024609835.1	91800000	91900000	2.0
NW_024609835.1	91900000	92000000	3.0
NW_024609835.1	92000000	92100000	2.0
NW_024609835.1	92100000	92200000	1.0
NW_024609835.1	92400000	92500000	1.0
NW_024609835.1	92500000	92600000	2.0
NW_024609835.1	92600000	92700000	1.0
NW_024609835.1	93700000	93800000	1.0
NW_024609835.1	94200000	94300000	1.0
NW_024609835.1	94300000	94400000	1.0
NW_024609835.1	94700000	94800000	1.0
NW_024609835.1	95100000	95200000	1.0
NW_024609835.1	95200000	95300000	1.0
NW_024609835.1	95500000	95600000	1.0
NW_024609835.1	95600000	95700000	1.0
NW_024609835.1	95900000	96000000	1.0
NW_024609835.1	96000000	96100000	2.0
NW_024609835.1	96100000	96200000	2.0
NW_024609835.1	96200000	96300000	1.0
NW_024609835.1	96400000	96500000	1.0
NW_024609835.1	96700000	96800000	5.0
NW_024609835.1	96800000	96900000	1.0
NW_024609835.1	96900000	97000000	1.0
NW_024609835.1	97000000	97100000	3.0
NW_024609835.1	97100000	97200000	1.0
NW_024609835.1	97500000	97600000	1.0
NW_024609835.1	97600000	97700000	2.0
NW_024609835.1	97800000	97900000	1.0
NW_024609835.1	97900000	98000000	1.0
NW_024609835.1	98000000	98100000	1.0
NW_024609835.1	98100000	98200000	1.0
NW_024609835.1	98300000	98400000	1.0
NW_024609835.1	98400000	98500000	1.0
NW_024609835.1	98500000	98600000	3.0
NW_024609835.1	98600000	98700000	1.0
NW_024609835.1	98800000	98900000	1.0
NW_024609835.1	98900000	99000000	2.0
NW_024609835.1	99000000	99100000	2.0
NW_024609835.1	99100000	99200000	2.0
NW_024609835.1	99200000	99300000	1.0
NW_024609835.1	99400000	99500000	2.0
NW_024609835.1	100300000	100400000	2.0
NW_024609835.1	100400000	100500000	2.0
NW_024609835.1	100700000	100800000	1.0
NW_024609835.1	101100000	101200000	1.0
NW_024609835.1	101300000	101400000	1.0
NW_024609835.1	101800000	101900000	2.0
NW_024609835.1	101900000	102000000	2.0
NW_024609835.1	102100000	102200000	2.0
NW_024609835.1	102200000	102300000	2.0
NW_024609835.1	102400000	102500000	1.0
NW_024609835.1	103000000	103100000	1.0
NW_024609835.1	103100000	103200000	1.0
NW_024609835.1	103200000	103300000	2.0
NW_024609835.1	103300000	103400000	3.0
NW_024609835.1	103400000	103500000	2.0
NW_024609835.1	103500000	103600000	1.0
NW_024609835.1	103600000	103700000	1.0
NW_024609835.1	103800000	103900000	1.0
NW_024609835.1	104100000	104200000	1.0
NW_024609835.1	104200000	104300000	1.0
NW_024609835.1	104500000	104600000	3.0
NW_024609835.1	104600000	104700000	1.0
NW_024609835.1	104800000	104900000	1.0
NW_024609835.1	104900000	105000000	3.0
NW_024609835.1	105000000	105100000	3.0
NW_024609835.1	105100000	105200000	4.0
NW_024609835.1	105300000	105400000	1.0
NW_024609835.1	105400000	105500000	2.0
NW_024609835.1	105600000	105700000	1.0
NW_024609835.1	105700000	105800000	1.0
NW_024609835.1	105800000	105900000	2.0
NW_024609835.1	105900000	106000000	1.0
NW_024609835.1	106000000	106100000	3.0
NW_024609835.1	106100000	106200000	1.0
NW_024609835.1	106200000	106300000	1.0
NW_024609835.1	106300000	106400000	1.0
NW_024609835.1	106400000	106500000	1.0
NW_024609835.1	106600000	106700000	1.0
NW_024609835.1	107000000	107100000	1.0
NW_024609835.1	107100000	107200000	2.0
NW_024609835.1	107200000	107300000	1.0
NW_024609835.1	107300000	107400000	2.0
NW_024609835.1	107400000	107500000	3.0
NW_024609835.1	107500000	107600000	2.0
NW_024609835.1	107600000	107700000	1.0
NW_024609835.1	107700000	107800000	2.0
NW_024609835.1	107800000	107900000	3.0
NW_024609835.1	107900000	108000000	6.0
NW_024609835.1	108000000	108100000	3.0
NW_024609835.1	108300000	108400000	1.0
NW_024609835.1	108400000	108500000	5.0
NW_024609835.1	108500000	108600000	4.0
NW_024609835.1	108600000	108700000	4.0
NW_024609835.1	108700000	108800000	1.0
NW_024609835.1	108800000	108900000	4.0
NW_024609835.1	108900000	109000000	1.0
NW_024609835.1	109000000	109100000	3.0
NW_024609835.1	109100000	109200000	1.0
NW_024609835.1	109200000	109300000	4.0
NW_024609835.1	109400000	109500000	2.0
NW_024609835.1	109500000	109600000	2.0
NW_024609835.1	109600000	109700000	3.0
NW_024609835.1	109700000	109800000	1.0
NW_024609835.1	109800000	109900000	3.0
NW_024609835.1	109900000	110000000	1.0
NW_024609835.1	110100000	110200000	1.0
NW_024609835.1	110200000	110300000	2.0
NW_024609835.1	110300000	110400000	3.0
NW_024609835.1	110500000	110600000	1.0
NW_024609835.1	110600000	110700000	3.0
NW_024609835.1	110700000	110800000	1.0
NW_024609835.1	110900000	111000000	1.0
NW_024609835.1	111000000	111100000	2.0
NW_024609835.1	111100000	111200000	1.0
NW_024609835.1	111200000	111300000	1.0
NW_024609835.1	111400000	111500000	1.0
NW_024609835.1	111500000	111600000	1.0
NW_024609835.1	111600000	111700000	1.0
NW_024609835.1	111700000	111800000	1.0
NW_024609835.1	111800000	111900000	1.0
NW_024609835.1	111900000	112000000	1.0
NW_024609835.1	112200000	112300000	1.0
NW_024609835.1	112400000	112500000	3.0
NW_024609835.1	112500000	112600000	3.0
NW_024609835.1	112700000	112800000	2.0
NW_024609835.1	112800000	112900000	1.0
NW_024609835.1	112900000	113000000	1.0
NW_024609835.1	113500000	113600000	1.0
NW_024609835.1	113600000	113700000	1.0
NW_024609835.1	113700000	113800000	2.0
NW_024609835.1	113800000	113900000	2.0
NW_024609835.1	113900000	114000000	4.0
NW_024609835.1	114000000	114100000	1.0
NW_024609835.1	114100000	114200000	2.0
NW_024609835.1	114200000	114300000	2.0
NW_024609835.1	114300000	114400000	3.0
NW_024609835.1	114400000	114500000	1.0
NW_024609835.1	114500000	114600000	3.0
NW_024609835.1	114600000	114700000	2.0
NW_024609835.1	114700000	114800000	1.0
NW_024609835.1	114800000	114900000	1.0
NW_024609835.1	115100000	115200000	1.0
NW_024609835.1	115200000	115300000	1.0
NW_024609835.1	115400000	115500000	1.0
NW_024609835.1	115500000	115600000	1.0
NW_024609835.1	115600000	115700000	1.0
NW_024609835.1	115700000	115800000	3.0
NW_024609835.1	115800000	115900000	2.0
NW_024609835.1	116300000	116400000	1.0
NW_024609835.1	116600000	116700000	1.0
NW_024609835.1	116700000	116800000	1.0
NW_024609835.1	116800000	116900000	1.0
NW_024609835.1	116900000	117000000	1.0
NW_024609835.1	117000000	117100000	2.0
NW_024609835.1	117100000	117200000	1.0
NW_024609835.1	117200000	117300000	2.0
NW_024609835.1	117400000	117500000	1.0
NW_024609835.1	117500000	117600000	1.0
NW_024609835.1	117900000	118000000	2.0
NW_024609835.1	118200000	118300000	4.0
NW_024609835.1	118300000	118400000	2.0
NW_024609835.1	118500000	118600000	1.0
NW_024609835.1	118800000	118900000	2.0
NW_024609835.1	119000000	119100000	1.0
NW_024609835.1	119100000	119200000	2.0
NW_024609835.1	119200000	119300000	2.0
NW_024609835.1	119600000	119700000	1.0
NW_024609835.1	119800000	119900000	3.0
NW_024609835.1	120100000	120200000	1.0
NW_024609835.1	120300000	120400000	1.0
NW_024609835.1	120400000	120500000	1.0
NW_024609835.1	120700000	120800000	1.0
NW_024609835.1	120800000	120900000	4.0
NW_024609835.1	120900000	121000000	2.0
NW_024609835.1	121000000	121100000	4.0
NW_024609835.1	121100000	121200000	3.0
NW_024609835.1	121200000	121300000	1.0
NW_024609835.1	121300000	121400000	1.0
NW_024609835.1	121400000	121500000	1.0
NW_024609835.1	121500000	121600000	2.0
NW_024609835.1	121600000	121700000	1.0
NW_024609835.1	121700000	121800000	2.0
NW_024609835.1	121800000	121900000	1.0
NW_024609835.1	121900000	122000000	1.0
NW_024609835.1	122000000	122100000	1.0
NW_024609835.1	122100000	122200000	4.0
NW_024609835.1	122200000	122300000	4.0
NW_024609835.1	122400000	122500000	1.0
NW_024609835.1	122500000	122600000	1.0
NW_024609835.1	123000000	123100000	2.0
NW_024609835.1	123400000	123500000	1.0
NW_024609835.1	123500000	123600000	1.0
NW_024609835.1	123700000	123800000	1.0
NW_024609835.1	123900000	124000000	1.0
NW_024609835.1	124200000	124300000	1.0
NW_024609835.1	124600000	124700000	1.0
NW_024609835.1	124700000	124800000	1.0
NW_024609835.1	124800000	124900000	2.0
NW_024609835.1	124900000	125000000	1.0
NW_024609835.1	125100000	125200000	1.0
NW_024609835.1	125300000	125400000	2.0
NW_024609835.1	125400000	125500000	1.0
NW_024609835.1	125500000	125600000	1.0
NW_024609835.1	125600000	125700000	3.0
NW_024609835.1	125700000	125800000	2.0
NW_024609835.1	125800000	125900000	4.0
NW_024609835.1	126000000	126100000	1.0
NW_024609835.1	126100000	126200000	1.0
NW_024609835.1	126300000	126400000	3.0
NW_024609835.1	126400000	126500000	2.0
NW_024609835.1	126500000	126600000	2.0
NW_024609835.1	126600000	126700000	1.0
NW_024609835.1	126700000	126800000	1.0
NW_024609835.1	126900000	127000000	1.0
NW_024609835.1	127000000	127100000	1.0
NW_024609835.1	127100000	127200000	2.0
NW_024609835.1	127200000	127300000	2.0
NW_024609835.1	127300000	127400000	2.0
NW_024609835.1	127500000	127600000	1.0
NW_024609835.1	127600000	127700000	3.0
NW_024609835.1	127700000	127800000	2.0
NW_024609835.1	127800000	127900000	1.0
NW_024609835.1	127900000	128000000	2.0
NW_024609835.1	128000000	128100000	1.0
NW_024609835.1	128300000	128400000	2.0
NW_024609835.1	129300000	129400000	1.0
NW_024609835.1	129700000	129800000	1.0
NW_024609835.1	130100000	130200000	2.0
NW_024609835.1	130300000	130400000	1.0
NW_024609835.1	130400000	130500000	1.0
NW_024609835.1	130600000	130700000	1.0
NW_024609835.1	130900000	131000000	1.0
NW_024609835.1	131100000	131200000	3.0
NW_024609835.1	131200000	131300000	1.0
NW_024609835.1	131300000	131400000	1.0
NW_024609835.1	131400000	131500000	3.0
NW_024609835.1	131600000	131700000	1.0
NW_024609835.1	131700000	131800000	1.0
NW_024609835.1	131800000	131900000	3.0
NW_024609835.1	132000000	132100000	2.0
NW_024609835.1	132200000	132300000	1.0
NW_024609835.1	132300000	132400000	1.0
NW_024609835.1	132500000	132600000	2.0
NW_024609835.1	132600000	132700000	1.0
NW_024609835.1	132700000	132800000	1.0
NW_024609835.1	132800000	132900000	1.0
NW_024609835.1	133100000	133200000	2.0
NW_024609835.1	133200000	133300000	1.0
NW_024609835.1	133300000	133400000	1.0
NW_024609835.1	133700000	133800000	1.0
NW_024609835.1	134000000	134100000	1.0
NW_024609835.1	134400000	134500000	3.0
NW_024609835.1	134600000	134700000	2.0
NW_024609835.1	135200000	135300000	1.0
NW_024609835.1	135600000	135700000	1.0
NW_024609835.1	135700000	135800000	1.0
NW_024609835.1	135800000	135900000	1.0
NW_024609835.1	136500000	136600000	1.0
NW_024609835.1	136700000	136800000	1.0
NW_024609835.1	136800000	136900000	4.0
NW_024609835.1	136900000	137000000	1.0
NW_024609835.1	137500000	137600000	1.0
NW_024609835.1	137600000	137700000	1.0
NW_024609835.1	137700000	137800000	2.0
NW_024609835.1	137800000	137900000	2.0
NW_024609835.1	137900000	138000000	1.0
NW_024609835.1	138000000	138100000	1.0
NW_024609835.1	138100000	138200000	2.0
NW_024609835.1	138800000	138900000	1.0
NW_024609835.1	138600000	138700000	1.0
NW_024609835.1	139100000	139200000	1.0
NW_024609835.1	139300000	139400000	1.0
NW_024609835.1	139400000	139500000	3.0
NW_024609835.1	139700000	139800000	3.0
NW_024609835.1	139800000	139900000	2.0
NW_024609835.1	139900000	140000000	5.0
NW_024609835.1	140000000	140100000	1.0
NW_024609835.1	140200000	140300000	1.0
NW_024609835.1	140300000	140400000	1.0
NW_024609835.1	140400000	140500000	1.0
NW_024609835.1	140500000	140600000	1.0
NW_024609835.1	140900000	141000000	1.0
NW_024609835.1	141100000	141200000	1.0
NW_024609835.1	141200000	141300000	1.0
NW_024609835.1	141400000	141500000	2.0
NW_024609835.1	141500000	141600000	2.0
NW_024609835.1	141600000	141700000	1.0
NW_024609835.1	141800000	141900000	1.0
NW_024609835.1	141900000	142000000	1.0
NW_024609835.1	142000000	142100000	1.0
NW_024609835.1	142100000	142200000	1.0
NW_024609835.1	142200000	142300000	2.0
NW_024609835.1	142600000	142700000	1.0
NW_024609835.1	142800000	142900000	1.0
NW_024609835.1	143100000	143200000	1.0
NW_024609835.1	143400000	143500000	3.0
NW_024609835.1	143500000	143600000	2.0
NW_024609835.1	143700000	143800000	1.0
NW_024609835.1	143800000	143900000	2.0
NW_024609835.1	143900000	144000000	1.0
NW_024609835.1	144000000	144100000	1.0
NW_024609835.1	144100000	144200000	2.0
NW_024609835.1	144200000	144300000	2.0
NW_024609835.1	144400000	144500000	1.0
NW_024609835.1	144500000	144600000	1.0
NW_024609835.1	144700000	144800000	1.0
NW_024609835.1	144800000	144900000	1.0
NW_024609835.1	144900000	145000000	2.0
NW_024609835.1	145000000	145100000	2.0
NW_024609835.1	145200000	145300000	2.0
NW_024609835.1	145400000	145500000	1.0
NW_024609835.1	145500000	145600000	1.0
NW_024609835.1	145800000	145900000	1.0
NW_024609835.1	145900000	146000000	1.0
NW_024609835.1	146000000	146100000	1.0
NW_024609835.1	146700000	146800000	1.0
NW_024609835.1	147000000	147100000	2.0
NW_024609835.1	147200000	147300000	2.0
NW_024609835.1	148000000	148100000	1.0
NW_024609835.1	148300000	148400000	1.0
NW_024609835.1	148600000	148700000	1.0
NW_024609835.1	148800000	148900000	1.0
NW_024609835.1	149000000	149100000	1.0
NW_024609835.1	149200000	149300000	2.0
NW_024609835.1	149300000	149400000	1.0
NW_024609835.1	149500000	149600000	1.0
NW_024609835.1	149600000	149700000	2.0
NW_024609835.1	149700000	149800000	4.0
NW_024609835.1	149800000	149900000	1.0
NW_024609835.1	149900000	150000000	2.0
NW_024609835.1	150000000	150100000	1.0
NW_024609835.1	150200000	150300000	3.0
NW_024609835.1	150400000	150500000	2.0
NW_024609835.1	150500000	150600000	1.0
NW_024609835.1	150700000	150800000	1.0
NW_024609835.1	150900000	151000000	2.0
NW_024609835.1	151100000	151200000	1.0
NW_024609835.1	151200000	151300000	1.0
NW_024609835.1	151600000	151700000	1.0
NW_024609835.1	152300000	152400000	1.0
NW_024609835.1	152700000	152800000	1.0
NW_024609835.1	152800000	152900000	1.0
NW_024609835.1	153100000	153200000	1.0
NW_024609835.1	153200000	153300000	2.0
NW_024609835.1	153300000	153400000	1.0
NW_024609835.1	154800000	154900000	1.0
NW_024609835.1	155200000	155300000	2.0
NW_024609835.1	155400000	155500000	1.0
NW_024609835.1	155500000	155600000	1.0
NW_024609835.1	156200000	156300000	1.0
NW_024609835.1	156300000	156400000	2.0
NW_024609835.1	156500000	156600000	1.0
NW_024609835.1	156600000	156700000	2.0
NW_024609835.1	156900000	157000000	2.0
NW_024609835.1	157000000	157100000	1.0
NW_024609835.1	157100000	157200000	1.0
NW_024609835.1	157200000	157300000	1.0
NW_024609835.1	157300000	157400000	2.0
NW_024609835.1	157400000	157500000	4.0
NW_024609835.1	157500000	157600000	1.0
NW_024609835.1	157600000	157700000	1.0
NW_024609835.1	157800000	157900000	1.0
NW_024609835.1	157900000	158000000	1.0
NW_024609835.1	158000000	158100000	3.0
NW_024609835.1	158100000	158200000	2.0
NW_024609835.1	158200000	158300000	3.0
NW_024609835.1	158300000	158400000	2.0
NW_024609835.1	158400000	158500000	1.0
NW_024609835.1	158600000	158700000	2.0
NW_024609835.1	158700000	158800000	1.0
NW_024609835.1	159000000	159100000	1.0
NW_024609835.1	159200000	159300000	2.0
NW_024609835.1	159300000	159400000	1.0
NW_024609835.1	159400000	159500000	3.0
NW_024609835.1	159500000	159600000	2.0
NW_024609835.1	159600000	159700000	1.0
NW_024609835.1	159800000	159900000	1.0
NW_024609835.1	159900000	160000000	2.0
NW_024609835.1	160100000	160200000	1.0
NW_024609835.1	160200000	160300000	1.0
NW_024609835.1	160900000	161000000	2.0
NW_024609835.1	161200000	161300000	3.0
NW_024609835.1	161500000	161600000	1.0
NW_024609835.1	161600000	161700000	1.0
NW_024609835.1	161900000	162000000	1.0
NW_024609835.1	162000000	162100000	1.0
NW_024609835.1	162100000	162200000	1.0
NW_024609835.1	162300000	162400000	1.0
NW_024609835.1	162400000	162500000	1.0
NW_024609835.1	162600000	162700000	1.0
NW_024609835.1	162900000	163000000	1.0
NW_024609835.1	163100000	163200000	1.0
NW_024609835.1	163400000	163500000	2.0
NW_024609835.1	163500000	163600000	1.0
NW_024609835.1	163600000	163700000	1.0
NW_024609835.1	163700000	163800000	1.0
NW_024609835.1	163800000	163900000	1.0
NW_024609835.1	163900000	164000000	1.0
NW_024609835.1	164200000	164300000	2.0
NW_024609835.1	164300000	164400000	3.0
NW_024609835.1	164400000	164500000	1.0
NW_024609835.1	164500000	164600000	1.0
NW_024609835.1	164700000	164800000	4.0
NW_024609835.1	164800000	164900000	1.0
NW_024609835.1	164900000	165000000	1.0
NW_024609835.1	165000000	165100000	4.0
NW_024609835.1	165100000	165200000	1.0
NW_024609835.1	165300000	165400000	1.0
NW_024609835.1	165800000	165900000	1.0
NW_024609835.1	166300000	166400000	1.0
NW_024609835.1	166500000	166600000	3.0
NW_024609835.1	166600000	166700000	1.0
NW_024609835.1	167200000	167300000	2.0
NW_024609835.1	167500000	167600000	4.0
NW_024609835.1	167600000	167700000	1.0
NW_024609835.1	167700000	167800000	1.0
NW_024609835.1	167900000	168000000	1.0
NW_024609835.1	168200000	168300000	1.0
NW_024609835.1	168300000	168400000	2.0
NW_024609835.1	168400000	168500000	1.0
NW_024609835.1	168500000	168600000	1.0
NW_024609835.1	168700000	168800000	3.0
NW_024609835.1	168900000	169000000	3.0
NW_024609835.1	169300000	169400000	3.0
NW_024609835.1	169900000	170000000	1.0
NW_024609835.1	170000000	170100000	1.0
NW_024609835.1	170200000	170300000	1.0
NW_024609835.1	170400000	170500000	2.0
NW_024609835.1	170500000	170600000	1.0
NW_024609835.1	170600000	170700000	3.0
NW_024609835.1	170700000	170800000	2.0
NW_024609835.1	170800000	170900000	2.0
NW_024609835.1	170900000	171000000	2.0
NW_024609835.1	171000000	171100000	3.0
NW_024609835.1	171600000	171700000	2.0
NW_024609835.1	171800000	171900000	1.0
NW_024609835.1	171900000	172000000	1.0
NW_024609835.1	172000000	172100000	2.0
NW_024609835.1	172100000	172200000	1.0
NW_024609835.1	172200000	172300000	1.0
NW_024609835.1	172400000	172500000	1.0
NW_024609835.1	172600000	172700000	2.0
NW_024609835.1	172800000	172900000	1.0
NW_024609835.1	172900000	173000000	1.0
NW_024609835.1	173000000	173100000	1.0
NW_024609835.1	173300000	173400000	1.0
NW_024609835.1	173400000	173500000	1.0
NW_024609835.1	173500000	173600000	3.0
NW_024609835.1	173700000	173800000	1.0
NW_024609835.1	173800000	173900000	2.0
NW_024609835.1	174100000	174200000	2.0
NW_024609835.1	174200000	174300000	2.0
NW_024609835.1	174300000	174400000	1.0
NW_024609835.1	174400000	174500000	1.0
NW_024609835.1	174500000	174600000	1.0
NW_024609835.1	174600000	174700000	1.0
NW_024609835.1	174700000	174800000	1.0
NW_024609835.1	174800000	174900000	2.0
NW_024609835.1	175100000	175200000	1.0
NW_024609835.1	175300000	175400000	3.0
NW_024609835.1	175400000	175500000	1.0
NW_024609835.1	175500000	175600000	1.0
NW_024609835.1	175600000	175700000	2.0
NW_024609835.1	175700000	175800000	2.0
NW_024609835.1	175800000	175900000	1.0
NW_024609835.1	176000000	176100000	1.0
NW_024609835.1	176200000	176300000	2.0
NW_024609835.1	176300000	176400000	1.0
NW_024609835.1	176500000	176600000	1.0
NW_024609835.1	176600000	176700000	1.0
NW_024609835.1	176900000	177000000	1.0
NW_024609835.1	177500000	177600000	1.0
NW_024609835.1	177700000	177800000	2.0
NW_024609835.1	177900000	178000000	2.0
NW_024609835.1	178000000	178100000	1.0
NW_024609835.1	178400000	178500000	1.0
NW_024609835.1	178500000	178600000	4.0
NW_024609835.1	178900000	179000000	3.0
NW_024609835.1	179000000	179100000	4.0
NW_024609835.1	179100000	179200000	2.0
NW_024609835.1	179200000	179300000	2.0
NW_024609835.1	179400000	179500000	1.0
NW_024609835.1	179900000	180000000	1.0
NW_024609835.1	180000000	180100000	2.0
NW_024609835.1	180100000	180200000	1.0
NW_024609835.1	180400000	180500000	4.0
NW_024609835.1	180500000	180600000	3.0
NW_024609835.1	180600000	180700000	2.0
NW_024609835.1	180700000	180800000	2.0
NW_024609835.1	180800000	180900000	2.0
NW_024609835.1	180900000	181000000	4.0
NW_024609835.1	181100000	181200000	1.0
NW_024609835.1	181200000	181300000	2.0
NW_024609835.1	181300000	181400000	2.0
NW_024609835.1	181400000	181500000	1.0
NW_024609835.1	181500000	181600000	2.0
NW_024609835.1	181600000	181700000	2.0
NW_024609835.1	181700000	181800000	2.0
NW_024609835.1	181800000	181900000	2.0
NW_024609835.1	181900000	182000000	2.0
NW_024609835.1	182000000	182100000	1.0
NW_024609835.1	182100000	182200000	2.0
NW_024609835.1	182200000	182300000	1.0
NW_024609835.1	182300000	182400000	1.0
NW_024609835.1	182400000	182500000	2.0
NW_024609835.1	182500000	182600000	1.0
NW_024609835.1	182600000	182700000	1.0
NW_024609835.1	182700000	182800000	1.0
NW_024609835.1	182800000	182900000	1.0
NW_024609835.1	182900000	183000000	1.0
NW_024609835.1	183000000	183100000	1.0
NW_024609835.1	183500000	183600000	1.0
NW_024609835.1	183700000	183800000	2.0
NW_024609835.1	183900000	184000000	1.0
NW_024609835.1	184400000	184500000	1.0
NW_024609835.1	184500000	184600000	2.0
NW_024609835.1	185100000	185200000	1.0
NW_024609835.1	185200000	185300000	1.0
NW_024609835.1	185300000	185400000	2.0
NW_024609835.1	185800000	185900000	2.0
NW_024609835.1	186300000	186400000	1.0
NW_024609835.1	186600000	186700000	1.0
NW_024609835.1	187600000	187700000	1.0
NW_024609835.1	187700000	187800000	1.0
NW_024609835.1	188100000	188200000	1.0
NW_024609835.1	188400000	188500000	1.0
NW_024609835.1	188800000	188900000	1.0
NW_024609835.1	188900000	189000000	1.0
NW_024609835.1	189200000	189300000	3.0
NW_024609835.1	190500000	190600000	1.0
NW_024609835.1	190600000	190700000	2.0
NW_024609835.1	190700000	190800000	1.0
NW_024609835.1	190900000	191000000	2.0
NW_024609835.1	191000000	191100000	1.0
NW_024609835.1	191100000	191200000	1.0
NW_024609835.1	191300000	191400000	1.0
NW_024609835.1	191600000	191700000	1.0
NW_024609835.1	192100000	192200000	1.0
NW_024609835.1	192300000	192400000	1.0
NW_024609835.1	192400000	192500000	1.0
NW_024609835.1	192600000	192700000	1.0
NW_024609835.1	192700000	192800000	2.0
NW_024609835.1	193000000	193100000	1.0
NW_024609835.1	193200000	193300000	1.0
NW_024609835.1	193400000	193500000	2.0
NW_024609835.1	193500000	193600000	3.0
NW_024609835.1	193600000	193700000	2.0
NW_024609835.1	193800000	193900000	1.0
NW_024609835.1	193900000	194000000	3.0
NW_024609835.1	194000000	194100000	1.0
NW_024609835.1	194200000	194300000	3.0
NW_024609835.1	194300000	194400000	2.0
NW_024609835.1	194400000	194500000	3.0
NW_024609835.1	194500000	194600000	1.0
NW_024609835.1	194600000	194700000	1.0
NW_024609835.1	194700000	194800000	3.0
NW_024609835.1	195100000	195200000	1.0
NW_024609835.1	195400000	195500000	1.0
NW_024609835.1	195600000	195700000	1.0
NW_024609835.1	196200000	196300000	1.0
NW_024609835.1	196900000	197000000	2.0
NW_024609835.1	197100000	197200000	1.0
NW_024609835.1	197200000	197300000	1.0
NW_024609835.1	197500000	197600000	1.0
NW_024609835.1	197600000	197700000	1.0
NW_024609835.1	198000000	198100000	1.0
NW_024609835.1	198800000	198900000	1.0
NW_024609835.1	199000000	199100000	1.0
NW_024609835.1	199600000	199700000	1.0
NW_024609835.1	200200000	200300000	1.0
NW_024609835.1	200400000	200500000	1.0
NW_024609835.1	200800000	200900000	1.0
NW_024609835.1	202500000	202600000	1.0
NW_024609835.1	203300000	203400000	2.0
NW_024609835.1	203600000	203700000	2.0
NW_024609835.1	203700000	203800000	1.0
NW_024609835.1	203800000	203900000	1.0
NW_024609835.1	204000000	204100000	1.0
NW_024609835.1	204500000	204600000	1.0
NW_024609835.1	205200000	205300000	4.0
NW_024609835.1	205400000	205500000	1.0
NW_024609835.1	205800000	205900000	1.0
NW_024609835.1	205900000	206000000	1.0
NW_024609835.1	206000000	206100000	1.0
NW_024609835.1	206200000	206300000	2.0
NW_024609835.1	206500000	206600000	1.0
NW_024609835.1	206700000	206800000	1.0
NW_024609835.1	206800000	206900000	1.0
NW_024609835.1	206900000	207000000	1.0
NW_024609835.1	207000000	207100000	1.0
NW_024609835.1	207100000	207200000	1.0
NW_024609835.1	207200000	207300000	2.0
NW_024609835.1	207300000	207400000	1.0
NW_024609835.1	207400000	207500000	1.0
NW_024609835.1	207600000	207700000	1.0
NW_024609835.1	207700000	207800000	1.0
NW_024609835.1	207800000	207900000	1.0
NW_024609835.1	207900000	208000000	1.0
NW_024609835.1	208200000	208300000	1.0
NW_024609835.1	208300000	208400000	1.0
NW_024609835.1	208500000	208600000	1.0
NW_024609835.1	208700000	208800000	2.0
NW_024609835.1	208800000	208900000	5.0
NW_024609835.1	209300000	209400000	1.0
NW_024609835.1	209400000	209500000	1.0
NW_024609835.1	209500000	209600000	1.0
NW_024609835.1	209600000	209700000	1.0
NW_024609835.1	209700000	209800000	1.0
NW_024609835.1	210000000	210100000	1.0
NW_024609835.1	210200000	210300000	1.0
NW_024609835.1	210300000	210400000	1.0
NW_024609835.1	210400000	210500000	1.0
NW_024609835.1	210600000	210700000	1.0
NW_024609835.1	210800000	210900000	1.0
NW_024609835.1	211100000	211200000	3.0
NW_024609835.1	211900000	212000000	1.0
NW_024609835.1	212100000	212200000	1.0
NW_024609835.1	212600000	212700000	1.0
NW_024609835.1	213600000	213700000	1.0
NW_024609835.1	214000000	214100000	1.0
NW_024609835.1	214500000	214600000	2.0
NW_024609835.1	214700000	214800000	1.0
NW_024609835.1	214800000	214900000	1.0
NW_024609835.1	215100000	215200000	1.0
NW_024609835.1	215400000	215500000	1.0
NW_024609835.1	215700000	215800000	1.0
NW_024609835.1	215800000	215900000	1.0
NW_024609835.1	216200000	216300000	1.0
NW_024609835.1	216300000	216400000	1.0
NW_024609835.1	216600000	216700000	1.0
NW_024609835.1	216800000	216900000	1.0
NW_024609835.1	216900000	217000000	2.0
NW_024609835.1	217300000	217400000	1.0
NW_024609835.1	217700000	217800000	1.0
NW_024609835.1	218300000	218400000	1.0
NW_024609835.1	218500000	218600000	1.0
NW_024609835.1	218600000	218700000	3.0
NW_024609835.1	218800000	218900000	2.0
NW_024609835.1	218900000	219000000	2.0
NW_024609835.1	219000000	219100000	1.0
NW_024609835.1	219400000	219500000	1.0
NW_024609835.1	219600000	219700000	1.0
NW_024609835.1	219800000	219900000	1.0
NW_024609835.1	219900000	220000000	1.0
NW_024609835.1	220000000	220100000	2.0
NW_024609835.1	220700000	220800000	1.0
NW_024609835.1	220800000	220900000	1.0
NW_024609835.1	220900000	221000000	1.0
NW_024609835.1	221100000	221200000	1.0
NW_024609835.1	221200000	221300000	2.0
NW_024609835.1	221300000	221400000	2.0
NW_024609835.1	221700000	221800000	2.0
NW_024609835.1	221800000	221900000	2.0
NW_024609835.1	221900000	222000000	2.0
NW_024609835.1	222000000	222100000	3.0
NW_024609835.1	222200000	222300000	1.0
NW_024609835.1	222300000	222400000	1.0
NW_024609835.1	222400000	222500000	3.0
NW_024609835.1	222500000	222600000	1.0
NW_024609835.1	222700000	222800000	1.0
NW_024609835.1	222800000	222900000	1.0
NW_024609835.1	223100000	223200000	3.0
NW_024609835.1	223200000	223300000	2.0
NW_024609835.1	223300000	223400000	1.0
NW_024609835.1	223400000	223500000	2.0
NW_024609835.1	223500000	223600000	3.0
NW_024609835.1	224300000	224400000	1.0
NW_024609835.1	224400000	224500000	1.0
NW_024609835.1	224500000	224600000	1.0
NW_024609835.1	224600000	224700000	2.0
NW_024609835.1	224700000	224800000	3.0
NW_024609835.1	225000000	225100000	1.0
NW_024609835.1	225200000	225300000	1.0
NW_024609835.1	225400000	225500000	2.0
NW_024609835.1	225500000	225600000	2.0
NW_024609835.1	225800000	225900000	1.0
NW_024609835.1	226200000	226300000	1.0
NW_024609835.1	226300000	226400000	1.0
NW_024609835.1	226800000	226900000	1.0
NW_024609835.1	227000000	227100000	1.0
NW_024609835.1	227500000	227600000	1.0
NW_024609835.1	227800000	227900000	1.0
NW_024609835.1	228100000	228200000	1.0
NW_024609835.1	228300000	228400000	1.0
NW_024609835.1	228400000	228500000	3.0
NW_024609835.1	228700000	228800000	2.0
NW_024609835.1	228800000	228900000	2.0
NW_024609835.1	229200000	229300000	1.0
NW_024609835.1	229500000	229600000	1.0
NW_024609835.1	229600000	229700000	2.0
NW_024609835.1	229700000	229800000	1.0
NW_024609835.1	229900000	230000000	2.0
NW_024609835.1	230000000	230100000	3.0
NW_024609835.1	230300000	230400000	2.0
NW_024609835.1	230500000	230600000	1.0
NW_024609835.1	230700000	230800000	1.0
NW_024609835.1	231100000	231200000	1.0
NW_024609835.1	231400000	231500000	2.0
NW_024609835.1	232000000	232100000	2.0
NW_024609835.1	232500000	232600000	1.0
NW_024609835.1	232600000	232700000	2.0
NW_024609835.1	232700000	232800000	1.0
NW_024609835.1	232800000	232900000	1.0
NW_024609835.1	233100000	233200000	1.0
NW_024609835.1	233200000	233300000	1.0
NW_024609835.1	233500000	233600000	1.0
NW_024609835.1	233600000	233700000	1.0
NW_024609835.1	233800000	233900000	2.0
NW_024609835.1	233900000	234000000	1.0
NW_024609835.1	234200000	234300000	2.0
NW_024609835.1	234400000	234500000	1.0
NW_024609835.1	234600000	234700000	4.0
NW_024609835.1	234700000	234800000	1.0
NW_024609835.1	234800000	234900000	2.0
NW_024609835.1	234900000	235000000	1.0
NW_024609835.1	235100000	235200000	1.0
NW_024609835.1	235600000	235700000	2.0
NW_024609835.1	235800000	235900000	2.0
NW_024609835.1	235900000	236000000	1.0
NW_024609835.1	236100000	236200000	2.0
NW_024609835.1	236300000	236400000	2.0
NW_024609835.1	236400000	236500000	1.0
NW_024609835.1	236500000	236600000	2.0
NW_024609835.1	236600000	236700000	3.0
NW_024609835.1	236700000	236800000	2.0
NW_024609835.1	236800000	236900000	1.0
NW_024609835.1	237200000	237300000	2.0
NW_024609835.1	237500000	237600000	2.0
NW_024609835.1	237800000	237900000	1.0
NW_024609835.1	238000000	238100000	1.0
NW_024609835.1	238700000	238800000	2.0
NW_024609835.1	238900000	239000000	1.0
NW_024609835.1	239100000	239200000	1.0
NW_024609835.1	239300000	239400000	1.0
NW_024609835.1	239400000	239500000	1.0
NW_024609835.1	239500000	239600000	3.0
NW_024609835.1	239600000	239700000	4.0
NW_024609835.1	239900000	240000000	1.0
NW_024609835.1	240200000	240300000	2.0
NW_024609835.1	240300000	240400000	3.0
NW_024609835.1	240400000	240500000	1.0
NW_024609835.1	240500000	240600000	1.0
NW_024609835.1	240600000	240700000	1.0
NW_024609835.1	240800000	240900000	1.0
NW_024609835.1	240900000	241000000	2.0
NW_024609835.1	241000000	241100000	2.0
NW_024609835.1	241100000	241200000	2.0
NW_024609835.1	241200000	241300000	3.0
NW_024609835.1	241400000	241500000	2.0
NW_024609835.1	241600000	241700000	2.0
NW_024609835.1	241700000	241800000	2.0
NW_024609835.1	241800000	241900000	1.0
NW_024609835.1	241900000	242000000	2.0
NW_024609835.1	242000000	242100000	1.0
NW_024609835.1	242100000	242200000	2.0
NW_024609835.1	242200000	242300000	3.0
NW_024609835.1	242300000	242400000	2.0
NW_024609835.1	242500000	242600000	1.0
NW_024609835.1	242600000	242700000	1.0
NW_024609835.1	242700000	242800000	2.0
NW_024609835.1	242800000	242900000	1.0
NW_024609835.1	242900000	243000000	1.0
NW_024609835.1	243000000	243100000	1.0
NW_024609835.1	243100000	243200000	1.0
NW_024609835.1	243200000	243300000	1.0
NW_024609835.1	243500000	243600000	2.0
NW_024609835.1	243700000	243800000	2.0
NW_024609835.1	243800000	243900000	2.0
NW_024609835.1	244000000	244100000	1.0
NW_024609835.1	244100000	244200000	2.0
NW_024609835.1	244200000	244300000	1.0
NW_024609835.1	244400000	244500000	2.0
NW_024609835.1	244500000	244600000	1.0
NW_024609835.1	244600000	244700000	2.0
NW_024609835.1	244700000	244800000	1.0
NW_024609835.1	244800000	244900000	1.0
NW_024609835.1	245000000	245100000	1.0
NW_024609835.1	245100000	245200000	2.0
NW_024609835.1	245200000	245300000	1.0
NW_024609835.1	245700000	245800000	1.0
NW_024609835.1	245800000	245900000	1.0
NW_024609835.1	245900000	246000000	1.0
NW_024609835.1	246100000	246200000	1.0
NW_024609835.1	246400000	246500000	1.0
NW_024609835.1	246900000	247000000	1.0
NW_024609835.1	247100000	247200000	3.0
NW_024609835.1	247200000	247300000	1.0
NW_024609835.1	247400000	247500000	2.0
NW_024609835.1	247500000	247600000	1.0
NW_024609835.1	247600000	247700000	3.0
NW_024609835.1	248000000	248100000	1.0
NW_024609835.1	248100000	248200000	1.0
NW_024609835.1	248200000	248300000	3.0
NW_024609835.1	248300000	248400000	2.0
NW_024609835.1	248400000	248500000	1.0
NW_024609835.1	248500000	248600000	1.0
NW_024609835.1	248600000	248700000	1.0
NW_024609835.1	248700000	248800000	2.0
NW_024609835.1	248800000	248900000	2.0
NW_024609835.1	248900000	249000000	2.0
NW_024609835.1	249100000	249200000	1.0
NW_024609835.1	249200000	249300000	1.0
NW_024609835.1	249400000	249500000	2.0
NW_024609835.1	249500000	249600000	1.0
NW_024609835.1	249900000	250000000	1.0
NW_024609835.1	250000000	250100000	3.0
NW_024609835.1	250100000	250200000	4.0
NW_024609835.1	250200000	250300000	1.0
NW_024609835.1	250300000	250400000	1.0
NW_024609835.1	250600000	250700000	1.0
NW_024609835.1	250700000	250800000	1.0
NW_024609835.1	250900000	251000000	1.0
NW_024609835.1	251100000	251200000	2.0
NW_024609835.1	251200000	251300000	1.0
NW_024609835.1	251600000	251700000	1.0
NW_024609835.1	252100000	252200000	1.0
NW_024609835.1	252700000	252800000	1.0
NW_024609835.1	252800000	252900000	4.0
NW_024609836.1	200000	300000	1.0
NW_024609836.1	300000	400000	1.0
NW_024609836.1	500000	600000	1.0
NW_024609836.1	600000	700000	1.0
NW_024609836.1	900000	1000000	1.0
NW_024609836.1	1000000	1100000	1.0
NW_024609836.1	1100000	1200000	1.0
NW_024609836.1	1300000	1400000	1.0
NW_024609836.1	1400000	1500000	1.0
NW_024609836.1	1700000	1800000	2.0
NW_024609836.1	1800000	1900000	2.0
NW_024609836.1	1900000	2000000	2.0
NW_024609836.1	2000000	2100000	1.0
NW_024609836.1	2200000	2300000	1.0
NW_024609836.1	2300000	2400000	1.0
NW_024609836.1	2800000	2900000	1.0
NW_024609836.1	2900000	3000000	1.0
NW_024609836.1	3100000	3200000	1.0
NW_024609836.1	3500000	3600000	1.0
NW_024609836.1	3600000	3700000	2.0
NW_024609836.1	3700000	3800000	3.0
NW_024609836.1	3900000	4000000	2.0
NW_024609836.1	4100000	4200000	1.0
NW_024609836.1	4200000	4300000	1.0
NW_024609836.1	4300000	4400000	1.0
NW_024609836.1	4400000	4500000	1.0
NW_024609836.1	4500000	4600000	1.0
NW_024609836.1	4700000	4800000	1.0
NW_024609836.1	5000000	5100000	2.0
NW_024609836.1	5200000	5300000	1.0
NW_024609836.1	5300000	5400000	1.0
NW_024609836.1	5400000	5500000	1.0
NW_024609836.1	5600000	5700000	1.0
NW_024609836.1	5800000	5900000	1.0
NW_024609836.1	6000000	6100000	2.0
NW_024609836.1	6300000	6400000	1.0
NW_024609836.1	6400000	6500000	1.0
NW_024609836.1	6500000	6600000	3.0
NW_024609836.1	6600000	6700000	1.0
NW_024609836.1	6700000	6800000	3.0
NW_024609836.1	6800000	6900000	1.0
NW_024609836.1	6900000	7000000	2.0
NW_024609836.1	7000000	7100000	3.0
NW_024609836.1	7400000	7500000	1.0
NW_024609836.1	7500000	7600000	1.0
NW_024609836.1	7600000	7700000	1.0
NW_024609836.1	7800000	7900000	3.0
NW_024609836.1	7900000	8000000	5.0
NW_024609836.1	8000000	8100000	2.0
NW_024609836.1	8100000	8200000	1.0
NW_024609836.1	8200000	8300000	6.0
NW_024609836.1	8300000	8400000	3.0
NW_024609836.1	8400000	8500000	5.0
NW_024609836.1	8500000	8600000	7.0
NW_024609836.1	8600000	8700000	1.0
NW_024609836.1	8700000	8800000	3.0
NW_024609836.1	8900000	9000000	4.0
NW_024609836.1	9200000	9300000	1.0
NW_024609836.1	9400000	9500000	1.0
NW_024609836.1	9500000	9600000	3.0
NW_024609836.1	9700000	9800000	1.0
NW_024609836.1	9800000	9900000	1.0
NW_024609836.1	9900000	10000000	2.0
NW_024609836.1	10000000	10100000	1.0
NW_024609836.1	10100000	10200000	1.0
NW_024609836.1	10400000	10500000	1.0
NW_024609836.1	10700000	10800000	1.0
NW_024609836.1	10800000	10900000	1.0
NW_024609836.1	10900000	11000000	2.0
NW_024609836.1	11100000	11200000	1.0
NW_024609836.1	11300000	11400000	1.0
NW_024609836.1	11800000	11900000	1.0
NW_024609836.1	12100000	12200000	1.0
NW_024609836.1	12200000	12300000	1.0
NW_024609836.1	12300000	12400000	1.0
NW_024609836.1	12500000	12600000	1.0
NW_024609836.1	12600000	12700000	2.0
NW_024609836.1	12800000	12900000	2.0
NW_024609836.1	12900000	13000000	2.0
NW_024609836.1	13000000	13100000	1.0
NW_024609836.1	13100000	13200000	1.0
NW_024609836.1	13200000	13300000	5.0
NW_024609836.1	13300000	13400000	1.0
NW_024609836.1	13600000	13700000	1.0
NW_024609836.1	13700000	13800000	1.0
NW_024609836.1	13900000	14000000	3.0
NW_024609836.1	14000000	14100000	1.0
NW_024609836.1	14700000	14800000	1.0
NW_024609836.1	14800000	14900000	2.0
NW_024609836.1	15100000	15200000	3.0
NW_024609836.1	15500000	15600000	2.0
NW_024609836.1	15800000	15900000	2.0
NW_024609836.1	16200000	16300000	3.0
NW_024609836.1	16400000	16500000	2.0
NW_024609836.1	16800000	16900000	1.0
NW_024609836.1	17000000	17100000	2.0
NW_024609836.1	17100000	17200000	1.0
NW_024609836.1	17400000	17500000	1.0
NW_024609836.1	17500000	17600000	1.0
NW_024609836.1	17600000	17700000	1.0
NW_024609836.1	17700000	17800000	1.0
NW_024609836.1	17800000	17900000	1.0
NW_024609836.1	17900000	18000000	2.0
NW_024609836.1	18000000	18100000	1.0
NW_024609836.1	18100000	18200000	1.0
NW_024609836.1	18400000	18500000	1.0
NW_024609836.1	18900000	19000000	1.0
NW_024609836.1	19200000	19300000	1.0
NW_024609836.1	19500000	19600000	2.0
NW_024609836.1	19600000	19700000	3.0
NW_024609836.1	19700000	19800000	1.0
NW_024609836.1	19800000	19900000	1.0
NW_024609836.1	20100000	20200000	3.0
NW_024609836.1	20200000	20300000	1.0
NW_024609836.1	20500000	20600000	2.0
NW_024609836.1	20600000	20700000	2.0
NW_024609836.1	20700000	20800000	4.0
NW_024609836.1	20800000	20900000	2.0
NW_024609836.1	21000000	21100000	2.0
NW_024609836.1	21100000	21200000	1.0
NW_024609836.1	21300000	21400000	2.0
NW_024609836.1	21400000	21500000	1.0
NW_024609836.1	21600000	21700000	3.0
NW_024609836.1	22300000	22400000	3.0
NW_024609836.1	22400000	22500000	2.0
NW_024609836.1	22600000	22700000	1.0
NW_024609836.1	22800000	22900000	1.0
NW_024609836.1	23100000	23200000	2.0
NW_024609836.1	23300000	23400000	1.0
NW_024609836.1	23400000	23500000	3.0
NW_024609836.1	24300000	24400000	1.0
NW_024609836.1	24700000	24800000	1.0
NW_024609836.1	24900000	25000000	2.0
NW_024609836.1	25000000	25100000	2.0
NW_024609836.1	25200000	25300000	1.0
NW_024609836.1	25300000	25400000	3.0
NW_024609836.1	25700000	25800000	4.0
NW_024609836.1	26000000	26100000	1.0
NW_024609836.1	26100000	26200000	2.0
NW_024609836.1	26400000	26500000	2.0
NW_024609836.1	26600000	26700000	2.0
NW_024609836.1	26800000	26900000	1.0
NW_024609836.1	26900000	27000000	1.0
NW_024609836.1	27000000	27100000	3.0
NW_024609836.1	27100000	27200000	2.0
NW_024609836.1	27200000	27300000	3.0
NW_024609836.1	27600000	27700000	1.0
NW_024609836.1	27900000	28000000	1.0
NW_024609836.1	28000000	28100000	2.0
NW_024609836.1	28700000	28800000	1.0
NW_024609836.1	29000000	29100000	1.0
NW_024609836.1	29100000	29200000	2.0
NW_024609836.1	29200000	29300000	2.0
NW_024609836.1	29500000	29600000	1.0
NW_024609836.1	29600000	29700000	2.0
NW_024609836.1	29700000	29800000	2.0
NW_024609836.1	30000000	30100000	3.0
NW_024609836.1	30300000	30400000	1.0
NW_024609836.1	30600000	30700000	1.0
NW_024609836.1	30700000	30800000	3.0
NW_024609836.1	30800000	30900000	2.0
NW_024609836.1	30900000	31000000	4.0
NW_024609836.1	31000000	31100000	2.0
NW_024609836.1	31100000	31200000	1.0
NW_024609836.1	31200000	31300000	1.0
NW_024609836.1	31300000	31400000	1.0
NW_024609836.1	31400000	31500000	2.0
NW_024609836.1	31600000	31700000	1.0
NW_024609836.1	31800000	31900000	2.0
NW_024609836.1	31900000	32000000	5.0
NW_024609836.1	32000000	32100000	3.0
NW_024609836.1	32200000	32300000	1.0
NW_024609836.1	32300000	32400000	1.0
NW_024609836.1	32400000	32500000	1.0
NW_024609836.1	32500000	32600000	1.0
NW_024609836.1	32600000	32700000	2.0
NW_024609836.1	32700000	32800000	3.0
NW_024609836.1	32800000	32900000	1.0
NW_024609836.1	33100000	33200000	1.0
NW_024609836.1	33200000	33300000	2.0
NW_024609836.1	33300000	33400000	1.0
NW_024609836.1	33400000	33500000	2.0
NW_024609836.1	33500000	33600000	3.0
NW_024609836.1	33600000	33700000	2.0
NW_024609836.1	33700000	33800000	1.0
NW_024609836.1	33800000	33900000	1.0
NW_024609836.1	33900000	34000000	1.0
NW_024609836.1	34000000	34100000	1.0
NW_024609836.1	34200000	34300000	2.0
NW_024609836.1	34300000	34400000	1.0
NW_024609836.1	34400000	34500000	2.0
NW_024609836.1	34500000	34600000	6.0
NW_024609836.1	34600000	34700000	4.0
NW_024609836.1	34700000	34800000	5.0
NW_024609836.1	34800000	34900000	2.0
NW_024609836.1	34900000	35000000	3.0
NW_024609836.1	35000000	35100000	1.0
NW_024609836.1	35100000	35200000	1.0
NW_024609836.1	35300000	35400000	2.0
NW_024609836.1	35500000	35600000	1.0
NW_024609836.1	35600000	35700000	1.0
NW_024609836.1	35700000	35800000	5.0
NW_024609836.1	35800000	35900000	2.0
NW_024609836.1	35900000	36000000	1.0
NW_024609836.1	36200000	36300000	2.0
NW_024609836.1	36300000	36400000	2.0
NW_024609836.1	36400000	36500000	1.0
NW_024609836.1	36500000	36600000	1.0
NW_024609836.1	36600000	36700000	4.0
NW_024609836.1	36700000	36800000	1.0
NW_024609836.1	36900000	37000000	1.0
NW_024609836.1	37000000	37100000	1.0
NW_024609836.1	37100000	37200000	1.0
NW_024609836.1	37200000	37300000	2.0
NW_024609836.1	37300000	37400000	4.0
NW_024609836.1	37400000	37500000	3.0
NW_024609836.1	37500000	37600000	2.0
NW_024609836.1	37700000	37800000	1.0
NW_024609836.1	37800000	37900000	2.0
NW_024609836.1	37900000	38000000	8.0
NW_024609836.1	38000000	38100000	3.0
NW_024609836.1	38100000	38200000	3.0
NW_024609836.1	38200000	38300000	2.0
NW_024609836.1	38300000	38400000	1.0
NW_024609836.1	38700000	38800000	1.0
NW_024609836.1	38900000	39000000	1.0
NW_024609836.1	39000000	39100000	1.0
NW_024609836.1	39200000	39300000	1.0
NW_024609836.1	39400000	39500000	1.0
NW_024609836.1	39500000	39600000	1.0
NW_024609836.1	39600000	39700000	1.0
NW_024609836.1	39800000	39900000	1.0
NW_024609836.1	40400000	40500000	1.0
NW_024609836.1	40600000	40700000	2.0
NW_024609836.1	40700000	40800000	4.0
NW_024609836.1	40800000	40900000	7.0
NW_024609836.1	40900000	41000000	2.0
NW_024609836.1	41000000	41100000	2.0
NW_024609836.1	41100000	41200000	2.0
NW_024609836.1	41200000	41300000	3.0
NW_024609836.1	41300000	41400000	1.0
NW_024609836.1	41400000	41500000	1.0
NW_024609836.1	41500000	41600000	3.0
NW_024609836.1	41600000	41700000	1.0
NW_024609836.1	41700000	41800000	1.0
NW_024609836.1	41800000	41900000	2.0
NW_024609836.1	41900000	42000000	1.0
NW_024609836.1	42000000	42100000	2.0
NW_024609836.1	42100000	42200000	4.0
NW_024609836.1	42300000	42400000	2.0
NW_024609836.1	42500000	42600000	1.0
NW_024609836.1	42800000	42900000	1.0
NW_024609836.1	43000000	43100000	1.0
NW_024609836.1	43300000	43400000	1.0
NW_024609836.1	43400000	43500000	2.0
NW_024609836.1	43500000	43600000	3.0
NW_024609836.1	43600000	43700000	6.0
NW_024609836.1	43700000	43800000	2.0
NW_024609836.1	43800000	43900000	2.0
NW_024609836.1	43900000	44000000	4.0
NW_024609836.1	44000000	44100000	4.0
NW_024609836.1	44100000	44200000	3.0
NW_024609836.1	44200000	44300000	1.0
NW_024609836.1	44300000	44400000	3.0
NW_024609836.1	44400000	44500000	2.0
NW_024609836.1	44500000	44600000	2.0
NW_024609836.1	44600000	44700000	2.0
NW_024609836.1	44700000	44800000	3.0
NW_024609836.1	44800000	44900000	1.0
NW_024609836.1	44900000	45000000	1.0
NW_024609836.1	45000000	45100000	2.0
NW_024609836.1	45100000	45200000	3.0
NW_024609836.1	45200000	45300000	2.0
NW_024609836.1	45400000	45500000	2.0
NW_024609836.1	45500000	45600000	2.0
NW_024609836.1	45600000	45700000	3.0
NW_024609836.1	45800000	45900000	1.0
NW_024609836.1	45900000	46000000	1.0
NW_024609836.1	46000000	46100000	2.0
NW_024609836.1	46100000	46200000	3.0
NW_024609836.1	46300000	46400000	1.0
NW_024609836.1	46600000	46700000	2.0
NW_024609836.1	46700000	46800000	1.0
NW_024609836.1	46800000	46900000	1.0
NW_024609836.1	47000000	47100000	1.0
NW_024609836.1	47100000	47200000	3.0
NW_024609836.1	47200000	47300000	5.0
NW_024609836.1	47300000	47400000	1.0
NW_024609836.1	47400000	47500000	1.0
NW_024609836.1	47500000	47600000	1.0
NW_024609836.1	47700000	47800000	1.0
NW_024609836.1	47900000	48000000	1.0
NW_024609836.1	48000000	48100000	1.0
NW_024609836.1	48100000	48200000	1.0
NW_024609836.1	48200000	48300000	1.0
NW_024609836.1	48300000	48400000	3.0
NW_024609836.1	48400000	48500000	5.0
NW_024609836.1	48500000	48600000	2.0
NW_024609836.1	48600000	48700000	2.0
NW_024609836.1	48700000	48800000	2.0
NW_024609836.1	48800000	48900000	1.0
NW_024609836.1	49000000	49100000	1.0
NW_024609836.1	49100000	49200000	2.0
NW_024609836.1	49200000	49300000	1.0
NW_024609836.1	49300000	49400000	1.0
NW_024609836.1	49600000	49700000	5.0
NW_024609836.1	49700000	49800000	4.0
NW_024609836.1	49800000	49900000	1.0
NW_024609836.1	50100000	50200000	3.0
NW_024609836.1	50200000	50300000	3.0
NW_024609836.1	50300000	50400000	2.0
NW_024609836.1	50600000	50700000	2.0
NW_024609836.1	50700000	50800000	1.0
NW_024609836.1	50800000	50900000	1.0
NW_024609836.1	52200000	52300000	1.0
NW_024609836.1	52500000	52600000	1.0
NW_024609836.1	52700000	52800000	1.0
NW_024609836.1	53000000	53100000	2.0
NW_024609836.1	53100000	53200000	2.0
NW_024609836.1	53200000	53300000	1.0
NW_024609836.1	53400000	53500000	2.0
NW_024609836.1	53600000	53700000	3.0
NW_024609836.1	53700000	53800000	2.0
NW_024609836.1	53800000	53900000	1.0
NW_024609836.1	53900000	54000000	1.0
NW_024609836.1	54100000	54200000	6.0
NW_024609836.1	54200000	54300000	1.0
NW_024609836.1	54300000	54400000	1.0
NW_024609836.1	54500000	54600000	1.0
NW_024609836.1	54700000	54800000	4.0
NW_024609836.1	54900000	55000000	1.0
NW_024609836.1	55000000	55100000	1.0
NW_024609836.1	55100000	55200000	3.0
NW_024609836.1	55400000	55500000	1.0
NW_024609836.1	55500000	55600000	1.0
NW_024609836.1	55700000	55800000	1.0
NW_024609836.1	55900000	56000000	1.0
NW_024609836.1	56000000	56100000	2.0
NW_024609836.1	56100000	56200000	1.0
NW_024609836.1	56200000	56300000	1.0
NW_024609836.1	56300000	56400000	1.0
NW_024609836.1	56500000	56600000	3.0
NW_024609836.1	56600000	56700000	1.0
NW_024609836.1	56800000	56900000	1.0
NW_024609836.1	57100000	57200000	1.0
NW_024609836.1	57500000	57600000	2.0
NW_024609836.1	57700000	57800000	1.0
NW_024609836.1	57800000	57900000	1.0
NW_024609836.1	57900000	58000000	4.0
NW_024609836.1	58000000	58100000	3.0
NW_024609836.1	58100000	58200000	1.0
NW_024609836.1	58200000	58300000	2.0
NW_024609836.1	58300000	58400000	2.0
NW_024609836.1	58400000	58500000	3.0
NW_024609836.1	58500000	58600000	5.0
NW_024609836.1	58600000	58700000	3.0
NW_024609836.1	58700000	58800000	3.0
NW_024609836.1	58800000	58900000	1.0
NW_024609836.1	58900000	59000000	1.0
NW_024609836.1	59000000	59100000	2.0
NW_024609836.1	59100000	59200000	2.0
NW_024609836.1	59200000	59300000	5.0
NW_024609836.1	59400000	59500000	2.0
NW_024609836.1	59500000	59600000	2.0
NW_024609836.1	59600000	59700000	3.0
NW_024609836.1	59700000	59800000	3.0
NW_024609836.1	59800000	59900000	4.0
NW_024609836.1	59900000	60000000	4.0
NW_024609836.1	60000000	60100000	4.0
NW_024609836.1	60100000	60200000	6.0
NW_024609836.1	60200000	60300000	2.0
NW_024609836.1	60300000	60400000	4.0
NW_024609836.1	60400000	60500000	6.0
NW_024609836.1	60500000	60600000	2.0
NW_024609836.1	60600000	60700000	1.0
NW_024609836.1	60800000	60900000	1.0
NW_024609836.1	61000000	61100000	1.0
NW_024609836.1	61200000	61300000	1.0
NW_024609836.1	61400000	61500000	1.0
NW_024609836.1	61500000	61600000	2.0
NW_024609836.1	61700000	61800000	1.0
NW_024609836.1	61800000	61900000	1.0
NW_024609836.1	61900000	62000000	1.0
NW_024609836.1	62000000	62100000	1.0
NW_024609836.1	62100000	62200000	2.0
NW_024609836.1	62300000	62400000	2.0
NW_024609836.1	62400000	62500000	1.0
NW_024609836.1	62500000	62600000	1.0
NW_024609836.1	62800000	62900000	1.0
NW_024609836.1	63200000	63300000	2.0
NW_024609836.1	63300000	63400000	1.0
NW_024609836.1	63500000	63600000	1.0
NW_024609836.1	63600000	63700000	2.0
NW_024609836.1	63700000	63800000	2.0
NW_024609836.1	63800000	63900000	4.0
NW_024609836.1	63900000	64000000	4.0
NW_024609836.1	64000000	64100000	1.0
NW_024609836.1	64100000	64200000	2.0
NW_024609836.1	64200000	64300000	1.0
NW_024609836.1	64300000	64400000	3.0
NW_024609836.1	64400000	64500000	2.0
NW_024609836.1	64500000	64600000	3.0
NW_024609836.1	64600000	64700000	3.0
NW_024609836.1	64700000	64800000	3.0
NW_024609836.1	64800000	64900000	2.0
NW_024609836.1	64900000	65000000	2.0
NW_024609836.1	65000000	65100000	4.0
NW_024609836.1	65100000	65200000	1.0
NW_024609836.1	65300000	65400000	1.0
NW_024609836.1	65400000	65500000	1.0
NW_024609836.1	65500000	65600000	1.0
NW_024609836.1	65600000	65700000	2.0
NW_024609836.1	65700000	65800000	3.0
NW_024609836.1	65900000	66000000	1.0
NW_024609836.1	66000000	66100000	1.0
NW_024609836.1	66100000	66200000	5.0
NW_024609836.1	66200000	66300000	4.0
NW_024609836.1	66300000	66400000	6.0
NW_024609836.1	66400000	66500000	2.0
NW_024609836.1	66500000	66600000	2.0
NW_024609836.1	66600000	66700000	3.0
NW_024609836.1	66800000	66900000	2.0
NW_024609836.1	66900000	67000000	3.0
NW_024609836.1	67000000	67100000	6.0
NW_024609836.1	67100000	67200000	4.0
NW_024609836.1	67200000	67300000	2.0
NW_024609836.1	67300000	67400000	1.0
NW_024609836.1	67500000	67600000	3.0
NW_024609836.1	67600000	67700000	4.0
NW_024609836.1	67800000	67900000	1.0
NW_024609836.1	67900000	68000000	1.0
NW_024609836.1	68000000	68100000	1.0
NW_024609836.1	68100000	68200000	4.0
NW_024609836.1	68200000	68300000	2.0
NW_024609836.1	68300000	68400000	3.0
NW_024609836.1	68400000	68500000	1.0
NW_024609836.1	68500000	68600000	1.0
NW_024609836.1	68600000	68700000	3.0
NW_024609836.1	68700000	68800000	3.0
NW_024609836.1	68800000	68900000	2.0
NW_024609836.1	68900000	69000000	1.0
NW_024609836.1	69200000	69300000	1.0
NW_024609836.1	69300000	69400000	3.0
NW_024609836.1	69500000	69600000	1.0
NW_024609836.1	69600000	69700000	2.0
NW_024609836.1	69700000	69800000	1.0
NW_024609836.1	69800000	69900000	3.0
NW_024609836.1	69900000	70000000	2.0
NW_024609836.1	70000000	70100000	6.0
NW_024609836.1	70100000	70200000	3.0
NW_024609836.1	70200000	70300000	1.0
NW_024609836.1	70300000	70400000	2.0
NW_024609836.1	70400000	70500000	1.0
NW_024609836.1	70500000	70600000	2.0
NW_024609836.1	70600000	70700000	8.0
NW_024609836.1	70700000	70800000	2.0
NW_024609836.1	70800000	70900000	1.0
NW_024609836.1	70900000	71000000	7.0
NW_024609836.1	71000000	71100000	1.0
NW_024609836.1	71200000	71300000	3.0
NW_024609836.1	71300000	71400000	1.0
NW_024609836.1	71400000	71500000	3.0
NW_024609836.1	71500000	71600000	2.0
NW_024609836.1	71600000	71700000	4.0
NW_024609836.1	71700000	71800000	2.0
NW_024609836.1	71800000	71900000	1.0
NW_024609836.1	71900000	72000000	3.0
NW_024609836.1	72000000	72100000	4.0
NW_024609836.1	72100000	72200000	1.0
NW_024609836.1	72200000	72300000	3.0
NW_024609836.1	72300000	72400000	4.0
NW_024609836.1	72400000	72500000	4.0
NW_024609836.1	72500000	72600000	3.0
NW_024609836.1	72600000	72700000	5.0
NW_024609836.1	72700000	72800000	3.0
NW_024609836.1	72800000	72900000	2.0
NW_024609836.1	72900000	73000000	2.0
NW_024609836.1	73000000	73100000	2.0
NW_024609836.1	73100000	73200000	2.0
NW_024609836.1	73200000	73300000	2.0
NW_024609836.1	73300000	73400000	4.0
NW_024609836.1	73500000	73600000	3.0
NW_024609836.1	73600000	73700000	1.0
NW_024609836.1	73700000	73800000	1.0
NW_024609836.1	73800000	73900000	3.0
NW_024609836.1	73900000	74000000	3.0
NW_024609836.1	74000000	74100000	5.0
NW_024609836.1	74100000	74200000	3.0
NW_024609836.1	74200000	74300000	4.0
NW_024609836.1	74300000	74400000	1.0
NW_024609836.1	74400000	74500000	2.0
NW_024609836.1	74500000	74600000	4.0
NW_024609836.1	74600000	74700000	3.0
NW_024609836.1	74700000	74800000	1.0
NW_024609836.1	74800000	74900000	1.0
NW_024609836.1	74900000	75000000	1.0
NW_024609836.1	75300000	75400000	1.0
NW_024609836.1	75800000	75900000	1.0
NW_024609836.1	75900000	76000000	4.0
NW_024609836.1	76300000	76400000	1.0
NW_024609836.1	76400000	76500000	2.0
NW_024609836.1	76500000	76600000	3.0
NW_024609836.1	76600000	76700000	5.0
NW_024609836.1	76700000	76800000	5.0
NW_024609836.1	76800000	76900000	1.0
NW_024609836.1	76900000	77000000	1.0
NW_024609836.1	77000000	77100000	2.0
NW_024609836.1	77100000	77200000	8.0
NW_024609836.1	77200000	77300000	5.0
NW_024609836.1	77300000	77400000	4.0
NW_024609836.1	77400000	77500000	5.0
NW_024609836.1	77500000	77600000	1.0
NW_024609836.1	77600000	77700000	6.0
NW_024609836.1	77700000	77800000	2.0
NW_024609836.1	77800000	77900000	1.0
NW_024609836.1	77900000	78000000	1.0
NW_024609836.1	78000000	78100000	1.0
NW_024609836.1	78100000	78200000	1.0
NW_024609836.1	78300000	78400000	3.0
NW_024609836.1	78400000	78500000	3.0
NW_024609836.1	78500000	78600000	1.0
NW_024609836.1	78700000	78800000	2.0
NW_024609836.1	78900000	79000000	2.0
NW_024609836.1	79000000	79100000	1.0
NW_024609836.1	79100000	79200000	1.0
NW_024609836.1	79400000	79500000	2.0
NW_024609836.1	79700000	79800000	1.0
NW_024609836.1	79800000	79900000	1.0
NW_024609836.1	79900000	80000000	1.0
NW_024609836.1	80000000	80100000	2.0
NW_024609836.1	80100000	80200000	2.0
NW_024609836.1	80200000	80300000	1.0
NW_024609836.1	80300000	80400000	1.0
NW_024609836.1	80400000	80500000	3.0
NW_024609836.1	80500000	80600000	3.0
NW_024609836.1	80600000	80700000	4.0
NW_024609836.1	80700000	80800000	1.0
NW_024609836.1	80800000	80900000	2.0
NW_024609836.1	80900000	81000000	3.0
NW_024609836.1	81000000	81100000	3.0
NW_024609836.1	81100000	81200000	1.0
NW_024609836.1	81200000	81300000	2.0
NW_024609836.1	81400000	81500000	1.0
NW_024609836.1	81300000	81400000	1.0
NW_024609836.1	81600000	81700000	6.0
NW_024609836.1	81700000	81800000	2.0
NW_024609836.1	81800000	81900000	3.0
NW_024609836.1	81900000	82000000	3.0
NW_024609836.1	82000000	82100000	4.0
NW_024609836.1	82100000	82200000	4.0
NW_024609836.1	82200000	82300000	2.0
NW_024609836.1	82300000	82400000	5.0
NW_024609836.1	82400000	82500000	3.0
NW_024609836.1	82500000	82600000	4.0
NW_024609836.1	82600000	82700000	2.0
NW_024609836.1	82700000	82800000	2.0
NW_024609836.1	83100000	83200000	3.0
NW_024609836.1	83200000	83300000	4.0
NW_024609836.1	83300000	83400000	4.0
NW_024609836.1	83400000	83500000	6.0
NW_024609836.1	83500000	83600000	6.0
NW_024609836.1	83600000	83700000	3.0
NW_024609836.1	83700000	83800000	2.0
NW_024609836.1	83800000	83900000	2.0
NW_024609836.1	83900000	84000000	3.0
NW_024609836.1	84000000	84100000	7.0
NW_024609836.1	84100000	84200000	4.0
NW_024609836.1	84200000	84300000	3.0
NW_024609836.1	84300000	84400000	1.0
NW_024609836.1	84400000	84500000	1.0
NW_024609836.1	84500000	84600000	6.0
NW_024609836.1	84600000	84700000	6.0
NW_024609836.1	84700000	84800000	7.0
NW_024609836.1	84800000	84900000	6.0
NW_024609836.1	84900000	85000000	4.0
NW_024609836.1	85000000	85100000	3.0
NW_024609836.1	85200000	85300000	4.0
NW_024609836.1	85300000	85400000	5.0
NW_024609836.1	85400000	85500000	6.0
NW_024609836.1	85500000	85600000	3.0
NW_024609836.1	85600000	85700000	2.0
NW_024609836.1	85700000	85800000	1.0
NW_024609836.1	85800000	85900000	2.0
NW_024609836.1	85900000	86000000	1.0
NW_024609836.1	86000000	86100000	2.0
NW_024609836.1	86100000	86200000	3.0
NW_024609836.1	86200000	86300000	3.0
NW_024609836.1	86300000	86400000	1.0
NW_024609836.1	86400000	86500000	3.0
NW_024609836.1	86500000	86600000	5.0
NW_024609836.1	86600000	86700000	5.0
NW_024609836.1	86700000	86800000	2.0
NW_024609836.1	86800000	86900000	8.0
NW_024609836.1	86900000	87000000	2.0
NW_024609836.1	87300000	87400000	2.0
NW_024609836.1	87400000	87500000	1.0
NW_024609836.1	87600000	87700000	1.0
NW_024609836.1	87700000	87800000	2.0
NW_024609836.1	87800000	87900000	1.0
NW_024609836.1	87900000	88000000	4.0
NW_024609836.1	88000000	88100000	3.0
NW_024609836.1	88100000	88200000	2.0
NW_024609836.1	88200000	88300000	3.0
NW_024609836.1	88300000	88400000	1.0
NW_024609836.1	88600000	88700000	1.0
NW_024609836.1	88800000	88900000	1.0
NW_024609836.1	89100000	89200000	1.0
NW_024609836.1	89300000	89400000	2.0
NW_024609836.1	89400000	89500000	2.0
NW_024609836.1	89500000	89600000	5.0
NW_024609836.1	89600000	89700000	6.0
NW_024609836.1	89700000	89800000	2.0
NW_024609836.1	89800000	89900000	1.0
NW_024609836.1	90000000	90100000	6.0
NW_024609836.1	90100000	90200000	2.0
NW_024609836.1	90200000	90300000	1.0
NW_024609836.1	90300000	90400000	2.0
NW_024609836.1	90400000	90500000	1.0
NW_024609836.1	90500000	90600000	1.0
NW_024609836.1	90600000	90700000	4.0
NW_024609836.1	90700000	90800000	3.0
NW_024609836.1	90800000	90900000	3.0
NW_024609836.1	90900000	91000000	6.0
NW_024609836.1	91000000	91100000	3.0
NW_024609836.1	91100000	91200000	3.0
NW_024609836.1	91300000	91400000	2.0
NW_024609836.1	91500000	91600000	1.0
NW_024609836.1	91600000	91700000	3.0
NW_024609836.1	91700000	91800000	1.0
NW_024609836.1	91800000	91900000	2.0
NW_024609836.1	91900000	92000000	1.0
NW_024609836.1	92000000	92100000	2.0
NW_024609836.1	92300000	92400000	1.0
NW_024609836.1	92600000	92700000	2.0
NW_024609836.1	92700000	92800000	5.0
NW_024609836.1	92800000	92900000	3.0
NW_024609836.1	92900000	93000000	5.0
NW_024609836.1	93000000	93100000	5.0
NW_024609836.1	93100000	93200000	6.0
NW_024609836.1	93200000	93300000	1.0
NW_024609836.1	93300000	93400000	1.0
NW_024609836.1	93400000	93500000	1.0
NW_024609836.1	93500000	93600000	2.0
NW_024609836.1	93600000	93700000	4.0
NW_024609836.1	93800000	93900000	1.0
NW_024609836.1	93900000	94000000	1.0
NW_024609836.1	94000000	94100000	2.0
NW_024609836.1	94100000	94200000	4.0
NW_024609836.1	94200000	94300000	3.0
NW_024609836.1	94300000	94400000	2.0
NW_024609836.1	94400000	94500000	3.0
NW_024609836.1	94700000	94800000	1.0
NW_024609836.1	94900000	95000000	6.0
NW_024609836.1	95000000	95075951	1.0
NW_024609837.1	0	100000	2.0
NW_024609837.1	200000	300000	3.0
NW_024609837.1	400000	500000	1.0
NW_024609837.1	500000	600000	2.0
NW_024609837.1	600000	700000	1.0
NW_024609837.1	700000	800000	3.0
NW_024609837.1	800000	900000	3.0
NW_024609837.1	900000	1000000	4.0
NW_024609837.1	1000000	1100000	3.0
NW_024609837.1	1100000	1200000	3.0
NW_024609837.1	1200000	1300000	2.0
NW_024609837.1	1300000	1400000	1.0
NW_024609837.1	2500000	2600000	1.0
NW_024609837.1	2800000	2900000	1.0
NW_024609837.1	3100000	3200000	1.0
NW_024609837.1	3300000	3400000	1.0
NW_024609837.1	3400000	3500000	7.0
NW_024609837.1	3500000	3600000	1.0
NW_024609837.1	3600000	3700000	1.0
NW_024609837.1	3700000	3800000	1.0
NW_024609837.1	3800000	3900000	4.0
NW_024609837.1	3900000	4000000	4.0
NW_024609837.1	4000000	4100000	2.0
NW_024609837.1	4100000	4200000	8.0
NW_024609837.1	4200000	4300000	4.0
NW_024609837.1	4300000	4400000	2.0
NW_024609837.1	4400000	4500000	1.0
NW_024609837.1	4500000	4600000	1.0
NW_024609837.1	4600000	4700000	1.0
NW_024609837.1	4900000	5000000	2.0
NW_024609837.1	5000000	5100000	2.0
NW_024609837.1	5100000	5200000	1.0
NW_024609837.1	5200000	5300000	3.0
NW_024609837.1	5300000	5400000	3.0
NW_024609837.1	5400000	5500000	2.0
NW_024609837.1	5500000	5600000	2.0
NW_024609837.1	5600000	5700000	3.0
NW_024609837.1	5700000	5800000	2.0
NW_024609837.1	5800000	5900000	2.0
NW_024609837.1	5900000	6000000	3.0
NW_024609837.1	6100000	6200000	1.0
NW_024609837.1	6300000	6400000	2.0
NW_024609837.1	6400000	6500000	1.0
NW_024609837.1	6500000	6600000	1.0
NW_024609837.1	6600000	6700000	1.0
NW_024609837.1	6700000	6800000	3.0
NW_024609837.1	6800000	6900000	1.0
NW_024609837.1	6900000	7000000	3.0
NW_024609837.1	7000000	7100000	5.0
NW_024609837.1	7100000	7200000	3.0
NW_024609837.1	7200000	7300000	1.0
NW_024609837.1	7400000	7500000	2.0
NW_024609837.1	7600000	7700000	1.0
NW_024609837.1	7700000	7800000	1.0
NW_024609837.1	7800000	7900000	2.0
NW_024609837.1	7900000	8000000	2.0
NW_024609837.1	8000000	8100000	1.0
NW_024609837.1	8100000	8200000	2.0
NW_024609837.1	8200000	8300000	1.0
NW_024609837.1	8500000	8600000	1.0
NW_024609837.1	8600000	8700000	1.0
NW_024609837.1	8700000	8800000	4.0
NW_024609837.1	8800000	8900000	3.0
NW_024609837.1	8900000	9000000	1.0
NW_024609837.1	9000000	9100000	2.0
NW_024609837.1	9200000	9300000	2.0
NW_024609837.1	9300000	9400000	2.0
NW_024609837.1	9400000	9500000	4.0
NW_024609837.1	9500000	9600000	3.0
NW_024609837.1	9600000	9700000	1.0
NW_024609837.1	9800000	9900000	1.0
NW_024609837.1	10000000	10100000	1.0
NW_024609837.1	10300000	10400000	1.0
NW_024609837.1	10400000	10500000	1.0
NW_024609837.1	10500000	10600000	3.0
NW_024609837.1	10600000	10700000	2.0
NW_024609837.1	10700000	10800000	2.0
NW_024609837.1	10900000	11000000	1.0
NW_024609837.1	11100000	11200000	1.0
NW_024609837.1	11200000	11300000	5.0
NW_024609837.1	11300000	11400000	4.0
NW_024609837.1	11400000	11500000	5.0
NW_024609837.1	11500000	11600000	6.0
NW_024609837.1	11600000	11700000	1.0
NW_024609837.1	11700000	11800000	2.0
NW_024609837.1	11800000	11900000	2.0
NW_024609837.1	11900000	12000000	2.0
NW_024609837.1	12200000	12300000	2.0
NW_024609837.1	12300000	12400000	2.0
NW_024609837.1	12500000	12600000	1.0
NW_024609837.1	12600000	12700000	5.0
NW_024609837.1	12700000	12800000	3.0
NW_024609837.1	12800000	12900000	1.0
NW_024609837.1	12900000	13000000	1.0
NW_024609837.1	13000000	13100000	4.0
NW_024609837.1	13100000	13200000	1.0
NW_024609837.1	13300000	13400000	1.0
NW_024609837.1	13500000	13600000	3.0
NW_024609837.1	13700000	13800000	2.0
NW_024609837.1	14000000	14100000	1.0
NW_024609837.1	14200000	14300000	5.0
NW_024609837.1	14300000	14400000	5.0
NW_024609837.1	14400000	14500000	3.0
NW_024609837.1	14500000	14600000	1.0
NW_024609837.1	14600000	14700000	1.0
NW_024609837.1	14800000	14900000	3.0
NW_024609837.1	14900000	15000000	1.0
NW_024609837.1	15100000	15200000	1.0
NW_024609837.1	15400000	15500000	1.0
NW_024609837.1	15500000	15600000	3.0
NW_024609837.1	15600000	15700000	3.0
NW_024609837.1	15800000	15900000	5.0
NW_024609837.1	15900000	16000000	2.0
NW_024609837.1	16000000	16100000	2.0
NW_024609837.1	16400000	16500000	1.0
NW_024609837.1	16800000	16900000	1.0
NW_024609837.1	17200000	17300000	1.0
NW_024609837.1	17600000	17700000	1.0
NW_024609837.1	18300000	18400000	1.0
NW_024609837.1	18600000	18700000	1.0
NW_024609837.1	18900000	19000000	1.0
NW_024609837.1	19800000	19900000	1.0
NW_024609837.1	19900000	20000000	1.0
NW_024609837.1	20800000	20900000	1.0
NW_024609837.1	20900000	21000000	2.0
NW_024609837.1	21000000	21100000	1.0
NW_024609837.1	21100000	21200000	1.0
NW_024609837.1	21400000	21500000	2.0
NW_024609837.1	21700000	21800000	2.0
NW_024609837.1	21800000	21900000	2.0
NW_024609837.1	22100000	22200000	2.0
NW_024609837.1	22400000	22500000	1.0
NW_024609837.1	22900000	23000000	1.0
NW_024609837.1	23100000	23200000	1.0
NW_024609837.1	23200000	23300000	4.0
NW_024609837.1	23300000	23400000	5.0
NW_024609837.1	23400000	23500000	3.0
NW_024609837.1	23500000	23600000	2.0
NW_024609837.1	23600000	23700000	1.0
NW_024609837.1	23700000	23800000	6.0
NW_024609837.1	23800000	23900000	3.0
NW_024609837.1	23900000	24000000	3.0
NW_024609837.1	24000000	24100000	2.0
NW_024609837.1	24100000	24200000	4.0
NW_024609837.1	24200000	24300000	2.0
NW_024609837.1	24300000	24400000	2.0
NW_024609837.1	24400000	24500000	2.0
NW_024609837.1	24500000	24600000	2.0
NW_024609837.1	24600000	24700000	3.0
NW_024609837.1	24700000	24800000	6.0
NW_024609837.1	24800000	24900000	2.0
NW_024609837.1	24900000	25000000	1.0
NW_024609837.1	25200000	25300000	1.0
NW_024609837.1	25300000	25400000	7.0
NW_024609837.1	25400000	25500000	3.0
NW_024609837.1	25500000	25600000	3.0
NW_024609837.1	25600000	25700000	1.0
NW_024609837.1	25900000	26000000	9.0
NW_024609837.1	26000000	26100000	4.0
NW_024609837.1	26100000	26200000	1.0
NW_024609837.1	26200000	26300000	1.0
NW_024609837.1	26300000	26400000	6.0
NW_024609837.1	26400000	26500000	1.0
NW_024609837.1	26600000	26700000	1.0
NW_024609837.1	26700000	26800000	1.0
NW_024609837.1	26800000	26900000	2.0
NW_024609837.1	26900000	27000000	2.0
NW_024609837.1	27000000	27100000	1.0
NW_024609837.1	27100000	27200000	1.0
NW_024609837.1	27200000	27300000	2.0
NW_024609837.1	27300000	27400000	3.0
NW_024609837.1	27400000	27500000	4.0
NW_024609837.1	27500000	27600000	4.0
NW_024609837.1	27600000	27700000	2.0
NW_024609837.1	27700000	27800000	3.0
NW_024609837.1	27800000	27900000	3.0
NW_024609837.1	27900000	28000000	2.0
NW_024609837.1	28300000	28400000	3.0
NW_024609837.1	28400000	28500000	3.0
NW_024609837.1	28500000	28600000	2.0
NW_024609837.1	28600000	28700000	5.0
NW_024609837.1	28700000	28800000	4.0
NW_024609837.1	28800000	28900000	8.0
NW_024609837.1	28900000	29000000	6.0
NW_024609837.1	29000000	29100000	2.0
NW_024609837.1	29100000	29200000	2.0
NW_024609837.1	29200000	29300000	2.0
NW_024609837.1	29300000	29400000	1.0
NW_024609837.1	29400000	29500000	2.0
NW_024609837.1	29600000	29700000	1.0
NW_024609837.1	29900000	30000000	1.0
NW_024609837.1	30200000	30300000	2.0
NW_024609837.1	30300000	30400000	2.0
NW_024609837.1	30400000	30500000	4.0
NW_024609837.1	30500000	30600000	2.0
NW_024609837.1	30700000	30800000	1.0
NW_024609837.1	30800000	30900000	1.0
NW_024609837.1	30900000	31000000	3.0
NW_024609837.1	31000000	31100000	5.0
NW_024609837.1	31100000	31200000	1.0
NW_024609837.1	31200000	31300000	4.0
NW_024609837.1	31300000	31400000	2.0
NW_024609837.1	31400000	31500000	1.0
NW_024609837.1	31700000	31800000	1.0
NW_024609837.1	32200000	32300000	1.0
NW_024609837.1	32500000	32600000	2.0
NW_024609837.1	32600000	32700000	1.0
NW_024609837.1	32800000	32900000	1.0
NW_024609837.1	32900000	33000000	1.0
NW_024609837.1	33200000	33300000	1.0
NW_024609837.1	33300000	33400000	1.0
NW_024609837.1	33400000	33500000	2.0
NW_024609837.1	33500000	33600000	2.0
NW_024609837.1	33600000	33700000	1.0
NW_024609837.1	33700000	33800000	1.0
NW_024609837.1	33800000	33900000	3.0
NW_024609837.1	33900000	34000000	4.0
NW_024609837.1	34000000	34100000	3.0
NW_024609837.1	34100000	34200000	5.0
NW_024609837.1	34200000	34300000	1.0
NW_024609837.1	34400000	34500000	6.0
NW_024609837.1	34500000	34600000	2.0
NW_024609837.1	34600000	34700000	3.0
NW_024609837.1	34700000	34800000	1.0
NW_024609837.1	34900000	35000000	1.0
NW_024609837.1	35000000	35100000	3.0
NW_024609837.1	35100000	35200000	2.0
NW_024609837.1	35200000	35300000	3.0
NW_024609837.1	35400000	35500000	1.0
NW_024609837.1	35700000	35800000	1.0
NW_024609837.1	35800000	35900000	2.0
NW_024609837.1	36000000	36100000	1.0
NW_024609837.1	36100000	36200000	1.0
NW_024609837.1	36300000	36400000	2.0
NW_024609837.1	36500000	36600000	1.0
NW_024609837.1	36600000	36700000	1.0
NW_024609837.1	36700000	36800000	1.0
NW_024609837.1	36800000	36900000	1.0
NW_024609837.1	37600000	37700000	1.0
NW_024609837.1	37700000	37800000	2.0
NW_024609837.1	37900000	38000000	2.0
NW_024609837.1	38800000	38900000	1.0
NW_024609837.1	39000000	39100000	2.0
NW_024609837.1	39500000	39600000	1.0
NW_024609837.1	39600000	39700000	1.0
NW_024609837.1	39800000	39900000	1.0
NW_024609837.1	39900000	40000000	1.0
NW_024609837.1	41000000	41100000	1.0
NW_024609837.1	41300000	41400000	2.0
NW_024609837.1	41500000	41600000	2.0
NW_024609837.1	41600000	41700000	1.0
NW_024609837.1	41800000	41900000	1.0
NW_024609837.1	41900000	42000000	1.0
NW_024609837.1	42000000	42100000	1.0
NW_024609837.1	42200000	42300000	1.0
NW_024609837.1	42400000	42500000	1.0
NW_024609837.1	42300000	42400000	1.0
NW_024609837.1	42800000	42900000	2.0
NW_024609837.1	42900000	43000000	6.0
NW_024609837.1	43000000	43100000	3.0
NW_024609837.1	43100000	43200000	1.0
NW_024609837.1	43200000	43300000	1.0
NW_024609837.1	43300000	43400000	6.0
NW_024609837.1	43400000	43500000	5.0
NW_024609837.1	43500000	43600000	2.0
NW_024609837.1	43600000	43700000	2.0
NW_024609837.1	43700000	43800000	2.0
NW_024609837.1	44000000	44100000	1.0
NW_024609837.1	44100000	44200000	4.0
NW_024609837.1	44500000	44600000	1.0
NW_024609837.1	44600000	44700000	2.0
NW_024609837.1	44700000	44800000	1.0
NW_024609837.1	44800000	44900000	1.0
NW_024609837.1	44900000	45000000	3.0
NW_024609837.1	45000000	45100000	6.0
NW_024609837.1	45200000	45300000	2.0
NW_024609837.1	45300000	45400000	3.0
NW_024609837.1	45400000	45500000	1.0
NW_024609837.1	45600000	45700000	1.0
NW_024609837.1	45700000	45800000	1.0
NW_024609837.1	45800000	45900000	1.0
NW_024609837.1	45900000	46000000	2.0
NW_024609837.1	46000000	46100000	2.0
NW_024609837.1	46100000	46200000	2.0
NW_024609837.1	46200000	46300000	3.0
NW_024609837.1	46300000	46400000	2.0
NW_024609837.1	46400000	46500000	1.0
NW_024609837.1	46700000	46800000	1.0
NW_024609837.1	46800000	46900000	1.0
NW_024609837.1	46900000	47000000	1.0
NW_024609837.1	47000000	47100000	2.0
NW_024609837.1	47100000	47200000	1.0
NW_024609837.1	47500000	47600000	2.0
NW_024609837.1	48400000	48500000	1.0
NW_024609837.1	48500000	48600000	1.0
NW_024609837.1	48700000	48800000	1.0
NW_024609837.1	48800000	48900000	1.0
NW_024609837.1	48900000	49000000	1.0
NW_024609837.1	49400000	49500000	1.0
NW_024609837.1	49500000	49600000	1.0
NW_024609837.1	49600000	49700000	2.0
NW_024609837.1	49700000	49800000	3.0
NW_024609837.1	49800000	49900000	2.0
NW_024609837.1	49900000	50000000	1.0
NW_024609837.1	50000000	50100000	1.0
NW_024609837.1	50100000	50200000	1.0
NW_024609837.1	50200000	50300000	1.0
NW_024609837.1	50300000	50400000	2.0
NW_024609837.1	50400000	50500000	2.0
NW_024609837.1	50500000	50600000	1.0
NW_024609837.1	50600000	50700000	4.0
NW_024609837.1	50900000	51000000	1.0
NW_024609837.1	51300000	51400000	1.0
NW_024609837.1	51400000	51500000	1.0
NW_024609837.1	51500000	51600000	1.0
NW_024609837.1	51600000	51700000	2.0
NW_024609837.1	51700000	51800000	3.0
NW_024609837.1	51800000	51900000	1.0
NW_024609837.1	51900000	52000000	1.0
NW_024609837.1	52000000	52100000	1.0
NW_024609837.1	52100000	52200000	1.0
NW_024609837.1	52200000	52300000	1.0
NW_024609837.1	52300000	52400000	1.0
NW_024609837.1	52400000	52500000	1.0
NW_024609837.1	52500000	52600000	2.0
NW_024609837.1	52600000	52700000	1.0
NW_024609837.1	52700000	52800000	1.0
NW_024609837.1	52900000	53000000	1.0
NW_024609837.1	53000000	53100000	1.0
NW_024609837.1	53100000	53200000	1.0
NW_024609837.1	53300000	53400000	1.0
NW_024609837.1	53400000	53500000	5.0
NW_024609837.1	53500000	53600000	1.0
NW_024609837.1	53600000	53700000	1.0
NW_024609837.1	53800000	53900000	3.0
NW_024609837.1	53900000	54000000	2.0
NW_024609837.1	54000000	54100000	1.0
NW_024609837.1	54100000	54200000	2.0
NW_024609837.1	54200000	54300000	1.0
NW_024609837.1	54300000	54400000	1.0
NW_024609837.1	54400000	54500000	2.0
NW_024609837.1	54600000	54700000	1.0
NW_024609837.1	54800000	54900000	2.0
NW_024609837.1	54900000	55000000	1.0
NW_024609837.1	55100000	55200000	1.0
NW_024609837.1	55200000	55300000	1.0
NW_024609837.1	55500000	55600000	1.0
NW_024609837.1	55600000	55700000	1.0
NW_024609837.1	55700000	55800000	2.0
NW_024609837.1	55800000	55900000	3.0
NW_024609837.1	56000000	56100000	2.0
NW_024609837.1	56200000	56300000	1.0
NW_024609837.1	56400000	56500000	4.0
NW_024609837.1	56500000	56600000	2.0
NW_024609837.1	56600000	56700000	3.0
NW_024609837.1	56700000	56800000	3.0
NW_024609837.1	56800000	56900000	2.0
NW_024609837.1	56900000	57000000	4.0
NW_024609837.1	57000000	57100000	2.0
NW_024609837.1	57100000	57200000	2.0
NW_024609837.1	57300000	57400000	1.0
NW_024609837.1	57200000	57300000	1.0
NW_024609837.1	57500000	57600000	2.0
NW_024609837.1	57600000	57700000	5.0
NW_024609837.1	57700000	57800000	3.0
NW_024609837.1	57900000	58000000	4.0
NW_024609837.1	58100000	58200000	2.0
NW_024609837.1	58200000	58300000	1.0
NW_024609837.1	58300000	58400000	3.0
NW_024609837.1	58400000	58500000	4.0
NW_024609837.1	58500000	58600000	3.0
NW_024609837.1	58600000	58700000	3.0
NW_024609837.1	58700000	58800000	2.0
NW_024609837.1	58800000	58900000	2.0
NW_024609837.1	58900000	59000000	1.0
NW_024609837.1	59400000	59500000	2.0
NW_024609837.1	59500000	59600000	1.0
NW_024609837.1	59600000	59700000	1.0
NW_024609837.1	59800000	59900000	1.0
NW_024609837.1	59900000	60000000	1.0
NW_024609837.1	60000000	60100000	2.0
NW_024609837.1	60100000	60200000	3.0
NW_024609837.1	60300000	60400000	3.0
NW_024609837.1	60400000	60500000	4.0
NW_024609837.1	60600000	60700000	2.0
NW_024609837.1	60700000	60800000	2.0
NW_024609837.1	60800000	60900000	2.0
NW_024609837.1	60900000	61000000	2.0
NW_024609837.1	61100000	61200000	6.0
NW_024609837.1	61200000	61300000	2.0
NW_024609837.1	61300000	61400000	1.0
NW_024609837.1	61400000	61500000	1.0
NW_024609837.1	61500000	61600000	3.0
NW_024609837.1	61600000	61700000	1.0
NW_024609837.1	61700000	61800000	1.0
NW_024609837.1	61800000	61900000	1.0
NW_024609837.1	61900000	62000000	1.0
NW_024609837.1	62000000	62100000	2.0
NW_024609837.1	62100000	62200000	2.0
NW_024609837.1	62300000	62400000	1.0
NW_024609837.1	62400000	62500000	1.0
NW_024609837.1	62700000	62800000	1.0
NW_024609837.1	62800000	62900000	1.0
NW_024609837.1	63100000	63200000	1.0
NW_024609837.1	63200000	63300000	1.0
NW_024609837.1	63400000	63500000	1.0
NW_024609837.1	63500000	63600000	1.0
NW_024609837.1	63600000	63700000	1.0
NW_024609837.1	63700000	63800000	1.0
NW_024609837.1	63900000	64000000	1.0
NW_024609837.1	64000000	64100000	2.0
NW_024609837.1	64100000	64200000	2.0
NW_024609837.1	64200000	64300000	3.0
NW_024609837.1	64300000	64400000	2.0
NW_024609837.1	64400000	64500000	2.0
NW_024609837.1	64500000	64600000	1.0
NW_024609837.1	64700000	64800000	1.0
NW_024609837.1	65200000	65300000	1.0
NW_024609837.1	65300000	65400000	1.0
NW_024609837.1	65700000	65800000	1.0
NW_024609837.1	65900000	66000000	1.0
NW_024609837.1	66300000	66400000	2.0
NW_024609837.1	66400000	66500000	3.0
NW_024609837.1	66500000	66600000	1.0
NW_024609837.1	66600000	66700000	1.0
NW_024609837.1	66800000	66900000	2.0
NW_024609837.1	66900000	67000000	2.0
NW_024609837.1	67000000	67100000	3.0
NW_024609837.1	67100000	67200000	1.0
NW_024609837.1	67200000	67300000	1.0
NW_024609837.1	67300000	67400000	2.0
NW_024609837.1	67400000	67500000	1.0
NW_024609837.1	67600000	67700000	2.0
NW_024609837.1	67800000	67900000	2.0
NW_024609837.1	67900000	68000000	1.0
NW_024609837.1	68000000	68100000	1.0
NW_024609837.1	68100000	68200000	2.0
NW_024609837.1	68200000	68300000	1.0
NW_024609837.1	68600000	68700000	2.0
NW_024609837.1	68700000	68800000	1.0
NW_024609837.1	69000000	69100000	1.0
NW_024609837.1	69100000	69200000	1.0
NW_024609837.1	69200000	69300000	1.0
NW_024609837.1	69300000	69400000	1.0
NW_024609837.1	69400000	69500000	1.0
NW_024609837.1	69700000	69800000	1.0
NW_024609837.1	70300000	70400000	1.0
NW_024609837.1	70400000	70500000	2.0
NW_024609837.1	70500000	70600000	2.0
NW_024609837.1	70600000	70700000	1.0
NW_024609837.1	70700000	70800000	1.0
NW_024609837.1	70800000	70900000	2.0
NW_024609837.1	70900000	71000000	1.0
NW_024609837.1	71000000	71100000	1.0
NW_024609837.1	71200000	71300000	1.0
NW_024609837.1	71600000	71700000	1.0
NW_024609837.1	71700000	71800000	1.0
NW_024609837.1	71800000	71900000	1.0
NW_024609837.1	72000000	72100000	1.0
NW_024609837.1	72100000	72200000	2.0
NW_024609837.1	72500000	72600000	1.0
NW_024609837.1	72700000	72800000	1.0
NW_024609837.1	72800000	72900000	1.0
NW_024609837.1	73300000	73400000	2.0
NW_024609837.1	73600000	73700000	2.0
NW_024609837.1	73800000	73900000	1.0
NW_024609837.1	74000000	74100000	2.0
NW_024609837.1	74100000	74200000	1.0
NW_024609837.1	74400000	74500000	1.0
NW_024609837.1	74600000	74700000	1.0
NW_024609837.1	75000000	75100000	1.0
NW_024609837.1	75100000	75200000	1.0
NW_024609837.1	75200000	75300000	1.0
NW_024609837.1	75600000	75700000	3.0
NW_024609837.1	75800000	75900000	1.0
NW_024609837.1	75900000	76000000	1.0
NW_024609837.1	76100000	76200000	1.0
NW_024609837.1	76300000	76400000	2.0
NW_024609837.1	76400000	76500000	1.0
NW_024609837.1	76500000	76600000	1.0
NW_024609837.1	76800000	76900000	1.0
NW_024609837.1	77500000	77600000	1.0
NW_024609837.1	78700000	78800000	2.0
NW_024609837.1	79100000	79200000	2.0
NW_024609837.1	80100000	80200000	2.0
NW_024609837.1	80500000	80600000	1.0
NW_024609837.1	80600000	80700000	2.0
NW_024609837.1	81200000	81300000	3.0
NW_024609837.1	81300000	81400000	3.0
NW_024609837.1	81500000	81600000	3.0
NW_024609837.1	81600000	81700000	1.0
NW_024609837.1	81700000	81800000	1.0
NW_024609837.1	81800000	81900000	2.0
NW_024609837.1	81900000	82000000	1.0
NW_024609837.1	82000000	82100000	2.0
NW_024609837.1	82100000	82200000	1.0
NW_024609837.1	82400000	82500000	1.0
NW_024609837.1	82800000	82900000	3.0
NW_024609837.1	82900000	83000000	1.0
NW_024609837.1	83100000	83200000	1.0
NW_024609837.1	83500000	83600000	3.0
NW_024609837.1	83700000	83800000	2.0
NW_024609837.1	84200000	84300000	1.0
NW_024609837.1	84300000	84400000	1.0
NW_024609837.1	84700000	84800000	2.0
NW_024609837.1	84900000	85000000	2.0
NW_024609837.1	84800000	84900000	1.0
NW_024609837.1	85000000	85100000	2.0
NW_024609837.1	85100000	85200000	2.0
NW_024609837.1	85200000	85300000	6.0
NW_024609837.1	85300000	85400000	3.0
NW_024609837.1	85400000	85500000	4.0
NW_024609837.1	85500000	85600000	3.0
NW_024609837.1	85600000	85700000	1.0
NW_024609837.1	85800000	85900000	1.0
NW_024609837.1	85900000	86000000	1.0
NW_024609837.1	86000000	86100000	2.0
NW_024609837.1	86100000	86200000	1.0
NW_024609837.1	86200000	86300000	1.0
NW_024609837.1	86300000	86400000	3.0
NW_024609837.1	86400000	86500000	1.0
NW_024609837.1	86600000	86700000	1.0
NW_024609837.1	86800000	86900000	2.0
NW_024609837.1	86900000	87000000	2.0
NW_024609837.1	87000000	87100000	2.0
NW_024609837.1	87100000	87200000	1.0
NW_024609837.1	87400000	87500000	1.0
NW_024609837.1	87500000	87600000	2.0
NW_024609837.1	87600000	87700000	2.0
NW_024609837.1	87700000	87800000	2.0
NW_024609837.1	87800000	87900000	2.0
NW_024609837.1	87900000	88000000	2.0
NW_024609837.1	88000000	88100000	1.0
NW_024609837.1	88200000	88300000	1.0
NW_024609837.1	88300000	88400000	1.0
NW_024609837.1	88500000	88600000	1.0
NW_024609837.1	88700000	88800000	1.0
NW_024609837.1	89300000	89400000	1.0
NW_024609837.1	89400000	89500000	1.0
NW_024609837.1	89500000	89600000	1.0
NW_024609837.1	89600000	89700000	1.0
NW_024609837.1	89900000	90000000	1.0
NW_024609837.1	90200000	90300000	1.0
NW_024609837.1	90300000	90400000	2.0
NW_024609837.1	90500000	90600000	1.0
NW_024609837.1	90900000	91000000	1.0
NW_024609837.1	90800000	90900000	1.0
NW_024609837.1	91000000	91100000	1.0
NW_024609837.1	91100000	91200000	3.0
NW_024609837.1	91300000	91400000	2.0
NW_024609837.1	91400000	91500000	1.0
NW_024609837.1	91600000	91700000	1.0
NW_024609837.1	91700000	91795983	3.0
NW_024609838.1	0	100000	4.0
NW_024609838.1	200000	300000	2.0
NW_024609838.1	300000	400000	11.0
NW_024609838.1	400000	500000	8.0
NW_024609838.1	500000	600000	6.0
NW_024609838.1	600000	700000	1.0
NW_024609838.1	1100000	1200000	1.0
NW_024609838.1	1500000	1600000	1.0
NW_024609838.1	1600000	1700000	2.0
NW_024609838.1	1700000	1800000	1.0
NW_024609838.1	1800000	1900000	1.0
NW_024609838.1	2100000	2200000	1.0
NW_024609838.1	2200000	2300000	6.0
NW_024609838.1	2300000	2400000	1.0
NW_024609838.1	2400000	2500000	3.0
NW_024609838.1	2500000	2600000	3.0
NW_024609838.1	2600000	2700000	6.0
NW_024609838.1	2700000	2800000	4.0
NW_024609838.1	2800000	2900000	1.0
NW_024609838.1	2900000	3000000	2.0
NW_024609838.1	3100000	3200000	2.0
NW_024609838.1	3200000	3300000	2.0
NW_024609838.1	3300000	3400000	3.0
NW_024609838.1	3400000	3500000	7.0
NW_024609838.1	3500000	3600000	8.0
NW_024609838.1	3600000	3700000	4.0
NW_024609838.1	3700000	3800000	1.0
NW_024609838.1	3900000	4000000	1.0
NW_024609838.1	4000000	4100000	1.0
NW_024609838.1	4100000	4200000	9.0
NW_024609838.1	4200000	4300000	12.0
NW_024609838.1	4300000	4400000	4.0
NW_024609838.1	4400000	4500000	4.0
NW_024609838.1	4500000	4600000	6.0
NW_024609838.1	4600000	4700000	2.0
NW_024609838.1	4700000	4800000	1.0
NW_024609838.1	4800000	4900000	1.0
NW_024609838.1	4900000	5000000	3.0
NW_024609838.1	5000000	5100000	3.0
NW_024609838.1	5100000	5200000	1.0
NW_024609838.1	5200000	5300000	3.0
NW_024609838.1	5300000	5400000	4.0
NW_024609838.1	5400000	5500000	2.0
NW_024609838.1	5500000	5600000	2.0
NW_024609838.1	5600000	5700000	2.0
NW_024609838.1	5700000	5800000	1.0
NW_024609838.1	6000000	6100000	1.0
NW_024609838.1	6300000	6400000	4.0
NW_024609838.1	6400000	6500000	4.0
NW_024609838.1	6500000	6600000	6.0
NW_024609838.1	6600000	6700000	1.0
NW_024609838.1	6700000	6800000	7.0
NW_024609838.1	6800000	6900000	1.0
NW_024609838.1	6900000	7000000	2.0
NW_024609838.1	7000000	7100000	5.0
NW_024609838.1	7200000	7300000	2.0
NW_024609838.1	7300000	7400000	3.0
NW_024609838.1	7400000	7500000	1.0
NW_024609838.1	7500000	7600000	1.0
NW_024609838.1	7700000	7800000	1.0
NW_024609838.1	7800000	7900000	1.0
NW_024609838.1	7900000	8000000	4.0
NW_024609838.1	8000000	8100000	3.0
NW_024609838.1	8100000	8200000	5.0
NW_024609838.1	8200000	8300000	3.0
NW_024609838.1	8300000	8400000	1.0
NW_024609838.1	8400000	8500000	7.0
NW_024609838.1	8500000	8600000	8.0
NW_024609838.1	8600000	8700000	2.0
NW_024609838.1	8700000	8800000	2.0
NW_024609838.1	8800000	8900000	1.0
NW_024609838.1	8900000	9000000	4.0
NW_024609838.1	9000000	9100000	5.0
NW_024609838.1	9100000	9200000	6.0
NW_024609838.1	9200000	9300000	5.0
NW_024609838.1	9300000	9400000	6.0
NW_024609838.1	9400000	9500000	2.0
NW_024609838.1	9500000	9600000	3.0
NW_024609838.1	9600000	9700000	2.0
NW_024609838.1	9700000	9800000	2.0
NW_024609838.1	9800000	9900000	6.0
NW_024609838.1	9900000	10000000	8.0
NW_024609838.1	10000000	10100000	1.0
NW_024609838.1	10100000	10200000	1.0
NW_024609838.1	10500000	10600000	1.0
NW_024609838.1	10700000	10800000	1.0
NW_024609838.1	10800000	10900000	1.0
NW_024609838.1	10900000	11000000	6.0
NW_024609838.1	11000000	11100000	6.0
NW_024609838.1	11100000	11200000	3.0
NW_024609838.1	11200000	11300000	1.0
NW_024609838.1	11300000	11400000	2.0
NW_024609838.1	11400000	11500000	2.0
NW_024609838.1	11500000	11600000	2.0
NW_024609838.1	11600000	11700000	1.0
NW_024609838.1	11700000	11800000	4.0
NW_024609838.1	11900000	12000000	1.0
NW_024609838.1	12000000	12100000	2.0
NW_024609838.1	12100000	12200000	3.0
NW_024609838.1	12200000	12300000	5.0
NW_024609838.1	12300000	12400000	3.0
NW_024609838.1	12400000	12500000	6.0
NW_024609838.1	12500000	12600000	1.0
NW_024609838.1	12700000	12800000	4.0
NW_024609838.1	12900000	13000000	4.0
NW_024609838.1	13100000	13200000	3.0
NW_024609838.1	13300000	13400000	3.0
NW_024609838.1	13400000	13500000	6.0
NW_024609838.1	13500000	13600000	3.0
NW_024609838.1	13600000	13700000	2.0
NW_024609838.1	13700000	13800000	4.0
NW_024609838.1	14000000	14100000	1.0
NW_024609838.1	14300000	14400000	1.0
NW_024609838.1	14400000	14500000	4.0
NW_024609838.1	14600000	14700000	1.0
NW_024609838.1	14700000	14800000	5.0
NW_024609838.1	14800000	14900000	3.0
NW_024609838.1	14900000	15000000	5.0
NW_024609838.1	15000000	15100000	6.0
NW_024609838.1	15100000	15200000	2.0
NW_024609838.1	15200000	15300000	1.0
NW_024609838.1	15300000	15400000	4.0
NW_024609838.1	15400000	15500000	3.0
NW_024609838.1	15500000	15600000	2.0
NW_024609838.1	15600000	15700000	1.0
NW_024609838.1	15800000	15900000	2.0
NW_024609838.1	15900000	16000000	1.0
NW_024609838.1	16000000	16100000	1.0
NW_024609838.1	16100000	16200000	2.0
NW_024609838.1	16200000	16300000	2.0
NW_024609838.1	16400000	16500000	2.0
NW_024609838.1	16500000	16600000	2.0
NW_024609838.1	16600000	16700000	5.0
NW_024609838.1	16700000	16800000	10.0
NW_024609838.1	16800000	16900000	5.0
NW_024609838.1	17000000	17100000	6.0
NW_024609838.1	17100000	17200000	5.0
NW_024609838.1	17300000	17400000	3.0
NW_024609838.1	17400000	17500000	3.0
NW_024609838.1	17500000	17600000	4.0
NW_024609838.1	17600000	17700000	6.0
NW_024609838.1	17700000	17800000	4.0
NW_024609838.1	17800000	17900000	1.0
NW_024609838.1	18300000	18400000	1.0
NW_024609838.1	18500000	18600000	1.0
NW_024609838.1	18600000	18700000	1.0
NW_024609838.1	19100000	19200000	4.0
NW_024609838.1	19200000	19300000	2.0
NW_024609838.1	19300000	19400000	2.0
NW_024609838.1	19400000	19500000	2.0
NW_024609838.1	19500000	19600000	3.0
NW_024609838.1	19600000	19700000	2.0
NW_024609838.1	19800000	19900000	1.0
NW_024609838.1	19900000	20000000	2.0
NW_024609838.1	20000000	20100000	2.0
NW_024609838.1	20100000	20200000	2.0
NW_024609838.1	20200000	20300000	1.0
NW_024609838.1	20300000	20400000	1.0
NW_024609838.1	20600000	20700000	1.0
NW_024609838.1	20800000	20900000	1.0
NW_024609838.1	20900000	21000000	2.0
NW_024609838.1	21000000	21100000	4.0
NW_024609838.1	21100000	21200000	4.0
NW_024609838.1	21200000	21300000	2.0
NW_024609838.1	21300000	21400000	4.0
NW_024609838.1	21400000	21500000	2.0
NW_024609838.1	21500000	21600000	2.0
NW_024609838.1	21600000	21700000	4.0
NW_024609838.1	22000000	22100000	1.0
NW_024609838.1	22100000	22200000	1.0
NW_024609838.1	22300000	22400000	5.0
NW_024609838.1	22400000	22500000	2.0
NW_024609838.1	22500000	22600000	2.0
NW_024609838.1	22700000	22800000	1.0
NW_024609838.1	22800000	22900000	4.0
NW_024609838.1	22900000	23000000	3.0
NW_024609838.1	23000000	23100000	5.0
NW_024609838.1	23100000	23200000	2.0
NW_024609838.1	23200000	23300000	6.0
NW_024609838.1	23300000	23400000	3.0
NW_024609838.1	23400000	23500000	4.0
NW_024609838.1	23500000	23600000	3.0
NW_024609838.1	23600000	23700000	1.0
NW_024609838.1	23700000	23800000	1.0
NW_024609838.1	23800000	23900000	2.0
NW_024609838.1	23900000	24000000	2.0
NW_024609838.1	24000000	24100000	1.0
NW_024609838.1	24200000	24300000	2.0
NW_024609838.1	24300000	24400000	3.0
NW_024609838.1	24400000	24500000	4.0
NW_024609838.1	24500000	24600000	3.0
NW_024609838.1	25200000	25300000	1.0
NW_024609838.1	25300000	25400000	1.0
NW_024609838.1	25500000	25600000	5.0
NW_024609838.1	25600000	25700000	4.0
NW_024609838.1	25700000	25800000	1.0
NW_024609838.1	25800000	25900000	2.0
NW_024609838.1	25900000	26000000	2.0
NW_024609838.1	26000000	26100000	5.0
NW_024609838.1	26100000	26200000	2.0
NW_024609838.1	26200000	26300000	3.0
NW_024609838.1	26300000	26400000	4.0
NW_024609838.1	26400000	26500000	4.0
NW_024609838.1	26500000	26600000	1.0
NW_024609838.1	27300000	27400000	1.0
NW_024609838.1	27500000	27600000	5.0
NW_024609838.1	27600000	27700000	3.0
NW_024609838.1	27700000	27800000	1.0
NW_024609838.1	27800000	27900000	1.0
NW_024609838.1	27900000	28000000	2.0
NW_024609838.1	28000000	28100000	1.0
NW_024609838.1	28100000	28200000	4.0
NW_024609838.1	28200000	28300000	1.0
NW_024609838.1	28300000	28400000	4.0
NW_024609838.1	28400000	28500000	4.0
NW_024609838.1	28500000	28600000	1.0
NW_024609838.1	28600000	28700000	3.0
NW_024609838.1	28700000	28800000	2.0
NW_024609838.1	28800000	28900000	3.0
NW_024609838.1	28900000	29000000	2.0
NW_024609838.1	29000000	29100000	3.0
NW_024609838.1	29100000	29200000	3.0
NW_024609838.1	29200000	29300000	2.0
NW_024609838.1	29300000	29400000	4.0
NW_024609838.1	29400000	29500000	3.0
NW_024609838.1	29500000	29600000	2.0
NW_024609838.1	29600000	29700000	2.0
NW_024609838.1	29900000	30000000	1.0
NW_024609838.1	30200000	30300000	1.0
NW_024609838.1	30300000	30400000	1.0
NW_024609838.1	30500000	30600000	1.0
NW_024609838.1	30600000	30700000	8.0
NW_024609838.1	30700000	30800000	1.0
NW_024609838.1	30800000	30900000	2.0
NW_024609838.1	30900000	31000000	1.0
NW_024609838.1	31000000	31100000	2.0
NW_024609838.1	31100000	31200000	1.0
NW_024609838.1	31200000	31300000	1.0
NW_024609838.1	31500000	31600000	1.0
NW_024609838.1	31700000	31800000	2.0
NW_024609838.1	32000000	32100000	1.0
NW_024609838.1	32200000	32300000	1.0
NW_024609838.1	32400000	32500000	1.0
NW_024609838.1	32500000	32600000	3.0
NW_024609838.1	32600000	32700000	2.0
NW_024609838.1	32700000	32800000	2.0
NW_024609838.1	32800000	32900000	2.0
NW_024609838.1	32900000	33000000	3.0
NW_024609838.1	33000000	33100000	1.0
NW_024609838.1	33100000	33200000	4.0
NW_024609838.1	33200000	33300000	2.0
NW_024609838.1	33300000	33400000	3.0
NW_024609838.1	33400000	33500000	2.0
NW_024609838.1	33500000	33600000	2.0
NW_024609838.1	33600000	33700000	1.0
NW_024609838.1	33700000	33800000	1.0
NW_024609838.1	33800000	33900000	1.0
NW_024609838.1	33900000	34000000	2.0
NW_024609838.1	34200000	34300000	3.0
NW_024609838.1	34300000	34400000	2.0
NW_024609838.1	34400000	34500000	2.0
NW_024609838.1	34500000	34600000	1.0
NW_024609838.1	34600000	34700000	3.0
NW_024609838.1	34700000	34800000	1.0
NW_024609838.1	34800000	34900000	6.0
NW_024609838.1	34900000	35000000	4.0
NW_024609838.1	35000000	35100000	4.0
NW_024609838.1	35100000	35200000	2.0
NW_024609838.1	35200000	35300000	1.0
NW_024609838.1	35300000	35400000	1.0
NW_024609838.1	35400000	35500000	2.0
NW_024609838.1	35500000	35600000	1.0
NW_024609838.1	35600000	35700000	9.0
NW_024609838.1	35700000	35800000	3.0
NW_024609838.1	35900000	36000000	2.0
NW_024609838.1	36000000	36100000	3.0
NW_024609838.1	36100000	36200000	4.0
NW_024609838.1	36200000	36300000	4.0
NW_024609838.1	36300000	36400000	5.0
NW_024609838.1	36400000	36500000	5.0
NW_024609838.1	36500000	36600000	3.0
NW_024609838.1	36600000	36700000	1.0
NW_024609838.1	36700000	36800000	1.0
NW_024609838.1	36900000	37000000	1.0
NW_024609838.1	37700000	37800000	1.0
NW_024609838.1	37900000	38000000	1.0
NW_024609838.1	38200000	38300000	2.0
NW_024609838.1	38300000	38400000	4.0
NW_024609838.1	38400000	38500000	1.0
NW_024609838.1	38700000	38800000	3.0
NW_024609838.1	38800000	38900000	3.0
NW_024609838.1	39200000	39300000	2.0
NW_024609838.1	39300000	39400000	2.0
NW_024609838.1	39400000	39500000	2.0
NW_024609838.1	39600000	39700000	1.0
NW_024609838.1	39900000	40000000	1.0
NW_024609838.1	40300000	40400000	2.0
NW_024609838.1	40400000	40500000	3.0
NW_024609838.1	40500000	40600000	8.0
NW_024609838.1	40600000	40700000	5.0
NW_024609838.1	40700000	40800000	1.0
NW_024609838.1	40800000	40900000	3.0
NW_024609838.1	40900000	41000000	5.0
NW_024609838.1	41000000	41100000	1.0
NW_024609838.1	41100000	41200000	2.0
NW_024609838.1	41200000	41300000	4.0
NW_024609838.1	41400000	41500000	2.0
NW_024609838.1	41500000	41600000	1.0
NW_024609838.1	41800000	41900000	3.0
NW_024609838.1	41900000	42000000	3.0
NW_024609838.1	42000000	42100000	1.0
NW_024609838.1	42100000	42200000	5.0
NW_024609838.1	42200000	42300000	4.0
NW_024609838.1	42300000	42400000	3.0
NW_024609838.1	42400000	42500000	4.0
NW_024609838.1	42700000	42800000	1.0
NW_024609838.1	42500000	42600000	1.0
NW_024609838.1	43200000	43300000	1.0
NW_024609838.1	43300000	43400000	1.0
NW_024609838.1	43600000	43700000	1.0
NW_024609838.1	43800000	43900000	1.0
NW_024609838.1	43900000	44000000	1.0
NW_024609838.1	44000000	44100000	1.0
NW_024609838.1	44100000	44200000	4.0
NW_024609838.1	44200000	44300000	4.0
NW_024609838.1	44400000	44500000	1.0
NW_024609838.1	44500000	44600000	1.0
NW_024609838.1	44600000	44700000	2.0
NW_024609838.1	44700000	44800000	1.0
NW_024609838.1	44800000	44900000	1.0
NW_024609838.1	44900000	45000000	1.0
NW_024609838.1	45000000	45100000	2.0
NW_024609838.1	45100000	45200000	4.0
NW_024609838.1	45200000	45300000	1.0
NW_024609838.1	46000000	46100000	2.0
NW_024609838.1	46100000	46200000	1.0
NW_024609838.1	46200000	46300000	2.0
NW_024609838.1	46600000	46700000	1.0
NW_024609838.1	46700000	46800000	1.0
NW_024609838.1	47100000	47200000	1.0
NW_024609838.1	47500000	47600000	1.0
NW_024609838.1	47600000	47700000	1.0
NW_024609838.1	47700000	47800000	1.0
NW_024609838.1	48300000	48400000	1.0
NW_024609838.1	48400000	48500000	1.0
NW_024609838.1	48600000	48700000	1.0
NW_024609838.1	48700000	48800000	2.0
NW_024609838.1	49000000	49100000	2.0
NW_024609838.1	49100000	49200000	1.0
NW_024609838.1	49500000	49600000	2.0
NW_024609838.1	49700000	49800000	1.0
NW_024609838.1	50000000	50100000	1.0
NW_024609838.1	50300000	50400000	3.0
NW_024609838.1	50400000	50500000	1.0
NW_024609838.1	50600000	50700000	1.0
NW_024609838.1	51800000	51900000	1.0
NW_024609838.1	52000000	52100000	2.0
NW_024609838.1	52100000	52200000	1.0
NW_024609838.1	52300000	52400000	1.0
NW_024609838.1	52600000	52700000	1.0
NW_024609838.1	52800000	52900000	1.0
NW_024609838.1	53100000	53200000	1.0
NW_024609838.1	54000000	54100000	1.0
NW_024609838.1	54500000	54600000	1.0
NW_024609838.1	54800000	54900000	1.0
NW_024609838.1	55000000	55100000	1.0
NW_024609838.1	55800000	55900000	1.0
NW_024609838.1	55900000	56000000	1.0
NW_024609838.1	56000000	56100000	1.0
NW_024609838.1	56200000	56300000	1.0
NW_024609838.1	56600000	56700000	2.0
NW_024609838.1	56900000	57000000	1.0
NW_024609838.1	57000000	57100000	1.0
NW_024609838.1	57400000	57500000	2.0
NW_024609838.1	58300000	58400000	2.0
NW_024609838.1	58700000	58800000	1.0
NW_024609838.1	58800000	58900000	2.0
NW_024609838.1	59100000	59200000	1.0
NW_024609838.1	59200000	59300000	4.0
NW_024609838.1	59400000	59500000	2.0
NW_024609838.1	59600000	59700000	1.0
NW_024609838.1	59800000	59900000	1.0
NW_024609838.1	60100000	60200000	1.0
NW_024609838.1	60300000	60400000	1.0
NW_024609838.1	60500000	60600000	1.0
NW_024609838.1	60800000	60900000	1.0
NW_024609838.1	61400000	61500000	1.0
NW_024609838.1	61500000	61600000	1.0
NW_024609838.1	61600000	61700000	2.0
NW_024609838.1	61700000	61800000	1.0
NW_024609838.1	61800000	61900000	3.0
NW_024609838.1	61900000	62000000	2.0
NW_024609838.1	62000000	62100000	2.0
NW_024609838.1	62100000	62200000	2.0
NW_024609838.1	62200000	62300000	1.0
NW_024609838.1	62300000	62400000	1.0
NW_024609838.1	62400000	62500000	1.0
NW_024609838.1	62600000	62700000	2.0
NW_024609838.1	62700000	62800000	2.0
NW_024609838.1	62800000	62900000	3.0
NW_024609838.1	62900000	63000000	2.0
NW_024609838.1	63000000	63100000	3.0
NW_024609838.1	63100000	63200000	1.0
NW_024609838.1	63200000	63300000	1.0
NW_024609838.1	63300000	63400000	2.0
NW_024609838.1	63400000	63500000	2.0
NW_024609838.1	63500000	63600000	4.0
NW_024609838.1	63700000	63800000	2.0
NW_024609838.1	63800000	63900000	1.0
NW_024609838.1	64200000	64300000	1.0
NW_024609838.1	64500000	64600000	1.0
NW_024609838.1	65300000	65400000	1.0
NW_024609838.1	65400000	65500000	1.0
NW_024609838.1	65500000	65600000	1.0
NW_024609838.1	65600000	65700000	1.0
NW_024609838.1	65700000	65800000	4.0
NW_024609838.1	65800000	65900000	1.0
NW_024609838.1	66000000	66100000	1.0
NW_024609838.1	66100000	66200000	2.0
NW_024609838.1	66200000	66300000	1.0
NW_024609838.1	66400000	66500000	1.0
NW_024609838.1	66600000	66700000	1.0
NW_024609838.1	66800000	66900000	1.0
NW_024609838.1	66900000	67000000	1.0
NW_024609838.1	67000000	67100000	1.0
NW_024609838.1	67200000	67300000	3.0
NW_024609838.1	67300000	67400000	3.0
NW_024609838.1	67400000	67500000	2.0
NW_024609838.1	67500000	67600000	4.0
NW_024609838.1	67700000	67800000	1.0
NW_024609838.1	67800000	67900000	2.0
NW_024609838.1	68100000	68200000	1.0
NW_024609838.1	68200000	68300000	2.0
NW_024609838.1	68400000	68500000	1.0
NW_024609838.1	68500000	68600000	2.0
NW_024609838.1	69000000	69100000	1.0
NW_024609838.1	69100000	69200000	1.0
NW_024609838.1	69200000	69300000	1.0
NW_024609838.1	69300000	69400000	2.0
NW_024609838.1	69400000	69500000	1.0
NW_024609838.1	69500000	69600000	1.0
NW_024609838.1	69700000	69800000	2.0
NW_024609838.1	69800000	69900000	2.0
NW_024609838.1	69900000	70000000	1.0
NW_024609838.1	70000000	70100000	1.0
NW_024609838.1	70100000	70200000	1.0
NW_024609838.1	70300000	70400000	1.0
NW_024609838.1	70500000	70600000	2.0
NW_024609838.1	70600000	70700000	5.0
NW_024609838.1	70700000	70800000	2.0
NW_024609838.1	70800000	70900000	1.0
NW_024609838.1	70900000	71000000	2.0
NW_024609838.1	71100000	71200000	1.0
NW_024609838.1	71300000	71400000	1.0
NW_024609838.1	71400000	71500000	9.0
NW_024609838.1	71500000	71600000	1.0
NW_024609838.1	71600000	71700000	2.0
NW_024609838.1	71700000	71800000	2.0
NW_024609838.1	71800000	71900000	1.0
NW_024609838.1	72000000	72100000	2.0
NW_024609838.1	72100000	72200000	1.0
NW_024609838.1	72200000	72300000	1.0
NW_024609838.1	72300000	72400000	5.0
NW_024609838.1	72500000	72600000	2.0
NW_024609838.1	72600000	72700000	3.0
NW_024609838.1	72700000	72800000	2.0
NW_024609838.1	72800000	72900000	3.0
NW_024609838.1	73000000	73100000	2.0
NW_024609838.1	73700000	73800000	2.0
NW_024609838.1	74000000	74100000	3.0
NW_024609838.1	74100000	74200000	1.0
NW_024609838.1	74200000	74300000	1.0
NW_024609838.1	74500000	74600000	1.0
NW_024609838.1	74800000	74900000	2.0
NW_024609838.1	75000000	75100000	3.0
NW_024609838.1	75100000	75200000	1.0
NW_024609838.1	75200000	75300000	1.0
NW_024609838.1	75300000	75400000	1.0
NW_024609838.1	75400000	75500000	3.0
NW_024609838.1	75500000	75600000	1.0
NW_024609838.1	75600000	75700000	1.0
NW_024609838.1	75800000	75900000	3.0
NW_024609838.1	75900000	76000000	1.0
NW_024609838.1	76000000	76100000	3.0
NW_024609838.1	76100000	76200000	2.0
NW_024609838.1	76200000	76300000	1.0
NW_024609838.1	76400000	76500000	1.0
NW_024609838.1	76500000	76600000	1.0
NW_024609838.1	76600000	76700000	1.0
NW_024609838.1	76700000	76800000	1.0
NW_024609838.1	77000000	77100000	1.0
NW_024609838.1	77100000	77200000	1.0
NW_024609838.1	77200000	77300000	2.0
NW_024609838.1	77400000	77500000	1.0
NW_024609838.1	77500000	77600000	1.0
NW_024609838.1	77700000	77800000	2.0
NW_024609838.1	78300000	78400000	2.0
NW_024609838.1	78600000	78700000	1.0
NW_024609838.1	78900000	79000000	1.0
NW_024609838.1	79000000	79100000	2.0
NW_024609838.1	79100000	79200000	1.0
NW_024609838.1	79300000	79400000	1.0
NW_024609838.1	79700000	79800000	1.0
NW_024609838.1	80400000	80500000	4.0
NW_024609838.1	80500000	80600000	1.0
NW_024609838.1	80800000	80900000	2.0
NW_024609838.1	80900000	81000000	1.0
NW_024609838.1	81000000	81100000	1.0
NW_024609838.1	81100000	81200000	1.0
NW_024609838.1	81200000	81300000	3.0
NW_024609838.1	81400000	81500000	1.0
NW_024609838.1	81800000	81900000	1.0
NW_024609838.1	81900000	82000000	2.0
NW_024609838.1	82000000	82100000	1.0
NW_024609838.1	82100000	82200000	1.0
NW_024609838.1	82200000	82300000	3.0
NW_024609838.1	82400000	82500000	3.0
NW_024609838.1	82500000	82600000	1.0
NW_024609838.1	82600000	82700000	1.0
NW_024609838.1	82800000	82900000	4.0
NW_024609838.1	82900000	83000000	2.0
NW_024609838.1	83000000	83100000	2.0
NW_024609838.1	83200000	83300000	2.0
NW_024609838.1	83300000	83400000	1.0
NW_024609838.1	83400000	83500000	2.0
NW_024609838.1	83500000	83600000	2.0
NW_024609838.1	83600000	83700000	2.0
NW_024609838.1	83700000	83800000	2.0
NW_024609838.1	83800000	83900000	1.0
NW_024609838.1	84000000	84100000	2.0
NW_024609838.1	84100000	84200000	2.0
NW_024609838.1	84300000	84400000	2.0
NW_024609838.1	84600000	84700000	3.0
NW_024609838.1	84900000	85000000	1.0
NW_024609838.1	85000000	85100000	2.0
NW_024609838.1	85100000	85200000	1.0
NW_024609838.1	85400000	85500000	1.0
NW_024609838.1	86000000	86100000	1.0
NW_024609838.1	86200000	86300000	1.0
NW_024609838.1	86400000	86500000	1.0
NW_024609838.1	86500000	86600000	1.0
NW_024609838.1	86700000	86800000	1.0
NW_024609838.1	86800000	86900000	1.0
NW_024609838.1	87300000	87400000	1.0
NW_024609838.1	87800000	87900000	1.0
NW_024609838.1	88000000	88100000	2.0
NW_024609838.1	88100000	88200000	2.0
NW_024609838.1	88200000	88300000	2.0
NW_024609838.1	88300000	88400000	1.0
NW_024609838.1	88400000	88500000	1.0
NW_024609838.1	88600000	88700000	1.0
NW_024609838.1	88800000	88900000	2.0
NW_024609838.1	88900000	89000000	1.0
NW_024609838.1	89000000	89100000	1.0
NW_024609838.1	89300000	89400000	1.0
NW_024609838.1	89500000	89600000	2.0
NW_024609838.1	89700000	89800000	1.0
NW_024609838.1	89800000	89900000	1.0
NW_024609838.1	89900000	90000000	1.0
NW_024609838.1	90000000	90091210	2.0
NW_024609839.1	0	100000	2.0
NW_024609839.1	100000	200000	1.0
NW_024609839.1	200000	300000	3.0
NW_024609839.1	300000	400000	2.0
NW_024609839.1	400000	500000	2.0
NW_024609839.1	500000	600000	1.0
NW_024609839.1	600000	700000	2.0
NW_024609839.1	700000	800000	2.0
NW_024609839.1	1000000	1100000	1.0
NW_024609839.1	1200000	1300000	1.0
NW_024609839.1	1400000	1500000	1.0
NW_024609839.1	1500000	1600000	1.0
NW_024609839.1	1600000	1700000	1.0
NW_024609839.1	1700000	1800000	2.0
NW_024609839.1	1900000	2000000	1.0
NW_024609839.1	2000000	2100000	2.0
NW_024609839.1	2200000	2300000	1.0
NW_024609839.1	2300000	2400000	1.0
NW_024609839.1	2500000	2600000	1.0
NW_024609839.1	2600000	2700000	3.0
NW_024609839.1	3000000	3100000	1.0
NW_024609839.1	3100000	3200000	2.0
NW_024609839.1	3500000	3600000	1.0
NW_024609839.1	3600000	3700000	2.0
NW_024609839.1	3700000	3800000	2.0
NW_024609839.1	3800000	3900000	1.0
NW_024609839.1	3900000	4000000	3.0
NW_024609839.1	4000000	4100000	2.0
NW_024609839.1	4100000	4200000	2.0
NW_024609839.1	4300000	4400000	2.0
NW_024609839.1	4400000	4500000	3.0
NW_024609839.1	4500000	4600000	1.0
NW_024609839.1	4600000	4700000	1.0
NW_024609839.1	4700000	4800000	2.0
NW_024609839.1	4800000	4900000	2.0
NW_024609839.1	5100000	5200000	1.0
NW_024609839.1	5200000	5300000	1.0
NW_024609839.1	5300000	5400000	1.0
NW_024609839.1	5400000	5500000	4.0
NW_024609839.1	5500000	5600000	2.0
NW_024609839.1	5600000	5700000	3.0
NW_024609839.1	5700000	5800000	1.0
NW_024609839.1	5800000	5900000	3.0
NW_024609839.1	5900000	6000000	5.0
NW_024609839.1	6000000	6100000	1.0
NW_024609839.1	6500000	6600000	1.0
NW_024609839.1	7000000	7100000	3.0
NW_024609839.1	7100000	7200000	2.0
NW_024609839.1	7300000	7400000	3.0
NW_024609839.1	7400000	7500000	2.0
NW_024609839.1	7500000	7600000	1.0
NW_024609839.1	7600000	7700000	1.0
NW_024609839.1	7700000	7800000	2.0
NW_024609839.1	7800000	7900000	2.0
NW_024609839.1	8300000	8400000	1.0
NW_024609839.1	8500000	8600000	1.0
NW_024609839.1	8600000	8700000	1.0
NW_024609839.1	8800000	8900000	1.0
NW_024609839.1	9000000	9100000	1.0
NW_024609839.1	10000000	10100000	1.0
NW_024609839.1	10200000	10300000	1.0
NW_024609839.1	10900000	11000000	1.0
NW_024609839.1	11300000	11400000	1.0
NW_024609839.1	11500000	11600000	2.0
NW_024609839.1	11600000	11700000	2.0
NW_024609839.1	11700000	11800000	2.0
NW_024609839.1	11800000	11900000	1.0
NW_024609839.1	11900000	12000000	1.0
NW_024609839.1	12100000	12200000	3.0
NW_024609839.1	12200000	12300000	3.0
NW_024609839.1	12300000	12400000	2.0
NW_024609839.1	12400000	12500000	2.0
NW_024609839.1	12500000	12600000	1.0
NW_024609839.1	12600000	12700000	4.0
NW_024609839.1	12700000	12800000	4.0
NW_024609839.1	12800000	12900000	1.0
NW_024609839.1	12900000	13000000	1.0
NW_024609839.1	13000000	13100000	1.0
NW_024609839.1	13100000	13200000	3.0
NW_024609839.1	13600000	13700000	1.0
NW_024609839.1	13900000	14000000	2.0
NW_024609839.1	14000000	14100000	1.0
NW_024609839.1	14100000	14200000	1.0
NW_024609839.1	14300000	14400000	3.0
NW_024609839.1	14600000	14700000	2.0
NW_024609839.1	14700000	14800000	1.0
NW_024609839.1	15400000	15500000	1.0
NW_024609839.1	15700000	15800000	1.0
NW_024609839.1	16500000	16600000	1.0
NW_024609839.1	16400000	16500000	1.0
NW_024609839.1	16800000	16900000	1.0
NW_024609839.1	17200000	17300000	1.0
NW_024609839.1	17500000	17600000	3.0
NW_024609839.1	18200000	18300000	2.0
NW_024609839.1	18300000	18400000	2.0
NW_024609839.1	18400000	18500000	2.0
NW_024609839.1	18500000	18600000	2.0
NW_024609839.1	18600000	18700000	2.0
NW_024609839.1	18700000	18800000	1.0
NW_024609839.1	19000000	19100000	1.0
NW_024609839.1	19200000	19300000	4.0
NW_024609839.1	19300000	19400000	2.0
NW_024609839.1	19500000	19600000	2.0
NW_024609839.1	19600000	19700000	1.0
NW_024609839.1	19700000	19800000	2.0
NW_024609839.1	19800000	19900000	1.0
NW_024609839.1	19900000	20000000	1.0
NW_024609839.1	20100000	20200000	1.0
NW_024609839.1	20300000	20400000	3.0
NW_024609839.1	20400000	20500000	1.0
NW_024609839.1	20800000	20900000	3.0
NW_024609839.1	20900000	21000000	1.0
NW_024609839.1	21000000	21100000	1.0
NW_024609839.1	21100000	21200000	2.0
NW_024609839.1	21400000	21500000	6.0
NW_024609839.1	21500000	21600000	1.0
NW_024609839.1	22000000	22100000	1.0
NW_024609839.1	22100000	22200000	1.0
NW_024609839.1	22300000	22400000	1.0
NW_024609839.1	22400000	22500000	1.0
NW_024609839.1	22500000	22600000	1.0
NW_024609839.1	22600000	22700000	1.0
NW_024609839.1	22800000	22900000	1.0
NW_024609839.1	22900000	23000000	1.0
NW_024609839.1	23100000	23200000	1.0
NW_024609839.1	23200000	23300000	2.0
NW_024609839.1	23300000	23400000	1.0
NW_024609839.1	23400000	23500000	1.0
NW_024609839.1	23500000	23600000	2.0
NW_024609839.1	23600000	23700000	1.0
NW_024609839.1	23700000	23800000	1.0
NW_024609839.1	23800000	23900000	4.0
NW_024609839.1	23900000	24000000	4.0
NW_024609839.1	24000000	24100000	2.0
NW_024609839.1	24100000	24200000	3.0
NW_024609839.1	24200000	24300000	3.0
NW_024609839.1	24400000	24500000	1.0
NW_024609839.1	24500000	24600000	4.0
NW_024609839.1	24700000	24800000	1.0
NW_024609839.1	24900000	25000000	1.0
NW_024609839.1	25000000	25100000	1.0
NW_024609839.1	25100000	25200000	1.0
NW_024609839.1	25200000	25300000	2.0
NW_024609839.1	25300000	25400000	3.0
NW_024609839.1	25500000	25600000	1.0
NW_024609839.1	25600000	25700000	1.0
NW_024609839.1	25700000	25800000	1.0
NW_024609839.1	25800000	25900000	2.0
NW_024609839.1	25900000	26000000	2.0
NW_024609839.1	26100000	26200000	2.0
NW_024609839.1	26200000	26300000	1.0
NW_024609839.1	26300000	26400000	1.0
NW_024609839.1	26600000	26700000	1.0
NW_024609839.1	26800000	26900000	1.0
NW_024609839.1	27000000	27100000	2.0
NW_024609839.1	27400000	27500000	1.0
NW_024609839.1	27600000	27700000	1.0
NW_024609839.1	27800000	27900000	2.0
NW_024609839.1	28300000	28400000	3.0
NW_024609839.1	28600000	28700000	1.0
NW_024609839.1	28800000	28900000	2.0
NW_024609839.1	29000000	29100000	1.0
NW_024609839.1	29400000	29500000	1.0
NW_024609839.1	29600000	29700000	1.0
NW_024609839.1	29700000	29800000	3.0
NW_024609839.1	29800000	29900000	1.0
NW_024609839.1	29900000	30000000	3.0
NW_024609839.1	30000000	30100000	1.0
NW_024609839.1	30100000	30200000	1.0
NW_024609839.1	30200000	30300000	2.0
NW_024609839.1	30300000	30400000	1.0
NW_024609839.1	30400000	30500000	1.0
NW_024609839.1	30500000	30600000	1.0
NW_024609839.1	30600000	30700000	3.0
NW_024609839.1	30700000	30800000	1.0
NW_024609839.1	30800000	30900000	1.0
NW_024609839.1	30900000	31000000	3.0
NW_024609839.1	31000000	31100000	2.0
NW_024609839.1	31100000	31200000	4.0
NW_024609839.1	31200000	31300000	4.0
NW_024609839.1	31300000	31400000	3.0
NW_024609839.1	31600000	31700000	4.0
NW_024609839.1	31700000	31800000	2.0
NW_024609839.1	31800000	31900000	1.0
NW_024609839.1	31900000	32000000	5.0
NW_024609839.1	32000000	32100000	2.0
NW_024609839.1	32100000	32200000	2.0
NW_024609839.1	32400000	32500000	1.0
NW_024609839.1	32500000	32600000	1.0
NW_024609839.1	32600000	32700000	1.0
NW_024609839.1	32800000	32900000	1.0
NW_024609839.1	33000000	33100000	1.0
NW_024609839.1	33100000	33200000	1.0
NW_024609839.1	33200000	33300000	2.0
NW_024609839.1	33300000	33400000	2.0
NW_024609839.1	33500000	33600000	1.0
NW_024609839.1	34100000	34200000	3.0
NW_024609839.1	34200000	34300000	2.0
NW_024609839.1	34300000	34400000	1.0
NW_024609839.1	34400000	34500000	1.0
NW_024609839.1	34700000	34800000	4.0
NW_024609839.1	34800000	34900000	1.0
NW_024609839.1	34900000	35000000	1.0
NW_024609839.1	35100000	35200000	2.0
NW_024609839.1	35300000	35400000	4.0
NW_024609839.1	35400000	35500000	2.0
NW_024609839.1	35600000	35700000	2.0
NW_024609839.1	35800000	35900000	1.0
NW_024609839.1	35900000	36000000	1.0
NW_024609839.1	36000000	36100000	1.0
NW_024609839.1	36400000	36500000	2.0
NW_024609839.1	36500000	36600000	7.0
NW_024609839.1	36800000	36900000	2.0
NW_024609839.1	36900000	37000000	1.0
NW_024609839.1	37000000	37100000	1.0
NW_024609839.1	37100000	37200000	2.0
NW_024609839.1	37200000	37300000	1.0
NW_024609839.1	37300000	37400000	1.0
NW_024609839.1	37400000	37500000	2.0
NW_024609839.1	37500000	37600000	1.0
NW_024609839.1	37600000	37700000	1.0
NW_024609839.1	37800000	37900000	1.0
NW_024609839.1	37900000	38000000	2.0
NW_024609839.1	38000000	38100000	1.0
NW_024609839.1	38100000	38200000	2.0
NW_024609839.1	38200000	38300000	1.0
NW_024609839.1	38300000	38400000	1.0
NW_024609839.1	38600000	38700000	1.0
NW_024609839.1	38700000	38800000	1.0
NW_024609839.1	38800000	38900000	1.0
NW_024609839.1	38900000	39000000	1.0
NW_024609839.1	39000000	39100000	2.0
NW_024609839.1	39100000	39200000	1.0
NW_024609839.1	39200000	39300000	1.0
NW_024609839.1	39300000	39400000	1.0
NW_024609839.1	39400000	39500000	2.0
NW_024609839.1	39500000	39600000	2.0
NW_024609839.1	39600000	39700000	1.0
NW_024609839.1	39900000	40000000	4.0
NW_024609839.1	40000000	40100000	4.0
NW_024609839.1	40100000	40200000	2.0
NW_024609839.1	40200000	40300000	1.0
NW_024609839.1	40300000	40400000	1.0
NW_024609839.1	40500000	40600000	2.0
NW_024609839.1	40600000	40700000	1.0
NW_024609839.1	40700000	40800000	2.0
NW_024609839.1	40800000	40900000	2.0
NW_024609839.1	40900000	41000000	2.0
NW_024609839.1	41200000	41300000	1.0
NW_024609839.1	41300000	41400000	1.0
NW_024609839.1	41400000	41500000	2.0
NW_024609839.1	41500000	41600000	2.0
NW_024609839.1	41600000	41700000	1.0
NW_024609839.1	41700000	41800000	1.0
NW_024609839.1	42000000	42100000	2.0
NW_024609839.1	42100000	42200000	1.0
NW_024609839.1	42300000	42400000	1.0
NW_024609839.1	42500000	42600000	1.0
NW_024609839.1	42700000	42800000	1.0
NW_024609839.1	42800000	42900000	1.0
NW_024609839.1	42900000	43000000	2.0
NW_024609839.1	43300000	43400000	1.0
NW_024609839.1	43500000	43600000	2.0
NW_024609839.1	43700000	43800000	2.0
NW_024609839.1	43800000	43900000	2.0
NW_024609839.1	43900000	44000000	1.0
NW_024609839.1	44100000	44200000	1.0
NW_024609839.1	44200000	44300000	6.0
NW_024609839.1	44300000	44400000	1.0
NW_024609839.1	44400000	44500000	2.0
NW_024609839.1	44500000	44600000	5.0
NW_024609839.1	44600000	44700000	2.0
NW_024609839.1	44700000	44800000	6.0
NW_024609839.1	44800000	44900000	3.0
NW_024609839.1	44900000	45000000	6.0
NW_024609839.1	45000000	45100000	4.0
NW_024609839.1	45100000	45200000	5.0
NW_024609839.1	45200000	45300000	2.0
NW_024609839.1	45300000	45400000	2.0
NW_024609839.1	45400000	45500000	1.0
NW_024609839.1	45500000	45600000	2.0
NW_024609839.1	45600000	45700000	1.0
NW_024609839.1	45900000	46000000	2.0
NW_024609839.1	46000000	46100000	2.0
NW_024609839.1	46500000	46600000	1.0
NW_024609839.1	46600000	46700000	2.0
NW_024609839.1	46700000	46800000	1.0
NW_024609839.1	46900000	47000000	2.0
NW_024609839.1	47100000	47200000	1.0
NW_024609839.1	47200000	47300000	3.0
NW_024609839.1	47300000	47400000	1.0
NW_024609839.1	47500000	47600000	2.0
NW_024609839.1	47800000	47900000	4.0
NW_024609839.1	47900000	48000000	2.0
NW_024609839.1	48000000	48100000	3.0
NW_024609839.1	48100000	48200000	2.0
NW_024609839.1	48200000	48300000	6.0
NW_024609839.1	48300000	48400000	2.0
NW_024609839.1	48400000	48500000	3.0
NW_024609839.1	48500000	48600000	2.0
NW_024609839.1	48600000	48700000	2.0
NW_024609839.1	48700000	48800000	1.0
NW_024609839.1	48800000	48900000	1.0
NW_024609839.1	48900000	49000000	1.0
NW_024609839.1	49000000	49100000	1.0
NW_024609839.1	49100000	49200000	2.0
NW_024609839.1	49200000	49300000	3.0
NW_024609839.1	49300000	49400000	3.0
NW_024609839.1	49500000	49600000	1.0
NW_024609839.1	49700000	49800000	1.0
NW_024609839.1	49800000	49900000	2.0
NW_024609839.1	50100000	50200000	4.0
NW_024609839.1	50200000	50300000	2.0
NW_024609839.1	50300000	50400000	1.0
NW_024609839.1	50400000	50500000	4.0
NW_024609839.1	50500000	50600000	2.0
NW_024609839.1	50600000	50700000	5.0
NW_024609839.1	50700000	50800000	1.0
NW_024609839.1	50800000	50900000	1.0
NW_024609839.1	50900000	51000000	1.0
NW_024609839.1	51000000	51100000	2.0
NW_024609839.1	51100000	51200000	2.0
NW_024609839.1	51200000	51300000	2.0
NW_024609839.1	51500000	51600000	1.0
NW_024609839.1	51600000	51700000	2.0
NW_024609839.1	51800000	51900000	2.0
NW_024609839.1	51900000	52000000	4.0
NW_024609839.1	52000000	52100000	7.0
NW_024609839.1	52200000	52300000	1.0
NW_024609839.1	52300000	52400000	2.0
NW_024609839.1	52500000	52600000	1.0
NW_024609839.1	52600000	52700000	2.0
NW_024609839.1	52700000	52800000	2.0
NW_024609839.1	52800000	52900000	1.0
NW_024609839.1	52900000	53000000	1.0
NW_024609839.1	53000000	53100000	3.0
NW_024609839.1	53100000	53200000	5.0
NW_024609839.1	53200000	53300000	1.0
NW_024609839.1	53300000	53400000	2.0
NW_024609839.1	53400000	53500000	6.0
NW_024609839.1	53600000	53700000	2.0
NW_024609839.1	53700000	53800000	1.0
NW_024609839.1	53800000	53900000	1.0
NW_024609839.1	53900000	54000000	1.0
NW_024609839.1	54000000	54100000	1.0
NW_024609839.1	54600000	54700000	1.0
NW_024609839.1	54700000	54800000	1.0
NW_024609839.1	55200000	55300000	1.0
NW_024609839.1	55400000	55500000	1.0
NW_024609839.1	55500000	55600000	5.0
NW_024609839.1	55600000	55700000	2.0
NW_024609839.1	55700000	55800000	1.0
NW_024609839.1	55800000	55900000	1.0
NW_024609839.1	56100000	56200000	1.0
NW_024609839.1	56200000	56300000	2.0
NW_024609839.1	56400000	56500000	1.0
NW_024609839.1	56600000	56700000	1.0
NW_024609839.1	56800000	56900000	2.0
NW_024609839.1	57000000	57100000	2.0
NW_024609839.1	57100000	57200000	2.0
NW_024609839.1	57200000	57300000	1.0
NW_024609839.1	57400000	57500000	2.0
NW_024609839.1	57700000	57800000	1.0
NW_024609839.1	57800000	57900000	1.0
NW_024609839.1	58000000	58100000	3.0
NW_024609839.1	58100000	58200000	3.0
NW_024609839.1	58200000	58300000	4.0
NW_024609839.1	58300000	58400000	2.0
NW_024609839.1	58400000	58500000	1.0
NW_024609839.1	58500000	58600000	1.0
NW_024609839.1	58600000	58700000	1.0
NW_024609839.1	58800000	58900000	1.0
NW_024609839.1	58900000	59000000	4.0
NW_024609839.1	59000000	59100000	3.0
NW_024609839.1	59100000	59200000	2.0
NW_024609839.1	59200000	59300000	1.0
NW_024609839.1	59300000	59400000	1.0
NW_024609839.1	59400000	59500000	1.0
NW_024609839.1	59600000	59700000	2.0
NW_024609839.1	59700000	59800000	2.0
NW_024609839.1	59800000	59900000	1.0
NW_024609839.1	59900000	60000000	2.0
NW_024609839.1	60000000	60100000	2.0
NW_024609839.1	60100000	60200000	2.0
NW_024609839.1	60200000	60300000	3.0
NW_024609839.1	60300000	60400000	3.0
NW_024609839.1	60400000	60500000	4.0
NW_024609839.1	60500000	60600000	5.0
NW_024609839.1	60600000	60700000	5.0
NW_024609839.1	60700000	60800000	1.0
NW_024609839.1	60800000	60900000	1.0
NW_024609839.1	61200000	61300000	6.0
NW_024609839.1	61300000	61400000	3.0
NW_024609839.1	61400000	61500000	1.0
NW_024609839.1	61500000	61600000	3.0
NW_024609839.1	61600000	61700000	1.0
NW_024609839.1	61900000	62000000	2.0
NW_024609839.1	62000000	62100000	5.0
NW_024609839.1	62100000	62200000	3.0
NW_024609839.1	62200000	62300000	3.0
NW_024609839.1	62400000	62500000	3.0
NW_024609839.1	62600000	62700000	1.0
NW_024609839.1	62700000	62800000	2.0
NW_024609839.1	62800000	62900000	2.0
NW_024609839.1	62900000	63000000	2.0
NW_024609839.1	63000000	63100000	3.0
NW_024609839.1	63100000	63200000	2.0
NW_024609839.1	63200000	63300000	2.0
NW_024609839.1	63300000	63400000	1.0
NW_024609839.1	63400000	63500000	1.0
NW_024609839.1	63500000	63600000	1.0
NW_024609839.1	63600000	63700000	2.0
NW_024609839.1	63700000	63800000	1.0
NW_024609839.1	63800000	63900000	1.0
NW_024609839.1	63900000	64000000	3.0
NW_024609839.1	64000000	64100000	6.0
NW_024609839.1	64100000	64200000	4.0
NW_024609839.1	64200000	64300000	5.0
NW_024609839.1	64300000	64400000	3.0
NW_024609839.1	64400000	64500000	2.0
NW_024609839.1	64500000	64600000	5.0
NW_024609839.1	64600000	64700000	1.0
NW_024609839.1	64700000	64800000	2.0
NW_024609839.1	64900000	65000000	2.0
NW_024609839.1	65000000	65100000	2.0
NW_024609839.1	65100000	65200000	1.0
NW_024609839.1	65200000	65300000	5.0
NW_024609839.1	65300000	65400000	2.0
NW_024609839.1	65400000	65500000	1.0
NW_024609839.1	65500000	65600000	1.0
NW_024609839.1	65600000	65700000	5.0
NW_024609839.1	65700000	65800000	6.0
NW_024609839.1	65800000	65900000	2.0
NW_024609839.1	66100000	66200000	2.0
NW_024609839.1	66200000	66300000	1.0
NW_024609839.1	66300000	66400000	1.0
NW_024609839.1	66400000	66500000	2.0
NW_024609839.1	66500000	66600000	1.0
NW_024609839.1	66800000	66900000	1.0
NW_024609839.1	66900000	67000000	1.0
NW_024609839.1	67100000	67200000	1.0
NW_024609839.1	67200000	67300000	1.0
NW_024609839.1	67300000	67400000	2.0
NW_024609839.1	67400000	67500000	2.0
NW_024609839.1	67500000	67600000	1.0
NW_024609839.1	67600000	67700000	2.0
NW_024609839.1	67700000	67800000	3.0
NW_024609839.1	68000000	68100000	7.0
NW_024609839.1	68200000	68300000	1.0
NW_024609839.1	68400000	68500000	2.0
NW_024609839.1	68500000	68600000	1.0
NW_024609839.1	68900000	69000000	1.0
NW_024609839.1	69600000	69700000	1.0
NW_024609839.1	69900000	70000000	1.0
NW_024609839.1	70500000	70600000	1.0
NW_024609839.1	70600000	70700000	1.0
NW_024609839.1	70700000	70800000	1.0
NW_024609839.1	71000000	71100000	2.0
NW_024609839.1	71100000	71200000	3.0
NW_024609839.1	71200000	71300000	3.0
NW_024609839.1	71300000	71400000	3.0
NW_024609839.1	71400000	71500000	1.0
NW_024609839.1	71500000	71600000	2.0
NW_024609839.1	71600000	71700000	1.0
NW_024609839.1	71700000	71800000	1.0
NW_024609839.1	71900000	72000000	1.0
NW_024609839.1	72000000	72100000	1.0
NW_024609839.1	72100000	72200000	3.0
NW_024609839.1	72200000	72300000	1.0
NW_024609839.1	72300000	72400000	2.0
NW_024609839.1	72400000	72500000	2.0
NW_024609839.1	72500000	72600000	2.0
NW_024609839.1	72600000	72700000	3.0
NW_024609839.1	72700000	72800000	1.0
NW_024609839.1	72800000	72900000	2.0
NW_024609839.1	72900000	73000000	1.0
NW_024609839.1	73000000	73100000	5.0
NW_024609839.1	73100000	73200000	4.0
NW_024609839.1	73200000	73300000	7.0
NW_024609839.1	73300000	73400000	1.0
NW_024609839.1	73400000	73500000	1.0
NW_024609839.1	73500000	73600000	6.0
NW_024609839.1	73600000	73700000	3.0
NW_024609839.1	74000000	74100000	1.0
NW_024609839.1	73800000	73900000	2.0
NW_024609839.1	73900000	74000000	2.0
NW_024609839.1	74500000	74600000	5.0
NW_024609839.1	74600000	74700000	3.0
NW_024609839.1	74700000	74800000	3.0
NW_024609839.1	74800000	74900000	1.0
NW_024609839.1	74900000	75000000	1.0
NW_024609839.1	75100000	75200000	4.0
NW_024609839.1	75200000	75300000	1.0
NW_024609839.1	75400000	75500000	2.0
NW_024609839.1	75600000	75700000	1.0
NW_024609839.1	75700000	75800000	1.0
NW_024609839.1	75800000	75900000	3.0
NW_024609839.1	75900000	76000000	4.0
NW_024609839.1	76000000	76100000	2.0
NW_024609839.1	76100000	76200000	4.0
NW_024609839.1	76200000	76300000	3.0
NW_024609839.1	76300000	76400000	1.0
NW_024609839.1	76400000	76500000	1.0
NW_024609839.1	76500000	76600000	1.0
NW_024609839.1	76600000	76700000	2.0
NW_024609839.1	76800000	76900000	3.0
NW_024609839.1	76700000	76800000	1.0
NW_024609839.1	76900000	77000000	1.0
NW_024609839.1	77000000	77100000	3.0
NW_024609839.1	77100000	77200000	4.0
NW_024609839.1	77200000	77300000	6.0
NW_024609839.1	77300000	77400000	4.0
NW_024609839.1	77400000	77500000	5.0
NW_024609839.1	77700000	77800000	1.0
NW_024609839.1	77800000	77900000	1.0
NW_024609839.1	77900000	78000000	4.0
NW_024609839.1	78000000	78100000	2.0
NW_024609839.1	78100000	78200000	3.0
NW_024609839.1	78400000	78500000	2.0
NW_024609839.1	78500000	78600000	2.0
NW_024609839.1	78600000	78700000	3.0
NW_024609839.1	78700000	78800000	2.0
NW_024609839.1	78800000	78900000	2.0
NW_024609839.1	78900000	79000000	1.0
NW_024609839.1	79000000	79100000	2.0
NW_024609839.1	79100000	79200000	5.0
NW_024609839.1	79200000	79300000	3.0
NW_024609839.1	79300000	79400000	3.0
NW_024609839.1	79400000	79500000	2.0
NW_024609839.1	79500000	79600000	2.0
NW_024609839.1	79600000	79700000	3.0
NW_024609839.1	79700000	79800000	1.0
NW_024609839.1	79800000	79900000	3.0
NW_024609839.1	79900000	80000000	4.0
NW_024609839.1	80000000	80100000	3.0
NW_024609839.1	80100000	80200000	1.0
NW_024609839.1	80400000	80500000	1.0
NW_024609839.1	80500000	80600000	1.0
NW_024609839.1	80600000	80700000	3.0
NW_024609839.1	80700000	80800000	1.0
NW_024609839.1	80800000	80900000	1.0
NW_024609839.1	80900000	81000000	2.0
NW_024609839.1	81000000	81100000	1.0
NW_024609839.1	81200000	81300000	2.0
NW_024609839.1	81300000	81400000	2.0
NW_024609839.1	81400000	81500000	2.0
NW_024609839.1	81500000	81600000	2.0
NW_024609839.1	81600000	81700000	2.0
NW_024609839.1	81700000	81800000	2.0
NW_024609839.1	81800000	81900000	6.0
NW_024609839.1	81900000	82000000	1.0
NW_024609839.1	82000000	82100000	1.0
NW_024609839.1	82100000	82200000	3.0
NW_024609839.1	82200000	82300000	4.0
NW_024609839.1	82300000	82400000	2.0
NW_024609839.1	82400000	82500000	3.0
NW_024609839.1	82500000	82600000	4.0
NW_024609839.1	82600000	82700000	2.0
NW_024609839.1	82700000	82800000	1.0
NW_024609839.1	82800000	82900000	1.0
NW_024609839.1	83000000	83100000	1.0
NW_024609839.1	83200000	83300000	1.0
NW_024609839.1	84100000	84200000	3.0
NW_024609839.1	84200000	84300000	4.0
NW_024609839.1	84300000	84400000	2.0
NW_024609839.1	84500000	84600000	2.0
NW_024609839.1	84600000	84700000	1.0
NW_024609839.1	84700000	84800000	2.0
NW_024609839.1	85100000	85200000	3.0
NW_024609839.1	85300000	85400000	1.0
NW_024609839.1	85500000	85600000	1.0
NW_024609839.1	85600000	85700000	1.0
NW_024609839.1	85700000	85800000	3.0
NW_024609839.1	85800000	85900000	6.0
NW_024609839.1	85900000	86000000	10.0
NW_024609839.1	86000000	86100000	6.0
NW_024609839.1	86100000	86200000	2.0
NW_024609839.1	86200000	86300000	1.0
NW_024609839.1	86400000	86500000	3.0
NW_024609839.1	86500000	86600000	5.0
NW_024609839.1	86600000	86700000	5.0
NW_024609839.1	86700000	86800000	2.0
NW_024609839.1	86800000	86900000	5.0
NW_024609839.1	86900000	87000000	4.0
NW_024609839.1	87000000	87100000	3.0
NW_024609839.1	87100000	87200000	4.0
NW_024609839.1	87200000	87300000	1.0
NW_024609839.1	87300000	87400000	1.0
NW_024609839.1	87500000	87600000	2.0
NW_024609839.1	87600000	87700000	1.0
NW_024609839.1	87700000	87800000	3.0
NW_024609839.1	87800000	87900000	1.0
NW_024609839.1	87900000	88000000	1.0
NW_024609839.1	88100000	88200000	2.0
NW_024609839.1	88200000	88300000	1.0
NW_024609839.1	88400000	88500000	1.0
NW_024609839.1	88500000	88600000	1.0
NW_024609839.1	88600000	88700000	4.0
NW_024609839.1	88700000	88800000	2.0
NW_024609839.1	88800000	88900000	4.0
NW_024609839.1	88900000	89000000	2.0
NW_024609839.1	89000000	89100000	2.0
NW_024609839.1	89100000	89200000	2.0
NW_024609839.1	89200000	89300000	3.0
NW_024609839.1	89300000	89400000	2.0
NW_024609839.1	89400000	89500000	2.0
NW_024609839.1	89500000	89600000	1.0
NW_024609839.1	89600000	89700000	2.0
NW_024609839.1	89700000	89800000	2.0
NW_024609839.1	89800000	89900000	1.0
NW_024609839.1	89900000	90000000	4.0
NW_024609839.1	90000000	90100000	4.0
NW_024609839.1	90100000	90200000	3.0
NW_024609839.1	90300000	90400000	4.0
NW_024609839.1	90400000	90500000	8.0
NW_024609839.1	90500000	90600000	7.0
NW_024609839.1	90600000	90700000	5.0
NW_024609839.1	90700000	90800000	1.0
NW_024609839.1	90800000	90900000	1.0
NW_024609839.1	90900000	91000000	1.0
NW_024609839.1	91000000	91100000	3.0
NW_024609839.1	91100000	91200000	2.0
NW_024609839.1	91200000	91300000	1.0
NW_024609839.1	91300000	91400000	2.0
NW_024609839.1	91400000	91500000	2.0
NW_024609839.1	91600000	91700000	3.0
NW_024609839.1	91700000	91800000	1.0
NW_024609839.1	91800000	91900000	3.0
NW_024609839.1	91900000	92000000	1.0
NW_024609839.1	92000000	92100000	1.0
NW_024609839.1	92100000	92200000	3.0
NW_024609839.1	92200000	92226328	1.0
NW_024609840.1	300000	400000	1.0
NW_024609840.1	400000	497654	4.0
NW_024609841.1	0	100000	1.0
NW_024609841.1	100000	200000	2.0
NW_024609841.1	400000	500000	1.0
NW_024609841.1	800000	900000	1.0
NW_024609841.1	1000000	1100000	2.0
NW_024609841.1	1100000	1200000	1.0
NW_024609841.1	1200000	1300000	1.0
NW_024609841.1	1300000	1400000	1.0
NW_024609841.1	1900000	2000000	1.0
NW_024609841.1	2000000	2100000	1.0
NW_024609841.1	2200000	2300000	1.0
NW_024609841.1	2300000	2400000	1.0
NW_024609841.1	2500000	2600000	1.0
NW_024609841.1	2700000	2800000	3.0
NW_024609841.1	2900000	3000000	1.0
NW_024609841.1	3000000	3100000	1.0
NW_024609841.1	3100000	3200000	1.0
NW_024609841.1	3200000	3300000	1.0
NW_024609841.1	3300000	3400000	1.0
NW_024609841.1	3400000	3500000	1.0
NW_024609841.1	3600000	3700000	2.0
NW_024609841.1	3800000	3900000	2.0
NW_024609841.1	4100000	4200000	1.0
NW_024609841.1	4400000	4500000	1.0
NW_024609841.1	4700000	4800000	1.0
NW_024609841.1	4800000	4900000	1.0
NW_024609841.1	4900000	5000000	1.0
NW_024609841.1	5000000	5100000	1.0
NW_024609841.1	5100000	5200000	1.0
NW_024609842.1	400000	500000	1.0
NW_024609842.1	800000	900000	1.0
NW_024609842.1	900000	1000000	1.0
NW_024609842.1	1000000	1100000	2.0
NW_024609842.1	1100000	1200000	1.0
NW_024609842.1	1200000	1300000	1.0
NW_024609842.1	1300000	1400000	1.0
NW_024609842.1	1400000	1500000	1.0
NW_024609842.1	1500000	1600000	2.0
NW_024609842.1	1700000	1800000	1.0
NW_024609842.1	1800000	1900000	2.0
NW_024609842.1	1900000	2000000	1.0
NW_024609842.1	2000000	2100000	1.0
NW_024609842.1	2100000	2200000	1.0
NW_024609842.1	2200000	2224845	1.0
NW_024609843.1	0	100000	2.0
NW_024609843.1	200000	300000	1.0
NW_024609843.1	300000	395526	2.0
NW_024609844.1	0	100000	1.0
NW_024609844.1	100000	200000	2.0
NW_024609844.1	200000	300000	1.0
NW_024609844.1	300000	400000	1.0
NW_024609844.1	400000	500000	2.0
NW_024609844.1	500000	600000	2.0
NW_024609844.1	700000	800000	1.0
NW_024609844.1	800000	900000	3.0
NW_024609844.1	900000	1000000	1.0
NW_024609844.1	1100000	1200000	1.0
NW_024609844.1	1300000	1400000	2.0
NW_024609844.1	1500000	1600000	4.0
NW_024609844.1	1700000	1800000	5.0
NW_024609844.1	1800000	1900000	2.0
NW_024609844.1	2000000	2100000	1.0
NW_024609844.1	2100000	2200000	1.0
NW_024609844.1	2200000	2300000	1.0
NW_024609844.1	2300000	2400000	2.0
NW_024609844.1	2800000	2900000	1.0
NW_024609845.1	0	100000	1.0
NW_024609845.1	300000	390138	1.0
NW_024609846.1	0	100000	2.0
NW_024609846.1	100000	200000	3.0
NW_024609846.1	200000	300000	2.0
NW_024609846.1	400000	500000	1.0
NW_024609846.1	500000	600000	1.0
NW_024609846.1	800000	900000	2.0
NW_024609846.1	1000000	1100000	1.0
NW_024609846.1	1100000	1200000	1.0
NW_024609846.1	1200000	1300000	1.0
NW_024609846.1	1500000	1600000	1.0
NW_024609846.1	1800000	1900000	1.0
NW_024609846.1	1900000	2000000	3.0
NW_024609846.1	2000000	2100000	1.0
NW_024609846.1	2100000	2200000	3.0
NW_024609846.1	2300000	2400000	2.0
NW_024609846.1	2700000	2800000	2.0
NW_024609846.1	2800000	2900000	1.0
NW_024609846.1	2900000	3000000	2.0
NW_024609846.1	3000000	3100000	1.0
NW_024609846.1	3100000	3200000	2.0
NW_024609846.1	3200000	3300000	4.0
NW_024609846.1	3600000	3700000	1.0
NW_024609846.1	3700000	3800000	2.0
NW_024609846.1	3800000	3900000	1.0
NW_024609846.1	4000000	4100000	2.0
NW_024609846.1	4100000	4200000	4.0
NW_024609846.1	4200000	4300000	2.0
NW_024609846.1	4400000	4500000	1.0
NW_024609846.1	4500000	4600000	1.0
NW_024609846.1	4700000	4800000	1.0
NW_024609846.1	4900000	5000000	1.0
NW_024609846.1	5000000	5100000	1.0
NW_024609846.1	5100000	5200000	1.0
NW_024609846.1	5200000	5300000	1.0
NW_024609846.1	5300000	5400000	1.0
NW_024609846.1	5500000	5600000	2.0
NW_024609846.1	5600000	5700000	1.0
NW_024609846.1	5700000	5800000	2.0
NW_024609846.1	5800000	5900000	3.0
NW_024609846.1	5900000	6000000	2.0
NW_024609846.1	6000000	6100000	2.0
NW_024609846.1	6100000	6200000	1.0
NW_024609846.1	6200000	6300000	1.0
NW_024609846.1	6300000	6400000	2.0
NW_024609846.1	6400000	6500000	3.0
NW_024609846.1	6500000	6600000	1.0
NW_024609846.1	6600000	6700000	1.0
NW_024609846.1	6700000	6800000	2.0
NW_024609846.1	6800000	6900000	3.0
NW_024609846.1	7000000	7100000	1.0
NW_024609846.1	7100000	7200000	1.0
NW_024609846.1	7200000	7300000	4.0
NW_024609846.1	7500000	7600000	1.0
NW_024609846.1	7900000	8000000	1.0
NW_024609846.1	8100000	8200000	2.0
NW_024609846.1	8200000	8300000	1.0
NW_024609846.1	8300000	8400000	3.0
NW_024609846.1	8400000	8500000	2.0
NW_024609846.1	8500000	8600000	2.0
NW_024609846.1	8600000	8700000	3.0
NW_024609846.1	8700000	8800000	4.0
NW_024609846.1	8800000	8900000	2.0
NW_024609846.1	9000000	9100000	2.0
NW_024609846.1	9200000	9300000	1.0
NW_024609846.1	9300000	9400000	1.0
NW_024609846.1	9400000	9500000	1.0
NW_024609846.1	9500000	9600000	1.0
NW_024609846.1	9600000	9700000	1.0
NW_024609846.1	9800000	9900000	2.0
NW_024609846.1	9900000	10000000	3.0
NW_024609846.1	10000000	10100000	4.0
NW_024609846.1	10100000	10200000	3.0
NW_024609846.1	10200000	10300000	3.0
NW_024609846.1	10300000	10400000	2.0
NW_024609846.1	10400000	10500000	3.0
NW_024609846.1	10500000	10600000	2.0
NW_024609846.1	10600000	10700000	2.0
NW_024609846.1	10700000	10800000	1.0
NW_024609846.1	10900000	11000000	1.0
NW_024609846.1	11000000	11100000	1.0
NW_024609846.1	11300000	11400000	2.0
NW_024609846.1	11400000	11500000	3.0
NW_024609846.1	11500000	11600000	1.0
NW_024609846.1	11700000	11800000	2.0
NW_024609846.1	11800000	11900000	2.0
NW_024609846.1	11900000	12000000	2.0
NW_024609846.1	12000000	12100000	3.0
NW_024609846.1	12100000	12200000	3.0
NW_024609846.1	12200000	12300000	1.0
NW_024609846.1	12300000	12400000	2.0
NW_024609846.1	12400000	12500000	1.0
NW_024609846.1	12500000	12600000	3.0
NW_024609846.1	12600000	12700000	2.0
NW_024609846.1	12700000	12800000	2.0
NW_024609846.1	12800000	12900000	3.0
NW_024609846.1	12900000	13000000	1.0
NW_024609846.1	13000000	13100000	1.0
NW_024609846.1	13100000	13200000	3.0
NW_024609846.1	13200000	13300000	2.0
NW_024609846.1	13300000	13400000	5.0
NW_024609846.1	13400000	13500000	3.0
NW_024609846.1	13500000	13600000	1.0
NW_024609846.1	13600000	13700000	1.0
NW_024609846.1	13700000	13800000	1.0
NW_024609846.1	13800000	13900000	1.0
NW_024609846.1	13900000	14000000	1.0
NW_024609846.1	14200000	14300000	2.0
NW_024609846.1	14300000	14400000	2.0
NW_024609846.1	14400000	14500000	1.0
NW_024609846.1	14500000	14600000	1.0
NW_024609846.1	14600000	14700000	3.0
NW_024609846.1	14700000	14800000	4.0
NW_024609846.1	14800000	14900000	2.0
NW_024609846.1	14900000	15000000	2.0
NW_024609846.1	15000000	15100000	1.0
NW_024609846.1	15100000	15200000	1.0
NW_024609846.1	15200000	15300000	2.0
NW_024609846.1	15300000	15400000	1.0
NW_024609846.1	15400000	15500000	1.0
NW_024609846.1	15500000	15600000	1.0
NW_024609846.1	15600000	15700000	2.0
NW_024609846.1	15700000	15800000	1.0
NW_024609846.1	15800000	15900000	1.0
NW_024609846.1	15900000	16000000	1.0
NW_024609846.1	16000000	16100000	1.0
NW_024609846.1	16100000	16200000	1.0
NW_024609846.1	16300000	16400000	3.0
NW_024609846.1	16400000	16500000	4.0
NW_024609846.1	16500000	16600000	3.0
NW_024609846.1	16600000	16700000	4.0
NW_024609846.1	16700000	16800000	1.0
NW_024609846.1	16900000	17000000	3.0
NW_024609846.1	17000000	17100000	1.0
NW_024609846.1	17100000	17200000	1.0
NW_024609846.1	17200000	17300000	5.0
NW_024609846.1	17300000	17400000	1.0
NW_024609846.1	17400000	17500000	2.0
NW_024609846.1	17500000	17600000	2.0
NW_024609846.1	17700000	17800000	2.0
NW_024609846.1	17800000	17900000	3.0
NW_024609846.1	17900000	18000000	2.0
NW_024609846.1	18000000	18100000	1.0
NW_024609846.1	18100000	18200000	1.0
NW_024609846.1	18200000	18300000	1.0
NW_024609846.1	18300000	18400000	1.0
NW_024609846.1	18600000	18700000	1.0
NW_024609846.1	18700000	18800000	2.0
NW_024609846.1	18800000	18900000	2.0
NW_024609846.1	18900000	19000000	2.0
NW_024609846.1	19100000	19200000	1.0
NW_024609846.1	19300000	19400000	1.0
NW_024609846.1	19700000	19800000	1.0
NW_024609846.1	19900000	20000000	1.0
NW_024609846.1	20200000	20300000	1.0
NW_024609846.1	20300000	20400000	1.0
NW_024609846.1	20500000	20600000	1.0
NW_024609846.1	20600000	20700000	1.0
NW_024609846.1	20700000	20800000	1.0
NW_024609846.1	20800000	20900000	1.0
NW_024609846.1	20900000	21000000	2.0
NW_024609846.1	21100000	21200000	1.0
NW_024609846.1	21200000	21300000	3.0
NW_024609846.1	21500000	21600000	1.0
NW_024609846.1	21700000	21800000	1.0
NW_024609846.1	21800000	21900000	2.0
NW_024609846.1	21900000	22000000	2.0
NW_024609846.1	22000000	22100000	1.0
NW_024609846.1	22100000	22200000	1.0
NW_024609846.1	22200000	22300000	1.0
NW_024609846.1	22300000	22400000	1.0
NW_024609846.1	22400000	22500000	3.0
NW_024609846.1	22500000	22600000	4.0
NW_024609846.1	22700000	22800000	3.0
NW_024609846.1	22800000	22900000	4.0
NW_024609846.1	22900000	23000000	3.0
NW_024609846.1	23000000	23100000	1.0
NW_024609846.1	23100000	23200000	6.0
NW_024609846.1	23200000	23300000	4.0
NW_024609846.1	23300000	23400000	4.0
NW_024609846.1	23400000	23500000	6.0
NW_024609846.1	23500000	23600000	2.0
NW_024609846.1	23600000	23700000	3.0
NW_024609846.1	23700000	23800000	2.0
NW_024609846.1	23800000	23900000	4.0
NW_024609846.1	23900000	24000000	1.0
NW_024609846.1	24000000	24100000	2.0
NW_024609846.1	24100000	24200000	2.0
NW_024609846.1	24200000	24300000	2.0
NW_024609846.1	24300000	24400000	2.0
NW_024609846.1	24400000	24500000	1.0
NW_024609846.1	24600000	24700000	1.0
NW_024609846.1	24700000	24800000	1.0
NW_024609846.1	24800000	24900000	1.0
NW_024609846.1	24900000	25000000	1.0
NW_024609846.1	25000000	25100000	2.0
NW_024609846.1	25100000	25200000	1.0
NW_024609846.1	25400000	25500000	5.0
NW_024609846.1	25500000	25600000	1.0
NW_024609846.1	25800000	25900000	1.0
NW_024609846.1	25900000	26000000	1.0
NW_024609846.1	26500000	26600000	2.0
NW_024609846.1	26600000	26700000	2.0
NW_024609846.1	26800000	26900000	2.0
NW_024609846.1	26900000	27000000	1.0
NW_024609846.1	27000000	27100000	2.0
NW_024609846.1	27100000	27200000	2.0
NW_024609846.1	27200000	27300000	3.0
NW_024609846.1	27300000	27400000	1.0
NW_024609846.1	27400000	27500000	1.0
NW_024609846.1	27500000	27600000	1.0
NW_024609846.1	27600000	27700000	1.0
NW_024609846.1	27700000	27800000	1.0
NW_024609846.1	27900000	28000000	3.0
NW_024609846.1	28100000	28200000	3.0
NW_024609846.1	28300000	28400000	1.0
NW_024609846.1	28400000	28500000	2.0
NW_024609846.1	28500000	28600000	1.0
NW_024609846.1	28600000	28700000	2.0
NW_024609846.1	28700000	28800000	4.0
NW_024609846.1	28800000	28900000	3.0
NW_024609846.1	28900000	29000000	1.0
NW_024609846.1	29000000	29100000	1.0
NW_024609846.1	29100000	29200000	2.0
NW_024609846.1	29200000	29300000	1.0
NW_024609846.1	29300000	29400000	2.0
NW_024609846.1	29500000	29600000	4.0
NW_024609846.1	29600000	29700000	1.0
NW_024609846.1	29700000	29800000	2.0
NW_024609846.1	29800000	29900000	1.0
NW_024609846.1	29900000	30000000	1.0
NW_024609846.1	30000000	30100000	1.0
NW_024609846.1	30200000	30300000	1.0
NW_024609846.1	30300000	30400000	5.0
NW_024609846.1	30400000	30500000	1.0
NW_024609846.1	30600000	30700000	1.0
NW_024609846.1	30700000	30800000	3.0
NW_024609846.1	30800000	30900000	4.0
NW_024609846.1	31000000	31100000	1.0
NW_024609846.1	31100000	31200000	5.0
NW_024609846.1	31200000	31300000	2.0
NW_024609846.1	31400000	31500000	3.0
NW_024609846.1	31500000	31600000	4.0
NW_024609846.1	31700000	31800000	1.0
NW_024609846.1	31800000	31900000	1.0
NW_024609846.1	31900000	32000000	1.0
NW_024609846.1	32000000	32100000	1.0
NW_024609846.1	32200000	32300000	1.0
NW_024609846.1	32300000	32400000	1.0
NW_024609846.1	32400000	32500000	2.0
NW_024609846.1	32500000	32600000	3.0
NW_024609846.1	32700000	32800000	1.0
NW_024609846.1	33300000	33400000	3.0
NW_024609846.1	33400000	33500000	2.0
NW_024609846.1	33500000	33600000	1.0
NW_024609846.1	33600000	33700000	3.0
NW_024609846.1	33700000	33800000	3.0
NW_024609846.1	33800000	33900000	2.0
NW_024609846.1	33900000	34000000	1.0
NW_024609846.1	34000000	34100000	3.0
NW_024609846.1	34100000	34200000	1.0
NW_024609846.1	34200000	34300000	2.0
NW_024609846.1	34300000	34400000	3.0
NW_024609846.1	34400000	34500000	4.0
NW_024609846.1	34500000	34600000	2.0
NW_024609846.1	34600000	34700000	1.0
NW_024609846.1	34700000	34800000	1.0
NW_024609846.1	34900000	35000000	1.0
NW_024609846.1	35000000	35100000	1.0
NW_024609846.1	35100000	35200000	2.0
NW_024609846.1	35200000	35300000	1.0
NW_024609846.1	35400000	35500000	2.0
NW_024609846.1	35500000	35600000	3.0
NW_024609846.1	35600000	35700000	3.0
NW_024609846.1	35700000	35800000	3.0
NW_024609846.1	35800000	35900000	2.0
NW_024609846.1	35900000	36000000	1.0
NW_024609846.1	36000000	36100000	3.0
NW_024609846.1	36100000	36200000	3.0
NW_024609846.1	36200000	36300000	1.0
NW_024609846.1	36300000	36400000	1.0
NW_024609846.1	36400000	36500000	2.0
NW_024609846.1	36500000	36600000	1.0
NW_024609846.1	36600000	36700000	4.0
NW_024609846.1	36900000	37000000	1.0
NW_024609846.1	37100000	37200000	2.0
NW_024609846.1	37200000	37300000	3.0
NW_024609846.1	37300000	37400000	2.0
NW_024609846.1	37400000	37500000	2.0
NW_024609846.1	37500000	37600000	1.0
NW_024609846.1	37600000	37700000	1.0
NW_024609846.1	37800000	37900000	1.0
NW_024609846.1	37900000	38000000	1.0
NW_024609846.1	38000000	38100000	1.0
NW_024609846.1	38200000	38300000	1.0
NW_024609846.1	38300000	38400000	2.0
NW_024609846.1	38500000	38600000	2.0
NW_024609846.1	38600000	38700000	1.0
NW_024609846.1	38700000	38800000	1.0
NW_024609846.1	38800000	38900000	2.0
NW_024609846.1	38900000	39000000	1.0
NW_024609846.1	39000000	39100000	1.0
NW_024609846.1	39100000	39200000	1.0
NW_024609846.1	39200000	39300000	1.0
NW_024609846.1	39300000	39400000	1.0
NW_024609846.1	39500000	39600000	1.0
NW_024609846.1	39600000	39700000	1.0
NW_024609846.1	39700000	39800000	2.0
NW_024609846.1	39800000	39900000	1.0
NW_024609846.1	39900000	40000000	3.0
NW_024609846.1	40000000	40100000	3.0
NW_024609846.1	40100000	40200000	1.0
NW_024609846.1	40200000	40300000	1.0
NW_024609846.1	40300000	40400000	1.0
NW_024609846.1	40600000	40700000	3.0
NW_024609846.1	40700000	40800000	1.0
NW_024609846.1	40800000	40900000	1.0
NW_024609846.1	41000000	41100000	3.0
NW_024609846.1	41100000	41200000	2.0
NW_024609846.1	41200000	41300000	2.0
NW_024609846.1	41300000	41400000	1.0
NW_024609846.1	41600000	41700000	2.0
NW_024609846.1	41700000	41800000	1.0
NW_024609846.1	41800000	41900000	2.0
NW_024609846.1	41900000	42000000	3.0
NW_024609846.1	42000000	42100000	1.0
NW_024609846.1	42100000	42200000	2.0
NW_024609846.1	42200000	42300000	2.0
NW_024609846.1	42300000	42400000	2.0
NW_024609846.1	42400000	42500000	1.0
NW_024609846.1	42500000	42600000	3.0
NW_024609846.1	42600000	42700000	2.0
NW_024609846.1	42700000	42800000	6.0
NW_024609846.1	42800000	42900000	3.0
NW_024609846.1	42900000	43000000	4.0
NW_024609846.1	43000000	43100000	4.0
NW_024609846.1	43100000	43200000	1.0
NW_024609846.1	43200000	43300000	3.0
NW_024609846.1	43300000	43400000	2.0
NW_024609846.1	43400000	43500000	3.0
NW_024609846.1	43600000	43700000	1.0
NW_024609846.1	43700000	43800000	6.0
NW_024609846.1	44000000	44100000	1.0
NW_024609846.1	44100000	44200000	2.0
NW_024609846.1	44300000	44400000	2.0
NW_024609846.1	44500000	44600000	1.0
NW_024609846.1	44600000	44700000	1.0
NW_024609846.1	44700000	44800000	1.0
NW_024609846.1	44800000	44900000	1.0
NW_024609846.1	44900000	45000000	2.0
NW_024609846.1	45000000	45100000	2.0
NW_024609846.1	45100000	45200000	4.0
NW_024609846.1	45200000	45300000	5.0
NW_024609846.1	45300000	45400000	1.0
NW_024609846.1	45400000	45500000	2.0
NW_024609846.1	45500000	45600000	3.0
NW_024609846.1	45700000	45800000	2.0
NW_024609846.1	45800000	45900000	1.0
NW_024609846.1	46100000	46200000	1.0
NW_024609846.1	46200000	46300000	1.0
NW_024609846.1	46400000	46500000	2.0
NW_024609846.1	46600000	46700000	3.0
NW_024609846.1	46800000	46900000	1.0
NW_024609846.1	46900000	47000000	2.0
NW_024609846.1	47100000	47200000	2.0
NW_024609846.1	47200000	47300000	1.0
NW_024609846.1	47300000	47400000	1.0
NW_024609846.1	47400000	47500000	2.0
NW_024609846.1	47500000	47600000	2.0
NW_024609846.1	47600000	47700000	2.0
NW_024609846.1	47700000	47800000	1.0
NW_024609846.1	47800000	47900000	2.0
NW_024609846.1	47900000	48000000	4.0
NW_024609846.1	48000000	48100000	4.0
NW_024609846.1	48100000	48200000	1.0
NW_024609846.1	48300000	48400000	3.0
NW_024609846.1	48400000	48500000	2.0
NW_024609846.1	48500000	48600000	1.0
NW_024609846.1	48600000	48700000	4.0
NW_024609846.1	48700000	48800000	3.0
NW_024609846.1	48800000	48900000	2.0
NW_024609846.1	48900000	49000000	4.0
NW_024609846.1	49000000	49100000	5.0
NW_024609846.1	49100000	49200000	2.0
NW_024609846.1	49200000	49300000	1.0
NW_024609846.1	49400000	49500000	1.0
NW_024609846.1	49500000	49600000	1.0
NW_024609846.1	49600000	49700000	2.0
NW_024609846.1	49700000	49800000	1.0
NW_024609846.1	50000000	50100000	1.0
NW_024609846.1	50200000	50300000	1.0
NW_024609846.1	50300000	50400000	1.0
NW_024609846.1	50500000	50600000	2.0
NW_024609846.1	50600000	50700000	2.0
NW_024609846.1	50700000	50800000	3.0
NW_024609846.1	50800000	50900000	2.0
NW_024609846.1	50900000	51000000	2.0
NW_024609846.1	51000000	51100000	1.0
NW_024609846.1	51100000	51200000	1.0
NW_024609846.1	51400000	51500000	1.0
NW_024609846.1	51500000	51600000	1.0
NW_024609846.1	51700000	51800000	2.0
NW_024609846.1	52100000	52200000	1.0
NW_024609846.1	52400000	52500000	1.0
NW_024609846.1	52700000	52800000	3.0
NW_024609846.1	52800000	52900000	2.0
NW_024609846.1	52900000	53000000	1.0
NW_024609846.1	53000000	53100000	2.0
NW_024609846.1	53100000	53200000	2.0
NW_024609846.1	53200000	53300000	2.0
NW_024609846.1	53300000	53400000	3.0
NW_024609846.1	53400000	53500000	3.0
NW_024609846.1	53500000	53600000	2.0
NW_024609846.1	53600000	53700000	4.0
NW_024609846.1	53700000	53800000	3.0
NW_024609846.1	53800000	53900000	3.0
NW_024609846.1	53900000	54000000	2.0
NW_024609846.1	54000000	54100000	1.0
NW_024609846.1	54100000	54200000	2.0
NW_024609846.1	54200000	54300000	2.0
NW_024609846.1	54300000	54400000	3.0
NW_024609846.1	54400000	54500000	1.0
NW_024609846.1	54600000	54700000	2.0
NW_024609846.1	54700000	54800000	2.0
NW_024609846.1	54900000	55000000	1.0
NW_024609846.1	55000000	55100000	3.0
NW_024609846.1	55100000	55200000	4.0
NW_024609846.1	55200000	55300000	1.0
NW_024609846.1	55300000	55400000	3.0
NW_024609846.1	55400000	55500000	1.0
NW_024609846.1	55500000	55600000	2.0
NW_024609846.1	55600000	55700000	1.0
NW_024609846.1	55700000	55800000	1.0
NW_024609846.1	55900000	56000000	1.0
NW_024609846.1	56000000	56100000	1.0
NW_024609846.1	56100000	56200000	2.0
NW_024609846.1	56200000	56300000	1.0
NW_024609846.1	56300000	56400000	2.0
NW_024609846.1	56400000	56500000	4.0
NW_024609846.1	56600000	56700000	3.0
NW_024609846.1	56700000	56800000	1.0
NW_024609846.1	56800000	56900000	1.0
NW_024609846.1	56900000	57000000	2.0
NW_024609846.1	57000000	57100000	2.0
NW_024609846.1	57100000	57200000	1.0
NW_024609846.1	57200000	57300000	1.0
NW_024609846.1	57400000	57500000	1.0
NW_024609846.1	57700000	57800000	1.0
NW_024609846.1	57800000	57900000	2.0
NW_024609846.1	57900000	58000000	1.0
NW_024609846.1	58000000	58100000	1.0
NW_024609846.1	58100000	58200000	2.0
NW_024609846.1	58200000	58300000	4.0
NW_024609846.1	58300000	58400000	1.0
NW_024609846.1	58400000	58500000	2.0
NW_024609846.1	58500000	58600000	4.0
NW_024609846.1	58600000	58700000	3.0
NW_024609846.1	58700000	58800000	3.0
NW_024609846.1	58800000	58900000	3.0
NW_024609846.1	59000000	59100000	1.0
NW_024609846.1	59100000	59200000	1.0
NW_024609846.1	59200000	59300000	1.0
NW_024609846.1	59300000	59400000	1.0
NW_024609846.1	59400000	59500000	2.0
NW_024609846.1	59500000	59600000	1.0
NW_024609846.1	59600000	59700000	1.0
NW_024609846.1	59700000	59800000	1.0
NW_024609846.1	59800000	59900000	2.0
NW_024609846.1	60000000	60100000	1.0
NW_024609846.1	60100000	60200000	2.0
NW_024609846.1	60200000	60300000	1.0
NW_024609846.1	60400000	60500000	2.0
NW_024609846.1	60500000	60600000	2.0
NW_024609846.1	60600000	60700000	4.0
NW_024609846.1	60800000	60900000	4.0
NW_024609846.1	61000000	61100000	2.0
NW_024609846.1	61100000	61200000	1.0
NW_024609846.1	61200000	61300000	1.0
NW_024609846.1	61300000	61400000	3.0
NW_024609846.1	61400000	61500000	1.0
NW_024609846.1	61500000	61600000	1.0
NW_024609846.1	61700000	61800000	1.0
NW_024609846.1	62100000	62200000	3.0
NW_024609846.1	62200000	62300000	2.0
NW_024609846.1	62400000	62500000	2.0
NW_024609846.1	62500000	62600000	2.0
NW_024609846.1	62600000	62700000	2.0
NW_024609846.1	62700000	62800000	2.0
NW_024609846.1	62800000	62900000	2.0
NW_024609846.1	62900000	63000000	2.0
NW_024609846.1	63000000	63100000	2.0
NW_024609846.1	63100000	63200000	1.0
NW_024609846.1	63200000	63300000	5.0
NW_024609846.1	63300000	63400000	3.0
NW_024609846.1	63400000	63500000	1.0
NW_024609846.1	63500000	63600000	2.0
NW_024609846.1	63600000	63700000	3.0
NW_024609846.1	63700000	63800000	3.0
NW_024609846.1	63800000	63900000	1.0
NW_024609846.1	63900000	64000000	1.0
NW_024609846.1	64000000	64100000	3.0
NW_024609846.1	64100000	64200000	2.0
NW_024609846.1	64300000	64400000	3.0
NW_024609846.1	64400000	64500000	2.0
NW_024609846.1	64500000	64600000	2.0
NW_024609846.1	64700000	64800000	3.0
NW_024609846.1	64800000	64900000	2.0
NW_024609846.1	65100000	65200000	1.0
NW_024609846.1	65400000	65500000	1.0
NW_024609846.1	65500000	65600000	1.0
NW_024609846.1	65600000	65700000	2.0
NW_024609846.1	65700000	65800000	2.0
NW_024609846.1	65800000	65900000	1.0
NW_024609846.1	65900000	66000000	1.0
NW_024609846.1	66000000	66100000	1.0
NW_024609846.1	66300000	66400000	2.0
NW_024609846.1	66500000	66600000	1.0
NW_024609846.1	66700000	66800000	2.0
NW_024609846.1	66800000	66900000	1.0
NW_024609846.1	66900000	67000000	1.0
NW_024609846.1	67000000	67100000	2.0
NW_024609846.1	67100000	67200000	2.0
NW_024609846.1	67300000	67400000	1.0
NW_024609846.1	67400000	67500000	1.0
NW_024609846.1	67500000	67600000	2.0
NW_024609846.1	67600000	67700000	1.0
NW_024609846.1	67900000	68000000	2.0
NW_024609846.1	68000000	68100000	5.0
NW_024609846.1	68100000	68200000	2.0
NW_024609846.1	68300000	68400000	1.0
NW_024609846.1	68400000	68500000	4.0
NW_024609846.1	68500000	68600000	1.0
NW_024609846.1	68600000	68700000	2.0
NW_024609846.1	68700000	68800000	2.0
NW_024609846.1	68800000	68900000	2.0
NW_024609846.1	68900000	69000000	5.0
NW_024609846.1	69000000	69100000	4.0
NW_024609846.1	69100000	69200000	5.0
NW_024609846.1	69300000	69400000	2.0
NW_024609846.1	69400000	69500000	5.0
NW_024609846.1	69500000	69600000	2.0
NW_024609846.1	69600000	69700000	4.0
NW_024609846.1	70100000	70200000	2.0
NW_024609846.1	70300000	70400000	1.0
NW_024609846.1	70400000	70500000	2.0
NW_024609846.1	70500000	70600000	2.0
NW_024609846.1	70700000	70800000	1.0
NW_024609846.1	71200000	71300000	2.0
NW_024609846.1	71300000	71400000	1.0
NW_024609846.1	71600000	71700000	2.0
NW_024609846.1	71800000	71900000	2.0
NW_024609846.1	71900000	72000000	1.0
NW_024609846.1	72000000	72100000	1.0
NW_024609846.1	72100000	72200000	1.0
NW_024609846.1	72200000	72300000	6.0
NW_024609846.1	72300000	72400000	1.0
NW_024609846.1	72400000	72500000	1.0
NW_024609846.1	72500000	72600000	4.0
NW_024609846.1	72600000	72700000	2.0
NW_024609846.1	72700000	72800000	1.0
NW_024609846.1	72900000	73000000	2.0
NW_024609846.1	73000000	73100000	2.0
NW_024609846.1	73100000	73200000	4.0
NW_024609846.1	73200000	73300000	1.0
NW_024609846.1	73300000	73400000	3.0
NW_024609846.1	73400000	73500000	3.0
NW_024609846.1	73500000	73600000	5.0
NW_024609846.1	73600000	73700000	2.0
NW_024609846.1	73700000	73800000	1.0
NW_024609846.1	73900000	74000000	1.0
NW_024609846.1	74000000	74100000	1.0
NW_024609846.1	74100000	74200000	2.0
NW_024609846.1	74200000	74300000	2.0
NW_024609846.1	74300000	74400000	2.0
NW_024609846.1	74400000	74500000	1.0
NW_024609846.1	74500000	74600000	2.0
NW_024609846.1	74600000	74700000	3.0
NW_024609846.1	74700000	74800000	3.0
NW_024609846.1	74800000	74900000	3.0
NW_024609846.1	74900000	75000000	2.0
NW_024609846.1	75000000	75100000	3.0
NW_024609846.1	75200000	75300000	1.0
NW_024609846.1	75300000	75400000	4.0
NW_024609846.1	75400000	75500000	2.0
NW_024609846.1	75500000	75600000	5.0
NW_024609846.1	75600000	75700000	5.0
NW_024609846.1	75700000	75800000	3.0
NW_024609846.1	75800000	75900000	2.0
NW_024609846.1	75900000	76000000	1.0
NW_024609846.1	76000000	76100000	1.0
NW_024609846.1	76100000	76200000	3.0
NW_024609846.1	76200000	76300000	1.0
NW_024609846.1	76300000	76400000	1.0
NW_024609846.1	76400000	76500000	4.0
NW_024609846.1	76500000	76600000	5.0
NW_024609846.1	76600000	76700000	3.0
NW_024609846.1	76700000	76800000	1.0
NW_024609846.1	76800000	76900000	3.0
NW_024609846.1	76900000	77000000	2.0
NW_024609846.1	77000000	77100000	1.0
NW_024609846.1	77500000	77600000	1.0
NW_024609846.1	77600000	77700000	1.0
NW_024609846.1	77700000	77800000	1.0
NW_024609846.1	77800000	77900000	1.0
NW_024609846.1	77900000	78000000	2.0
NW_024609846.1	78000000	78100000	2.0
NW_024609846.1	78100000	78200000	1.0
NW_024609846.1	78200000	78300000	2.0
NW_024609846.1	78300000	78400000	4.0
NW_024609846.1	78400000	78500000	2.0
NW_024609846.1	78500000	78600000	4.0
NW_024609846.1	78600000	78700000	1.0
NW_024609846.1	78900000	79000000	3.0
NW_024609846.1	79000000	79100000	1.0
NW_024609846.1	79100000	79200000	2.0
NW_024609846.1	79200000	79300000	1.0
NW_024609846.1	79300000	79400000	1.0
NW_024609846.1	79400000	79500000	3.0
NW_024609846.1	79500000	79600000	1.0
NW_024609846.1	79600000	79700000	3.0
NW_024609846.1	79700000	79800000	1.0
NW_024609846.1	79800000	79900000	2.0
NW_024609846.1	79900000	80000000	1.0
NW_024609846.1	80000000	80100000	2.0
NW_024609846.1	80100000	80200000	3.0
NW_024609846.1	80200000	80300000	1.0
NW_024609846.1	80400000	80500000	2.0
NW_024609846.1	80700000	80800000	3.0
NW_024609846.1	80800000	80900000	5.0
NW_024609846.1	80900000	81000000	2.0
NW_024609846.1	81100000	81200000	3.0
NW_024609846.1	81200000	81300000	1.0
NW_024609846.1	81300000	81400000	3.0
NW_024609846.1	81400000	81500000	5.0
NW_024609846.1	81500000	81600000	3.0
NW_024609846.1	81600000	81700000	4.0
NW_024609846.1	81700000	81800000	2.0
NW_024609846.1	81800000	81900000	3.0
NW_024609846.1	81900000	82000000	4.0
NW_024609846.1	82000000	82100000	3.0
NW_024609846.1	82100000	82200000	1.0
NW_024609846.1	82200000	82300000	1.0
NW_024609846.1	82300000	82400000	2.0
NW_024609846.1	82500000	82600000	2.0
NW_024609846.1	82600000	82700000	1.0
NW_024609846.1	82700000	82800000	1.0
NW_024609846.1	82800000	82900000	1.0
NW_024609846.1	82900000	83000000	1.0
NW_024609846.1	83000000	83100000	4.0
NW_024609846.1	83100000	83200000	1.0
NW_024609846.1	83200000	83300000	2.0
NW_024609846.1	83300000	83400000	3.0
NW_024609846.1	83400000	83500000	1.0
NW_024609846.1	83800000	83900000	1.0
NW_024609846.1	84100000	84200000	1.0
NW_024609846.1	84200000	84300000	1.0
NW_024609846.1	84400000	84500000	3.0
NW_024609846.1	84500000	84600000	1.0
NW_024609846.1	84600000	84700000	4.0
NW_024609846.1	84700000	84800000	3.0
NW_024609846.1	84800000	84900000	2.0
NW_024609846.1	84900000	85000000	6.0
NW_024609846.1	85000000	85100000	2.0
NW_024609846.1	85100000	85200000	2.0
NW_024609846.1	85200000	85300000	2.0
NW_024609846.1	85300000	85400000	2.0
NW_024609846.1	85400000	85500000	2.0
NW_024609846.1	85500000	85600000	1.0
NW_024609846.1	85600000	85700000	2.0
NW_024609846.1	85700000	85800000	1.0
NW_024609846.1	85800000	85900000	2.0
NW_024609846.1	85900000	86000000	1.0
NW_024609846.1	86000000	86100000	2.0
NW_024609846.1	86100000	86200000	1.0
NW_024609846.1	86200000	86300000	1.0
NW_024609846.1	86300000	86400000	4.0
NW_024609846.1	86400000	86500000	1.0
NW_024609846.1	86600000	86700000	2.0
NW_024609846.1	86700000	86800000	1.0
NW_024609846.1	86800000	86900000	2.0
NW_024609846.1	86900000	87000000	1.0
NW_024609846.1	87000000	87100000	4.0
NW_024609846.1	87100000	87200000	5.0
NW_024609846.1	87200000	87300000	1.0
NW_024609846.1	87600000	87700000	1.0
NW_024609846.1	87700000	87800000	1.0
NW_024609846.1	87800000	87900000	3.0
NW_024609846.1	87900000	88000000	1.0
NW_024609846.1	88200000	88300000	1.0
NW_024609846.1	88600000	88700000	1.0
NW_024609846.1	88700000	88800000	2.0
NW_024609846.1	88800000	88900000	2.0
NW_024609846.1	88900000	89000000	1.0
NW_024609846.1	89100000	89200000	3.0
NW_024609846.1	89200000	89300000	1.0
NW_024609846.1	89300000	89400000	3.0
NW_024609846.1	89400000	89500000	1.0
NW_024609846.1	89500000	89600000	1.0
NW_024609846.1	89600000	89700000	1.0
NW_024609846.1	89700000	89800000	1.0
NW_024609846.1	89800000	89900000	1.0
NW_024609846.1	89900000	90000000	1.0
NW_024609846.1	90100000	90200000	1.0
NW_024609846.1	90500000	90600000	1.0
NW_024609846.1	90600000	90700000	2.0
NW_024609846.1	90700000	90800000	1.0
NW_024609846.1	90800000	90900000	1.0
NW_024609846.1	90900000	91000000	1.0
NW_024609846.1	91000000	91100000	3.0
NW_024609846.1	91100000	91200000	1.0
NW_024609846.1	91300000	91400000	1.0
NW_024609846.1	91400000	91500000	1.0
NW_024609846.1	91600000	91700000	1.0
NW_024609846.1	91700000	91800000	2.0
NW_024609846.1	92100000	92200000	1.0
NW_024609846.1	92200000	92300000	1.0
NW_024609846.1	92300000	92400000	1.0
NW_024609846.1	92400000	92500000	5.0
NW_024609846.1	92500000	92600000	6.0
NW_024609846.1	92600000	92700000	1.0
NW_024609846.1	92700000	92800000	2.0
NW_024609846.1	92800000	92900000	2.0
NW_024609846.1	92900000	93000000	1.0
NW_024609846.1	93000000	93100000	2.0
NW_024609846.1	93100000	93200000	1.0
NW_024609846.1	93400000	93500000	1.0
NW_024609846.1	93700000	93800000	1.0
NW_024609846.1	93800000	93900000	2.0
NW_024609846.1	93900000	94000000	1.0
NW_024609846.1	94000000	94100000	1.0
NW_024609846.1	94100000	94200000	1.0
NW_024609846.1	94300000	94400000	1.0
NW_024609846.1	94400000	94500000	1.0
NW_024609846.1	94500000	94600000	1.0
NW_024609846.1	94600000	94700000	1.0
NW_024609846.1	94700000	94800000	1.0
NW_024609846.1	94800000	94900000	3.0
NW_024609846.1	94900000	95000000	2.0
NW_024609846.1	95000000	95100000	1.0
NW_024609846.1	95100000	95200000	3.0
NW_024609846.1	95200000	95300000	1.0
NW_024609846.1	95300000	95400000	1.0
NW_024609846.1	95400000	95500000	1.0
NW_024609846.1	95500000	95600000	1.0
NW_024609846.1	95600000	95700000	3.0
NW_024609846.1	95700000	95800000	1.0
NW_024609846.1	95800000	95900000	1.0
NW_024609846.1	95900000	96000000	3.0
NW_024609846.1	96000000	96100000	1.0
NW_024609846.1	96100000	96200000	3.0
NW_024609846.1	96200000	96300000	3.0
NW_024609846.1	96300000	96400000	4.0
NW_024609846.1	96400000	96500000	1.0
NW_024609846.1	96500000	96600000	3.0
NW_024609846.1	96600000	96700000	1.0
NW_024609846.1	96700000	96800000	2.0
NW_024609846.1	96800000	96900000	2.0
NW_024609846.1	96900000	97000000	1.0
NW_024609846.1	97100000	97200000	1.0
NW_024609846.1	97400000	97500000	1.0
NW_024609846.1	97900000	98000000	1.0
NW_024609846.1	98000000	98100000	2.0
NW_024609846.1	98100000	98200000	1.0
NW_024609846.1	98200000	98300000	1.0
NW_024609846.1	98300000	98400000	3.0
NW_024609846.1	98400000	98500000	3.0
NW_024609846.1	98500000	98600000	2.0
NW_024609846.1	98600000	98700000	2.0
NW_024609846.1	98700000	98800000	1.0
NW_024609846.1	98800000	98900000	1.0
NW_024609846.1	98900000	99000000	3.0
NW_024609846.1	99000000	99100000	6.0
NW_024609846.1	99100000	99200000	1.0
NW_024609846.1	99200000	99300000	2.0
NW_024609846.1	99300000	99400000	3.0
NW_024609846.1	99400000	99500000	3.0
NW_024609846.1	99500000	99600000	3.0
NW_024609846.1	99700000	99800000	2.0
NW_024609846.1	100000000	100100000	1.0
NW_024609846.1	100100000	100200000	1.0
NW_024609846.1	100300000	100400000	4.0
NW_024609846.1	100400000	100500000	3.0
NW_024609846.1	100500000	100600000	1.0
NW_024609846.1	100700000	100800000	2.0
NW_024609846.1	100800000	100900000	3.0
NW_024609846.1	100900000	101000000	3.0
NW_024609846.1	101000000	101100000	2.0
NW_024609846.1	101300000	101400000	1.0
NW_024609846.1	101500000	101600000	1.0
NW_024609846.1	101900000	102000000	1.0
NW_024609846.1	102200000	102300000	2.0
NW_024609846.1	102300000	102400000	2.0
NW_024609846.1	102400000	102500000	2.0
NW_024609846.1	102500000	102600000	2.0
NW_024609846.1	102600000	102700000	3.0
NW_024609846.1	102700000	102800000	2.0
NW_024609846.1	102800000	102900000	1.0
NW_024609846.1	102900000	103000000	1.0
NW_024609846.1	103300000	103400000	1.0
NW_024609846.1	103600000	103700000	2.0
NW_024609846.1	103700000	103800000	2.0
NW_024609846.1	103800000	103900000	4.0
NW_024609846.1	103900000	104000000	3.0
NW_024609846.1	104000000	104100000	4.0
NW_024609846.1	104100000	104200000	2.0
NW_024609846.1	104300000	104400000	1.0
NW_024609846.1	104500000	104600000	3.0
NW_024609846.1	104600000	104700000	5.0
NW_024609846.1	104700000	104800000	1.0
NW_024609846.1	104800000	104900000	1.0
NW_024609846.1	105200000	105300000	1.0
NW_024609846.1	105300000	105400000	4.0
NW_024609846.1	105400000	105500000	2.0
NW_024609846.1	105600000	105700000	3.0
NW_024609846.1	105700000	105800000	1.0
NW_024609846.1	105800000	105900000	2.0
NW_024609846.1	105900000	106000000	2.0
NW_024609846.1	106000000	106100000	2.0
NW_024609846.1	106100000	106200000	3.0
NW_024609846.1	106300000	106400000	2.0
NW_024609846.1	106400000	106500000	3.0
NW_024609846.1	106600000	106700000	2.0
NW_024609846.1	106800000	106900000	1.0
NW_024609846.1	107000000	107100000	1.0
NW_024609846.1	107200000	107300000	2.0
NW_024609846.1	107600000	107700000	1.0
NW_024609846.1	107900000	108000000	1.0
NW_024609846.1	108000000	108100000	1.0
NW_024609846.1	108500000	108600000	1.0
NW_024609846.1	108600000	108700000	1.0
NW_024609846.1	109000000	109100000	1.0
NW_024609846.1	109200000	109300000	4.0
NW_024609846.1	109300000	109400000	1.0
NW_024609846.1	109400000	109500000	1.0
NW_024609846.1	109500000	109600000	2.0
NW_024609846.1	109700000	109800000	1.0
NW_024609846.1	109900000	110000000	1.0
NW_024609846.1	110100000	110200000	1.0
NW_024609846.1	110200000	110300000	3.0
NW_024609846.1	110300000	110400000	1.0
NW_024609846.1	110500000	110600000	1.0
NW_024609846.1	110700000	110800000	1.0
NW_024609846.1	110800000	110900000	1.0
NW_024609846.1	110900000	111000000	3.0
NW_024609846.1	111000000	111100000	4.0
NW_024609846.1	111100000	111200000	3.0
NW_024609846.1	111200000	111300000	1.0
NW_024609846.1	111300000	111400000	1.0
NW_024609846.1	111900000	112000000	1.0
NW_024609846.1	112300000	112400000	1.0
NW_024609846.1	112400000	112500000	3.0
NW_024609846.1	112500000	112600000	2.0
NW_024609846.1	112600000	112700000	1.0
NW_024609846.1	112800000	112900000	1.0
NW_024609846.1	112900000	113000000	1.0
NW_024609846.1	113100000	113200000	1.0
NW_024609846.1	113300000	113400000	2.0
NW_024609846.1	113400000	113500000	3.0
NW_024609846.1	113700000	113800000	1.0
NW_024609846.1	114100000	114200000	2.0
NW_024609846.1	114200000	114300000	5.0
NW_024609846.1	114300000	114400000	3.0
NW_024609846.1	114800000	114900000	1.0
NW_024609846.1	115300000	115400000	1.0
NW_024609846.1	115400000	115500000	2.0
NW_024609846.1	115500000	115600000	1.0
NW_024609846.1	115600000	115700000	1.0
NW_024609846.1	115900000	116000000	1.0
NW_024609846.1	116000000	116100000	1.0
NW_024609846.1	116100000	116200000	1.0
NW_024609846.1	116300000	116400000	2.0
NW_024609846.1	116600000	116700000	1.0
NW_024609846.1	116700000	116800000	2.0
NW_024609846.1	116800000	116900000	1.0
NW_024609846.1	116900000	117000000	3.0
NW_024609846.1	117000000	117100000	1.0
NW_024609846.1	117100000	117200000	2.0
NW_024609846.1	117200000	117300000	3.0
NW_024609846.1	117300000	117400000	1.0
NW_024609846.1	117400000	117500000	1.0
NW_024609846.1	117500000	117600000	1.0
NW_024609846.1	117600000	117700000	2.0
NW_024609846.1	117700000	117800000	1.0
NW_024609846.1	117800000	117900000	1.0
NW_024609846.1	117900000	118000000	2.0
NW_024609846.1	118000000	118100000	4.0
NW_024609846.1	118100000	118200000	3.0
NW_024609846.1	118200000	118300000	1.0
NW_024609846.1	118300000	118400000	1.0
NW_024609846.1	118400000	118500000	2.0
NW_024609846.1	118500000	118600000	2.0
NW_024609846.1	118600000	118700000	1.0
NW_024609846.1	118700000	118800000	2.0
NW_024609846.1	118900000	119000000	3.0
NW_024609846.1	119000000	119100000	5.0
NW_024609846.1	119500000	119600000	4.0
NW_024609846.1	119600000	119700000	1.0
NW_024609846.1	119700000	119800000	2.0
NW_024609846.1	119800000	119900000	1.0
NW_024609846.1	120000000	120100000	2.0
NW_024609846.1	120200000	120300000	2.0
NW_024609846.1	120300000	120400000	2.0
NW_024609846.1	120400000	120500000	3.0
NW_024609846.1	120500000	120600000	2.0
NW_024609846.1	120700000	120800000	1.0
NW_024609846.1	120800000	120900000	1.0
NW_024609846.1	120900000	121000000	2.0
NW_024609846.1	121000000	121100000	1.0
NW_024609846.1	121100000	121200000	1.0
NW_024609846.1	121200000	121300000	1.0
NW_024609846.1	121300000	121400000	1.0
NW_024609846.1	121400000	121500000	2.0
NW_024609846.1	121500000	121600000	1.0
NW_024609846.1	121900000	122000000	2.0
NW_024609846.1	122000000	122100000	1.0
NW_024609846.1	122200000	122300000	1.0
NW_024609846.1	122300000	122400000	1.0
NW_024609846.1	122400000	122500000	1.0
NW_024609846.1	122500000	122600000	1.0
NW_024609846.1	122600000	122700000	2.0
NW_024609846.1	122900000	123000000	2.0
NW_024609846.1	123000000	123100000	2.0
NW_024609846.1	123100000	123200000	2.0
NW_024609846.1	123200000	123300000	2.0
NW_024609846.1	123300000	123400000	2.0
NW_024609846.1	123400000	123500000	2.0
NW_024609846.1	123500000	123600000	1.0
NW_024609846.1	123600000	123700000	2.0
NW_024609846.1	123700000	123800000	3.0
NW_024609846.1	123800000	123900000	1.0
NW_024609846.1	123900000	124000000	3.0
NW_024609846.1	124000000	124100000	1.0
NW_024609846.1	124100000	124200000	2.0
NW_024609846.1	124200000	124300000	1.0
NW_024609846.1	124400000	124500000	3.0
NW_024609846.1	124500000	124600000	3.0
NW_024609846.1	124600000	124700000	2.0
NW_024609846.1	124700000	124800000	1.0
NW_024609846.1	124800000	124900000	1.0
NW_024609846.1	124900000	125000000	1.0
NW_024609846.1	125000000	125100000	1.0
NW_024609846.1	125100000	125200000	2.0
NW_024609846.1	125300000	125400000	1.0
NW_024609846.1	125600000	125700000	3.0
NW_024609846.1	125700000	125800000	3.0
NW_024609846.1	125800000	125900000	4.0
NW_024609846.1	125900000	126000000	1.0
NW_024609846.1	126300000	126400000	1.0
NW_024609846.1	126400000	126500000	2.0
NW_024609846.1	126500000	126600000	2.0
NW_024609846.1	126800000	126900000	1.0
NW_024609846.1	126900000	127000000	1.0
NW_024609846.1	127000000	127100000	2.0
NW_024609846.1	127100000	127200000	2.0
NW_024609846.1	127200000	127300000	1.0
NW_024609846.1	127300000	127400000	3.0
NW_024609846.1	127400000	127500000	3.0
NW_024609846.1	127500000	127600000	4.0
NW_024609846.1	127600000	127700000	3.0
NW_024609846.1	127700000	127800000	2.0
NW_024609846.1	127800000	127900000	1.0
NW_024609846.1	128000000	128100000	2.0
NW_024609846.1	128100000	128200000	2.0
NW_024609846.1	128200000	128300000	4.0
NW_024609846.1	128300000	128400000	1.0
NW_024609846.1	128400000	128500000	3.0
NW_024609846.1	128500000	128600000	3.0
NW_024609846.1	129000000	129100000	2.0
NW_024609846.1	129100000	129200000	1.0
NW_024609846.1	129200000	129300000	1.0
NW_024609846.1	129300000	129400000	3.0
NW_024609846.1	129400000	129500000	2.0
NW_024609846.1	129500000	129600000	3.0
NW_024609846.1	129600000	129700000	1.0
NW_024609846.1	129700000	129800000	2.0
NW_024609846.1	130000000	130100000	2.0
NW_024609846.1	130100000	130200000	2.0
NW_024609846.1	130200000	130300000	1.0
NW_024609846.1	130400000	130500000	2.0
NW_024609846.1	130500000	130600000	1.0
NW_024609846.1	130600000	130700000	4.0
NW_024609846.1	130800000	130900000	1.0
NW_024609846.1	130900000	131000000	1.0
NW_024609846.1	131000000	131100000	1.0
NW_024609846.1	131100000	131200000	1.0
NW_024609846.1	131300000	131400000	1.0
NW_024609846.1	131400000	131500000	3.0
NW_024609846.1	131500000	131600000	1.0
NW_024609846.1	131600000	131700000	2.0
NW_024609846.1	131800000	131900000	1.0
NW_024609846.1	131900000	132000000	1.0
NW_024609846.1	132100000	132200000	1.0
NW_024609846.1	132200000	132300000	1.0
NW_024609846.1	132400000	132500000	1.0
NW_024609846.1	132700000	132800000	1.0
NW_024609846.1	132800000	132900000	1.0
NW_024609846.1	132900000	133000000	1.0
NW_024609846.1	133200000	133300000	1.0
NW_024609846.1	133300000	133400000	3.0
NW_024609846.1	133400000	133500000	3.0
NW_024609846.1	133500000	133600000	1.0
NW_024609846.1	133600000	133700000	1.0
NW_024609846.1	134100000	134200000	2.0
NW_024609846.1	134200000	134300000	5.0
NW_024609846.1	134300000	134400000	3.0
NW_024609846.1	134400000	134500000	1.0
NW_024609846.1	134500000	134600000	3.0
NW_024609846.1	134600000	134700000	1.0
NW_024609846.1	134700000	134800000	1.0
NW_024609846.1	134800000	134900000	1.0
NW_024609846.1	135300000	135400000	2.0
NW_024609846.1	135400000	135500000	1.0
NW_024609846.1	135500000	135600000	1.0
NW_024609846.1	135600000	135700000	2.0
NW_024609846.1	135700000	135800000	3.0
NW_024609846.1	135900000	136000000	1.0
NW_024609846.1	136000000	136100000	1.0
NW_024609846.1	136200000	136300000	1.0
NW_024609846.1	136300000	136400000	1.0
NW_024609846.1	136400000	136500000	1.0
NW_024609846.1	136500000	136600000	1.0
NW_024609846.1	137300000	137400000	2.0
NW_024609846.1	137400000	137500000	2.0
NW_024609846.1	137500000	137600000	2.0
NW_024609846.1	137600000	137700000	1.0
NW_024609846.1	137700000	137800000	2.0
NW_024609846.1	137800000	137900000	1.0
NW_024609846.1	137900000	138000000	1.0
NW_024609846.1	138000000	138100000	1.0
NW_024609846.1	138100000	138200000	1.0
NW_024609846.1	138700000	138800000	1.0
NW_024609846.1	139100000	139200000	1.0
NW_024609846.1	139200000	139300000	1.0
NW_024609846.1	139300000	139400000	2.0
NW_024609846.1	139400000	139500000	1.0
NW_024609846.1	139500000	139600000	2.0
NW_024609846.1	139600000	139700000	1.0
NW_024609846.1	139800000	139900000	4.0
NW_024609846.1	140000000	140100000	1.0
NW_024609846.1	140400000	140500000	1.0
NW_024609846.1	140500000	140600000	1.0
NW_024609846.1	140600000	140700000	1.0
NW_024609846.1	141100000	141200000	1.0
NW_024609846.1	141200000	141300000	2.0
NW_024609846.1	141300000	141400000	1.0
NW_024609846.1	141400000	141500000	3.0
NW_024609846.1	141500000	141600000	2.0
NW_024609846.1	141700000	141800000	1.0
NW_024609846.1	141800000	141900000	2.0
NW_024609846.1	141900000	142000000	3.0
NW_024609846.1	142000000	142100000	2.0
NW_024609846.1	142100000	142200000	2.0
NW_024609846.1	142200000	142300000	1.0
NW_024609846.1	142400000	142500000	3.0
NW_024609846.1	142500000	142600000	3.0
NW_024609846.1	142600000	142700000	1.0
NW_024609846.1	142700000	142800000	2.0
NW_024609846.1	142800000	142900000	2.0
NW_024609846.1	142900000	143000000	3.0
NW_024609846.1	143000000	143100000	2.0
NW_024609846.1	143100000	143200000	1.0
NW_024609846.1	143200000	143300000	1.0
NW_024609846.1	143300000	143400000	1.0
NW_024609846.1	143500000	143600000	1.0
NW_024609846.1	143600000	143700000	1.0
NW_024609846.1	143800000	143900000	1.0
NW_024609846.1	144100000	144200000	1.0
NW_024609846.1	144200000	144300000	1.0
NW_024609846.1	144400000	144500000	3.0
NW_024609846.1	144500000	144600000	1.0
NW_024609846.1	144600000	144700000	3.0
NW_024609846.1	144700000	144800000	3.0
NW_024609846.1	144800000	144900000	1.0
NW_024609846.1	144900000	145000000	2.0
NW_024609846.1	145000000	145100000	4.0
NW_024609846.1	145100000	145200000	5.0
NW_024609846.1	145200000	145300000	3.0
NW_024609846.1	145300000	145400000	1.0
NW_024609846.1	145400000	145500000	5.0
NW_024609846.1	145600000	145700000	1.0
NW_024609846.1	145700000	145800000	2.0
NW_024609846.1	145800000	145900000	1.0
NW_024609846.1	145900000	146000000	1.0
NW_024609846.1	146000000	146100000	1.0
NW_024609846.1	146100000	146200000	1.0
NW_024609846.1	146400000	146500000	2.0
NW_024609846.1	146500000	146600000	5.0
NW_024609846.1	146600000	146700000	1.0
NW_024609846.1	146700000	146800000	1.0
NW_024609846.1	146900000	147000000	1.0
NW_024609846.1	147000000	147100000	1.0
NW_024609846.1	147200000	147300000	1.0
NW_024609846.1	147400000	147500000	1.0
NW_024609846.1	147500000	147600000	1.0
NW_024609846.1	147700000	147800000	1.0
NW_024609846.1	147800000	147900000	1.0
NW_024609846.1	148100000	148200000	2.0
NW_024609846.1	148300000	148400000	1.0
NW_024609846.1	148400000	148500000	1.0
NW_024609846.1	148500000	148600000	1.0
NW_024609846.1	148600000	148700000	2.0
NW_024609846.1	148700000	148800000	1.0
NW_024609846.1	148800000	148900000	3.0
NW_024609846.1	149000000	149100000	1.0
NW_024609846.1	149100000	149200000	1.0
NW_024609846.1	149200000	149300000	1.0
NW_024609846.1	149300000	149400000	1.0
NW_024609846.1	149700000	149800000	3.0
NW_024609846.1	149900000	150000000	1.0
NW_024609846.1	150000000	150100000	1.0
NW_024609846.1	150100000	150200000	1.0
NW_024609846.1	150300000	150400000	1.0
NW_024609846.1	150400000	150500000	1.0
NW_024609846.1	150600000	150700000	1.0
NW_024609846.1	150900000	151000000	1.0
NW_024609846.1	151200000	151300000	1.0
NW_024609846.1	151400000	151500000	1.0
NW_024609846.1	151600000	151700000	1.0
NW_024609846.1	151700000	151800000	1.0
NW_024609846.1	151900000	152000000	3.0
NW_024609846.1	152000000	152100000	1.0
NW_024609846.1	152100000	152200000	3.0
NW_024609846.1	152200000	152300000	1.0
NW_024609846.1	152300000	152400000	1.0
NW_024609846.1	152400000	152500000	3.0
NW_024609846.1	152500000	152600000	2.0
NW_024609846.1	152900000	153000000	1.0
NW_024609846.1	153100000	153200000	2.0
NW_024609846.1	153200000	153300000	3.0
NW_024609846.1	153300000	153400000	1.0
NW_024609846.1	153400000	153500000	2.0
NW_024609846.1	153800000	153900000	1.0
NW_024609846.1	153900000	154000000	1.0
NW_024609846.1	154100000	154200000	2.0
NW_024609846.1	154300000	154400000	2.0
NW_024609846.1	154700000	154800000	2.0
NW_024609846.1	154900000	155000000	3.0
NW_024609846.1	155000000	155100000	1.0
NW_024609846.1	155100000	155200000	1.0
NW_024609846.1	155300000	155400000	1.0
NW_024609846.1	155600000	155700000	2.0
NW_024609846.1	155700000	155800000	1.0
NW_024609846.1	155800000	155900000	1.0
NW_024609846.1	155900000	156000000	2.0
NW_024609846.1	156000000	156100000	1.0
NW_024609846.1	156200000	156300000	2.0
NW_024609846.1	156300000	156400000	3.0
NW_024609846.1	156400000	156500000	3.0
NW_024609846.1	156800000	156900000	1.0
NW_024609846.1	157300000	157400000	1.0
NW_024609846.1	157500000	157600000	1.0
NW_024609846.1	157800000	157900000	2.0
NW_024609846.1	157900000	158000000	1.0
NW_024609846.1	158000000	158100000	3.0
NW_024609846.1	158100000	158200000	3.0
NW_024609846.1	158200000	158300000	5.0
NW_024609846.1	158300000	158400000	2.0
NW_024609846.1	158400000	158500000	1.0
NW_024609846.1	158600000	158700000	2.0
NW_024609846.1	158700000	158800000	2.0
NW_024609846.1	158900000	159000000	1.0
NW_024609846.1	159000000	159100000	3.0
NW_024609846.1	159100000	159200000	1.0
NW_024609846.1	159300000	159400000	1.0
NW_024609846.1	159500000	159600000	1.0
NW_024609846.1	159800000	159900000	1.0
NW_024609846.1	160100000	160200000	2.0
NW_024609846.1	160200000	160300000	1.0
NW_024609846.1	160300000	160400000	1.0
NW_024609846.1	160400000	160500000	1.0
NW_024609846.1	160500000	160600000	1.0
NW_024609846.1	160600000	160700000	1.0
NW_024609846.1	160700000	160800000	3.0
NW_024609846.1	161000000	161100000	1.0
NW_024609846.1	161200000	161300000	1.0
NW_024609846.1	161400000	161500000	2.0
NW_024609846.1	161600000	161700000	1.0
NW_024609846.1	162400000	162500000	1.0
NW_024609846.1	162900000	163000000	2.0
NW_024609846.1	163500000	163600000	1.0
NW_024609846.1	163700000	163800000	2.0
NW_024609846.1	163800000	163900000	1.0
NW_024609846.1	164100000	164200000	1.0
NW_024609846.1	164600000	164700000	1.0
NW_024609846.1	164800000	164900000	1.0
NW_024609846.1	165000000	165100000	2.0
NW_024609846.1	165100000	165200000	3.0
NW_024609846.1	165200000	165300000	1.0
NW_024609846.1	165300000	165400000	2.0
NW_024609846.1	165400000	165500000	2.0
NW_024609846.1	165500000	165600000	1.0
NW_024609846.1	165600000	165700000	2.0
NW_024609846.1	165700000	165800000	1.0
NW_024609846.1	165800000	165900000	2.0
NW_024609846.1	165900000	166000000	2.0
NW_024609846.1	166000000	166100000	3.0
NW_024609846.1	166100000	166200000	1.0
NW_024609846.1	166400000	166500000	1.0
NW_024609846.1	166500000	166600000	1.0
NW_024609846.1	166600000	166700000	1.0
NW_024609846.1	166700000	166800000	1.0
NW_024609846.1	167000000	167100000	1.0
NW_024609846.1	167100000	167200000	3.0
NW_024609846.1	167400000	167500000	2.0
NW_024609846.1	167700000	167800000	1.0
NW_024609846.1	167800000	167900000	1.0
NW_024609846.1	167900000	168000000	1.0
NW_024609846.1	168200000	168300000	1.0
NW_024609846.1	168700000	168800000	1.0
NW_024609846.1	168800000	168900000	1.0
NW_024609846.1	169200000	169300000	1.0
NW_024609846.1	169300000	169400000	1.0
NW_024609846.1	169900000	170000000	2.0
NW_024609846.1	170000000	170100000	1.0
NW_024609846.1	170200000	170300000	1.0
NW_024609846.1	170300000	170400000	1.0
NW_024609846.1	170400000	170500000	3.0
NW_024609846.1	170800000	170900000	1.0
NW_024609846.1	171200000	171300000	1.0
NW_024609846.1	171400000	171500000	3.0
NW_024609846.1	171500000	171600000	2.0
NW_024609846.1	171600000	171700000	1.0
NW_024609846.1	171700000	171800000	1.0
NW_024609846.1	171800000	171900000	2.0
NW_024609846.1	171900000	172000000	3.0
NW_024609846.1	172000000	172100000	2.0
NW_024609846.1	172100000	172200000	2.0
NW_024609846.1	172200000	172300000	2.0
NW_024609846.1	172300000	172400000	2.0
NW_024609846.1	172400000	172500000	1.0
NW_024609846.1	172500000	172600000	1.0
NW_024609846.1	172600000	172700000	1.0
NW_024609846.1	172700000	172800000	2.0
NW_024609846.1	172800000	172900000	2.0
NW_024609846.1	172900000	173000000	1.0
NW_024609846.1	173000000	173100000	1.0
NW_024609846.1	173100000	173200000	1.0
NW_024609846.1	173200000	173300000	2.0
NW_024609846.1	173300000	173400000	1.0
NW_024609846.1	173500000	173600000	1.0
NW_024609846.1	173600000	173700000	1.0
NW_024609846.1	173900000	174000000	3.0
NW_024609846.1	174100000	174200000	4.0
NW_024609846.1	174200000	174300000	1.0
NW_024609846.1	174300000	174400000	1.0
NW_024609846.1	174400000	174500000	1.0
NW_024609846.1	174600000	174700000	3.0
NW_024609846.1	174700000	174800000	1.0
NW_024609846.1	174800000	174900000	5.0
NW_024609846.1	174900000	175000000	2.0
NW_024609846.1	175000000	175100000	2.0
NW_024609846.1	175100000	175200000	2.0
NW_024609846.1	175400000	175500000	2.0
NW_024609846.1	175500000	175600000	2.0
NW_024609846.1	175800000	175900000	1.0
NW_024609846.1	176000000	176100000	3.0
NW_024609846.1	176400000	176500000	1.0
NW_024609846.1	176800000	176900000	1.0
NW_024609846.1	177100000	177200000	1.0
NW_024609846.1	177200000	177300000	2.0
NW_024609846.1	177300000	177400000	2.0
NW_024609846.1	177500000	177600000	1.0
NW_024609846.1	178700000	178800000	2.0
NW_024609846.1	179000000	179100000	2.0
NW_024609846.1	179300000	179400000	1.0
NW_024609846.1	179500000	179600000	3.0
NW_024609846.1	179600000	179700000	1.0
NW_024609846.1	180200000	180300000	2.0
NW_024609846.1	180400000	180500000	1.0
NW_024609846.1	180700000	180800000	1.0
NW_024609846.1	180900000	181000000	2.0
NW_024609846.1	181100000	181200000	1.0
NW_024609846.1	181200000	181300000	1.0
NW_024609846.1	181300000	181400000	3.0
NW_024609846.1	181400000	181500000	1.0
NW_024609846.1	181500000	181600000	1.0
NW_024609846.1	181600000	181700000	1.0
NW_024609846.1	181800000	181900000	1.0
NW_024609846.1	182500000	182600000	1.0
NW_024609846.1	182600000	182700000	2.0
NW_024609846.1	182700000	182800000	1.0
NW_024609846.1	182800000	182900000	1.0
NW_024609846.1	183400000	183500000	3.0
NW_024609846.1	183500000	183600000	1.0
NW_024609846.1	183700000	183800000	1.0
NW_024609846.1	184100000	184200000	1.0
NW_024609846.1	184500000	184600000	1.0
NW_024609846.1	184700000	184800000	2.0
NW_024609846.1	185000000	185100000	2.0
NW_024609846.1	185700000	185800000	2.0
NW_024609846.1	185800000	185900000	1.0
NW_024609846.1	185900000	186000000	4.0
NW_024609846.1	186200000	186300000	1.0
NW_024609846.1	186300000	186400000	1.0
NW_024609846.1	186400000	186500000	1.0
NW_024609846.1	186500000	186600000	1.0
NW_024609846.1	186600000	186700000	1.0
NW_024609846.1	186900000	187000000	1.0
NW_024609846.1	187400000	187500000	1.0
NW_024609846.1	188400000	188500000	2.0
NW_024609846.1	189000000	189100000	2.0
NW_024609846.1	189600000	189700000	1.0
NW_024609846.1	189700000	189800000	1.0
NW_024609846.1	189800000	189900000	1.0
NW_024609846.1	189900000	190000000	3.0
NW_024609846.1	190000000	190100000	1.0
NW_024609846.1	190200000	190300000	2.0
NW_024609846.1	190400000	190500000	1.0
NW_024609846.1	190500000	190600000	1.0
NW_024609846.1	190700000	190800000	1.0
NW_024609846.1	190900000	191000000	1.0
NW_024609846.1	191100000	191200000	2.0
NW_024609846.1	191500000	191600000	2.0
NW_024609846.1	191700000	191800000	4.0
NW_024609846.1	191800000	191900000	2.0
NW_024609846.1	191900000	192000000	3.0
NW_024609846.1	192100000	192200000	1.0
NW_024609846.1	192300000	192400000	1.0
NW_024609846.1	192400000	192500000	2.0
NW_024609846.1	192500000	192600000	1.0
NW_024609846.1	192600000	192700000	1.0
NW_024609846.1	192700000	192800000	2.0
NW_024609846.1	192800000	192900000	2.0
NW_024609846.1	193000000	193100000	1.0
NW_024609846.1	193100000	193200000	2.0
NW_024609846.1	193200000	193300000	3.0
NW_024609846.1	193300000	193400000	1.0
NW_024609846.1	193400000	193500000	2.0
NW_024609846.1	193500000	193600000	1.0
NW_024609846.1	193600000	193700000	1.0
NW_024609846.1	193700000	193800000	1.0
NW_024609846.1	193800000	193900000	1.0
NW_024609846.1	193900000	194000000	1.0
NW_024609846.1	194000000	194100000	3.0
NW_024609846.1	194200000	194300000	1.0
NW_024609846.1	194300000	194400000	2.0
NW_024609846.1	194400000	194500000	1.0
NW_024609846.1	194500000	194600000	3.0
NW_024609846.1	194600000	194700000	4.0
NW_024609846.1	194800000	194900000	2.0
NW_024609846.1	194900000	195000000	1.0
NW_024609846.1	195000000	195100000	2.0
NW_024609846.1	195200000	195300000	1.0
NW_024609846.1	195300000	195400000	3.0
NW_024609846.1	195500000	195600000	1.0
NW_024609846.1	195600000	195700000	1.0
NW_024609846.1	195700000	195800000	3.0
NW_024609846.1	195800000	195900000	1.0
NW_024609846.1	195900000	196000000	2.0
NW_024609846.1	196000000	196100000	2.0
NW_024609846.1	196100000	196200000	3.0
NW_024609846.1	196200000	196300000	1.0
NW_024609846.1	196300000	196400000	2.0
NW_024609846.1	196400000	196500000	3.0
NW_024609846.1	196500000	196600000	2.0
NW_024609846.1	196700000	196800000	2.0
NW_024609846.1	196800000	196900000	2.0
NW_024609846.1	196900000	197000000	1.0
NW_024609846.1	197100000	197200000	1.0
NW_024609846.1	197700000	197800000	2.0
NW_024609846.1	197800000	197900000	1.0
NW_024609846.1	197900000	198000000	2.0
NW_024609846.1	198100000	198200000	1.0
NW_024609846.1	198200000	198300000	1.0
NW_024609846.1	198400000	198500000	3.0
NW_024609846.1	198500000	198600000	1.0
NW_024609846.1	198600000	198700000	1.0
NW_024609846.1	198700000	198800000	1.0
NW_024609846.1	198800000	198900000	2.0
NW_024609846.1	198900000	199000000	2.0
NW_024609846.1	199000000	199100000	3.0
NW_024609846.1	199100000	199200000	1.0
NW_024609846.1	199200000	199300000	2.0
NW_024609846.1	199400000	199500000	1.0
NW_024609846.1	199500000	199600000	2.0
NW_024609846.1	199600000	199700000	3.0
NW_024609846.1	199700000	199800000	1.0
NW_024609846.1	199800000	199900000	2.0
NW_024609846.1	200000000	200100000	1.0
NW_024609846.1	200100000	200200000	1.0
NW_024609846.1	200200000	200300000	1.0
NW_024609846.1	200400000	200500000	1.0
NW_024609846.1	200600000	200700000	1.0
NW_024609846.1	201000000	201100000	1.0
NW_024609846.1	201300000	201400000	1.0
NW_024609846.1	201500000	201600000	1.0
NW_024609846.1	201600000	201700000	4.0
NW_024609846.1	201800000	201900000	1.0
NW_024609846.1	201900000	202000000	3.0
NW_024609846.1	202000000	202100000	2.0
NW_024609846.1	202100000	202200000	1.0
NW_024609846.1	202600000	202700000	1.0
NW_024609846.1	202700000	202800000	1.0
NW_024609846.1	202800000	202900000	1.0
NW_024609846.1	203100000	203200000	2.0
NW_024609846.1	203200000	203300000	2.0
NW_024609846.1	203300000	203400000	1.0
NW_024609846.1	203400000	203500000	1.0
NW_024609846.1	203600000	203700000	1.0
NW_024609846.1	204500000	204600000	1.0
NW_024609846.1	204600000	204700000	1.0
NW_024609846.1	204800000	204900000	1.0
NW_024609846.1	205000000	205100000	1.0
NW_024609846.1	205200000	205300000	1.0
NW_024609846.1	205300000	205400000	1.0
NW_024609846.1	205700000	205800000	1.0
NW_024609846.1	205900000	206000000	2.0
NW_024609846.1	206000000	206100000	3.0
NW_024609846.1	206100000	206200000	1.0
NW_024609846.1	206300000	206400000	2.0
NW_024609846.1	206500000	206600000	2.0
NW_024609846.1	206600000	206700000	2.0
NW_024609846.1	207000000	207100000	1.0
NW_024609846.1	207400000	207500000	2.0
NW_024609846.1	207600000	207700000	1.0
NW_024609846.1	207700000	207800000	1.0
NW_024609846.1	207800000	207900000	3.0
NW_024609846.1	207900000	208000000	3.0
NW_024609846.1	208000000	208100000	4.0
NW_024609846.1	208100000	208200000	1.0
NW_024609846.1	208200000	208300000	1.0
NW_024609846.1	208300000	208400000	2.0
NW_024609846.1	208400000	208500000	2.0
NW_024609846.1	208700000	208800000	1.0
NW_024609846.1	209300000	209400000	1.0
NW_024609846.1	209500000	209600000	1.0
NW_024609846.1	209600000	209700000	1.0
NW_024609846.1	209800000	209900000	2.0
NW_024609846.1	209900000	210000000	1.0
NW_024609846.1	210000000	210100000	1.0
NW_024609846.1	210300000	210400000	3.0
NW_024609846.1	210400000	210500000	1.0
NW_024609846.1	210500000	210600000	1.0
NW_024609846.1	210700000	210800000	1.0
NW_024609846.1	210900000	211000000	1.0
NW_024609846.1	211700000	211800000	1.0
NW_024609846.1	211800000	211900000	2.0
NW_024609846.1	211900000	212000000	1.0
NW_024609846.1	212100000	212200000	1.0
NW_024609846.1	212200000	212300000	3.0
NW_024609846.1	212400000	212500000	1.0
NW_024609846.1	212500000	212600000	2.0
NW_024609846.1	213200000	213300000	1.0
NW_024609846.1	213500000	213600000	2.0
NW_024609846.1	213700000	213800000	2.0
NW_024609846.1	213800000	213900000	2.0
NW_024609846.1	214000000	214100000	2.0
NW_024609846.1	214600000	214700000	3.0
NW_024609846.1	214800000	214900000	2.0
NW_024609846.1	214900000	215000000	3.0
NW_024609846.1	215100000	215200000	2.0
NW_024609846.1	215200000	215300000	2.0
NW_024609846.1	215300000	215400000	2.0
NW_024609846.1	215700000	215800000	1.0
NW_024609846.1	216100000	216200000	1.0
NW_024609846.1	216400000	216500000	2.0
NW_024609846.1	216200000	216300000	1.0
NW_024609846.1	216500000	216600000	1.0
NW_024609846.1	216600000	216700000	1.0
NW_024609846.1	216700000	216800000	2.0
NW_024609846.1	217100000	217200000	1.0
NW_024609846.1	217600000	217700000	2.0
NW_024609846.1	217700000	217792993	2.0
NW_024609847.1	100000	200000	1.0
NW_024609847.1	200000	300000	1.0
NW_024609847.1	300000	400000	3.0
NW_024609847.1	500000	600000	3.0
NW_024609847.1	600000	700000	3.0
NW_024609847.1	700000	800000	3.0
NW_024609847.1	800000	900000	2.0
NW_024609847.1	900000	1000000	2.0
NW_024609847.1	1000000	1021763	1.0
NW_024609848.1	100000	200000	1.0
NW_024609848.1	200000	300000	2.0
NW_024609848.1	300000	400000	1.0
NW_024609848.1	400000	500000	1.0
NW_024609848.1	500000	600000	2.0
NW_024609848.1	600000	700000	3.0
NW_024609848.1	700000	717245	1.0
NW_024609849.1	0	100000	38.0
NW_024609849.1	100000	200000	35.0
NW_024609849.1	200000	300000	22.0
NW_024609849.1	300000	400000	29.0
NW_024609849.1	400000	500000	16.0
NW_024609849.1	500000	556169	11.0
NW_024609850.1	100000	200000	1.0
NW_024609850.1	200000	300000	1.0
NW_024609850.1	300000	400000	5.0
NW_024609850.1	400000	500000	1.0
NW_024609850.1	500000	600000	2.0
NW_024609850.1	700000	800000	2.0
NW_024609850.1	800000	894144	2.0
NW_024609851.1	300000	400000	2.0
NW_024609851.1	700000	800000	1.0
NW_024609851.1	800000	900000	1.0
NW_024609851.1	900000	1000000	2.0
NW_024609851.1	1300000	1400000	1.0
NW_024609851.1	1500000	1600000	1.0
NW_024609851.1	2000000	2100000	2.0
NW_024609851.1	2100000	2200000	1.0
NW_024609851.1	2300000	2400000	2.0
NW_024609851.1	3100000	3200000	2.0
NW_024609851.1	3500000	3600000	1.0
NW_024609851.1	3600000	3700000	1.0
NW_024609851.1	3700000	3800000	1.0
NW_024609851.1	3900000	4000000	1.0
NW_024609851.1	4000000	4100000	4.0
NW_024609851.1	4200000	4300000	1.0
NW_024609851.1	4600000	4700000	1.0
NW_024609851.1	4800000	4900000	2.0
NW_024609851.1	5900000	6000000	1.0
NW_024609851.1	6000000	6100000	1.0
NW_024609851.1	6500000	6600000	1.0
NW_024609851.1	6700000	6800000	1.0
NW_024609851.1	7200000	7273850	1.0
NW_024609852.1	200000	252544	1.0
NW_024609853.1	0	100000	3.0
NW_024609853.1	100000	200000	3.0
NW_024609853.1	200000	300000	4.0
NW_024609853.1	300000	348935	1.0
NW_024609854.1	0	100000	2.0
NW_024609854.1	200000	300000	1.0
NW_024609854.1	300000	380001	1.0
NW_024609855.1	0	100000	1.0
NW_024609855.1	100000	200000	2.0
NW_024609855.1	400000	500000	2.0
NW_024609855.1	700000	800000	1.0
NW_024609855.1	900000	1000000	1.0
NW_024609855.1	1200000	1300000	3.0
NW_024609855.1	1300000	1400000	3.0
NW_024609855.1	1500000	1600000	3.0
NW_024609855.1	1600000	1700000	1.0
NW_024609855.1	1700000	1800000	1.0
NW_024609855.1	1900000	2000000	1.0
NW_024609855.1	2000000	2100000	2.0
NW_024609855.1	2100000	2200000	1.0
NW_024609855.1	2200000	2300000	3.0
NW_024609855.1	2500000	2600000	2.0
NW_024609855.1	2700000	2800000	2.0
NW_024609855.1	2800000	2900000	1.0
NW_024609855.1	3200000	3300000	1.0
NW_024609855.1	3400000	3500000	2.0
NW_024609855.1	3500000	3600000	2.0
NW_024609855.1	4500000	4600000	1.0
NW_024609855.1	4700000	4800000	2.0
NW_024609855.1	4800000	4900000	6.0
NW_024609855.1	5000000	5094709	3.0
NW_024609856.1	0	100000	1.0
NW_024609857.1	0	100000	4.0
NW_024609857.1	100000	200000	4.0
NW_024609857.1	200000	300000	3.0
NW_024609857.1	300000	400000	6.0
NW_024609857.1	400000	500000	1.0
NW_024609857.1	600000	700000	2.0
NW_024609857.1	700000	800000	1.0
NW_024609857.1	800000	900000	1.0
NW_024609857.1	1000000	1100000	1.0
NW_024609857.1	1100000	1200000	1.0
NW_024609857.1	1300000	1400000	1.0
NW_024609857.1	1600000	1700000	3.0
NW_024609857.1	1700000	1800000	4.0
NW_024609857.1	1800000	1900000	2.0
NW_024609857.1	1900000	2000000	2.0
NW_024609857.1	2100000	2200000	3.0
NW_024609857.1	2200000	2300000	1.0
NW_024609857.1	2400000	2500000	1.0
NW_024609857.1	2600000	2700000	1.0
NW_024609857.1	2900000	3000000	1.0
NW_024609857.1	3000000	3100000	3.0
NW_024609857.1	3100000	3200000	5.0
NW_024609857.1	3200000	3300000	3.0
NW_024609857.1	3300000	3400000	1.0
NW_024609857.1	3600000	3700000	1.0
NW_024609857.1	4000000	4100000	2.0
NW_024609857.1	4100000	4200000	2.0
NW_024609857.1	4400000	4500000	1.0
NW_024609857.1	4600000	4700000	2.0
NW_024609857.1	4800000	4900000	3.0
NW_024609857.1	4900000	5000000	1.0
NW_024609857.1	5100000	5200000	1.0
NW_024609857.1	5200000	5300000	4.0
NW_024609857.1	5300000	5400000	3.0
NW_024609857.1	5400000	5500000	3.0
NW_024609857.1	5500000	5600000	2.0
NW_024609857.1	5600000	5700000	1.0
NW_024609857.1	5700000	5800000	2.0
NW_024609857.1	5800000	5900000	1.0
NW_024609857.1	5900000	6000000	1.0
NW_024609857.1	6000000	6100000	2.0
NW_024609857.1	6100000	6200000	2.0
NW_024609857.1	6200000	6300000	3.0
NW_024609857.1	6300000	6400000	2.0
NW_024609857.1	6400000	6500000	4.0
NW_024609857.1	6500000	6600000	3.0
NW_024609857.1	6600000	6700000	6.0
NW_024609857.1	6700000	6800000	5.0
NW_024609857.1	6800000	6900000	4.0
NW_024609857.1	6900000	7000000	1.0
NW_024609857.1	7000000	7100000	2.0
NW_024609857.1	7100000	7200000	7.0
NW_024609857.1	7200000	7300000	4.0
NW_024609857.1	7300000	7400000	4.0
NW_024609857.1	7500000	7600000	1.0
NW_024609857.1	7600000	7700000	1.0
NW_024609857.1	7800000	7900000	2.0
NW_024609857.1	7900000	8000000	3.0
NW_024609857.1	8000000	8100000	4.0
NW_024609857.1	8100000	8200000	1.0
NW_024609857.1	8400000	8500000	1.0
NW_024609857.1	8800000	8900000	3.0
NW_024609857.1	9000000	9100000	3.0
NW_024609857.1	9100000	9200000	4.0
NW_024609857.1	9200000	9300000	2.0
NW_024609857.1	9300000	9400000	2.0
NW_024609857.1	9400000	9500000	2.0
NW_024609857.1	9500000	9600000	7.0
NW_024609857.1	9900000	10000000	2.0
NW_024609857.1	10000000	10100000	2.0
NW_024609857.1	10100000	10200000	4.0
NW_024609857.1	10200000	10300000	2.0
NW_024609857.1	10600000	10700000	1.0
NW_024609857.1	10700000	10800000	1.0
NW_024609857.1	10800000	10900000	2.0
NW_024609857.1	10900000	11000000	2.0
NW_024609857.1	11000000	11100000	2.0
NW_024609857.1	11100000	11200000	5.0
NW_024609857.1	11200000	11300000	4.0
NW_024609857.1	11300000	11400000	4.0
NW_024609857.1	11400000	11500000	6.0
NW_024609857.1	11500000	11600000	5.0
NW_024609857.1	11600000	11700000	3.0
NW_024609857.1	11700000	11800000	3.0
NW_024609857.1	11800000	11900000	4.0
NW_024609857.1	11900000	12000000	4.0
NW_024609857.1	12000000	12100000	6.0
NW_024609857.1	12100000	12200000	2.0
NW_024609857.1	12500000	12600000	2.0
NW_024609857.1	12600000	12700000	2.0
NW_024609857.1	12700000	12800000	2.0
NW_024609857.1	12800000	12900000	1.0
NW_024609857.1	12900000	13000000	1.0
NW_024609857.1	13000000	13100000	1.0
NW_024609857.1	13100000	13200000	1.0
NW_024609857.1	13300000	13400000	2.0
NW_024609857.1	13500000	13600000	4.0
NW_024609857.1	13600000	13700000	4.0
NW_024609857.1	13800000	13900000	3.0
NW_024609857.1	13900000	14000000	2.0
NW_024609857.1	14400000	14500000	1.0
NW_024609857.1	14500000	14600000	4.0
NW_024609857.1	14700000	14800000	2.0
NW_024609857.1	14900000	15000000	2.0
NW_024609857.1	15000000	15100000	1.0
NW_024609857.1	15100000	15200000	2.0
NW_024609857.1	15200000	15300000	2.0
NW_024609857.1	15500000	15600000	1.0
NW_024609857.1	15700000	15800000	2.0
NW_024609857.1	15800000	15900000	2.0
NW_024609857.1	15900000	16000000	4.0
NW_024609857.1	16000000	16100000	2.0
NW_024609857.1	16100000	16200000	2.0
NW_024609857.1	16200000	16300000	1.0
NW_024609857.1	16400000	16500000	1.0
NW_024609857.1	16600000	16700000	2.0
NW_024609857.1	16700000	16800000	2.0
NW_024609857.1	16800000	16900000	1.0
NW_024609857.1	16900000	17000000	1.0
NW_024609857.1	17100000	17200000	3.0
NW_024609857.1	17200000	17300000	1.0
NW_024609857.1	17300000	17400000	3.0
NW_024609857.1	17400000	17500000	3.0
NW_024609857.1	17500000	17600000	1.0
NW_024609857.1	18000000	18100000	1.0
NW_024609857.1	18200000	18300000	3.0
NW_024609857.1	18300000	18400000	1.0
NW_024609857.1	18400000	18500000	4.0
NW_024609857.1	18500000	18600000	2.0
NW_024609857.1	18600000	18700000	1.0
NW_024609857.1	18800000	18900000	1.0
NW_024609857.1	18900000	19000000	3.0
NW_024609857.1	19100000	19200000	2.0
NW_024609857.1	19200000	19300000	4.0
NW_024609857.1	19300000	19400000	2.0
NW_024609857.1	19400000	19500000	1.0
NW_024609857.1	19500000	19600000	1.0
NW_024609857.1	19800000	19900000	1.0
NW_024609857.1	20000000	20100000	3.0
NW_024609857.1	20100000	20200000	3.0
NW_024609857.1	20200000	20300000	2.0
NW_024609857.1	20400000	20500000	1.0
NW_024609857.1	20600000	20700000	1.0
NW_024609857.1	20700000	20800000	4.0
NW_024609857.1	20800000	20900000	2.0
NW_024609857.1	20900000	21000000	3.0
NW_024609857.1	21100000	21200000	2.0
NW_024609857.1	21200000	21300000	3.0
NW_024609857.1	21300000	21400000	1.0
NW_024609857.1	21400000	21500000	7.0
NW_024609857.1	21500000	21600000	4.0
NW_024609857.1	21600000	21700000	8.0
NW_024609857.1	21700000	21800000	3.0
NW_024609857.1	21800000	21900000	9.0
NW_024609857.1	21900000	22000000	10.0
NW_024609857.1	22000000	22100000	2.0
NW_024609857.1	22100000	22200000	3.0
NW_024609857.1	22200000	22300000	6.0
NW_024609857.1	22300000	22400000	3.0
NW_024609857.1	22400000	22500000	2.0
NW_024609857.1	22500000	22600000	2.0
NW_024609857.1	22600000	22700000	1.0
NW_024609857.1	22700000	22800000	2.0
NW_024609857.1	22800000	22900000	2.0
NW_024609857.1	22900000	23000000	4.0
NW_024609857.1	23100000	23200000	1.0
NW_024609857.1	23300000	23400000	1.0
NW_024609857.1	23500000	23600000	1.0
NW_024609857.1	23600000	23700000	2.0
NW_024609857.1	23700000	23800000	4.0
NW_024609857.1	23800000	23900000	2.0
NW_024609857.1	23900000	24000000	4.0
NW_024609857.1	24000000	24100000	6.0
NW_024609857.1	24100000	24200000	1.0
NW_024609857.1	24200000	24300000	1.0
NW_024609857.1	24300000	24400000	1.0
NW_024609857.1	24400000	24500000	1.0
NW_024609857.1	24600000	24700000	6.0
NW_024609857.1	24700000	24800000	4.0
NW_024609857.1	24800000	24900000	4.0
NW_024609857.1	24900000	25000000	8.0
NW_024609857.1	25000000	25100000	8.0
NW_024609857.1	25100000	25200000	1.0
NW_024609857.1	25200000	25300000	2.0
NW_024609857.1	25300000	25400000	3.0
NW_024609857.1	25400000	25500000	2.0
NW_024609857.1	25500000	25600000	3.0
NW_024609857.1	25600000	25700000	3.0
NW_024609857.1	25700000	25800000	4.0
NW_024609857.1	25800000	25900000	3.0
NW_024609857.1	25900000	26000000	1.0
NW_024609857.1	26000000	26100000	3.0
NW_024609857.1	26200000	26300000	2.0
NW_024609857.1	26500000	26600000	1.0
NW_024609857.1	26700000	26800000	1.0
NW_024609857.1	26900000	27000000	4.0
NW_024609857.1	27000000	27100000	3.0
NW_024609857.1	27200000	27300000	1.0
NW_024609857.1	27400000	27500000	3.0
NW_024609857.1	27500000	27600000	2.0
NW_024609857.1	27600000	27700000	1.0
NW_024609857.1	27900000	28000000	2.0
NW_024609857.1	28000000	28100000	1.0
NW_024609857.1	28200000	28300000	1.0
NW_024609857.1	28300000	28400000	1.0
NW_024609857.1	28400000	28500000	1.0
NW_024609857.1	28900000	29000000	2.0
NW_024609857.1	29100000	29200000	1.0
NW_024609857.1	29200000	29300000	1.0
NW_024609857.1	29400000	29500000	3.0
NW_024609857.1	29500000	29600000	3.0
NW_024609857.1	29600000	29700000	4.0
NW_024609857.1	29800000	29900000	2.0
NW_024609857.1	30000000	30100000	1.0
NW_024609857.1	30100000	30200000	1.0
NW_024609857.1	30500000	30600000	2.0
NW_024609857.1	30600000	30700000	2.0
NW_024609857.1	30700000	30800000	2.0
NW_024609857.1	30800000	30900000	2.0
NW_024609857.1	30900000	31000000	2.0
NW_024609857.1	31200000	31300000	1.0
NW_024609857.1	31300000	31400000	2.0
NW_024609857.1	31400000	31500000	3.0
NW_024609857.1	31500000	31600000	4.0
NW_024609857.1	31600000	31700000	2.0
NW_024609857.1	31700000	31800000	1.0
NW_024609857.1	31800000	31900000	3.0
NW_024609857.1	32000000	32100000	3.0
NW_024609857.1	32100000	32200000	1.0
NW_024609857.1	32300000	32400000	1.0
NW_024609857.1	32600000	32700000	1.0
NW_024609857.1	32800000	32900000	1.0
NW_024609857.1	33200000	33300000	1.0
NW_024609857.1	33400000	33500000	1.0
NW_024609857.1	33500000	33600000	1.0
NW_024609857.1	33600000	33700000	3.0
NW_024609857.1	33700000	33800000	3.0
NW_024609857.1	33800000	33900000	4.0
NW_024609857.1	33900000	34000000	4.0
NW_024609857.1	34000000	34100000	5.0
NW_024609857.1	34100000	34200000	12.0
NW_024609857.1	34200000	34300000	7.0
NW_024609857.1	34300000	34400000	4.0
NW_024609857.1	34400000	34500000	1.0
NW_024609857.1	34500000	34600000	1.0
NW_024609857.1	34600000	34700000	2.0
NW_024609857.1	35100000	35200000	1.0
NW_024609857.1	35300000	35400000	2.0
NW_024609857.1	35400000	35500000	2.0
NW_024609857.1	35500000	35600000	3.0
NW_024609857.1	35600000	35700000	7.0
NW_024609857.1	35700000	35800000	4.0
NW_024609857.1	35800000	35900000	3.0
NW_024609857.1	35900000	36000000	5.0
NW_024609857.1	36000000	36100000	2.0
NW_024609857.1	36400000	36500000	1.0
NW_024609857.1	36900000	37000000	1.0
NW_024609857.1	37300000	37400000	1.0
NW_024609857.1	37400000	37500000	2.0
NW_024609857.1	37500000	37600000	2.0
NW_024609857.1	37700000	37800000	1.0
NW_024609857.1	37900000	38000000	1.0
NW_024609857.1	38000000	38100000	7.0
NW_024609857.1	38100000	38200000	2.0
NW_024609857.1	38200000	38300000	1.0
NW_024609857.1	38300000	38400000	5.0
NW_024609857.1	38400000	38500000	5.0
NW_024609857.1	38500000	38600000	2.0
NW_024609857.1	38600000	38700000	2.0
NW_024609857.1	38700000	38800000	1.0
NW_024609857.1	38900000	39000000	1.0
NW_024609857.1	39000000	39100000	8.0
NW_024609857.1	39100000	39200000	1.0
NW_024609857.1	39200000	39300000	1.0
NW_024609857.1	39300000	39400000	1.0
NW_024609857.1	39400000	39500000	1.0
NW_024609857.1	39500000	39600000	2.0
NW_024609857.1	39900000	40000000	2.0
NW_024609857.1	40100000	40200000	4.0
NW_024609857.1	40200000	40300000	3.0
NW_024609857.1	40400000	40500000	3.0
NW_024609857.1	40500000	40600000	4.0
NW_024609857.1	40600000	40700000	3.0
NW_024609857.1	40700000	40800000	5.0
NW_024609857.1	40800000	40900000	2.0
NW_024609857.1	40900000	41000000	1.0
NW_024609857.1	41000000	41100000	3.0
NW_024609857.1	41100000	41200000	3.0
NW_024609857.1	41200000	41300000	1.0
NW_024609857.1	41300000	41400000	3.0
NW_024609857.1	41400000	41500000	4.0
NW_024609857.1	41500000	41600000	2.0
NW_024609857.1	41600000	41700000	1.0
NW_024609857.1	41800000	41900000	1.0
NW_024609857.1	41900000	42000000	1.0
NW_024609857.1	42100000	42200000	1.0
NW_024609857.1	42200000	42300000	2.0
NW_024609857.1	42400000	42500000	1.0
NW_024609857.1	42500000	42600000	1.0
NW_024609857.1	42700000	42800000	1.0
NW_024609857.1	42800000	42900000	2.0
NW_024609857.1	42900000	43000000	1.0
NW_024609857.1	43100000	43200000	1.0
NW_024609857.1	43200000	43300000	1.0
NW_024609857.1	43300000	43400000	1.0
NW_024609857.1	43500000	43600000	3.0
NW_024609857.1	43600000	43700000	2.0
NW_024609857.1	43700000	43800000	1.0
NW_024609857.1	43800000	43900000	2.0
NW_024609857.1	44000000	44100000	2.0
NW_024609857.1	44200000	44300000	4.0
NW_024609857.1	44300000	44400000	2.0
NW_024609857.1	44400000	44500000	1.0
NW_024609857.1	44600000	44700000	1.0
NW_024609857.1	44700000	44800000	1.0
NW_024609857.1	44800000	44900000	1.0
NW_024609857.1	45100000	45200000	2.0
NW_024609857.1	45200000	45300000	1.0
NW_024609857.1	45300000	45400000	1.0
NW_024609857.1	45400000	45500000	4.0
NW_024609857.1	45500000	45600000	1.0
NW_024609857.1	45600000	45700000	1.0
NW_024609857.1	45700000	45800000	1.0
NW_024609857.1	45800000	45900000	1.0
NW_024609857.1	46000000	46100000	1.0
NW_024609857.1	46100000	46200000	2.0
NW_024609857.1	46200000	46300000	1.0
NW_024609857.1	46300000	46400000	1.0
NW_024609857.1	46400000	46500000	2.0
NW_024609857.1	46500000	46600000	1.0
NW_024609857.1	46600000	46700000	2.0
NW_024609857.1	46800000	46900000	1.0
NW_024609857.1	46900000	47000000	3.0
NW_024609857.1	47000000	47100000	4.0
NW_024609857.1	47100000	47200000	2.0
NW_024609857.1	47200000	47300000	3.0
NW_024609857.1	47300000	47400000	1.0
NW_024609857.1	47600000	47700000	1.0
NW_024609857.1	47700000	47800000	2.0
NW_024609857.1	47800000	47900000	2.0
NW_024609857.1	47900000	48000000	1.0
NW_024609857.1	48000000	48100000	1.0
NW_024609857.1	48100000	48200000	2.0
NW_024609857.1	48200000	48300000	1.0
NW_024609857.1	48300000	48400000	2.0
NW_024609857.1	48400000	48500000	2.0
NW_024609857.1	48500000	48600000	1.0
NW_024609857.1	48700000	48800000	2.0
NW_024609857.1	48800000	48900000	1.0
NW_024609857.1	48900000	49000000	2.0
NW_024609857.1	49000000	49100000	4.0
NW_024609857.1	49100000	49200000	3.0
NW_024609857.1	49200000	49300000	5.0
NW_024609857.1	49300000	49400000	1.0
NW_024609857.1	49400000	49500000	3.0
NW_024609857.1	49500000	49600000	1.0
NW_024609857.1	49600000	49700000	4.0
NW_024609857.1	49700000	49800000	1.0
NW_024609857.1	49800000	49900000	3.0
NW_024609857.1	49900000	50000000	3.0
NW_024609857.1	50500000	50600000	2.0
NW_024609857.1	50600000	50700000	2.0
NW_024609857.1	50700000	50800000	1.0
NW_024609857.1	50800000	50900000	1.0
NW_024609857.1	51000000	51100000	1.0
NW_024609857.1	51300000	51400000	1.0
NW_024609857.1	51700000	51800000	3.0
NW_024609857.1	51800000	51900000	3.0
NW_024609857.1	51900000	52000000	2.0
NW_024609857.1	52000000	52100000	1.0
NW_024609857.1	52100000	52200000	1.0
NW_024609857.1	52300000	52400000	1.0
NW_024609857.1	52600000	52700000	1.0
NW_024609857.1	52700000	52800000	1.0
NW_024609857.1	52900000	53000000	2.0
NW_024609857.1	53000000	53100000	1.0
NW_024609857.1	53100000	53200000	2.0
NW_024609857.1	53200000	53300000	1.0
NW_024609857.1	53300000	53400000	1.0
NW_024609857.1	53900000	54000000	2.0
NW_024609857.1	54000000	54100000	1.0
NW_024609857.1	54200000	54300000	1.0
NW_024609857.1	54300000	54400000	1.0
NW_024609857.1	54500000	54600000	4.0
NW_024609857.1	54600000	54700000	3.0
NW_024609857.1	54700000	54800000	2.0
NW_024609857.1	54900000	55000000	2.0
NW_024609857.1	55000000	55100000	1.0
NW_024609857.1	55100000	55200000	4.0
NW_024609857.1	55200000	55300000	1.0
NW_024609857.1	55300000	55400000	1.0
NW_024609857.1	55600000	55700000	4.0
NW_024609857.1	55700000	55800000	4.0
NW_024609857.1	55900000	56000000	1.0
NW_024609857.1	56200000	56300000	2.0
NW_024609857.1	56400000	56500000	1.0
NW_024609857.1	56500000	56600000	3.0
NW_024609857.1	56600000	56700000	1.0
NW_024609857.1	57100000	57200000	2.0
NW_024609857.1	57200000	57300000	2.0
NW_024609857.1	57400000	57500000	1.0
NW_024609857.1	57500000	57600000	3.0
NW_024609857.1	57600000	57700000	1.0
NW_024609857.1	57700000	57800000	2.0
NW_024609857.1	57800000	57900000	1.0
NW_024609857.1	57900000	58000000	1.0
NW_024609857.1	58000000	58100000	1.0
NW_024609857.1	58200000	58300000	1.0
NW_024609857.1	58400000	58500000	3.0
NW_024609857.1	58700000	58800000	1.0
NW_024609857.1	58800000	58900000	1.0
NW_024609857.1	59000000	59100000	1.0
NW_024609857.1	59200000	59300000	2.0
NW_024609857.1	59400000	59500000	1.0
NW_024609857.1	59600000	59700000	3.0
NW_024609857.1	59700000	59800000	6.0
NW_024609857.1	59800000	59900000	3.0
NW_024609857.1	59900000	60000000	2.0
NW_024609857.1	60100000	60200000	1.0
NW_024609857.1	60200000	60300000	4.0
NW_024609857.1	60300000	60400000	3.0
NW_024609857.1	60400000	60500000	3.0
NW_024609857.1	60500000	60600000	4.0
NW_024609857.1	60600000	60700000	3.0
NW_024609857.1	60700000	60800000	1.0
NW_024609857.1	60800000	60900000	1.0
NW_024609857.1	60900000	61000000	2.0
NW_024609857.1	61000000	61100000	3.0
NW_024609857.1	61100000	61200000	3.0
NW_024609857.1	61300000	61400000	2.0
NW_024609857.1	61400000	61500000	2.0
NW_024609857.1	61500000	61600000	1.0
NW_024609857.1	61600000	61700000	2.0
NW_024609857.1	61700000	61800000	2.0
NW_024609857.1	61900000	62000000	1.0
NW_024609857.1	62200000	62300000	1.0
NW_024609857.1	62500000	62600000	2.0
NW_024609857.1	62700000	62800000	1.0
NW_024609857.1	62800000	62900000	1.0
NW_024609857.1	63000000	63100000	4.0
NW_024609857.1	62900000	63000000	2.0
NW_024609857.1	63100000	63200000	5.0
NW_024609857.1	63200000	63300000	3.0
NW_024609857.1	63300000	63400000	1.0
NW_024609857.1	63400000	63500000	3.0
NW_024609857.1	63500000	63600000	1.0
NW_024609857.1	63600000	63700000	2.0
NW_024609857.1	63800000	63900000	2.0
NW_024609857.1	63900000	64000000	1.0
NW_024609857.1	64000000	64100000	1.0
NW_024609857.1	64100000	64200000	2.0
NW_024609857.1	64300000	64400000	2.0
NW_024609857.1	64400000	64500000	1.0
NW_024609857.1	64500000	64600000	1.0
NW_024609857.1	64600000	64700000	3.0
NW_024609857.1	64700000	64800000	1.0
NW_024609857.1	64800000	64900000	1.0
NW_024609857.1	64900000	65000000	2.0
NW_024609857.1	65000000	65100000	3.0
NW_024609857.1	65200000	65300000	1.0
NW_024609857.1	65100000	65200000	1.0
NW_024609857.1	65300000	65400000	1.0
NW_024609857.1	65400000	65500000	1.0
NW_024609857.1	65500000	65600000	1.0
NW_024609857.1	65700000	65800000	1.0
NW_024609857.1	65900000	66000000	1.0
NW_024609857.1	66100000	66200000	1.0
NW_024609857.1	66300000	66400000	1.0
NW_024609857.1	66400000	66500000	3.0
NW_024609857.1	66600000	66700000	1.0
NW_024609857.1	66700000	66800000	2.0
NW_024609857.1	66900000	67000000	1.0
NW_024609857.1	67000000	67100000	1.0
NW_024609857.1	67100000	67200000	1.0
NW_024609857.1	67200000	67300000	1.0
NW_024609857.1	67300000	67400000	2.0
NW_024609857.1	67400000	67500000	1.0
NW_024609857.1	67500000	67600000	1.0
NW_024609857.1	67700000	67800000	1.0
NW_024609857.1	68000000	68100000	5.0
NW_024609857.1	68100000	68200000	1.0
NW_024609857.1	68300000	68400000	1.0
NW_024609857.1	68500000	68600000	1.0
NW_024609857.1	68600000	68700000	4.0
NW_024609857.1	68700000	68800000	3.0
NW_024609857.1	68800000	68900000	2.0
NW_024609857.1	68900000	69000000	1.0
NW_024609857.1	69100000	69200000	1.0
NW_024609857.1	69400000	69500000	1.0
NW_024609857.1	69200000	69300000	1.0
NW_024609857.1	69600000	69700000	2.0
NW_024609857.1	69700000	69800000	1.0
NW_024609857.1	69800000	69900000	1.0
NW_024609857.1	69900000	70000000	4.0
NW_024609857.1	70000000	70100000	5.0
NW_024609857.1	70100000	70200000	2.0
NW_024609857.1	70300000	70400000	1.0
NW_024609857.1	70600000	70700000	1.0
NW_024609857.1	70700000	70800000	1.0
NW_024609857.1	70800000	70900000	1.0
NW_024609857.1	70900000	71000000	1.0
NW_024609857.1	71000000	71100000	1.0
NW_024609857.1	71200000	71300000	1.0
NW_024609857.1	71300000	71400000	2.0
NW_024609857.1	71400000	71500000	1.0
NW_024609857.1	71500000	71600000	1.0
NW_024609857.1	71800000	71900000	3.0
NW_024609857.1	71900000	72000000	3.0
NW_024609857.1	72000000	72100000	3.0
NW_024609857.1	72100000	72200000	2.0
NW_024609857.1	72300000	72400000	2.0
NW_024609857.1	72500000	72600000	1.0
NW_024609857.1	72800000	72900000	1.0
NW_024609857.1	72900000	73000000	1.0
NW_024609857.1	73100000	73200000	1.0
NW_024609857.1	73200000	73300000	1.0
NW_024609857.1	73300000	73400000	1.0
NW_024609857.1	73500000	73600000	1.0
NW_024609857.1	73900000	74000000	1.0
NW_024609857.1	74000000	74100000	2.0
NW_024609857.1	74100000	74200000	1.0
NW_024609857.1	74400000	74500000	1.0
NW_024609857.1	74700000	74800000	1.0
NW_024609857.1	74900000	75000000	4.0
NW_024609857.1	75000000	75100000	1.0
NW_024609857.1	75200000	75300000	3.0
NW_024609857.1	75300000	75400000	2.0
NW_024609857.1	75400000	75500000	5.0
NW_024609857.1	75500000	75600000	1.0
NW_024609857.1	75600000	75700000	3.0
NW_024609857.1	75700000	75800000	1.0
NW_024609857.1	75800000	75900000	1.0
NW_024609857.1	75900000	76000000	1.0
NW_024609857.1	76000000	76100000	3.0
NW_024609857.1	76100000	76200000	1.0
NW_024609857.1	76200000	76300000	1.0
NW_024609857.1	76300000	76400000	3.0
NW_024609857.1	76400000	76500000	3.0
NW_024609857.1	76500000	76600000	1.0
NW_024609857.1	76600000	76700000	1.0
NW_024609857.1	76800000	76900000	1.0
NW_024609857.1	76900000	77000000	1.0
NW_024609857.1	77100000	77200000	1.0
NW_024609857.1	77300000	77400000	1.0
NW_024609857.1	77600000	77700000	1.0
NW_024609857.1	77900000	78000000	1.0
NW_024609857.1	78000000	78100000	1.0
NW_024609857.1	78100000	78200000	2.0
NW_024609857.1	78400000	78500000	1.0
NW_024609857.1	78700000	78800000	1.0
NW_024609857.1	79300000	79400000	1.0
NW_024609857.1	79400000	79500000	1.0
NW_024609857.1	79700000	79800000	1.0
NW_024609857.1	79800000	79900000	1.0
NW_024609857.1	80300000	80400000	1.0
NW_024609857.1	80400000	80500000	2.0
NW_024609857.1	80600000	80700000	1.0
NW_024609857.1	80700000	80800000	1.0
NW_024609857.1	80800000	80900000	1.0
NW_024609857.1	81000000	81100000	1.0
NW_024609857.1	81100000	81200000	1.0
NW_024609857.1	81600000	81700000	1.0
NW_024609857.1	82300000	82400000	1.0
NW_024609857.1	82500000	82600000	1.0
NW_024609857.1	83100000	83200000	2.0
NW_024609857.1	83200000	83300000	2.0
NW_024609857.1	83300000	83400000	2.0
NW_024609857.1	83400000	83500000	1.0
NW_024609857.1	83900000	84000000	2.0
NW_024609857.1	84100000	84200000	1.0
NW_024609857.1	84400000	84500000	1.0
NW_024609857.1	84500000	84600000	2.0
NW_024609857.1	84600000	84700000	2.0
NW_024609857.1	84700000	84800000	1.0
NW_024609857.1	85000000	85100000	1.0
NW_024609857.1	84800000	84900000	1.0
NW_024609857.1	84900000	85000000	2.0
NW_024609857.1	85100000	85200000	1.0
NW_024609857.1	85300000	85400000	2.0
NW_024609857.1	85400000	85500000	1.0
NW_024609857.1	85600000	85700000	1.0
NW_024609857.1	85700000	85800000	1.0
NW_024609857.1	85800000	85900000	2.0
NW_024609857.1	86000000	86100000	3.0
NW_024609857.1	86100000	86200000	1.0
NW_024609857.1	86200000	86300000	3.0
NW_024609857.1	86700000	86800000	1.0
NW_024609857.1	86600000	86700000	2.0
NW_024609857.1	87000000	87100000	1.0
NW_024609857.1	87100000	87200000	1.0
NW_024609857.1	87300000	87400000	1.0
NW_024609857.1	87400000	87500000	1.0
NW_024609857.1	87600000	87700000	3.0
NW_024609857.1	87800000	87900000	1.0
NW_024609857.1	87900000	88000000	1.0
NW_024609857.1	88200000	88300000	1.0
NW_024609857.1	88300000	88400000	1.0
NW_024609857.1	88400000	88500000	2.0
NW_024609857.1	88500000	88600000	1.0
NW_024609857.1	88600000	88700000	1.0
NW_024609857.1	88800000	88900000	1.0
NW_024609857.1	89000000	89100000	1.0
NW_024609857.1	89100000	89200000	3.0
NW_024609857.1	89200000	89300000	1.0
NW_024609857.1	89400000	89500000	1.0
NW_024609857.1	89500000	89600000	1.0
NW_024609857.1	89600000	89700000	1.0
NW_024609857.1	89700000	89800000	1.0
NW_024609857.1	89800000	89900000	1.0
NW_024609857.1	90000000	90100000	1.0
NW_024609857.1	90200000	90300000	2.0
NW_024609857.1	90300000	90400000	1.0
NW_024609857.1	90400000	90500000	2.0
NW_024609857.1	90500000	90600000	2.0
NW_024609857.1	90700000	90800000	3.0
NW_024609857.1	91300000	91400000	1.0
NW_024609857.1	91500000	91600000	1.0
NW_024609857.1	91600000	91700000	2.0
NW_024609857.1	91700000	91800000	1.0
NW_024609857.1	91800000	91900000	1.0
NW_024609857.1	91900000	92000000	4.0
NW_024609857.1	92100000	92200000	1.0
NW_024609857.1	92200000	92300000	1.0
NW_024609857.1	92600000	92700000	1.0
NW_024609857.1	92700000	92800000	1.0
NW_024609857.1	92800000	92900000	2.0
NW_024609857.1	93000000	93100000	3.0
NW_024609857.1	93100000	93200000	2.0
NW_024609857.1	93200000	93300000	1.0
NW_024609857.1	93400000	93500000	1.0
NW_024609857.1	93500000	93600000	1.0
NW_024609857.1	94100000	94200000	2.0
NW_024609857.1	94300000	94400000	1.0
NW_024609857.1	94400000	94500000	1.0
NW_024609857.1	94500000	94600000	3.0
NW_024609857.1	94600000	94700000	3.0
NW_024609857.1	94700000	94800000	1.0
NW_024609857.1	94900000	95000000	4.0
NW_024609857.1	95200000	95300000	1.0
NW_024609857.1	95300000	95400000	3.0
NW_024609857.1	95400000	95500000	2.0
NW_024609857.1	95500000	95600000	1.0
NW_024609857.1	95600000	95700000	1.0
NW_024609857.1	95700000	95800000	2.0
NW_024609857.1	95900000	96000000	1.0
NW_024609857.1	96100000	96200000	1.0
NW_024609857.1	96200000	96300000	2.0
NW_024609857.1	96300000	96400000	1.0
NW_024609857.1	96400000	96500000	1.0
NW_024609857.1	96500000	96600000	3.0
NW_024609857.1	96600000	96700000	1.0
NW_024609857.1	96700000	96800000	1.0
NW_024609857.1	96800000	96900000	1.0
NW_024609857.1	96900000	97000000	2.0
NW_024609857.1	97000000	97100000	1.0
NW_024609857.1	97300000	97400000	1.0
NW_024609857.1	97500000	97600000	4.0
NW_024609857.1	97600000	97700000	2.0
NW_024609857.1	97800000	97900000	1.0
NW_024609857.1	97900000	98000000	1.0
NW_024609857.1	98000000	98100000	1.0
NW_024609857.1	98100000	98200000	1.0
NW_024609857.1	98300000	98400000	1.0
NW_024609857.1	98500000	98600000	1.0
NW_024609857.1	98700000	98800000	3.0
NW_024609857.1	98900000	99000000	1.0
NW_024609857.1	99000000	99100000	2.0
NW_024609857.1	99100000	99200000	1.0
NW_024609857.1	99500000	99600000	1.0
NW_024609857.1	99600000	99700000	1.0
NW_024609857.1	99700000	99800000	1.0
NW_024609857.1	99800000	99900000	1.0
NW_024609857.1	100100000	100200000	1.0
NW_024609857.1	100400000	100500000	1.0
NW_024609857.1	100700000	100800000	3.0
NW_024609857.1	100800000	100900000	3.0
NW_024609857.1	100900000	101000000	1.0
NW_024609857.1	101100000	101200000	1.0
NW_024609857.1	101200000	101300000	1.0
NW_024609857.1	101300000	101400000	5.0
NW_024609857.1	101400000	101500000	1.0
NW_024609857.1	101500000	101600000	1.0
NW_024609857.1	101800000	101900000	1.0
NW_024609857.1	102400000	102500000	1.0
NW_024609857.1	102500000	102600000	3.0
NW_024609857.1	102600000	102700000	1.0
NW_024609857.1	102700000	102800000	4.0
NW_024609857.1	102900000	103000000	1.0
NW_024609857.1	103500000	103600000	2.0
NW_024609857.1	103600000	103700000	4.0
NW_024609857.1	103700000	103800000	1.0
NW_024609857.1	103800000	103900000	1.0
NW_024609857.1	104500000	104600000	2.0
NW_024609857.1	104700000	104800000	3.0
NW_024609857.1	104800000	104900000	3.0
NW_024609857.1	104900000	105000000	1.0
NW_024609857.1	105200000	105300000	6.0
NW_024609857.1	105000000	105100000	1.0
NW_024609857.1	105100000	105200000	3.0
NW_024609857.1	105300000	105400000	2.0
NW_024609857.1	105600000	105700000	1.0
NW_024609857.1	105700000	105800000	3.0
NW_024609857.1	105800000	105900000	1.0
NW_024609857.1	105900000	106000000	1.0
NW_024609857.1	106000000	106100000	1.0
NW_024609857.1	106100000	106200000	1.0
NW_024609857.1	106300000	106400000	1.0
NW_024609857.1	106500000	106600000	1.0
NW_024609857.1	106700000	106800000	1.0
NW_024609857.1	106900000	107000000	2.0
NW_024609857.1	107100000	107200000	1.0
NW_024609857.1	107200000	107300000	2.0
NW_024609857.1	107300000	107400000	1.0
NW_024609857.1	107600000	107700000	1.0
NW_024609857.1	108000000	108100000	2.0
NW_024609857.1	108100000	108200000	2.0
NW_024609857.1	108200000	108300000	1.0
NW_024609857.1	108300000	108400000	1.0
NW_024609857.1	108400000	108500000	1.0
NW_024609857.1	108500000	108600000	3.0
NW_024609857.1	108600000	108700000	1.0
NW_024609857.1	108700000	108800000	1.0
NW_024609857.1	108800000	108900000	5.0
NW_024609857.1	108900000	109000000	2.0
NW_024609857.1	109000000	109100000	2.0
NW_024609857.1	109100000	109200000	1.0
NW_024609857.1	109300000	109400000	1.0
NW_024609857.1	109800000	109900000	1.0
NW_024609857.1	110100000	110200000	1.0
NW_024609857.1	110200000	110300000	1.0
NW_024609857.1	110300000	110400000	1.0
NW_024609857.1	110700000	110800000	1.0
NW_024609857.1	110800000	110900000	2.0
NW_024609857.1	110900000	111000000	1.0
NW_024609857.1	111000000	111100000	1.0
NW_024609857.1	111100000	111200000	3.0
NW_024609857.1	111200000	111300000	1.0
NW_024609857.1	111400000	111500000	1.0
NW_024609857.1	111600000	111700000	1.0
NW_024609857.1	111800000	111900000	2.0
NW_024609857.1	111900000	112000000	1.0
NW_024609857.1	112000000	112100000	1.0
NW_024609857.1	112200000	112300000	2.0
NW_024609857.1	112400000	112500000	2.0
NW_024609857.1	112600000	112700000	2.0
NW_024609857.1	112700000	112800000	1.0
NW_024609857.1	112800000	112900000	4.0
NW_024609857.1	112900000	113000000	3.0
NW_024609857.1	113300000	113400000	1.0
NW_024609857.1	113600000	113700000	2.0
NW_024609857.1	113700000	113800000	2.0
NW_024609857.1	113800000	113900000	1.0
NW_024609857.1	113900000	114000000	3.0
NW_024609857.1	114000000	114100000	3.0
NW_024609857.1	114100000	114200000	4.0
NW_024609857.1	114200000	114300000	1.0
NW_024609857.1	114500000	114600000	1.0
NW_024609857.1	114600000	114700000	1.0
NW_024609857.1	114700000	114800000	2.0
NW_024609857.1	114800000	114900000	1.0
NW_024609857.1	114900000	115000000	3.0
NW_024609857.1	115000000	115100000	1.0
NW_024609857.1	115300000	115400000	3.0
NW_024609857.1	115400000	115500000	7.0
NW_024609857.1	115700000	115800000	1.0
NW_024609857.1	115800000	115900000	4.0
NW_024609857.1	116100000	116200000	2.0
NW_024609857.1	116200000	116300000	4.0
NW_024609857.1	116300000	116400000	3.0
NW_024609857.1	116400000	116500000	1.0
NW_024609857.1	116700000	116800000	1.0
NW_024609857.1	116800000	116900000	1.0
NW_024609857.1	116900000	117000000	2.0
NW_024609857.1	117000000	117100000	1.0
NW_024609857.1	117100000	117200000	1.0
NW_024609857.1	117200000	117300000	1.0
NW_024609857.1	117300000	117400000	3.0
NW_024609857.1	117400000	117500000	1.0
NW_024609857.1	117500000	117600000	1.0
NW_024609857.1	117600000	117700000	2.0
NW_024609857.1	117900000	118000000	2.0
NW_024609857.1	118100000	118200000	1.0
NW_024609857.1	118200000	118300000	2.0
NW_024609857.1	118300000	118400000	1.0
NW_024609857.1	118400000	118500000	1.0
NW_024609857.1	118500000	118600000	2.0
NW_024609857.1	118600000	118700000	1.0
NW_024609857.1	118700000	118800000	4.0
NW_024609857.1	118800000	118900000	1.0
NW_024609857.1	119000000	119100000	2.0
NW_024609857.1	119100000	119200000	3.0
NW_024609857.1	119200000	119300000	1.0
NW_024609857.1	119300000	119400000	2.0
NW_024609857.1	119500000	119600000	2.0
NW_024609857.1	119600000	119700000	4.0
NW_024609857.1	119700000	119800000	6.0
NW_024609857.1	119800000	119900000	5.0
NW_024609857.1	119900000	120000000	2.0
NW_024609857.1	120000000	120100000	1.0
NW_024609857.1	120100000	120200000	4.0
NW_024609857.1	120200000	120300000	1.0
NW_024609857.1	120300000	120400000	2.0
NW_024609857.1	120400000	120500000	3.0
NW_024609857.1	120600000	120700000	1.0
NW_024609857.1	120700000	120800000	4.0
NW_024609857.1	120800000	120900000	1.0
NW_024609857.1	120900000	121000000	2.0
NW_024609857.1	121000000	121100000	1.0
NW_024609857.1	121100000	121200000	1.0
NW_024609857.1	121300000	121400000	1.0
NW_024609857.1	121700000	121800000	1.0
NW_024609857.1	122000000	122100000	3.0
NW_024609857.1	122100000	122200000	2.0
NW_024609857.1	122200000	122300000	1.0
NW_024609857.1	122300000	122400000	1.0
NW_024609857.1	122500000	122600000	3.0
NW_024609857.1	122600000	122700000	3.0
NW_024609857.1	122700000	122800000	2.0
NW_024609857.1	122800000	122900000	4.0
NW_024609857.1	122900000	123000000	2.0
NW_024609857.1	123000000	123100000	2.0
NW_024609857.1	123100000	123200000	1.0
NW_024609857.1	123300000	123400000	1.0
NW_024609857.1	123500000	123600000	1.0
NW_024609857.1	123600000	123700000	2.0
NW_024609857.1	123800000	123900000	1.0
NW_024609857.1	124000000	124100000	1.0
NW_024609857.1	124200000	124300000	1.0
NW_024609857.1	124500000	124600000	2.0
NW_024609857.1	124600000	124700000	2.0
NW_024609857.1	124700000	124800000	1.0
NW_024609857.1	124900000	125000000	2.0
NW_024609857.1	125000000	125100000	1.0
NW_024609857.1	125100000	125200000	2.0
NW_024609857.1	125300000	125400000	1.0
NW_024609857.1	125400000	125500000	2.0
NW_024609857.1	125500000	125600000	1.0
NW_024609857.1	125600000	125700000	1.0
NW_024609857.1	125700000	125800000	2.0
NW_024609857.1	125800000	125900000	2.0
NW_024609857.1	125900000	126000000	5.0
NW_024609857.1	126000000	126100000	1.0
NW_024609857.1	126200000	126300000	1.0
NW_024609857.1	126300000	126400000	1.0
NW_024609857.1	126400000	126500000	1.0
NW_024609857.1	126600000	126700000	1.0
NW_024609857.1	126800000	126900000	1.0
NW_024609857.1	126900000	127000000	1.0
NW_024609857.1	127000000	127100000	1.0
NW_024609857.1	127100000	127200000	1.0
NW_024609857.1	127200000	127300000	2.0
NW_024609857.1	127300000	127400000	1.0
NW_024609857.1	127400000	127500000	1.0
NW_024609857.1	127600000	127700000	2.0
NW_024609857.1	127700000	127800000	4.0
NW_024609857.1	127800000	127900000	1.0
NW_024609857.1	127900000	128000000	1.0
NW_024609857.1	128100000	128200000	2.0
NW_024609857.1	128200000	128300000	2.0
NW_024609857.1	128300000	128400000	1.0
NW_024609857.1	128400000	128500000	2.0
NW_024609857.1	128500000	128600000	3.0
NW_024609857.1	128600000	128700000	1.0
NW_024609857.1	128700000	128800000	3.0
NW_024609857.1	128800000	128900000	3.0
NW_024609857.1	128900000	129000000	2.0
NW_024609857.1	129000000	129100000	2.0
NW_024609857.1	129100000	129200000	2.0
NW_024609857.1	129200000	129300000	1.0
NW_024609857.1	129300000	129400000	1.0
NW_024609857.1	129400000	129500000	1.0
NW_024609857.1	129500000	129600000	1.0
NW_024609857.1	129700000	129800000	1.0
NW_024609857.1	129800000	129900000	2.0
NW_024609857.1	130300000	130400000	1.0
NW_024609857.1	130400000	130500000	2.0
NW_024609857.1	130500000	130600000	1.0
NW_024609857.1	130700000	130800000	1.0
NW_024609857.1	130900000	131000000	1.0
NW_024609857.1	131000000	131100000	1.0
NW_024609857.1	131400000	131500000	2.0
NW_024609857.1	131500000	131600000	2.0
NW_024609857.1	131700000	131800000	3.0
NW_024609857.1	131900000	132000000	2.0
NW_024609857.1	132000000	132100000	1.0
NW_024609857.1	132100000	132200000	1.0
NW_024609857.1	132200000	132300000	1.0
NW_024609857.1	132300000	132400000	1.0
NW_024609857.1	132500000	132600000	1.0
NW_024609857.1	132700000	132800000	1.0
NW_024609857.1	132800000	132900000	1.0
NW_024609857.1	132900000	133000000	1.0
NW_024609857.1	133000000	133100000	2.0
NW_024609857.1	133100000	133200000	1.0
NW_024609857.1	133200000	133300000	2.0
NW_024609857.1	133300000	133400000	2.0
NW_024609857.1	133400000	133500000	1.0
NW_024609857.1	133500000	133600000	1.0
NW_024609857.1	133600000	133700000	2.0
NW_024609857.1	133700000	133800000	1.0
NW_024609857.1	133800000	133900000	2.0
NW_024609857.1	133900000	134000000	2.0
NW_024609857.1	134000000	134100000	1.0
NW_024609857.1	134200000	134300000	1.0
NW_024609857.1	134400000	134500000	1.0
NW_024609857.1	134600000	134700000	2.0
NW_024609857.1	134700000	134800000	2.0
NW_024609857.1	134900000	135000000	3.0
NW_024609857.1	135000000	135100000	2.0
NW_024609857.1	135100000	135200000	1.0
NW_024609857.1	135400000	135500000	1.0
NW_024609857.1	135600000	135700000	1.0
NW_024609857.1	135900000	136000000	1.0
NW_024609857.1	136600000	136700000	1.0
NW_024609857.1	137400000	137500000	4.0
NW_024609857.1	137500000	137600000	2.0
NW_024609857.1	137700000	137800000	2.0
NW_024609857.1	137800000	137900000	3.0
NW_024609857.1	138000000	138100000	1.0
NW_024609857.1	138100000	138200000	1.0
NW_024609857.1	138200000	138300000	1.0
NW_024609857.1	138300000	138400000	1.0
NW_024609857.1	138500000	138600000	1.0
NW_024609857.1	138600000	138700000	1.0
NW_024609857.1	138700000	138800000	1.0
NW_024609857.1	138800000	138900000	4.0
NW_024609857.1	139000000	139100000	1.0
NW_024609857.1	139100000	139200000	1.0
NW_024609857.1	139300000	139400000	2.0
NW_024609857.1	139400000	139500000	3.0
NW_024609857.1	139500000	139600000	2.0
NW_024609857.1	139600000	139700000	1.0
NW_024609857.1	139800000	139900000	1.0
NW_024609857.1	139900000	140000000	3.0
NW_024609857.1	140000000	140100000	1.0
NW_024609857.1	140100000	140200000	6.0
NW_024609857.1	140200000	140300000	3.0
NW_024609857.1	140300000	140400000	3.0
NW_024609857.1	140400000	140500000	1.0
NW_024609857.1	140500000	140600000	5.0
NW_024609857.1	140600000	140700000	1.0
NW_024609857.1	140700000	140800000	1.0
NW_024609857.1	140800000	140900000	3.0
NW_024609857.1	140900000	141000000	3.0
NW_024609857.1	141000000	141100000	1.0
NW_024609857.1	141200000	141300000	1.0
NW_024609857.1	141300000	141400000	1.0
NW_024609857.1	141500000	141600000	1.0
NW_024609857.1	141600000	141700000	3.0
NW_024609857.1	141700000	141800000	2.0
NW_024609857.1	141800000	141900000	3.0
NW_024609857.1	141900000	142000000	3.0
NW_024609857.1	142000000	142100000	1.0
NW_024609857.1	142100000	142200000	2.0
NW_024609857.1	142200000	142300000	1.0
NW_024609857.1	142400000	142500000	1.0
NW_024609857.1	142600000	142700000	2.0
NW_024609857.1	142700000	142800000	1.0
NW_024609857.1	142800000	142900000	1.0
NW_024609857.1	143000000	143100000	1.0
NW_024609857.1	143100000	143200000	4.0
NW_024609857.1	143200000	143300000	2.0
NW_024609857.1	143300000	143400000	1.0
NW_024609857.1	143500000	143600000	2.0
NW_024609857.1	143600000	143700000	1.0
NW_024609857.1	143700000	143800000	2.0
NW_024609857.1	143800000	143900000	1.0
NW_024609857.1	143900000	144000000	1.0
NW_024609857.1	144000000	144100000	1.0
NW_024609857.1	144100000	144200000	4.0
NW_024609857.1	144200000	144300000	4.0
NW_024609857.1	144300000	144400000	1.0
NW_024609857.1	144500000	144600000	3.0
NW_024609857.1	144600000	144700000	2.0
NW_024609857.1	144700000	144800000	1.0
NW_024609857.1	144900000	145000000	1.0
NW_024609857.1	145000000	145100000	2.0
NW_024609857.1	145100000	145200000	1.0
NW_024609857.1	145200000	145300000	2.0
NW_024609857.1	145400000	145500000	2.0
NW_024609857.1	145600000	145700000	2.0
NW_024609857.1	145700000	145800000	1.0
NW_024609857.1	145800000	145900000	4.0
NW_024609857.1	145900000	146000000	3.0
NW_024609857.1	146100000	146200000	1.0
NW_024609857.1	146600000	146700000	1.0
NW_024609857.1	147100000	147200000	1.0
NW_024609857.1	147200000	147300000	2.0
NW_024609857.1	147300000	147400000	1.0
NW_024609857.1	147400000	147500000	1.0
NW_024609857.1	147900000	148000000	1.0
NW_024609857.1	148100000	148200000	2.0
NW_024609857.1	148200000	148300000	1.0
NW_024609857.1	148300000	148400000	1.0
NW_024609857.1	148500000	148600000	1.0
NW_024609857.1	148600000	148700000	1.0
NW_024609857.1	148700000	148800000	2.0
NW_024609857.1	148900000	149000000	1.0
NW_024609857.1	149000000	149100000	1.0
NW_024609857.1	149100000	149200000	2.0
NW_024609857.1	149800000	149900000	1.0
NW_024609857.1	150000000	150100000	2.0
NW_024609857.1	150100000	150200000	2.0
NW_024609857.1	150200000	150300000	3.0
NW_024609857.1	150300000	150400000	3.0
NW_024609857.1	150400000	150500000	2.0
NW_024609857.1	150500000	150600000	1.0
NW_024609857.1	150700000	150800000	2.0
NW_024609857.1	150800000	150900000	3.0
NW_024609857.1	151000000	151100000	3.0
NW_024609857.1	151100000	151200000	1.0
NW_024609857.1	151600000	151700000	1.0
NW_024609857.1	151700000	151800000	1.0
NW_024609857.1	151800000	151900000	1.0
NW_024609857.1	152000000	152100000	1.0
NW_024609857.1	152100000	152200000	3.0
NW_024609857.1	152200000	152300000	1.0
NW_024609857.1	152400000	152500000	1.0
NW_024609857.1	152500000	152600000	1.0
NW_024609857.1	152800000	152900000	2.0
NW_024609857.1	152900000	153000000	1.0
NW_024609857.1	153000000	153100000	2.0
NW_024609857.1	153100000	153200000	2.0
NW_024609857.1	153200000	153300000	1.0
NW_024609857.1	153400000	153500000	2.0
NW_024609857.1	153600000	153700000	1.0
NW_024609857.1	153700000	153800000	1.0
NW_024609857.1	153900000	154000000	2.0
NW_024609857.1	154000000	154100000	1.0
NW_024609857.1	154400000	154500000	1.0
NW_024609857.1	154500000	154600000	1.0
NW_024609857.1	154600000	154700000	2.0
NW_024609857.1	154700000	154800000	1.0
NW_024609857.1	154800000	154900000	2.0
NW_024609857.1	154900000	155000000	2.0
NW_024609857.1	155000000	155100000	1.0
NW_024609857.1	155200000	155300000	2.0
NW_024609857.1	155300000	155400000	1.0
NW_024609857.1	155400000	155500000	1.0
NW_024609857.1	155800000	155900000	1.0
NW_024609857.1	156000000	156100000	1.0
NW_024609857.1	156100000	156200000	1.0
NW_024609857.1	156200000	156300000	1.0
NW_024609857.1	156300000	156400000	3.0
NW_024609857.1	156400000	156500000	1.0
NW_024609857.1	156500000	156600000	1.0
NW_024609857.1	156900000	157000000	3.0
NW_024609857.1	157200000	157300000	1.0
NW_024609857.1	157300000	157400000	2.0
NW_024609857.1	157400000	157500000	4.0
NW_024609857.1	157500000	157600000	4.0
NW_024609857.1	157600000	157700000	2.0
NW_024609857.1	157700000	157800000	1.0
NW_024609857.1	157800000	157900000	1.0
NW_024609857.1	157900000	158000000	1.0
NW_024609857.1	158100000	158200000	1.0
NW_024609857.1	158600000	158700000	1.0
NW_024609857.1	158700000	158800000	1.0
NW_024609857.1	158800000	158900000	1.0
NW_024609857.1	158900000	159000000	1.0
NW_024609857.1	159000000	159100000	3.0
NW_024609857.1	159100000	159200000	4.0
NW_024609857.1	159200000	159300000	1.0
NW_024609857.1	159600000	159700000	1.0
NW_024609857.1	159800000	159900000	3.0
NW_024609857.1	160000000	160100000	2.0
NW_024609857.1	160100000	160200000	3.0
NW_024609857.1	160200000	160300000	2.0
NW_024609857.1	160300000	160400000	2.0
NW_024609857.1	160400000	160500000	2.0
NW_024609857.1	160500000	160600000	3.0
NW_024609857.1	160600000	160700000	1.0
NW_024609857.1	160800000	160900000	2.0
NW_024609857.1	160900000	161000000	1.0
NW_024609857.1	161000000	161100000	1.0
NW_024609857.1	161100000	161200000	1.0
NW_024609857.1	161200000	161300000	1.0
NW_024609857.1	161400000	161500000	1.0
NW_024609857.1	161500000	161600000	3.0
NW_024609857.1	161600000	161700000	2.0
NW_024609857.1	161900000	162000000	2.0
NW_024609857.1	162000000	162100000	1.0
NW_024609857.1	162100000	162200000	2.0
NW_024609857.1	162200000	162300000	2.0
NW_024609857.1	162300000	162400000	1.0
NW_024609857.1	162400000	162500000	1.0
NW_024609857.1	162600000	162700000	1.0
NW_024609857.1	162800000	162900000	4.0
NW_024609857.1	162900000	163000000	1.0
NW_024609857.1	163000000	163100000	2.0
NW_024609857.1	163100000	163200000	1.0
NW_024609857.1	163300000	163400000	2.0
NW_024609857.1	163400000	163500000	2.0
NW_024609857.1	163500000	163600000	1.0
NW_024609857.1	163600000	163700000	2.0
NW_024609857.1	163700000	163800000	1.0
NW_024609857.1	163800000	163900000	2.0
NW_024609857.1	163900000	164000000	1.0
NW_024609857.1	164100000	164200000	1.0
NW_024609857.1	164300000	164400000	1.0
NW_024609857.1	164400000	164500000	2.0
NW_024609857.1	164500000	164600000	3.0
NW_024609857.1	164600000	164700000	4.0
NW_024609857.1	164700000	164800000	3.0
NW_024609857.1	164800000	164900000	6.0
NW_024609857.1	164900000	165000000	2.0
NW_024609857.1	165000000	165100000	2.0
NW_024609857.1	165100000	165200000	2.0
NW_024609857.1	165200000	165300000	1.0
NW_024609857.1	165300000	165400000	1.0
NW_024609857.1	165400000	165500000	1.0
NW_024609857.1	165500000	165600000	1.0
NW_024609857.1	165700000	165800000	3.0
NW_024609857.1	165800000	165900000	1.0
NW_024609857.1	165900000	166000000	4.0
NW_024609857.1	166000000	166100000	2.0
NW_024609857.1	166100000	166200000	1.0
NW_024609857.1	166200000	166300000	2.0
NW_024609857.1	166300000	166400000	2.0
NW_024609857.1	166400000	166500000	3.0
NW_024609857.1	166600000	166700000	1.0
NW_024609857.1	166700000	166800000	1.0
NW_024609857.1	166800000	166900000	1.0
NW_024609857.1	166900000	167000000	2.0
NW_024609857.1	167000000	167100000	1.0
NW_024609857.1	167100000	167200000	2.0
NW_024609857.1	167200000	167300000	2.0
NW_024609857.1	167500000	167600000	1.0
NW_024609857.1	167600000	167700000	1.0
NW_024609857.1	167700000	167800000	1.0
NW_024609857.1	168000000	168100000	1.0
NW_024609857.1	168100000	168200000	1.0
NW_024609857.1	168500000	168600000	1.0
NW_024609857.1	168600000	168700000	3.0
NW_024609857.1	168800000	168900000	1.0
NW_024609857.1	169000000	169100000	2.0
NW_024609857.1	169300000	169400000	1.0
NW_024609857.1	169500000	169600000	1.0
NW_024609857.1	169700000	169800000	3.0
NW_024609857.1	169800000	169900000	1.0
NW_024609857.1	169900000	170000000	1.0
NW_024609857.1	170000000	170100000	1.0
NW_024609857.1	170200000	170300000	4.0
NW_024609857.1	170300000	170400000	1.0
NW_024609857.1	170400000	170500000	1.0
NW_024609857.1	170500000	170600000	1.0
NW_024609857.1	170600000	170700000	1.0
NW_024609857.1	170700000	170800000	2.0
NW_024609857.1	170800000	170900000	3.0
NW_024609857.1	170900000	171000000	1.0
NW_024609857.1	171000000	171100000	1.0
NW_024609857.1	171200000	171300000	1.0
NW_024609857.1	171400000	171500000	1.0
NW_024609857.1	171600000	171700000	3.0
NW_024609857.1	171700000	171800000	2.0
NW_024609857.1	171900000	172000000	1.0
NW_024609857.1	172100000	172200000	1.0
NW_024609857.1	172200000	172300000	2.0
NW_024609857.1	172300000	172400000	4.0
NW_024609857.1	172400000	172500000	2.0
NW_024609857.1	172700000	172800000	2.0
NW_024609857.1	172900000	173000000	1.0
NW_024609857.1	173000000	173100000	1.0
NW_024609857.1	173100000	173200000	1.0
NW_024609857.1	173200000	173300000	1.0
NW_024609857.1	173500000	173600000	1.0
NW_024609857.1	174000000	174100000	1.0
NW_024609857.1	174300000	174400000	2.0
NW_024609857.1	174500000	174600000	1.0
NW_024609857.1	174700000	174800000	1.0
NW_024609857.1	174800000	174900000	2.0
NW_024609857.1	175000000	175100000	1.0
NW_024609857.1	175100000	175200000	3.0
NW_024609857.1	175200000	175300000	6.0
NW_024609857.1	175300000	175400000	5.0
NW_024609857.1	175400000	175500000	1.0
NW_024609857.1	175600000	175700000	1.0
NW_024609857.1	175800000	175900000	1.0
NW_024609857.1	176100000	176200000	1.0
NW_024609857.1	176200000	176300000	1.0
NW_024609857.1	176300000	176400000	1.0
NW_024609857.1	176700000	176800000	1.0
NW_024609857.1	177100000	177200000	1.0
NW_024609857.1	177200000	177300000	3.0
NW_024609857.1	177300000	177400000	2.0
NW_024609857.1	177500000	177600000	1.0
NW_024609857.1	177600000	177700000	2.0
NW_024609857.1	177700000	177800000	1.0
NW_024609857.1	177900000	178000000	1.0
NW_024609857.1	178000000	178100000	1.0
NW_024609857.1	178300000	178400000	1.0
NW_024609857.1	178400000	178500000	1.0
NW_024609857.1	178500000	178600000	1.0
NW_024609857.1	178700000	178800000	1.0
NW_024609857.1	178800000	178900000	2.0
NW_024609857.1	178900000	179000000	1.0
NW_024609857.1	179000000	179100000	1.0
NW_024609857.1	179300000	179400000	1.0
NW_024609857.1	179400000	179500000	1.0
NW_024609857.1	179500000	179600000	1.0
NW_024609857.1	179600000	179700000	1.0
NW_024609857.1	179800000	179900000	1.0
NW_024609857.1	179900000	180000000	2.0
NW_024609857.1	180100000	180200000	1.0
NW_024609857.1	180300000	180400000	1.0
NW_024609857.1	180400000	180500000	1.0
NW_024609857.1	180500000	180600000	1.0
NW_024609857.1	180600000	180700000	1.0
NW_024609857.1	180700000	180800000	1.0
NW_024609857.1	180800000	180900000	1.0
NW_024609857.1	180900000	181000000	1.0
NW_024609857.1	181000000	181100000	2.0
NW_024609857.1	181700000	181800000	1.0
NW_024609857.1	181900000	182000000	2.0
NW_024609857.1	182100000	182200000	1.0
NW_024609857.1	182200000	182300000	1.0
NW_024609857.1	182800000	182900000	1.0
NW_024609857.1	182900000	183000000	1.0
NW_024609857.1	183000000	183100000	1.0
NW_024609857.1	183100000	183200000	1.0
NW_024609857.1	183500000	183600000	1.0
NW_024609857.1	183700000	183800000	1.0
NW_024609857.1	183800000	183900000	1.0
NW_024609857.1	184000000	184100000	1.0
NW_024609857.1	184100000	184200000	1.0
NW_024609857.1	184500000	184600000	2.0
NW_024609857.1	184600000	184700000	1.0
NW_024609857.1	184800000	184900000	1.0
NW_024609857.1	184900000	185000000	2.0
NW_024609857.1	185000000	185100000	1.0
NW_024609857.1	185400000	185500000	2.0
NW_024609857.1	185600000	185700000	2.0
NW_024609857.1	186000000	186100000	1.0
NW_024609857.1	186300000	186400000	1.0
NW_024609857.1	187400000	187500000	1.0
NW_024609857.1	187800000	187900000	5.0
NW_024609857.1	188000000	188100000	2.0
NW_024609857.1	188200000	188300000	1.0
NW_024609857.1	188300000	188400000	1.0
NW_024609857.1	188700000	188800000	1.0
NW_024609857.1	189000000	189100000	1.0
NW_024609857.1	189800000	189900000	1.0
NW_024609857.1	189900000	190000000	3.0
NW_024609857.1	190100000	190200000	2.0
NW_024609857.1	190200000	190300000	1.0
NW_024609857.1	190300000	190400000	2.0
NW_024609857.1	190400000	190500000	1.0
NW_024609857.1	190500000	190600000	1.0
NW_024609857.1	190600000	190700000	1.0
NW_024609857.1	190800000	190900000	1.0
NW_024609857.1	190900000	191000000	3.0
NW_024609857.1	191000000	191100000	1.0
NW_024609857.1	191100000	191200000	2.0
NW_024609857.1	191300000	191400000	2.0
NW_024609857.1	191400000	191500000	1.0
NW_024609857.1	191800000	191900000	1.0
NW_024609857.1	191900000	192000000	2.0
NW_024609857.1	192000000	192100000	3.0
NW_024609857.1	192100000	192200000	1.0
NW_024609857.1	192200000	192300000	4.0
NW_024609857.1	192300000	192400000	1.0
NW_024609857.1	192400000	192500000	3.0
NW_024609857.1	192500000	192600000	4.0
NW_024609857.1	192600000	192700000	2.0
NW_024609857.1	192800000	192900000	1.0
NW_024609857.1	192900000	193000000	2.0
NW_024609857.1	193100000	193200000	1.0
NW_024609857.1	193300000	193400000	1.0
NW_024609857.1	193500000	193600000	1.0
NW_024609857.1	193700000	193800000	1.0
NW_024609857.1	193800000	193900000	1.0
NW_024609857.1	193900000	194000000	1.0
NW_024609857.1	194000000	194100000	1.0
NW_024609857.1	194300000	194400000	1.0
NW_024609857.1	194400000	194500000	1.0
NW_024609857.1	194600000	194700000	2.0
NW_024609857.1	194700000	194800000	1.0
NW_024609857.1	194800000	194900000	3.0
NW_024609857.1	194900000	195000000	4.0
NW_024609857.1	195000000	195100000	2.0
NW_024609857.1	195100000	195200000	1.0
NW_024609857.1	195300000	195400000	1.0
NW_024609857.1	195400000	195500000	1.0
NW_024609857.1	195500000	195600000	1.0
NW_024609857.1	195700000	195800000	1.0
NW_024609857.1	195800000	195900000	2.0
NW_024609857.1	195900000	196000000	1.0
NW_024609857.1	196000000	196100000	3.0
NW_024609857.1	196200000	196300000	1.0
NW_024609857.1	196500000	196600000	1.0
NW_024609857.1	196700000	196800000	1.0
NW_024609857.1	196800000	196900000	4.0
NW_024609857.1	196900000	197000000	3.0
NW_024609857.1	197000000	197100000	1.0
NW_024609857.1	197100000	197200000	1.0
NW_024609857.1	197200000	197300000	2.0
NW_024609857.1	197400000	197500000	1.0
NW_024609857.1	197500000	197600000	1.0
NW_024609857.1	197800000	197900000	1.0
NW_024609857.1	198100000	198200000	2.0
NW_024609857.1	198300000	198400000	1.0
NW_024609857.1	198200000	198300000	1.0
NW_024609857.1	198800000	198900000	2.0
NW_024609857.1	198900000	199000000	1.0
NW_024609857.1	199200000	199300000	2.0
NW_024609857.1	199300000	199386006	1.0
NW_024609858.1	0	100000	4.0
NW_024609858.1	200000	300000	3.0
NW_024609858.1	500000	538017	3.0
NW_024609859.1	0	75997	1.0
NW_024609860.1	400000	500000	2.0
NW_024609860.1	600000	612263	1.0
NW_024609861.1	200000	300000	1.0
NW_024609861.1	900000	1000000	2.0
NW_024609861.1	1000000	1002817	1.0
NW_024609862.1	0	100000	1.0
NW_024609862.1	100000	200000	3.0
NW_024609862.1	200000	300000	1.0
NW_024609862.1	300000	400000	3.0
NW_024609862.1	500000	600000	2.0
NW_024609863.1	100000	200000	2.0
NW_024609863.1	200000	300000	2.0
NW_024609863.1	300000	326174	3.0
NW_024609864.1	0	89076	1.0
NW_024609865.1	400000	406524	1.0
NW_024609866.1	0	100000	2.0
NW_024609866.1	100000	200000	1.0
NW_024609866.1	200000	300000	2.0
NW_024609866.1	300000	306056	1.0
NW_024609867.1	0	100000	1.0
NW_024609867.1	100000	200000	1.0
NW_024609867.1	200000	300000	1.0
NW_024609867.1	400000	500000	1.0
NW_024609867.1	500000	600000	1.0
NW_024609867.1	700000	800000	1.0
NW_024609867.1	800000	900000	1.0
NW_024609867.1	900000	1000000	2.0
NW_024609867.1	1000000	1100000	3.0
NW_024609867.1	1100000	1200000	2.0
NW_024609867.1	1300000	1400000	2.0
NW_024609867.1	1400000	1500000	4.0
NW_024609867.1	1600000	1700000	1.0
NW_024609867.1	1700000	1800000	1.0
NW_024609867.1	1800000	1900000	1.0
NW_024609867.1	2000000	2100000	1.0
NW_024609867.1	2300000	2400000	2.0
NW_024609867.1	2400000	2500000	1.0
NW_024609867.1	2500000	2600000	1.0
NW_024609867.1	2600000	2700000	2.0
NW_024609867.1	3100000	3200000	1.0
NW_024609867.1	3400000	3500000	1.0
NW_024609867.1	4400000	4500000	1.0
NW_024609867.1	4600000	4700000	1.0
NW_024609867.1	4700000	4800000	1.0
NW_024609867.1	5000000	5100000	1.0
NW_024609867.1	5800000	5900000	1.0
NW_024609867.1	5900000	6000000	1.0
NW_024609867.1	6000000	6100000	1.0
NW_024609867.1	6500000	6600000	1.0
NW_024609867.1	6700000	6800000	1.0
NW_024609867.1	7500000	7600000	1.0
NW_024609867.1	7700000	7800000	1.0
NW_024609867.1	8600000	8700000	1.0
NW_024609867.1	9300000	9400000	1.0
NW_024609867.1	9400000	9500000	2.0
NW_024609867.1	9600000	9700000	2.0
NW_024609867.1	9800000	9900000	1.0
NW_024609867.1	10200000	10300000	1.0
NW_024609867.1	10500000	10600000	1.0
NW_024609867.1	11400000	11403086	1.0
NW_024609868.1	0	100000	2.0
NW_024609868.1	200000	300000	1.0
NW_024609868.1	300000	400000	1.0
NW_024609868.1	400000	500000	1.0
NW_024609868.1	500000	600000	5.0
NW_024609868.1	700000	800000	1.0
NW_024609868.1	900000	1000000	2.0
NW_024609868.1	1100000	1200000	2.0
NW_024609868.1	1200000	1300000	4.0
NW_024609868.1	1300000	1400000	2.0
NW_024609868.1	1400000	1500000	2.0
NW_024609868.1	1600000	1700000	1.0
NW_024609868.1	1900000	2000000	1.0
NW_024609868.1	2000000	2100000	1.0
NW_024609868.1	2300000	2400000	1.0
NW_024609868.1	2500000	2600000	4.0
NW_024609868.1	2600000	2700000	5.0
NW_024609868.1	2700000	2800000	2.0
NW_024609868.1	3000000	3100000	1.0
NW_024609868.1	3300000	3400000	2.0
NW_024609868.1	3500000	3600000	5.0
NW_024609868.1	3700000	3800000	1.0
NW_024609868.1	3800000	3900000	1.0
NW_024609868.1	3900000	4000000	3.0
NW_024609868.1	4000000	4100000	2.0
NW_024609868.1	4500000	4600000	1.0
NW_024609868.1	4600000	4700000	1.0
NW_024609868.1	4700000	4800000	1.0
NW_024609868.1	4800000	4900000	3.0
NW_024609868.1	4900000	5000000	5.0
NW_024609868.1	5000000	5100000	3.0
NW_024609868.1	5100000	5200000	3.0
NW_024609868.1	5200000	5300000	2.0
NW_024609868.1	5300000	5400000	1.0
NW_024609868.1	5400000	5500000	3.0
NW_024609868.1	5700000	5800000	1.0
NW_024609868.1	5800000	5900000	1.0
NW_024609868.1	6000000	6100000	3.0
NW_024609868.1	6100000	6200000	3.0
NW_024609868.1	6200000	6300000	4.0
NW_024609868.1	6700000	6800000	3.0
NW_024609868.1	6800000	6900000	1.0
NW_024609868.1	7400000	7500000	1.0
NW_024609868.1	7500000	7600000	2.0
NW_024609868.1	7600000	7700000	2.0
NW_024609868.1	7700000	7800000	3.0
NW_024609868.1	7800000	7900000	1.0
NW_024609868.1	7900000	8000000	1.0
NW_024609868.1	8200000	8300000	1.0
NW_024609868.1	8600000	8700000	1.0
NW_024609868.1	8700000	8800000	1.0
NW_024609868.1	8800000	8900000	1.0
NW_024609868.1	8900000	9000000	2.0
NW_024609868.1	9100000	9200000	3.0
NW_024609868.1	9200000	9300000	2.0
NW_024609868.1	9300000	9400000	3.0
NW_024609868.1	9400000	9500000	2.0
NW_024609868.1	9500000	9600000	1.0
NW_024609868.1	9800000	9900000	1.0
NW_024609868.1	9900000	10000000	3.0
NW_024609868.1	10000000	10100000	5.0
NW_024609868.1	10100000	10200000	2.0
NW_024609868.1	10200000	10300000	3.0
NW_024609868.1	10300000	10400000	1.0
NW_024609868.1	10400000	10500000	3.0
NW_024609868.1	10500000	10600000	6.0
NW_024609868.1	10600000	10700000	1.0
NW_024609868.1	10700000	10800000	1.0
NW_024609868.1	10900000	11000000	1.0
NW_024609868.1	11000000	11100000	1.0
NW_024609868.1	11100000	11200000	4.0
NW_024609868.1	11200000	11300000	1.0
NW_024609868.1	11300000	11400000	3.0
NW_024609868.1	11500000	11600000	1.0
NW_024609868.1	11600000	11700000	1.0
NW_024609868.1	11700000	11800000	1.0
NW_024609868.1	11800000	11900000	1.0
NW_024609868.1	11900000	12000000	1.0
NW_024609868.1	12200000	12300000	1.0
NW_024609868.1	12300000	12400000	1.0
NW_024609868.1	12400000	12500000	2.0
NW_024609868.1	12500000	12600000	1.0
NW_024609868.1	12600000	12700000	4.0
NW_024609868.1	12700000	12800000	3.0
NW_024609868.1	12800000	12900000	2.0
NW_024609868.1	12900000	13000000	3.0
NW_024609868.1	13000000	13100000	2.0
NW_024609868.1	13100000	13200000	3.0
NW_024609868.1	13200000	13300000	1.0
NW_024609868.1	13400000	13500000	2.0
NW_024609868.1	13500000	13600000	2.0
NW_024609868.1	13600000	13700000	1.0
NW_024609868.1	13900000	14000000	1.0
NW_024609868.1	14400000	14500000	2.0
NW_024609868.1	14500000	14600000	4.0
NW_024609868.1	14600000	14700000	6.0
NW_024609868.1	14700000	14800000	5.0
NW_024609868.1	14800000	14900000	7.0
NW_024609868.1	14900000	15000000	5.0
NW_024609868.1	15000000	15100000	5.0
NW_024609868.1	15100000	15200000	4.0
NW_024609868.1	15200000	15300000	3.0
NW_024609868.1	15300000	15400000	4.0
NW_024609868.1	15400000	15500000	4.0
NW_024609868.1	15500000	15600000	2.0
NW_024609868.1	15600000	15700000	1.0
NW_024609868.1	15700000	15800000	2.0
NW_024609868.1	15800000	15900000	3.0
NW_024609868.1	15900000	16000000	1.0
NW_024609868.1	16000000	16100000	2.0
NW_024609868.1	16100000	16200000	2.0
NW_024609868.1	16300000	16400000	1.0
NW_024609868.1	16700000	16800000	1.0
NW_024609868.1	16800000	16900000	3.0
NW_024609868.1	16900000	17000000	3.0
NW_024609868.1	17000000	17100000	5.0
NW_024609868.1	17100000	17200000	6.0
NW_024609868.1	17200000	17300000	1.0
NW_024609868.1	17300000	17400000	1.0
NW_024609868.1	17400000	17500000	1.0
NW_024609868.1	18100000	18200000	1.0
NW_024609868.1	18300000	18400000	3.0
NW_024609868.1	18400000	18500000	1.0
NW_024609868.1	18600000	18700000	1.0
NW_024609868.1	18500000	18600000	1.0
NW_024609868.1	18900000	19000000	1.0
NW_024609868.1	19000000	19100000	1.0
NW_024609868.1	19200000	19300000	1.0
NW_024609868.1	19400000	19500000	3.0
NW_024609868.1	19500000	19600000	2.0
NW_024609868.1	19600000	19700000	2.0
NW_024609868.1	19700000	19800000	1.0
NW_024609868.1	19900000	20000000	2.0
NW_024609868.1	20000000	20100000	1.0
NW_024609868.1	20100000	20200000	1.0
NW_024609868.1	20200000	20300000	1.0
NW_024609868.1	20300000	20400000	3.0
NW_024609868.1	20400000	20500000	3.0
NW_024609868.1	20600000	20700000	1.0
NW_024609868.1	20700000	20800000	1.0
NW_024609868.1	20800000	20900000	4.0
NW_024609868.1	21000000	21100000	3.0
NW_024609868.1	21100000	21200000	2.0
NW_024609868.1	21200000	21300000	3.0
NW_024609868.1	21300000	21400000	3.0
NW_024609868.1	21400000	21500000	2.0
NW_024609868.1	21500000	21600000	5.0
NW_024609868.1	21600000	21700000	2.0
NW_024609868.1	21700000	21800000	1.0
NW_024609868.1	21800000	21900000	1.0
NW_024609868.1	21900000	22000000	2.0
NW_024609868.1	22000000	22100000	3.0
NW_024609868.1	22100000	22200000	2.0
NW_024609868.1	22200000	22300000	1.0
NW_024609868.1	22300000	22400000	6.0
NW_024609868.1	22400000	22500000	2.0
NW_024609868.1	22600000	22700000	3.0
NW_024609868.1	22800000	22900000	1.0
NW_024609868.1	22900000	23000000	3.0
NW_024609868.1	23000000	23100000	1.0
NW_024609868.1	23100000	23200000	1.0
NW_024609868.1	23200000	23300000	6.0
NW_024609868.1	23300000	23400000	2.0
NW_024609868.1	23400000	23500000	7.0
NW_024609868.1	23500000	23600000	2.0
NW_024609868.1	23800000	23900000	2.0
NW_024609868.1	23900000	24000000	2.0
NW_024609868.1	24000000	24100000	1.0
NW_024609868.1	24100000	24200000	1.0
NW_024609868.1	24200000	24300000	1.0
NW_024609868.1	24300000	24400000	1.0
NW_024609868.1	24500000	24600000	2.0
NW_024609868.1	24800000	24900000	2.0
NW_024609868.1	25000000	25100000	1.0
NW_024609868.1	25200000	25300000	2.0
NW_024609868.1	25500000	25600000	2.0
NW_024609868.1	25600000	25700000	1.0
NW_024609868.1	25700000	25800000	1.0
NW_024609868.1	25800000	25900000	1.0
NW_024609868.1	25900000	26000000	4.0
NW_024609868.1	26000000	26100000	4.0
NW_024609868.1	26100000	26200000	2.0
NW_024609868.1	26200000	26300000	1.0
NW_024609868.1	26500000	26600000	1.0
NW_024609868.1	26800000	26900000	3.0
NW_024609868.1	26900000	27000000	1.0
NW_024609868.1	27000000	27100000	1.0
NW_024609868.1	27500000	27600000	1.0
NW_024609868.1	27700000	27800000	1.0
NW_024609868.1	27900000	28000000	1.0
NW_024609868.1	28000000	28100000	1.0
NW_024609868.1	28100000	28200000	1.0
NW_024609868.1	28200000	28300000	1.0
NW_024609868.1	28300000	28400000	1.0
NW_024609868.1	28400000	28500000	4.0
NW_024609868.1	28600000	28700000	4.0
NW_024609868.1	28700000	28800000	2.0
NW_024609868.1	28800000	28900000	1.0
NW_024609868.1	28900000	29000000	1.0
NW_024609868.1	29000000	29100000	1.0
NW_024609868.1	29100000	29200000	1.0
NW_024609868.1	29200000	29300000	1.0
NW_024609868.1	29300000	29400000	1.0
NW_024609868.1	29400000	29500000	3.0
NW_024609868.1	29500000	29600000	3.0
NW_024609868.1	29700000	29800000	1.0
NW_024609868.1	29800000	29900000	1.0
NW_024609868.1	29900000	30000000	1.0
NW_024609868.1	30000000	30100000	1.0
NW_024609868.1	30100000	30200000	1.0
NW_024609868.1	30200000	30300000	5.0
NW_024609868.1	30400000	30500000	1.0
NW_024609868.1	30500000	30600000	1.0
NW_024609868.1	30600000	30700000	3.0
NW_024609868.1	30700000	30800000	2.0
NW_024609868.1	30800000	30900000	1.0
NW_024609868.1	30900000	31000000	1.0
NW_024609868.1	31000000	31100000	4.0
NW_024609868.1	31100000	31200000	2.0
NW_024609868.1	31200000	31300000	3.0
NW_024609868.1	31400000	31500000	2.0
NW_024609868.1	31600000	31700000	4.0
NW_024609868.1	31700000	31800000	2.0
NW_024609868.1	31900000	32000000	2.0
NW_024609868.1	32000000	32100000	2.0
NW_024609868.1	32100000	32200000	3.0
NW_024609868.1	32200000	32300000	3.0
NW_024609868.1	32300000	32400000	3.0
NW_024609868.1	32400000	32500000	2.0
NW_024609868.1	32500000	32600000	1.0
NW_024609868.1	32600000	32700000	1.0
NW_024609868.1	32700000	32800000	1.0
NW_024609868.1	32900000	33000000	1.0
NW_024609868.1	33100000	33200000	1.0
NW_024609868.1	33500000	33600000	1.0
NW_024609868.1	33600000	33700000	1.0
NW_024609868.1	33700000	33800000	1.0
NW_024609868.1	33800000	33900000	1.0
NW_024609868.1	33900000	34000000	1.0
NW_024609868.1	34000000	34100000	2.0
NW_024609868.1	34100000	34200000	4.0
NW_024609868.1	34200000	34300000	7.0
NW_024609868.1	34300000	34400000	2.0
NW_024609868.1	34500000	34600000	3.0
NW_024609868.1	34600000	34700000	1.0
NW_024609868.1	34700000	34800000	1.0
NW_024609868.1	34800000	34900000	1.0
NW_024609868.1	34900000	35000000	1.0
NW_024609868.1	35200000	35300000	3.0
NW_024609868.1	35300000	35400000	3.0
NW_024609868.1	35400000	35500000	5.0
NW_024609868.1	35600000	35700000	3.0
NW_024609868.1	35700000	35800000	1.0
NW_024609868.1	35800000	35900000	1.0
NW_024609868.1	35900000	36000000	1.0
NW_024609868.1	36100000	36200000	1.0
NW_024609868.1	36200000	36300000	1.0
NW_024609868.1	36300000	36400000	1.0
NW_024609868.1	36500000	36600000	1.0
NW_024609868.1	36800000	36900000	1.0
NW_024609868.1	36900000	37000000	1.0
NW_024609868.1	37000000	37100000	1.0
NW_024609868.1	37100000	37200000	1.0
NW_024609868.1	37200000	37300000	4.0
NW_024609868.1	37300000	37400000	3.0
NW_024609868.1	37400000	37500000	1.0
NW_024609868.1	37500000	37600000	1.0
NW_024609868.1	38000000	38100000	3.0
NW_024609868.1	38100000	38200000	4.0
NW_024609868.1	38700000	38800000	1.0
NW_024609868.1	38800000	38900000	2.0
NW_024609868.1	39100000	39200000	2.0
NW_024609868.1	39200000	39300000	2.0
NW_024609868.1	39300000	39400000	2.0
NW_024609868.1	39400000	39500000	2.0
NW_024609868.1	39600000	39700000	1.0
NW_024609868.1	39700000	39800000	1.0
NW_024609868.1	39800000	39900000	1.0
NW_024609868.1	39900000	40000000	2.0
NW_024609868.1	40000000	40100000	1.0
NW_024609868.1	40100000	40200000	1.0
NW_024609868.1	40200000	40300000	1.0
NW_024609868.1	40300000	40400000	2.0
NW_024609868.1	40400000	40500000	5.0
NW_024609868.1	40500000	40600000	1.0
NW_024609868.1	40600000	40700000	1.0
NW_024609868.1	40700000	40800000	5.0
NW_024609868.1	40800000	40900000	2.0
NW_024609868.1	40900000	41000000	2.0
NW_024609868.1	41000000	41100000	2.0
NW_024609868.1	41300000	41400000	2.0
NW_024609868.1	41400000	41500000	1.0
NW_024609868.1	41500000	41600000	2.0
NW_024609868.1	41600000	41700000	2.0
NW_024609868.1	41700000	41800000	6.0
NW_024609868.1	42000000	42100000	1.0
NW_024609868.1	41900000	42000000	1.0
NW_024609868.1	42300000	42400000	2.0
NW_024609868.1	42500000	42600000	1.0
NW_024609868.1	42600000	42700000	1.0
NW_024609868.1	42700000	42800000	4.0
NW_024609868.1	42800000	42900000	1.0
NW_024609868.1	42900000	43000000	2.0
NW_024609868.1	43000000	43100000	1.0
NW_024609868.1	43200000	43300000	3.0
NW_024609868.1	43300000	43400000	2.0
NW_024609868.1	43400000	43500000	2.0
NW_024609868.1	43500000	43600000	2.0
NW_024609868.1	43600000	43700000	2.0
NW_024609868.1	43700000	43800000	1.0
NW_024609868.1	43800000	43900000	2.0
NW_024609868.1	43900000	44000000	2.0
NW_024609868.1	44000000	44100000	2.0
NW_024609868.1	44100000	44200000	1.0
NW_024609868.1	44300000	44400000	2.0
NW_024609868.1	44500000	44600000	1.0
NW_024609868.1	44600000	44700000	2.0
NW_024609868.1	44700000	44800000	2.0
NW_024609868.1	45100000	45200000	1.0
NW_024609868.1	45200000	45300000	1.0
NW_024609868.1	45300000	45400000	1.0
NW_024609868.1	45400000	45500000	1.0
NW_024609868.1	45500000	45600000	3.0
NW_024609868.1	45600000	45700000	1.0
NW_024609868.1	45700000	45800000	5.0
NW_024609868.1	45800000	45900000	2.0
NW_024609868.1	45900000	46000000	1.0
NW_024609868.1	46000000	46100000	4.0
NW_024609868.1	46100000	46200000	5.0
NW_024609868.1	46200000	46300000	2.0
NW_024609868.1	46400000	46500000	1.0
NW_024609868.1	46600000	46700000	3.0
NW_024609868.1	46700000	46800000	7.0
NW_024609868.1	46800000	46900000	1.0
NW_024609868.1	47100000	47200000	2.0
NW_024609868.1	47200000	47300000	1.0
NW_024609868.1	47300000	47400000	1.0
NW_024609868.1	47400000	47500000	1.0
NW_024609868.1	47500000	47600000	1.0
NW_024609868.1	47600000	47700000	1.0
NW_024609868.1	47700000	47800000	1.0
NW_024609868.1	47800000	47900000	1.0
NW_024609868.1	47900000	48000000	1.0
NW_024609868.1	48000000	48100000	2.0
NW_024609868.1	48100000	48200000	1.0
NW_024609868.1	48300000	48400000	2.0
NW_024609868.1	48400000	48500000	4.0
NW_024609868.1	48500000	48600000	1.0
NW_024609868.1	48600000	48700000	1.0
NW_024609868.1	48700000	48800000	1.0
NW_024609868.1	48800000	48900000	1.0
NW_024609868.1	48900000	49000000	1.0
NW_024609868.1	49000000	49100000	4.0
NW_024609868.1	49100000	49200000	1.0
NW_024609868.1	49200000	49300000	1.0
NW_024609868.1	49300000	49400000	2.0
NW_024609868.1	49400000	49500000	1.0
NW_024609868.1	49500000	49600000	2.0
NW_024609868.1	49600000	49700000	1.0
NW_024609868.1	49700000	49800000	2.0
NW_024609868.1	49800000	49900000	1.0
NW_024609868.1	50000000	50100000	2.0
NW_024609868.1	50100000	50200000	4.0
NW_024609868.1	50200000	50300000	2.0
NW_024609868.1	50300000	50400000	3.0
NW_024609868.1	50400000	50500000	2.0
NW_024609868.1	50500000	50600000	4.0
NW_024609868.1	50600000	50700000	3.0
NW_024609868.1	50800000	50900000	1.0
NW_024609868.1	50900000	51000000	1.0
NW_024609868.1	51200000	51300000	3.0
NW_024609868.1	51300000	51400000	1.0
NW_024609868.1	51400000	51500000	5.0
NW_024609868.1	51500000	51600000	3.0
NW_024609868.1	51600000	51700000	3.0
NW_024609868.1	51700000	51800000	2.0
NW_024609868.1	51800000	51900000	3.0
NW_024609868.1	51900000	52000000	3.0
NW_024609868.1	52000000	52100000	1.0
NW_024609868.1	52300000	52400000	2.0
NW_024609868.1	52600000	52700000	2.0
NW_024609868.1	52700000	52800000	1.0
NW_024609868.1	52800000	52900000	2.0
NW_024609868.1	52900000	53000000	1.0
NW_024609868.1	53000000	53100000	1.0
NW_024609868.1	53100000	53200000	1.0
NW_024609868.1	53200000	53300000	2.0
NW_024609868.1	53300000	53400000	2.0
NW_024609868.1	53400000	53500000	1.0
NW_024609868.1	53500000	53600000	3.0
NW_024609868.1	53600000	53700000	3.0
NW_024609868.1	53700000	53800000	3.0
NW_024609868.1	53800000	53900000	2.0
NW_024609868.1	54300000	54400000	1.0
NW_024609868.1	54600000	54700000	1.0
NW_024609868.1	54700000	54800000	5.0
NW_024609868.1	54800000	54900000	3.0
NW_024609868.1	55000000	55100000	2.0
NW_024609868.1	55300000	55400000	2.0
NW_024609868.1	55400000	55500000	1.0
NW_024609868.1	55600000	55700000	1.0
NW_024609868.1	55700000	55800000	1.0
NW_024609868.1	55800000	55900000	1.0
NW_024609868.1	55900000	56000000	1.0
NW_024609868.1	56100000	56200000	1.0
NW_024609868.1	56200000	56300000	1.0
NW_024609868.1	56300000	56400000	1.0
NW_024609868.1	56400000	56500000	2.0
NW_024609868.1	56500000	56600000	1.0
NW_024609868.1	56600000	56700000	3.0
NW_024609868.1	56700000	56800000	1.0
NW_024609868.1	56800000	56900000	1.0
NW_024609868.1	57200000	57300000	1.0
NW_024609868.1	57400000	57500000	1.0
NW_024609868.1	57600000	57700000	2.0
NW_024609868.1	57700000	57800000	3.0
NW_024609868.1	57800000	57900000	1.0
NW_024609868.1	57900000	58000000	1.0
NW_024609868.1	58100000	58200000	2.0
NW_024609868.1	58500000	58600000	1.0
NW_024609868.1	58900000	59000000	1.0
NW_024609868.1	58800000	58900000	3.0
NW_024609868.1	59000000	59100000	1.0
NW_024609868.1	59300000	59400000	1.0
NW_024609868.1	59800000	59900000	1.0
NW_024609868.1	59900000	60000000	1.0
NW_024609868.1	60100000	60200000	1.0
NW_024609868.1	60200000	60300000	1.0
NW_024609868.1	60500000	60600000	1.0
NW_024609868.1	60600000	60700000	4.0
NW_024609868.1	60700000	60800000	1.0
NW_024609868.1	60800000	60900000	1.0
NW_024609868.1	61000000	61100000	1.0
NW_024609868.1	61300000	61400000	1.0
NW_024609868.1	61400000	61500000	2.0
NW_024609868.1	61500000	61600000	2.0
NW_024609868.1	61700000	61800000	2.0
NW_024609868.1	62000000	62100000	1.0
NW_024609868.1	62100000	62200000	1.0
NW_024609868.1	62200000	62300000	1.0
NW_024609868.1	62400000	62500000	2.0
NW_024609868.1	62700000	62800000	3.0
NW_024609868.1	62800000	62900000	1.0
NW_024609868.1	62900000	63000000	1.0
NW_024609868.1	63000000	63100000	2.0
NW_024609868.1	63100000	63200000	1.0
NW_024609868.1	63200000	63300000	1.0
NW_024609868.1	63600000	63700000	2.0
NW_024609868.1	63700000	63800000	5.0
NW_024609868.1	63800000	63900000	3.0
NW_024609868.1	63900000	64000000	4.0
NW_024609868.1	64100000	64200000	2.0
NW_024609868.1	64200000	64300000	1.0
NW_024609868.1	64300000	64400000	1.0
NW_024609868.1	64400000	64500000	3.0
NW_024609868.1	64500000	64600000	4.0
NW_024609868.1	64600000	64700000	4.0
NW_024609868.1	64700000	64800000	3.0
NW_024609868.1	64800000	64900000	3.0
NW_024609868.1	64900000	65000000	3.0
NW_024609868.1	65000000	65100000	1.0
NW_024609868.1	65100000	65200000	3.0
NW_024609868.1	65200000	65300000	1.0
NW_024609868.1	65300000	65400000	1.0
NW_024609868.1	65400000	65500000	3.0
NW_024609868.1	65500000	65600000	3.0
NW_024609868.1	65600000	65700000	2.0
NW_024609868.1	65700000	65800000	1.0
NW_024609868.1	65900000	66000000	1.0
NW_024609868.1	66000000	66100000	3.0
NW_024609868.1	66100000	66200000	1.0
NW_024609868.1	66200000	66300000	1.0
NW_024609868.1	66500000	66600000	1.0
NW_024609868.1	66800000	66900000	1.0
NW_024609868.1	66900000	67000000	1.0
NW_024609868.1	67700000	67800000	1.0
NW_024609868.1	67600000	67700000	1.0
NW_024609868.1	67800000	67900000	3.0
NW_024609868.1	67900000	68000000	3.0
NW_024609868.1	68000000	68100000	3.0
NW_024609868.1	68200000	68300000	1.0
NW_024609868.1	68300000	68400000	1.0
NW_024609868.1	68500000	68600000	1.0
NW_024609868.1	68600000	68700000	2.0
NW_024609868.1	68700000	68800000	2.0
NW_024609868.1	68900000	69000000	3.0
NW_024609868.1	69000000	69100000	2.0
NW_024609868.1	69100000	69200000	1.0
NW_024609868.1	69200000	69300000	1.0
NW_024609868.1	69300000	69400000	1.0
NW_024609868.1	69400000	69500000	2.0
NW_024609868.1	69600000	69700000	1.0
NW_024609868.1	70000000	70100000	3.0
NW_024609868.1	70100000	70200000	3.0
NW_024609868.1	70200000	70300000	1.0
NW_024609868.1	70300000	70400000	3.0
NW_024609868.1	70400000	70500000	1.0
NW_024609868.1	70600000	70700000	2.0
NW_024609868.1	70700000	70800000	1.0
NW_024609868.1	70900000	71000000	1.0
NW_024609868.1	71000000	71100000	1.0
NW_024609868.1	71100000	71200000	1.0
NW_024609868.1	71200000	71300000	1.0
NW_024609868.1	71300000	71400000	1.0
NW_024609868.1	71400000	71500000	1.0
NW_024609868.1	71500000	71600000	2.0
NW_024609868.1	71700000	71800000	1.0
NW_024609868.1	71900000	72000000	2.0
NW_024609868.1	72000000	72100000	3.0
NW_024609868.1	72100000	72200000	3.0
NW_024609868.1	72200000	72300000	2.0
NW_024609868.1	72300000	72400000	1.0
NW_024609868.1	72500000	72600000	1.0
NW_024609868.1	72600000	72700000	1.0
NW_024609868.1	72700000	72800000	1.0
NW_024609868.1	72800000	72900000	1.0
NW_024609868.1	72900000	73000000	2.0
NW_024609868.1	73000000	73100000	6.0
NW_024609868.1	73100000	73200000	2.0
NW_024609868.1	73200000	73300000	3.0
NW_024609868.1	73300000	73400000	5.0
NW_024609868.1	73400000	73500000	1.0
NW_024609868.1	73500000	73600000	2.0
NW_024609868.1	73600000	73700000	1.0
NW_024609868.1	73700000	73800000	3.0
NW_024609868.1	73800000	73900000	1.0
NW_024609868.1	73900000	74000000	2.0
NW_024609868.1	74000000	74100000	1.0
NW_024609868.1	74100000	74200000	1.0
NW_024609868.1	74200000	74300000	3.0
NW_024609868.1	74400000	74500000	3.0
NW_024609868.1	74500000	74600000	3.0
NW_024609868.1	74700000	74800000	1.0
NW_024609868.1	74800000	74900000	1.0
NW_024609868.1	74900000	75000000	2.0
NW_024609868.1	75000000	75100000	1.0
NW_024609868.1	75100000	75200000	3.0
NW_024609868.1	75200000	75300000	5.0
NW_024609868.1	75300000	75400000	6.0
NW_024609868.1	75400000	75500000	3.0
NW_024609868.1	75500000	75600000	5.0
NW_024609868.1	75600000	75700000	4.0
NW_024609868.1	75700000	75800000	1.0
NW_024609868.1	75800000	75900000	2.0
NW_024609868.1	75900000	76000000	4.0
NW_024609868.1	76200000	76300000	3.0
NW_024609868.1	76300000	76400000	4.0
NW_024609868.1	76400000	76500000	5.0
NW_024609868.1	76500000	76600000	2.0
NW_024609868.1	76600000	76700000	3.0
NW_024609868.1	76700000	76800000	2.0
NW_024609868.1	77000000	77100000	1.0
NW_024609868.1	77100000	77200000	1.0
NW_024609868.1	77400000	77500000	2.0
NW_024609868.1	77800000	77900000	1.0
NW_024609868.1	78100000	78200000	2.0
NW_024609868.1	78200000	78300000	2.0
NW_024609868.1	78300000	78400000	2.0
NW_024609868.1	78400000	78500000	1.0
NW_024609868.1	78500000	78600000	2.0
NW_024609868.1	78600000	78700000	2.0
NW_024609868.1	78800000	78900000	1.0
NW_024609868.1	79000000	79100000	2.0
NW_024609868.1	79200000	79300000	2.0
NW_024609868.1	79300000	79400000	2.0
NW_024609868.1	79400000	79500000	1.0
NW_024609868.1	79500000	79600000	2.0
NW_024609868.1	79600000	79700000	3.0
NW_024609868.1	79700000	79800000	2.0
NW_024609868.1	80000000	80100000	2.0
NW_024609868.1	80100000	80200000	3.0
NW_024609868.1	80200000	80300000	5.0
NW_024609868.1	80300000	80400000	1.0
NW_024609868.1	80400000	80500000	1.0
NW_024609868.1	80700000	80800000	2.0
NW_024609868.1	80800000	80900000	2.0
NW_024609868.1	80900000	81000000	2.0
NW_024609868.1	81000000	81100000	1.0
NW_024609868.1	81200000	81300000	1.0
NW_024609868.1	81800000	81900000	2.0
NW_024609868.1	82300000	82400000	1.0
NW_024609868.1	82600000	82700000	1.0
NW_024609868.1	82700000	82800000	1.0
NW_024609868.1	82800000	82900000	1.0
NW_024609868.1	82900000	83000000	1.0
NW_024609868.1	83200000	83300000	2.0
NW_024609868.1	83300000	83400000	3.0
NW_024609868.1	83400000	83500000	2.0
NW_024609868.1	83500000	83600000	2.0
NW_024609868.1	83600000	83700000	2.0
NW_024609868.1	83700000	83800000	1.0
NW_024609868.1	83800000	83900000	1.0
NW_024609868.1	84000000	84100000	3.0
NW_024609868.1	84100000	84200000	2.0
NW_024609868.1	84200000	84300000	1.0
NW_024609868.1	84300000	84400000	1.0
NW_024609868.1	84400000	84500000	1.0
NW_024609868.1	84900000	85000000	1.0
NW_024609868.1	85000000	85100000	2.0
NW_024609868.1	85100000	85200000	1.0
NW_024609868.1	85300000	85400000	2.0
NW_024609868.1	85500000	85600000	1.0
NW_024609868.1	85600000	85700000	3.0
NW_024609868.1	85700000	85800000	1.0
NW_024609868.1	85800000	85900000	1.0
NW_024609868.1	85900000	86000000	1.0
NW_024609868.1	86100000	86200000	1.0
NW_024609868.1	86200000	86300000	1.0
NW_024609868.1	86300000	86400000	2.0
NW_024609868.1	86500000	86600000	4.0
NW_024609868.1	86600000	86700000	3.0
NW_024609868.1	86700000	86800000	2.0
NW_024609868.1	86800000	86900000	1.0
NW_024609868.1	87100000	87200000	1.0
NW_024609868.1	87200000	87300000	4.0
NW_024609868.1	87300000	87400000	4.0
NW_024609868.1	87400000	87500000	3.0
NW_024609868.1	87500000	87600000	1.0
NW_024609868.1	87700000	87800000	1.0
NW_024609868.1	87900000	88000000	4.0
NW_024609868.1	88000000	88100000	2.0
NW_024609868.1	88100000	88200000	2.0
NW_024609868.1	88200000	88300000	1.0
NW_024609868.1	88300000	88400000	1.0
NW_024609868.1	88500000	88600000	1.0
NW_024609868.1	88600000	88700000	2.0
NW_024609868.1	88700000	88800000	2.0
NW_024609868.1	88800000	88900000	2.0
NW_024609868.1	88900000	89000000	1.0
NW_024609868.1	89000000	89100000	2.0
NW_024609868.1	89100000	89200000	2.0
NW_024609868.1	89200000	89300000	2.0
NW_024609868.1	89300000	89400000	1.0
NW_024609868.1	89400000	89500000	4.0
NW_024609868.1	89500000	89600000	1.0
NW_024609868.1	89700000	89800000	3.0
NW_024609868.1	89800000	89900000	1.0
NW_024609868.1	89900000	90000000	1.0
NW_024609868.1	90000000	90100000	3.0
NW_024609868.1	90100000	90200000	4.0
NW_024609868.1	90200000	90300000	2.0
NW_024609868.1	90400000	90500000	2.0
NW_024609868.1	90500000	90600000	2.0
NW_024609868.1	90700000	90800000	1.0
NW_024609868.1	90800000	90900000	1.0
NW_024609868.1	91000000	91100000	2.0
NW_024609868.1	91100000	91200000	1.0
NW_024609868.1	91300000	91400000	1.0
NW_024609868.1	91400000	91500000	1.0
NW_024609868.1	91500000	91600000	1.0
NW_024609868.1	91600000	91700000	1.0
NW_024609868.1	91800000	91900000	2.0
NW_024609868.1	92000000	92100000	1.0
NW_024609868.1	92400000	92500000	1.0
NW_024609868.1	92500000	92600000	1.0
NW_024609868.1	92600000	92700000	2.0
NW_024609868.1	92700000	92800000	1.0
NW_024609868.1	92800000	92900000	2.0
NW_024609868.1	92900000	93000000	1.0
NW_024609868.1	93000000	93100000	2.0
NW_024609868.1	93500000	93600000	1.0
NW_024609868.1	93600000	93700000	4.0
NW_024609868.1	93700000	93800000	3.0
NW_024609868.1	93800000	93900000	2.0
NW_024609868.1	93900000	94000000	2.0
NW_024609868.1	94000000	94100000	1.0
NW_024609868.1	94100000	94200000	1.0
NW_024609868.1	94200000	94300000	1.0
NW_024609868.1	94300000	94400000	1.0
NW_024609868.1	94400000	94500000	2.0
NW_024609868.1	94500000	94600000	1.0
NW_024609868.1	94700000	94800000	1.0
NW_024609868.1	94900000	95000000	1.0
NW_024609868.1	95000000	95100000	2.0
NW_024609868.1	95200000	95300000	2.0
NW_024609868.1	95600000	95700000	1.0
NW_024609868.1	95800000	95900000	1.0
NW_024609868.1	95900000	96000000	1.0
NW_024609868.1	96100000	96200000	1.0
NW_024609868.1	96300000	96400000	4.0
NW_024609868.1	96400000	96500000	2.0
NW_024609868.1	96500000	96600000	4.0
NW_024609868.1	96600000	96700000	1.0
NW_024609868.1	96700000	96800000	1.0
NW_024609868.1	96800000	96900000	2.0
NW_024609868.1	96900000	97000000	1.0
NW_024609868.1	97000000	97100000	1.0
NW_024609868.1	97200000	97300000	3.0
NW_024609868.1	97300000	97400000	3.0
NW_024609868.1	97400000	97500000	1.0
NW_024609868.1	97500000	97600000	2.0
NW_024609868.1	97600000	97700000	2.0
NW_024609868.1	97700000	97800000	1.0
NW_024609868.1	97800000	97900000	1.0
NW_024609868.1	97900000	98000000	2.0
NW_024609868.1	98000000	98100000	1.0
NW_024609868.1	98100000	98200000	1.0
NW_024609868.1	98200000	98300000	1.0
NW_024609868.1	98300000	98400000	1.0
NW_024609868.1	98600000	98700000	1.0
NW_024609868.1	98700000	98800000	2.0
NW_024609868.1	98900000	99000000	1.0
NW_024609868.1	99000000	99100000	2.0
NW_024609868.1	99100000	99200000	1.0
NW_024609868.1	99700000	99800000	1.0
NW_024609868.1	99800000	99900000	1.0
NW_024609868.1	99900000	100000000	3.0
NW_024609868.1	100100000	100200000	2.0
NW_024609868.1	100300000	100400000	1.0
NW_024609868.1	100400000	100500000	1.0
NW_024609868.1	100700000	100800000	2.0
NW_024609868.1	100800000	100900000	1.0
NW_024609868.1	100900000	101000000	2.0
NW_024609868.1	101100000	101200000	2.0
NW_024609868.1	101600000	101700000	1.0
NW_024609868.1	101700000	101800000	1.0
NW_024609868.1	101900000	102000000	1.0
NW_024609868.1	102200000	102300000	2.0
NW_024609868.1	102400000	102500000	1.0
NW_024609868.1	102500000	102600000	1.0
NW_024609868.1	102700000	102800000	1.0
NW_024609868.1	103400000	103500000	1.0
NW_024609868.1	103700000	103800000	1.0
NW_024609868.1	103800000	103900000	2.0
NW_024609868.1	104000000	104100000	1.0
NW_024609868.1	104100000	104200000	1.0
NW_024609868.1	104300000	104400000	1.0
NW_024609868.1	104600000	104700000	1.0
NW_024609868.1	104700000	104800000	1.0
NW_024609868.1	104800000	104900000	4.0
NW_024609868.1	104900000	105000000	2.0
NW_024609868.1	105000000	105100000	2.0
NW_024609868.1	105100000	105200000	1.0
NW_024609868.1	105200000	105300000	1.0
NW_024609868.1	105400000	105500000	2.0
NW_024609868.1	105500000	105600000	2.0
NW_024609868.1	105600000	105700000	1.0
NW_024609868.1	105700000	105800000	1.0
NW_024609868.1	105800000	105900000	1.0
NW_024609868.1	106100000	106200000	1.0
NW_024609868.1	106200000	106300000	1.0
NW_024609868.1	106300000	106400000	1.0
NW_024609868.1	106400000	106500000	1.0
NW_024609868.1	106600000	106700000	2.0
NW_024609868.1	106700000	106800000	1.0
NW_024609868.1	106800000	106900000	2.0
NW_024609868.1	106900000	107000000	2.0
NW_024609868.1	107100000	107200000	2.0
NW_024609868.1	107300000	107400000	1.0
NW_024609868.1	107400000	107500000	5.0
NW_024609868.1	107500000	107600000	2.0
NW_024609868.1	107600000	107700000	1.0
NW_024609868.1	107700000	107800000	2.0
NW_024609868.1	107800000	107900000	4.0
NW_024609868.1	107900000	108000000	1.0
NW_024609868.1	108000000	108100000	2.0
NW_024609868.1	108100000	108200000	1.0
NW_024609868.1	108700000	108800000	4.0
NW_024609868.1	108900000	109000000	2.0
NW_024609868.1	109200000	109300000	2.0
NW_024609868.1	109300000	109400000	1.0
NW_024609868.1	109500000	109600000	5.0
NW_024609868.1	110300000	110400000	2.0
NW_024609868.1	110400000	110500000	1.0
NW_024609868.1	110500000	110600000	1.0
NW_024609868.1	110600000	110700000	2.0
NW_024609868.1	110800000	110900000	1.0
NW_024609868.1	110900000	111000000	1.0
NW_024609868.1	111000000	111100000	1.0
NW_024609868.1	111100000	111200000	3.0
NW_024609868.1	111200000	111300000	1.0
NW_024609868.1	111400000	111500000	2.0
NW_024609868.1	112300000	112400000	1.0
NW_024609868.1	112400000	112500000	2.0
NW_024609868.1	112500000	112600000	1.0
NW_024609868.1	112600000	112700000	1.0
NW_024609868.1	112900000	113000000	1.0
NW_024609868.1	113000000	113100000	1.0
NW_024609868.1	113100000	113200000	3.0
NW_024609868.1	113200000	113300000	2.0
NW_024609868.1	113300000	113400000	2.0
NW_024609868.1	113400000	113500000	1.0
NW_024609868.1	113600000	113700000	1.0
NW_024609868.1	113900000	114000000	3.0
NW_024609868.1	114000000	114100000	2.0
NW_024609868.1	114100000	114200000	3.0
NW_024609868.1	114400000	114500000	2.0
NW_024609868.1	114500000	114600000	2.0
NW_024609868.1	114600000	114700000	2.0
NW_024609868.1	114700000	114800000	2.0
NW_024609868.1	114800000	114900000	1.0
NW_024609868.1	114900000	115000000	2.0
NW_024609868.1	115000000	115100000	1.0
NW_024609868.1	115100000	115200000	2.0
NW_024609868.1	115400000	115500000	2.0
NW_024609868.1	115500000	115600000	1.0
NW_024609868.1	116000000	116100000	2.0
NW_024609868.1	115700000	115800000	1.0
NW_024609868.1	115800000	115900000	1.0
NW_024609868.1	115900000	116000000	4.0
NW_024609868.1	116400000	116500000	3.0
NW_024609868.1	116500000	116600000	3.0
NW_024609868.1	116600000	116700000	1.0
NW_024609868.1	116700000	116800000	1.0
NW_024609868.1	116800000	116900000	1.0
NW_024609868.1	116900000	117000000	2.0
NW_024609868.1	117000000	117100000	1.0
NW_024609868.1	117100000	117200000	3.0
NW_024609868.1	117200000	117300000	3.0
NW_024609868.1	117300000	117400000	1.0
NW_024609868.1	117400000	117500000	1.0
NW_024609868.1	117600000	117700000	1.0
NW_024609868.1	117800000	117900000	2.0
NW_024609868.1	118100000	118200000	2.0
NW_024609868.1	118200000	118300000	1.0
NW_024609868.1	118300000	118400000	2.0
NW_024609868.1	118500000	118600000	1.0
NW_024609868.1	118600000	118700000	1.0
NW_024609868.1	118800000	118900000	1.0
NW_024609868.1	119100000	119200000	3.0
NW_024609868.1	119200000	119300000	2.0
NW_024609868.1	119300000	119400000	2.0
NW_024609868.1	119400000	119500000	2.0
NW_024609868.1	119500000	119600000	2.0
NW_024609868.1	119600000	119700000	2.0
NW_024609868.1	119700000	119800000	2.0
NW_024609868.1	119800000	119900000	2.0
NW_024609868.1	119900000	120000000	1.0
NW_024609868.1	120100000	120200000	1.0
NW_024609868.1	120200000	120300000	1.0
NW_024609868.1	120300000	120400000	1.0
NW_024609868.1	120400000	120500000	1.0
NW_024609868.1	120600000	120700000	1.0
NW_024609868.1	120700000	120800000	2.0
NW_024609868.1	120800000	120900000	2.0
NW_024609868.1	120900000	121000000	1.0
NW_024609868.1	121000000	121100000	1.0
NW_024609868.1	121300000	121400000	1.0
NW_024609868.1	121400000	121500000	1.0
NW_024609868.1	121500000	121600000	2.0
NW_024609868.1	121700000	121800000	1.0
NW_024609868.1	121900000	122000000	1.0
NW_024609868.1	122200000	122300000	1.0
NW_024609868.1	122300000	122400000	1.0
NW_024609868.1	122400000	122500000	1.0
NW_024609868.1	122500000	122600000	1.0
NW_024609868.1	122800000	122900000	1.0
NW_024609868.1	123000000	123100000	2.0
NW_024609868.1	123300000	123400000	1.0
NW_024609868.1	123400000	123500000	1.0
NW_024609868.1	123500000	123600000	2.0
NW_024609868.1	123600000	123700000	1.0
NW_024609868.1	123700000	123800000	2.0
NW_024609868.1	123800000	123900000	1.0
NW_024609868.1	123900000	124000000	2.0
NW_024609868.1	124000000	124100000	1.0
NW_024609868.1	124100000	124200000	1.0
NW_024609868.1	124200000	124300000	1.0
NW_024609868.1	124400000	124500000	1.0
NW_024609868.1	124500000	124600000	2.0
NW_024609868.1	124600000	124700000	1.0
NW_024609868.1	124800000	124900000	1.0
NW_024609868.1	125000000	125100000	3.0
NW_024609868.1	125100000	125200000	1.0
NW_024609868.1	125300000	125400000	1.0
NW_024609868.1	125500000	125600000	2.0
NW_024609868.1	125600000	125700000	2.0
NW_024609868.1	125700000	125800000	1.0
NW_024609868.1	125900000	126000000	5.0
NW_024609868.1	126000000	126100000	2.0
NW_024609868.1	126200000	126300000	1.0
NW_024609868.1	126400000	126500000	2.0
NW_024609868.1	126500000	126600000	3.0
NW_024609868.1	126700000	126800000	1.0
NW_024609868.1	126800000	126900000	1.0
NW_024609868.1	126900000	127000000	3.0
NW_024609868.1	127000000	127100000	4.0
NW_024609868.1	127100000	127200000	1.0
NW_024609868.1	127200000	127300000	1.0
NW_024609868.1	127400000	127500000	3.0
NW_024609868.1	127900000	128000000	3.0
NW_024609868.1	128000000	128100000	1.0
NW_024609868.1	128200000	128300000	1.0
NW_024609868.1	128300000	128400000	2.0
NW_024609868.1	128400000	128500000	2.0
NW_024609868.1	128500000	128600000	1.0
NW_024609868.1	128600000	128700000	2.0
NW_024609868.1	128700000	128800000	2.0
NW_024609868.1	128800000	128900000	1.0
NW_024609868.1	128900000	129000000	1.0
NW_024609868.1	129100000	129200000	2.0
NW_024609868.1	129200000	129300000	3.0
NW_024609868.1	129300000	129400000	1.0
NW_024609868.1	129400000	129500000	2.0
NW_024609868.1	129500000	129600000	4.0
NW_024609868.1	129700000	129800000	1.0
NW_024609868.1	129800000	129900000	1.0
NW_024609868.1	129900000	130000000	2.0
NW_024609868.1	130000000	130100000	1.0
NW_024609868.1	130100000	130200000	1.0
NW_024609868.1	130200000	130300000	3.0
NW_024609868.1	130300000	130400000	2.0
NW_024609868.1	130500000	130600000	2.0
NW_024609868.1	130600000	130700000	1.0
NW_024609868.1	130800000	130900000	2.0
NW_024609868.1	130900000	131000000	2.0
NW_024609868.1	131000000	131100000	2.0
NW_024609868.1	131100000	131200000	1.0
NW_024609868.1	131200000	131300000	2.0
NW_024609868.1	131500000	131600000	2.0
NW_024609868.1	131600000	131700000	1.0
NW_024609868.1	131700000	131800000	1.0
NW_024609868.1	131800000	131900000	1.0
NW_024609868.1	131900000	132000000	1.0
NW_024609868.1	132000000	132100000	1.0
NW_024609868.1	132300000	132400000	1.0
NW_024609868.1	132400000	132500000	1.0
NW_024609868.1	132700000	132800000	1.0
NW_024609868.1	133000000	133100000	2.0
NW_024609868.1	133300000	133400000	1.0
NW_024609868.1	133600000	133700000	1.0
NW_024609868.1	134100000	134200000	2.0
NW_024609868.1	134200000	134300000	1.0
NW_024609868.1	134300000	134400000	2.0
NW_024609868.1	134400000	134500000	2.0
NW_024609868.1	134800000	134900000	1.0
NW_024609868.1	135000000	135100000	2.0
NW_024609868.1	135800000	135900000	1.0
NW_024609868.1	136000000	136100000	1.0
NW_024609868.1	136200000	136300000	2.0
NW_024609868.1	136700000	136800000	2.0
NW_024609868.1	136800000	136900000	3.0
NW_024609868.1	137200000	137300000	1.0
NW_024609868.1	137300000	137400000	1.0
NW_024609868.1	137400000	137500000	1.0
NW_024609868.1	137600000	137700000	1.0
NW_024609868.1	137900000	138000000	1.0
NW_024609868.1	138000000	138100000	1.0
NW_024609868.1	138100000	138200000	1.0
NW_024609868.1	138200000	138300000	1.0
NW_024609868.1	138300000	138400000	1.0
NW_024609868.1	138500000	138600000	1.0
NW_024609868.1	138700000	138800000	3.0
NW_024609868.1	138800000	138900000	1.0
NW_024609868.1	138900000	139000000	1.0
NW_024609868.1	139000000	139100000	1.0
NW_024609868.1	139100000	139200000	2.0
NW_024609868.1	139200000	139300000	1.0
NW_024609868.1	139300000	139400000	1.0
NW_024609868.1	139600000	139700000	4.0
NW_024609868.1	139700000	139800000	1.0
NW_024609868.1	139800000	139900000	2.0
NW_024609868.1	139900000	140000000	1.0
NW_024609868.1	140200000	140300000	1.0
NW_024609868.1	141100000	141200000	2.0
NW_024609868.1	141300000	141400000	1.0
NW_024609868.1	141400000	141500000	2.0
NW_024609868.1	141500000	141600000	1.0
NW_024609868.1	141600000	141700000	1.0
NW_024609868.1	141700000	141800000	1.0
NW_024609868.1	142200000	142300000	1.0
NW_024609868.1	142600000	142700000	1.0
NW_024609868.1	142800000	142900000	1.0
NW_024609868.1	142900000	143000000	3.0
NW_024609868.1	143000000	143100000	1.0
NW_024609868.1	143200000	143300000	1.0
NW_024609868.1	143500000	143600000	1.0
NW_024609868.1	143600000	143700000	1.0
NW_024609868.1	143800000	143900000	3.0
NW_024609868.1	143900000	144000000	3.0
NW_024609868.1	144000000	144100000	1.0
NW_024609868.1	144200000	144300000	1.0
NW_024609868.1	144300000	144400000	1.0
NW_024609868.1	144500000	144600000	2.0
NW_024609868.1	144600000	144700000	1.0
NW_024609868.1	144700000	144800000	1.0
NW_024609868.1	144800000	144900000	1.0
NW_024609868.1	144900000	145000000	1.0
NW_024609868.1	145100000	145200000	1.0
NW_024609868.1	145300000	145400000	1.0
NW_024609868.1	145400000	145500000	2.0
NW_024609868.1	145500000	145600000	1.0
NW_024609868.1	145700000	145800000	2.0
NW_024609868.1	145800000	145900000	1.0
NW_024609868.1	145900000	146000000	1.0
NW_024609868.1	146300000	146400000	1.0
NW_024609868.1	146400000	146500000	2.0
NW_024609868.1	146500000	146600000	2.0
NW_024609868.1	146600000	146700000	2.0
NW_024609868.1	146700000	146800000	1.0
NW_024609868.1	146800000	146900000	1.0
NW_024609868.1	146900000	147000000	3.0
NW_024609868.1	147000000	147100000	4.0
NW_024609868.1	147100000	147200000	2.0
NW_024609868.1	147300000	147400000	1.0
NW_024609868.1	147700000	147800000	1.0
NW_024609868.1	147800000	147900000	2.0
NW_024609868.1	147900000	148000000	2.0
NW_024609868.1	148000000	148100000	2.0
NW_024609868.1	148200000	148300000	1.0
NW_024609868.1	148300000	148400000	1.0
NW_024609868.1	148400000	148500000	2.0
NW_024609868.1	148500000	148600000	1.0
NW_024609868.1	148600000	148700000	1.0
NW_024609868.1	148700000	148800000	1.0
NW_024609868.1	148800000	148900000	2.0
NW_024609868.1	148900000	149000000	1.0
NW_024609868.1	149100000	149200000	3.0
NW_024609868.1	149200000	149300000	2.0
NW_024609868.1	149300000	149400000	2.0
NW_024609868.1	149400000	149500000	1.0
NW_024609868.1	149500000	149600000	1.0
NW_024609868.1	149600000	149700000	3.0
NW_024609868.1	149700000	149800000	3.0
NW_024609868.1	149800000	149900000	1.0
NW_024609868.1	149900000	150000000	3.0
NW_024609868.1	150000000	150100000	3.0
NW_024609868.1	150100000	150200000	1.0
NW_024609868.1	150200000	150300000	1.0
NW_024609868.1	150400000	150500000	1.0
NW_024609868.1	150600000	150700000	1.0
NW_024609868.1	150700000	150800000	1.0
NW_024609868.1	150900000	151000000	1.0
NW_024609868.1	151000000	151100000	3.0
NW_024609868.1	151100000	151200000	2.0
NW_024609868.1	151200000	151300000	1.0
NW_024609868.1	151300000	151400000	1.0
NW_024609868.1	151500000	151600000	2.0
NW_024609868.1	151600000	151700000	1.0
NW_024609868.1	151900000	152000000	1.0
NW_024609868.1	152000000	152100000	1.0
NW_024609868.1	152300000	152400000	4.0
NW_024609868.1	152400000	152500000	2.0
NW_024609868.1	152500000	152600000	2.0
NW_024609868.1	152600000	152700000	1.0
NW_024609868.1	153000000	153100000	1.0
NW_024609868.1	153300000	153400000	1.0
NW_024609868.1	153400000	153500000	1.0
NW_024609868.1	153500000	153600000	1.0
NW_024609868.1	153700000	153800000	1.0
NW_024609868.1	153800000	153900000	1.0
NW_024609868.1	154000000	154100000	1.0
NW_024609868.1	154100000	154200000	3.0
NW_024609868.1	154200000	154300000	1.0
NW_024609868.1	154300000	154400000	1.0
NW_024609868.1	154400000	154500000	1.0
NW_024609868.1	154600000	154700000	2.0
NW_024609868.1	154700000	154800000	1.0
NW_024609868.1	154800000	154900000	1.0
NW_024609868.1	154900000	155000000	1.0
NW_024609868.1	155000000	155100000	1.0
NW_024609868.1	155300000	155400000	1.0
NW_024609868.1	155400000	155500000	1.0
NW_024609868.1	155500000	155600000	2.0
NW_024609868.1	155600000	155700000	2.0
NW_024609868.1	155700000	155800000	4.0
NW_024609868.1	156000000	156100000	4.0
NW_024609868.1	156300000	156400000	1.0
NW_024609868.1	156600000	156700000	1.0
NW_024609868.1	156700000	156800000	1.0
NW_024609868.1	157400000	157500000	1.0
NW_024609868.1	157600000	157700000	1.0
NW_024609868.1	157900000	158000000	1.0
NW_024609868.1	158000000	158100000	1.0
NW_024609868.1	158100000	158200000	1.0
NW_024609868.1	158200000	158300000	1.0
NW_024609868.1	158300000	158400000	1.0
NW_024609868.1	158500000	158600000	1.0
NW_024609868.1	159000000	159100000	3.0
NW_024609868.1	159100000	159200000	2.0
NW_024609868.1	159200000	159300000	3.0
NW_024609868.1	159400000	159500000	1.0
NW_024609868.1	159700000	159800000	1.0
NW_024609868.1	159800000	159900000	1.0
NW_024609868.1	159900000	160000000	1.0
NW_024609868.1	160200000	160300000	1.0
NW_024609868.1	160500000	160600000	1.0
NW_024609868.1	160900000	161000000	1.0
NW_024609868.1	160800000	160900000	1.0
NW_024609868.1	161000000	161100000	1.0
NW_024609868.1	161400000	161500000	3.0
NW_024609868.1	161600000	161700000	2.0
NW_024609868.1	161700000	161800000	1.0
NW_024609868.1	162000000	162100000	1.0
NW_024609868.1	162200000	162300000	3.0
NW_024609868.1	162700000	162800000	1.0
NW_024609868.1	163000000	163100000	1.0
NW_024609868.1	163100000	163200000	3.0
NW_024609868.1	163200000	163300000	1.0
NW_024609868.1	163300000	163400000	2.0
NW_024609868.1	163500000	163600000	1.0
NW_024609868.1	163600000	163700000	1.0
NW_024609868.1	163700000	163800000	1.0
NW_024609868.1	163900000	164000000	1.0
NW_024609868.1	164000000	164100000	1.0
NW_024609868.1	164100000	164200000	1.0
NW_024609868.1	164200000	164300000	4.0
NW_024609868.1	164300000	164400000	1.0
NW_024609868.1	164500000	164600000	1.0
NW_024609868.1	164700000	164800000	2.0
NW_024609868.1	164800000	164900000	1.0
NW_024609868.1	165100000	165200000	1.0
NW_024609868.1	165400000	165500000	1.0
NW_024609868.1	165600000	165700000	4.0
NW_024609868.1	165700000	165800000	1.0
NW_024609868.1	166200000	166300000	1.0
NW_024609868.1	166300000	166400000	3.0
NW_024609868.1	166400000	166500000	3.0
NW_024609868.1	166500000	166600000	3.0
NW_024609868.1	166600000	166700000	1.0
NW_024609868.1	166700000	166800000	1.0
NW_024609868.1	166800000	166900000	1.0
NW_024609868.1	166900000	167000000	1.0
NW_024609868.1	167000000	167100000	2.0
NW_024609868.1	167100000	167200000	1.0
NW_024609868.1	167300000	167400000	1.0
NW_024609868.1	167400000	167500000	2.0
NW_024609868.1	167600000	167700000	1.0
NW_024609868.1	168000000	168100000	1.0
NW_024609868.1	168100000	168200000	1.0
NW_024609868.1	168300000	168400000	1.0
NW_024609868.1	168400000	168500000	1.0
NW_024609868.1	168700000	168800000	2.0
NW_024609868.1	168800000	168900000	1.0
NW_024609868.1	168900000	169000000	3.0
NW_024609868.1	169000000	169100000	1.0
NW_024609868.1	169200000	169300000	2.0
NW_024609868.1	169300000	169400000	2.0
NW_024609868.1	169500000	169600000	3.0
NW_024609868.1	169600000	169700000	2.0
NW_024609868.1	169700000	169800000	1.0
NW_024609868.1	169800000	169900000	3.0
NW_024609868.1	169900000	170000000	1.0
NW_024609868.1	170000000	170100000	1.0
NW_024609868.1	170100000	170200000	1.0
NW_024609868.1	170200000	170300000	2.0
NW_024609868.1	170300000	170400000	1.0
NW_024609868.1	170400000	170500000	1.0
NW_024609868.1	170500000	170600000	2.0
NW_024609868.1	170600000	170700000	1.0
NW_024609868.1	170700000	170800000	1.0
NW_024609868.1	170800000	170900000	3.0
NW_024609868.1	170900000	171000000	2.0
NW_024609868.1	171100000	171200000	1.0
NW_024609868.1	171200000	171300000	1.0
NW_024609868.1	171300000	171400000	2.0
NW_024609868.1	171400000	171500000	1.0
NW_024609868.1	171500000	171600000	1.0
NW_024609868.1	171600000	171700000	3.0
NW_024609868.1	171700000	171800000	3.0
NW_024609868.1	171900000	172000000	1.0
NW_024609868.1	172000000	172100000	2.0
NW_024609868.1	172300000	172400000	1.0
NW_024609868.1	172400000	172500000	2.0
NW_024609868.1	172500000	172600000	3.0
NW_024609868.1	172600000	172700000	1.0
NW_024609868.1	173000000	173100000	2.0
NW_024609868.1	173100000	173200000	2.0
NW_024609868.1	173200000	173300000	2.0
NW_024609868.1	173400000	173500000	2.0
NW_024609868.1	173500000	173600000	2.0
NW_024609868.1	173700000	173800000	2.0
NW_024609868.1	173800000	173900000	1.0
NW_024609868.1	173900000	173973465	1.0
NW_024609869.1	0	100000	2.0
NW_024609869.1	100000	200000	3.0
NW_024609869.1	200000	300000	3.0
NW_024609869.1	300000	400000	3.0
NW_024609869.1	400000	500000	2.0
NW_024609869.1	500000	600000	1.0
NW_024609869.1	600000	700000	1.0
NW_024609869.1	700000	800000	3.0
NW_024609869.1	800000	900000	2.0
NW_024609869.1	900000	969070	4.0
NW_024609870.1	0	100000	1.0
NW_024609870.1	400000	500000	1.0
NW_024609870.1	600000	700000	2.0
NW_024609870.1	700000	800000	1.0
NW_024609870.1	800000	900000	2.0
NW_024609870.1	900000	1000000	1.0
NW_024609870.1	1000000	1100000	3.0
NW_024609870.1	1100000	1200000	1.0
NW_024609870.1	1200000	1300000	1.0
NW_024609870.1	1400000	1500000	3.0
NW_024609870.1	1500000	1600000	2.0
NW_024609870.1	1600000	1700000	1.0
NW_024609870.1	1700000	1800000	4.0
NW_024609870.1	1800000	1900000	2.0
NW_024609870.1	1900000	2000000	1.0
NW_024609870.1	2200000	2261810	1.0
NW_024609871.1	200000	300000	2.0
NW_024609871.1	300000	355452	2.0
NW_024609872.1	0	100000	1.0
NW_024609872.1	300000	400000	1.0
NW_024609872.1	800000	900000	3.0
NW_024609872.1	1000000	1100000	2.0
NW_024609872.1	1100000	1200000	1.0
NW_024609872.1	1200000	1300000	1.0
NW_024609872.1	1300000	1400000	1.0
NW_024609872.1	1400000	1500000	1.0
NW_024609872.1	1500000	1600000	2.0
NW_024609872.1	1600000	1700000	1.0
NW_024609872.1	1900000	1929757	1.0
NW_024609873.1	0	100000	1.0
NW_024609873.1	200000	300000	2.0
NW_024609873.1	300000	400000	5.0
NW_024609873.1	600000	700000	1.0
NW_024609873.1	700000	800000	3.0
NW_024609873.1	800000	900000	2.0
NW_024609873.1	900000	1000000	2.0
NW_024609873.1	1000000	1100000	1.0
NW_024609873.1	1200000	1300000	1.0
NW_024609873.1	1400000	1500000	2.0
NW_024609873.1	1500000	1600000	2.0
NW_024609873.1	1600000	1700000	2.0
NW_024609873.1	1700000	1800000	2.0
NW_024609873.1	1900000	2000000	3.0
NW_024609873.1	2200000	2300000	1.0
NW_024609873.1	2300000	2400000	1.0
NW_024609873.1	2400000	2500000	2.0
NW_024609873.1	2700000	2800000	2.0
NW_024609873.1	2800000	2900000	2.0
NW_024609873.1	2900000	3000000	1.0
NW_024609873.1	3000000	3100000	4.0
NW_024609873.1	3100000	3200000	1.0
NW_024609873.1	3200000	3300000	2.0
NW_024609873.1	3300000	3400000	1.0
NW_024609873.1	3400000	3500000	1.0
NW_024609873.1	3500000	3600000	1.0
NW_024609873.1	3600000	3700000	1.0
NW_024609873.1	3700000	3800000	1.0
NW_024609873.1	3800000	3900000	4.0
NW_024609873.1	4000000	4100000	2.0
NW_024609873.1	4100000	4200000	1.0
NW_024609873.1	4200000	4300000	1.0
NW_024609873.1	4400000	4500000	1.0
NW_024609873.1	4600000	4700000	2.0
NW_024609873.1	4800000	4900000	1.0
NW_024609873.1	4900000	5000000	1.0
NW_024609873.1	5000000	5100000	2.0
NW_024609873.1	5200000	5300000	1.0
NW_024609873.1	5400000	5500000	1.0
NW_024609873.1	5800000	5900000	1.0
NW_024609873.1	5900000	6000000	1.0
NW_024609873.1	6000000	6100000	1.0
NW_024609873.1	6800000	6900000	1.0
NW_024609873.1	6900000	7000000	2.0
NW_024609873.1	7100000	7200000	1.0
NW_024609873.1	7200000	7300000	2.0
NW_024609873.1	7300000	7400000	1.0
NW_024609873.1	7400000	7500000	1.0
NW_024609873.1	7500000	7600000	1.0
NW_024609873.1	7600000	7700000	2.0
NW_024609873.1	7700000	7800000	2.0
NW_024609873.1	8000000	8100000	1.0
NW_024609873.1	8100000	8200000	2.0
NW_024609873.1	8200000	8300000	1.0
NW_024609873.1	8300000	8400000	2.0
NW_024609873.1	8400000	8500000	3.0
NW_024609873.1	8500000	8600000	1.0
NW_024609873.1	8600000	8700000	4.0
NW_024609873.1	8700000	8800000	2.0
NW_024609873.1	8800000	8900000	1.0
NW_024609873.1	8900000	9000000	1.0
NW_024609873.1	9100000	9200000	3.0
NW_024609873.1	9200000	9300000	1.0
NW_024609873.1	9400000	9500000	1.0
NW_024609873.1	9500000	9600000	2.0
NW_024609873.1	9900000	10000000	1.0
NW_024609873.1	10000000	10100000	2.0
NW_024609873.1	10100000	10200000	1.0
NW_024609873.1	10200000	10300000	1.0
NW_024609873.1	10300000	10400000	1.0
NW_024609873.1	10400000	10500000	1.0
NW_024609873.1	10500000	10600000	1.0
NW_024609873.1	10600000	10700000	1.0
NW_024609873.1	10700000	10800000	1.0
NW_024609873.1	10900000	11000000	1.0
NW_024609873.1	11000000	11100000	1.0
NW_024609873.1	11100000	11200000	1.0
NW_024609873.1	11200000	11300000	2.0
NW_024609873.1	11500000	11600000	1.0
NW_024609873.1	11700000	11800000	1.0
NW_024609873.1	11900000	12000000	1.0
NW_024609873.1	12300000	12400000	1.0
NW_024609873.1	12600000	12700000	1.0
NW_024609873.1	12800000	12900000	1.0
NW_024609873.1	12900000	13000000	2.0
NW_024609873.1	13000000	13100000	1.0
NW_024609873.1	13600000	13700000	1.0
NW_024609873.1	13800000	13900000	1.0
NW_024609873.1	14000000	14100000	1.0
NW_024609873.1	14300000	14400000	1.0
NW_024609873.1	14500000	14600000	2.0
NW_024609873.1	15000000	15100000	1.0
NW_024609873.1	15100000	15200000	1.0
NW_024609873.1	15500000	15600000	1.0
NW_024609873.1	15600000	15700000	1.0
NW_024609873.1	15700000	15800000	1.0
NW_024609873.1	16000000	16100000	1.0
NW_024609873.1	16200000	16300000	1.0
NW_024609873.1	16400000	16500000	1.0
NW_024609873.1	16600000	16700000	1.0
NW_024609873.1	16900000	17000000	1.0
NW_024609873.1	17300000	17400000	1.0
NW_024609873.1	17400000	17500000	2.0
NW_024609873.1	17500000	17600000	1.0
NW_024609873.1	17600000	17700000	1.0
NW_024609873.1	17900000	18000000	1.0
NW_024609873.1	18200000	18300000	1.0
NW_024609873.1	18300000	18400000	1.0
NW_024609873.1	18500000	18600000	1.0
NW_024609873.1	18700000	18800000	1.0
NW_024609873.1	18800000	18900000	1.0
NW_024609873.1	19000000	19100000	2.0
NW_024609873.1	19200000	19270909	2.0
NW_024609874.1	300000	400000	1.0
NW_024609874.1	500000	600000	1.0
NW_024609874.1	600000	700000	1.0
NW_024609874.1	900000	1000000	1.0
NW_024609874.1	1000000	1100000	2.0
NW_024609874.1	1100000	1200000	2.0
NW_024609874.1	1200000	1300000	1.0
NW_024609874.1	1600000	1700000	2.0
NW_024609874.1	1700000	1800000	1.0
NW_024609874.1	1800000	1900000	1.0
NW_024609874.1	2200000	2300000	1.0
NW_024609874.1	2400000	2500000	1.0
NW_024609874.1	2700000	2800000	1.0
NW_024609874.1	2900000	3000000	1.0
NW_024609874.1	3100000	3200000	1.0
NW_024609875.1	0	100000	1.0
NW_024609875.1	100000	200000	1.0
NW_024609875.1	400000	500000	2.0
NW_024609875.1	500000	600000	2.0
NW_024609875.1	800000	900000	3.0
NW_024609875.1	900000	1000000	1.0
NW_024609875.1	1000000	1100000	2.0
NW_024609875.1	1100000	1200000	1.0
NW_024609875.1	1200000	1300000	2.0
NW_024609875.1	1300000	1400000	1.0
NW_024609875.1	2000000	2100000	1.0
NW_024609875.1	2200000	2213417	2.0
NW_024609876.1	200000	300000	2.0
NW_024609876.1	300000	400000	2.0
NW_024609876.1	400000	500000	2.0
NW_024609876.1	500000	600000	2.0
NW_024609876.1	600000	700000	2.0
NW_024609876.1	1100000	1200000	1.0
NW_024609876.1	1200000	1300000	1.0
NW_024609876.1	1300000	1400000	6.0
NW_024609876.1	1400000	1500000	7.0
NW_024609876.1	1500000	1600000	5.0
NW_024609876.1	1600000	1700000	2.0
NW_024609876.1	1700000	1800000	1.0
NW_024609876.1	1900000	2000000	1.0
NW_024609876.1	2100000	2200000	1.0
NW_024609876.1	2200000	2300000	3.0
NW_024609876.1	2300000	2400000	2.0
NW_024609876.1	2400000	2500000	1.0
NW_024609876.1	2600000	2700000	1.0
NW_024609876.1	2800000	2900000	2.0
NW_024609876.1	2900000	3000000	1.0
NW_024609876.1	3100000	3200000	2.0
NW_024609876.1	3200000	3300000	3.0
NW_024609876.1	3300000	3400000	1.0
NW_024609876.1	3500000	3600000	1.0
NW_024609876.1	3600000	3700000	2.0
NW_024609876.1	3800000	3900000	1.0
NW_024609876.1	3900000	4000000	2.0
NW_024609876.1	4100000	4165333	1.0
NW_024609877.1	0	100000	1.0
NW_024609877.1	100000	200000	1.0
NW_024609877.1	400000	500000	1.0
NW_024609877.1	300000	400000	1.0
NW_024609878.1	0	100000	2.0
NW_024609878.1	100000	200000	2.0
NW_024609878.1	200000	300000	5.0
NW_024609878.1	300000	400000	5.0
NW_024609878.1	400000	500000	4.0
NW_024609878.1	500000	600000	2.0
NW_024609878.1	600000	700000	2.0
NW_024609878.1	700000	800000	2.0
NW_024609878.1	800000	900000	3.0
NW_024609878.1	900000	1000000	6.0
NW_024609878.1	1000000	1100000	4.0
NW_024609878.1	1100000	1200000	2.0
NW_024609878.1	1200000	1300000	1.0
NW_024609878.1	1300000	1352872	1.0
NW_024609879.1	0	100000	2.0
NW_024609879.1	300000	400000	3.0
NW_024609879.1	400000	500000	1.0
NW_024609879.1	500000	600000	2.0
NW_024609879.1	600000	700000	1.0
NW_024609879.1	700000	800000	1.0
NW_024609879.1	800000	900000	4.0
NW_024609879.1	900000	1000000	1.0
NW_024609879.1	1100000	1200000	2.0
NW_024609879.1	1500000	1600000	1.0
NW_024609879.1	1600000	1700000	1.0
NW_024609879.1	1900000	2000000	1.0
NW_024609879.1	2300000	2400000	1.0
NW_024609879.1	2500000	2600000	2.0
NW_024609879.1	2600000	2700000	1.0
NW_024609879.1	3000000	3100000	1.0
NW_024609879.1	3200000	3300000	2.0
NW_024609879.1	3400000	3500000	1.0
NW_024609879.1	3500000	3600000	1.0
NW_024609879.1	3600000	3700000	2.0
NW_024609879.1	3700000	3800000	1.0
NW_024609879.1	3800000	3900000	1.0
NW_024609879.1	3900000	4000000	1.0
NW_024609879.1	4000000	4100000	2.0
NW_024609879.1	4100000	4200000	5.0
NW_024609879.1	4200000	4300000	1.0
NW_024609879.1	4300000	4400000	2.0
NW_024609879.1	4400000	4500000	2.0
NW_024609879.1	4700000	4800000	1.0
NW_024609879.1	4800000	4900000	1.0
NW_024609879.1	4900000	5000000	3.0
NW_024609879.1	5000000	5100000	3.0
NW_024609879.1	5100000	5200000	2.0
NW_024609879.1	5700000	5800000	1.0
NW_024609879.1	5900000	6000000	1.0
NW_024609879.1	6000000	6100000	3.0
NW_024609879.1	6200000	6300000	1.0
NW_024609879.1	6400000	6500000	1.0
NW_024609879.1	6500000	6600000	1.0
NW_024609879.1	6700000	6800000	1.0
NW_024609879.1	6800000	6900000	3.0
NW_024609879.1	7300000	7400000	2.0
NW_024609879.1	7900000	8000000	1.0
NW_024609879.1	8100000	8200000	1.0
NW_024609879.1	8200000	8300000	4.0
NW_024609879.1	8300000	8400000	1.0
NW_024609879.1	8400000	8500000	1.0
NW_024609879.1	8500000	8600000	1.0
NW_024609879.1	9000000	9100000	1.0
NW_024609879.1	9100000	9200000	2.0
NW_024609879.1	9200000	9300000	1.0
NW_024609879.1	9300000	9400000	1.0
NW_024609879.1	9400000	9500000	1.0
NW_024609879.1	9800000	9900000	1.0
NW_024609879.1	10500000	10600000	3.0
NW_024609879.1	10600000	10700000	1.0
NW_024609879.1	10900000	11000000	2.0
NW_024609879.1	11100000	11200000	2.0
NW_024609879.1	11300000	11400000	2.0
NW_024609879.1	11500000	11600000	1.0
NW_024609879.1	11600000	11700000	1.0
NW_024609879.1	12200000	12300000	1.0
NW_024609879.1	12400000	12500000	1.0
NW_024609879.1	12600000	12700000	2.0
NW_024609879.1	12700000	12800000	1.0
NW_024609879.1	12800000	12900000	1.0
NW_024609879.1	12900000	13000000	2.0
NW_024609879.1	13100000	13200000	1.0
NW_024609879.1	13300000	13400000	2.0
NW_024609879.1	13400000	13500000	2.0
NW_024609879.1	13800000	13900000	1.0
NW_024609879.1	14000000	14100000	1.0
NW_024609879.1	14200000	14300000	1.0
NW_024609879.1	14500000	14600000	3.0
NW_024609879.1	14600000	14700000	2.0
NW_024609879.1	14700000	14800000	1.0
NW_024609879.1	14800000	14900000	1.0
NW_024609879.1	14900000	15000000	3.0
NW_024609879.1	15000000	15100000	1.0
NW_024609879.1	15100000	15200000	1.0
NW_024609879.1	15200000	15300000	3.0
NW_024609879.1	15300000	15400000	2.0
NW_024609879.1	15400000	15500000	3.0
NW_024609879.1	15500000	15600000	1.0
NW_024609879.1	15600000	15700000	1.0
NW_024609879.1	15700000	15800000	1.0
NW_024609879.1	15800000	15900000	2.0
NW_024609879.1	15900000	16000000	2.0
NW_024609879.1	16000000	16100000	2.0
NW_024609879.1	16100000	16200000	1.0
NW_024609879.1	16300000	16400000	4.0
NW_024609879.1	16400000	16500000	3.0
NW_024609879.1	16500000	16600000	3.0
NW_024609879.1	16900000	17000000	1.0
NW_024609879.1	17000000	17100000	4.0
NW_024609879.1	17100000	17200000	2.0
NW_024609879.1	17200000	17300000	4.0
NW_024609879.1	17400000	17500000	3.0
NW_024609879.1	17500000	17600000	3.0
NW_024609879.1	17600000	17700000	1.0
NW_024609879.1	17800000	17900000	2.0
NW_024609879.1	17900000	18000000	1.0
NW_024609879.1	18100000	18200000	1.0
NW_024609879.1	18300000	18400000	2.0
NW_024609879.1	18400000	18500000	1.0
NW_024609879.1	18600000	18700000	1.0
NW_024609879.1	18800000	18900000	1.0
NW_024609879.1	18900000	19000000	2.0
NW_024609879.1	19100000	19200000	1.0
NW_024609879.1	19200000	19300000	2.0
NW_024609879.1	19300000	19400000	1.0
NW_024609879.1	19500000	19600000	1.0
NW_024609879.1	19600000	19700000	1.0
NW_024609879.1	19700000	19800000	4.0
NW_024609879.1	20000000	20100000	1.0
NW_024609879.1	20100000	20200000	2.0
NW_024609879.1	20300000	20400000	1.0
NW_024609879.1	20600000	20700000	4.0
NW_024609879.1	20700000	20800000	3.0
NW_024609879.1	20900000	21000000	1.0
NW_024609879.1	21000000	21100000	1.0
NW_024609879.1	21100000	21200000	2.0
NW_024609879.1	21300000	21400000	1.0
NW_024609879.1	21500000	21600000	1.0
NW_024609879.1	21600000	21700000	1.0
NW_024609879.1	21700000	21800000	1.0
NW_024609879.1	21900000	22000000	3.0
NW_024609879.1	22000000	22100000	1.0
NW_024609879.1	22100000	22200000	1.0
NW_024609879.1	22300000	22400000	1.0
NW_024609879.1	22400000	22500000	1.0
NW_024609879.1	22800000	22900000	1.0
NW_024609879.1	23000000	23100000	3.0
NW_024609879.1	23200000	23300000	1.0
NW_024609879.1	23300000	23400000	1.0
NW_024609879.1	23500000	23600000	1.0
NW_024609879.1	23900000	24000000	1.0
NW_024609879.1	24000000	24100000	1.0
NW_024609879.1	24100000	24200000	1.0
NW_024609879.1	24200000	24300000	1.0
NW_024609879.1	24300000	24400000	1.0
NW_024609879.1	24500000	24600000	1.0
NW_024609879.1	24600000	24700000	1.0
NW_024609879.1	24900000	25000000	1.0
NW_024609879.1	25300000	25400000	2.0
NW_024609879.1	25500000	25600000	1.0
NW_024609879.1	25700000	25800000	1.0
NW_024609879.1	26000000	26100000	2.0
NW_024609879.1	26100000	26200000	1.0
NW_024609879.1	26200000	26300000	1.0
NW_024609879.1	26300000	26400000	1.0
NW_024609879.1	26400000	26500000	2.0
NW_024609879.1	26500000	26600000	1.0
NW_024609879.1	27200000	27300000	1.0
NW_024609879.1	27300000	27400000	1.0
NW_024609879.1	27400000	27500000	1.0
NW_024609879.1	27500000	27600000	2.0
NW_024609879.1	27600000	27700000	1.0
NW_024609879.1	27900000	28000000	2.0
NW_024609879.1	28200000	28300000	1.0
NW_024609879.1	28400000	28500000	1.0
NW_024609879.1	28500000	28600000	1.0
NW_024609879.1	28600000	28700000	1.0
NW_024609879.1	28800000	28900000	1.0
NW_024609879.1	29000000	29100000	1.0
NW_024609879.1	29200000	29300000	1.0
NW_024609879.1	29400000	29500000	1.0
NW_024609879.1	29500000	29600000	1.0
NW_024609879.1	29700000	29800000	1.0
NW_024609879.1	30000000	30100000	2.0
NW_024609879.1	30300000	30400000	2.0
NW_024609879.1	30600000	30700000	1.0
NW_024609879.1	30700000	30800000	1.0
NW_024609879.1	30800000	30900000	1.0
NW_024609879.1	30900000	31000000	1.0
NW_024609879.1	31000000	31100000	2.0
NW_024609879.1	31100000	31200000	1.0
NW_024609879.1	31200000	31300000	2.0
NW_024609879.1	31300000	31400000	2.0
NW_024609879.1	31500000	31600000	3.0
NW_024609879.1	31600000	31700000	1.0
NW_024609879.1	31700000	31800000	1.0
NW_024609879.1	32000000	32100000	1.0
NW_024609879.1	32100000	32200000	1.0
NW_024609879.1	32300000	32400000	1.0
NW_024609879.1	32500000	32600000	1.0
NW_024609879.1	32600000	32700000	2.0
NW_024609879.1	32800000	32900000	1.0
NW_024609879.1	32900000	33000000	1.0
NW_024609879.1	33200000	33300000	1.0
NW_024609879.1	33800000	33900000	3.0
NW_024609879.1	33900000	34000000	1.0
NW_024609879.1	34000000	34100000	2.0
NW_024609879.1	34200000	34300000	1.0
NW_024609879.1	34600000	34700000	1.0
NW_024609879.1	34700000	34800000	3.0
NW_024609879.1	34800000	34900000	1.0
NW_024609879.1	35000000	35100000	2.0
NW_024609879.1	35200000	35300000	1.0
NW_024609879.1	35300000	35400000	1.0
NW_024609879.1	35400000	35500000	1.0
NW_024609879.1	35700000	35800000	1.0
NW_024609879.1	35800000	35900000	1.0
NW_024609879.1	36000000	36100000	4.0
NW_024609879.1	36100000	36200000	1.0
NW_024609879.1	36300000	36400000	3.0
NW_024609879.1	36500000	36600000	4.0
NW_024609879.1	36600000	36700000	1.0
NW_024609879.1	36800000	36900000	1.0
NW_024609879.1	37000000	37100000	1.0
NW_024609879.1	37100000	37200000	1.0
NW_024609879.1	37300000	37400000	2.0
NW_024609879.1	37400000	37500000	1.0
NW_024609879.1	37700000	37800000	1.0
NW_024609879.1	37800000	37900000	2.0
NW_024609879.1	37900000	38000000	1.0
NW_024609879.1	38000000	38100000	1.0
NW_024609879.1	38200000	38300000	1.0
NW_024609879.1	38400000	38500000	2.0
NW_024609879.1	38600000	38700000	2.0
NW_024609879.1	38900000	39000000	2.0
NW_024609879.1	39000000	39100000	1.0
NW_024609879.1	39200000	39300000	2.0
NW_024609879.1	39300000	39400000	3.0
NW_024609879.1	39600000	39700000	2.0
NW_024609879.1	39700000	39800000	1.0
NW_024609879.1	39900000	40000000	1.0
NW_024609879.1	40000000	40100000	2.0
NW_024609879.1	40100000	40200000	1.0
NW_024609879.1	40400000	40500000	1.0
NW_024609879.1	40600000	40700000	1.0
NW_024609879.1	40700000	40800000	1.0
NW_024609879.1	40900000	41000000	2.0
NW_024609879.1	41100000	41200000	1.0
NW_024609879.1	41400000	41500000	1.0
NW_024609879.1	41700000	41800000	1.0
NW_024609879.1	41800000	41900000	2.0
NW_024609879.1	42300000	42400000	1.0
NW_024609879.1	42500000	42600000	1.0
NW_024609879.1	42900000	43000000	1.0
NW_024609879.1	43000000	43100000	2.0
NW_024609879.1	43200000	43300000	1.0
NW_024609879.1	43400000	43500000	1.0
NW_024609879.1	43600000	43700000	1.0
NW_024609879.1	43900000	44000000	1.0
NW_024609879.1	44000000	44100000	1.0
NW_024609879.1	44100000	44200000	1.0
NW_024609879.1	44300000	44400000	1.0
NW_024609879.1	44600000	44700000	2.0
NW_024609879.1	44700000	44800000	1.0
NW_024609879.1	44900000	45000000	1.0
NW_024609879.1	45000000	45100000	3.0
NW_024609879.1	45100000	45200000	3.0
NW_024609879.1	45200000	45300000	2.0
NW_024609879.1	45700000	45800000	1.0
NW_024609879.1	45800000	45900000	1.0
NW_024609879.1	45900000	46000000	1.0
NW_024609879.1	46400000	46500000	2.0
NW_024609879.1	46500000	46600000	1.0
NW_024609879.1	46900000	47000000	1.0
NW_024609879.1	47100000	47200000	1.0
NW_024609879.1	47400000	47500000	2.0
NW_024609879.1	47600000	47700000	3.0
NW_024609879.1	47700000	47800000	1.0
NW_024609879.1	47800000	47900000	1.0
NW_024609879.1	47900000	48000000	1.0
NW_024609879.1	48100000	48200000	1.0
NW_024609879.1	48300000	48400000	1.0
NW_024609879.1	48500000	48600000	3.0
NW_024609879.1	48700000	48800000	1.0
NW_024609879.1	48800000	48900000	1.0
NW_024609879.1	48900000	49000000	2.0
NW_024609879.1	49300000	49400000	1.0
NW_024609879.1	49400000	49500000	1.0
NW_024609879.1	49500000	49600000	1.0
NW_024609879.1	49700000	49800000	1.0
NW_024609879.1	49900000	50000000	1.0
NW_024609879.1	50400000	50500000	1.0
NW_024609879.1	50700000	50800000	1.0
NW_024609879.1	51100000	51200000	2.0
NW_024609879.1	51200000	51300000	1.0
NW_024609879.1	51500000	51600000	1.0
NW_024609879.1	51800000	51900000	1.0
NW_024609879.1	52000000	52100000	1.0
NW_024609879.1	52400000	52500000	1.0
NW_024609879.1	52600000	52700000	1.0
NW_024609879.1	52700000	52800000	1.0
NW_024609879.1	53300000	53400000	1.0
NW_024609879.1	53400000	53500000	1.0
NW_024609879.1	53600000	53700000	1.0
NW_024609879.1	53700000	53800000	1.0
NW_024609879.1	53800000	53900000	2.0
NW_024609879.1	53900000	54000000	1.0
NW_024609879.1	54000000	54100000	2.0
NW_024609879.1	54200000	54300000	1.0
NW_024609879.1	54600000	54700000	1.0
NW_024609879.1	54800000	54900000	1.0
NW_024609879.1	55000000	55100000	1.0
NW_024609879.1	55100000	55200000	1.0
NW_024609879.1	55200000	55300000	1.0
NW_024609879.1	55500000	55600000	1.0
NW_024609879.1	55800000	55900000	1.0
NW_024609879.1	56000000	56100000	2.0
NW_024609879.1	56100000	56200000	3.0
NW_024609879.1	56200000	56300000	3.0
NW_024609879.1	56300000	56400000	1.0
NW_024609879.1	56400000	56500000	1.0
NW_024609879.1	56700000	56800000	1.0
NW_024609879.1	56800000	56900000	1.0
NW_024609879.1	56900000	57000000	2.0
NW_024609879.1	57000000	57100000	1.0
NW_024609879.1	57100000	57200000	2.0
NW_024609879.1	57200000	57300000	3.0
NW_024609879.1	57300000	57400000	1.0
NW_024609879.1	57400000	57500000	3.0
NW_024609879.1	57500000	57600000	2.0
NW_024609879.1	57600000	57700000	1.0
NW_024609879.1	57700000	57800000	1.0
NW_024609879.1	57800000	57900000	1.0
NW_024609879.1	57900000	58000000	1.0
NW_024609879.1	59100000	59200000	2.0
NW_024609879.1	59200000	59300000	2.0
NW_024609879.1	59500000	59600000	2.0
NW_024609879.1	59600000	59700000	1.0
NW_024609879.1	59800000	59900000	1.0
NW_024609879.1	59900000	60000000	1.0
NW_024609879.1	60000000	60100000	1.0
NW_024609879.1	60400000	60500000	1.0
NW_024609879.1	60600000	60700000	1.0
NW_024609879.1	60700000	60800000	2.0
NW_024609879.1	60900000	61000000	1.0
NW_024609879.1	61100000	61200000	1.0
NW_024609879.1	61200000	61300000	1.0
NW_024609879.1	61300000	61400000	1.0
NW_024609879.1	61400000	61500000	1.0
NW_024609879.1	61500000	61600000	3.0
NW_024609879.1	62100000	62200000	2.0
NW_024609879.1	62400000	62500000	3.0
NW_024609879.1	62500000	62600000	2.0
NW_024609879.1	62700000	62800000	1.0
NW_024609879.1	63000000	63100000	3.0
NW_024609879.1	63100000	63200000	1.0
NW_024609879.1	63200000	63300000	1.0
NW_024609879.1	63300000	63400000	1.0
NW_024609879.1	63400000	63500000	2.0
NW_024609879.1	63700000	63800000	1.0
NW_024609879.1	63800000	63900000	1.0
NW_024609879.1	63900000	64000000	1.0
NW_024609879.1	64000000	64100000	1.0
NW_024609879.1	64100000	64200000	1.0
NW_024609879.1	64200000	64300000	1.0
NW_024609879.1	64300000	64400000	1.0
NW_024609879.1	64700000	64800000	1.0
NW_024609879.1	64800000	64900000	1.0
NW_024609879.1	65100000	65200000	1.0
NW_024609879.1	65200000	65300000	2.0
NW_024609879.1	65300000	65400000	1.0
NW_024609879.1	65600000	65700000	2.0
NW_024609879.1	65700000	65800000	1.0
NW_024609879.1	65900000	66000000	1.0
NW_024609879.1	66000000	66100000	1.0
NW_024609879.1	66200000	66300000	1.0
NW_024609879.1	66400000	66500000	1.0
NW_024609879.1	66500000	66600000	1.0
NW_024609879.1	66600000	66700000	1.0
NW_024609879.1	66700000	66800000	1.0
NW_024609879.1	66800000	66900000	2.0
NW_024609879.1	66900000	67000000	4.0
NW_024609879.1	67000000	67100000	1.0
NW_024609879.1	67200000	67300000	1.0
NW_024609879.1	67300000	67400000	1.0
NW_024609879.1	67400000	67500000	2.0
NW_024609879.1	67600000	67700000	1.0
NW_024609879.1	67800000	67900000	3.0
NW_024609879.1	67900000	68000000	1.0
NW_024609879.1	68100000	68200000	2.0
NW_024609879.1	68200000	68300000	1.0
NW_024609879.1	68400000	68500000	1.0
NW_024609879.1	68500000	68600000	1.0
NW_024609879.1	68700000	68800000	1.0
NW_024609879.1	69100000	69200000	2.0
NW_024609879.1	69200000	69300000	1.0
NW_024609879.1	69300000	69400000	1.0
NW_024609879.1	69400000	69500000	1.0
NW_024609879.1	69500000	69600000	1.0
NW_024609879.1	70000000	70100000	1.0
NW_024609879.1	70100000	70200000	2.0
NW_024609879.1	70200000	70300000	2.0
NW_024609879.1	70300000	70400000	2.0
NW_024609879.1	70400000	70500000	1.0
NW_024609879.1	70500000	70600000	1.0
NW_024609879.1	70600000	70700000	1.0
NW_024609879.1	70800000	70900000	1.0
NW_024609879.1	70900000	71000000	1.0
NW_024609879.1	71000000	71100000	1.0
NW_024609879.1	71100000	71200000	1.0
NW_024609879.1	71300000	71400000	1.0
NW_024609879.1	71400000	71500000	1.0
NW_024609879.1	71600000	71700000	1.0
NW_024609879.1	71800000	71900000	1.0
NW_024609879.1	71900000	72000000	1.0
NW_024609879.1	72000000	72100000	1.0
NW_024609879.1	72100000	72200000	1.0
NW_024609879.1	72200000	72300000	1.0
NW_024609879.1	72300000	72400000	1.0
NW_024609879.1	72400000	72500000	1.0
NW_024609879.1	72500000	72600000	2.0
NW_024609879.1	72600000	72700000	1.0
NW_024609879.1	72700000	72800000	1.0
NW_024609879.1	72800000	72900000	1.0
NW_024609879.1	72900000	73000000	2.0
NW_024609879.1	73100000	73200000	1.0
NW_024609879.1	73200000	73300000	2.0
NW_024609879.1	73300000	73400000	1.0
NW_024609879.1	73400000	73500000	3.0
NW_024609879.1	73700000	73800000	4.0
NW_024609879.1	73800000	73900000	1.0
NW_024609879.1	73900000	74000000	3.0
NW_024609879.1	74000000	74100000	2.0
NW_024609879.1	74100000	74200000	2.0
NW_024609879.1	74200000	74300000	2.0
NW_024609879.1	74400000	74500000	1.0
NW_024609879.1	74700000	74800000	2.0
NW_024609879.1	74800000	74900000	1.0
NW_024609879.1	74900000	75000000	2.0
NW_024609879.1	75000000	75100000	1.0
NW_024609879.1	75100000	75200000	2.0
NW_024609879.1	75400000	75500000	2.0
NW_024609879.1	75500000	75600000	2.0
NW_024609879.1	75600000	75700000	2.0
NW_024609879.1	75700000	75800000	1.0
NW_024609879.1	75800000	75900000	3.0
NW_024609879.1	76000000	76100000	2.0
NW_024609879.1	76100000	76200000	1.0
NW_024609879.1	76200000	76300000	2.0
NW_024609879.1	76300000	76400000	1.0
NW_024609879.1	76400000	76500000	1.0
NW_024609879.1	76500000	76600000	2.0
NW_024609879.1	76600000	76700000	1.0
NW_024609879.1	76700000	76800000	1.0
NW_024609879.1	76800000	76900000	1.0
NW_024609879.1	77000000	77100000	1.0
NW_024609879.1	77100000	77200000	1.0
NW_024609879.1	77300000	77400000	2.0
NW_024609879.1	77400000	77500000	1.0
NW_024609879.1	77500000	77600000	1.0
NW_024609879.1	77600000	77700000	2.0
NW_024609879.1	77800000	77900000	2.0
NW_024609879.1	77900000	78000000	1.0
NW_024609879.1	78000000	78100000	1.0
NW_024609879.1	78100000	78200000	2.0
NW_024609879.1	78200000	78300000	2.0
NW_024609879.1	78300000	78400000	1.0
NW_024609879.1	78500000	78600000	1.0
NW_024609879.1	79800000	79900000	2.0
NW_024609879.1	80400000	80500000	2.0
NW_024609879.1	80800000	80900000	1.0
NW_024609879.1	81100000	81200000	2.0
NW_024609879.1	81700000	81800000	1.0
NW_024609879.1	82000000	82100000	1.0
NW_024609879.1	82200000	82300000	1.0
NW_024609879.1	82400000	82500000	3.0
NW_024609879.1	82500000	82600000	1.0
NW_024609879.1	82600000	82700000	1.0
NW_024609879.1	82700000	82800000	1.0
NW_024609879.1	82800000	82900000	2.0
NW_024609879.1	82900000	83000000	1.0
NW_024609879.1	83200000	83300000	1.0
NW_024609879.1	83400000	83500000	1.0
NW_024609879.1	83500000	83600000	3.0
NW_024609879.1	83600000	83700000	5.0
NW_024609879.1	83700000	83800000	5.0
NW_024609879.1	83800000	83900000	1.0
NW_024609879.1	83900000	84000000	3.0
NW_024609879.1	84000000	84100000	3.0
NW_024609879.1	84100000	84200000	2.0
NW_024609879.1	84200000	84300000	4.0
NW_024609879.1	84300000	84400000	3.0
NW_024609879.1	84400000	84500000	4.0
NW_024609879.1	84500000	84600000	1.0
NW_024609879.1	84600000	84700000	1.0
NW_024609879.1	84700000	84800000	3.0
NW_024609879.1	84800000	84900000	2.0
NW_024609879.1	84900000	85000000	3.0
NW_024609879.1	85000000	85100000	1.0
NW_024609879.1	85100000	85200000	1.0
NW_024609879.1	85400000	85500000	1.0
NW_024609879.1	85500000	85600000	4.0
NW_024609879.1	85600000	85700000	2.0
NW_024609879.1	85800000	85900000	2.0
NW_024609879.1	86400000	86500000	1.0
NW_024609879.1	86500000	86600000	2.0
NW_024609879.1	86700000	86800000	2.0
NW_024609879.1	86800000	86900000	5.0
NW_024609879.1	86900000	87000000	1.0
NW_024609879.1	87000000	87100000	2.0
NW_024609879.1	87100000	87200000	1.0
NW_024609879.1	87200000	87300000	2.0
NW_024609879.1	87300000	87400000	5.0
NW_024609879.1	87400000	87500000	5.0
NW_024609879.1	87500000	87600000	1.0
NW_024609879.1	87600000	87700000	5.0
NW_024609879.1	87700000	87800000	1.0
NW_024609879.1	87800000	87900000	2.0
NW_024609879.1	87900000	88000000	2.0
NW_024609879.1	88100000	88200000	1.0
NW_024609879.1	88200000	88300000	2.0
NW_024609879.1	88300000	88400000	2.0
NW_024609879.1	88400000	88500000	1.0
NW_024609879.1	88500000	88600000	1.0
NW_024609879.1	88700000	88800000	1.0
NW_024609879.1	88800000	88900000	3.0
NW_024609879.1	88900000	89000000	2.0
NW_024609879.1	89000000	89100000	2.0
NW_024609879.1	89300000	89400000	2.0
NW_024609879.1	89600000	89700000	2.0
NW_024609879.1	89700000	89800000	2.0
NW_024609879.1	89900000	90000000	2.0
NW_024609879.1	90200000	90300000	1.0
NW_024609879.1	90400000	90500000	4.0
NW_024609879.1	90500000	90600000	1.0
NW_024609879.1	90700000	90800000	1.0
NW_024609879.1	90900000	91000000	2.0
NW_024609879.1	91000000	91100000	1.0
NW_024609879.1	91200000	91300000	2.0
NW_024609879.1	91300000	91400000	2.0
NW_024609879.1	91400000	91500000	1.0
NW_024609879.1	91500000	91600000	1.0
NW_024609879.1	91600000	91700000	2.0
NW_024609879.1	91700000	91800000	1.0
NW_024609879.1	91900000	92000000	2.0
NW_024609879.1	92000000	92100000	4.0
NW_024609879.1	92100000	92200000	3.0
NW_024609879.1	92200000	92300000	5.0
NW_024609879.1	92300000	92400000	2.0
NW_024609879.1	92400000	92500000	2.0
NW_024609879.1	92500000	92600000	2.0
NW_024609879.1	92600000	92700000	4.0
NW_024609879.1	92700000	92800000	1.0
NW_024609879.1	92800000	92900000	1.0
NW_024609879.1	92900000	93000000	3.0
NW_024609879.1	93000000	93100000	2.0
NW_024609879.1	93100000	93200000	2.0
NW_024609879.1	93200000	93300000	3.0
NW_024609879.1	93300000	93400000	4.0
NW_024609879.1	93400000	93500000	3.0
NW_024609879.1	93500000	93600000	1.0
NW_024609879.1	93600000	93700000	3.0
NW_024609879.1	93700000	93800000	1.0
NW_024609879.1	93900000	94000000	2.0
NW_024609879.1	94000000	94100000	3.0
NW_024609879.1	94100000	94200000	2.0
NW_024609879.1	94200000	94300000	2.0
NW_024609879.1	94300000	94400000	1.0
NW_024609879.1	94400000	94500000	1.0
NW_024609879.1	94500000	94600000	1.0
NW_024609879.1	94600000	94700000	1.0
NW_024609879.1	95000000	95100000	1.0
NW_024609879.1	95100000	95200000	2.0
NW_024609879.1	95300000	95400000	3.0
NW_024609879.1	95400000	95500000	1.0
NW_024609879.1	95500000	95600000	2.0
NW_024609879.1	95800000	95900000	1.0
NW_024609879.1	95900000	96000000	3.0
NW_024609879.1	96000000	96100000	2.0
NW_024609879.1	96100000	96200000	3.0
NW_024609879.1	96200000	96300000	2.0
NW_024609879.1	96400000	96500000	2.0
NW_024609879.1	96500000	96600000	2.0
NW_024609879.1	96600000	96700000	2.0
NW_024609879.1	96700000	96800000	2.0
NW_024609879.1	96900000	97000000	2.0
NW_024609879.1	97100000	97200000	1.0
NW_024609879.1	97200000	97300000	1.0
NW_024609879.1	97300000	97400000	3.0
NW_024609879.1	97500000	97600000	2.0
NW_024609879.1	97600000	97700000	2.0
NW_024609879.1	97700000	97800000	2.0
NW_024609879.1	97800000	97900000	2.0
NW_024609879.1	97900000	98000000	4.0
NW_024609879.1	98000000	98100000	5.0
NW_024609879.1	98100000	98200000	2.0
NW_024609879.1	98200000	98300000	2.0
NW_024609879.1	98300000	98400000	1.0
NW_024609879.1	98400000	98500000	1.0
NW_024609879.1	98800000	98900000	1.0
NW_024609879.1	98900000	99000000	3.0
NW_024609879.1	99000000	99100000	2.0
NW_024609879.1	99100000	99200000	5.0
NW_024609879.1	99200000	99300000	4.0
NW_024609879.1	99300000	99400000	3.0
NW_024609879.1	99400000	99500000	1.0
NW_024609879.1	99500000	99600000	1.0
NW_024609879.1	99600000	99700000	2.0
NW_024609879.1	99700000	99800000	3.0
NW_024609879.1	99800000	99900000	1.0
NW_024609879.1	99900000	100000000	3.0
NW_024609879.1	100000000	100100000	2.0
NW_024609879.1	100100000	100200000	3.0
NW_024609879.1	100200000	100300000	1.0
NW_024609879.1	100300000	100400000	1.0
NW_024609879.1	100400000	100500000	1.0
NW_024609879.1	100600000	100700000	2.0
NW_024609879.1	100500000	100600000	1.0
NW_024609879.1	100700000	100800000	2.0
NW_024609879.1	100800000	100900000	2.0
NW_024609879.1	101100000	101200000	2.0
NW_024609879.1	101300000	101400000	1.0
NW_024609879.1	101400000	101500000	1.0
NW_024609879.1	101600000	101700000	3.0
NW_024609879.1	101700000	101800000	3.0
NW_024609879.1	101800000	101900000	2.0
NW_024609879.1	101900000	102000000	4.0
NW_024609879.1	102000000	102100000	10.0
NW_024609879.1	102100000	102200000	1.0
NW_024609879.1	102300000	102400000	2.0
NW_024609879.1	102400000	102500000	3.0
NW_024609879.1	102500000	102600000	2.0
NW_024609879.1	102700000	102800000	1.0
NW_024609879.1	102800000	102900000	1.0
NW_024609879.1	102900000	103000000	1.0
NW_024609879.1	103000000	103100000	1.0
NW_024609879.1	103100000	103200000	3.0
NW_024609879.1	103200000	103300000	3.0
NW_024609879.1	103300000	103400000	3.0
NW_024609879.1	103500000	103600000	1.0
NW_024609879.1	103600000	103700000	2.0
NW_024609879.1	103800000	103900000	2.0
NW_024609879.1	103900000	104000000	7.0
NW_024609879.1	104000000	104100000	1.0
NW_024609879.1	104200000	104300000	1.0
NW_024609879.1	104400000	104500000	1.0
NW_024609879.1	104500000	104600000	3.0
NW_024609879.1	104600000	104700000	3.0
NW_024609879.1	104700000	104800000	2.0
NW_024609879.1	104900000	105000000	2.0
NW_024609879.1	105000000	105100000	1.0
NW_024609879.1	105100000	105200000	1.0
NW_024609879.1	105200000	105300000	1.0
NW_024609879.1	105300000	105400000	3.0
NW_024609879.1	105400000	105500000	3.0
NW_024609879.1	105700000	105800000	1.0
NW_024609879.1	106000000	106100000	1.0
NW_024609879.1	106100000	106200000	3.0
NW_024609879.1	106200000	106300000	1.0
NW_024609879.1	106300000	106400000	1.0
NW_024609879.1	106400000	106500000	1.0
NW_024609879.1	106700000	106800000	1.0
NW_024609879.1	106900000	107000000	1.0
NW_024609879.1	107400000	107500000	1.0
NW_024609879.1	108000000	108100000	3.0
NW_024609879.1	108100000	108200000	2.0
NW_024609879.1	108200000	108300000	1.0
NW_024609879.1	108500000	108600000	2.0
NW_024609879.1	108700000	108800000	1.0
NW_024609879.1	108800000	108900000	5.0
NW_024609879.1	108900000	109000000	1.0
NW_024609879.1	109000000	109100000	2.0
NW_024609879.1	109200000	109300000	1.0
NW_024609879.1	109100000	109200000	1.0
NW_024609879.1	109400000	109500000	1.0
NW_024609879.1	109500000	109600000	1.0
NW_024609879.1	109700000	109800000	1.0
NW_024609879.1	109800000	109900000	2.0
NW_024609879.1	109900000	110000000	1.0
NW_024609879.1	110400000	110500000	3.0
NW_024609879.1	110500000	110600000	5.0
NW_024609879.1	110600000	110700000	2.0
NW_024609879.1	110700000	110800000	2.0
NW_024609879.1	110800000	110900000	2.0
NW_024609879.1	110900000	111000000	6.0
NW_024609879.1	111000000	111100000	3.0
NW_024609879.1	111100000	111200000	2.0
NW_024609879.1	111200000	111300000	1.0
NW_024609879.1	111600000	111700000	2.0
NW_024609879.1	111800000	111900000	1.0
NW_024609879.1	112000000	112100000	1.0
NW_024609879.1	112100000	112200000	1.0
NW_024609879.1	112200000	112300000	1.0
NW_024609879.1	112300000	112400000	2.0
NW_024609879.1	112400000	112500000	3.0
NW_024609879.1	112500000	112600000	2.0
NW_024609879.1	112600000	112700000	1.0
NW_024609879.1	112700000	112800000	1.0
NW_024609879.1	112800000	112900000	2.0
NW_024609879.1	112900000	113000000	1.0
NW_024609879.1	113000000	113100000	1.0
NW_024609879.1	113100000	113200000	1.0
NW_024609879.1	113200000	113300000	2.0
NW_024609879.1	113300000	113400000	2.0
NW_024609879.1	113400000	113500000	2.0
NW_024609879.1	113500000	113600000	2.0
NW_024609879.1	113600000	113700000	1.0
NW_024609879.1	113700000	113800000	2.0
NW_024609879.1	113800000	113900000	2.0
NW_024609879.1	113900000	114000000	1.0
NW_024609879.1	114000000	114100000	1.0
NW_024609879.1	114100000	114200000	1.0
NW_024609879.1	114300000	114400000	1.0
NW_024609879.1	114400000	114500000	1.0
NW_024609879.1	114600000	114700000	3.0
NW_024609879.1	114700000	114800000	2.0
NW_024609879.1	114900000	115000000	3.0
NW_024609879.1	115000000	115100000	3.0
NW_024609879.1	115100000	115200000	3.0
NW_024609879.1	115200000	115300000	2.0
NW_024609879.1	115300000	115400000	3.0
NW_024609879.1	115500000	115600000	2.0
NW_024609879.1	115600000	115700000	2.0
NW_024609879.1	115700000	115800000	1.0
NW_024609879.1	115800000	115900000	3.0
NW_024609879.1	115900000	116000000	3.0
NW_024609879.1	116000000	116100000	2.0
NW_024609879.1	116100000	116200000	3.0
NW_024609879.1	116200000	116300000	4.0
NW_024609879.1	116300000	116400000	4.0
NW_024609879.1	116400000	116500000	3.0
NW_024609879.1	116500000	116600000	4.0
NW_024609879.1	116600000	116700000	6.0
NW_024609879.1	116700000	116800000	2.0
NW_024609879.1	116900000	117000000	1.0
NW_024609879.1	117000000	117100000	3.0
NW_024609879.1	117100000	117200000	1.0
NW_024609879.1	117200000	117300000	2.0
NW_024609879.1	117300000	117400000	2.0
NW_024609879.1	117400000	117500000	2.0
NW_024609879.1	117500000	117600000	2.0
NW_024609879.1	117600000	117700000	2.0
NW_024609879.1	117700000	117800000	1.0
NW_024609879.1	117800000	117900000	2.0
NW_024609879.1	117900000	118000000	3.0
NW_024609879.1	118000000	118100000	1.0
NW_024609879.1	118100000	118200000	1.0
NW_024609879.1	118200000	118300000	1.0
NW_024609879.1	118300000	118400000	2.0
NW_024609879.1	118600000	118700000	1.0
NW_024609879.1	118700000	118800000	2.0
NW_024609879.1	118800000	118900000	7.0
NW_024609879.1	118900000	119000000	3.0
NW_024609879.1	119000000	119100000	3.0
NW_024609879.1	119300000	119400000	1.0
NW_024609879.1	119400000	119500000	1.0
NW_024609879.1	119500000	119600000	1.0
NW_024609879.1	119700000	119800000	1.0
NW_024609879.1	119800000	119900000	2.0
NW_024609879.1	119900000	120000000	2.0
NW_024609879.1	120000000	120100000	5.0
NW_024609879.1	120100000	120200000	2.0
NW_024609879.1	120200000	120300000	1.0
NW_024609879.1	120300000	120400000	1.0
NW_024609879.1	120400000	120500000	1.0
NW_024609879.1	120500000	120600000	1.0
NW_024609879.1	120600000	120700000	3.0
NW_024609879.1	120700000	120800000	2.0
NW_024609879.1	120800000	120900000	2.0
NW_024609879.1	120900000	121000000	1.0
NW_024609879.1	121000000	121100000	2.0
NW_024609879.1	121200000	121300000	1.0
NW_024609879.1	121300000	121400000	4.0
NW_024609879.1	121400000	121500000	4.0
NW_024609879.1	121500000	121600000	1.0
NW_024609879.1	121800000	121900000	1.0
NW_024609879.1	122000000	122100000	1.0
NW_024609879.1	122100000	122200000	3.0
NW_024609879.1	122300000	122400000	1.0
NW_024609879.1	122400000	122500000	1.0
NW_024609879.1	122500000	122600000	2.0
NW_024609879.1	122600000	122700000	5.0
NW_024609879.1	122700000	122800000	3.0
NW_024609879.1	122800000	122900000	1.0
NW_024609879.1	122900000	123000000	2.0
NW_024609879.1	123000000	123100000	3.0
NW_024609879.1	123100000	123200000	3.0
NW_024609879.1	123200000	123300000	2.0
NW_024609879.1	123400000	123500000	1.0
NW_024609879.1	123600000	123700000	2.0
NW_024609879.1	123700000	123800000	2.0
NW_024609879.1	124100000	124200000	6.0
NW_024609879.1	124200000	124300000	4.0
NW_024609879.1	124300000	124400000	1.0
NW_024609879.1	124400000	124500000	2.0
NW_024609879.1	124500000	124600000	5.0
NW_024609879.1	124600000	124700000	5.0
NW_024609879.1	124700000	124800000	1.0
NW_024609879.1	124900000	125000000	2.0
NW_024609879.1	125000000	125100000	3.0
NW_024609879.1	125100000	125200000	1.0
NW_024609879.1	125200000	125300000	2.0
NW_024609879.1	125300000	125400000	2.0
NW_024609879.1	125400000	125500000	2.0
NW_024609879.1	125500000	125600000	1.0
NW_024609879.1	125600000	125700000	3.0
NW_024609879.1	125700000	125800000	6.0
NW_024609879.1	126100000	126200000	1.0
NW_024609879.1	126500000	126600000	3.0
NW_024609879.1	126600000	126700000	1.0
NW_024609879.1	126700000	126800000	1.0
NW_024609879.1	126800000	126900000	1.0
NW_024609879.1	126900000	127000000	4.0
NW_024609879.1	127000000	127100000	2.0
NW_024609879.1	127100000	127200000	1.0
NW_024609879.1	127200000	127300000	4.0
NW_024609879.1	127400000	127500000	2.0
NW_024609879.1	127700000	127800000	3.0
NW_024609879.1	127800000	127900000	1.0
NW_024609879.1	127900000	128000000	1.0
NW_024609879.1	128000000	128100000	3.0
NW_024609879.1	128100000	128200000	4.0
NW_024609879.1	128200000	128300000	2.0
NW_024609879.1	128300000	128400000	3.0
NW_024609879.1	128500000	128600000	1.0
NW_024609879.1	128600000	128700000	4.0
NW_024609879.1	128700000	128800000	1.0
NW_024609879.1	128800000	128900000	4.0
NW_024609879.1	128900000	129000000	4.0
NW_024609879.1	129000000	129100000	4.0
NW_024609879.1	129100000	129200000	2.0
NW_024609879.1	129200000	129300000	1.0
NW_024609879.1	129300000	129400000	2.0
NW_024609879.1	129400000	129500000	1.0
NW_024609879.1	129700000	129800000	1.0
NW_024609879.1	129800000	129900000	2.0
NW_024609879.1	129900000	130000000	2.0
NW_024609879.1	130000000	130100000	2.0
NW_024609879.1	130300000	130400000	1.0
NW_024609879.1	130600000	130700000	1.0
NW_024609879.1	130700000	130800000	5.0
NW_024609879.1	130800000	130900000	4.0
NW_024609879.1	130900000	131000000	4.0
NW_024609879.1	131000000	131100000	4.0
NW_024609879.1	131300000	131400000	1.0
NW_024609879.1	131400000	131500000	1.0
NW_024609879.1	132100000	132200000	2.0
NW_024609879.1	132200000	132300000	4.0
NW_024609879.1	132300000	132400000	1.0
NW_024609879.1	132400000	132500000	1.0
NW_024609879.1	132500000	132600000	2.0
NW_024609879.1	132600000	132700000	1.0
NW_024609879.1	132700000	132800000	1.0
NW_024609879.1	132800000	132900000	3.0
NW_024609879.1	132900000	133000000	2.0
NW_024609879.1	133000000	133100000	2.0
NW_024609879.1	133200000	133300000	1.0
NW_024609879.1	133300000	133400000	2.0
NW_024609879.1	133500000	133600000	1.0
NW_024609879.1	133600000	133700000	2.0
NW_024609879.1	133700000	133800000	3.0
NW_024609879.1	133900000	134000000	1.0
NW_024609879.1	134000000	134100000	3.0
NW_024609879.1	134100000	134200000	2.0
NW_024609879.1	134200000	134300000	2.0
NW_024609879.1	134300000	134400000	1.0
NW_024609879.1	134500000	134600000	3.0
NW_024609879.1	134600000	134700000	1.0
NW_024609879.1	134800000	134900000	2.0
NW_024609879.1	134700000	134800000	1.0
NW_024609879.1	134900000	135000000	1.0
NW_024609879.1	135000000	135100000	1.0
NW_024609879.1	135100000	135200000	1.0
NW_024609879.1	135300000	135400000	2.0
NW_024609879.1	135400000	135500000	1.0
NW_024609879.1	135700000	135800000	2.0
NW_024609879.1	135800000	135900000	1.0
NW_024609879.1	135900000	136000000	4.0
NW_024609879.1	136000000	136100000	2.0
NW_024609879.1	136200000	136300000	1.0
NW_024609879.1	136300000	136400000	1.0
NW_024609879.1	136700000	136800000	1.0
NW_024609879.1	136800000	136900000	1.0
NW_024609879.1	137000000	137100000	1.0
NW_024609879.1	137300000	137400000	1.0
NW_024609879.1	137400000	137500000	2.0
NW_024609879.1	137500000	137600000	1.0
NW_024609879.1	137900000	138000000	1.0
NW_024609879.1	138300000	138400000	1.0
NW_024609879.1	138400000	138500000	1.0
NW_024609879.1	138600000	138700000	1.0
NW_024609879.1	138800000	138900000	1.0
NW_024609879.1	139000000	139100000	1.0
NW_024609879.1	139100000	139200000	2.0
NW_024609879.1	139200000	139300000	1.0
NW_024609879.1	139300000	139400000	1.0
NW_024609879.1	139400000	139500000	2.0
NW_024609879.1	139600000	139700000	6.0
NW_024609879.1	139700000	139800000	4.0
NW_024609879.1	139800000	139900000	2.0
NW_024609879.1	139900000	140000000	1.0
NW_024609879.1	140000000	140100000	2.0
NW_024609879.1	140100000	140200000	5.0
NW_024609879.1	140200000	140300000	5.0
NW_024609879.1	140300000	140400000	3.0
NW_024609879.1	140400000	140500000	1.0
NW_024609879.1	140500000	140600000	5.0
NW_024609879.1	140700000	140800000	4.0
NW_024609879.1	140600000	140700000	1.0
NW_024609879.1	140800000	140900000	5.0
NW_024609879.1	140900000	141000000	7.0
NW_024609879.1	141200000	141300000	1.0
NW_024609879.1	141300000	141400000	2.0
NW_024609879.1	141400000	141500000	4.0
NW_024609879.1	141500000	141600000	3.0
NW_024609879.1	141600000	141700000	4.0
NW_024609879.1	141700000	141800000	5.0
NW_024609879.1	141800000	141900000	5.0
NW_024609879.1	141900000	142000000	1.0
NW_024609879.1	142000000	142100000	2.0
NW_024609879.1	142100000	142200000	3.0
NW_024609879.1	142200000	142300000	6.0
NW_024609879.1	142300000	142400000	5.0
NW_024609879.1	142400000	142500000	2.0
NW_024609879.1	142500000	142600000	1.0
NW_024609879.1	142600000	142700000	2.0
NW_024609879.1	142700000	142800000	3.0
NW_024609879.1	142800000	142900000	1.0
NW_024609879.1	142900000	143000000	1.0
NW_024609879.1	143000000	143100000	2.0
NW_024609879.1	143100000	143200000	1.0
NW_024609879.1	143300000	143400000	1.0
NW_024609879.1	143600000	143700000	5.0
NW_024609879.1	143700000	143800000	2.0
NW_024609879.1	143800000	143900000	2.0
NW_024609879.1	143900000	144000000	2.0
NW_024609879.1	144000000	144100000	3.0
NW_024609879.1	144100000	144200000	2.0
NW_024609879.1	144200000	144300000	3.0
NW_024609879.1	144300000	144400000	2.0
NW_024609879.1	144400000	144500000	3.0
NW_024609879.1	144500000	144600000	2.0
NW_024609879.1	144600000	144700000	1.0
NW_024609879.1	144700000	144800000	2.0
NW_024609879.1	144800000	144900000	2.0
NW_024609879.1	144900000	145000000	1.0
NW_024609879.1	145000000	145100000	2.0
NW_024609879.1	145100000	145200000	3.0
NW_024609879.1	145200000	145300000	1.0
NW_024609879.1	145300000	145400000	1.0
NW_024609879.1	145400000	145500000	1.0
NW_024609879.1	145500000	145600000	2.0
NW_024609879.1	145600000	145700000	2.0
NW_024609879.1	145700000	145800000	2.0
NW_024609879.1	145800000	145900000	3.0
NW_024609879.1	145900000	146000000	2.0
NW_024609879.1	146000000	146100000	1.0
NW_024609879.1	146100000	146200000	1.0
NW_024609879.1	146300000	146400000	3.0
NW_024609879.1	146400000	146500000	2.0
NW_024609879.1	146600000	146700000	3.0
NW_024609879.1	146700000	146800000	3.0
NW_024609879.1	146800000	146900000	2.0
NW_024609879.1	146900000	147000000	1.0
NW_024609879.1	147000000	147100000	2.0
NW_024609879.1	147100000	147200000	2.0
NW_024609879.1	147200000	147300000	2.0
NW_024609879.1	147400000	147500000	3.0
NW_024609879.1	147500000	147600000	2.0
NW_024609879.1	147600000	147700000	1.0
NW_024609879.1	147700000	147800000	3.0
NW_024609879.1	147800000	147839271	1.0
NW_024609880.1	0	100000	1.0
NW_024609880.1	100000	200000	1.0
NW_024609880.1	200000	300000	1.0
NW_024609880.1	300000	400000	1.0
NW_024609880.1	600000	700000	1.0
NW_024609880.1	700000	800000	2.0
NW_024609880.1	1100000	1200000	1.0
NW_024609880.1	1200000	1300000	3.0
NW_024609880.1	1300000	1400000	1.0
NW_024609880.1	1500000	1600000	2.0
NW_024609880.1	1600000	1700000	2.0
NW_024609880.1	1700000	1800000	2.0
NW_024609880.1	1800000	1900000	2.0
NW_024609880.1	1900000	2000000	3.0
NW_024609880.1	2100000	2200000	1.0
NW_024609880.1	2200000	2300000	2.0
NW_024609880.1	2300000	2400000	4.0
NW_024609880.1	3200000	3300000	1.0
NW_024609880.1	3400000	3500000	1.0
NW_024609880.1	3600000	3700000	2.0
NW_024609880.1	3700000	3800000	1.0
NW_024609880.1	4100000	4200000	1.0
NW_024609880.1	4400000	4500000	1.0
NW_024609880.1	4500000	4600000	1.0
NW_024609880.1	4600000	4700000	1.0
NW_024609880.1	4700000	4800000	1.0
NW_024609880.1	4800000	4900000	1.0
NW_024609880.1	4900000	5000000	1.0
NW_024609880.1	5100000	5200000	1.0
NW_024609880.1	5400000	5500000	1.0
NW_024609880.1	5600000	5700000	1.0
NW_024609880.1	5700000	5800000	2.0
NW_024609880.1	5900000	6000000	2.0
NW_024609880.1	6000000	6100000	3.0
NW_024609880.1	6100000	6200000	1.0
NW_024609880.1	6200000	6300000	2.0
NW_024609880.1	6300000	6400000	1.0
NW_024609880.1	6400000	6500000	2.0
NW_024609880.1	6500000	6600000	1.0
NW_024609880.1	6600000	6700000	3.0
NW_024609880.1	6700000	6800000	1.0
NW_024609880.1	6800000	6900000	1.0
NW_024609880.1	6900000	7000000	1.0
NW_024609880.1	7100000	7200000	1.0
NW_024609880.1	7200000	7300000	1.0
NW_024609880.1	7400000	7500000	1.0
NW_024609880.1	7500000	7600000	1.0
NW_024609880.1	7600000	7700000	1.0
NW_024609880.1	7800000	7900000	1.0
NW_024609880.1	8000000	8100000	1.0
NW_024609880.1	8400000	8500000	1.0
NW_024609880.1	8500000	8600000	1.0
NW_024609880.1	8600000	8700000	1.0
NW_024609880.1	8800000	8900000	3.0
NW_024609880.1	8900000	9000000	1.0
NW_024609880.1	9000000	9100000	1.0
NW_024609880.1	9100000	9200000	1.0
NW_024609880.1	9200000	9300000	2.0
NW_024609880.1	9300000	9400000	1.0
NW_024609880.1	9400000	9500000	1.0
NW_024609880.1	9500000	9600000	2.0
NW_024609880.1	9800000	9900000	1.0
NW_024609880.1	9900000	10000000	1.0
NW_024609880.1	10000000	10100000	1.0
NW_024609880.1	10100000	10200000	1.0
NW_024609880.1	10200000	10300000	1.0
NW_024609880.1	10300000	10400000	1.0
NW_024609880.1	10500000	10600000	1.0
NW_024609880.1	10800000	10900000	3.0
NW_024609880.1	10900000	11000000	1.0
NW_024609880.1	11000000	11100000	1.0
NW_024609880.1	11100000	11200000	1.0
NW_024609880.1	11200000	11300000	1.0
NW_024609880.1	11300000	11400000	1.0
NW_024609880.1	11600000	11700000	1.0
NW_024609880.1	11900000	12000000	3.0
NW_024609880.1	12000000	12100000	3.0
NW_024609880.1	12100000	12200000	2.0
NW_024609880.1	12400000	12500000	1.0
NW_024609880.1	12500000	12600000	1.0
NW_024609880.1	12700000	12800000	1.0
NW_024609880.1	13000000	13100000	1.0
NW_024609880.1	13100000	13200000	1.0
NW_024609880.1	13200000	13300000	1.0
NW_024609880.1	13400000	13500000	1.0
NW_024609880.1	14400000	14500000	1.0
NW_024609880.1	14600000	14700000	1.0
NW_024609880.1	14700000	14800000	1.0
NW_024609880.1	14800000	14900000	3.0
NW_024609880.1	14900000	15000000	3.0
NW_024609880.1	15000000	15100000	1.0
NW_024609880.1	15100000	15200000	1.0
NW_024609880.1	15200000	15300000	2.0
NW_024609880.1	15400000	15500000	1.0
NW_024609880.1	15500000	15600000	1.0
NW_024609880.1	16200000	16300000	1.0
NW_024609880.1	16300000	16400000	1.0
NW_024609880.1	16700000	16800000	1.0
NW_024609880.1	16800000	16900000	1.0
NW_024609880.1	16900000	17000000	1.0
NW_024609880.1	17000000	17100000	1.0
NW_024609880.1	17100000	17200000	1.0
NW_024609880.1	17600000	17700000	1.0
NW_024609880.1	17700000	17800000	4.0
NW_024609880.1	17800000	17900000	2.0
NW_024609880.1	18000000	18100000	1.0
NW_024609880.1	18200000	18300000	2.0
NW_024609880.1	18300000	18400000	2.0
NW_024609880.1	18500000	18600000	2.0
NW_024609880.1	18900000	19000000	2.0
NW_024609880.1	19200000	19300000	1.0
NW_024609880.1	20000000	20100000	2.0
NW_024609880.1	20100000	20200000	1.0
NW_024609880.1	20600000	20700000	1.0
NW_024609880.1	20800000	20900000	1.0
NW_024609880.1	20900000	21000000	1.0
NW_024609880.1	21800000	21900000	1.0
NW_024609880.1	22100000	22200000	1.0
NW_024609880.1	22200000	22300000	1.0
NW_024609880.1	22300000	22400000	1.0
NW_024609880.1	22400000	22500000	3.0
NW_024609880.1	22500000	22600000	1.0
NW_024609880.1	22600000	22700000	1.0
NW_024609880.1	22700000	22800000	3.0
NW_024609880.1	23000000	23100000	1.0
NW_024609880.1	23500000	23600000	3.0
NW_024609880.1	23700000	23800000	2.0
NW_024609880.1	23800000	23900000	1.0
NW_024609880.1	24100000	24200000	2.0
NW_024609880.1	24700000	24800000	2.0
NW_024609880.1	24800000	24900000	1.0
NW_024609880.1	25100000	25200000	1.0
NW_024609880.1	25600000	25700000	1.0
NW_024609880.1	25700000	25800000	1.0
NW_024609880.1	25800000	25900000	3.0
NW_024609880.1	26000000	26100000	1.0
NW_024609880.1	25900000	26000000	1.0
NW_024609880.1	26400000	26500000	2.0
NW_024609880.1	26800000	26900000	1.0
NW_024609880.1	27000000	27100000	3.0
NW_024609880.1	27100000	27200000	1.0
NW_024609880.1	27200000	27300000	1.0
NW_024609880.1	27400000	27500000	2.0
NW_024609880.1	27500000	27600000	1.0
NW_024609880.1	27600000	27700000	1.0
NW_024609880.1	27700000	27800000	1.0
NW_024609880.1	28000000	28100000	1.0
NW_024609880.1	28100000	28200000	1.0
NW_024609880.1	28200000	28300000	4.0
NW_024609880.1	28300000	28400000	1.0
NW_024609880.1	28500000	28600000	1.0
NW_024609880.1	28600000	28700000	1.0
NW_024609880.1	28800000	28900000	1.0
NW_024609880.1	28900000	29000000	1.0
NW_024609880.1	29100000	29200000	1.0
NW_024609880.1	29200000	29300000	1.0
NW_024609880.1	29400000	29500000	2.0
NW_024609880.1	29700000	29800000	1.0
NW_024609880.1	29900000	30000000	1.0
NW_024609880.1	30000000	30100000	3.0
NW_024609880.1	30100000	30200000	2.0
NW_024609880.1	30200000	30300000	1.0
NW_024609880.1	30300000	30400000	1.0
NW_024609880.1	30400000	30500000	2.0
NW_024609880.1	30600000	30700000	1.0
NW_024609880.1	30700000	30800000	1.0
NW_024609880.1	30800000	30900000	2.0
NW_024609880.1	30900000	31000000	4.0
NW_024609880.1	31000000	31100000	4.0
NW_024609880.1	31100000	31200000	3.0
NW_024609880.1	31200000	31300000	3.0
NW_024609880.1	31300000	31400000	3.0
NW_024609880.1	31400000	31500000	3.0
NW_024609880.1	31500000	31600000	4.0
NW_024609880.1	31600000	31700000	2.0
NW_024609880.1	31700000	31800000	1.0
NW_024609880.1	32000000	32100000	1.0
NW_024609880.1	32400000	32500000	1.0
NW_024609880.1	32500000	32600000	1.0
NW_024609880.1	32600000	32700000	1.0
NW_024609880.1	32700000	32800000	1.0
NW_024609880.1	32900000	33000000	2.0
NW_024609880.1	33100000	33200000	2.0
NW_024609880.1	33500000	33600000	1.0
NW_024609880.1	33600000	33700000	2.0
NW_024609880.1	33800000	33900000	1.0
NW_024609880.1	34100000	34200000	1.0
NW_024609880.1	34500000	34600000	1.0
NW_024609880.1	34600000	34700000	1.0
NW_024609880.1	34700000	34800000	1.0
NW_024609880.1	34800000	34900000	1.0
NW_024609880.1	35100000	35200000	2.0
NW_024609880.1	35400000	35500000	1.0
NW_024609880.1	35500000	35600000	1.0
NW_024609880.1	35700000	35800000	3.0
NW_024609880.1	36000000	36100000	2.0
NW_024609880.1	36100000	36200000	2.0
NW_024609880.1	36200000	36300000	4.0
NW_024609880.1	36300000	36400000	1.0
NW_024609880.1	36700000	36800000	1.0
NW_024609880.1	36500000	36600000	2.0
NW_024609880.1	36600000	36700000	1.0
NW_024609880.1	36900000	37000000	3.0
NW_024609880.1	37000000	37100000	2.0
NW_024609880.1	37100000	37200000	3.0
NW_024609880.1	37200000	37300000	4.0
NW_024609880.1	37300000	37400000	1.0
NW_024609880.1	37600000	37700000	2.0
NW_024609880.1	37700000	37800000	1.0
NW_024609880.1	37800000	37900000	2.0
NW_024609880.1	38400000	38500000	1.0
NW_024609880.1	38700000	38800000	1.0
NW_024609880.1	39300000	39400000	3.0
NW_024609880.1	39400000	39500000	1.0
NW_024609880.1	39500000	39600000	2.0
NW_024609880.1	39600000	39700000	4.0
NW_024609880.1	39700000	39800000	2.0
NW_024609880.1	39800000	39900000	1.0
NW_024609880.1	39900000	40000000	1.0
NW_024609880.1	40000000	40100000	1.0
NW_024609880.1	40100000	40200000	4.0
NW_024609880.1	40200000	40300000	1.0
NW_024609880.1	40300000	40400000	2.0
NW_024609880.1	40500000	40600000	4.0
NW_024609880.1	40600000	40700000	3.0
NW_024609880.1	40800000	40900000	1.0
NW_024609880.1	40900000	41000000	1.0
NW_024609880.1	41000000	41100000	2.0
NW_024609880.1	41100000	41200000	3.0
NW_024609880.1	41200000	41300000	2.0
NW_024609880.1	41300000	41400000	4.0
NW_024609880.1	41400000	41500000	5.0
NW_024609880.1	41500000	41600000	2.0
NW_024609880.1	41600000	41700000	2.0
NW_024609880.1	41700000	41800000	1.0
NW_024609880.1	41800000	41900000	3.0
NW_024609880.1	41900000	42000000	1.0
NW_024609880.1	42000000	42100000	2.0
NW_024609880.1	42100000	42200000	2.0
NW_024609880.1	42200000	42300000	1.0
NW_024609880.1	42300000	42400000	2.0
NW_024609880.1	42400000	42500000	4.0
NW_024609880.1	42500000	42600000	2.0
NW_024609880.1	42600000	42700000	2.0
NW_024609880.1	42700000	42800000	1.0
NW_024609880.1	42800000	42900000	1.0
NW_024609880.1	42900000	43000000	1.0
NW_024609880.1	43100000	43200000	1.0
NW_024609880.1	43600000	43700000	1.0
NW_024609880.1	44000000	44100000	1.0
NW_024609880.1	44300000	44400000	1.0
NW_024609880.1	44400000	44500000	1.0
NW_024609880.1	44500000	44600000	1.0
NW_024609880.1	44600000	44700000	1.0
NW_024609880.1	44700000	44800000	3.0
NW_024609880.1	44800000	44900000	3.0
NW_024609880.1	45000000	45100000	3.0
NW_024609880.1	45200000	45300000	1.0
NW_024609880.1	45300000	45400000	2.0
NW_024609880.1	45400000	45500000	2.0
NW_024609880.1	45500000	45600000	3.0
NW_024609880.1	45600000	45700000	2.0
NW_024609880.1	45700000	45800000	3.0
NW_024609880.1	45800000	45900000	1.0
NW_024609880.1	46000000	46100000	1.0
NW_024609880.1	46100000	46200000	2.0
NW_024609880.1	46200000	46300000	2.0
NW_024609880.1	46300000	46400000	1.0
NW_024609880.1	46400000	46500000	3.0
NW_024609880.1	46500000	46600000	2.0
NW_024609880.1	46600000	46700000	4.0
NW_024609880.1	46700000	46800000	3.0
NW_024609880.1	46800000	46900000	2.0
NW_024609880.1	46900000	47000000	1.0
NW_024609880.1	47000000	47100000	1.0
NW_024609880.1	47100000	47200000	1.0
NW_024609880.1	47200000	47300000	1.0
NW_024609880.1	47300000	47400000	5.0
NW_024609880.1	47400000	47500000	3.0
NW_024609880.1	47500000	47600000	2.0
NW_024609880.1	47600000	47700000	3.0
NW_024609880.1	47700000	47800000	1.0
NW_024609880.1	47800000	47900000	1.0
NW_024609880.1	47900000	48000000	2.0
NW_024609880.1	48100000	48200000	1.0
NW_024609880.1	48400000	48500000	2.0
NW_024609880.1	48500000	48600000	1.0
NW_024609880.1	48600000	48700000	3.0
NW_024609880.1	48900000	49000000	1.0
NW_024609880.1	49000000	49100000	1.0
NW_024609880.1	49100000	49200000	2.0
NW_024609880.1	49200000	49300000	1.0
NW_024609880.1	49300000	49400000	2.0
NW_024609880.1	49400000	49500000	3.0
NW_024609880.1	49800000	49900000	1.0
NW_024609880.1	49600000	49700000	1.0
NW_024609880.1	50000000	50100000	2.0
NW_024609880.1	50200000	50300000	3.0
NW_024609880.1	50300000	50400000	1.0
NW_024609880.1	50400000	50500000	1.0
NW_024609880.1	50500000	50600000	2.0
NW_024609880.1	50600000	50700000	3.0
NW_024609880.1	50700000	50800000	3.0
NW_024609880.1	50800000	50900000	2.0
NW_024609880.1	50900000	51000000	2.0
NW_024609880.1	51000000	51100000	1.0
NW_024609880.1	51100000	51200000	1.0
NW_024609880.1	51200000	51300000	5.0
NW_024609880.1	51300000	51400000	2.0
NW_024609880.1	51400000	51500000	2.0
NW_024609880.1	51500000	51600000	2.0
NW_024609880.1	51600000	51700000	1.0
NW_024609880.1	51700000	51800000	3.0
NW_024609880.1	51800000	51900000	1.0
NW_024609880.1	51900000	52000000	2.0
NW_024609880.1	52000000	52100000	2.0
NW_024609880.1	52100000	52200000	2.0
NW_024609880.1	52200000	52300000	1.0
NW_024609880.1	52300000	52400000	1.0
NW_024609880.1	52400000	52500000	1.0
NW_024609880.1	52500000	52600000	1.0
NW_024609880.1	52700000	52800000	5.0
NW_024609880.1	52800000	52900000	3.0
NW_024609880.1	53000000	53100000	4.0
NW_024609880.1	53100000	53200000	5.0
NW_024609880.1	53200000	53300000	2.0
NW_024609880.1	53300000	53400000	2.0
NW_024609880.1	53400000	53500000	2.0
NW_024609880.1	53500000	53600000	1.0
NW_024609880.1	53600000	53700000	4.0
NW_024609880.1	53700000	53800000	7.0
NW_024609880.1	53800000	53900000	4.0
NW_024609880.1	53900000	54000000	3.0
NW_024609880.1	54100000	54200000	1.0
NW_024609880.1	54200000	54300000	1.0
NW_024609880.1	54400000	54500000	2.0
NW_024609880.1	54500000	54600000	3.0
NW_024609880.1	54600000	54700000	4.0
NW_024609880.1	54700000	54800000	3.0
NW_024609880.1	54800000	54900000	3.0
NW_024609880.1	54900000	55000000	2.0
NW_024609880.1	55000000	55100000	1.0
NW_024609880.1	55100000	55200000	1.0
NW_024609880.1	55200000	55300000	2.0
NW_024609880.1	55300000	55400000	5.0
NW_024609880.1	55400000	55500000	1.0
NW_024609880.1	55500000	55600000	5.0
NW_024609880.1	55600000	55700000	3.0
NW_024609880.1	55700000	55800000	1.0
NW_024609880.1	55800000	55900000	5.0
NW_024609880.1	55900000	56000000	4.0
NW_024609880.1	56100000	56200000	2.0
NW_024609880.1	56400000	56500000	3.0
NW_024609880.1	56500000	56600000	2.0
NW_024609880.1	56600000	56700000	1.0
NW_024609880.1	56700000	56800000	1.0
NW_024609880.1	56900000	57000000	2.0
NW_024609880.1	57100000	57200000	1.0
NW_024609880.1	57200000	57300000	1.0
NW_024609880.1	57300000	57400000	2.0
NW_024609880.1	57800000	57900000	1.0
NW_024609880.1	58000000	58100000	1.0
NW_024609880.1	58500000	58600000	3.0
NW_024609880.1	58700000	58800000	1.0
NW_024609880.1	58800000	58900000	1.0
NW_024609880.1	58900000	59000000	2.0
NW_024609880.1	59000000	59100000	8.0
NW_024609880.1	59100000	59200000	4.0
NW_024609880.1	59200000	59300000	11.0
NW_024609880.1	59300000	59400000	2.0
NW_024609880.1	59400000	59500000	6.0
NW_024609880.1	59500000	59600000	5.0
NW_024609880.1	59600000	59700000	2.0
NW_024609880.1	59700000	59800000	7.0
NW_024609880.1	59800000	59900000	2.0
NW_024609880.1	59900000	60000000	2.0
NW_024609880.1	60000000	60100000	4.0
NW_024609880.1	60100000	60200000	3.0
NW_024609880.1	60200000	60300000	5.0
NW_024609880.1	60300000	60400000	4.0
NW_024609880.1	60400000	60500000	6.0
NW_024609880.1	60500000	60600000	6.0
NW_024609880.1	60800000	60900000	1.0
NW_024609880.1	60900000	61000000	3.0
NW_024609880.1	61000000	61100000	3.0
NW_024609880.1	61100000	61200000	2.0
NW_024609880.1	61200000	61300000	4.0
NW_024609880.1	61400000	61500000	1.0
NW_024609880.1	61500000	61600000	1.0
NW_024609880.1	61800000	61900000	1.0
NW_024609880.1	62200000	62300000	1.0
NW_024609880.1	62300000	62400000	2.0
NW_024609880.1	62400000	62500000	5.0
NW_024609880.1	62600000	62700000	1.0
NW_024609880.1	62700000	62800000	1.0
NW_024609880.1	62800000	62900000	3.0
NW_024609880.1	62900000	63000000	1.0
NW_024609880.1	63000000	63100000	1.0
NW_024609880.1	63100000	63200000	2.0
NW_024609880.1	63200000	63300000	4.0
NW_024609880.1	63300000	63400000	4.0
NW_024609880.1	63400000	63500000	1.0
NW_024609880.1	63500000	63600000	2.0
NW_024609880.1	63600000	63700000	2.0
NW_024609880.1	63700000	63800000	2.0
NW_024609880.1	64000000	64100000	1.0
NW_024609880.1	64200000	64300000	3.0
NW_024609880.1	64300000	64400000	1.0
NW_024609880.1	64400000	64500000	2.0
NW_024609880.1	64600000	64700000	1.0
NW_024609880.1	64700000	64800000	1.0
NW_024609880.1	64900000	65000000	1.0
NW_024609880.1	65000000	65100000	1.0
NW_024609880.1	65100000	65200000	1.0
NW_024609880.1	65200000	65300000	2.0
NW_024609880.1	65300000	65400000	1.0
NW_024609880.1	65500000	65600000	2.0
NW_024609880.1	65600000	65700000	1.0
NW_024609880.1	65700000	65800000	1.0
NW_024609880.1	65800000	65900000	1.0
NW_024609880.1	65900000	66000000	2.0
NW_024609880.1	66100000	66200000	1.0
NW_024609880.1	66200000	66300000	2.0
NW_024609880.1	66300000	66400000	5.0
NW_024609880.1	66400000	66500000	2.0
NW_024609880.1	66500000	66600000	2.0
NW_024609880.1	66600000	66700000	3.0
NW_024609880.1	66700000	66800000	2.0
NW_024609880.1	66800000	66900000	3.0
NW_024609880.1	66900000	67000000	1.0
NW_024609880.1	67200000	67300000	1.0
NW_024609880.1	67300000	67400000	1.0
NW_024609880.1	68100000	68200000	1.0
NW_024609880.1	68300000	68400000	1.0
NW_024609880.1	68400000	68500000	2.0
NW_024609880.1	68600000	68700000	1.0
NW_024609880.1	68700000	68800000	2.0
NW_024609880.1	69100000	69200000	1.0
NW_024609880.1	69300000	69400000	2.0
NW_024609880.1	69700000	69800000	1.0
NW_024609880.1	69800000	69900000	1.0
NW_024609880.1	69900000	70000000	2.0
NW_024609880.1	70000000	70100000	2.0
NW_024609880.1	70200000	70300000	2.0
NW_024609880.1	70300000	70400000	1.0
NW_024609880.1	70500000	70600000	3.0
NW_024609880.1	70700000	70800000	2.0
NW_024609880.1	70800000	70900000	1.0
NW_024609880.1	70900000	71000000	4.0
NW_024609880.1	71000000	71100000	3.0
NW_024609880.1	71100000	71200000	3.0
NW_024609880.1	71200000	71300000	2.0
NW_024609880.1	71300000	71400000	1.0
NW_024609880.1	71400000	71500000	2.0
NW_024609880.1	71500000	71600000	3.0
NW_024609880.1	71600000	71700000	5.0
NW_024609880.1	71800000	71900000	1.0
NW_024609880.1	71900000	72000000	1.0
NW_024609880.1	72100000	72200000	1.0
NW_024609880.1	72200000	72300000	6.0
NW_024609880.1	72300000	72400000	2.0
NW_024609880.1	72400000	72500000	7.0
NW_024609880.1	72500000	72600000	2.0
NW_024609880.1	73000000	73100000	2.0
NW_024609880.1	72800000	72900000	1.0
NW_024609880.1	73200000	73300000	2.0
NW_024609880.1	73700000	73800000	2.0
NW_024609880.1	73800000	73900000	4.0
NW_024609880.1	73900000	74000000	3.0
NW_024609880.1	74000000	74100000	1.0
NW_024609880.1	74200000	74300000	1.0
NW_024609880.1	74400000	74500000	1.0
NW_024609880.1	74500000	74600000	4.0
NW_024609880.1	74600000	74700000	1.0
NW_024609880.1	74700000	74800000	3.0
NW_024609880.1	74800000	74900000	1.0
NW_024609880.1	74900000	75000000	2.0
NW_024609880.1	75000000	75100000	1.0
NW_024609880.1	75100000	75200000	4.0
NW_024609880.1	75200000	75300000	1.0
NW_024609880.1	75800000	75900000	1.0
NW_024609880.1	75900000	76000000	3.0
NW_024609880.1	76200000	76300000	1.0
NW_024609880.1	76300000	76400000	1.0
NW_024609880.1	76400000	76500000	2.0
NW_024609880.1	76500000	76600000	1.0
NW_024609880.1	76600000	76700000	4.0
NW_024609880.1	76700000	76800000	2.0
NW_024609880.1	76800000	76900000	4.0
NW_024609880.1	76900000	77000000	4.0
NW_024609880.1	77000000	77100000	2.0
NW_024609880.1	77100000	77200000	1.0
NW_024609880.1	77200000	77300000	2.0
NW_024609880.1	77300000	77400000	2.0
NW_024609880.1	77400000	77500000	2.0
NW_024609880.1	77500000	77600000	1.0
NW_024609880.1	77600000	77700000	4.0
NW_024609880.1	77700000	77800000	2.0
NW_024609880.1	77800000	77900000	3.0
NW_024609880.1	78000000	78100000	1.0
NW_024609880.1	78200000	78300000	1.0
NW_024609880.1	78400000	78500000	1.0
NW_024609880.1	78500000	78600000	1.0
NW_024609880.1	78600000	78700000	1.0
NW_024609880.1	78800000	78900000	1.0
NW_024609880.1	79200000	79300000	1.0
NW_024609880.1	79700000	79800000	1.0
NW_024609880.1	80500000	80600000	2.0
NW_024609880.1	80700000	80800000	1.0
NW_024609880.1	81200000	81300000	1.0
NW_024609880.1	81600000	81700000	3.0
NW_024609880.1	81800000	81900000	1.0
NW_024609880.1	82300000	82400000	1.0
NW_024609880.1	82400000	82500000	1.0
NW_024609880.1	82500000	82600000	2.0
NW_024609880.1	82600000	82700000	1.0
NW_024609880.1	83400000	83500000	1.0
NW_024609880.1	83500000	83600000	1.0
NW_024609880.1	83600000	83700000	1.0
NW_024609880.1	84000000	84100000	1.0
NW_024609880.1	84300000	84400000	1.0
NW_024609880.1	84600000	84700000	1.0
NW_024609880.1	84800000	84900000	1.0
NW_024609880.1	85000000	85100000	1.0
NW_024609880.1	85400000	85500000	2.0
NW_024609880.1	85500000	85600000	1.0
NW_024609880.1	85600000	85700000	1.0
NW_024609880.1	85800000	85900000	6.0
NW_024609880.1	85900000	86000000	5.0
NW_024609880.1	86000000	86100000	4.0
NW_024609880.1	86100000	86200000	4.0
NW_024609880.1	86200000	86300000	3.0
NW_024609880.1	86300000	86400000	6.0
NW_024609880.1	86400000	86500000	5.0
NW_024609880.1	86500000	86600000	1.0
NW_024609880.1	86600000	86700000	1.0
NW_024609880.1	86700000	86800000	2.0
NW_024609880.1	86800000	86900000	1.0
NW_024609880.1	86900000	87000000	4.0
NW_024609880.1	87000000	87100000	3.0
NW_024609880.1	87100000	87200000	2.0
NW_024609880.1	87200000	87300000	3.0
NW_024609880.1	87300000	87400000	2.0
NW_024609880.1	87400000	87500000	1.0
NW_024609880.1	87600000	87700000	3.0
NW_024609880.1	87700000	87800000	1.0
NW_024609880.1	87800000	87900000	1.0
NW_024609880.1	87900000	88000000	3.0
NW_024609880.1	88000000	88100000	1.0
NW_024609880.1	88100000	88200000	2.0
NW_024609880.1	88200000	88300000	4.0
NW_024609880.1	88300000	88400000	6.0
NW_024609880.1	88400000	88500000	6.0
NW_024609880.1	88500000	88600000	2.0
NW_024609880.1	88600000	88700000	2.0
NW_024609880.1	88700000	88800000	1.0
NW_024609880.1	88900000	89000000	6.0
NW_024609880.1	89000000	89100000	1.0
NW_024609880.1	89100000	89200000	1.0
NW_024609880.1	89200000	89300000	1.0
NW_024609880.1	89300000	89400000	1.0
NW_024609880.1	89600000	89700000	1.0
NW_024609880.1	89700000	89800000	1.0
NW_024609880.1	89900000	90000000	1.0
NW_024609880.1	90000000	90100000	1.0
NW_024609880.1	90100000	90200000	1.0
NW_024609880.1	90200000	90300000	1.0
NW_024609880.1	90300000	90400000	1.0
NW_024609880.1	90400000	90500000	1.0
NW_024609880.1	90500000	90600000	2.0
NW_024609880.1	90600000	90700000	1.0
NW_024609880.1	90800000	90900000	2.0
NW_024609880.1	90900000	91000000	1.0
NW_024609880.1	91000000	91100000	2.0
NW_024609880.1	91200000	91300000	1.0
NW_024609880.1	91300000	91400000	1.0
NW_024609880.1	91500000	91600000	2.0
NW_024609880.1	91600000	91700000	2.0
NW_024609880.1	91700000	91800000	1.0
NW_024609880.1	91800000	91900000	2.0
NW_024609880.1	91900000	92000000	5.0
NW_024609880.1	92000000	92100000	7.0
NW_024609880.1	92100000	92200000	1.0
NW_024609880.1	92200000	92300000	1.0
NW_024609880.1	92300000	92400000	1.0
NW_024609880.1	92600000	92700000	1.0
NW_024609880.1	92700000	92800000	2.0
NW_024609880.1	92800000	92900000	3.0
NW_024609880.1	92900000	93000000	3.0
NW_024609880.1	93000000	93100000	3.0
NW_024609880.1	93300000	93400000	3.0
NW_024609880.1	93400000	93500000	1.0
NW_024609880.1	93500000	93600000	1.0
NW_024609880.1	93600000	93700000	1.0
NW_024609880.1	93700000	93800000	3.0
NW_024609880.1	93800000	93900000	5.0
NW_024609880.1	93900000	94000000	3.0
NW_024609880.1	94000000	94100000	2.0
NW_024609880.1	94100000	94200000	2.0
NW_024609880.1	94200000	94300000	1.0
NW_024609880.1	94300000	94400000	2.0
NW_024609880.1	94400000	94500000	7.0
NW_024609880.1	94500000	94600000	2.0
NW_024609880.1	94600000	94700000	2.0
NW_024609880.1	94700000	94800000	2.0
NW_024609880.1	94800000	94900000	4.0
NW_024609880.1	94900000	95000000	2.0
NW_024609880.1	95000000	95100000	2.0
NW_024609880.1	95100000	95200000	4.0
NW_024609880.1	95300000	95400000	1.0
NW_024609880.1	95400000	95500000	1.0
NW_024609880.1	95500000	95600000	6.0
NW_024609880.1	95600000	95700000	3.0
NW_024609880.1	95700000	95800000	1.0
NW_024609880.1	95800000	95900000	2.0
NW_024609880.1	95900000	96000000	2.0
NW_024609880.1	96000000	96100000	1.0
NW_024609880.1	96400000	96500000	1.0
NW_024609880.1	96500000	96600000	3.0
NW_024609880.1	96600000	96700000	5.0
NW_024609880.1	96800000	96900000	1.0
NW_024609880.1	97400000	97500000	1.0
NW_024609880.1	97500000	97600000	3.0
NW_024609880.1	97600000	97700000	2.0
NW_024609880.1	97700000	97800000	2.0
NW_024609880.1	97800000	97900000	2.0
NW_024609880.1	97900000	98000000	2.0
NW_024609880.1	98000000	98100000	3.0
NW_024609880.1	98100000	98200000	1.0
NW_024609880.1	98400000	98500000	1.0
NW_024609880.1	98500000	98600000	1.0
NW_024609880.1	98600000	98700000	2.0
NW_024609880.1	98700000	98800000	4.0
NW_024609880.1	98800000	98900000	1.0
NW_024609880.1	98900000	99000000	2.0
NW_024609880.1	99000000	99100000	3.0
NW_024609880.1	99100000	99200000	1.0
NW_024609880.1	99400000	99500000	1.0
NW_024609880.1	99600000	99700000	1.0
NW_024609880.1	99700000	99800000	1.0
NW_024609880.1	100100000	100200000	2.0
NW_024609880.1	100200000	100300000	2.0
NW_024609880.1	100300000	100400000	4.0
NW_024609880.1	100400000	100500000	1.0
NW_024609880.1	100500000	100600000	1.0
NW_024609880.1	100700000	100800000	1.0
NW_024609880.1	100800000	100900000	1.0
NW_024609880.1	100900000	101000000	4.0
NW_024609880.1	101000000	101100000	3.0
NW_024609880.1	101100000	101200000	1.0
NW_024609880.1	101200000	101300000	2.0
NW_024609880.1	101300000	101400000	4.0
NW_024609880.1	101400000	101500000	1.0
NW_024609880.1	101500000	101600000	3.0
NW_024609880.1	101600000	101700000	2.0
NW_024609880.1	101700000	101800000	2.0
NW_024609880.1	101800000	101900000	2.0
NW_024609880.1	102000000	102100000	2.0
NW_024609880.1	102100000	102200000	1.0
NW_024609880.1	102200000	102300000	3.0
NW_024609880.1	102300000	102400000	3.0
NW_024609880.1	102400000	102500000	1.0
NW_024609880.1	102500000	102600000	2.0
NW_024609880.1	102600000	102700000	2.0
NW_024609880.1	102700000	102800000	1.0
NW_024609880.1	102800000	102900000	3.0
NW_024609880.1	102900000	103000000	2.0
NW_024609880.1	103000000	103100000	1.0
NW_024609880.1	103100000	103200000	2.0
NW_024609880.1	103200000	103300000	2.0
NW_024609880.1	103300000	103400000	2.0
NW_024609880.1	103400000	103500000	2.0
NW_024609880.1	103500000	103600000	2.0
NW_024609880.1	103600000	103700000	3.0
NW_024609880.1	103700000	103800000	1.0
NW_024609880.1	104000000	104100000	1.0
NW_024609880.1	105000000	105100000	1.0
NW_024609880.1	105200000	105300000	2.0
NW_024609880.1	105300000	105400000	2.0
NW_024609880.1	105500000	105600000	1.0
NW_024609880.1	105600000	105700000	1.0
NW_024609880.1	105800000	105900000	1.0
NW_024609880.1	106000000	106100000	1.0
NW_024609880.1	106100000	106200000	2.0
NW_024609880.1	106200000	106300000	2.0
NW_024609880.1	106300000	106400000	1.0
NW_024609880.1	106400000	106500000	4.0
NW_024609880.1	106500000	106600000	3.0
NW_024609880.1	106600000	106700000	2.0
NW_024609880.1	106700000	106800000	1.0
NW_024609880.1	106800000	106900000	1.0
NW_024609880.1	106900000	107000000	1.0
NW_024609880.1	107000000	107100000	3.0
NW_024609880.1	107100000	107200000	2.0
NW_024609880.1	107200000	107300000	2.0
NW_024609880.1	107400000	107500000	2.0
NW_024609880.1	107500000	107600000	2.0
NW_024609880.1	107600000	107700000	1.0
NW_024609880.1	107700000	107800000	2.0
NW_024609880.1	107800000	107900000	1.0
NW_024609880.1	107900000	108000000	2.0
NW_024609880.1	108100000	108200000	4.0
NW_024609880.1	108300000	108400000	2.0
NW_024609880.1	108400000	108500000	2.0
NW_024609880.1	108500000	108600000	1.0
NW_024609880.1	108600000	108700000	3.0
NW_024609880.1	108800000	108900000	2.0
NW_024609880.1	108900000	109000000	1.0
NW_024609880.1	109300000	109400000	1.0
NW_024609880.1	109400000	109500000	1.0
NW_024609880.1	109500000	109600000	1.0
NW_024609880.1	109600000	109700000	1.0
NW_024609880.1	109700000	109800000	1.0
NW_024609880.1	109800000	109900000	1.0
NW_024609880.1	109900000	110000000	1.0
NW_024609880.1	110000000	110100000	1.0
NW_024609880.1	110100000	110200000	5.0
NW_024609880.1	110200000	110300000	2.0
NW_024609880.1	110300000	110400000	2.0
NW_024609880.1	110400000	110500000	2.0
NW_024609880.1	110500000	110600000	7.0
NW_024609880.1	110600000	110700000	1.0
NW_024609880.1	110700000	110800000	4.0
NW_024609880.1	110800000	110900000	1.0
NW_024609880.1	110900000	111000000	1.0
NW_024609880.1	111000000	111100000	2.0
NW_024609880.1	111100000	111200000	5.0
NW_024609880.1	111200000	111300000	2.0
NW_024609880.1	111300000	111400000	1.0
NW_024609880.1	111400000	111500000	2.0
NW_024609880.1	111700000	111800000	2.0
NW_024609880.1	111900000	112000000	2.0
NW_024609880.1	112100000	112200000	1.0
NW_024609880.1	112300000	112400000	1.0
NW_024609880.1	112500000	112600000	1.0
NW_024609880.1	112600000	112700000	2.0
NW_024609880.1	112700000	112800000	1.0
NW_024609880.1	112800000	112900000	2.0
NW_024609880.1	112900000	113000000	1.0
NW_024609880.1	113000000	113100000	4.0
NW_024609880.1	113100000	113200000	3.0
NW_024609880.1	113200000	113300000	1.0
NW_024609880.1	113300000	113400000	1.0
NW_024609880.1	113400000	113500000	2.0
NW_024609880.1	113500000	113600000	1.0
NW_024609880.1	113800000	113900000	3.0
NW_024609880.1	113900000	114000000	2.0
NW_024609880.1	114100000	114200000	1.0
NW_024609880.1	114300000	114400000	3.0
NW_024609880.1	114400000	114500000	2.0
NW_024609880.1	114600000	114700000	1.0
NW_024609880.1	114700000	114800000	2.0
NW_024609880.1	114800000	114900000	2.0
NW_024609880.1	114900000	115000000	3.0
NW_024609880.1	115000000	115100000	4.0
NW_024609880.1	115100000	115200000	4.0
NW_024609880.1	115200000	115300000	3.0
NW_024609880.1	115300000	115400000	2.0
NW_024609880.1	115400000	115500000	1.0
NW_024609880.1	115500000	115600000	1.0
NW_024609880.1	115600000	115700000	2.0
NW_024609880.1	115700000	115800000	2.0
NW_024609880.1	115800000	115900000	3.0
NW_024609880.1	115900000	116000000	1.0
NW_024609880.1	116000000	116100000	4.0
NW_024609880.1	116100000	116200000	3.0
NW_024609880.1	116200000	116300000	1.0
NW_024609880.1	116300000	116400000	2.0
NW_024609880.1	116400000	116500000	2.0
NW_024609880.1	116500000	116600000	2.0
NW_024609880.1	116600000	116700000	3.0
NW_024609880.1	116700000	116800000	2.0
NW_024609880.1	117100000	117200000	2.0
NW_024609880.1	117200000	117300000	1.0
NW_024609880.1	117400000	117500000	1.0
NW_024609880.1	117500000	117600000	1.0
NW_024609880.1	117600000	117700000	4.0
NW_024609880.1	117700000	117800000	2.0
NW_024609880.1	117800000	117900000	1.0
NW_024609880.1	117900000	118000000	3.0
NW_024609880.1	118000000	118100000	2.0
NW_024609880.1	118100000	118200000	1.0
NW_024609880.1	118200000	118300000	2.0
NW_024609880.1	118300000	118400000	2.0
NW_024609880.1	118400000	118500000	2.0
NW_024609880.1	118500000	118600000	3.0
NW_024609880.1	118600000	118700000	1.0
NW_024609880.1	118700000	118800000	2.0
NW_024609880.1	118800000	118900000	1.0
NW_024609880.1	119200000	119300000	2.0
NW_024609880.1	119300000	119400000	2.0
NW_024609880.1	119400000	119500000	3.0
NW_024609880.1	119600000	119700000	1.0
NW_024609880.1	119700000	119800000	2.0
NW_024609880.1	119800000	119900000	3.0
NW_024609880.1	119900000	120000000	2.0
NW_024609880.1	120100000	120200000	1.0
NW_024609880.1	120200000	120300000	1.0
NW_024609880.1	120400000	120500000	1.0
NW_024609880.1	120500000	120600000	1.0
NW_024609880.1	120700000	120800000	1.0
NW_024609880.1	120800000	120900000	1.0
NW_024609880.1	120900000	121000000	2.0
NW_024609880.1	121000000	121100000	1.0
NW_024609880.1	121100000	121200000	1.0
NW_024609880.1	121200000	121300000	1.0
NW_024609880.1	121300000	121400000	1.0
NW_024609880.1	121400000	121500000	4.0
NW_024609880.1	121500000	121600000	1.0
NW_024609880.1	121600000	121700000	2.0
NW_024609880.1	121700000	121800000	2.0
NW_024609880.1	121800000	121900000	1.0
NW_024609880.1	121900000	122000000	2.0
NW_024609880.1	122000000	122100000	3.0
NW_024609880.1	122100000	122200000	1.0
NW_024609880.1	122200000	122300000	2.0
NW_024609880.1	122300000	122400000	1.0
NW_024609880.1	122400000	122500000	2.0
NW_024609880.1	122500000	122600000	2.0
NW_024609880.1	122900000	123000000	1.0
NW_024609880.1	123200000	123300000	1.0
NW_024609880.1	123300000	123400000	3.0
NW_024609880.1	123400000	123500000	2.0
NW_024609880.1	123500000	123600000	1.0
NW_024609880.1	123600000	123700000	3.0
NW_024609880.1	123700000	123800000	5.0
NW_024609880.1	123800000	123900000	4.0
NW_024609880.1	123900000	124000000	5.0
NW_024609880.1	124000000	124100000	1.0
NW_024609880.1	124100000	124200000	7.0
NW_024609880.1	124200000	124300000	5.0
NW_024609880.1	124300000	124400000	1.0
NW_024609880.1	124400000	124500000	1.0
NW_024609880.1	124500000	124600000	4.0
NW_024609880.1	124600000	124700000	1.0
NW_024609880.1	124700000	124800000	4.0
NW_024609880.1	124900000	125000000	3.0
NW_024609880.1	125000000	125100000	5.0
NW_024609880.1	125100000	125200000	6.0
NW_024609880.1	125200000	125300000	3.0
NW_024609880.1	125300000	125400000	6.0
NW_024609880.1	125400000	125500000	4.0
NW_024609880.1	125500000	125600000	2.0
NW_024609880.1	125600000	125700000	3.0
NW_024609880.1	125700000	125800000	3.0
NW_024609880.1	125900000	126000000	1.0
NW_024609880.1	125800000	125900000	1.0
NW_024609880.1	126000000	126100000	8.0
NW_024609880.1	126100000	126200000	3.0
NW_024609880.1	126200000	126300000	3.0
NW_024609880.1	126300000	126400000	3.0
NW_024609880.1	126400000	126500000	1.0
NW_024609880.1	126700000	126800000	3.0
NW_024609880.1	126900000	127000000	1.0
NW_024609880.1	127000000	127100000	10.0
NW_024609880.1	127100000	127200000	3.0
NW_024609880.1	127200000	127300000	4.0
NW_024609880.1	127300000	127400000	2.0
NW_024609880.1	127400000	127500000	1.0
NW_024609880.1	127600000	127700000	1.0
NW_024609880.1	127900000	128000000	3.0
NW_024609880.1	128000000	128100000	2.0
NW_024609880.1	128100000	128200000	2.0
NW_024609880.1	128200000	128300000	4.0
NW_024609880.1	128300000	128400000	2.0
NW_024609880.1	128400000	128500000	3.0
NW_024609880.1	128500000	128600000	1.0
NW_024609880.1	128600000	128700000	1.0
NW_024609880.1	128700000	128800000	2.0
NW_024609880.1	128800000	128900000	1.0
NW_024609880.1	128900000	129000000	1.0
NW_024609880.1	129000000	129100000	2.0
NW_024609880.1	129200000	129300000	2.0
NW_024609880.1	129400000	129500000	1.0
NW_024609880.1	129500000	129600000	1.0
NW_024609880.1	129700000	129800000	1.0
NW_024609880.1	129800000	129900000	1.0
NW_024609880.1	129900000	130000000	2.0
NW_024609880.1	130000000	130100000	7.0
NW_024609880.1	130100000	130200000	4.0
NW_024609880.1	130200000	130300000	3.0
NW_024609880.1	130300000	130400000	5.0
NW_024609880.1	130400000	130500000	2.0
NW_024609880.1	130500000	130600000	4.0
NW_024609880.1	130600000	130700000	3.0
NW_024609880.1	130700000	130800000	4.0
NW_024609880.1	130800000	130900000	4.0
NW_024609880.1	130900000	131000000	2.0
NW_024609880.1	131000000	131100000	1.0
NW_024609880.1	131200000	131300000	1.0
NW_024609880.1	131400000	131500000	1.0
NW_024609880.1	131500000	131600000	5.0
NW_024609880.1	131600000	131700000	5.0
NW_024609880.1	131700000	131800000	1.0
NW_024609880.1	131800000	131900000	2.0
NW_024609880.1	131900000	131954112	2.0
NW_024609881.1	0	100000	2.0
NW_024609881.1	600000	700000	1.0
NW_024609881.1	700000	800000	2.0
NW_024609881.1	900000	1000000	2.0
NW_024609881.1	1400000	1500000	2.0
NW_024609881.1	1500000	1600000	3.0
NW_024609881.1	1600000	1700000	2.0
NW_024609881.1	1700000	1800000	4.0
NW_024609881.1	1800000	1900000	1.0
NW_024609881.1	1900000	2000000	3.0
NW_024609881.1	2000000	2100000	1.0
NW_024609881.1	2100000	2200000	2.0
NW_024609881.1	2200000	2300000	2.0
NW_024609881.1	2300000	2400000	1.0
NW_024609881.1	2500000	2600000	1.0
NW_024609881.1	2600000	2700000	1.0
NW_024609881.1	2800000	2900000	2.0
NW_024609881.1	2900000	3000000	2.0
NW_024609881.1	3000000	3100000	1.0
NW_024609881.1	3100000	3200000	1.0
NW_024609881.1	3200000	3300000	1.0
NW_024609881.1	3400000	3500000	1.0
NW_024609881.1	3500000	3600000	2.0
NW_024609881.1	3700000	3800000	5.0
NW_024609881.1	3800000	3900000	1.0
NW_024609881.1	4000000	4100000	1.0
NW_024609881.1	4100000	4200000	4.0
NW_024609881.1	4200000	4300000	2.0
NW_024609881.1	4300000	4400000	2.0
NW_024609881.1	4400000	4500000	2.0
NW_024609881.1	4500000	4600000	4.0
NW_024609881.1	4600000	4700000	1.0
NW_024609881.1	4800000	4900000	1.0
NW_024609881.1	5000000	5100000	1.0
NW_024609881.1	5400000	5500000	2.0
NW_024609881.1	5500000	5600000	2.0
NW_024609881.1	5800000	5900000	3.0
NW_024609881.1	5900000	6000000	1.0
NW_024609881.1	6000000	6100000	1.0
NW_024609881.1	6200000	6300000	1.0
NW_024609881.1	6300000	6400000	1.0
NW_024609881.1	6400000	6500000	1.0
NW_024609881.1	6500000	6600000	2.0
NW_024609881.1	6700000	6800000	1.0
NW_024609881.1	6900000	7000000	1.0
NW_024609881.1	7000000	7100000	3.0
NW_024609881.1	7100000	7200000	1.0
NW_024609881.1	7400000	7500000	1.0
NW_024609881.1	7500000	7600000	2.0
NW_024609881.1	7600000	7700000	2.0
NW_024609881.1	7700000	7800000	3.0
NW_024609881.1	7800000	7900000	3.0
NW_024609881.1	7900000	8000000	2.0
NW_024609881.1	8000000	8100000	7.0
NW_024609881.1	8100000	8200000	1.0
NW_024609881.1	8300000	8400000	2.0
NW_024609881.1	8200000	8300000	1.0
NW_024609881.1	8500000	8600000	2.0
NW_024609881.1	8700000	8800000	1.0
NW_024609881.1	8900000	9000000	1.0
NW_024609881.1	9000000	9100000	1.0
NW_024609881.1	9200000	9300000	3.0
NW_024609881.1	9400000	9500000	1.0
NW_024609881.1	9500000	9600000	1.0
NW_024609881.1	9600000	9700000	3.0
NW_024609881.1	9700000	9800000	1.0
NW_024609881.1	9800000	9900000	2.0
NW_024609881.1	10000000	10100000	1.0
NW_024609881.1	10100000	10200000	2.0
NW_024609881.1	10200000	10300000	1.0
NW_024609881.1	10300000	10400000	1.0
NW_024609881.1	10400000	10500000	1.0
NW_024609881.1	10500000	10600000	1.0
NW_024609881.1	10600000	10700000	2.0
NW_024609881.1	10700000	10800000	1.0
NW_024609881.1	11300000	11400000	1.0
NW_024609881.1	11400000	11500000	1.0
NW_024609881.1	11600000	11700000	1.0
NW_024609881.1	12300000	12400000	2.0
NW_024609881.1	12400000	12500000	1.0
NW_024609881.1	12500000	12600000	1.0
NW_024609881.1	12700000	12800000	1.0
NW_024609881.1	12800000	12900000	1.0
NW_024609881.1	13200000	13300000	1.0
NW_024609881.1	13300000	13400000	2.0
NW_024609881.1	13400000	13500000	2.0
NW_024609881.1	13500000	13600000	1.0
NW_024609881.1	13600000	13700000	4.0
NW_024609881.1	13900000	14000000	2.0
NW_024609881.1	14200000	14300000	1.0
NW_024609881.1	14300000	14400000	3.0
NW_024609881.1	14400000	14500000	1.0
NW_024609881.1	14500000	14600000	2.0
NW_024609881.1	14700000	14800000	3.0
NW_024609881.1	14800000	14900000	2.0
NW_024609881.1	14900000	15000000	2.0
NW_024609881.1	15000000	15100000	1.0
NW_024609881.1	15100000	15200000	3.0
NW_024609881.1	15300000	15400000	1.0
NW_024609881.1	15400000	15500000	2.0
NW_024609881.1	15500000	15600000	3.0
NW_024609881.1	15600000	15700000	2.0
NW_024609881.1	15700000	15800000	3.0
NW_024609881.1	15800000	15900000	5.0
NW_024609881.1	15900000	16000000	2.0
NW_024609881.1	16000000	16100000	1.0
NW_024609881.1	16100000	16200000	1.0
NW_024609881.1	16200000	16300000	4.0
NW_024609881.1	16400000	16500000	2.0
NW_024609881.1	16600000	16700000	3.0
NW_024609881.1	16700000	16800000	2.0
NW_024609881.1	16800000	16900000	2.0
NW_024609881.1	16900000	17000000	1.0
NW_024609881.1	17100000	17200000	1.0
NW_024609881.1	17200000	17300000	1.0
NW_024609881.1	17300000	17400000	1.0
NW_024609881.1	17400000	17500000	1.0
NW_024609881.1	17800000	17900000	1.0
NW_024609881.1	17700000	17800000	1.0
NW_024609881.1	17900000	18000000	1.0
NW_024609881.1	18200000	18300000	2.0
NW_024609881.1	18600000	18700000	1.0
NW_024609881.1	18700000	18800000	4.0
NW_024609881.1	18800000	18900000	2.0
NW_024609881.1	18900000	19000000	1.0
NW_024609881.1	19000000	19100000	1.0
NW_024609881.1	19200000	19300000	2.0
NW_024609881.1	19300000	19400000	1.0
NW_024609881.1	19400000	19500000	1.0
NW_024609881.1	19700000	19800000	3.0
NW_024609881.1	19800000	19900000	4.0
NW_024609881.1	19900000	20000000	1.0
NW_024609881.1	20000000	20100000	1.0
NW_024609881.1	20200000	20300000	2.0
NW_024609881.1	20300000	20400000	2.0
NW_024609881.1	20400000	20500000	3.0
NW_024609881.1	20500000	20600000	2.0
NW_024609881.1	20700000	20800000	1.0
NW_024609881.1	20800000	20900000	1.0
NW_024609881.1	20900000	21000000	2.0
NW_024609881.1	21000000	21100000	2.0
NW_024609881.1	21100000	21200000	2.0
NW_024609881.1	21200000	21300000	4.0
NW_024609881.1	21300000	21400000	1.0
NW_024609881.1	21400000	21500000	3.0
NW_024609881.1	21500000	21600000	3.0
NW_024609881.1	21600000	21700000	3.0
NW_024609881.1	21700000	21800000	1.0
NW_024609881.1	21900000	22000000	1.0
NW_024609881.1	22000000	22100000	4.0
NW_024609881.1	22100000	22200000	1.0
NW_024609881.1	22300000	22400000	1.0
NW_024609881.1	22400000	22500000	2.0
NW_024609881.1	22500000	22600000	2.0
NW_024609881.1	22600000	22700000	2.0
NW_024609881.1	22800000	22900000	2.0
NW_024609881.1	22900000	23000000	1.0
NW_024609881.1	23000000	23100000	1.0
NW_024609881.1	23100000	23200000	2.0
NW_024609881.1	23300000	23400000	1.0
NW_024609881.1	23400000	23500000	1.0
NW_024609881.1	23700000	23800000	1.0
NW_024609881.1	24000000	24100000	2.0
NW_024609881.1	24200000	24300000	2.0
NW_024609881.1	24300000	24400000	1.0
NW_024609881.1	24400000	24500000	3.0
NW_024609881.1	24500000	24600000	4.0
NW_024609881.1	24600000	24700000	3.0
NW_024609881.1	24700000	24800000	2.0
NW_024609881.1	24800000	24900000	5.0
NW_024609881.1	24900000	25000000	4.0
NW_024609881.1	25000000	25100000	5.0
NW_024609881.1	25100000	25200000	3.0
NW_024609881.1	25200000	25300000	3.0
NW_024609881.1	25300000	25400000	4.0
NW_024609881.1	25400000	25500000	1.0
NW_024609881.1	25600000	25700000	1.0
NW_024609881.1	25700000	25800000	1.0
NW_024609881.1	25800000	25900000	2.0
NW_024609881.1	25900000	26000000	1.0
NW_024609881.1	26000000	26100000	2.0
NW_024609881.1	26100000	26200000	1.0
NW_024609881.1	26200000	26300000	1.0
NW_024609881.1	26300000	26400000	4.0
NW_024609881.1	26400000	26500000	2.0
NW_024609881.1	26600000	26700000	3.0
NW_024609881.1	26700000	26800000	3.0
NW_024609881.1	26800000	26900000	2.0
NW_024609881.1	26900000	27000000	2.0
NW_024609881.1	27000000	27100000	2.0
NW_024609881.1	27100000	27200000	5.0
NW_024609881.1	27200000	27300000	3.0
NW_024609881.1	27300000	27400000	4.0
NW_024609881.1	27400000	27500000	1.0
NW_024609881.1	27500000	27600000	2.0
NW_024609881.1	27600000	27700000	1.0
NW_024609881.1	27700000	27800000	4.0
NW_024609881.1	27800000	27900000	1.0
NW_024609881.1	27900000	28000000	3.0
NW_024609881.1	28000000	28100000	1.0
NW_024609881.1	28400000	28500000	2.0
NW_024609881.1	28600000	28700000	4.0
NW_024609881.1	28700000	28800000	4.0
NW_024609881.1	28800000	28900000	1.0
NW_024609881.1	28900000	29000000	1.0
NW_024609881.1	29100000	29200000	1.0
NW_024609881.1	29200000	29300000	1.0
NW_024609881.1	29300000	29400000	2.0
NW_024609881.1	29400000	29500000	5.0
NW_024609881.1	29500000	29600000	2.0
NW_024609881.1	29600000	29700000	4.0
NW_024609881.1	29800000	29900000	5.0
NW_024609881.1	29900000	30000000	2.0
NW_024609881.1	30000000	30100000	1.0
NW_024609881.1	30200000	30300000	3.0
NW_024609881.1	30300000	30400000	3.0
NW_024609881.1	30400000	30500000	1.0
NW_024609881.1	30500000	30600000	1.0
NW_024609881.1	30600000	30700000	1.0
NW_024609881.1	30700000	30800000	2.0
NW_024609881.1	30800000	30900000	2.0
NW_024609881.1	31000000	31100000	1.0
NW_024609881.1	31100000	31200000	2.0
NW_024609881.1	31200000	31300000	1.0
NW_024609881.1	31300000	31400000	1.0
NW_024609881.1	31400000	31500000	2.0
NW_024609881.1	31500000	31600000	3.0
NW_024609881.1	31600000	31700000	1.0
NW_024609881.1	31700000	31800000	2.0
NW_024609881.1	31800000	31900000	2.0
NW_024609881.1	31900000	32000000	1.0
NW_024609881.1	32000000	32100000	1.0
NW_024609881.1	32100000	32200000	1.0
NW_024609881.1	32200000	32300000	2.0
NW_024609881.1	32300000	32400000	1.0
NW_024609881.1	32400000	32500000	1.0
NW_024609881.1	32500000	32600000	3.0
NW_024609881.1	32600000	32700000	2.0
NW_024609881.1	32700000	32800000	1.0
NW_024609881.1	33100000	33200000	1.0
NW_024609881.1	33200000	33300000	1.0
NW_024609881.1	33800000	33900000	1.0
NW_024609881.1	34200000	34300000	2.0
NW_024609881.1	34400000	34500000	1.0
NW_024609881.1	35200000	35300000	1.0
NW_024609881.1	35600000	35700000	1.0
NW_024609881.1	36100000	36200000	1.0
NW_024609881.1	36300000	36400000	2.0
NW_024609881.1	36400000	36500000	2.0
NW_024609881.1	36500000	36600000	1.0
NW_024609881.1	36900000	37000000	2.0
NW_024609881.1	37100000	37200000	2.0
NW_024609881.1	37200000	37300000	2.0
NW_024609881.1	37600000	37700000	1.0
NW_024609881.1	37700000	37800000	5.0
NW_024609881.1	37800000	37900000	2.0
NW_024609881.1	37900000	38000000	2.0
NW_024609881.1	38100000	38200000	2.0
NW_024609881.1	38300000	38400000	1.0
NW_024609881.1	38500000	38600000	2.0
NW_024609881.1	38600000	38700000	4.0
NW_024609881.1	38700000	38800000	2.0
NW_024609881.1	38800000	38900000	3.0
NW_024609881.1	38900000	39000000	2.0
NW_024609881.1	39000000	39100000	2.0
NW_024609881.1	39400000	39500000	1.0
NW_024609881.1	39500000	39600000	1.0
NW_024609881.1	39800000	39900000	2.0
NW_024609881.1	39900000	40000000	1.0
NW_024609881.1	40000000	40100000	1.0
NW_024609881.1	40100000	40200000	2.0
NW_024609881.1	40400000	40500000	1.0
NW_024609881.1	40700000	40800000	1.0
NW_024609881.1	41000000	41100000	1.0
NW_024609881.1	41200000	41300000	1.0
NW_024609881.1	41300000	41400000	1.0
NW_024609881.1	41500000	41600000	3.0
NW_024609881.1	41600000	41700000	4.0
NW_024609881.1	41700000	41800000	3.0
NW_024609881.1	42200000	42300000	1.0
NW_024609881.1	42500000	42600000	2.0
NW_024609881.1	42700000	42800000	1.0
NW_024609881.1	42900000	43000000	2.0
NW_024609881.1	43100000	43200000	1.0
NW_024609881.1	43300000	43400000	1.0
NW_024609881.1	43600000	43700000	1.0
NW_024609881.1	43700000	43800000	2.0
NW_024609881.1	43900000	44000000	3.0
NW_024609881.1	44000000	44100000	3.0
NW_024609881.1	44100000	44200000	3.0
NW_024609881.1	44200000	44300000	1.0
NW_024609881.1	44300000	44400000	3.0
NW_024609881.1	44500000	44600000	2.0
NW_024609881.1	44600000	44700000	1.0
NW_024609881.1	44700000	44800000	1.0
NW_024609881.1	44800000	44900000	2.0
NW_024609881.1	45000000	45100000	1.0
NW_024609881.1	45100000	45200000	5.0
NW_024609881.1	45200000	45300000	1.0
NW_024609881.1	45300000	45400000	2.0
NW_024609881.1	45400000	45500000	2.0
NW_024609881.1	45500000	45600000	1.0
NW_024609881.1	45600000	45700000	1.0
NW_024609881.1	45700000	45800000	2.0
NW_024609881.1	45800000	45900000	1.0
NW_024609881.1	45900000	46000000	2.0
NW_024609881.1	46000000	46100000	4.0
NW_024609881.1	46200000	46300000	2.0
NW_024609881.1	46300000	46400000	1.0
NW_024609881.1	46400000	46500000	1.0
NW_024609881.1	46700000	46800000	1.0
NW_024609881.1	47000000	47100000	1.0
NW_024609881.1	47200000	47300000	1.0
NW_024609881.1	47300000	47400000	2.0
NW_024609881.1	47400000	47500000	1.0
NW_024609881.1	47500000	47600000	1.0
NW_024609881.1	47600000	47700000	2.0
NW_024609881.1	47700000	47800000	3.0
NW_024609881.1	47800000	47900000	2.0
NW_024609881.1	47900000	48000000	1.0
NW_024609881.1	48000000	48100000	1.0
NW_024609881.1	48100000	48200000	1.0
NW_024609881.1	48300000	48400000	1.0
NW_024609881.1	48400000	48500000	2.0
NW_024609881.1	48500000	48600000	1.0
NW_024609881.1	48700000	48800000	2.0
NW_024609881.1	48900000	49000000	1.0
NW_024609881.1	49000000	49100000	4.0
NW_024609881.1	49100000	49200000	2.0
NW_024609881.1	49200000	49300000	1.0
NW_024609881.1	49300000	49400000	1.0
NW_024609881.1	49400000	49500000	2.0
NW_024609881.1	49500000	49600000	1.0
NW_024609881.1	49600000	49700000	1.0
NW_024609881.1	49700000	49800000	1.0
NW_024609881.1	49800000	49900000	2.0
NW_024609881.1	49900000	50000000	3.0
NW_024609881.1	50000000	50100000	4.0
NW_024609881.1	50100000	50200000	2.0
NW_024609881.1	50200000	50300000	1.0
NW_024609881.1	50300000	50400000	3.0
NW_024609881.1	51000000	51100000	1.0
NW_024609881.1	51100000	51200000	1.0
NW_024609881.1	51900000	52000000	1.0
NW_024609881.1	52000000	52100000	5.0
NW_024609881.1	52100000	52200000	3.0
NW_024609881.1	52400000	52500000	1.0
NW_024609881.1	52600000	52700000	1.0
NW_024609881.1	52800000	52900000	1.0
NW_024609881.1	52900000	53000000	4.0
NW_024609881.1	53000000	53100000	1.0
NW_024609881.1	53200000	53300000	1.0
NW_024609881.1	53300000	53400000	1.0
NW_024609881.1	53400000	53500000	1.0
NW_024609881.1	53800000	53900000	1.0
NW_024609881.1	53900000	54000000	1.0
NW_024609881.1	54100000	54200000	1.0
NW_024609881.1	54300000	54400000	3.0
NW_024609881.1	54400000	54500000	2.0
NW_024609881.1	54700000	54800000	1.0
NW_024609881.1	55000000	55100000	3.0
NW_024609881.1	55100000	55200000	2.0
NW_024609881.1	55200000	55300000	5.0
NW_024609881.1	55300000	55400000	1.0
NW_024609881.1	55400000	55500000	3.0
NW_024609881.1	55500000	55600000	3.0
NW_024609881.1	55600000	55700000	2.0
NW_024609881.1	55700000	55800000	1.0
NW_024609881.1	55800000	55900000	2.0
NW_024609881.1	56000000	56100000	2.0
NW_024609881.1	56100000	56200000	3.0
NW_024609881.1	56200000	56300000	2.0
NW_024609881.1	56300000	56400000	2.0
NW_024609881.1	56400000	56500000	4.0
NW_024609881.1	56500000	56600000	3.0
NW_024609881.1	56700000	56800000	6.0
NW_024609881.1	56800000	56900000	6.0
NW_024609881.1	56900000	57000000	6.0
NW_024609881.1	57000000	57100000	4.0
NW_024609881.1	57100000	57200000	1.0
NW_024609881.1	57200000	57300000	4.0
NW_024609881.1	57300000	57400000	5.0
NW_024609881.1	57400000	57500000	4.0
NW_024609881.1	57500000	57600000	3.0
NW_024609881.1	57600000	57700000	4.0
NW_024609881.1	57700000	57800000	1.0
NW_024609881.1	57800000	57900000	2.0
NW_024609881.1	58000000	58100000	5.0
NW_024609881.1	58100000	58200000	4.0
NW_024609881.1	58200000	58300000	3.0
NW_024609881.1	58300000	58400000	1.0
NW_024609881.1	58400000	58500000	4.0
NW_024609881.1	58500000	58600000	4.0
NW_024609881.1	58600000	58700000	1.0
NW_024609881.1	58800000	58900000	1.0
NW_024609881.1	59000000	59100000	1.0
NW_024609881.1	59200000	59300000	2.0
NW_024609881.1	59300000	59400000	2.0
NW_024609881.1	59400000	59500000	2.0
NW_024609881.1	59500000	59600000	1.0
NW_024609881.1	59600000	59700000	1.0
NW_024609881.1	59800000	59900000	2.0
NW_024609881.1	59900000	60000000	1.0
NW_024609881.1	60000000	60100000	1.0
NW_024609881.1	60200000	60300000	1.0
NW_024609881.1	60300000	60400000	1.0
NW_024609881.1	60400000	60500000	1.0
NW_024609881.1	60500000	60600000	1.0
NW_024609881.1	60800000	60900000	3.0
NW_024609881.1	60900000	61000000	2.0
NW_024609881.1	61100000	61200000	1.0
NW_024609881.1	61200000	61300000	1.0
NW_024609881.1	61600000	61700000	4.0
NW_024609881.1	61700000	61800000	2.0
NW_024609881.1	61800000	61900000	1.0
NW_024609881.1	62100000	62200000	1.0
NW_024609881.1	62200000	62300000	1.0
NW_024609881.1	62400000	62500000	3.0
NW_024609881.1	62600000	62700000	1.0
NW_024609881.1	62800000	62900000	2.0
NW_024609881.1	62900000	63000000	2.0
NW_024609881.1	63000000	63100000	2.0
NW_024609881.1	63100000	63200000	1.0
NW_024609881.1	63300000	63400000	2.0
NW_024609881.1	63400000	63500000	4.0
NW_024609881.1	63600000	63700000	1.0
NW_024609881.1	63700000	63800000	1.0
NW_024609881.1	63800000	63900000	1.0
NW_024609881.1	64000000	64100000	1.0
NW_024609881.1	64100000	64200000	1.0
NW_024609881.1	64300000	64400000	2.0
NW_024609881.1	64400000	64500000	1.0
NW_024609881.1	64500000	64600000	1.0
NW_024609881.1	64600000	64700000	2.0
NW_024609881.1	64700000	64800000	2.0
NW_024609881.1	64800000	64900000	1.0
NW_024609881.1	64900000	65000000	1.0
NW_024609881.1	65000000	65100000	1.0
NW_024609881.1	65200000	65300000	1.0
NW_024609881.1	65600000	65700000	1.0
NW_024609881.1	65700000	65800000	1.0
NW_024609881.1	65800000	65900000	1.0
NW_024609881.1	65900000	66000000	1.0
NW_024609881.1	66100000	66200000	1.0
NW_024609881.1	66200000	66300000	1.0
NW_024609881.1	66300000	66400000	2.0
NW_024609881.1	66500000	66600000	1.0
NW_024609881.1	66600000	66700000	1.0
NW_024609881.1	66700000	66800000	1.0
NW_024609881.1	66900000	67000000	1.0
NW_024609881.1	67100000	67200000	1.0
NW_024609881.1	67200000	67300000	1.0
NW_024609881.1	67400000	67500000	1.0
NW_024609881.1	67800000	67900000	1.0
NW_024609881.1	67900000	68000000	1.0
NW_024609881.1	68100000	68200000	1.0
NW_024609881.1	68300000	68400000	2.0
NW_024609881.1	68400000	68500000	1.0
NW_024609881.1	68500000	68600000	1.0
NW_024609881.1	68600000	68700000	4.0
NW_024609881.1	68800000	68900000	1.0
NW_024609881.1	68900000	69000000	1.0
NW_024609881.1	69000000	69100000	2.0
NW_024609881.1	69200000	69300000	3.0
NW_024609881.1	69700000	69800000	1.0
NW_024609881.1	69800000	69900000	3.0
NW_024609881.1	69900000	70000000	2.0
NW_024609881.1	70000000	70100000	2.0
NW_024609881.1	70100000	70200000	2.0
NW_024609881.1	70200000	70300000	1.0
NW_024609881.1	70300000	70400000	1.0
NW_024609881.1	70400000	70500000	1.0
NW_024609881.1	70500000	70600000	3.0
NW_024609881.1	70600000	70700000	1.0
NW_024609881.1	70800000	70900000	3.0
NW_024609881.1	70900000	71000000	2.0
NW_024609881.1	71100000	71200000	2.0
NW_024609881.1	71200000	71300000	1.0
NW_024609881.1	71300000	71400000	1.0
NW_024609881.1	71400000	71500000	1.0
NW_024609881.1	71500000	71600000	1.0
NW_024609881.1	71600000	71700000	1.0
NW_024609881.1	71700000	71800000	2.0
NW_024609881.1	71900000	72000000	5.0
NW_024609881.1	72000000	72100000	3.0
NW_024609881.1	72100000	72200000	1.0
NW_024609881.1	72200000	72300000	2.0
NW_024609881.1	72400000	72500000	1.0
NW_024609881.1	72500000	72600000	1.0
NW_024609881.1	72700000	72800000	2.0
NW_024609881.1	72800000	72900000	1.0
NW_024609881.1	72900000	73000000	3.0
NW_024609881.1	73000000	73100000	1.0
NW_024609881.1	73100000	73200000	1.0
NW_024609881.1	73200000	73300000	3.0
NW_024609881.1	73300000	73400000	3.0
NW_024609881.1	73700000	73800000	1.0
NW_024609881.1	73900000	74000000	1.0
NW_024609881.1	74200000	74300000	1.0
NW_024609881.1	74600000	74700000	1.0
NW_024609881.1	74700000	74800000	2.0
NW_024609881.1	74800000	74900000	1.0
NW_024609881.1	74900000	75000000	1.0
NW_024609881.1	75100000	75200000	1.0
NW_024609881.1	75200000	75300000	4.0
NW_024609881.1	75300000	75400000	1.0
NW_024609881.1	75400000	75500000	3.0
NW_024609881.1	75600000	75700000	1.0
NW_024609881.1	75800000	75900000	2.0
NW_024609881.1	76000000	76100000	1.0
NW_024609881.1	76100000	76200000	2.0
NW_024609881.1	76600000	76700000	1.0
NW_024609881.1	76700000	76800000	1.0
NW_024609881.1	76800000	76900000	1.0
NW_024609881.1	76900000	77000000	1.0
NW_024609881.1	77000000	77100000	1.0
NW_024609881.1	77100000	77200000	4.0
NW_024609881.1	77200000	77300000	5.0
NW_024609881.1	77300000	77400000	4.0
NW_024609881.1	77400000	77500000	7.0
NW_024609881.1	77500000	77600000	2.0
NW_024609881.1	77600000	77700000	2.0
NW_024609881.1	77700000	77800000	4.0
NW_024609881.1	77800000	77900000	2.0
NW_024609881.1	77900000	78000000	2.0
NW_024609881.1	78000000	78100000	2.0
NW_024609881.1	78100000	78200000	2.0
NW_024609881.1	78200000	78300000	1.0
NW_024609881.1	78500000	78600000	4.0
NW_024609881.1	78600000	78700000	2.0
NW_024609881.1	78900000	79000000	2.0
NW_024609881.1	79000000	79100000	3.0
NW_024609881.1	79100000	79200000	1.0
NW_024609881.1	79200000	79300000	2.0
NW_024609881.1	79300000	79400000	3.0
NW_024609881.1	79400000	79500000	3.0
NW_024609881.1	79500000	79600000	1.0
NW_024609881.1	79900000	80000000	1.0
NW_024609881.1	80000000	80100000	1.0
NW_024609881.1	80100000	80200000	1.0
NW_024609881.1	80300000	80400000	2.0
NW_024609881.1	80500000	80600000	1.0
NW_024609881.1	80700000	80800000	1.0
NW_024609881.1	80800000	80900000	1.0
NW_024609881.1	81000000	81100000	1.0
NW_024609881.1	81100000	81200000	4.0
NW_024609881.1	81200000	81300000	2.0
NW_024609881.1	81300000	81400000	2.0
NW_024609881.1	81500000	81600000	1.0
NW_024609881.1	81700000	81800000	2.0
NW_024609881.1	81800000	81900000	2.0
NW_024609881.1	81900000	82000000	1.0
NW_024609881.1	82000000	82100000	1.0
NW_024609881.1	82100000	82200000	3.0
NW_024609881.1	82200000	82300000	2.0
NW_024609881.1	82300000	82400000	1.0
NW_024609881.1	82400000	82500000	4.0
NW_024609881.1	82600000	82700000	2.0
NW_024609881.1	82800000	82900000	2.0
NW_024609881.1	82900000	83000000	3.0
NW_024609881.1	83000000	83100000	1.0
NW_024609881.1	83100000	83200000	3.0
NW_024609881.1	83300000	83400000	2.0
NW_024609881.1	83400000	83500000	2.0
NW_024609881.1	83500000	83600000	3.0
NW_024609881.1	83600000	83700000	2.0
NW_024609881.1	83700000	83800000	1.0
NW_024609881.1	83800000	83900000	3.0
NW_024609881.1	83900000	84000000	4.0
NW_024609881.1	84000000	84100000	3.0
NW_024609881.1	84100000	84200000	5.0
NW_024609881.1	84200000	84300000	3.0
NW_024609881.1	84300000	84400000	2.0
NW_024609881.1	84400000	84500000	1.0
NW_024609881.1	84500000	84600000	2.0
NW_024609881.1	84600000	84700000	1.0
NW_024609881.1	84700000	84800000	2.0
NW_024609881.1	84800000	84900000	4.0
NW_024609881.1	84900000	85000000	2.0
NW_024609881.1	85000000	85100000	3.0
NW_024609881.1	85100000	85200000	3.0
NW_024609881.1	85200000	85300000	2.0
NW_024609881.1	85300000	85400000	2.0
NW_024609881.1	85500000	85600000	1.0
NW_024609881.1	85600000	85700000	2.0
NW_024609881.1	85700000	85800000	3.0
NW_024609881.1	85800000	85900000	6.0
NW_024609881.1	85900000	86000000	4.0
NW_024609881.1	86000000	86100000	2.0
NW_024609881.1	86200000	86300000	1.0
NW_024609881.1	86500000	86600000	1.0
NW_024609881.1	86600000	86700000	2.0
NW_024609881.1	86700000	86800000	1.0
NW_024609881.1	86800000	86900000	1.0
NW_024609881.1	87000000	87100000	1.0
NW_024609881.1	87100000	87200000	1.0
NW_024609881.1	87200000	87300000	2.0
NW_024609881.1	87300000	87400000	1.0
NW_024609881.1	87500000	87600000	2.0
NW_024609881.1	87800000	87900000	1.0
NW_024609881.1	88000000	88100000	1.0
NW_024609881.1	88300000	88400000	4.0
NW_024609881.1	88400000	88500000	2.0
NW_024609881.1	88500000	88600000	3.0
NW_024609881.1	88600000	88700000	2.0
NW_024609881.1	88700000	88800000	3.0
NW_024609881.1	88800000	88900000	2.0
NW_024609881.1	88900000	89000000	2.0
NW_024609881.1	89000000	89100000	2.0
NW_024609881.1	89100000	89200000	1.0
NW_024609881.1	89200000	89300000	1.0
NW_024609881.1	89300000	89400000	1.0
NW_024609881.1	89400000	89500000	1.0
NW_024609881.1	89500000	89600000	2.0
NW_024609881.1	89600000	89700000	3.0
NW_024609881.1	89700000	89800000	4.0
NW_024609881.1	89800000	89900000	2.0
NW_024609881.1	89900000	90000000	4.0
NW_024609881.1	90100000	90200000	1.0
NW_024609881.1	90300000	90400000	1.0
NW_024609881.1	90400000	90500000	3.0
NW_024609881.1	90500000	90600000	1.0
NW_024609881.1	90600000	90700000	2.0
NW_024609881.1	90700000	90800000	2.0
NW_024609881.1	90800000	90900000	6.0
NW_024609881.1	91100000	91200000	1.0
NW_024609881.1	91200000	91300000	3.0
NW_024609881.1	91300000	91400000	3.0
NW_024609881.1	91400000	91500000	2.0
NW_024609881.1	91500000	91600000	2.0
NW_024609881.1	91700000	91800000	1.0
NW_024609881.1	92000000	92100000	1.0
NW_024609881.1	92600000	92700000	1.0
NW_024609881.1	92800000	92900000	1.0
NW_024609881.1	92900000	93000000	1.0
NW_024609881.1	93000000	93100000	2.0
NW_024609881.1	93100000	93200000	2.0
NW_024609881.1	93400000	93500000	2.0
NW_024609881.1	93500000	93600000	3.0
NW_024609881.1	93600000	93700000	1.0
NW_024609881.1	94400000	94500000	3.0
NW_024609881.1	94800000	94900000	4.0
NW_024609881.1	94900000	95000000	2.0
NW_024609881.1	95000000	95100000	1.0
NW_024609881.1	95100000	95200000	3.0
NW_024609881.1	95200000	95300000	4.0
NW_024609881.1	95400000	95500000	1.0
NW_024609881.1	95700000	95800000	1.0
NW_024609881.1	96100000	96200000	1.0
NW_024609881.1	96200000	96300000	1.0
NW_024609881.1	96300000	96400000	1.0
NW_024609881.1	96400000	96500000	5.0
NW_024609881.1	96500000	96600000	1.0
NW_024609881.1	96600000	96700000	2.0
NW_024609881.1	96700000	96800000	2.0
NW_024609881.1	96800000	96900000	4.0
NW_024609881.1	96900000	97000000	3.0
NW_024609881.1	97000000	97100000	2.0
NW_024609881.1	97100000	97200000	2.0
NW_024609881.1	97200000	97300000	5.0
NW_024609881.1	97400000	97500000	1.0
NW_024609881.1	97600000	97700000	1.0
NW_024609881.1	97700000	97800000	1.0
NW_024609881.1	97900000	98000000	1.0
NW_024609881.1	98200000	98300000	2.0
NW_024609881.1	98300000	98400000	1.0
NW_024609881.1	98400000	98500000	2.0
NW_024609881.1	98500000	98600000	2.0
NW_024609881.1	98600000	98700000	3.0
NW_024609881.1	98700000	98800000	2.0
NW_024609881.1	98800000	98900000	1.0
NW_024609881.1	98900000	99000000	2.0
NW_024609881.1	99000000	99100000	1.0
NW_024609881.1	99100000	99200000	1.0
NW_024609881.1	99200000	99300000	3.0
NW_024609881.1	99300000	99400000	2.0
NW_024609881.1	99400000	99500000	1.0
NW_024609881.1	99500000	99600000	1.0
NW_024609881.1	99600000	99700000	1.0
NW_024609881.1	99800000	99900000	2.0
NW_024609881.1	100100000	100200000	1.0
NW_024609881.1	100300000	100400000	1.0
NW_024609881.1	100400000	100500000	2.0
NW_024609881.1	100500000	100600000	2.0
NW_024609881.1	100600000	100700000	3.0
NW_024609881.1	100700000	100800000	1.0
NW_024609881.1	100800000	100900000	1.0
NW_024609881.1	100900000	101000000	1.0
NW_024609881.1	101000000	101100000	3.0
NW_024609881.1	101100000	101200000	7.0
NW_024609881.1	101200000	101300000	5.0
NW_024609881.1	101300000	101400000	2.0
NW_024609881.1	101400000	101500000	2.0
NW_024609881.1	101500000	101600000	1.0
NW_024609881.1	101600000	101700000	2.0
NW_024609881.1	101700000	101800000	5.0
NW_024609881.1	101800000	101900000	1.0
NW_024609881.1	101900000	102000000	3.0
NW_024609881.1	102000000	102100000	2.0
NW_024609881.1	102100000	102200000	1.0
NW_024609881.1	102200000	102300000	1.0
NW_024609881.1	102300000	102400000	2.0
NW_024609881.1	102400000	102500000	1.0
NW_024609881.1	102500000	102600000	2.0
NW_024609881.1	102600000	102700000	1.0
NW_024609881.1	102700000	102800000	3.0
NW_024609881.1	102800000	102900000	1.0
NW_024609881.1	102900000	103000000	2.0
NW_024609881.1	103000000	103100000	3.0
NW_024609881.1	103100000	103200000	4.0
NW_024609881.1	103200000	103300000	2.0
NW_024609881.1	103300000	103400000	2.0
NW_024609881.1	103400000	103500000	4.0
NW_024609881.1	103500000	103600000	5.0
NW_024609881.1	103600000	103700000	2.0
NW_024609881.1	103700000	103800000	2.0
NW_024609881.1	103800000	103900000	1.0
NW_024609881.1	103900000	104000000	2.0
NW_024609881.1	104000000	104100000	1.0
NW_024609881.1	104100000	104200000	1.0
NW_024609881.1	104200000	104300000	1.0
NW_024609881.1	104300000	104400000	1.0
NW_024609881.1	104400000	104500000	1.0
NW_024609881.1	104500000	104600000	1.0
NW_024609881.1	104600000	104700000	1.0
NW_024609881.1	104700000	104800000	1.0
NW_024609881.1	104800000	104900000	1.0
NW_024609881.1	104900000	105000000	3.0
NW_024609881.1	105000000	105100000	2.0
NW_024609881.1	105200000	105300000	2.0
NW_024609881.1	105300000	105400000	1.0
NW_024609881.1	105400000	105500000	1.0
NW_024609881.1	105500000	105600000	2.0
NW_024609881.1	105600000	105700000	3.0
NW_024609881.1	105700000	105800000	3.0
NW_024609881.1	105800000	105900000	5.0
NW_024609881.1	105900000	106000000	4.0
NW_024609881.1	106000000	106100000	1.0
NW_024609881.1	106100000	106200000	2.0
NW_024609881.1	106200000	106300000	2.0
NW_024609881.1	106300000	106400000	1.0
NW_024609881.1	106400000	106500000	1.0
NW_024609881.1	106500000	106600000	1.0
NW_024609881.1	106600000	106700000	3.0
NW_024609881.1	106700000	106800000	2.0
NW_024609881.1	106800000	106900000	3.0
NW_024609881.1	106900000	107000000	2.0
NW_024609881.1	107200000	107300000	4.0
NW_024609881.1	107300000	107400000	5.0
NW_024609881.1	107400000	107500000	2.0
NW_024609881.1	107500000	107600000	3.0
NW_024609881.1	107600000	107700000	2.0
NW_024609881.1	107700000	107800000	1.0
NW_024609881.1	107800000	107900000	6.0
NW_024609881.1	107900000	108000000	6.0
NW_024609881.1	108000000	108100000	5.0
NW_024609881.1	108100000	108200000	5.0
NW_024609881.1	108200000	108300000	3.0
NW_024609881.1	108300000	108400000	3.0
NW_024609881.1	108400000	108500000	3.0
NW_024609881.1	108500000	108600000	3.0
NW_024609881.1	108600000	108700000	4.0
NW_024609881.1	108800000	108900000	1.0
NW_024609881.1	108900000	109000000	1.0
NW_024609881.1	109000000	109100000	3.0
NW_024609881.1	109100000	109200000	2.0
NW_024609881.1	109200000	109300000	2.0
NW_024609881.1	109300000	109400000	3.0
NW_024609881.1	109400000	109500000	2.0
NW_024609881.1	109700000	109800000	1.0
NW_024609881.1	109900000	110000000	1.0
NW_024609881.1	110100000	110200000	3.0
NW_024609881.1	110200000	110300000	3.0
NW_024609881.1	110300000	110400000	4.0
NW_024609881.1	110400000	110500000	2.0
NW_024609881.1	110500000	110600000	7.0
NW_024609881.1	110600000	110700000	4.0
NW_024609881.1	110700000	110800000	2.0
NW_024609881.1	110800000	110900000	2.0
NW_024609881.1	110900000	111000000	1.0
NW_024609881.1	111000000	111100000	4.0
NW_024609881.1	111100000	111200000	1.0
NW_024609881.1	111200000	111300000	5.0
NW_024609881.1	111300000	111400000	1.0
NW_024609881.1	111400000	111500000	2.0
NW_024609881.1	111500000	111600000	1.0
NW_024609881.1	111700000	111800000	2.0
NW_024609881.1	111800000	111900000	4.0
NW_024609881.1	111900000	112000000	6.0
NW_024609881.1	112000000	112100000	2.0
NW_024609881.1	112100000	112200000	2.0
NW_024609881.1	112200000	112300000	6.0
NW_024609881.1	112300000	112400000	4.0
NW_024609881.1	112400000	112500000	1.0
NW_024609881.1	112600000	112700000	1.0
NW_024609881.1	113000000	113100000	1.0
NW_024609881.1	113100000	113200000	3.0
NW_024609881.1	113300000	113400000	1.0
NW_024609881.1	113700000	113800000	1.0
NW_024609881.1	113800000	113900000	1.0
NW_024609881.1	113900000	114000000	2.0
NW_024609881.1	114000000	114100000	1.0
NW_024609881.1	114200000	114300000	4.0
NW_024609881.1	114300000	114400000	4.0
NW_024609881.1	114400000	114500000	4.0
NW_024609881.1	114600000	114700000	1.0
NW_024609881.1	114800000	114900000	2.0
NW_024609881.1	114900000	115000000	4.0
NW_024609881.1	115000000	115100000	1.0
NW_024609881.1	115100000	115200000	5.0
NW_024609881.1	115200000	115300000	2.0
NW_024609881.1	115300000	115400000	2.0
NW_024609881.1	115400000	115500000	2.0
NW_024609881.1	115500000	115600000	1.0
NW_024609881.1	115700000	115800000	2.0
NW_024609881.1	115800000	115900000	1.0
NW_024609881.1	115900000	116000000	2.0
NW_024609881.1	116000000	116100000	1.0
NW_024609881.1	116200000	116300000	5.0
NW_024609881.1	116300000	116400000	2.0
NW_024609881.1	116400000	116500000	4.0
NW_024609881.1	116500000	116600000	3.0
NW_024609881.1	116600000	116700000	1.0
NW_024609881.1	116700000	116800000	2.0
NW_024609881.1	116800000	116900000	5.0
NW_024609881.1	117000000	117100000	1.0
NW_024609881.1	117100000	117200000	4.0
NW_024609881.1	117200000	117300000	4.0
NW_024609881.1	117300000	117400000	2.0
NW_024609881.1	117400000	117500000	7.0
NW_024609881.1	117500000	117600000	4.0
NW_024609881.1	117600000	117700000	4.0
NW_024609881.1	117700000	117800000	2.0
NW_024609881.1	117800000	117900000	1.0
NW_024609881.1	117900000	118000000	1.0
NW_024609881.1	118000000	118100000	1.0
NW_024609881.1	118100000	118200000	1.0
NW_024609881.1	118200000	118300000	1.0
NW_024609881.1	118500000	118600000	1.0
NW_024609881.1	118600000	118700000	1.0
NW_024609881.1	118700000	118800000	4.0
NW_024609881.1	118800000	118900000	2.0
NW_024609881.1	119100000	119200000	1.0
NW_024609881.1	119200000	119300000	5.0
NW_024609881.1	119500000	119600000	1.0
NW_024609881.1	119600000	119700000	1.0
NW_024609881.1	119800000	119900000	1.0
NW_024609881.1	119900000	120000000	2.0
NW_024609881.1	120200000	120300000	2.0
NW_024609881.1	120300000	120400000	1.0
NW_024609881.1	120400000	120500000	1.0
NW_024609881.1	120500000	120600000	1.0
NW_024609881.1	120700000	120800000	1.0
NW_024609881.1	121100000	121200000	1.0
NW_024609881.1	121200000	121300000	4.0
NW_024609881.1	121300000	121400000	4.0
NW_024609881.1	121400000	121500000	6.0
NW_024609881.1	121500000	121600000	6.0
NW_024609881.1	121600000	121700000	7.0
NW_024609881.1	121700000	121800000	2.0
NW_024609881.1	121800000	121900000	2.0
NW_024609881.1	121900000	122000000	2.0
NW_024609881.1	122000000	122100000	4.0
NW_024609881.1	122100000	122200000	5.0
NW_024609881.1	122200000	122300000	3.0
NW_024609881.1	122500000	122600000	1.0
NW_024609881.1	122700000	122800000	1.0
NW_024609881.1	122900000	123000000	1.0
NW_024609881.1	123000000	123100000	5.0
NW_024609881.1	123100000	123200000	4.0
NW_024609881.1	123200000	123300000	3.0
NW_024609881.1	123300000	123400000	2.0
NW_024609881.1	123400000	123500000	4.0
NW_024609881.1	123500000	123586713	5.0
NW_024609882.1	0	100000	6.0
NW_024609882.1	100000	200000	2.0
NW_024609882.1	200000	300000	3.0
NW_024609882.1	300000	400000	1.0
NW_024609882.1	400000	500000	1.0
NW_024609882.1	500000	600000	4.0
NW_024609882.1	600000	700000	2.0
NW_024609882.1	700000	800000	4.0
NW_024609882.1	800000	900000	5.0
NW_024609882.1	900000	1000000	3.0
NW_024609882.1	1000000	1100000	4.0
NW_024609882.1	1300000	1400000	1.0
NW_024609882.1	1100000	1200000	1.0
NW_024609882.1	1500000	1600000	1.0
NW_024609882.1	1600000	1700000	2.0
NW_024609882.1	1700000	1800000	2.0
NW_024609882.1	1900000	2000000	1.0
NW_024609882.1	2000000	2100000	2.0
NW_024609882.1	2500000	2600000	1.0
NW_024609882.1	2700000	2800000	1.0
NW_024609882.1	3000000	3100000	1.0
NW_024609882.1	3100000	3200000	1.0
NW_024609882.1	3200000	3300000	1.0
NW_024609882.1	3400000	3500000	2.0
NW_024609882.1	3800000	3900000	1.0
NW_024609882.1	4300000	4400000	1.0
NW_024609882.1	4500000	4600000	1.0
NW_024609882.1	5000000	5100000	4.0
NW_024609882.1	5100000	5200000	6.0
NW_024609882.1	5200000	5300000	4.0
NW_024609882.1	5300000	5400000	4.0
NW_024609882.1	5400000	5500000	2.0
NW_024609882.1	5500000	5600000	1.0
NW_024609882.1	5600000	5700000	1.0
NW_024609882.1	5700000	5800000	1.0
NW_024609882.1	5800000	5900000	4.0
NW_024609882.1	5900000	6000000	2.0
NW_024609882.1	6100000	6200000	2.0
NW_024609882.1	6000000	6100000	1.0
NW_024609882.1	6300000	6400000	1.0
NW_024609882.1	6500000	6600000	1.0
NW_024609882.1	6600000	6700000	5.0
NW_024609882.1	6700000	6800000	5.0
NW_024609882.1	6800000	6900000	3.0
NW_024609882.1	6900000	7000000	1.0
NW_024609882.1	7000000	7100000	1.0
NW_024609882.1	7100000	7200000	2.0
NW_024609882.1	7300000	7400000	1.0
NW_024609882.1	7500000	7600000	1.0
NW_024609882.1	7700000	7800000	1.0
NW_024609882.1	7900000	8000000	1.0
NW_024609882.1	8000000	8100000	2.0
NW_024609882.1	8400000	8500000	1.0
NW_024609882.1	8500000	8600000	1.0
NW_024609882.1	8600000	8700000	1.0
NW_024609882.1	9100000	9200000	1.0
NW_024609882.1	9400000	9500000	1.0
NW_024609882.1	9600000	9700000	2.0
NW_024609882.1	10200000	10300000	1.0
NW_024609882.1	10300000	10400000	1.0
NW_024609882.1	10500000	10600000	2.0
NW_024609882.1	10800000	10900000	1.0
NW_024609882.1	10900000	11000000	2.0
NW_024609882.1	11000000	11100000	2.0
NW_024609882.1	11100000	11200000	2.0
NW_024609882.1	11200000	11300000	1.0
NW_024609882.1	11300000	11400000	3.0
NW_024609882.1	11500000	11600000	1.0
NW_024609882.1	11700000	11800000	1.0
NW_024609882.1	11800000	11900000	1.0
NW_024609882.1	12200000	12300000	1.0
NW_024609882.1	12800000	12900000	1.0
NW_024609882.1	13100000	13200000	1.0
NW_024609882.1	13300000	13400000	2.0
NW_024609882.1	13400000	13500000	2.0
NW_024609882.1	13500000	13600000	2.0
NW_024609882.1	13600000	13700000	1.0
NW_024609882.1	13700000	13800000	3.0
NW_024609882.1	13800000	13900000	2.0
NW_024609882.1	13900000	14000000	1.0
NW_024609882.1	14000000	14100000	1.0
NW_024609882.1	14100000	14200000	6.0
NW_024609882.1	14200000	14300000	2.0
NW_024609882.1	14300000	14400000	2.0
NW_024609882.1	14400000	14500000	1.0
NW_024609882.1	14600000	14700000	1.0
NW_024609882.1	14700000	14800000	6.0
NW_024609882.1	14800000	14900000	3.0
NW_024609882.1	14900000	15000000	2.0
NW_024609882.1	15000000	15100000	4.0
NW_024609882.1	15100000	15200000	3.0
NW_024609882.1	15200000	15300000	6.0
NW_024609882.1	15300000	15400000	3.0
NW_024609882.1	15400000	15500000	2.0
NW_024609882.1	15600000	15700000	1.0
NW_024609882.1	15700000	15800000	2.0
NW_024609882.1	15800000	15900000	1.0
NW_024609882.1	15900000	16000000	1.0
NW_024609882.1	16000000	16100000	1.0
NW_024609882.1	16100000	16200000	1.0
NW_024609882.1	16200000	16300000	2.0
NW_024609882.1	16300000	16400000	1.0
NW_024609882.1	16400000	16500000	3.0
NW_024609882.1	16500000	16600000	2.0
NW_024609882.1	16600000	16700000	5.0
NW_024609882.1	16700000	16800000	1.0
NW_024609882.1	16900000	17000000	2.0
NW_024609882.1	17000000	17100000	2.0
NW_024609882.1	17100000	17200000	4.0
NW_024609882.1	17200000	17300000	5.0
NW_024609882.1	17300000	17400000	5.0
NW_024609882.1	17400000	17500000	2.0
NW_024609882.1	17600000	17700000	1.0
NW_024609882.1	17700000	17800000	5.0
NW_024609882.1	17800000	17900000	1.0
NW_024609882.1	17900000	18000000	1.0
NW_024609882.1	18100000	18200000	2.0
NW_024609882.1	18200000	18300000	3.0
NW_024609882.1	18300000	18400000	5.0
NW_024609882.1	18400000	18500000	3.0
NW_024609882.1	18500000	18600000	4.0
NW_024609882.1	18600000	18700000	5.0
NW_024609882.1	18700000	18800000	3.0
NW_024609882.1	18800000	18900000	2.0
NW_024609882.1	19000000	19100000	1.0
NW_024609882.1	19100000	19200000	3.0
NW_024609882.1	19200000	19300000	1.0
NW_024609882.1	19300000	19400000	1.0
NW_024609882.1	19700000	19800000	1.0
NW_024609882.1	19800000	19900000	1.0
NW_024609882.1	19900000	20000000	3.0
NW_024609882.1	20200000	20300000	1.0
NW_024609882.1	20300000	20400000	5.0
NW_024609882.1	20400000	20500000	4.0
NW_024609882.1	20500000	20600000	5.0
NW_024609882.1	20600000	20700000	4.0
NW_024609882.1	20700000	20800000	5.0
NW_024609882.1	20800000	20900000	3.0
NW_024609882.1	20900000	21000000	4.0
NW_024609882.1	21000000	21100000	7.0
NW_024609882.1	21100000	21200000	4.0
NW_024609882.1	21200000	21300000	1.0
NW_024609882.1	21300000	21400000	3.0
NW_024609882.1	21400000	21500000	5.0
NW_024609882.1	21500000	21600000	3.0
NW_024609882.1	21600000	21700000	7.0
NW_024609882.1	21700000	21800000	3.0
NW_024609882.1	21800000	21900000	3.0
NW_024609882.1	21900000	22000000	4.0
NW_024609882.1	22000000	22100000	3.0
NW_024609882.1	22100000	22200000	5.0
NW_024609882.1	22200000	22300000	3.0
NW_024609882.1	22300000	22400000	2.0
NW_024609882.1	22400000	22500000	3.0
NW_024609882.1	22500000	22600000	1.0
NW_024609882.1	22600000	22700000	3.0
NW_024609882.1	22900000	23000000	2.0
NW_024609882.1	23100000	23200000	1.0
NW_024609882.1	23300000	23400000	1.0
NW_024609882.1	23700000	23800000	1.0
NW_024609882.1	23900000	24000000	1.0
NW_024609882.1	24000000	24100000	2.0
NW_024609882.1	24100000	24200000	1.0
NW_024609882.1	24200000	24300000	1.0
NW_024609882.1	24300000	24400000	1.0
NW_024609882.1	24400000	24500000	7.0
NW_024609882.1	24500000	24600000	2.0
NW_024609882.1	24600000	24700000	3.0
NW_024609882.1	24700000	24800000	7.0
NW_024609882.1	24800000	24900000	1.0
NW_024609882.1	24900000	25000000	1.0
NW_024609882.1	25000000	25100000	2.0
NW_024609882.1	25100000	25200000	2.0
NW_024609882.1	25300000	25400000	4.0
NW_024609882.1	25400000	25500000	4.0
NW_024609882.1	25500000	25600000	5.0
NW_024609882.1	25600000	25700000	5.0
NW_024609882.1	25700000	25800000	3.0
NW_024609882.1	25800000	25900000	3.0
NW_024609882.1	25900000	26000000	2.0
NW_024609882.1	26000000	26100000	4.0
NW_024609882.1	26100000	26200000	2.0
NW_024609882.1	26200000	26300000	3.0
NW_024609882.1	26300000	26400000	3.0
NW_024609882.1	26400000	26500000	1.0
NW_024609882.1	26500000	26600000	5.0
NW_024609882.1	26600000	26700000	2.0
NW_024609882.1	26700000	26800000	2.0
NW_024609882.1	26900000	27000000	3.0
NW_024609882.1	27000000	27100000	1.0
NW_024609882.1	27200000	27300000	2.0
NW_024609882.1	27300000	27400000	6.0
NW_024609882.1	27400000	27500000	2.0
NW_024609882.1	27500000	27600000	1.0
NW_024609882.1	27700000	27800000	3.0
NW_024609882.1	27900000	28000000	1.0
NW_024609882.1	28100000	28200000	2.0
NW_024609882.1	28200000	28300000	2.0
NW_024609882.1	28300000	28400000	3.0
NW_024609882.1	28400000	28500000	2.0
NW_024609882.1	28900000	29000000	2.0
NW_024609882.1	29500000	29600000	1.0
NW_024609882.1	30500000	30600000	1.0
NW_024609882.1	30600000	30700000	1.0
NW_024609882.1	31300000	31400000	2.0
NW_024609882.1	31400000	31500000	1.0
NW_024609882.1	32000000	32100000	1.0
NW_024609882.1	32100000	32200000	3.0
NW_024609882.1	32300000	32400000	1.0
NW_024609882.1	32400000	32500000	3.0
NW_024609882.1	32500000	32600000	1.0
NW_024609882.1	32800000	32900000	1.0
NW_024609882.1	33500000	33600000	2.0
NW_024609882.1	33600000	33700000	1.0
NW_024609882.1	33700000	33800000	4.0
NW_024609882.1	33800000	33900000	1.0
NW_024609882.1	34000000	34100000	1.0
NW_024609882.1	34100000	34200000	1.0
NW_024609882.1	34400000	34500000	1.0
NW_024609882.1	34600000	34700000	3.0
NW_024609882.1	34700000	34800000	1.0
NW_024609882.1	34900000	35000000	2.0
NW_024609882.1	35300000	35400000	3.0
NW_024609882.1	35200000	35300000	5.0
NW_024609882.1	35400000	35500000	2.0
NW_024609882.1	35500000	35600000	2.0
NW_024609882.1	35600000	35700000	5.0
NW_024609882.1	35700000	35800000	6.0
NW_024609882.1	35800000	35900000	1.0
NW_024609882.1	35900000	36000000	5.0
NW_024609882.1	36000000	36100000	4.0
NW_024609882.1	36100000	36200000	3.0
NW_024609882.1	36200000	36300000	6.0
NW_024609882.1	36300000	36400000	2.0
NW_024609882.1	36400000	36500000	1.0
NW_024609882.1	36600000	36700000	2.0
NW_024609882.1	37100000	37200000	1.0
NW_024609882.1	37300000	37400000	1.0
NW_024609882.1	37400000	37500000	1.0
NW_024609882.1	37500000	37600000	1.0
NW_024609882.1	37600000	37700000	2.0
NW_024609882.1	37700000	37800000	2.0
NW_024609882.1	37800000	37900000	3.0
NW_024609882.1	37900000	38000000	1.0
NW_024609882.1	38000000	38100000	1.0
NW_024609882.1	38100000	38200000	2.0
NW_024609882.1	38200000	38300000	5.0
NW_024609882.1	38300000	38400000	4.0
NW_024609882.1	38400000	38500000	2.0
NW_024609882.1	38500000	38600000	3.0
NW_024609882.1	38600000	38700000	3.0
NW_024609882.1	38700000	38800000	4.0
NW_024609882.1	38800000	38900000	2.0
NW_024609882.1	38900000	39000000	3.0
NW_024609882.1	39000000	39100000	1.0
NW_024609882.1	39100000	39200000	1.0
NW_024609882.1	39200000	39300000	1.0
NW_024609882.1	39300000	39400000	2.0
NW_024609882.1	39400000	39500000	2.0
NW_024609882.1	39500000	39600000	1.0
NW_024609882.1	39800000	39900000	1.0
NW_024609882.1	40000000	40100000	2.0
NW_024609882.1	40100000	40200000	1.0
NW_024609882.1	40600000	40700000	1.0
NW_024609882.1	41200000	41300000	2.0
NW_024609882.1	41600000	41700000	1.0
NW_024609882.1	41700000	41800000	5.0
NW_024609882.1	41800000	41900000	1.0
NW_024609882.1	41900000	42000000	1.0
NW_024609882.1	42000000	42100000	1.0
NW_024609882.1	42700000	42800000	1.0
NW_024609882.1	42800000	42900000	2.0
NW_024609882.1	42900000	43000000	1.0
NW_024609882.1	43000000	43100000	2.0
NW_024609882.1	43200000	43300000	1.0
NW_024609882.1	43400000	43500000	1.0
NW_024609882.1	43700000	43800000	1.0
NW_024609882.1	44000000	44100000	2.0
NW_024609882.1	44200000	44300000	1.0
NW_024609882.1	44600000	44700000	1.0
NW_024609882.1	45400000	45500000	1.0
NW_024609882.1	45600000	45700000	2.0
NW_024609882.1	45800000	45900000	1.0
NW_024609882.1	45900000	46000000	1.0
NW_024609882.1	46500000	46600000	1.0
NW_024609882.1	46600000	46700000	2.0
NW_024609882.1	46700000	46800000	1.0
NW_024609882.1	46800000	46900000	1.0
NW_024609882.1	47100000	47200000	1.0
NW_024609882.1	47400000	47500000	1.0
NW_024609882.1	47500000	47600000	1.0
NW_024609882.1	47600000	47700000	1.0
NW_024609882.1	48100000	48200000	1.0
NW_024609882.1	48300000	48400000	1.0
NW_024609882.1	48400000	48500000	1.0
NW_024609882.1	48900000	49000000	2.0
NW_024609882.1	49200000	49300000	1.0
NW_024609882.1	49300000	49400000	1.0
NW_024609882.1	49500000	49600000	1.0
NW_024609882.1	49600000	49700000	1.0
NW_024609882.1	49800000	49900000	1.0
NW_024609882.1	50400000	50500000	1.0
NW_024609882.1	50900000	51000000	2.0
NW_024609882.1	51000000	51100000	1.0
NW_024609882.1	51100000	51200000	1.0
NW_024609882.1	51300000	51400000	1.0
NW_024609882.1	51400000	51500000	1.0
NW_024609882.1	51500000	51600000	3.0
NW_024609882.1	51600000	51700000	1.0
NW_024609882.1	51700000	51800000	2.0
NW_024609882.1	51800000	51900000	3.0
NW_024609882.1	51900000	52000000	1.0
NW_024609882.1	52100000	52200000	2.0
NW_024609882.1	52300000	52400000	2.0
NW_024609882.1	52700000	52800000	1.0
NW_024609882.1	52800000	52900000	1.0
NW_024609882.1	52900000	53000000	1.0
NW_024609882.1	53300000	53400000	1.0
NW_024609882.1	53400000	53500000	1.0
NW_024609882.1	53500000	53600000	1.0
NW_024609882.1	53600000	53700000	2.0
NW_024609882.1	53700000	53800000	1.0
NW_024609882.1	54200000	54300000	2.0
NW_024609882.1	54300000	54400000	2.0
NW_024609882.1	54500000	54600000	2.0
NW_024609882.1	54600000	54700000	3.0
NW_024609882.1	54700000	54800000	1.0
NW_024609882.1	54800000	54900000	2.0
NW_024609882.1	54900000	55000000	4.0
NW_024609882.1	55000000	55100000	2.0
NW_024609882.1	55100000	55200000	1.0
NW_024609882.1	55200000	55300000	3.0
NW_024609882.1	55300000	55400000	1.0
NW_024609882.1	55500000	55600000	1.0
NW_024609882.1	55700000	55800000	1.0
NW_024609882.1	55800000	55900000	1.0
NW_024609882.1	56000000	56100000	1.0
NW_024609882.1	56300000	56400000	1.0
NW_024609882.1	56700000	56800000	1.0
NW_024609882.1	56800000	56900000	1.0
NW_024609882.1	57000000	57100000	1.0
NW_024609882.1	57100000	57200000	3.0
NW_024609882.1	57200000	57300000	1.0
NW_024609882.1	57300000	57400000	1.0
NW_024609882.1	57500000	57600000	2.0
NW_024609882.1	57800000	57900000	1.0
NW_024609882.1	57900000	58000000	1.0
NW_024609882.1	58100000	58200000	1.0
NW_024609882.1	58200000	58300000	1.0
NW_024609882.1	58500000	58600000	1.0
NW_024609882.1	59000000	59100000	1.0
NW_024609882.1	59300000	59400000	3.0
NW_024609882.1	59400000	59500000	1.0
NW_024609882.1	59500000	59600000	1.0
NW_024609882.1	59700000	59800000	1.0
NW_024609882.1	59800000	59900000	3.0
NW_024609882.1	59900000	60000000	1.0
NW_024609882.1	60200000	60300000	2.0
NW_024609882.1	60400000	60500000	2.0
NW_024609882.1	60500000	60600000	1.0
NW_024609882.1	60700000	60800000	1.0
NW_024609882.1	60900000	61000000	1.0
NW_024609882.1	61500000	61600000	1.0
NW_024609882.1	62000000	62100000	2.0
NW_024609882.1	62200000	62300000	1.0
NW_024609882.1	62400000	62500000	3.0
NW_024609882.1	62500000	62600000	1.0
NW_024609882.1	62700000	62800000	1.0
NW_024609882.1	62800000	62900000	1.0
NW_024609882.1	63100000	63200000	2.0
NW_024609882.1	63200000	63300000	2.0
NW_024609882.1	63500000	63600000	1.0
NW_024609882.1	63600000	63700000	1.0
NW_024609882.1	63700000	63800000	1.0
NW_024609882.1	63900000	64000000	1.0
NW_024609882.1	64000000	64100000	1.0
NW_024609882.1	64100000	64200000	1.0
NW_024609882.1	64200000	64300000	1.0
NW_024609882.1	64600000	64700000	2.0
NW_024609882.1	64700000	64800000	2.0
NW_024609882.1	64800000	64900000	1.0
NW_024609882.1	65100000	65200000	1.0
NW_024609882.1	65200000	65300000	2.0
NW_024609882.1	65400000	65500000	1.0
NW_024609882.1	65500000	65600000	1.0
NW_024609882.1	66000000	66100000	1.0
NW_024609882.1	66300000	66400000	1.0
NW_024609882.1	66600000	66700000	1.0
NW_024609882.1	67000000	67100000	1.0
NW_024609882.1	67100000	67200000	1.0
NW_024609882.1	67200000	67300000	2.0
NW_024609882.1	67300000	67400000	1.0
NW_024609882.1	67400000	67500000	1.0
NW_024609882.1	67500000	67600000	3.0
NW_024609882.1	67600000	67700000	3.0
NW_024609882.1	67700000	67800000	2.0
NW_024609882.1	67800000	67900000	1.0
NW_024609882.1	67900000	68000000	4.0
NW_024609882.1	68000000	68100000	1.0
NW_024609882.1	68200000	68300000	2.0
NW_024609882.1	68300000	68400000	2.0
NW_024609882.1	68400000	68500000	1.0
NW_024609882.1	69400000	69500000	1.0
NW_024609882.1	69700000	69800000	2.0
NW_024609882.1	69900000	70000000	1.0
NW_024609882.1	70600000	70700000	1.0
NW_024609882.1	70700000	70800000	1.0
NW_024609882.1	70900000	71000000	2.0
NW_024609882.1	71100000	71200000	1.0
NW_024609882.1	71300000	71400000	2.0
NW_024609882.1	71400000	71500000	1.0
NW_024609882.1	71700000	71800000	1.0
NW_024609882.1	72000000	72100000	1.0
NW_024609882.1	72100000	72200000	1.0
NW_024609882.1	72200000	72300000	1.0
NW_024609882.1	72500000	72600000	1.0
NW_024609882.1	73100000	73200000	2.0
NW_024609882.1	73200000	73300000	1.0
NW_024609882.1	73300000	73400000	1.0
NW_024609882.1	73400000	73500000	4.0
NW_024609882.1	73600000	73700000	1.0
NW_024609882.1	73700000	73800000	1.0
NW_024609882.1	73800000	73900000	1.0
NW_024609882.1	74100000	74200000	1.0
NW_024609882.1	74200000	74300000	1.0
NW_024609882.1	74300000	74400000	1.0
NW_024609882.1	74400000	74500000	1.0
NW_024609882.1	74500000	74600000	1.0
NW_024609882.1	74600000	74700000	1.0
NW_024609882.1	74700000	74800000	1.0
NW_024609882.1	74900000	75000000	1.0
NW_024609882.1	75000000	75100000	1.0
NW_024609882.1	75200000	75300000	1.0
NW_024609882.1	75400000	75500000	1.0
NW_024609882.1	75600000	75700000	1.0
NW_024609882.1	75700000	75800000	1.0
NW_024609882.1	75800000	75900000	1.0
NW_024609882.1	75900000	76000000	2.0
NW_024609882.1	76100000	76200000	1.0
NW_024609882.1	76300000	76400000	1.0
NW_024609882.1	76400000	76500000	3.0
NW_024609882.1	76500000	76600000	1.0
NW_024609882.1	76600000	76700000	1.0
NW_024609882.1	76800000	76900000	1.0
NW_024609882.1	76900000	77000000	3.0
NW_024609882.1	77000000	77100000	1.0
NW_024609882.1	77100000	77200000	1.0
NW_024609882.1	77300000	77400000	4.0
NW_024609882.1	77600000	77700000	1.0
NW_024609882.1	77700000	77800000	1.0
NW_024609882.1	77800000	77900000	1.0
NW_024609882.1	78000000	78100000	1.0
NW_024609882.1	78100000	78200000	1.0
NW_024609882.1	78200000	78300000	3.0
NW_024609882.1	78300000	78400000	2.0
NW_024609882.1	78400000	78500000	1.0
NW_024609882.1	78500000	78600000	2.0
NW_024609882.1	78600000	78700000	1.0
NW_024609882.1	78800000	78900000	1.0
NW_024609882.1	79100000	79200000	1.0
NW_024609882.1	79200000	79300000	1.0
NW_024609882.1	79300000	79400000	1.0
NW_024609882.1	79800000	79900000	1.0
NW_024609882.1	79900000	80000000	1.0
NW_024609882.1	80200000	80300000	1.0
NW_024609882.1	80300000	80400000	1.0
NW_024609882.1	80400000	80500000	2.0
NW_024609882.1	80600000	80700000	1.0
NW_024609882.1	80800000	80900000	1.0
NW_024609882.1	81000000	81100000	2.0
NW_024609882.1	81100000	81200000	1.0
NW_024609882.1	81300000	81400000	1.0
NW_024609882.1	81400000	81500000	2.0
NW_024609882.1	81500000	81600000	1.0
NW_024609882.1	81600000	81700000	1.0
NW_024609882.1	81700000	81800000	1.0
NW_024609882.1	81800000	81900000	1.0
NW_024609882.1	82300000	82400000	1.0
NW_024609882.1	82400000	82500000	1.0
NW_024609882.1	82700000	82800000	1.0
NW_024609882.1	83000000	83100000	1.0
NW_024609882.1	83200000	83300000	1.0
NW_024609882.1	83600000	83700000	1.0
NW_024609882.1	83700000	83800000	1.0
NW_024609882.1	84800000	84900000	1.0
NW_024609882.1	84900000	85000000	1.0
NW_024609882.1	85500000	85600000	2.0
NW_024609882.1	85700000	85800000	3.0
NW_024609882.1	86100000	86200000	2.0
NW_024609882.1	86200000	86300000	2.0
NW_024609882.1	86300000	86400000	1.0
NW_024609882.1	86400000	86500000	1.0
NW_024609882.1	86500000	86600000	1.0
NW_024609882.1	86600000	86700000	1.0
NW_024609882.1	86700000	86800000	1.0
NW_024609882.1	86800000	86900000	1.0
NW_024609882.1	86900000	87000000	1.0
NW_024609882.1	87300000	87400000	1.0
NW_024609882.1	87400000	87500000	3.0
NW_024609882.1	87700000	87800000	1.0
NW_024609882.1	87800000	87900000	1.0
NW_024609882.1	88100000	88200000	5.0
NW_024609882.1	88200000	88300000	2.0
NW_024609882.1	88300000	88400000	1.0
NW_024609882.1	88400000	88500000	2.0
NW_024609882.1	88500000	88600000	2.0
NW_024609882.1	88600000	88700000	2.0
NW_024609882.1	88700000	88800000	2.0
NW_024609882.1	88800000	88900000	3.0
NW_024609882.1	89000000	89100000	1.0
NW_024609882.1	89100000	89200000	1.0
NW_024609882.1	89200000	89300000	1.0
NW_024609882.1	89400000	89500000	1.0
NW_024609882.1	89500000	89600000	2.0
NW_024609882.1	89700000	89800000	1.0
NW_024609882.1	89900000	90000000	1.0
NW_024609882.1	90000000	90100000	1.0
NW_024609882.1	90200000	90300000	1.0
NW_024609882.1	90300000	90400000	1.0
NW_024609882.1	90400000	90500000	1.0
NW_024609882.1	90700000	90800000	1.0
NW_024609882.1	90900000	91000000	1.0
NW_024609882.1	91300000	91400000	1.0
NW_024609882.1	91400000	91500000	1.0
NW_024609882.1	91500000	91600000	2.0
NW_024609882.1	92000000	92100000	1.0
NW_024609882.1	92100000	92200000	2.0
NW_024609882.1	92200000	92300000	1.0
NW_024609882.1	92400000	92500000	1.0
NW_024609882.1	92500000	92600000	1.0
NW_024609882.1	92600000	92700000	1.0
NW_024609882.1	92700000	92800000	2.0
NW_024609882.1	93000000	93100000	1.0
NW_024609882.1	92900000	93000000	1.0
NW_024609882.1	93400000	93500000	1.0
NW_024609882.1	93600000	93700000	3.0
NW_024609882.1	94100000	94200000	3.0
NW_024609882.1	94300000	94400000	1.0
NW_024609882.1	94700000	94800000	2.0
NW_024609882.1	94800000	94900000	1.0
NW_024609882.1	94900000	95000000	1.0
NW_024609882.1	95100000	95200000	1.0
NW_024609882.1	95300000	95400000	1.0
NW_024609882.1	95400000	95500000	2.0
NW_024609882.1	95500000	95600000	1.0
NW_024609882.1	95600000	95700000	1.0
NW_024609882.1	95800000	95900000	1.0
NW_024609882.1	95900000	96000000	1.0
NW_024609882.1	96100000	96200000	2.0
NW_024609882.1	96200000	96300000	1.0
NW_024609882.1	96500000	96600000	2.0
NW_024609882.1	97100000	97200000	1.0
NW_024609882.1	97200000	97300000	1.0
NW_024609882.1	97300000	97400000	1.0
NW_024609882.1	97400000	97500000	1.0
NW_024609882.1	97500000	97600000	1.0
NW_024609882.1	97600000	97700000	2.0
NW_024609882.1	97700000	97800000	1.0
NW_024609882.1	97800000	97900000	1.0
NW_024609882.1	97900000	98000000	1.0
NW_024609882.1	98000000	98100000	1.0
NW_024609882.1	98200000	98300000	2.0
NW_024609882.1	98300000	98400000	3.0
NW_024609882.1	98400000	98500000	1.0
NW_024609882.1	98600000	98700000	1.0
NW_024609882.1	98700000	98800000	4.0
NW_024609882.1	98800000	98900000	1.0
NW_024609882.1	98900000	99000000	2.0
NW_024609882.1	99100000	99200000	1.0
NW_024609882.1	99300000	99400000	1.0
NW_024609882.1	99500000	99600000	1.0
NW_024609882.1	99600000	99700000	2.0
NW_024609882.1	99800000	99900000	1.0
NW_024609882.1	99900000	100000000	1.0
NW_024609882.1	100000000	100100000	1.0
NW_024609882.1	100100000	100200000	1.0
NW_024609882.1	100200000	100300000	1.0
NW_024609882.1	100300000	100400000	1.0
NW_024609882.1	100800000	100900000	1.0
NW_024609882.1	101100000	101200000	1.0
NW_024609882.1	101300000	101400000	1.0
NW_024609882.1	101400000	101500000	3.0
NW_024609882.1	101500000	101600000	1.0
NW_024609882.1	101600000	101700000	1.0
NW_024609882.1	101700000	101800000	1.0
NW_024609882.1	101800000	101900000	2.0
NW_024609882.1	101900000	102000000	2.0
NW_024609882.1	102000000	102100000	5.0
NW_024609882.1	102200000	102300000	2.0
NW_024609882.1	102300000	102400000	3.0
NW_024609882.1	102500000	102600000	1.0
NW_024609882.1	102700000	102800000	2.0
NW_024609882.1	102800000	102900000	2.0
NW_024609882.1	102900000	103000000	1.0
NW_024609882.1	103000000	103100000	2.0
NW_024609882.1	103100000	103200000	2.0
NW_024609882.1	103300000	103400000	5.0
NW_024609882.1	103400000	103500000	1.0
NW_024609882.1	103600000	103700000	2.0
NW_024609882.1	103700000	103800000	1.0
NW_024609882.1	103800000	103900000	2.0
NW_024609882.1	103900000	104000000	1.0
NW_024609882.1	104000000	104100000	1.0
NW_024609882.1	104200000	104300000	1.0
NW_024609882.1	104300000	104400000	4.0
NW_024609882.1	104400000	104500000	2.0
NW_024609882.1	104600000	104700000	2.0
NW_024609882.1	104700000	104800000	2.0
NW_024609882.1	104800000	104900000	1.0
NW_024609882.1	104900000	105000000	3.0
NW_024609882.1	105100000	105200000	2.0
NW_024609882.1	105300000	105400000	2.0
NW_024609882.1	105400000	105500000	1.0
NW_024609882.1	105800000	105900000	1.0
NW_024609882.1	105900000	106000000	1.0
NW_024609882.1	106000000	106100000	1.0
NW_024609882.1	106200000	106300000	3.0
NW_024609882.1	106400000	106499727	1.0
NW_024609883.1	100000	200000	3.0
NW_024609883.1	200000	300000	2.0
NW_024609883.1	400000	500000	1.0
NW_024609883.1	700000	800000	1.0
NW_024609883.1	1300000	1400000	1.0
NW_024609883.1	1700000	1800000	3.0
NW_024609883.1	2100000	2200000	4.0
NW_024609883.1	2200000	2300000	1.0
NW_024609883.1	2300000	2400000	1.0
NW_024609883.1	2500000	2600000	1.0
NW_024609883.1	2900000	3000000	2.0
NW_024609883.1	3000000	3100000	4.0
NW_024609883.1	3100000	3200000	2.0
NW_024609883.1	3200000	3300000	1.0
NW_024609883.1	3300000	3400000	1.0
NW_024609883.1	3900000	4000000	2.0
NW_024609883.1	3800000	3900000	1.0
NW_024609883.1	4000000	4100000	4.0
NW_024609883.1	4100000	4200000	1.0
NW_024609883.1	4200000	4300000	4.0
NW_024609883.1	4300000	4400000	1.0
NW_024609883.1	4500000	4600000	2.0
NW_024609883.1	4600000	4700000	2.0
NW_024609883.1	4700000	4800000	1.0
NW_024609883.1	4800000	4900000	1.0
NW_024609883.1	4900000	5000000	2.0
NW_024609883.1	5000000	5100000	2.0
NW_024609883.1	5200000	5300000	2.0
NW_024609883.1	5300000	5400000	1.0
NW_024609883.1	5400000	5500000	1.0
NW_024609883.1	5600000	5700000	1.0
NW_024609883.1	5700000	5800000	1.0
NW_024609883.1	5800000	5900000	1.0
NW_024609883.1	5900000	6000000	2.0
NW_024609883.1	6000000	6100000	4.0
NW_024609883.1	6100000	6200000	1.0
NW_024609883.1	6300000	6400000	1.0
NW_024609883.1	6400000	6500000	1.0
NW_024609883.1	6600000	6700000	2.0
NW_024609883.1	6700000	6800000	1.0
NW_024609883.1	6800000	6900000	2.0
NW_024609883.1	6900000	7000000	1.0
NW_024609883.1	7000000	7100000	1.0
NW_024609883.1	7100000	7200000	1.0
NW_024609883.1	7300000	7400000	4.0
NW_024609883.1	7400000	7500000	1.0
NW_024609883.1	7600000	7700000	2.0
NW_024609883.1	7700000	7800000	1.0
NW_024609883.1	8300000	8400000	2.0
NW_024609883.1	8700000	8800000	1.0
NW_024609883.1	8800000	8900000	3.0
NW_024609883.1	9000000	9100000	1.0
NW_024609883.1	9100000	9200000	1.0
NW_024609883.1	9200000	9300000	1.0
NW_024609883.1	9300000	9400000	1.0
NW_024609883.1	9400000	9500000	1.0
NW_024609883.1	9500000	9600000	3.0
NW_024609883.1	9600000	9700000	2.0
NW_024609883.1	9700000	9800000	5.0
NW_024609883.1	9800000	9900000	2.0
NW_024609883.1	9900000	10000000	1.0
NW_024609883.1	10000000	10100000	1.0
NW_024609883.1	10100000	10200000	1.0
NW_024609883.1	10200000	10300000	2.0
NW_024609883.1	10300000	10400000	1.0
NW_024609883.1	10500000	10600000	1.0
NW_024609883.1	10600000	10700000	1.0
NW_024609883.1	10800000	10900000	3.0
NW_024609883.1	10900000	11000000	2.0
NW_024609883.1	11000000	11100000	1.0
NW_024609883.1	11100000	11200000	5.0
NW_024609883.1	11200000	11300000	3.0
NW_024609883.1	11300000	11400000	2.0
NW_024609883.1	11400000	11500000	1.0
NW_024609883.1	11500000	11600000	1.0
NW_024609883.1	11700000	11800000	2.0
NW_024609883.1	11800000	11900000	2.0
NW_024609883.1	11900000	12000000	1.0
NW_024609883.1	12000000	12100000	3.0
NW_024609883.1	12100000	12200000	1.0
NW_024609883.1	12200000	12300000	1.0
NW_024609883.1	12300000	12400000	1.0
NW_024609883.1	12400000	12500000	1.0
NW_024609883.1	12500000	12600000	1.0
NW_024609883.1	12600000	12700000	1.0
NW_024609883.1	12900000	13000000	1.0
NW_024609883.1	13100000	13200000	1.0
NW_024609883.1	13200000	13300000	1.0
NW_024609883.1	13400000	13500000	2.0
NW_024609883.1	13700000	13800000	1.0
NW_024609883.1	13800000	13900000	1.0
NW_024609883.1	14100000	14200000	1.0
NW_024609883.1	14200000	14300000	1.0
NW_024609883.1	14300000	14400000	1.0
NW_024609883.1	14600000	14700000	1.0
NW_024609883.1	15000000	15100000	1.0
NW_024609883.1	16000000	16100000	2.0
NW_024609883.1	16100000	16200000	2.0
NW_024609883.1	16200000	16300000	1.0
NW_024609883.1	16500000	16600000	1.0
NW_024609883.1	17200000	17300000	1.0
NW_024609883.1	17300000	17400000	1.0
NW_024609883.1	17800000	17900000	1.0
NW_024609883.1	17900000	18000000	1.0
NW_024609883.1	18600000	18700000	1.0
NW_024609883.1	18700000	18800000	2.0
NW_024609883.1	18800000	18900000	1.0
NW_024609883.1	19100000	19200000	2.0
NW_024609883.1	19300000	19400000	1.0
NW_024609883.1	19600000	19700000	3.0
NW_024609883.1	19700000	19800000	1.0
NW_024609883.1	19900000	20000000	1.0
NW_024609883.1	20100000	20200000	1.0
NW_024609883.1	20200000	20300000	2.0
NW_024609883.1	20300000	20400000	2.0
NW_024609883.1	20400000	20500000	1.0
NW_024609883.1	20500000	20600000	1.0
NW_024609883.1	20600000	20700000	1.0
NW_024609883.1	20900000	21000000	1.0
NW_024609883.1	21100000	21200000	2.0
NW_024609883.1	21200000	21300000	2.0
NW_024609883.1	21300000	21400000	2.0
NW_024609883.1	21400000	21500000	2.0
NW_024609883.1	21500000	21600000	4.0
NW_024609883.1	21600000	21700000	1.0
NW_024609883.1	21700000	21800000	2.0
NW_024609883.1	21800000	21900000	1.0
NW_024609883.1	21900000	22000000	1.0
NW_024609883.1	22100000	22200000	1.0
NW_024609883.1	22200000	22300000	1.0
NW_024609883.1	22300000	22400000	1.0
NW_024609883.1	22400000	22500000	1.0
NW_024609883.1	22600000	22700000	1.0
NW_024609883.1	22700000	22800000	3.0
NW_024609883.1	22800000	22900000	3.0
NW_024609883.1	23000000	23100000	1.0
NW_024609883.1	23100000	23200000	1.0
NW_024609883.1	23300000	23400000	1.0
NW_024609883.1	23400000	23500000	3.0
NW_024609883.1	23600000	23700000	1.0
NW_024609883.1	23700000	23800000	2.0
NW_024609883.1	23900000	24000000	1.0
NW_024609883.1	24000000	24100000	1.0
NW_024609883.1	24400000	24500000	1.0
NW_024609883.1	24500000	24600000	1.0
NW_024609883.1	24600000	24700000	6.0
NW_024609883.1	24700000	24800000	1.0
NW_024609883.1	24900000	25000000	1.0
NW_024609883.1	25200000	25300000	1.0
NW_024609883.1	25400000	25500000	1.0
NW_024609883.1	25500000	25600000	1.0
NW_024609883.1	26000000	26100000	3.0
NW_024609883.1	26100000	26200000	1.0
NW_024609883.1	26200000	26300000	2.0
NW_024609883.1	26400000	26500000	1.0
NW_024609883.1	26500000	26600000	1.0
NW_024609883.1	26600000	26700000	2.0
NW_024609883.1	26700000	26800000	1.0
NW_024609883.1	26800000	26900000	2.0
NW_024609883.1	26900000	27000000	3.0
NW_024609883.1	27000000	27100000	2.0
NW_024609883.1	27100000	27200000	4.0
NW_024609883.1	27200000	27300000	2.0
NW_024609883.1	27400000	27500000	1.0
NW_024609883.1	27500000	27600000	5.0
NW_024609883.1	27600000	27700000	2.0
NW_024609883.1	27700000	27800000	1.0
NW_024609883.1	27900000	28000000	1.0
NW_024609883.1	28000000	28100000	2.0
NW_024609883.1	28100000	28200000	1.0
NW_024609883.1	28200000	28300000	4.0
NW_024609883.1	28600000	28700000	4.0
NW_024609883.1	28700000	28800000	2.0
NW_024609883.1	28900000	29000000	2.0
NW_024609883.1	29000000	29100000	1.0
NW_024609883.1	29100000	29200000	1.0
NW_024609883.1	29200000	29300000	2.0
NW_024609883.1	29300000	29400000	2.0
NW_024609883.1	29400000	29500000	2.0
NW_024609883.1	29500000	29600000	2.0
NW_024609883.1	29600000	29700000	1.0
NW_024609883.1	29700000	29800000	2.0
NW_024609883.1	29900000	30000000	4.0
NW_024609883.1	30000000	30100000	2.0
NW_024609883.1	30100000	30200000	1.0
NW_024609883.1	30200000	30300000	1.0
NW_024609883.1	30300000	30400000	1.0
NW_024609883.1	30400000	30500000	1.0
NW_024609883.1	30500000	30600000	2.0
NW_024609883.1	30600000	30700000	1.0
NW_024609883.1	30700000	30800000	1.0
NW_024609883.1	30800000	30900000	2.0
NW_024609883.1	30900000	31000000	1.0
NW_024609883.1	31000000	31100000	2.0
NW_024609883.1	31100000	31200000	3.0
NW_024609883.1	31200000	31300000	2.0
NW_024609883.1	31300000	31400000	3.0
NW_024609883.1	31400000	31500000	1.0
NW_024609883.1	31500000	31600000	2.0
NW_024609883.1	31600000	31700000	3.0
NW_024609883.1	31700000	31800000	4.0
NW_024609883.1	31800000	31900000	4.0
NW_024609883.1	31900000	32000000	5.0
NW_024609883.1	32000000	32100000	1.0
NW_024609883.1	32300000	32400000	1.0
NW_024609883.1	32600000	32700000	2.0
NW_024609883.1	33300000	33400000	1.0
NW_024609883.1	33200000	33300000	2.0
NW_024609883.1	33700000	33800000	2.0
NW_024609883.1	33800000	33900000	2.0
NW_024609883.1	34000000	34100000	2.0
NW_024609883.1	34100000	34200000	1.0
NW_024609883.1	34300000	34400000	1.0
NW_024609883.1	34500000	34600000	1.0
NW_024609883.1	34600000	34700000	1.0
NW_024609883.1	34700000	34800000	1.0
NW_024609883.1	34900000	35000000	1.0
NW_024609883.1	35000000	35100000	1.0
NW_024609883.1	35100000	35200000	1.0
NW_024609883.1	35200000	35300000	2.0
NW_024609883.1	35300000	35400000	2.0
NW_024609883.1	36100000	36200000	1.0
NW_024609883.1	36200000	36300000	1.0
NW_024609883.1	36300000	36400000	2.0
NW_024609883.1	36500000	36600000	1.0
NW_024609883.1	36600000	36700000	1.0
NW_024609883.1	36700000	36800000	1.0
NW_024609883.1	36800000	36900000	2.0
NW_024609883.1	37100000	37200000	1.0
NW_024609883.1	37300000	37400000	2.0
NW_024609883.1	37400000	37500000	1.0
NW_024609883.1	37500000	37600000	1.0
NW_024609883.1	37600000	37700000	1.0
NW_024609883.1	37700000	37800000	2.0
NW_024609883.1	37800000	37900000	1.0
NW_024609883.1	37900000	38000000	3.0
NW_024609883.1	38100000	38200000	1.0
NW_024609883.1	38200000	38300000	1.0
NW_024609883.1	38300000	38400000	1.0
NW_024609883.1	38400000	38500000	2.0
NW_024609883.1	38700000	38800000	1.0
NW_024609883.1	39000000	39100000	1.0
NW_024609883.1	39100000	39200000	1.0
NW_024609883.1	39300000	39400000	1.0
NW_024609883.1	39500000	39600000	1.0
NW_024609883.1	39600000	39700000	2.0
NW_024609883.1	39700000	39800000	2.0
NW_024609883.1	39800000	39900000	3.0
NW_024609883.1	40100000	40200000	1.0
NW_024609883.1	40200000	40300000	2.0
NW_024609883.1	40300000	40400000	1.0
NW_024609883.1	40400000	40500000	1.0
NW_024609883.1	40500000	40600000	5.0
NW_024609883.1	40600000	40700000	3.0
NW_024609883.1	40700000	40800000	1.0
NW_024609883.1	41100000	41200000	1.0
NW_024609883.1	41400000	41500000	1.0
NW_024609883.1	41600000	41700000	1.0
NW_024609883.1	41700000	41800000	5.0
NW_024609883.1	41800000	41900000	2.0
NW_024609883.1	41900000	42000000	2.0
NW_024609883.1	42000000	42100000	1.0
NW_024609883.1	42100000	42200000	3.0
NW_024609883.1	42200000	42300000	1.0
NW_024609883.1	42300000	42400000	1.0
NW_024609883.1	42500000	42600000	1.0
NW_024609883.1	42800000	42900000	1.0
NW_024609883.1	43100000	43200000	3.0
NW_024609883.1	43200000	43300000	1.0
NW_024609883.1	43300000	43400000	3.0
NW_024609883.1	43400000	43500000	4.0
NW_024609883.1	43500000	43600000	5.0
NW_024609883.1	43600000	43700000	3.0
NW_024609883.1	43700000	43800000	1.0
NW_024609883.1	43800000	43900000	5.0
NW_024609883.1	43900000	44000000	4.0
NW_024609883.1	44000000	44100000	3.0
NW_024609883.1	44100000	44200000	5.0
NW_024609883.1	44200000	44300000	2.0
NW_024609883.1	44300000	44400000	2.0
NW_024609883.1	44500000	44600000	2.0
NW_024609883.1	44600000	44700000	1.0
NW_024609883.1	44700000	44800000	2.0
NW_024609883.1	44800000	44900000	4.0
NW_024609883.1	45000000	45100000	3.0
NW_024609883.1	45100000	45200000	1.0
NW_024609883.1	45200000	45300000	2.0
NW_024609883.1	45300000	45400000	1.0
NW_024609883.1	45600000	45700000	1.0
NW_024609883.1	45700000	45800000	2.0
NW_024609883.1	45800000	45900000	2.0
NW_024609883.1	45900000	46000000	1.0
NW_024609883.1	46000000	46100000	4.0
NW_024609883.1	46100000	46200000	2.0
NW_024609883.1	46200000	46300000	4.0
NW_024609883.1	46700000	46800000	2.0
NW_024609883.1	46800000	46900000	3.0
NW_024609883.1	46900000	47000000	1.0
NW_024609883.1	47000000	47100000	1.0
NW_024609883.1	47100000	47200000	3.0
NW_024609883.1	47200000	47300000	1.0
NW_024609883.1	47300000	47400000	1.0
NW_024609883.1	47500000	47600000	1.0
NW_024609883.1	47800000	47900000	2.0
NW_024609883.1	48000000	48100000	1.0
NW_024609883.1	48100000	48200000	1.0
NW_024609883.1	48200000	48300000	1.0
NW_024609883.1	48300000	48400000	2.0
NW_024609883.1	48400000	48500000	1.0
NW_024609883.1	48500000	48600000	3.0
NW_024609883.1	48600000	48700000	1.0
NW_024609883.1	48700000	48800000	3.0
NW_024609883.1	48900000	49000000	2.0
NW_024609883.1	49000000	49100000	4.0
NW_024609883.1	49100000	49200000	4.0
NW_024609883.1	49200000	49300000	4.0
NW_024609883.1	49300000	49400000	1.0
NW_024609883.1	49400000	49500000	5.0
NW_024609883.1	49500000	49600000	1.0
NW_024609883.1	49600000	49700000	1.0
NW_024609883.1	49700000	49800000	1.0
NW_024609883.1	49800000	49900000	1.0
NW_024609883.1	49900000	50000000	2.0
NW_024609883.1	50000000	50100000	1.0
NW_024609883.1	50100000	50200000	1.0
NW_024609883.1	50200000	50300000	1.0
NW_024609883.1	50300000	50400000	1.0
NW_024609883.1	50500000	50600000	2.0
NW_024609883.1	50600000	50700000	2.0
NW_024609883.1	50700000	50800000	1.0
NW_024609883.1	50900000	51000000	1.0
NW_024609883.1	51000000	51100000	3.0
NW_024609883.1	51100000	51200000	2.0
NW_024609883.1	51200000	51300000	4.0
NW_024609883.1	51300000	51400000	1.0
NW_024609883.1	51400000	51500000	4.0
NW_024609883.1	51500000	51600000	5.0
NW_024609883.1	51600000	51700000	4.0
NW_024609883.1	52100000	52200000	3.0
NW_024609883.1	52200000	52300000	1.0
NW_024609883.1	52300000	52400000	2.0
NW_024609883.1	52400000	52500000	3.0
NW_024609883.1	52500000	52600000	4.0
NW_024609883.1	52600000	52700000	2.0
NW_024609883.1	52700000	52800000	2.0
NW_024609883.1	52800000	52900000	1.0
NW_024609883.1	52900000	53000000	3.0
NW_024609883.1	53000000	53100000	1.0
NW_024609883.1	53200000	53300000	2.0
NW_024609883.1	53400000	53500000	1.0
NW_024609883.1	53500000	53600000	1.0
NW_024609883.1	53600000	53700000	1.0
NW_024609883.1	53700000	53800000	2.0
NW_024609883.1	53800000	53900000	2.0
NW_024609883.1	54100000	54200000	2.0
NW_024609883.1	54300000	54400000	1.0
NW_024609883.1	54400000	54500000	2.0
NW_024609883.1	54500000	54600000	4.0
NW_024609883.1	54600000	54700000	2.0
NW_024609883.1	54700000	54800000	1.0
NW_024609883.1	54800000	54900000	1.0
NW_024609883.1	54900000	55000000	1.0
NW_024609883.1	55000000	55100000	2.0
NW_024609883.1	55100000	55200000	2.0
NW_024609883.1	55200000	55300000	2.0
NW_024609883.1	55300000	55400000	1.0
NW_024609883.1	55900000	56000000	1.0
NW_024609883.1	56200000	56300000	1.0
NW_024609883.1	56400000	56500000	1.0
NW_024609883.1	57300000	57400000	1.0
NW_024609883.1	57400000	57500000	1.0
NW_024609883.1	58100000	58200000	2.0
NW_024609883.1	58300000	58400000	1.0
NW_024609883.1	58400000	58500000	1.0
NW_024609883.1	58600000	58700000	1.0
NW_024609883.1	58900000	59000000	1.0
NW_024609883.1	59000000	59100000	1.0
NW_024609883.1	59200000	59300000	3.0
NW_024609883.1	59300000	59400000	2.0
NW_024609883.1	59400000	59500000	1.0
NW_024609883.1	59500000	59600000	1.0
NW_024609883.1	59700000	59800000	1.0
NW_024609883.1	60200000	60300000	1.0
NW_024609883.1	60300000	60400000	2.0
NW_024609883.1	60400000	60500000	4.0
NW_024609883.1	60500000	60600000	2.0
NW_024609883.1	60600000	60700000	4.0
NW_024609883.1	60700000	60800000	7.0
NW_024609883.1	60800000	60900000	1.0
NW_024609883.1	60900000	61000000	2.0
NW_024609883.1	61000000	61100000	2.0
NW_024609883.1	61100000	61200000	1.0
NW_024609883.1	61200000	61300000	2.0
NW_024609883.1	61300000	61400000	4.0
NW_024609883.1	61400000	61500000	4.0
NW_024609883.1	61500000	61600000	3.0
NW_024609883.1	61600000	61700000	1.0
NW_024609883.1	61700000	61800000	1.0
NW_024609883.1	61800000	61900000	2.0
NW_024609883.1	61900000	62000000	1.0
NW_024609883.1	62000000	62100000	1.0
NW_024609883.1	62100000	62200000	1.0
NW_024609883.1	62200000	62300000	3.0
NW_024609883.1	62300000	62400000	2.0
NW_024609883.1	62400000	62500000	1.0
NW_024609883.1	62500000	62600000	1.0
NW_024609883.1	62600000	62700000	1.0
NW_024609883.1	62700000	62800000	2.0
NW_024609883.1	62800000	62900000	1.0
NW_024609883.1	62900000	63000000	1.0
NW_024609883.1	63000000	63100000	1.0
NW_024609883.1	63100000	63200000	1.0
NW_024609883.1	63200000	63300000	1.0
NW_024609883.1	63300000	63400000	2.0
NW_024609883.1	63400000	63500000	3.0
NW_024609883.1	63500000	63600000	1.0
NW_024609883.1	63600000	63700000	2.0
NW_024609883.1	63700000	63800000	1.0
NW_024609883.1	63800000	63900000	1.0
NW_024609883.1	63900000	64000000	2.0
NW_024609883.1	64000000	64100000	1.0
NW_024609883.1	64100000	64200000	2.0
NW_024609883.1	64200000	64300000	4.0
NW_024609883.1	64300000	64400000	3.0
NW_024609883.1	64400000	64500000	1.0
NW_024609883.1	64600000	64700000	1.0
NW_024609883.1	64700000	64800000	4.0
NW_024609883.1	64800000	64900000	1.0
NW_024609883.1	65100000	65200000	1.0
NW_024609883.1	65200000	65300000	3.0
NW_024609883.1	65300000	65400000	2.0
NW_024609883.1	65400000	65500000	1.0
NW_024609883.1	65500000	65600000	1.0
NW_024609883.1	65600000	65700000	2.0
NW_024609883.1	65800000	65900000	1.0
NW_024609883.1	65900000	66000000	1.0
NW_024609883.1	66000000	66100000	3.0
NW_024609883.1	66100000	66200000	4.0
NW_024609883.1	66200000	66300000	2.0
NW_024609883.1	66300000	66400000	2.0
NW_024609883.1	66400000	66500000	1.0
NW_024609883.1	66500000	66600000	1.0
NW_024609883.1	66600000	66700000	1.0
NW_024609883.1	66700000	66800000	3.0
NW_024609883.1	66800000	66900000	2.0
NW_024609883.1	66900000	67000000	4.0
NW_024609883.1	67000000	67100000	1.0
NW_024609883.1	67100000	67200000	2.0
NW_024609883.1	67200000	67300000	3.0
NW_024609883.1	67300000	67400000	1.0
NW_024609883.1	67400000	67500000	2.0
NW_024609883.1	67500000	67600000	2.0
NW_024609883.1	67600000	67700000	1.0
NW_024609883.1	67700000	67800000	8.0
NW_024609883.1	67800000	67900000	7.0
NW_024609883.1	67900000	68000000	2.0
NW_024609883.1	68000000	68100000	2.0
NW_024609883.1	68100000	68200000	3.0
NW_024609883.1	68300000	68400000	2.0
NW_024609883.1	68400000	68500000	2.0
NW_024609883.1	68500000	68600000	3.0
NW_024609883.1	68600000	68700000	2.0
NW_024609883.1	68800000	68900000	1.0
NW_024609883.1	69000000	69100000	2.0
NW_024609883.1	69200000	69300000	1.0
NW_024609883.1	69300000	69400000	2.0
NW_024609883.1	69400000	69500000	1.0
NW_024609883.1	69500000	69600000	2.0
NW_024609883.1	69600000	69700000	2.0
NW_024609883.1	69700000	69800000	3.0
NW_024609883.1	69800000	69900000	2.0
NW_024609883.1	69900000	70000000	2.0
NW_024609883.1	70000000	70100000	3.0
NW_024609883.1	70200000	70300000	1.0
NW_024609883.1	70300000	70400000	1.0
NW_024609883.1	70600000	70700000	1.0
NW_024609883.1	70700000	70800000	3.0
NW_024609883.1	70800000	70900000	2.0
NW_024609883.1	71000000	71100000	3.0
NW_024609883.1	71100000	71200000	1.0
NW_024609883.1	71400000	71500000	1.0
NW_024609883.1	71500000	71600000	3.0
NW_024609883.1	71600000	71700000	2.0
NW_024609883.1	71700000	71800000	4.0
NW_024609883.1	71800000	71900000	2.0
NW_024609883.1	71900000	72000000	2.0
NW_024609883.1	72000000	72100000	2.0
NW_024609883.1	72100000	72200000	3.0
NW_024609883.1	72200000	72300000	2.0
NW_024609883.1	72300000	72400000	6.0
NW_024609883.1	72400000	72500000	3.0
NW_024609883.1	72500000	72600000	1.0
NW_024609883.1	72600000	72700000	4.0
NW_024609883.1	72700000	72800000	1.0
NW_024609883.1	72800000	72900000	5.0
NW_024609883.1	72900000	73000000	1.0
NW_024609883.1	73100000	73200000	4.0
NW_024609883.1	73200000	73300000	3.0
NW_024609883.1	73300000	73400000	3.0
NW_024609883.1	73400000	73500000	1.0
NW_024609883.1	73500000	73600000	1.0
NW_024609883.1	73600000	73700000	3.0
NW_024609883.1	73700000	73800000	2.0
NW_024609883.1	73800000	73900000	1.0
NW_024609883.1	73900000	74000000	1.0
NW_024609883.1	74300000	74400000	1.0
NW_024609883.1	74400000	74500000	1.0
NW_024609883.1	74500000	74600000	1.0
NW_024609883.1	74900000	75000000	1.0
NW_024609883.1	75000000	75100000	2.0
NW_024609883.1	75100000	75200000	3.0
NW_024609883.1	75200000	75300000	2.0
NW_024609883.1	75300000	75400000	1.0
NW_024609883.1	75400000	75500000	4.0
NW_024609883.1	75500000	75600000	1.0
NW_024609883.1	75600000	75700000	1.0
NW_024609883.1	75700000	75800000	1.0
NW_024609883.1	75900000	76000000	1.0
NW_024609883.1	76000000	76100000	1.0
NW_024609883.1	76100000	76200000	1.0
NW_024609883.1	76300000	76400000	1.0
NW_024609883.1	76400000	76500000	1.0
NW_024609883.1	76500000	76600000	1.0
NW_024609883.1	76600000	76700000	2.0
NW_024609883.1	76700000	76800000	2.0
NW_024609883.1	76800000	76900000	4.0
NW_024609883.1	76900000	77000000	2.0
NW_024609883.1	77000000	77100000	1.0
NW_024609883.1	77100000	77200000	1.0
NW_024609883.1	77300000	77400000	5.0
NW_024609883.1	77400000	77500000	1.0
NW_024609883.1	77500000	77600000	1.0
NW_024609883.1	77600000	77700000	2.0
NW_024609883.1	77800000	77900000	2.0
NW_024609883.1	77900000	78000000	4.0
NW_024609883.1	78000000	78100000	2.0
NW_024609883.1	78200000	78300000	1.0
NW_024609883.1	78300000	78400000	3.0
NW_024609883.1	78400000	78500000	7.0
NW_024609883.1	78500000	78600000	5.0
NW_024609883.1	78600000	78700000	1.0
NW_024609883.1	78900000	79000000	1.0
NW_024609883.1	79000000	79100000	1.0
NW_024609883.1	79100000	79200000	1.0
NW_024609883.1	79200000	79300000	1.0
NW_024609883.1	79300000	79400000	2.0
NW_024609883.1	79400000	79500000	4.0
NW_024609883.1	79500000	79600000	1.0
NW_024609883.1	79600000	79700000	5.0
NW_024609883.1	79700000	79800000	2.0
NW_024609883.1	79800000	79900000	2.0
NW_024609883.1	79900000	80000000	4.0
NW_024609883.1	80000000	80100000	2.0
NW_024609883.1	80100000	80200000	2.0
NW_024609883.1	80200000	80300000	2.0
NW_024609883.1	80300000	80400000	1.0
NW_024609883.1	80400000	80500000	4.0
NW_024609883.1	80500000	80600000	5.0
NW_024609883.1	80600000	80700000	5.0
NW_024609883.1	80700000	80800000	3.0
NW_024609883.1	80800000	80900000	4.0
NW_024609883.1	80900000	81000000	2.0
NW_024609883.1	81000000	81100000	3.0
NW_024609883.1	81100000	81200000	3.0
NW_024609883.1	81400000	81500000	2.0
NW_024609883.1	81700000	81800000	1.0
NW_024609883.1	81800000	81900000	2.0
NW_024609883.1	81900000	82000000	1.0
NW_024609883.1	82000000	82100000	3.0
NW_024609883.1	82100000	82200000	3.0
NW_024609883.1	82600000	82700000	2.0
NW_024609883.1	82800000	82900000	2.0
NW_024609883.1	83400000	83500000	1.0
NW_024609883.1	83500000	83600000	4.0
NW_024609883.1	83600000	83700000	1.0
NW_024609883.1	83700000	83800000	2.0
NW_024609883.1	83800000	83900000	1.0
NW_024609883.1	84100000	84200000	4.0
NW_024609883.1	84200000	84300000	2.0
NW_024609883.1	84300000	84400000	1.0
NW_024609883.1	84400000	84500000	2.0
NW_024609883.1	84500000	84600000	1.0
NW_024609883.1	84800000	84900000	2.0
NW_024609883.1	85300000	85400000	4.0
NW_024609883.1	85500000	85600000	2.0
NW_024609883.1	85600000	85700000	2.0
NW_024609883.1	85700000	85800000	3.0
NW_024609883.1	86100000	86200000	1.0
NW_024609883.1	86200000	86300000	2.0
NW_024609883.1	86500000	86600000	1.0
NW_024609883.1	86700000	86800000	1.0
NW_024609883.1	86900000	87000000	1.0
NW_024609883.1	87300000	87400000	1.0
NW_024609883.1	87600000	87700000	1.0
NW_024609883.1	88100000	88200000	5.0
NW_024609883.1	88200000	88300000	3.0
NW_024609883.1	88300000	88400000	2.0
NW_024609883.1	88400000	88500000	3.0
NW_024609883.1	88500000	88600000	1.0
NW_024609883.1	88600000	88700000	1.0
NW_024609883.1	88700000	88800000	4.0
NW_024609883.1	88800000	88900000	1.0
NW_024609883.1	88900000	89000000	3.0
NW_024609883.1	89100000	89200000	2.0
NW_024609883.1	89200000	89300000	1.0
NW_024609883.1	89300000	89400000	1.0
NW_024609883.1	89400000	89500000	1.0
NW_024609883.1	89500000	89600000	1.0
NW_024609883.1	89600000	89700000	3.0
NW_024609883.1	90000000	90100000	1.0
NW_024609883.1	90200000	90300000	1.0
NW_024609883.1	90700000	90800000	1.0
NW_024609883.1	90800000	90900000	2.0
NW_024609883.1	91000000	91100000	3.0
NW_024609883.1	91100000	91200000	1.0
NW_024609883.1	91200000	91300000	2.0
NW_024609883.1	91300000	91400000	4.0
NW_024609883.1	91400000	91500000	4.0
NW_024609883.1	91500000	91600000	2.0
NW_024609883.1	91600000	91700000	5.0
NW_024609883.1	91700000	91800000	1.0
NW_024609883.1	91800000	91900000	1.0
NW_024609883.1	91900000	92000000	2.0
NW_024609883.1	92000000	92100000	3.0
NW_024609883.1	92100000	92200000	5.0
NW_024609883.1	92200000	92300000	5.0
NW_024609883.1	92300000	92400000	2.0
NW_024609883.1	92400000	92500000	3.0
NW_024609883.1	92600000	92700000	1.0
NW_024609883.1	92700000	92800000	4.0
NW_024609883.1	92800000	92900000	3.0
NW_024609883.1	92900000	93000000	2.0
NW_024609883.1	93000000	93100000	2.0
NW_024609883.1	93100000	93200000	3.0
NW_024609883.1	93200000	93300000	3.0
NW_024609883.1	93300000	93400000	4.0
NW_024609883.1	93400000	93500000	2.0
NW_024609883.1	93500000	93600000	1.0
NW_024609883.1	93600000	93700000	3.0
NW_024609883.1	93700000	93800000	3.0
NW_024609883.1	93800000	93900000	2.0
NW_024609883.1	93900000	94000000	2.0
NW_024609883.1	94200000	94300000	6.0
NW_024609883.1	94300000	94400000	4.0
NW_024609883.1	94400000	94500000	6.0
NW_024609883.1	94600000	94700000	1.0
NW_024609883.1	94700000	94800000	1.0
NW_024609883.1	94800000	94900000	1.0
NW_024609883.1	94900000	95000000	2.0
NW_024609883.1	95100000	95200000	3.0
NW_024609883.1	95000000	95100000	1.0
NW_024609883.1	95200000	95300000	1.0
NW_024609883.1	95300000	95400000	2.0
NW_024609883.1	95500000	95600000	1.0
NW_024609883.1	95600000	95700000	5.0
NW_024609883.1	95700000	95800000	4.0
NW_024609883.1	95800000	95900000	3.0
NW_024609883.1	95900000	96000000	1.0
NW_024609883.1	96000000	96100000	2.0
NW_024609883.1	96100000	96200000	1.0
NW_024609883.1	96300000	96400000	2.0
NW_024609883.1	96400000	96500000	2.0
NW_024609883.1	96700000	96800000	4.0
NW_024609883.1	96800000	96900000	2.0
NW_024609883.1	96900000	97000000	1.0
NW_024609883.1	97000000	97100000	1.0
NW_024609883.1	97100000	97200000	3.0
NW_024609883.1	97200000	97300000	2.0
NW_024609883.1	97300000	97400000	2.0
NW_024609883.1	97400000	97500000	8.0
NW_024609883.1	97500000	97600000	2.0
NW_024609883.1	97600000	97700000	6.0
NW_024609883.1	97700000	97800000	3.0
NW_024609883.1	97800000	97900000	5.0
NW_024609883.1	97900000	98000000	5.0
NW_024609883.1	98000000	98100000	3.0
NW_024609883.1	98100000	98200000	7.0
NW_024609883.1	98300000	98400000	2.0
NW_024609883.1	98500000	98600000	2.0
NW_024609883.1	98700000	98800000	1.0
NW_024609883.1	98800000	98900000	2.0
NW_024609883.1	98900000	99000000	4.0
NW_024609883.1	99000000	99100000	5.0
NW_024609883.1	99100000	99200000	3.0
NW_024609883.1	99200000	99300000	2.0
NW_024609883.1	99300000	99400000	3.0
NW_024609883.1	99400000	99500000	4.0
NW_024609883.1	99500000	99600000	3.0
NW_024609883.1	99600000	99700000	2.0
NW_024609883.1	99700000	99800000	2.0
NW_024609883.1	99800000	99900000	1.0
NW_024609883.1	99900000	100000000	5.0
NW_024609883.1	100000000	100100000	6.0
NW_024609883.1	100100000	100200000	5.0
NW_024609883.1	100300000	100400000	2.0
NW_024609883.1	100400000	100500000	1.0
NW_024609883.1	100500000	100600000	2.0
NW_024609883.1	100600000	100700000	1.0
NW_024609883.1	100700000	100800000	2.0
NW_024609883.1	100800000	100900000	1.0
NW_024609883.1	100900000	101000000	1.0
NW_024609883.1	101000000	101100000	2.0
NW_024609883.1	101100000	101200000	2.0
NW_024609883.1	101200000	101300000	3.0
NW_024609883.1	101300000	101400000	4.0
NW_024609883.1	101400000	101500000	5.0
NW_024609883.1	101500000	101600000	4.0
NW_024609883.1	101600000	101700000	4.0
NW_024609883.1	101700000	101800000	4.0
NW_024609883.1	101800000	101900000	4.0
NW_024609883.1	101900000	102000000	1.0
NW_024609883.1	102000000	102100000	3.0
NW_024609883.1	102100000	102200000	5.0
NW_024609883.1	102200000	102300000	2.0
NW_024609883.1	102300000	102400000	5.0
NW_024609883.1	102400000	102500000	3.0
NW_024609883.1	102500000	102600000	2.0
NW_024609883.1	102600000	102700000	1.0
NW_024609883.1	102800000	102900000	1.0
NW_024609883.1	102900000	103000000	1.0
NW_024609883.1	103300000	103400000	1.0
NW_024609883.1	103600000	103700000	2.0
NW_024609883.1	103700000	103800000	1.0
NW_024609883.1	103800000	103900000	3.0
NW_024609883.1	103900000	104000000	3.0
NW_024609883.1	104000000	104100000	4.0
NW_024609883.1	104100000	104200000	5.0
NW_024609883.1	104200000	104300000	6.0
NW_024609883.1	104300000	104400000	2.0
NW_024609883.1	104400000	104500000	1.0
NW_024609883.1	104500000	104600000	4.0
NW_024609883.1	104600000	104700000	2.0
NW_024609883.1	104700000	104800000	1.0
NW_024609883.1	104800000	104900000	2.0
NW_024609883.1	104900000	105000000	3.0
NW_024609883.1	105000000	105100000	4.0
NW_024609883.1	105100000	105200000	1.0
NW_024609883.1	105200000	105300000	4.0
NW_024609883.1	105300000	105400000	1.0
NW_024609883.1	105500000	105600000	4.0
NW_024609883.1	105600000	105700000	3.0
NW_024609883.1	105700000	105800000	2.0
NW_024609883.1	105800000	105900000	1.0
NW_024609883.1	105900000	106000000	5.0
NW_024609883.1	106000000	106100000	2.0
NW_024609883.1	106100000	106200000	2.0
NW_024609883.1	106200000	106300000	3.0
NW_024609883.1	106300000	106400000	1.0
NW_024609883.1	106400000	106500000	4.0
NW_024609883.1	106500000	106600000	2.0
NW_024609883.1	106700000	106800000	3.0
NW_024609883.1	106800000	106900000	1.0
NW_024609883.1	106900000	107000000	1.0
NW_024609883.1	107000000	107100000	5.0
NW_024609883.1	107100000	107200000	3.0
NW_024609883.1	107300000	107400000	2.0
NW_024609883.1	107400000	107500000	5.0
NW_024609883.1	107500000	107600000	2.0
NW_024609883.1	107600000	107700000	2.0
NW_024609883.1	107700000	107800000	2.0
NW_024609883.1	108000000	108100000	1.0
NW_024609883.1	108200000	108300000	1.0
NW_024609883.1	108300000	108400000	3.0
NW_024609883.1	108400000	108500000	1.0
NW_024609883.1	108500000	108600000	5.0
NW_024609883.1	108700000	108800000	1.0
NW_024609883.1	108900000	109000000	6.0
NW_024609883.1	109000000	109100000	4.0
NW_024609883.1	109100000	109200000	2.0
NW_024609883.1	109200000	109300000	1.0
NW_024609883.1	109400000	109500000	2.0
NW_024609883.1	109500000	109600000	2.0
NW_024609883.1	109600000	109614364	1.0
NW_024609884.1	200000	300000	1.0
NW_024609884.1	400000	500000	1.0
NW_024609884.1	500000	600000	2.0
NW_024609884.1	600000	700000	1.0
NW_024609884.1	700000	800000	3.0
NW_024609884.1	800000	900000	1.0
NW_024609884.1	900000	1000000	2.0
NW_024609884.1	1000000	1100000	6.0
NW_024609884.1	1100000	1200000	2.0
NW_024609884.1	1200000	1300000	1.0
NW_024609884.1	1400000	1500000	2.0
NW_024609884.1	1500000	1600000	2.0
NW_024609884.1	1600000	1700000	2.0
NW_024609884.1	1700000	1800000	2.0
NW_024609884.1	1800000	1900000	2.0
NW_024609884.1	1900000	2000000	5.0
NW_024609884.1	2000000	2100000	2.0
NW_024609884.1	2100000	2200000	2.0
NW_024609884.1	2200000	2300000	3.0
NW_024609884.1	2300000	2400000	2.0
NW_024609884.1	2400000	2500000	1.0
NW_024609884.1	2500000	2600000	2.0
NW_024609884.1	2600000	2700000	2.0
NW_024609884.1	2700000	2800000	3.0
NW_024609884.1	2800000	2900000	5.0
NW_024609884.1	2900000	3000000	4.0
NW_024609884.1	3000000	3100000	2.0
NW_024609884.1	3100000	3200000	2.0
NW_024609884.1	3200000	3300000	1.0
NW_024609884.1	3300000	3400000	2.0
NW_024609884.1	3400000	3500000	3.0
NW_024609884.1	3500000	3600000	3.0
NW_024609884.1	3600000	3700000	2.0
NW_024609884.1	4000000	4100000	7.0
NW_024609884.1	4100000	4200000	5.0
NW_024609884.1	4200000	4300000	2.0
NW_024609884.1	4300000	4400000	3.0
NW_024609884.1	4400000	4500000	5.0
NW_024609884.1	4500000	4600000	6.0
NW_024609884.1	4600000	4700000	1.0
NW_024609884.1	4700000	4800000	2.0
NW_024609884.1	4800000	4900000	5.0
NW_024609884.1	4900000	5000000	4.0
NW_024609884.1	5000000	5100000	6.0
NW_024609884.1	5100000	5200000	2.0
NW_024609884.1	5200000	5300000	2.0
NW_024609884.1	5300000	5400000	1.0
NW_024609884.1	5400000	5500000	3.0
NW_024609884.1	5500000	5600000	1.0
NW_024609884.1	5600000	5700000	1.0
NW_024609884.1	5800000	5900000	3.0
NW_024609884.1	5900000	6000000	4.0
NW_024609884.1	6100000	6200000	1.0
NW_024609884.1	6300000	6400000	1.0
NW_024609884.1	6400000	6500000	2.0
NW_024609884.1	6600000	6700000	1.0
NW_024609884.1	7300000	7400000	2.0
NW_024609884.1	7400000	7500000	1.0
NW_024609884.1	7500000	7600000	2.0
NW_024609884.1	7600000	7700000	2.0
NW_024609884.1	7700000	7800000	3.0
NW_024609884.1	7800000	7900000	1.0
NW_024609884.1	7900000	8000000	1.0
NW_024609884.1	8000000	8100000	3.0
NW_024609884.1	8100000	8200000	1.0
NW_024609884.1	8200000	8300000	6.0
NW_024609884.1	8300000	8400000	1.0
NW_024609884.1	8400000	8500000	1.0
NW_024609884.1	8600000	8700000	7.0
NW_024609884.1	8700000	8800000	1.0
NW_024609884.1	8800000	8900000	2.0
NW_024609884.1	9000000	9100000	1.0
NW_024609884.1	9200000	9300000	10.0
NW_024609884.1	9300000	9400000	2.0
NW_024609884.1	9500000	9600000	6.0
NW_024609884.1	9600000	9700000	4.0
NW_024609884.1	9700000	9800000	5.0
NW_024609884.1	9900000	10000000	1.0
NW_024609884.1	10000000	10100000	3.0
NW_024609884.1	10100000	10200000	2.0
NW_024609884.1	10200000	10300000	3.0
NW_024609884.1	10300000	10400000	5.0
NW_024609884.1	10400000	10500000	2.0
NW_024609884.1	10500000	10600000	5.0
NW_024609884.1	10600000	10700000	2.0
NW_024609884.1	10700000	10800000	2.0
NW_024609884.1	10800000	10900000	1.0
NW_024609884.1	10900000	11000000	1.0
NW_024609884.1	11400000	11500000	1.0
NW_024609884.1	11800000	11900000	2.0
NW_024609884.1	11900000	12000000	3.0
NW_024609884.1	12000000	12100000	1.0
NW_024609884.1	12400000	12500000	1.0
NW_024609884.1	12500000	12600000	4.0
NW_024609884.1	12600000	12700000	2.0
NW_024609884.1	12700000	12800000	1.0
NW_024609884.1	12800000	12900000	1.0
NW_024609884.1	12900000	13000000	1.0
NW_024609884.1	13200000	13300000	1.0
NW_024609884.1	13300000	13400000	1.0
NW_024609884.1	13800000	13900000	1.0
NW_024609884.1	13900000	14000000	1.0
NW_024609884.1	14100000	14200000	1.0
NW_024609884.1	14300000	14400000	2.0
NW_024609884.1	14400000	14500000	6.0
NW_024609884.1	14600000	14700000	1.0
NW_024609884.1	14700000	14800000	2.0
NW_024609884.1	14800000	14900000	3.0
NW_024609884.1	15400000	15500000	1.0
NW_024609884.1	15600000	15700000	1.0
NW_024609884.1	15700000	15800000	1.0
NW_024609884.1	15800000	15900000	1.0
NW_024609884.1	15900000	16000000	1.0
NW_024609884.1	16000000	16100000	2.0
NW_024609884.1	16100000	16200000	1.0
NW_024609884.1	16300000	16400000	1.0
NW_024609884.1	16600000	16700000	1.0
NW_024609884.1	16800000	16900000	2.0
NW_024609884.1	16900000	17000000	4.0
NW_024609884.1	17000000	17100000	1.0
NW_024609884.1	17100000	17200000	1.0
NW_024609884.1	17200000	17300000	2.0
NW_024609884.1	17300000	17400000	1.0
NW_024609884.1	17500000	17600000	1.0
NW_024609884.1	17700000	17800000	4.0
NW_024609884.1	17800000	17900000	1.0
NW_024609884.1	17900000	18000000	2.0
NW_024609884.1	18000000	18100000	3.0
NW_024609884.1	18100000	18200000	1.0
NW_024609884.1	18400000	18500000	1.0
NW_024609884.1	18500000	18600000	1.0
NW_024609884.1	18900000	19000000	1.0
NW_024609884.1	19000000	19100000	1.0
NW_024609884.1	19300000	19400000	1.0
NW_024609884.1	19400000	19500000	2.0
NW_024609884.1	19500000	19600000	5.0
NW_024609884.1	19600000	19700000	3.0
NW_024609884.1	19700000	19800000	5.0
NW_024609884.1	19800000	19900000	4.0
NW_024609884.1	19900000	20000000	4.0
NW_024609884.1	20000000	20100000	1.0
NW_024609884.1	20100000	20200000	2.0
NW_024609884.1	20200000	20300000	1.0
NW_024609884.1	20300000	20400000	1.0
NW_024609884.1	20400000	20500000	1.0
NW_024609884.1	20500000	20600000	1.0
NW_024609884.1	20600000	20700000	2.0
NW_024609884.1	20700000	20800000	5.0
NW_024609884.1	20800000	20900000	2.0
NW_024609884.1	20900000	21000000	4.0
NW_024609884.1	21100000	21200000	1.0
NW_024609884.1	21300000	21400000	2.0
NW_024609884.1	21400000	21500000	5.0
NW_024609884.1	21500000	21600000	4.0
NW_024609884.1	21600000	21700000	2.0
NW_024609884.1	21700000	21800000	6.0
NW_024609884.1	21800000	21900000	3.0
NW_024609884.1	21900000	22000000	3.0
NW_024609884.1	22000000	22100000	1.0
NW_024609884.1	22100000	22200000	5.0
NW_024609884.1	22200000	22300000	5.0
NW_024609884.1	22300000	22400000	3.0
NW_024609884.1	22400000	22500000	1.0
NW_024609884.1	22500000	22600000	4.0
NW_024609884.1	22600000	22700000	3.0
NW_024609884.1	22700000	22800000	2.0
NW_024609884.1	22800000	22900000	2.0
NW_024609884.1	23500000	23600000	1.0
NW_024609884.1	23600000	23700000	1.0
NW_024609884.1	23700000	23800000	1.0
NW_024609884.1	23800000	23900000	5.0
NW_024609884.1	23900000	24000000	2.0
NW_024609884.1	24000000	24100000	2.0
NW_024609884.1	24100000	24200000	2.0
NW_024609884.1	24200000	24300000	3.0
NW_024609884.1	24600000	24700000	1.0
NW_024609884.1	24900000	25000000	2.0
NW_024609884.1	25000000	25100000	2.0
NW_024609884.1	25100000	25200000	1.0
NW_024609884.1	25200000	25300000	4.0
NW_024609884.1	25300000	25400000	1.0
NW_024609884.1	25400000	25500000	3.0
NW_024609884.1	25500000	25600000	3.0
NW_024609884.1	25600000	25700000	1.0
NW_024609884.1	25700000	25800000	2.0
NW_024609884.1	25800000	25900000	2.0
NW_024609884.1	26000000	26100000	2.0
NW_024609884.1	26500000	26600000	1.0
NW_024609884.1	26900000	27000000	1.0
NW_024609884.1	27000000	27100000	4.0
NW_024609884.1	27100000	27200000	4.0
NW_024609884.1	27200000	27300000	5.0
NW_024609884.1	27300000	27400000	2.0
NW_024609884.1	27400000	27500000	1.0
NW_024609884.1	27600000	27700000	3.0
NW_024609884.1	27700000	27800000	6.0
NW_024609884.1	27800000	27900000	3.0
NW_024609884.1	27900000	28000000	6.0
NW_024609884.1	28000000	28100000	1.0
NW_024609884.1	28100000	28200000	2.0
NW_024609884.1	28200000	28300000	2.0
NW_024609884.1	28300000	28400000	2.0
NW_024609884.1	28400000	28500000	3.0
NW_024609884.1	28500000	28600000	2.0
NW_024609884.1	28600000	28700000	2.0
NW_024609884.1	28700000	28800000	2.0
NW_024609884.1	28800000	28900000	3.0
NW_024609884.1	29200000	29300000	2.0
NW_024609884.1	29300000	29400000	3.0
NW_024609884.1	29400000	29500000	4.0
NW_024609884.1	29500000	29600000	4.0
NW_024609884.1	29600000	29700000	1.0
NW_024609884.1	29800000	29900000	5.0
NW_024609884.1	29900000	30000000	5.0
NW_024609884.1	30000000	30100000	4.0
NW_024609884.1	30100000	30200000	2.0
NW_024609884.1	30200000	30300000	1.0
NW_024609884.1	30300000	30400000	2.0
NW_024609884.1	30500000	30600000	2.0
NW_024609884.1	30400000	30500000	1.0
NW_024609884.1	30700000	30800000	2.0
NW_024609884.1	30900000	31000000	1.0
NW_024609884.1	31100000	31200000	3.0
NW_024609884.1	31400000	31500000	2.0
NW_024609884.1	31500000	31600000	5.0
NW_024609884.1	31700000	31800000	3.0
NW_024609884.1	31600000	31700000	2.0
NW_024609884.1	31800000	31900000	4.0
NW_024609884.1	32000000	32100000	2.0
NW_024609884.1	31900000	32000000	1.0
NW_024609884.1	32100000	32200000	1.0
NW_024609884.1	32400000	32500000	1.0
NW_024609884.1	32700000	32800000	1.0
NW_024609884.1	32800000	32900000	2.0
NW_024609884.1	32900000	33000000	1.0
NW_024609884.1	33000000	33100000	1.0
NW_024609884.1	33100000	33200000	1.0
NW_024609884.1	33200000	33300000	1.0
NW_024609884.1	33300000	33400000	2.0
NW_024609884.1	33400000	33500000	1.0
NW_024609884.1	34200000	34300000	1.0
NW_024609884.1	34500000	34600000	1.0
NW_024609884.1	34600000	34700000	2.0
NW_024609884.1	34700000	34800000	2.0
NW_024609884.1	34800000	34900000	2.0
NW_024609884.1	34900000	35000000	2.0
NW_024609884.1	35000000	35100000	1.0
NW_024609884.1	35100000	35200000	1.0
NW_024609884.1	35300000	35400000	1.0
NW_024609884.1	35400000	35500000	2.0
NW_024609884.1	35500000	35600000	1.0
NW_024609884.1	35600000	35700000	1.0
NW_024609884.1	35800000	35900000	1.0
NW_024609884.1	35900000	36000000	1.0
NW_024609884.1	36000000	36100000	2.0
NW_024609884.1	36100000	36200000	3.0
NW_024609884.1	36200000	36300000	3.0
NW_024609884.1	36300000	36400000	2.0
NW_024609884.1	36800000	36900000	1.0
NW_024609884.1	37100000	37200000	1.0
NW_024609884.1	37500000	37600000	1.0
NW_024609884.1	38000000	38100000	1.0
NW_024609884.1	38100000	38200000	1.0
NW_024609884.1	38300000	38400000	1.0
NW_024609884.1	38400000	38500000	3.0
NW_024609884.1	38500000	38600000	2.0
NW_024609884.1	38600000	38700000	1.0
NW_024609884.1	38700000	38800000	3.0
NW_024609884.1	38900000	39000000	1.0
NW_024609884.1	39000000	39100000	1.0
NW_024609884.1	39100000	39200000	1.0
NW_024609884.1	39300000	39400000	1.0
NW_024609884.1	39400000	39500000	2.0
NW_024609884.1	39500000	39600000	3.0
NW_024609884.1	39600000	39700000	1.0
NW_024609884.1	39700000	39800000	1.0
NW_024609884.1	39800000	39900000	1.0
NW_024609884.1	40000000	40100000	4.0
NW_024609884.1	40100000	40200000	2.0
NW_024609884.1	40300000	40400000	1.0
NW_024609884.1	40400000	40500000	1.0
NW_024609884.1	40500000	40600000	1.0
NW_024609884.1	40600000	40700000	2.0
NW_024609884.1	40700000	40800000	1.0
NW_024609884.1	40800000	40900000	1.0
NW_024609884.1	40900000	41000000	3.0
NW_024609884.1	41000000	41100000	1.0
NW_024609884.1	41100000	41200000	1.0
NW_024609884.1	41200000	41300000	2.0
NW_024609884.1	41500000	41600000	1.0
NW_024609884.1	41600000	41700000	1.0
NW_024609884.1	41800000	41900000	1.0
NW_024609884.1	42100000	42200000	1.0
NW_024609884.1	42200000	42300000	1.0
NW_024609884.1	42300000	42400000	2.0
NW_024609884.1	42400000	42500000	1.0
NW_024609884.1	42700000	42800000	3.0
NW_024609884.1	42800000	42900000	1.0
NW_024609884.1	43000000	43100000	1.0
NW_024609884.1	43200000	43300000	3.0
NW_024609884.1	43400000	43500000	1.0
NW_024609884.1	43500000	43600000	2.0
NW_024609884.1	43600000	43700000	5.0
NW_024609884.1	43800000	43900000	1.0
NW_024609884.1	44100000	44200000	4.0
NW_024609884.1	44200000	44300000	6.0
NW_024609884.1	44300000	44400000	3.0
NW_024609884.1	44400000	44500000	2.0
NW_024609884.1	44500000	44600000	1.0
NW_024609884.1	44900000	45000000	1.0
NW_024609884.1	45300000	45400000	1.0
NW_024609884.1	45500000	45600000	2.0
NW_024609884.1	45600000	45700000	4.0
NW_024609884.1	45700000	45800000	5.0
NW_024609884.1	45800000	45900000	5.0
NW_024609884.1	45900000	46000000	3.0
NW_024609884.1	46000000	46100000	1.0
NW_024609884.1	46100000	46200000	2.0
NW_024609884.1	46200000	46300000	2.0
NW_024609884.1	46400000	46500000	2.0
NW_024609884.1	46500000	46600000	1.0
NW_024609884.1	47000000	47100000	1.0
NW_024609884.1	47200000	47300000	3.0
NW_024609884.1	47300000	47400000	3.0
NW_024609884.1	47500000	47600000	1.0
NW_024609884.1	47600000	47700000	1.0
NW_024609884.1	47800000	47900000	2.0
NW_024609884.1	48000000	48100000	1.0
NW_024609884.1	48100000	48200000	4.0
NW_024609884.1	48200000	48300000	2.0
NW_024609884.1	48300000	48400000	3.0
NW_024609884.1	48400000	48500000	3.0
NW_024609884.1	48500000	48600000	2.0
NW_024609884.1	48600000	48700000	2.0
NW_024609884.1	48700000	48800000	5.0
NW_024609884.1	48800000	48900000	3.0
NW_024609884.1	48900000	49000000	2.0
NW_024609884.1	49000000	49100000	3.0
NW_024609884.1	49100000	49200000	1.0
NW_024609884.1	49200000	49300000	1.0
NW_024609884.1	49300000	49400000	2.0
NW_024609884.1	49400000	49500000	2.0
NW_024609884.1	49500000	49600000	7.0
NW_024609884.1	49600000	49700000	2.0
NW_024609884.1	49700000	49800000	4.0
NW_024609884.1	50000000	50100000	1.0
NW_024609884.1	50200000	50300000	4.0
NW_024609884.1	50300000	50400000	3.0
NW_024609884.1	50400000	50500000	1.0
NW_024609884.1	50600000	50700000	3.0
NW_024609884.1	50700000	50800000	2.0
NW_024609884.1	50800000	50900000	4.0
NW_024609884.1	50900000	51000000	1.0
NW_024609884.1	51000000	51100000	1.0
NW_024609884.1	51100000	51200000	1.0
NW_024609884.1	51200000	51300000	2.0
NW_024609884.1	51300000	51400000	3.0
NW_024609884.1	51400000	51500000	4.0
NW_024609884.1	51500000	51600000	4.0
NW_024609884.1	51600000	51700000	4.0
NW_024609884.1	51700000	51800000	1.0
NW_024609884.1	51800000	51900000	1.0
NW_024609884.1	52000000	52100000	1.0
NW_024609884.1	52200000	52300000	1.0
NW_024609884.1	52400000	52500000	3.0
NW_024609884.1	52500000	52600000	1.0
NW_024609884.1	52700000	52800000	1.0
NW_024609884.1	52800000	52900000	1.0
NW_024609884.1	53000000	53100000	2.0
NW_024609884.1	53100000	53200000	1.0
NW_024609884.1	53200000	53300000	1.0
NW_024609884.1	53300000	53400000	1.0
NW_024609884.1	53600000	53700000	1.0
NW_024609884.1	53700000	53800000	1.0
NW_024609884.1	53800000	53900000	1.0
NW_024609884.1	53900000	54000000	1.0
NW_024609884.1	54000000	54100000	1.0
NW_024609884.1	54200000	54300000	2.0
NW_024609884.1	54600000	54700000	1.0
NW_024609884.1	54900000	55000000	1.0
NW_024609884.1	55000000	55100000	1.0
NW_024609884.1	55100000	55200000	2.0
NW_024609884.1	55200000	55300000	1.0
NW_024609884.1	55300000	55400000	1.0
NW_024609884.1	55400000	55500000	1.0
NW_024609884.1	55600000	55700000	1.0
NW_024609884.1	55800000	55900000	1.0
NW_024609884.1	55900000	56000000	1.0
NW_024609884.1	56000000	56100000	1.0
NW_024609884.1	56200000	56300000	2.0
NW_024609884.1	56300000	56400000	3.0
NW_024609884.1	56400000	56500000	2.0
NW_024609884.1	56900000	57000000	1.0
NW_024609884.1	57100000	57200000	2.0
NW_024609884.1	57400000	57500000	2.0
NW_024609884.1	57500000	57600000	3.0
NW_024609884.1	57600000	57700000	2.0
NW_024609884.1	57700000	57800000	2.0
NW_024609884.1	57800000	57900000	2.0
NW_024609884.1	57900000	58000000	2.0
NW_024609884.1	58000000	58100000	1.0
NW_024609884.1	58100000	58200000	1.0
NW_024609884.1	58200000	58300000	1.0
NW_024609884.1	58300000	58400000	2.0
NW_024609884.1	58400000	58500000	4.0
NW_024609884.1	58500000	58600000	2.0
NW_024609884.1	58600000	58700000	3.0
NW_024609884.1	58700000	58800000	2.0
NW_024609884.1	58800000	58900000	1.0
NW_024609884.1	58900000	59000000	1.0
NW_024609884.1	59000000	59100000	3.0
NW_024609884.1	59100000	59200000	2.0
NW_024609884.1	59200000	59300000	7.0
NW_024609884.1	59300000	59400000	3.0
NW_024609884.1	59400000	59500000	1.0
NW_024609884.1	59500000	59600000	6.0
NW_024609884.1	59600000	59700000	2.0
NW_024609884.1	59700000	59800000	2.0
NW_024609884.1	59800000	59900000	2.0
NW_024609884.1	59900000	60000000	2.0
NW_024609884.1	60000000	60100000	1.0
NW_024609884.1	60100000	60200000	2.0
NW_024609884.1	60200000	60300000	1.0
NW_024609884.1	60400000	60500000	1.0
NW_024609884.1	60500000	60600000	1.0
NW_024609884.1	60800000	60900000	2.0
NW_024609884.1	61000000	61100000	2.0
NW_024609884.1	61200000	61300000	3.0
NW_024609884.1	61300000	61400000	1.0
NW_024609884.1	61400000	61500000	2.0
NW_024609884.1	61500000	61600000	1.0
NW_024609884.1	61600000	61700000	1.0
NW_024609884.1	61700000	61800000	1.0
NW_024609884.1	61800000	61900000	1.0
NW_024609884.1	62100000	62200000	1.0
NW_024609884.1	62200000	62300000	2.0
NW_024609884.1	62400000	62500000	1.0
NW_024609884.1	62500000	62600000	3.0
NW_024609884.1	62600000	62700000	1.0
NW_024609884.1	62700000	62800000	2.0
NW_024609884.1	62800000	62900000	1.0
NW_024609884.1	62900000	63000000	1.0
NW_024609884.1	63000000	63100000	1.0
NW_024609884.1	63100000	63200000	1.0
NW_024609884.1	63200000	63300000	1.0
NW_024609884.1	63300000	63400000	2.0
NW_024609884.1	63700000	63800000	1.0
NW_024609884.1	63800000	63900000	3.0
NW_024609884.1	63900000	64000000	1.0
NW_024609884.1	64000000	64100000	2.0
NW_024609884.1	64100000	64200000	1.0
NW_024609884.1	64300000	64400000	1.0
NW_024609884.1	64800000	64900000	2.0
NW_024609884.1	65000000	65100000	1.0
NW_024609884.1	65100000	65200000	2.0
NW_024609884.1	65200000	65300000	3.0
NW_024609884.1	65400000	65500000	1.0
NW_024609884.1	65500000	65600000	1.0
NW_024609884.1	65600000	65700000	1.0
NW_024609884.1	65700000	65800000	3.0
NW_024609884.1	65800000	65900000	1.0
NW_024609884.1	66000000	66100000	1.0
NW_024609884.1	66100000	66200000	1.0
NW_024609884.1	66300000	66400000	1.0
NW_024609884.1	66600000	66700000	1.0
NW_024609884.1	66700000	66800000	1.0
NW_024609884.1	66800000	66900000	2.0
NW_024609884.1	66900000	67000000	1.0
NW_024609884.1	67000000	67100000	1.0
NW_024609884.1	67400000	67500000	1.0
NW_024609884.1	67800000	67900000	1.0
NW_024609884.1	68000000	68100000	1.0
NW_024609884.1	68100000	68200000	1.0
NW_024609884.1	68600000	68700000	4.0
NW_024609884.1	68700000	68800000	2.0
NW_024609884.1	68800000	68900000	1.0
NW_024609884.1	68900000	69000000	2.0
NW_024609884.1	69400000	69500000	1.0
NW_024609884.1	69500000	69600000	1.0
NW_024609884.1	69600000	69700000	3.0
NW_024609884.1	69700000	69800000	1.0
NW_024609884.1	69800000	69900000	2.0
NW_024609884.1	69900000	70000000	1.0
NW_024609884.1	70000000	70100000	1.0
NW_024609884.1	70100000	70200000	2.0
NW_024609884.1	70300000	70400000	4.0
NW_024609884.1	70400000	70500000	5.0
NW_024609884.1	70500000	70600000	5.0
NW_024609884.1	70600000	70700000	1.0
NW_024609884.1	70700000	70800000	1.0
NW_024609884.1	70800000	70900000	1.0
NW_024609884.1	70900000	71000000	3.0
NW_024609884.1	71000000	71100000	1.0
NW_024609884.1	71200000	71300000	2.0
NW_024609884.1	71400000	71500000	1.0
NW_024609884.1	71500000	71600000	2.0
NW_024609884.1	71600000	71700000	1.0
NW_024609884.1	71700000	71800000	1.0
NW_024609884.1	71900000	72000000	3.0
NW_024609884.1	72000000	72100000	2.0
NW_024609884.1	72100000	72200000	1.0
NW_024609884.1	72300000	72400000	3.0
NW_024609884.1	72400000	72500000	2.0
NW_024609884.1	72500000	72600000	1.0
NW_024609884.1	72600000	72700000	1.0
NW_024609884.1	72700000	72800000	2.0
NW_024609884.1	72800000	72900000	1.0
NW_024609884.1	72900000	73000000	4.0
NW_024609884.1	73000000	73100000	3.0
NW_024609884.1	73100000	73200000	1.0
NW_024609884.1	73200000	73300000	2.0
NW_024609884.1	73300000	73400000	5.0
NW_024609884.1	73400000	73500000	1.0
NW_024609884.1	74100000	74200000	1.0
NW_024609884.1	73600000	73700000	1.0
NW_024609884.1	74700000	74800000	4.0
NW_024609884.1	74800000	74900000	3.0
NW_024609884.1	74900000	75000000	3.0
NW_024609884.1	75000000	75100000	1.0
NW_024609884.1	75300000	75400000	3.0
NW_024609884.1	75500000	75600000	2.0
NW_024609884.1	75600000	75700000	2.0
NW_024609884.1	75700000	75800000	2.0
NW_024609884.1	75800000	75900000	1.0
NW_024609884.1	75900000	76000000	1.0
NW_024609884.1	76100000	76200000	2.0
NW_024609884.1	76200000	76300000	2.0
NW_024609884.1	76300000	76400000	1.0
NW_024609884.1	76500000	76600000	1.0
NW_024609884.1	76700000	76800000	2.0
NW_024609884.1	76600000	76700000	2.0
NW_024609884.1	77200000	77300000	2.0
NW_024609884.1	77500000	77600000	1.0
NW_024609884.1	77800000	77900000	2.0
NW_024609884.1	77900000	78000000	1.0
NW_024609884.1	78000000	78100000	2.0
NW_024609884.1	78100000	78200000	2.0
NW_024609884.1	78200000	78300000	2.0
NW_024609884.1	78500000	78600000	1.0
NW_024609884.1	78600000	78700000	2.0
NW_024609884.1	78700000	78800000	2.0
NW_024609884.1	78900000	79000000	2.0
NW_024609884.1	79000000	79100000	5.0
NW_024609884.1	79100000	79200000	1.0
NW_024609884.1	79200000	79300000	1.0
NW_024609884.1	79300000	79400000	1.0
NW_024609884.1	79400000	79500000	1.0
NW_024609884.1	79600000	79700000	1.0
NW_024609884.1	79700000	79800000	1.0
NW_024609884.1	79900000	80000000	1.0
NW_024609884.1	80000000	80100000	1.0
NW_024609884.1	80200000	80300000	1.0
NW_024609884.1	80400000	80500000	2.0
NW_024609884.1	80500000	80600000	3.0
NW_024609884.1	80700000	80800000	4.0
NW_024609884.1	80800000	80900000	3.0
NW_024609884.1	81000000	81100000	2.0
NW_024609884.1	81100000	81200000	3.0
NW_024609884.1	81300000	81400000	1.0
NW_024609884.1	81200000	81300000	1.0
NW_024609884.1	81400000	81500000	1.0
NW_024609884.1	81500000	81600000	1.0
NW_024609884.1	81600000	81700000	2.0
NW_024609884.1	81800000	81900000	1.0
NW_024609884.1	82000000	82100000	1.0
NW_024609884.1	82100000	82200000	2.0
NW_024609884.1	82200000	82300000	1.0
NW_024609884.1	82300000	82400000	6.0
NW_024609884.1	82400000	82500000	4.0
NW_024609884.1	82500000	82600000	2.0
NW_024609884.1	82600000	82700000	1.0
NW_024609884.1	82700000	82800000	2.0
NW_024609884.1	82800000	82900000	1.0
NW_024609884.1	83400000	83500000	2.0
NW_024609884.1	83500000	83600000	2.0
NW_024609884.1	83600000	83700000	5.0
NW_024609884.1	83700000	83800000	1.0
NW_024609884.1	83900000	84000000	2.0
NW_024609884.1	84100000	84200000	2.0
NW_024609884.1	84200000	84300000	3.0
NW_024609884.1	84300000	84400000	3.0
NW_024609884.1	84400000	84500000	2.0
NW_024609884.1	84600000	84700000	2.0
NW_024609884.1	84700000	84800000	1.0
NW_024609884.1	84800000	84900000	1.0
NW_024609884.1	85100000	85200000	1.0
NW_024609884.1	85200000	85300000	1.0
NW_024609884.1	85400000	85500000	2.0
NW_024609884.1	85500000	85600000	1.0
NW_024609884.1	85800000	85900000	2.0
NW_024609884.1	85900000	86000000	2.0
NW_024609884.1	86000000	86100000	1.0
NW_024609884.1	86100000	86200000	4.0
NW_024609884.1	86200000	86300000	3.0
NW_024609884.1	86300000	86400000	1.0
NW_024609884.1	86400000	86500000	1.0
NW_024609884.1	86500000	86600000	2.0
NW_024609884.1	86600000	86700000	3.0
NW_024609884.1	86700000	86800000	2.0
NW_024609884.1	86800000	86900000	1.0
NW_024609884.1	87000000	87100000	1.0
NW_024609884.1	87100000	87200000	1.0
NW_024609884.1	87200000	87300000	1.0
NW_024609884.1	87400000	87500000	1.0
NW_024609884.1	87500000	87600000	2.0
NW_024609884.1	87600000	87700000	4.0
NW_024609884.1	87700000	87800000	1.0
NW_024609884.1	87800000	87900000	2.0
NW_024609884.1	87900000	88000000	2.0
NW_024609884.1	88000000	88100000	2.0
NW_024609884.1	88100000	88200000	4.0
NW_024609884.1	88200000	88300000	1.0
NW_024609884.1	88300000	88400000	2.0
NW_024609884.1	88400000	88500000	2.0
NW_024609884.1	88500000	88600000	2.0
NW_024609884.1	88600000	88700000	2.0
NW_024609884.1	88700000	88800000	2.0
NW_024609884.1	88800000	88900000	2.0
NW_024609884.1	88900000	89000000	1.0
NW_024609884.1	89100000	89200000	1.0
NW_024609884.1	89200000	89300000	1.0
NW_024609884.1	89400000	89500000	1.0
NW_024609884.1	89500000	89600000	2.0
NW_024609884.1	89600000	89700000	3.0
NW_024609884.1	89700000	89800000	1.0
NW_024609884.1	89800000	89900000	1.0
NW_024609884.1	90000000	90100000	2.0
NW_024609884.1	90100000	90200000	1.0
NW_024609884.1	90300000	90400000	1.0
NW_024609884.1	90400000	90500000	1.0
NW_024609884.1	90800000	90900000	1.0
NW_024609884.1	90900000	91000000	2.0
NW_024609884.1	91000000	91100000	2.0
NW_024609884.1	91300000	91400000	1.0
NW_024609884.1	91400000	91500000	1.0
NW_024609884.1	91500000	91600000	1.0
NW_024609884.1	91900000	92000000	2.0
NW_024609884.1	92100000	92200000	1.0
NW_024609884.1	92200000	92300000	3.0
NW_024609884.1	92500000	92600000	2.0
NW_024609884.1	92600000	92700000	1.0
NW_024609884.1	92800000	92900000	1.0
NW_024609884.1	93100000	93200000	2.0
NW_024609884.1	93300000	93400000	1.0
NW_024609884.1	93400000	93500000	1.0
NW_024609884.1	93800000	93900000	1.0
NW_024609884.1	94000000	94100000	2.0
NW_024609884.1	94100000	94200000	4.0
NW_024609884.1	94300000	94400000	3.0
NW_024609884.1	94400000	94500000	2.0
NW_024609884.1	94500000	94600000	2.0
NW_024609884.1	94600000	94700000	6.0
NW_024609884.1	94700000	94800000	1.0
NW_024609884.1	95000000	95100000	2.0
NW_024609884.1	95100000	95200000	1.0
NW_024609884.1	95200000	95300000	2.0
NW_024609884.1	95300000	95400000	3.0
NW_024609884.1	95400000	95500000	1.0
NW_024609884.1	95600000	95700000	1.0
NW_024609884.1	95900000	96000000	3.0
NW_024609884.1	96000000	96100000	2.0
NW_024609884.1	96200000	96300000	2.0
NW_024609884.1	96300000	96400000	1.0
NW_024609884.1	96900000	97000000	2.0
NW_024609884.1	97300000	97400000	2.0
NW_024609884.1	97800000	97900000	2.0
NW_024609884.1	98300000	98400000	1.0
NW_024609884.1	98400000	98500000	1.0
NW_024609884.1	98600000	98700000	1.0
NW_024609884.1	98700000	98800000	1.0
NW_024609884.1	99600000	99700000	2.0
NW_024609884.1	99100000	99200000	3.0
NW_024609884.1	100000000	100100000	1.0
NW_024609884.1	100200000	100300000	1.0
NW_024609884.1	100900000	101000000	1.0
NW_024609884.1	101000000	101100000	2.0
NW_024609884.1	101100000	101200000	1.0
NW_024609884.1	101400000	101500000	1.0
NW_024609884.1	101500000	101600000	2.0
NW_024609884.1	101600000	101700000	1.0
NW_024609884.1	101900000	102000000	2.0
NW_024609884.1	102000000	102100000	2.0
NW_024609884.1	102900000	103000000	1.0
NW_024609884.1	103000000	103100000	2.0
NW_024609884.1	103100000	103200000	1.0
NW_024609884.1	103600000	103700000	1.0
NW_024609884.1	103900000	103927828	1.0
NW_024609885.1	0	100000	2.0
NW_024609885.1	100000	200000	2.0
NW_024609885.1	200000	300000	4.0
NW_024609885.1	300000	400000	2.0
NW_024609885.1	400000	500000	1.0
NW_024609885.1	500000	600000	1.0
NW_024609885.1	600000	700000	3.0
NW_024609885.1	700000	800000	4.0
NW_024609885.1	800000	900000	4.0
NW_024609885.1	900000	1000000	2.0
NW_024609885.1	1000000	1100000	1.0
NW_024609885.1	1100000	1200000	2.0
NW_024609885.1	1200000	1300000	1.0
NW_024609885.1	1300000	1400000	1.0
NW_024609885.1	1500000	1600000	2.0
NW_024609885.1	1700000	1800000	1.0
NW_024609885.1	1800000	1900000	2.0
NW_024609885.1	1900000	2000000	2.0
NW_024609885.1	2100000	2200000	2.0
NW_024609885.1	2200000	2300000	1.0
NW_024609885.1	2300000	2400000	2.0
NW_024609885.1	2500000	2600000	1.0
NW_024609885.1	2600000	2700000	4.0
NW_024609885.1	2700000	2800000	1.0
NW_024609885.1	2800000	2900000	1.0
NW_024609885.1	2900000	3000000	2.0
NW_024609885.1	3300000	3400000	3.0
NW_024609885.1	3800000	3900000	1.0
NW_024609885.1	3900000	3943318	1.0
NW_024609887.1	100000	200000	1.0
NW_024609887.1	200000	300000	1.0
NW_024609887.1	300000	400000	3.0
NW_024609887.1	600000	700000	1.0
NW_024609887.1	1200000	1300000	2.0
NW_024609887.1	1400000	1500000	1.0
NW_024609887.1	1500000	1600000	1.0
NW_024609887.1	1600000	1700000	1.0
NW_024609887.1	1700000	1800000	1.0
NW_024609887.1	1800000	1900000	2.0
NW_024609887.1	1900000	1988756	2.0
NW_024609888.1	0	72983	1.0
NW_024609889.1	100000	200000	2.0
NW_024609889.1	200000	300000	1.0
NW_024609889.1	300000	400000	1.0
NW_024609890.1	0	100000	2.0
NW_024609890.1	100000	200000	3.0
NW_024609890.1	200000	247391	1.0
NW_024609891.1	0	100000	3.0
NW_024609891.1	100000	124645	1.0
NW_024609894.1	300000	400000	1.0
NW_024609894.1	700000	800000	1.0
NW_024609896.1	0	100000	1.0
NW_024609896.1	300000	400000	1.0
NW_024609896.1	400000	500000	2.0
NW_024609896.1	600000	689616	2.0
NW_024609897.1	0	100000	3.0
NW_024609897.1	200000	300000	1.0
NW_024609897.1	300000	400000	4.0
NW_024609897.1	400000	500000	1.0
NW_024609897.1	700000	800000	2.0
NW_024609897.1	800000	900000	1.0
NW_024609897.1	900000	1000000	1.0
NW_024609897.1	1000000	1100000	1.0
NW_024609897.1	1200000	1300000	1.0
NW_024609897.1	1300000	1400000	4.0
NW_024609897.1	1400000	1402682	1.0
NW_024609898.1	0	100000	1.0
NW_024609898.1	100000	200000	1.0
NW_024609898.1	200000	300000	1.0
NW_024609898.1	300000	400000	1.0
NW_024609898.1	400000	409298	1.0
NW_024609900.1	0	100000	3.0
NW_024609900.1	100000	200000	2.0
NW_024609900.1	200000	300000	2.0
NW_024609900.1	300000	400000	1.0
NW_024609900.1	400000	500000	2.0
NW_024609900.1	500000	600000	1.0
NW_024609900.1	600000	700000	2.0
NW_024609900.1	700000	800000	3.0
NW_024609900.1	900000	1000000	2.0
NW_024609900.1	1200000	1300000	3.0
NW_024609900.1	1600000	1700000	1.0
NW_024609900.1	1800000	1900000	1.0
NW_024609900.1	1900000	2000000	2.0
NW_024609900.1	2000000	2100000	3.0
NW_024609900.1	2100000	2200000	2.0
NW_024609900.1	2200000	2300000	3.0
NW_024609900.1	2300000	2400000	1.0
NW_024609900.1	2500000	2600000	1.0
NW_024609900.1	2600000	2655292	2.0
NW_024609901.1	100000	200000	1.0
NW_024609901.1	300000	400000	2.0
NW_024609901.1	500000	584706	1.0
NW_024609902.1	0	100000	1.0
NW_024609902.1	100000	107443	1.0
NW_024609903.1	0	100000	1.0
NW_024609903.1	200000	266020	1.0
NW_024609904.1	0	100000	1.0
NW_024609904.1	100000	200000	3.0
NW_024609904.1	200000	300000	1.0
NW_024609904.1	500000	600000	1.0
NW_024609904.1	600000	700000	1.0
NW_024609904.1	900000	927798	1.0
NW_024609905.1	0	55251	4.0
NW_024609907.1	100000	200000	1.0
NW_024609907.1	200000	300000	1.0
NW_024609907.1	300000	344851	1.0
NW_024609908.1	100000	175655	2.0
NW_024609909.1	100000	200000	1.0
NW_024609909.1	200000	300000	1.0
NW_024609909.1	300000	400000	1.0
NW_024609909.1	400000	500000	1.0
NW_024609909.1	500000	600000	2.0
NW_024609909.1	700000	800000	4.0
NW_024609909.1	800000	900000	1.0
NW_024609909.1	900000	1000000	1.0
NW_024609909.1	1000000	1100000	1.0
NW_024609909.1	1100000	1200000	1.0
NW_024609909.1	1200000	1300000	1.0
NW_024609909.1	1400000	1500000	1.0
NW_024609909.1	1500000	1600000	1.0
NW_024609909.1	1800000	1900000	2.0
NW_024609909.1	1900000	1901757	1.0
NW_024609910.1	0	82305	2.0
NW_024609911.1	0	100000	1.0
NW_024609911.1	100000	200000	1.0
NW_024609911.1	300000	400000	1.0
NW_024609911.1	400000	500000	1.0
NW_024609911.1	600000	606363	1.0
NW_024609912.1	0	100000	2.0
NW_024609912.1	100000	200000	2.0
NW_024609912.1	200000	300000	2.0
NW_024609912.1	300000	400000	1.0
NW_024609912.1	600000	700000	1.0
NW_024609912.1	700000	721577	1.0
NW_024609914.1	0	100000	1.0
NW_024609914.1	300000	400000	1.0
NW_024609914.1	500000	600000	1.0
NW_024609914.1	600000	628905	1.0
NW_024609916.1	0	32246	1.0
NW_024609917.1	0	100000	2.0
NW_024609917.1	100000	124986	1.0
NW_024609918.1	0	100000	1.0
NW_024609918.1	100000	200000	2.0
NW_024609918.1	200000	300000	3.0
NW_024609918.1	300000	400000	5.0
NW_024609918.1	400000	461124	1.0
NW_024609919.1	0	100000	1.0
NW_024609920.1	0	100000	2.0
NW_024609920.1	100000	200000	2.0
NW_024609920.1	200000	300000	1.0
NW_024609920.1	500000	600000	3.0
NW_024609920.1	600000	700000	1.0
NW_024609920.1	700000	800000	3.0
NW_024609920.1	800000	900000	1.0
NW_024609920.1	1100000	1200000	3.0
NW_024609920.1	1300000	1400000	2.0
NW_024609920.1	1500000	1595496	3.0
NW_024609921.1	100000	200000	1.0
NW_024609921.1	200000	300000	1.0
NW_024609921.1	300000	400000	1.0
NW_024609921.1	600000	700000	2.0
NW_024609921.1	900000	974535	2.0
NW_024609922.1	0	100000	1.0
NW_024609922.1	100000	200000	1.0
NW_024609922.1	300000	318230	1.0
NW_024609923.1	0	100000	2.0
NW_024609924.1	0	100000	1.0
NW_024609924.1	200000	300000	1.0
NW_024609924.1	300000	400000	1.0
NW_024609924.1	400000	500000	3.0
NW_024609924.1	700000	800000	2.0
NW_024609924.1	800000	900000	3.0
NW_024609924.1	900000	950552	3.0
NW_024609925.1	0	100000	3.0
NW_024609926.1	0	21099	1.0
NW_024609927.1	0	100000	1.0
NW_024609927.1	100000	200000	3.0
NW_024609927.1	200000	300000	5.0
NW_024609927.1	400000	500000	1.0
NW_024609927.1	600000	635161	2.0
NW_024609930.1	0	100000	3.0
NW_024609930.1	100000	200000	1.0
NW_024609930.1	300000	400000	2.0
NW_024609930.1	400000	500000	2.0
NW_024609930.1	500000	600000	1.0
NW_024609930.1	900000	1000000	1.0
NW_024609930.1	1000000	1083294	1.0
NW_024609932.1	0	100000	1.0
NW_024609932.1	100000	111439	1.0
NW_024609934.1	0	75724	1.0
NW_024609935.1	0	100000	2.0
NW_024609935.1	200000	279146	1.0
NW_024609940.1	0	100000	2.0
NW_024609940.1	100000	124879	1.0
NW_024609941.1	0	100000	2.0
NW_024609941.1	100000	111040	1.0
NW_024609942.1	0	100000	3.0
NW_024609942.1	100000	200000	2.0
NW_024609942.1	200000	300000	1.0
NW_024609942.1	300000	400000	2.0
NW_024609942.1	400000	500000	2.0
NW_024609942.1	500000	524295	1.0
NW_024609943.1	0	95683	2.0
NW_024609944.1	200000	300000	1.0
NW_024609944.1	300000	400000	1.0
NW_024609944.1	900000	1000000	1.0
NW_024609944.1	1200000	1288024	3.0
NW_024609945.1	0	88798	1.0
NW_024609946.1	100000	119779	1.0
NW_024609948.1	0	100000	2.0
NW_024609948.1	100000	200000	2.0
NW_024609948.1	200000	300000	1.0
NW_024609948.1	300000	400000	2.0
NW_024609948.1	400000	500000	2.0
NW_024609948.1	500000	600000	2.0
NW_024609948.1	700000	800000	3.0
NW_024609948.1	800000	900000	4.0
NW_024609948.1	900000	1000000	1.0
NW_024609948.1	1000000	1100000	2.0
NW_024609948.1	1100000	1200000	1.0
NW_024609948.1	1200000	1300000	2.0
NW_024609948.1	1400000	1500000	6.0
NW_024609948.1	1500000	1600000	2.0
NW_024609948.1	1700000	1800000	4.0
NW_024609948.1	1800000	1826538	1.0
NW_024609949.1	0	77447	2.0
NW_024609950.1	0	79585	2.0
NW_024609951.1	100000	200000	1.0
NW_024609951.1	600000	700000	1.0
NW_024609951.1	1400000	1500000	1.0
NW_024609951.1	1600000	1700000	2.0
NW_024609951.1	1700000	1800000	3.0
NW_024609951.1	1800000	1900000	1.0
NW_024609952.1	0	100000	2.0
NW_024609953.1	0	100000	3.0
NW_024609953.1	100000	200000	1.0
NW_024609953.1	200000	300000	1.0
NW_024609953.1	300000	400000	1.0
NW_024609953.1	400000	500000	1.0
NW_024609953.1	500000	600000	2.0
NW_024609953.1	600000	647132	1.0
NW_024609955.1	0	100000	1.0
NW_024609955.1	200000	300000	1.0
NW_024609955.1	400000	500000	1.0
NW_024609955.1	500000	600000	1.0
NW_024609955.1	700000	800000	1.0
NW_024609955.1	800000	900000	1.0
NW_024609955.1	900000	1000000	3.0
NW_024609955.1	1000000	1100000	3.0
NW_024609955.1	1100000	1200000	1.0
NW_024609955.1	1200000	1300000	1.0
NW_024609955.1	1300000	1400000	3.0
NW_024609955.1	1600000	1694913	1.0
NW_024609956.1	0	46289	1.0
NW_024609958.1	100000	200000	1.0
NW_024609958.1	200000	300000	2.0
NW_024609958.1	300000	400000	2.0
NW_024609958.1	400000	500000	1.0
NW_024609958.1	500000	600000	2.0
NW_024609958.1	600000	700000	2.0
NW_024609958.1	700000	800000	1.0
NW_024609958.1	800000	900000	1.0
NW_024609958.1	900000	1000000	2.0
NW_024609958.1	1000000	1100000	1.0
NW_024609958.1	1100000	1200000	1.0
NW_024609958.1	1300000	1400000	1.0
NW_024609958.1	1400000	1500000	1.0
NW_024609958.1	1700000	1800000	1.0
NW_024609958.1	1800000	1900000	1.0
NW_024609958.1	1900000	2000000	1.0
NW_024609958.1	2000000	2100000	1.0
NW_024609958.1	2300000	2400000	3.0
NW_024609958.1	2400000	2500000	1.0
NW_024609958.1	2600000	2700000	2.0
NW_024609958.1	2900000	3000000	1.0
NW_024609958.1	3000000	3038180	1.0
NW_024609960.1	0	100000	3.0
NW_024609960.1	200000	300000	2.0
NW_024609960.1	600000	700000	1.0
NW_024609960.1	700000	789476	1.0
NW_024609961.1	0	100000	4.0
NW_024609961.1	100000	200000	1.0
NW_024609961.1	200000	300000	2.0
NW_024609961.1	300000	400000	2.0
NW_024609961.1	400000	500000	3.0
NW_024609961.1	500000	600000	1.0
NW_024609961.1	600000	700000	1.0
NW_024609961.1	700000	800000	2.0
NW_024609961.1	900000	1000000	1.0
NW_024609961.1	1100000	1200000	1.0
NW_024609961.1	1200000	1300000	2.0
NW_024609961.1	1300000	1305820	1.0
NW_024609962.1	0	100000	1.0
NW_024609964.1	0	28797	1.0
NW_024609965.1	500000	600000	1.0
NW_024609965.1	600000	700000	2.0
NW_024609965.1	900000	1000000	1.0
NW_024609965.1	1000000	1100000	1.0
NW_024609965.1	1100000	1200000	3.0
NW_024609965.1	1200000	1300000	1.0
NW_024609965.1	1300000	1400000	2.0
NW_024609965.1	1400000	1500000	1.0
NW_024609965.1	1500000	1600000	1.0
NW_024609965.1	1600000	1700000	3.0
NW_024609965.1	1800000	1900000	1.0
NW_024609965.1	1900000	1951560	1.0
NW_024609966.1	400000	500000	2.0
NW_024609966.1	500000	600000	2.0
NW_024609966.1	700000	800000	1.0
NW_024609966.1	900000	1000000	2.0
NW_024609966.1	1100000	1200000	3.0
NW_024609966.1	1200000	1300000	1.0
NW_024609966.1	1300000	1319421	1.0
NW_024609967.1	0	10047	1.0
NW_024609972.1	0	9590	1.0
NW_024609974.1	0	100000	1.0
NW_024609974.1	100000	165294	2.0
NW_024609975.1	100000	200000	1.0
NW_024609975.1	400000	500000	1.0
NW_024609975.1	500000	600000	1.0
NW_024609975.1	600000	693828	1.0
NW_024609976.1	0	100000	1.0
NW_024609976.1	100000	200000	1.0
NW_024609976.1	500000	600000	1.0
NW_024609976.1	600000	700000	1.0
NW_024609976.1	700000	800000	1.0
NW_024609976.1	1100000	1200000	2.0
NW_024609976.1	1600000	1700000	1.0
NW_024609976.1	1700000	1753287	2.0
NW_024609977.1	0	100000	3.0
NW_024609977.1	200000	205306	1.0
NW_024609981.1	400000	500000	1.0
NW_024609981.1	500000	600000	2.0
NW_024609981.1	600000	700000	2.0
NW_024609981.1	700000	800000	1.0
NW_024609981.1	900000	1000000	2.0
NW_024609981.1	1100000	1200000	2.0
NW_024609981.1	1000000	1100000	1.0
NW_024609981.1	1300000	1400000	1.0
NW_024609981.1	1500000	1600000	2.0
NW_024609981.1	1700000	1800000	3.0
NW_024609981.1	1800000	1900000	1.0
NW_024609981.1	1900000	1987881	3.0
NW_024609982.1	0	96903	2.0
NW_024609983.1	0	18521	1.0
NW_024609984.1	0	100000	1.0
NW_024609984.1	100000	200000	2.0
NW_024609984.1	400000	453460	1.0
NW_024609986.1	400000	500000	3.0
NW_024609986.1	500000	600000	1.0
NW_024609986.1	900000	985239	1.0
NW_024609987.1	0	58881	1.0
NW_024609988.1	0	100000	1.0
NW_024609988.1	100000	200000	1.0
NW_024609988.1	200000	300000	1.0
NW_024609988.1	300000	400000	2.0
NW_024609988.1	600000	636181	1.0
NW_024609989.1	0	100000	1.0
NW_024609989.1	100000	200000	3.0
NW_024609989.1	200000	300000	3.0
NW_024609989.1	400000	500000	3.0
NW_024609989.1	500000	600000	3.0
NW_024609989.1	600000	700000	3.0
NW_024609989.1	700000	800000	4.0
NW_024609989.1	800000	900000	2.0
NW_024609989.1	900000	1000000	1.0
NW_024609989.1	1100000	1183565	1.0
NW_024609990.1	0	100000	1.0
NW_024609990.1	100000	176304	2.0
NW_024609991.1	300000	400000	1.0
NW_024609991.1	1200000	1300000	1.0
NW_024609991.1	1300000	1335395	2.0
NW_024609992.1	0	15646	1.0
NW_024609994.1	0	48805	2.0
NW_024609996.1	0	39008	1.0
NW_024609997.1	0	100000	2.0
NW_024609997.1	100000	121306	2.0
NW_024609998.1	100000	200000	1.0
NW_024609998.1	200000	300000	2.0
NW_024609998.1	300000	400000	1.0
NW_024609998.1	500000	600000	3.0
NW_024609998.1	600000	700000	4.0
NW_024609998.1	700000	738957	1.0
NW_024610001.1	0	51327	2.0
NW_024610003.1	0	100000	1.0
NW_024610003.1	200000	300000	3.0
NW_024610003.1	600000	640100	1.0
NW_024610006.1	0	100000	3.0
NW_024610006.1	100000	200000	4.0
NW_024610006.1	200000	300000	2.0
NW_024610006.1	300000	400000	2.0
NW_024610006.1	400000	500000	1.0
NW_024610006.1	500000	600000	1.0
NW_024610006.1	600000	700000	2.0
NW_024610006.1	700000	800000	1.0
NW_024610006.1	900000	1000000	3.0
NW_024610006.1	1100000	1200000	3.0
NW_024610006.1	1200000	1300000	1.0
NW_024610006.1	1400000	1500000	3.0
NW_024610006.1	1500000	1600000	1.0
NW_024610006.1	1700000	1800000	1.0
NW_024610006.1	1800000	1900000	1.0
NW_024610006.1	2000000	2100000	1.0
NW_024610006.1	2100000	2200000	1.0
NW_024610006.1	2300000	2400000	3.0
NW_024610006.1	2400000	2500000	3.0
NW_024610006.1	2700000	2800000	1.0
NW_024610006.1	2500000	2600000	1.0
NW_024610006.1	2900000	3000000	2.0
NW_024610006.1	3200000	3300000	1.0
NW_024610006.1	3300000	3400000	2.0
NW_024610006.1	3400000	3500000	2.0
NW_024610006.1	3600000	3700000	3.0
NW_024610006.1	3800000	3900000	1.0
NW_024610006.1	3900000	4000000	2.0
NW_024610006.1	4000000	4100000	1.0
NW_024610006.1	4100000	4200000	1.0
NW_024610006.1	4400000	4500000	4.0
NW_024610006.1	4600000	4700000	4.0
NW_024610006.1	4700000	4800000	1.0
NW_024610006.1	4800000	4900000	3.0
NW_024610006.1	4900000	5000000	2.0
NW_024610006.1	5000000	5100000	1.0
NW_024610006.1	5100000	5200000	1.0
NW_024610006.1	5200000	5211543	1.0
NW_024610007.1	0	100000	7.0
NW_024610007.1	100000	123606	1.0
NW_024610008.1	0	100000	1.0
NW_024610008.1	300000	400000	1.0
NW_024610008.1	400000	500000	1.0
NW_024610008.1	700000	800000	1.0
NW_024610008.1	900000	1000000	1.0
NW_024610008.1	1100000	1200000	1.0
NW_024610008.1	1200000	1300000	1.0
NW_024610008.1	1300000	1400000	1.0
NW_024610008.1	1500000	1600000	1.0
NW_024610008.1	1700000	1800000	3.0
NW_024610008.1	1900000	1966742	1.0
NW_024610013.1	0	100000	1.0
NW_024610013.1	300000	400000	1.0
NW_024610013.1	600000	700000	1.0
NW_024610013.1	800000	900000	1.0
NW_024610013.1	1200000	1261501	1.0
NW_024610015.1	0	11634	1.0
NW_024610016.1	0	15196	1.0
NW_024610017.1	0	47680	1.0
NW_024610018.1	100000	200000	2.0
NW_024610018.1	200000	300000	1.0
NW_024610018.1	300000	400000	4.0
NW_024610018.1	400000	500000	3.0
NW_024610018.1	800000	900000	1.0
NW_024610018.1	900000	982907	1.0
NW_024610019.1	0	100000	2.0
NW_024610019.1	200000	300000	1.0
NW_024610019.1	500000	600000	1.0
NW_024610019.1	700000	800000	2.0
NW_024610019.1	900000	1000000	1.0
NW_024610019.1	1200000	1300000	1.0
NW_024610019.1	1300000	1400000	1.0
NW_024610019.1	1400000	1500000	1.0
NW_024610019.1	1600000	1700000	1.0
NW_024610019.1	1700000	1800000	2.0
NW_024610019.1	1800000	1900000	3.0
NW_024610019.1	1900000	2000000	2.0
NW_024610019.1	2100000	2200000	1.0
NW_024610019.1	2200000	2282601	1.0
NW_024610020.1	0	100000	4.0
NW_024610020.1	100000	112558	1.0
NW_024610021.1	0	100000	2.0
NW_024610026.1	0	100000	3.0
NW_024610026.1	100000	200000	1.0
NW_024610026.1	300000	400000	1.0
NW_024610026.1	400000	500000	1.0
NW_024610026.1	700000	800000	1.0
NW_024610026.1	800000	900000	2.0
NW_024610026.1	900000	1000000	1.0
NW_024610026.1	1200000	1300000	1.0
NW_024610026.1	1300000	1400000	1.0
NW_024610027.1	0	100000	1.0
NW_024610027.1	100000	123379	1.0
NW_024610028.1	0	100000	2.0
NW_024610028.1	100000	200000	2.0
NW_024610028.1	200000	300000	1.0
NW_024610028.1	300000	400000	2.0
NW_024610028.1	400000	500000	2.0
NW_024610028.1	500000	600000	2.0
NW_024610028.1	600000	700000	1.0
NW_024610028.1	700000	800000	1.0
NW_024610028.1	800000	892200	1.0
NW_024610030.1	0	100000	2.0
NW_024610030.1	100000	200000	3.0
NW_024610030.1	300000	391905	1.0
NW_024610031.1	0	40806	2.0
NW_024610033.1	0	100000	1.0
NW_024610033.1	300000	400000	1.0
NW_024610033.1	600000	630346	2.0
NW_024610034.1	0	37311	2.0
NW_024610035.1	0	86172	3.0
NW_024610036.1	0	73135	1.0
NW_024610037.1	0	100000	1.0
NW_024610037.1	200000	291061	3.0
NW_024610039.1	100000	200000	1.0
NW_024610039.1	300000	400000	1.0
NW_024610039.1	1000000	1100000	1.0
NW_024610039.1	1300000	1400000	1.0
NW_024610039.1	1400000	1500000	1.0
NW_024610039.1	1500000	1600000	1.0
NW_024610039.1	1700000	1800000	1.0
NW_024610039.1	1900000	2000000	1.0
NW_024610039.1	2000000	2065323	1.0
NW_024610040.1	100000	200000	3.0
NW_024610040.1	200000	300000	2.0
NW_024610040.1	300000	365110	1.0
NW_024610041.1	0	100000	1.0
NW_024610041.1	300000	317973	2.0
NW_024610043.1	0	100000	2.0
NW_024610043.1	200000	300000	3.0
NW_024610043.1	400000	500000	3.0
NW_024610043.1	500000	600000	2.0
NW_024610043.1	600000	700000	2.0
NW_024610045.1	300000	400000	1.0
NW_024610045.1	400000	500000	1.0
NW_024610045.1	500000	600000	1.0
NW_024610045.1	700000	729737	1.0
NW_024610047.1	100000	200000	3.0
NW_024610047.1	200000	300000	1.0
NW_024610047.1	400000	500000	2.0
NW_024610047.1	600000	678868	1.0
NW_024610048.1	0	100000	1.0
NW_024610048.1	100000	200000	3.0
NW_024610048.1	200000	300000	2.0
NW_024610048.1	300000	400000	1.0
NW_024610048.1	400000	500000	3.0
NW_024610048.1	500000	600000	2.0
NW_024610048.1	600000	620429	1.0
NW_024610049.1	0	34197	3.0
NW_024610050.1	0	100000	1.0
NW_024610050.1	100000	200000	1.0
NW_024610050.1	400000	500000	1.0
NW_024610050.1	600000	700000	1.0
NW_024610055.1	0	100000	1.0
NW_024610055.1	100000	119079	1.0
NW_024610056.1	0	100000	1.0
NW_024610056.1	100000	200000	5.0
NW_024610056.1	200000	300000	3.0
NW_024610056.1	300000	400000	2.0
NW_024610056.1	400000	500000	1.0
NW_024610056.1	700000	800000	1.0
NW_024610056.1	900000	973665	3.0
NW_024610057.1	0	100000	2.0
NW_024610057.1	100000	185994	2.0
NW_024610061.1	0	100000	1.0
NW_024610061.1	100000	119484	2.0
NW_024610062.1	0	43136	2.0
NW_024610063.1	0	92092	3.0
NW_024610064.1	0	22906	1.0
NW_024610065.1	0	100000	2.0
NW_024610065.1	100000	200000	4.0
NW_024610065.1	200000	300000	2.0
NW_024610065.1	300000	400000	1.0
NW_024610065.1	400000	500000	2.0
NW_024610065.1	600000	700000	2.0
NW_024610065.1	700000	778615	2.0
NW_024610066.1	0	100000	6.0
NW_024610066.1	100000	106453	1.0
NW_024610067.1	0	100000	2.0
NW_024610067.1	100000	200000	1.0
NW_024610067.1	900000	1000000	2.0
NW_024610067.1	1000000	1100000	1.0
NW_024610067.1	1200000	1277992	1.0
NW_024610068.1	0	100000	2.0
NW_024610068.1	100000	131282	1.0
NW_024610069.1	0	100000	1.0
NW_024610070.1	100000	200000	1.0
NW_024610070.1	200000	300000	2.0
NW_024610070.1	300000	400000	1.0
NW_024610070.1	500000	600000	1.0
NW_024610070.1	700000	783247	1.0
NW_024610071.1	0	43333	4.0
NW_024610073.1	0	100000	1.0
NW_024610073.1	100000	200000	1.0
NW_024610073.1	200000	300000	2.0
NW_024610073.1	400000	500000	3.0
NW_024610073.1	500000	574621	1.0
NW_024610074.1	0	12722	1.0
NW_024610076.1	0	100000	3.0
NW_024610076.1	100000	200000	4.0
NW_024610076.1	200000	300000	2.0
NW_024610076.1	300000	400000	3.0
NW_024610076.1	400000	500000	1.0
NW_024610076.1	500000	600000	1.0
NW_024610076.1	900000	1000000	2.0
NW_024610076.1	1000000	1093055	2.0
NW_024610077.1	0	100000	1.0
NW_024610077.1	100000	101828	1.0
NW_024610079.1	0	100000	2.0
NW_024610079.1	100000	200000	1.0
NW_024610079.1	300000	343369	1.0
NW_024610080.1	0	50184	1.0
NW_024610083.1	0	100000	1.0
NW_024610083.1	100000	121909	1.0
NW_024610084.1	0	94623	3.0
NW_024610085.1	100000	200000	3.0
NW_024610085.1	200000	236560	1.0
NW_024610086.1	0	100000	2.0
NW_024610086.1	100000	200000	1.0
NW_024610086.1	200000	230081	1.0
NW_024610088.1	0	99498	2.0
NW_024610089.1	100000	200000	1.0
NW_024610089.1	200000	300000	10.0
NW_024610089.1	300000	400000	3.0
NW_024610089.1	400000	415399	1.0
NW_024610090.1	0	48335	1.0
NW_024610091.1	0	100000	4.0
NW_024610091.1	100000	121414	1.0
NW_024610092.1	0	84846	1.0
NW_024610093.1	0	53820	1.0
NW_024610095.1	200000	238646	1.0
NW_024610096.1	0	100000	5.0
NW_024610096.1	100000	200000	5.0
NW_024610096.1	200000	300000	4.0
NW_024610096.1	300000	400000	6.0
NW_024610096.1	400000	500000	2.0
NW_024610096.1	500000	600000	4.0
NW_024610096.1	600000	700000	2.0
NW_024610096.1	700000	800000	1.0
NW_024610097.1	0	43254	1.0
NW_024610098.1	0	100000	2.0
NW_024610098.1	100000	106089	1.0
NW_024610100.1	100000	142252	2.0
NW_024610102.1	0	100000	1.0
NW_024610102.1	100000	135636	1.0
NW_024610103.1	0	86512	2.0
NW_024610104.1	200000	300000	1.0
NW_024610104.1	300000	400000	1.0
NW_024610104.1	600000	700000	2.0
NW_024610104.1	700000	727642	1.0
NW_024610105.1	0	100000	1.0
NW_024610105.1	100000	200000	1.0
NW_024610105.1	400000	500000	1.0
NW_024610105.1	600000	700000	1.0
NW_024610105.1	800000	900000	1.0
NW_024610105.1	1100000	1200000	1.0
NW_024610105.1	1200000	1300000	1.0
NW_024610105.1	1300000	1335211	1.0
NW_024610106.1	100000	200000	2.0
NW_024610106.1	600000	700000	1.0
NW_024610106.1	700000	800000	1.0
NW_024610106.1	800000	900000	1.0
NW_024610106.1	900000	1000000	1.0
NW_024610106.1	1000000	1100000	1.0
NW_024610106.1	1400000	1500000	2.0
NW_024610106.1	1700000	1700600	1.0
NW_024610108.1	100000	200000	1.0
NW_024610108.1	200000	300000	2.0
NW_024610108.1	300000	400000	2.0
NW_024610108.1	400000	500000	1.0
NW_024610108.1	600000	700000	1.0
NW_024610108.1	700000	800000	3.0
NW_024610108.1	800000	900000	2.0
NW_024610108.1	1000000	1100000	1.0
NW_024610108.1	1100000	1200000	2.0
NW_024610108.1	1200000	1300000	1.0
NW_024610108.1	1400000	1500000	1.0
NW_024610108.1	1500000	1600000	2.0
NW_024610108.1	1600000	1700000	1.0
NW_024610108.1	1700000	1800000	2.0
NW_024610108.1	1900000	2000000	1.0
NW_024610108.1	2000000	2100000	1.0
NW_024610108.1	2100000	2200000	3.0
NW_024610108.1	2300000	2400000	1.0
NW_024610108.1	2700000	2800000	2.0
NW_024610108.1	3000000	3100000	1.0
NW_024610108.1	3300000	3400000	1.0
NW_024610108.1	3500000	3600000	1.0
NW_024610108.1	3600000	3700000	2.0
NW_024610108.1	3900000	4000000	1.0
NW_024610108.1	4000000	4100000	5.0
NW_024610108.1	4200000	4300000	1.0
NW_024610108.1	4300000	4324250	1.0
NW_024610109.1	0	100000	2.0
NW_024610110.1	0	100000	2.0
NW_024610110.1	100000	200000	4.0
NW_024610110.1	200000	300000	1.0
NW_024610110.1	300000	400000	2.0
NW_024610110.1	400000	500000	1.0
NW_024610110.1	500000	600000	1.0
NW_024610110.1	600000	700000	2.0
NW_024610110.1	700000	800000	3.0
NW_024610110.1	800000	900000	1.0
NW_024610110.1	900000	1000000	1.0
NW_024610110.1	1000000	1100000	2.0
NW_024610110.1	1100000	1190589	3.0
NW_024610111.1	100000	200000	1.0
NW_024610111.1	200000	300000	1.0
NW_024610111.1	300000	400000	1.0
NW_024610111.1	1200000	1222472	1.0
NW_024610114.1	0	100000	3.0
NW_024610114.1	100000	200000	2.0
NW_024610114.1	200000	300000	2.0
NW_024610114.1	300000	332301	1.0
NW_024610115.1	0	100000	1.0
NW_024610115.1	100000	200000	2.0
NW_024610115.1	200000	300000	1.0
NW_024610115.1	300000	400000	1.0
NW_024610115.1	600000	700000	1.0
NW_024610115.1	900000	1000000	1.0
NW_024610115.1	1000000	1100000	2.0
NW_024610115.1	1100000	1200000	1.0
NW_024610115.1	1200000	1243747	4.0
NW_024610116.1	0	100000	2.0
NW_024610116.1	100000	200000	2.0
NW_024610116.1	300000	400000	1.0
NW_024610116.1	1100000	1200000	1.0
NW_024610116.1	1300000	1400000	1.0
NW_024610116.1	1500000	1600000	1.0
NW_024610116.1	2500000	2600000	2.0
NW_024610116.1	2700000	2800000	1.0
NW_024610116.1	2900000	3000000	1.0
NW_024610116.1	3100000	3200000	1.0
NW_024610116.1	3200000	3284988	2.0
NW_024610117.1	100000	200000	1.0
NW_024610117.1	400000	500000	1.0
NW_024610117.1	500000	600000	1.0
NW_024610117.1	700000	800000	1.0
NW_024610117.1	800000	900000	3.0
NW_024610117.1	1000000	1100000	1.0
NW_024610117.1	1200000	1300000	2.0
NW_024610117.1	1400000	1500000	3.0
NW_024610117.1	1500000	1600000	3.0
NW_024610117.1	1600000	1700000	2.0
NW_024610117.1	1700000	1800000	1.0
NW_024610117.1	1800000	1900000	1.0
NW_024610117.1	1900000	2000000	2.0
NW_024610117.1	2100000	2200000	1.0
NW_024610117.1	2200000	2300000	1.0
NW_024610117.1	2300000	2400000	1.0
NW_024610117.1	2500000	2600000	2.0
NW_024610117.1	2600000	2700000	1.0
NW_024610117.1	2700000	2800000	1.0
NW_024610117.1	3000000	3100000	1.0
NW_024610117.1	3100000	3194843	1.0
NW_024610119.1	0	100000	3.0
NW_024610119.1	100000	200000	1.0
NW_024610120.1	0	100000	2.0
NW_024610120.1	100000	116336	1.0
NW_024610121.1	0	100000	1.0
NW_024610121.1	100000	200000	2.0
NW_024610121.1	200000	210601	1.0
NW_024610122.1	0	11307	1.0
NW_024610123.1	0	100000	1.0
NW_024610123.1	100000	121752	1.0
NW_024610124.1	0	30406	1.0
NW_024610125.1	100000	117244	1.0
NW_024610127.1	100000	112715	1.0
NW_024610128.1	0	100000	3.0
NW_024610128.1	100000	200000	1.0
NW_024610128.1	200000	300000	1.0
NW_024610128.1	300000	400000	2.0
NW_024610129.1	0	100000	1.0
NW_024610129.1	200000	300000	1.0
NW_024610129.1	300000	400000	1.0
NW_024610129.1	400000	500000	3.0
NW_024610129.1	700000	800000	3.0
NW_024610129.1	900000	1000000	1.0
NW_024610129.1	1000000	1100000	3.0
NW_024610129.1	1200000	1300000	1.0
NW_024610129.1	1300000	1400000	2.0
NW_024610129.1	1600000	1700000	3.0
NW_024610129.1	1800000	1900000	1.0
NW_024610129.1	1900000	2000000	3.0
NW_024610129.1	2000000	2068936	1.0
NW_024610130.1	0	61776	2.0
NW_024610131.1	0	100000	2.0
NW_024610131.1	200000	300000	1.0
NW_024610131.1	300000	385270	2.0
NW_024610132.1	100000	176666	1.0
NW_024610133.1	0	83446	2.0
NW_024610134.1	0	100000	1.0
NW_024610134.1	100000	200000	1.0
NW_024610134.1	200000	300000	1.0
NW_024610135.1	0	6838	2.0
NW_024610136.1	100000	200000	3.0
NW_024610136.1	300000	400000	1.0
NW_024610136.1	400000	464787	1.0
NW_024610137.1	100000	161134	2.0
NW_024610138.1	0	100000	2.0
NW_024610138.1	100000	107276	1.0
NW_024610139.1	0	17976	2.0
NW_024610140.1	0	100000	4.0
NW_024610140.1	100000	119949	1.0
NW_024610141.1	0	100000	3.0
NW_024610141.1	100000	200000	3.0
NW_024610141.1	200000	300000	1.0
NW_024610141.1	300000	400000	1.0
NW_024610141.1	400000	500000	1.0
NW_024610141.1	500000	514093	1.0
NW_024610142.1	0	11944	1.0
NW_024610144.1	0	100000	1.0
NW_024610144.1	100000	108506	1.0
NW_024610146.1	0	100000	1.0
NW_024610146.1	100000	200000	1.0
NW_024610146.1	400000	451531	2.0
NW_024610147.1	0	20960	1.0
NW_024610148.1	0	100000	3.0
NW_024610148.1	100000	200000	2.0
NW_024610148.1	200000	300000	4.0
NW_024610148.1	400000	500000	1.0
NW_024610148.1	500000	600000	2.0
NW_024610148.1	600000	700000	1.0
NW_024610148.1	800000	824973	2.0
NW_024610152.1	0	100000	1.0
NW_024610152.1	100000	200000	3.0
NW_024610152.1	200000	300000	3.0
NW_024610152.1	300000	400000	3.0
NW_024610152.1	400000	500000	1.0
NW_024610152.1	600000	700000	3.0
NW_024610152.1	700000	792689	6.0
NW_024610153.1	0	100000	2.0
NW_024610154.1	0	100000	1.0
NW_024610154.1	100000	200000	3.0
NW_024610154.1	200000	300000	1.0
NW_024610154.1	400000	500000	1.0
NW_024610154.1	500000	529406	1.0
NW_024610156.1	0	100000	2.0
NW_024610157.1	0	48868	3.0
NW_024610158.1	0	100000	1.0
NW_024610158.1	200000	300000	2.0
NW_024610158.1	300000	316564	1.0
NW_024610159.1	100000	200000	1.0
NW_024610159.1	200000	300000	1.0
NW_024610159.1	400000	471504	1.0
NW_024610161.1	0	47875	1.0
NW_024610162.1	100000	135181	1.0
NW_024610163.1	0	100000	1.0
NW_024610163.1	400000	500000	1.0
NW_024610163.1	500000	600000	1.0
NW_024610163.1	600000	700000	1.0
NW_024610163.1	700000	800000	1.0
NW_024610163.1	900000	1000000	1.0
NW_024610163.1	1300000	1400000	1.0
NW_024610163.1	2000000	2100000	1.0
NW_024610163.1	2100000	2177014	5.0
NW_024610164.1	0	93518	1.0
NW_024610166.1	100000	114917	1.0
NW_024610167.1	0	100000	1.0
NW_024610167.1	400000	500000	1.0
NW_024610167.1	1200000	1300000	1.0
NW_024610167.1	1500000	1600000	2.0
NW_024610167.1	1900000	2000000	1.0
NW_024610167.1	2000000	2100000	3.0
NW_024610167.1	2100000	2200000	1.0
NW_024610167.1	2500000	2600000	5.0
NW_024610167.1	2900000	3000000	3.0
NW_024610167.1	3000000	3100000	1.0
NW_024610167.1	3100000	3200000	2.0
NW_024610167.1	3200000	3300000	1.0
NW_024610167.1	3300000	3400000	1.0
NW_024610167.1	3600000	3633922	1.0
NW_024610168.1	100000	122554	1.0
NW_024610169.1	100000	200000	1.0
NW_024610169.1	200000	300000	1.0
NW_024610169.1	400000	500000	2.0
NW_024610169.1	600000	700000	2.0
NW_024610169.1	700000	800000	1.0
NW_024610169.1	800000	900000	3.0
NW_024610169.1	900000	979680	2.0
NW_024610170.1	100000	153148	1.0
NW_024610173.1	100000	200000	1.0
NW_024610173.1	200000	300000	2.0
NW_024610173.1	700000	800000	1.0
NW_024610173.1	800000	900000	1.0
NW_024610173.1	900000	909201	1.0
NW_024610176.1	100000	200000	1.0
NW_024610176.1	300000	400000	2.0
NW_024610176.1	400000	500000	1.0
NW_024610176.1	700000	800000	1.0
NW_024610176.1	800000	900000	1.0
NW_024610176.1	1000000	1054325	1.0
NW_024610177.1	0	85834	3.0
NW_024610178.1	0	100000	2.0
NW_024610179.1	0	45604	2.0
NW_024610180.1	0	100000	1.0
NW_024610180.1	100000	120062	1.0
NW_024610181.1	100000	200000	3.0
NW_024610181.1	400000	500000	1.0
NW_024610181.1	500000	600000	2.0
NW_024610181.1	600000	700000	1.0
NW_024610181.1	700000	756628	3.0
NW_024610183.1	100000	115787	1.0
NW_024610187.1	0	100000	1.0
NW_024610187.1	100000	124678	1.0
NW_024610188.1	0	100000	2.0
NW_024610188.1	100000	200000	4.0
NW_024610188.1	200000	300000	3.0
NW_024610188.1	300000	389154	1.0
NW_024610189.1	0	100000	3.0
NW_024610189.1	100000	121383	1.0
NW_024610190.1	100000	200000	2.0
NW_024610190.1	400000	500000	1.0
NW_024610190.1	600000	700000	1.0
NW_024610190.1	700000	800000	1.0
NW_024610191.1	0	99839	5.0
NW_024610193.1	0	19171	2.0
NW_024610194.1	0	100000	1.0
NW_024610194.1	100000	113349	1.0
NW_024610195.1	100000	124750	2.0
NW_024610196.1	0	41658	2.0
NW_024610197.1	0	94602	2.0
NW_024610198.1	0	100000	1.0
NW_024610201.1	200000	300000	1.0
NW_024610201.1	300000	400000	2.0
NW_024610201.1	1400000	1482896	1.0
NW_024610203.1	200000	300000	1.0
NW_024610203.1	400000	500000	1.0
NW_024610203.1	500000	600000	4.0
NW_024610203.1	600000	700000	1.0
NW_024610203.1	700000	800000	2.0
NW_024610205.1	0	23333	1.0
NW_024610206.1	0	100000	2.0
NW_024610206.1	100000	123259	1.0
NW_024610207.1	0	100000	1.0
NW_024610207.1	100000	171631	1.0
NW_024610210.1	0	80448	2.0
NW_024610211.1	100000	200000	4.0
NW_024610211.1	200000	206645	1.0
NW_024610212.1	0	61134	1.0
NW_024610214.1	0	100000	1.0
NW_024610214.1	400000	500000	2.0
NW_024610214.1	800000	900000	2.0
NW_024610214.1	1700000	1800000	1.0
NW_024610216.1	0	100000	1.0
NW_024610218.1	100000	200000	2.0
NW_024610218.1	300000	400000	1.0
NW_024610218.1	500000	600000	1.0
NW_024610218.1	1000000	1010470	1.0
NW_024610219.1	0	36137	1.0
NW_024610220.1	0	62232	2.0
NW_024610224.1	0	62006	3.0
NW_024610225.1	0	100000	3.0
NW_024610225.1	300000	400000	1.0
NW_024610225.1	400000	500000	3.0
NW_024610226.1	0	100000	2.0
NW_024610226.1	100000	123983	1.0
NW_024610227.1	0	100000	3.0
NW_024610227.1	200000	210940	1.0
NW_024610229.1	100000	200000	2.0
NW_024610229.1	200000	300000	2.0
NW_024610229.1	300000	400000	1.0
NW_024610229.1	400000	405820	1.0
NW_024610230.1	0	48169	1.0
NW_024610231.1	0	100000	3.0
NW_024610231.1	100000	200000	2.0
NW_024610231.1	200000	239158	2.0
NW_024610233.1	100000	200000	3.0
NW_024610233.1	200000	273903	1.0
NW_024610236.1	0	100000	3.0
NW_024610236.1	200000	288501	1.0
NW_024610238.1	0	43260	1.0
NW_024610239.1	0	100000	1.0
NW_024610239.1	100000	171426	1.0
NW_024610240.1	0	100000	1.0
NW_024610240.1	100000	200000	2.0
NW_024610240.1	200000	251176	1.0
NW_024610243.1	0	100000	3.0
NW_024610243.1	100000	200000	3.0
NW_024610243.1	200000	300000	2.0
NW_024610243.1	300000	383725	2.0
NW_024610245.1	0	9112	1.0
NW_024610246.1	0	100000	1.0
NW_024610246.1	100000	154749	3.0
NW_024610248.1	0	100000	1.0
NW_024610248.1	100000	135474	2.0
NW_024610250.1	0	38425	1.0
NW_024610252.1	0	100000	2.0
NW_024610252.1	100000	179711	1.0
NW_024610254.1	0	100000	2.0
NW_024610254.1	200000	283791	2.0
NW_024610255.1	0	49245	1.0
NW_024610256.1	0	100000	3.0
NW_024610256.1	100000	159004	2.0
NW_024610257.1	100000	200000	2.0
NW_024610257.1	300000	372576	2.0
NW_024610259.1	100000	155426	1.0
NW_024610262.1	0	12777	1.0
NW_024610265.1	0	100000	1.0
NW_024610265.1	100000	200000	1.0
NW_024610265.1	200000	300000	1.0
NW_024610265.1	400000	500000	1.0
NW_024610265.1	500000	573879	1.0
NW_024610267.1	0	45351	1.0
NW_024610268.1	0	100000	2.0
NW_024610268.1	100000	200000	1.0
NW_024610268.1	200000	300000	1.0
NW_024610268.1	300000	400000	4.0
NW_024610268.1	400000	500000	1.0
NW_024610268.1	500000	597312	2.0
NW_024610270.1	0	51042	1.0
NW_024610271.1	0	71270	4.0
NW_024610273.1	0	100000	1.0
NW_024610273.1	100000	200000	1.0
NW_024610273.1	200000	220628	1.0
NW_024610276.1	0	100000	1.0
NW_024610276.1	100000	200000	2.0
NW_024610276.1	300000	400000	2.0
NW_024610276.1	400000	500000	1.0
NW_024610276.1	700000	800000	1.0
NW_024610276.1	800000	897197	2.0
NW_024610277.1	0	100000	1.0
NW_024610277.1	100000	200000	1.0
NW_024610277.1	200000	300000	2.0
NW_024610277.1	300000	400000	4.0
NW_024610277.1	400000	500000	2.0
NW_024610277.1	500000	600000	2.0
NW_024610277.1	600000	620675	1.0
NW_024610280.1	100000	189202	1.0
NW_024610281.1	0	32726	2.0
NW_024610283.1	0	40089	1.0
NW_024610287.1	0	62574	1.0
NW_024610290.1	0	100000	2.0
NW_024610290.1	100000	200000	1.0
NW_024610290.1	200000	220828	2.0
NW_024610291.1	200000	300000	1.0
NW_024610291.1	300000	353900	4.0
NW_024610294.1	0	9960	1.0
NW_024610297.1	0	100000	1.0
NW_024610297.1	100000	122362	1.0
NW_024610299.1	0	52798	3.0
NW_024610301.1	0	49748	1.0
NW_024610306.1	0	48556	2.0
NW_024610310.1	100000	200000	2.0
NW_024610310.1	200000	258662	4.0
NW_024610311.1	100000	134087	1.0
NW_024610312.1	0	48681	2.0
NW_024610318.1	0	59920	2.0
NW_024610320.1	0	35460	1.0
NW_024610323.1	0	100000	1.0
NW_024610323.1	100000	112531	1.0
NW_024610328.1	0	23211	1.0
NW_024610329.1	100000	150993	4.0
NW_024610332.1	100000	194355	5.0
NW_024610334.1	0	47032	1.0
NW_024610340.1	0	44796	2.0
NW_024610341.1	0	18908	2.0
NW_024610342.1	0	13749	1.0
NW_024610343.1	0	53874	1.0
NW_024610348.1	200000	300000	1.0
NW_024610348.1	300000	394596	1.0
NW_024610351.1	0	100000	3.0
NW_024610351.1	100000	157941	1.0
NW_024610352.1	0	100000	1.0
NW_024610358.1	0	33837	2.0
NW_024610359.1	0	31080	1.0
NW_024610360.1	0	1268	1.0
NW_024610365.1	0	100000	1.0
NW_024610365.1	100000	120160	2.0
NW_024610368.1	0	47882	2.0
NW_024610370.1	0	17706	1.0
NW_024610372.1	0	48701	2.0
NW_024610374.1	100000	133303	1.0
NW_024610378.1	0	100000	2.0
NW_024610378.1	100000	113648	1.0
NW_024610380.1	0	79370	1.0
NW_024610386.1	0	49789	1.0
NW_024610387.1	0	65541	2.0
NW_024610388.1	0	46547	3.0
NW_024610395.1	0	53239	1.0
NW_024610407.1	0	37967	2.0
NW_024610409.1	0	60203	4.0
NW_024610413.1	0	48293	1.0
NW_024610419.1	0	56168	1.0
NW_024610425.1	0	83625	2.0
NW_024610433.1	0	11001	1.0
NW_024610434.1	0	49785	2.0
NW_024610437.1	0	59274	2.0
NW_024610441.1	0	49896	1.0
NW_024610443.1	0	21980	1.0
NW_024610446.1	0	41830	1.0
NW_024610449.1	0	44187	2.0
NW_024610454.1	0	48293	1.0
NW_024610461.1	0	52421	1.0
NW_024610463.1	0	41816	2.0
NW_024610467.1	0	6179	1.0
NW_024610470.1	0	13388	2.0
NW_024610473.1	0	46493	2.0
NW_024610481.1	0	32028	1.0
