contig_1	0	100000	1.0
contig_1	100000	200000	2.0
contig_1	200000	300000	4.0
contig_1	400000	500000	1.0
contig_1	600000	700000	2.0
contig_1	700000	800000	1.0
contig_1	800000	900000	2.0
contig_1	1000000	1100000	3.0
contig_1	1100000	1200000	1.0
contig_1	1200000	1300000	3.0
contig_1	1400000	1500000	1.0
contig_1	1500000	1600000	6.0
contig_1	1600000	1700000	3.0
contig_1	1900000	2000000	3.0
contig_1	2000000	2100000	6.0
contig_1	2200000	2300000	2.0
contig_1	2300000	2400000	4.0
contig_1	2400000	2500000	2.0
contig_1	2500000	2600000	1.0
contig_1	2600000	2700000	1.0
contig_1	2700000	2800000	4.0
contig_1	2800000	2900000	4.0
contig_1	2900000	3000000	2.0
contig_1	3100000	3200000	1.0
contig_1	3200000	3300000	1.0
contig_1	3300000	3400000	1.0
contig_1	3400000	3500000	3.0
contig_1	3500000	3514301	1.0
contig_2	0	100000	3.0
contig_2	100000	200000	3.0
contig_2	200000	300000	2.0
contig_2	300000	400000	4.0
contig_2	400000	500000	1.0
contig_2	500000	600000	2.0
contig_2	600000	700000	6.0
contig_2	700000	800000	1.0
contig_2	800000	900000	2.0
contig_2	1200000	1300000	1.0
contig_2	1300000	1400000	1.0
contig_2	1400000	1500000	3.0
contig_2	1500000	1600000	3.0
contig_2	1600000	1700000	3.0
contig_2	1700000	1800000	2.0
contig_2	1800000	1900000	2.0
contig_2	1900000	2000000	2.0
contig_2	2000000	2100000	1.0
contig_2	2100000	2200000	2.0
contig_2	2200000	2300000	2.0
contig_2	2300000	2400000	2.0
contig_2	2500000	2600000	3.0
contig_2	2600000	2700000	3.0
contig_2	2800000	2900000	1.0
contig_2	3000000	3100000	3.0
contig_2	3100000	3200000	2.0
contig_2	3200000	3300000	6.0
contig_2	3300000	3358988	5.0
contig_3	200000	300000	1.0
contig_3	300000	400000	1.0
contig_3	400000	500000	2.0
contig_3	500000	600000	1.0
contig_3	600000	700000	1.0
contig_3	700000	800000	3.0
contig_3	800000	863910	3.0
contig_4	0	100000	4.0
contig_4	100000	200000	6.0
contig_4	200000	300000	3.0
contig_4	300000	400000	5.0
contig_4	400000	500000	2.0
contig_4	500000	600000	5.0
contig_4	600000	700000	3.0
contig_4	800000	900000	2.0
contig_4	900000	1000000	1.0
contig_4	1000000	1100000	3.0
contig_4	1200000	1300000	3.0
contig_4	1300000	1400000	1.0
contig_4	1400000	1500000	2.0
contig_4	1500000	1600000	2.0
contig_4	1600000	1700000	3.0
contig_4	1800000	1900000	5.0
contig_4	1900000	2000000	4.0
contig_4	2100000	2200000	1.0
contig_4	2300000	2400000	1.0
contig_4	2400000	2500000	1.0
contig_4	2500000	2600000	2.0
contig_4	2600000	2700000	1.0
contig_4	2900000	3000000	1.0
contig_4	3000000	3100000	6.0
contig_4	3100000	3200000	3.0
contig_4	3200000	3300000	1.0
contig_4	3300000	3400000	2.0
contig_4	3400000	3500000	3.0
contig_4	3500000	3600000	3.0
contig_4	3600000	3700000	3.0
contig_4	3700000	3800000	2.0
contig_4	3800000	3900000	2.0
contig_4	3900000	4000000	2.0
contig_4	4000000	4100000	2.0
contig_4	4100000	4200000	1.0
contig_4	4300000	4400000	1.0
contig_4	4400000	4500000	2.0
contig_4	4500000	4600000	1.0
contig_4	5200000	5300000	1.0
contig_4	5300000	5400000	1.0
contig_4	5500000	5600000	1.0
contig_4	5800000	5900000	1.0
contig_4	5900000	6000000	1.0
contig_4	6200000	6300000	3.0
contig_4	6500000	6600000	1.0
contig_4	6700000	6800000	1.0
contig_4	6800000	6900000	3.0
contig_4	7300000	7400000	2.0
contig_4	7700000	7800000	2.0
contig_4	8000000	8100000	1.0
contig_4	8200000	8300000	2.0
contig_4	8300000	8400000	1.0
contig_4	8400000	8500000	1.0
contig_4	8600000	8700000	1.0
contig_4	8700000	8800000	2.0
contig_4	8900000	8942742	5.0
contig_5	0	100000	4.0
contig_5	100000	200000	4.0
contig_5	200000	300000	1.0
contig_5	500000	600000	3.0
contig_5	600000	700000	4.0
contig_5	700000	800000	2.0
contig_5	800000	900000	3.0
contig_5	900000	1000000	1.0
contig_5	1100000	1200000	2.0
contig_5	1200000	1300000	1.0
contig_5	1300000	1400000	5.0
contig_5	1400000	1500000	1.0
contig_5	1500000	1600000	3.0
contig_5	1600000	1700000	2.0
contig_5	1700000	1800000	1.0
contig_5	1800000	1900000	1.0
contig_5	1900000	2000000	2.0
contig_5	2000000	2028580	1.0
contig_6	100000	200000	1.0
contig_6	200000	300000	3.0
contig_6	300000	400000	1.0
contig_6	400000	500000	3.0
contig_6	500000	600000	2.0
contig_6	600000	700000	2.0
contig_6	700000	800000	4.0
contig_6	800000	900000	4.0
contig_6	900000	1000000	3.0
contig_6	1000000	1100000	1.0
contig_6	1100000	1200000	1.0
contig_6	1400000	1500000	3.0
contig_6	1500000	1600000	2.0
contig_6	1600000	1700000	2.0
contig_6	1800000	1900000	1.0
contig_6	1900000	2000000	3.0
contig_6	2000000	2100000	1.0
contig_6	2100000	2200000	2.0
contig_6	2200000	2300000	1.0
contig_6	2400000	2500000	2.0
contig_6	2600000	2700000	1.0
contig_6	2700000	2800000	1.0
contig_6	2800000	2900000	1.0
contig_6	3000000	3100000	1.0
contig_6	3400000	3500000	1.0
contig_6	3800000	3900000	3.0
contig_6	3900000	4000000	4.0
contig_6	4100000	4200000	1.0
contig_6	4400000	4500000	1.0
contig_6	4500000	4600000	1.0
contig_6	4600000	4700000	1.0
contig_6	4900000	5000000	2.0
contig_6	5000000	5100000	2.0
contig_6	5200000	5300000	1.0
contig_6	5400000	5500000	4.0
contig_6	5600000	5700000	1.0
contig_6	5700000	5800000	1.0
contig_6	6000000	6100000	1.0
contig_6	6200000	6300000	1.0
contig_6	6300000	6400000	1.0
contig_6	6500000	6600000	7.0
contig_6	6700000	6800000	1.0
contig_6	6800000	6900000	1.0
contig_6	6900000	7000000	1.0
contig_6	7000000	7100000	2.0
contig_6	7300000	7400000	1.0
contig_6	7500000	7600000	1.0
contig_6	7600000	7700000	4.0
contig_6	7700000	7800000	5.0
contig_6	7800000	7900000	1.0
contig_6	7900000	8000000	1.0
contig_6	8000000	8100000	1.0
contig_6	8100000	8200000	1.0
contig_6	8200000	8300000	1.0
contig_6	8300000	8400000	2.0
contig_6	8400000	8500000	2.0
contig_6	8500000	8600000	3.0
contig_6	8600000	8700000	1.0
contig_6	9100000	9200000	1.0
contig_6	9300000	9400000	1.0
contig_6	9400000	9500000	1.0
contig_6	9600000	9700000	1.0
contig_6	10000000	10100000	4.0
contig_6	10100000	10200000	6.0
contig_6	10200000	10300000	1.0
contig_6	10300000	10400000	1.0
contig_6	10500000	10600000	2.0
contig_6	10600000	10700000	3.0
contig_6	10700000	10800000	4.0
contig_6	10800000	10900000	8.0
contig_6	10900000	11000000	2.0
contig_6	11000000	11100000	4.0
contig_6	11100000	11200000	2.0
contig_6	11200000	11300000	7.0
contig_6	11300000	11400000	1.0
contig_6	11400000	11497185	6.0
contig_7	0	100000	1.0
contig_7	100000	200000	2.0
contig_7	300000	400000	1.0
contig_7	400000	500000	3.0
contig_7	500000	600000	1.0
contig_7	800000	900000	2.0
contig_7	900000	1000000	2.0
contig_7	1000000	1100000	2.0
contig_7	1100000	1200000	1.0
contig_7	1200000	1300000	2.0
contig_7	1300000	1400000	1.0
contig_7	1400000	1437622	1.0
contig_8	0	100000	2.0
contig_8	200000	300000	1.0
contig_8	700000	800000	1.0
contig_8	800000	900000	2.0
contig_8	900000	1000000	1.0
contig_8	1000000	1012219	1.0
contig_9	0	100000	1.0
contig_9	200000	300000	3.0
contig_9	500000	600000	2.0
contig_9	700000	800000	2.0
contig_9	800000	900000	1.0
contig_9	1100000	1200000	1.0
contig_9	1200000	1300000	3.0
contig_9	1300000	1400000	2.0
contig_9	1400000	1500000	2.0
contig_9	1600000	1700000	4.0
contig_9	1700000	1800000	2.0
contig_9	1900000	2000000	1.0
contig_9	2200000	2300000	1.0
contig_9	2300000	2400000	3.0
contig_9	2400000	2500000	3.0
contig_9	2900000	2903463	1.0
contig_10	0	100000	1.0
contig_10	100000	200000	1.0
contig_10	200000	300000	1.0
contig_10	300000	400000	3.0
contig_10	400000	500000	1.0
contig_10	500000	600000	2.0
contig_10	600000	700000	4.0
contig_10	700000	800000	1.0
contig_10	800000	900000	4.0
contig_10	900000	1000000	2.0
contig_10	1000000	1100000	1.0
contig_10	1100000	1200000	1.0
contig_10	1200000	1300000	1.0
contig_10	1300000	1400000	5.0
contig_10	1400000	1500000	3.0
contig_10	1700000	1800000	2.0
contig_10	1800000	1900000	8.0
contig_10	1900000	2000000	1.0
contig_10	2000000	2100000	6.0
contig_10	2100000	2200000	2.0
contig_10	2200000	2300000	6.0
contig_10	2300000	2400000	2.0
contig_10	2400000	2500000	1.0
contig_10	2700000	2800000	2.0
contig_10	2800000	2900000	7.0
contig_10	2900000	3000000	4.0
contig_10	3000000	3100000	7.0
contig_10	3100000	3200000	6.0
contig_10	3200000	3300000	2.0
contig_10	3300000	3400000	4.0
contig_10	3400000	3500000	6.0
contig_10	3600000	3700000	2.0
contig_10	3700000	3800000	3.0
contig_10	3800000	3816597	1.0
contig_11	0	100000	7.0
contig_11	100000	200000	3.0
contig_11	200000	300000	6.0
contig_11	300000	400000	1.0
contig_11	400000	500000	3.0
contig_11	700000	800000	1.0
contig_11	900000	1000000	3.0
contig_11	1000000	1100000	1.0
contig_11	1100000	1200000	2.0
contig_11	1200000	1300000	1.0
contig_11	1300000	1400000	2.0
contig_11	1400000	1432662	3.0
contig_12	0	100000	3.0
contig_12	100000	200000	1.0
contig_12	300000	400000	2.0
contig_12	400000	500000	1.0
contig_12	500000	600000	1.0
contig_12	700000	800000	1.0
contig_12	800000	900000	1.0
contig_12	900000	1000000	2.0
contig_12	1000000	1100000	2.0
contig_12	1100000	1200000	6.0
contig_12	1200000	1273166	7.0
contig_13	0	100000	1.0
contig_13	100000	200000	1.0
contig_13	200000	300000	3.0
contig_13	300000	400000	2.0
contig_13	400000	500000	1.0
contig_13	500000	600000	2.0
contig_13	600000	700000	2.0
contig_13	800000	900000	2.0
contig_13	1000000	1100000	6.0
contig_13	1100000	1200000	5.0
contig_13	1200000	1300000	5.0
contig_13	1300000	1400000	2.0
contig_13	1400000	1500000	5.0
contig_13	1500000	1600000	4.0
contig_13	1600000	1700000	2.0
contig_13	1800000	1900000	3.0
contig_13	1900000	2000000	2.0
contig_13	2000000	2100000	1.0
contig_13	2100000	2200000	1.0
contig_13	2200000	2300000	1.0
contig_13	2300000	2400000	4.0
contig_13	2400000	2500000	1.0
contig_13	2500000	2600000	3.0
contig_13	2600000	2700000	2.0
contig_13	2700000	2800000	1.0
contig_13	2800000	2830559	1.0
contig_14	300000	400000	1.0
contig_14	500000	600000	4.0
contig_14	600000	700000	7.0
contig_14	700000	800000	9.0
contig_14	800000	900000	5.0
contig_14	900000	1000000	3.0
contig_14	1000000	1100000	1.0
contig_14	1100000	1200000	4.0
contig_14	1200000	1300000	3.0
contig_14	1300000	1400000	1.0
contig_14	1600000	1700000	3.0
contig_14	1700000	1800000	3.0
contig_14	1900000	2000000	5.0
contig_14	2100000	2200000	1.0
contig_14	2200000	2300000	5.0
contig_14	2300000	2400000	2.0
contig_14	2400000	2500000	1.0
contig_14	2500000	2600000	1.0
contig_14	2600000	2700000	2.0
contig_14	2700000	2800000	1.0
contig_14	2900000	3000000	2.0
contig_14	3000000	3100000	2.0
contig_14	3100000	3200000	2.0
contig_14	3200000	3300000	2.0
contig_14	3300000	3400000	5.0
contig_14	3400000	3500000	2.0
contig_14	3500000	3600000	1.0
contig_14	3600000	3700000	2.0
contig_14	3700000	3800000	1.0
contig_14	3900000	4000000	2.0
contig_14	4000000	4100000	2.0
contig_14	4100000	4200000	3.0
contig_14	4200000	4260047	3.0
contig_15	100000	200000	9.0
contig_15	200000	215404	1.0
contig_16	0	100000	2.0
contig_16	100000	200000	4.0
contig_16	200000	300000	1.0
contig_16	400000	500000	1.0
contig_16	800000	900000	2.0
contig_16	900000	1000000	1.0
contig_16	1000000	1100000	4.0
contig_16	1100000	1200000	3.0
contig_16	1400000	1500000	1.0
contig_16	1500000	1600000	3.0
contig_16	1600000	1700000	2.0
contig_16	1700000	1800000	2.0
contig_16	1800000	1900000	1.0
contig_16	2000000	2064056	4.0
contig_17	0	100000	1.0
contig_17	100000	200000	9.0
contig_17	200000	300000	5.0
contig_17	300000	400000	2.0
contig_17	500000	600000	5.0
contig_17	600000	700000	1.0
contig_17	700000	800000	1.0
contig_17	800000	900000	3.0
contig_17	900000	1000000	2.0
contig_17	1000000	1100000	7.0
contig_17	1100000	1200000	4.0
contig_17	1200000	1300000	1.0
contig_17	1400000	1500000	2.0
contig_17	1700000	1800000	3.0
contig_17	1800000	1900000	1.0
contig_17	1900000	2000000	2.0
contig_17	2300000	2400000	2.0
contig_17	2600000	2700000	2.0
contig_17	2700000	2800000	1.0
contig_17	2800000	2900000	1.0
contig_17	2900000	3000000	6.0
contig_17	3100000	3200000	1.0
contig_17	3200000	3300000	1.0
contig_17	3300000	3400000	1.0
contig_17	3400000	3500000	1.0
contig_17	3500000	3600000	1.0
contig_17	3600000	3700000	2.0
contig_17	3700000	3800000	3.0
contig_17	3800000	3900000	1.0
contig_17	3900000	4000000	1.0
contig_17	4000000	4100000	1.0
contig_17	4100000	4200000	2.0
contig_17	4300000	4400000	1.0
contig_17	4400000	4435847	2.0
contig_18	100000	200000	1.0
contig_18	200000	300000	1.0
contig_18	300000	400000	6.0
contig_18	400000	500000	2.0
contig_18	600000	700000	1.0
contig_18	700000	800000	2.0
contig_18	800000	900000	2.0
contig_18	900000	1000000	3.0
contig_18	1000000	1100000	1.0
contig_18	1100000	1200000	1.0
contig_18	1200000	1300000	3.0
contig_18	1300000	1400000	2.0
contig_18	1400000	1500000	2.0
contig_18	1500000	1600000	3.0
contig_18	1700000	1800000	1.0
contig_18	1800000	1900000	1.0
contig_18	2000000	2100000	1.0
contig_18	2100000	2200000	2.0
contig_18	2200000	2300000	1.0
contig_18	2400000	2500000	3.0
contig_18	2600000	2700000	2.0
contig_18	2700000	2800000	2.0
contig_18	2800000	2900000	1.0
contig_18	2900000	3000000	1.0
contig_18	3000000	3100000	10.0
contig_18	3100000	3200000	2.0
contig_18	3200000	3294210	4.0
contig_19	0	100000	2.0
contig_19	400000	500000	3.0
contig_19	1100000	1200000	3.0
contig_19	1200000	1300000	4.0
contig_19	1300000	1400000	3.0
contig_19	1400000	1500000	1.0
contig_19	1500000	1600000	1.0
contig_19	1600000	1700000	3.0
contig_19	1700000	1800000	1.0
contig_19	2000000	2100000	1.0
contig_19	2100000	2200000	1.0
contig_19	2200000	2300000	2.0
contig_19	2400000	2500000	1.0
contig_19	2500000	2600000	1.0
contig_19	2700000	2800000	2.0
contig_19	3000000	3100000	1.0
contig_19	3400000	3500000	1.0
contig_19	3600000	3700000	1.0
contig_19	3800000	3900000	1.0
contig_19	3900000	4000000	1.0
contig_19	4000000	4100000	2.0
contig_19	4100000	4200000	4.0
contig_19	4200000	4300000	4.0
contig_19	4300000	4400000	2.0
contig_19	4700000	4800000	1.0
contig_19	5000000	5100000	1.0
contig_19	5100000	5200000	2.0
contig_19	5200000	5300000	5.0
contig_19	5300000	5400000	3.0
contig_19	5400000	5500000	4.0
contig_19	5500000	5600000	1.0
contig_19	5700000	5800000	3.0
contig_19	5800000	5900000	1.0
contig_19	5900000	6000000	2.0
contig_19	6000000	6100000	1.0
contig_19	6100000	6200000	2.0
contig_19	6200000	6300000	1.0
contig_19	6300000	6400000	2.0
contig_19	6400000	6500000	4.0
contig_19	6600000	6700000	2.0
contig_19	6800000	6900000	2.0
contig_19	6900000	7000000	1.0
contig_19	7000000	7100000	1.0
contig_19	7100000	7200000	3.0
contig_19	7200000	7300000	5.0
contig_19	7300000	7400000	4.0
contig_19	7400000	7500000	5.0
contig_19	7500000	7600000	2.0
contig_19	7600000	7700000	1.0
contig_19	7700000	7800000	3.0
contig_19	7800000	7900000	2.0
contig_19	7900000	8000000	1.0
contig_19	8000000	8100000	2.0
contig_19	8100000	8200000	1.0
contig_19	8200000	8300000	3.0
contig_19	8300000	8400000	4.0
contig_19	8400000	8500000	1.0
contig_19	8500000	8600000	1.0
contig_19	8600000	8649887	3.0
contig_20	0	100000	3.0
contig_20	100000	200000	2.0
contig_20	400000	500000	5.0
contig_20	500000	600000	3.0
contig_20	600000	700000	1.0
contig_20	700000	800000	2.0
contig_20	800000	900000	1.0
contig_20	1100000	1200000	1.0
contig_20	1200000	1300000	3.0
contig_20	1400000	1500000	1.0
contig_20	1600000	1700000	1.0
contig_20	1700000	1800000	1.0
contig_20	2000000	2100000	2.0
contig_20	2100000	2200000	5.0
contig_20	2200000	2300000	4.0
contig_20	2300000	2400000	10.0
contig_20	2400000	2500000	3.0
contig_20	2500000	2600000	7.0
contig_20	2600000	2700000	1.0
contig_20	2800000	2900000	1.0
contig_20	2900000	3000000	2.0
contig_20	3300000	3400000	2.0
contig_20	3500000	3570115	2.0
contig_21	0	100000	1.0
contig_21	100000	200000	1.0
contig_21	200000	300000	2.0
contig_21	300000	400000	1.0
contig_21	400000	500000	3.0
contig_21	500000	600000	1.0
contig_21	600000	631064	1.0
contig_22	0	100000	2.0
contig_22	100000	200000	2.0
contig_22	200000	300000	3.0
contig_22	300000	400000	2.0
contig_22	400000	500000	2.0
contig_22	500000	600000	2.0
contig_22	600000	700000	1.0
contig_22	800000	900000	1.0
contig_22	900000	939338	2.0
contig_23	0	100000	1.0
contig_23	100000	200000	1.0
contig_23	200000	300000	1.0
contig_23	500000	600000	1.0
contig_23	800000	900000	1.0
contig_23	1100000	1200000	1.0
contig_23	1400000	1500000	1.0
contig_23	1500000	1600000	1.0
contig_23	2100000	2200000	1.0
contig_23	2300000	2315974	1.0
contig_24	0	100000	3.0
contig_24	100000	200000	1.0
contig_24	200000	300000	1.0
contig_24	300000	400000	1.0
contig_24	400000	500000	2.0
contig_24	500000	600000	1.0
contig_24	600000	700000	2.0
contig_24	700000	800000	1.0
contig_24	800000	900000	2.0
contig_24	900000	1000000	1.0
contig_24	1000000	1100000	1.0
contig_24	1500000	1600000	1.0
contig_24	1700000	1800000	1.0
contig_24	2000000	2100000	1.0
contig_24	2200000	2300000	1.0
contig_24	2500000	2600000	1.0
contig_24	2700000	2800000	3.0
contig_24	2800000	2900000	4.0
contig_24	2900000	3000000	2.0
contig_24	3000000	3100000	3.0
contig_24	3100000	3200000	11.0
contig_24	3200000	3300000	2.0
contig_24	3300000	3400000	6.0
contig_24	3400000	3500000	3.0
contig_24	3500000	3600000	3.0
contig_24	3600000	3700000	1.0
contig_24	3700000	3800000	2.0
contig_24	3800000	3874188	1.0
contig_25	0	100000	3.0
contig_25	100000	200000	4.0
contig_25	300000	400000	3.0
contig_25	400000	500000	3.0
contig_25	500000	600000	1.0
contig_25	600000	700000	3.0
contig_25	800000	900000	1.0
contig_25	900000	1000000	1.0
contig_25	1000000	1100000	6.0
contig_25	1100000	1200000	7.0
contig_25	1200000	1300000	3.0
contig_25	1300000	1400000	5.0
contig_25	1400000	1500000	2.0
contig_25	1500000	1600000	2.0
contig_25	1600000	1700000	4.0
contig_25	1700000	1800000	2.0
contig_25	1800000	1900000	1.0
contig_25	1900000	2000000	2.0
contig_25	2000000	2100000	6.0
contig_25	2100000	2200000	3.0
contig_25	2300000	2400000	1.0
contig_25	2400000	2500000	2.0
contig_25	2500000	2600000	7.0
contig_25	2700000	2800000	7.0
contig_25	3000000	3100000	1.0
contig_25	3200000	3300000	3.0
contig_25	3300000	3400000	5.0
contig_25	3400000	3500000	2.0
contig_25	3500000	3600000	2.0
contig_25	3600000	3700000	1.0
contig_25	3700000	3800000	1.0
contig_25	3800000	3900000	4.0
contig_25	4000000	4100000	2.0
contig_25	4100000	4200000	1.0
contig_25	4200000	4300000	2.0
contig_25	4300000	4400000	1.0
contig_25	4400000	4500000	1.0
contig_25	4500000	4600000	1.0
contig_25	4900000	5000000	1.0
contig_25	5000000	5100000	2.0
contig_25	5200000	5300000	3.0
contig_25	5400000	5500000	1.0
contig_25	5500000	5600000	2.0
contig_25	5600000	5700000	1.0
contig_25	5700000	5800000	3.0
contig_25	5900000	6000000	1.0
contig_25	6000000	6100000	1.0
contig_25	6300000	6385179	3.0
contig_26	100000	200000	2.0
contig_26	500000	600000	1.0
contig_26	700000	800000	2.0
contig_26	800000	900000	1.0
contig_26	1000000	1100000	4.0
contig_26	1100000	1200000	4.0
contig_26	1200000	1300000	4.0
contig_26	1300000	1400000	3.0
contig_26	1400000	1500000	4.0
contig_26	1500000	1600000	7.0
contig_26	1600000	1700000	2.0
contig_26	1700000	1800000	1.0
contig_26	1900000	2000000	1.0
contig_26	2000000	2100000	1.0
contig_26	2100000	2200000	2.0
contig_26	2200000	2300000	1.0
contig_26	2300000	2400000	1.0
contig_26	2400000	2500000	2.0
contig_26	2500000	2600000	2.0
contig_26	2600000	2700000	2.0
contig_26	2700000	2800000	2.0
contig_26	2800000	2831810	1.0
contig_27	0	100000	4.0
contig_27	100000	200000	1.0
contig_27	200000	300000	1.0
contig_27	300000	306159	2.0
contig_28	0	100000	1.0
contig_28	100000	200000	3.0
contig_28	200000	237342	1.0
contig_29	0	10735	1.0
contig_30	0	100000	2.0
contig_30	100000	200000	2.0
contig_30	200000	251606	2.0
contig_32	100000	105697	1.0
contig_34	0	100000	2.0
contig_34	100000	106836	1.0
contig_35	0	85215	2.0
contig_36	0	100000	1.0
contig_36	100000	200000	1.0
contig_36	200000	238710	3.0
contig_37	100000	200000	3.0
contig_37	200000	300000	1.0
contig_37	300000	357530	1.0
contig_38	0	100000	2.0
contig_38	100000	200000	7.0
contig_38	200000	300000	2.0
contig_38	300000	400000	1.0
contig_38	400000	435974	1.0
contig_39	0	100000	2.0
contig_39	200000	276730	2.0
contig_40	0	100000	2.0
contig_40	100000	151974	4.0
contig_41	0	100000	8.0
contig_41	100000	115438	3.0
contig_42	0	100000	2.0
contig_42	100000	200000	1.0
contig_43	0	100000	12.0
contig_43	100000	200000	1.0
contig_43	200000	300000	9.0
contig_43	300000	311339	1.0
contig_44	0	100000	3.0
contig_44	100000	164348	1.0
contig_45	100000	125178	1.0
contig_46	0	100000	2.0
contig_46	100000	200000	1.0
contig_46	200000	250834	2.0
contig_47	0	100000	2.0
contig_47	100000	170011	1.0
contig_48	100000	200000	2.0
contig_49	0	80903	9.0
contig_50	0	100000	5.0
contig_50	100000	178646	5.0
contig_51	0	22374	2.0
contig_52	0	100000	1.0
contig_52	100000	200000	4.0
contig_53	0	100000	3.0
contig_53	100000	200000	1.0
contig_54	100000	200000	1.0
contig_54	200000	300000	1.0
contig_54	300000	400000	1.0
contig_54	400000	482346	5.0
contig_55	0	77950	7.0
contig_56	0	100000	1.0
contig_56	100000	200000	3.0
contig_56	200000	264775	4.0
contig_57	0	100000	2.0
contig_57	100000	200000	4.0
contig_57	200000	300000	1.0
contig_57	300000	331694	2.0
contig_59	0	100000	2.0
contig_59	100000	200000	8.0
contig_59	200000	300000	2.0
contig_59	300000	400000	4.0
contig_59	400000	498597	1.0
contig_60	0	100000	3.0
contig_60	100000	200000	1.0
contig_60	200000	210537	1.0
contig_61	0	100000	4.0
contig_61	100000	120911	2.0
contig_62	0	56604	1.0
contig_63	0	100000	2.0
contig_63	100000	200000	2.0
contig_63	200000	300000	1.0
contig_63	300000	307578	1.0
contig_64	0	98479	3.0
contig_65	0	100000	5.0
contig_65	100000	200000	2.0
contig_65	200000	300000	2.0
contig_65	300000	400000	1.0
contig_65	400000	500000	2.0
contig_65	700000	717235	1.0
contig_66	0	100000	2.0
contig_67	0	10919	1.0
contig_68	0	100000	2.0
contig_68	100000	183422	4.0
contig_69	0	100000	4.0
contig_69	100000	158855	3.0
contig_70	0	86078	3.0
contig_71	0	100000	2.0
contig_71	100000	172206	1.0
contig_72	0	100000	1.0
contig_72	100000	200000	3.0
contig_72	200000	237490	1.0
contig_73	0	100000	3.0
contig_73	100000	200000	1.0
contig_73	300000	300994	2.0
contig_74	0	100000	3.0
contig_74	100000	123159	3.0
contig_75	0	100000	2.0
contig_75	100000	151153	5.0
contig_76	0	100000	2.0
contig_76	100000	153708	1.0
contig_77	0	100000	6.0
contig_77	100000	200000	1.0
contig_78	0	76663	2.0
contig_79	0	100000	3.0
contig_79	100000	200000	2.0
contig_79	200000	300000	6.0
contig_79	300000	400000	5.0
contig_79	400000	500000	2.0
contig_79	500000	600000	8.0
contig_79	600000	700000	4.0
contig_79	700000	800000	4.0
contig_79	800000	838948	1.0
contig_80	0	100000	3.0
contig_80	100000	200000	2.0
contig_80	200000	300000	3.0
contig_80	300000	400000	1.0
contig_81	0	100000	4.0
contig_81	100000	162723	1.0
contig_82	100000	178218	1.0
contig_83	0	74791	1.0
contig_84	0	100000	1.0
contig_84	100000	200000	4.0
contig_84	300000	382835	3.0
contig_85	0	100000	2.0
contig_85	100000	200000	1.0
contig_85	200000	300000	1.0
contig_85	500000	600000	3.0
contig_85	600000	668877	3.0
contig_86	0	100000	4.0
contig_86	100000	200000	7.0
contig_86	200000	265513	2.0
contig_87	0	100000	7.0
contig_87	100000	123899	1.0
contig_88	0	100000	4.0
contig_88	100000	200000	16.0
contig_88	200000	255314	7.0
contig_90	0	100000	1.0
contig_90	100000	200000	2.0
contig_90	200000	233275	1.0
contig_91	100000	114735	1.0
contig_92	100000	200000	6.0
contig_92	200000	217704	1.0
contig_93	0	100000	4.0
contig_93	100000	188999	4.0
contig_94	400000	500000	2.0
contig_94	500000	510391	1.0
contig_95	0	100000	5.0
contig_95	100000	104049	3.0
contig_96	0	100000	1.0
contig_96	100000	200000	2.0
contig_96	200000	300000	1.0
contig_96	300000	400000	1.0
contig_96	400000	404203	1.0
contig_97	0	100000	4.0
contig_97	100000	200000	4.0
contig_97	200000	300000	5.0
contig_97	300000	400000	2.0
contig_97	400000	465606	4.0
contig_98	0	100000	4.0
contig_98	100000	109037	2.0
contig_99	0	100000	3.0
contig_99	100000	112602	2.0
contig_100	0	100000	3.0
contig_100	100000	200000	4.0
contig_100	200000	212274	3.0
contig_101	0	54087	4.0
contig_102	0	100000	1.0
contig_102	100000	179958	2.0
contig_103	0	81633	2.0
contig_104	0	100000	1.0
contig_104	100000	200000	1.0
contig_105	0	100000	1.0
contig_105	100000	200000	6.0
contig_105	200000	224496	3.0
contig_106	0	100000	5.0
contig_106	100000	164305	1.0
contig_107	0	80344	1.0
contig_108	0	27363	1.0
contig_109	0	100000	1.0
contig_109	100000	146047	1.0
contig_110	0	100000	2.0
contig_110	200000	300000	3.0
contig_110	300000	320435	1.0
contig_111	0	100000	7.0
contig_111	100000	124852	3.0
contig_112	0	100000	3.0
contig_112	100000	152299	2.0
contig_113	0	100000	8.0
contig_113	100000	130061	1.0
contig_114	0	100000	1.0
contig_114	100000	132628	3.0
contig_115	0	100000	4.0
contig_115	100000	124838	2.0
contig_116	0	100000	1.0
contig_116	100000	125306	4.0
contig_117	0	100000	2.0
contig_117	100000	200000	6.0
contig_117	200000	300000	7.0
contig_117	300000	400000	1.0
contig_117	400000	475045	6.0
contig_118	0	1910	1.0
contig_119	0	100000	5.0
contig_119	100000	150225	1.0
contig_120	0	100000	1.0
contig_120	100000	200000	1.0
contig_120	200000	243842	1.0
contig_122	0	100000	2.0
contig_122	100000	200000	1.0
contig_122	300000	348589	1.0
contig_123	0	100000	4.0
contig_123	100000	200000	2.0
contig_123	200000	300000	1.0
contig_123	300000	338654	2.0
contig_124	0	96258	2.0
contig_125	0	100000	2.0
contig_125	100000	200000	8.0
contig_125	200000	289846	2.0
contig_126	0	22515	2.0
contig_127	0	99158	7.0
contig_128	0	100000	1.0
contig_128	100000	101854	1.0
contig_129	100000	200000	1.0
contig_129	200000	300000	1.0
contig_129	300000	385605	5.0
contig_130	0	100000	2.0
contig_130	100000	200000	3.0
contig_130	200000	210399	5.0
contig_131	0	43027	1.0
contig_132	0	100000	1.0
contig_132	200000	300000	1.0
contig_133	0	100000	4.0
contig_133	100000	143198	3.0
contig_134	0	100000	4.0
contig_134	100000	149565	2.0
contig_135	0	100000	2.0
contig_135	100000	198688	4.0
contig_136	100000	176892	2.0
contig_137	0	100000	2.0
contig_137	100000	200000	2.0
contig_137	200000	300000	1.0
contig_137	400000	500000	1.0
contig_137	500000	600000	2.0
contig_137	600000	635888	2.0
contig_138	0	100000	3.0
contig_138	100000	200000	2.0
contig_138	200000	300000	1.0
contig_138	300000	351784	2.0
contig_139	0	100000	3.0
contig_139	100000	162796	1.0
contig_140	0	100000	1.0
contig_140	100000	126405	2.0
contig_141	0	100000	1.0
contig_141	100000	200000	1.0
contig_141	200000	300000	13.0
contig_141	300000	391331	7.0
contig_143	0	100000	1.0
contig_143	100000	200000	3.0
contig_143	200000	300000	3.0
contig_143	300000	400000	2.0
contig_143	400000	463187	2.0
contig_144	0	100000	1.0
contig_144	100000	200000	1.0
contig_144	200000	300000	3.0
contig_144	300000	350960	3.0
contig_145	0	73263	2.0
contig_146	0	100000	3.0
contig_146	100000	172489	6.0
contig_147	0	89959	4.0
contig_148	0	35027	1.0
contig_149	0	100000	1.0
contig_150	0	4655	3.0
contig_152	0	100000	5.0
contig_152	100000	185054	2.0
contig_153	0	100000	1.0
contig_153	100000	110820	1.0
contig_154	0	100000	1.0
contig_154	100000	153261	1.0
contig_155	0	100000	3.0
contig_155	100000	109045	1.0
contig_158	0	99896	4.0
contig_159	0	100000	3.0
contig_159	100000	200000	9.0
contig_159	200000	300000	8.0
contig_159	300000	400000	6.0
contig_159	400000	468398	1.0
contig_160	0	4506	1.0
contig_161	0	100000	8.0
contig_161	100000	112609	2.0
contig_162	0	100000	1.0
contig_162	200000	300000	2.0
contig_162	300000	388673	2.0
contig_163	0	70440	7.0
contig_164	0	100000	1.0
contig_164	100000	176962	5.0
contig_165	0	100000	2.0
contig_165	100000	150524	3.0
contig_166	0	100000	3.0
contig_166	100000	140761	3.0
contig_167	0	100000	4.0
contig_167	100000	200000	1.0
contig_167	200000	300000	2.0
contig_167	300000	400000	3.0
contig_167	400000	500000	2.0
contig_167	500000	509980	1.0
contig_168	0	100000	3.0
contig_168	100000	191345	4.0
contig_169	0	100000	1.0
contig_169	100000	200000	4.0
contig_169	200000	213412	1.0
contig_170	0	86263	5.0
contig_171	0	100000	1.0
contig_171	100000	200000	1.0
contig_171	200000	283757	1.0
contig_172	0	100000	1.0
contig_173	0	100000	2.0
contig_173	100000	162624	3.0
contig_174	0	100000	2.0
contig_174	100000	200000	2.0
contig_174	200000	247821	7.0
contig_175	0	100000	4.0
contig_175	100000	182934	5.0
contig_176	0	100000	1.0
contig_176	100000	200000	4.0
contig_176	200000	300000	2.0
contig_176	300000	400000	1.0
contig_176	400000	500000	2.0
contig_176	500000	538866	1.0
contig_177	0	100000	2.0
contig_177	100000	188386	6.0
contig_178	0	100000	1.0
contig_178	100000	200000	1.0
contig_179	0	100000	3.0
contig_179	100000	131351	2.0
contig_180	0	23763	1.0
contig_181	0	100000	2.0
contig_181	100000	122633	6.0
contig_182	0	100000	2.0
contig_182	100000	182705	7.0
contig_183	0	100000	2.0
contig_183	100000	103608	1.0
contig_184	0	92096	3.0
contig_185	0	100000	1.0
contig_185	100000	107123	1.0
contig_186	0	100000	7.0
contig_186	100000	111008	1.0
contig_187	0	100000	1.0
contig_187	100000	200000	1.0
contig_187	200000	300000	2.0
contig_187	300000	326720	1.0
contig_188	100000	200000	1.0
contig_188	200000	300000	2.0
contig_188	300000	400000	4.0
contig_188	400000	500000	5.0
contig_188	500000	600000	7.0
contig_188	600000	629737	1.0
contig_190	0	100000	3.0
contig_190	100000	200000	2.0
contig_190	200000	282773	1.0
contig_191	0	87123	2.0
contig_192	0	100000	8.0
contig_192	100000	148901	1.0
contig_193	0	100000	2.0
contig_193	100000	200000	3.0
contig_193	200000	221871	1.0
contig_194	0	100000	3.0
contig_194	100000	132848	3.0
contig_195	0	100000	2.0
contig_196	100000	110638	2.0
contig_197	0	100000	3.0
contig_197	100000	109893	2.0
contig_198	0	100000	2.0
contig_198	100000	200000	3.0
contig_198	200000	300000	2.0
contig_198	300000	324112	1.0
contig_199	0	93261	6.0
contig_200	0	100000	2.0
contig_200	100000	200000	2.0
contig_200	200000	223600	1.0
contig_201	0	100000	4.0
contig_201	200000	300000	1.0
contig_201	300000	318313	3.0
contig_202	0	91298	6.0
contig_203	0	44673	1.0
contig_204	0	100000	5.0
contig_204	100000	101720	1.0
contig_205	0	7967	1.0
contig_206	100000	191343	2.0
contig_207	0	100000	6.0
contig_207	100000	108229	1.0
contig_208	0	100000	1.0
contig_208	100000	181047	4.0
contig_209	0	100000	3.0
contig_209	100000	200000	3.0
contig_209	200000	211632	1.0
contig_210	0	100000	5.0
contig_210	100000	162836	3.0
contig_211	0	100000	5.0
contig_211	100000	200000	1.0
contig_211	200000	267928	1.0
contig_212	0	100000	3.0
contig_212	100000	200000	2.0
contig_212	300000	400000	2.0
contig_212	400000	499842	2.0
contig_213	0	100000	2.0
contig_213	100000	200000	2.0
contig_213	200000	300000	2.0
contig_213	300000	386351	1.0
contig_214	0	100000	2.0
contig_214	100000	119386	1.0
contig_215	0	100000	4.0
contig_215	100000	121572	5.0
contig_217	100000	200000	2.0
contig_217	200000	300000	3.0
contig_217	400000	500000	1.0
contig_217	500000	509653	2.0
contig_218	0	100000	2.0
contig_218	100000	119397	1.0
contig_219	100000	200000	1.0
contig_219	200000	300000	1.0
contig_219	400000	500000	1.0
contig_220	0	100000	2.0
contig_220	100000	197508	1.0
contig_221	0	73419	4.0
contig_223	0	100000	7.0
contig_224	0	100000	5.0
contig_224	100000	136222	3.0
contig_225	0	100000	3.0
contig_225	100000	109407	1.0
contig_226	0	100000	2.0
contig_226	100000	200000	5.0
contig_226	300000	400000	1.0
contig_226	400000	412059	1.0
contig_227	0	100000	1.0
contig_227	100000	147210	2.0
contig_228	0	100000	2.0
contig_228	100000	130566	2.0
contig_229	0	40515	4.0
contig_230	100000	200000	1.0
contig_230	200000	256384	1.0
contig_231	0	100000	2.0
contig_231	200000	226466	1.0
contig_232	0	100000	1.0
contig_232	100000	133097	2.0
contig_233	0	9486	1.0
contig_234	0	100000	4.0
contig_234	100000	200000	3.0
contig_234	200000	300000	2.0
contig_234	300000	400000	1.0
contig_235	0	100000	3.0
contig_235	100000	200000	2.0
contig_235	200000	300000	3.0
contig_235	300000	348235	1.0
contig_236	0	100000	1.0
contig_236	200000	300000	1.0
contig_236	300000	303107	4.0
contig_237	0	100000	1.0
contig_238	0	100000	3.0
contig_238	100000	200000	2.0
contig_238	200000	300000	2.0
contig_238	400000	500000	2.0
contig_238	500000	534399	1.0
contig_239	100000	200000	1.0
contig_239	200000	280024	1.0
contig_240	0	100000	4.0
contig_240	100000	200000	5.0
contig_240	200000	300000	1.0
contig_240	400000	500000	1.0
contig_241	0	66283	1.0
contig_242	0	100000	2.0
contig_242	100000	200000	1.0
contig_242	200000	300000	1.0
contig_242	300000	400000	1.0
contig_242	400000	500000	3.0
contig_242	600000	612370	1.0
contig_243	0	100000	8.0
contig_243	100000	157555	3.0
contig_244	0	100000	5.0
contig_244	100000	120422	3.0
contig_245	0	74703	6.0
contig_246	100000	200000	1.0
contig_246	200000	270084	1.0
contig_247	0	56904	1.0
contig_248	0	100000	1.0
contig_248	100000	135410	3.0
contig_249	0	100000	12.0
contig_249	100000	200000	11.0
contig_249	200000	282498	3.0
contig_250	0	100000	3.0
contig_250	100000	129504	2.0
contig_251	0	100000	3.0
contig_251	100000	200000	1.0
contig_251	200000	300000	2.0
contig_251	300000	306329	5.0
contig_252	0	100000	2.0
contig_252	100000	152702	4.0
contig_253	0	94532	3.0
contig_254	0	100000	1.0
contig_254	100000	200000	2.0
contig_254	300000	313061	2.0
contig_256	0	50720	2.0
contig_257	0	98203	3.0
contig_258	100000	176434	4.0
contig_259	0	100000	3.0
contig_259	100000	119372	2.0
contig_260	100000	128628	1.0
contig_261	0	100000	2.0
contig_261	100000	102025	1.0
contig_263	0	47173	2.0
contig_264	0	100000	1.0
contig_264	100000	137437	1.0
contig_265	0	100000	2.0
contig_265	200000	253785	3.0
contig_266	0	100000	1.0
contig_266	100000	200000	3.0
contig_266	200000	246357	3.0
contig_267	100000	169561	4.0
contig_268	0	98832	3.0
contig_270	100000	131176	1.0
contig_271	0	71222	2.0
contig_272	0	100000	3.0
contig_272	100000	137148	1.0
contig_273	0	100000	2.0
contig_273	100000	150740	1.0
contig_274	0	100000	2.0
contig_274	100000	154295	4.0
contig_275	100000	200000	1.0
contig_275	200000	300000	2.0
contig_275	300000	338517	2.0
contig_276	0	100000	3.0
contig_276	100000	137398	1.0
contig_277	0	100000	3.0
contig_277	100000	140412	2.0
contig_278	0	97347	2.0
contig_279	0	100000	1.0
contig_279	100000	145892	2.0
contig_280	0	100000	2.0
contig_280	100000	172193	3.0
contig_281	0	81261	8.0
contig_282	0	100000	1.0
contig_282	100000	165917	1.0
contig_284	100000	119659	1.0
contig_285	100000	148208	1.0
contig_286	200000	282074	3.0
contig_287	0	100000	1.0
contig_288	100000	200000	1.0
contig_288	200000	255258	6.0
contig_289	0	100000	6.0
contig_289	100000	200000	4.0
contig_289	200000	216883	1.0
contig_290	0	1742	2.0
contig_291	0	99482	5.0
contig_292	0	62284	3.0
contig_293	0	100000	2.0
contig_293	100000	193282	1.0
contig_294	0	84487	2.0
contig_295	0	100000	1.0
contig_295	100000	118152	3.0
contig_296	0	60118	1.0
contig_297	0	100000	5.0
contig_297	100000	200000	3.0
contig_297	200000	294838	3.0
contig_298	0	38760	1.0
contig_299	0	100000	4.0
contig_299	100000	200000	3.0
contig_299	300000	400000	5.0
contig_299	400000	419029	1.0
contig_300	0	100000	1.0
contig_300	100000	144570	2.0
contig_301	0	66043	2.0
contig_302	0	71863	2.0
contig_303	0	29350	2.0
contig_304	100000	200000	4.0
contig_304	300000	400000	1.0
contig_304	400000	500000	1.0
contig_304	500000	600000	1.0
contig_304	800000	900000	1.0
contig_304	900000	1000000	2.0
contig_304	1000000	1100000	3.0
contig_304	1100000	1200000	1.0
contig_304	1200000	1300000	7.0
contig_304	1300000	1346321	2.0
contig_305	0	100000	1.0
contig_305	100000	175277	1.0
contig_306	0	100000	1.0
contig_306	100000	200000	1.0
contig_306	200000	277672	2.0
contig_307	0	100000	4.0
contig_307	100000	200000	1.0
contig_307	300000	306376	1.0
contig_308	0	100000	4.0
contig_308	100000	188072	3.0
contig_309	0	100000	1.0
contig_309	100000	200000	2.0
contig_309	200000	290159	7.0
contig_311	100000	108392	1.0
contig_312	0	100000	1.0
contig_312	100000	126437	1.0
contig_313	0	100000	1.0
contig_313	100000	165376	3.0
contig_314	0	96562	1.0
contig_315	100000	145733	1.0
contig_316	0	100000	1.0
contig_316	100000	200000	3.0
contig_316	200000	222016	1.0
contig_317	0	100000	2.0
contig_317	100000	200000	3.0
contig_317	200000	251366	1.0
contig_318	0	100000	1.0
contig_318	100000	118605	1.0
contig_319	0	100000	1.0
contig_319	100000	162396	9.0
contig_320	0	100000	4.0
contig_320	100000	110517	1.0
contig_321	100000	200000	1.0
contig_321	400000	410942	3.0
contig_322	0	16571	1.0
contig_323	0	41522	1.0
contig_324	0	100000	2.0
contig_324	100000	200000	4.0
contig_324	200000	225908	1.0
contig_325	0	100000	3.0
contig_325	100000	133483	1.0
contig_326	0	100000	2.0
contig_326	100000	104436	3.0
contig_327	100000	191979	4.0
contig_328	0	77176	3.0
contig_329	0	100000	2.0
contig_329	100000	200000	1.0
contig_329	200000	300000	2.0
contig_330	0	100000	3.0
contig_330	100000	147817	5.0
contig_331	0	100000	2.0
contig_331	100000	200000	8.0
contig_332	0	100000	1.0
contig_332	100000	116751	1.0
contig_333	0	100000	3.0
contig_333	100000	172702	2.0
contig_334	0	100000	1.0
contig_334	100000	148428	6.0
contig_335	0	96398	1.0
contig_336	0	100000	2.0
contig_336	100000	200000	3.0
contig_336	200000	239779	1.0
contig_337	200000	284193	2.0
contig_338	0	100000	1.0
contig_338	100000	114926	1.0
contig_339	300000	400000	1.0
contig_339	400000	403289	1.0
contig_340	0	61708	4.0
contig_341	0	93863	10.0
contig_342	0	100000	6.0
contig_342	100000	119361	1.0
contig_343	0	86200	2.0
contig_344	0	100000	3.0
contig_344	100000	141871	1.0
contig_345	0	92835	3.0
contig_346	200000	300000	2.0
contig_346	300000	324871	2.0
contig_347	0	100000	3.0
contig_347	100000	120247	1.0
contig_348	0	100000	2.0
contig_348	100000	151242	4.0
contig_349	0	100000	2.0
contig_349	100000	164338	6.0
contig_350	0	76951	3.0
contig_351	0	100000	33.0
contig_351	100000	128434	11.0
contig_352	100000	200000	7.0
contig_352	200000	300000	2.0
contig_352	300000	400000	1.0
contig_352	400000	500000	3.0
contig_352	500000	600000	1.0
contig_352	600000	700000	2.0
contig_352	700000	800000	1.0
contig_352	800000	900000	1.0
contig_352	900000	1000000	3.0
contig_352	1000000	1100000	3.0
contig_352	1100000	1200000	1.0
contig_352	1200000	1300000	1.0
contig_352	1400000	1500000	1.0
contig_352	1500000	1600000	1.0
contig_352	1600000	1700000	1.0
contig_352	2300000	2400000	3.0
contig_352	2400000	2500000	1.0
contig_352	2600000	2700000	2.0
contig_352	2900000	3000000	1.0
contig_352	3200000	3300000	1.0
contig_352	3300000	3400000	2.0
contig_352	3400000	3500000	4.0
contig_352	3500000	3600000	3.0
contig_352	3600000	3700000	2.0
contig_352	3700000	3800000	2.0
contig_352	3800000	3900000	2.0
contig_352	3900000	4000000	2.0
contig_352	4000000	4100000	1.0
contig_352	4100000	4200000	8.0
contig_352	4200000	4300000	2.0
contig_352	4300000	4400000	1.0
contig_352	4400000	4500000	1.0
contig_353	0	100000	1.0
contig_353	100000	200000	1.0
contig_353	200000	300000	2.0
contig_353	300000	306708	1.0
contig_354	0	100000	2.0
contig_354	100000	139148	1.0
contig_355	0	100000	2.0
contig_355	100000	200000	1.0
contig_355	200000	300000	1.0
contig_355	300000	379927	2.0
contig_356	0	100000	1.0
contig_356	100000	111013	2.0
contig_357	0	100000	1.0
contig_357	100000	200000	3.0
contig_357	200000	201865	1.0
contig_358	0	100000	4.0
contig_358	100000	109528	1.0
contig_359	0	100000	2.0
contig_359	100000	200000	1.0
contig_360	0	61591	1.0
contig_361	0	100000	2.0
contig_361	100000	151527	2.0
contig_362	0	100000	1.0
contig_362	100000	126226	2.0
contig_363	0	79353	7.0
contig_364	0	100000	1.0
contig_364	100000	179253	3.0
contig_365	0	100000	9.0
contig_365	100000	200000	1.0
contig_366	0	100000	2.0
contig_366	100000	117477	2.0
contig_367	0	100000	1.0
contig_368	0	82410	3.0
contig_369	0	100000	2.0
contig_369	100000	120250	1.0
contig_370	0	82332	2.0
contig_371	0	54003	3.0
contig_372	0	100000	3.0
contig_372	100000	108961	1.0
contig_373	0	100000	4.0
contig_373	100000	145688	1.0
contig_374	0	100000	2.0
contig_374	100000	130373	1.0
contig_375	0	100000	3.0
contig_375	100000	200000	1.0
contig_375	200000	225138	1.0
contig_376	0	100000	4.0
contig_376	100000	196403	2.0
contig_377	0	100000	1.0
contig_377	100000	200000	2.0
contig_377	200000	260416	1.0
contig_379	0	100000	1.0
contig_379	200000	229592	3.0
contig_380	0	100000	8.0
contig_380	100000	200000	1.0
contig_380	200000	300000	1.0
contig_380	400000	477445	2.0
contig_381	0	100000	2.0
contig_381	100000	200000	7.0
contig_381	300000	400000	1.0
contig_381	400000	406078	1.0
contig_382	0	100000	1.0
contig_382	100000	195667	2.0
contig_383	0	100000	2.0
contig_383	100000	200000	2.0
contig_383	200000	207484	2.0
contig_384	0	100000	2.0
contig_384	100000	124801	4.0
contig_385	0	72138	3.0
contig_386	0	100000	2.0
contig_386	100000	122523	2.0
contig_387	0	100000	1.0
contig_387	100000	113913	1.0
contig_388	0	100000	4.0
contig_388	100000	108415	1.0
contig_389	0	100000	2.0
contig_389	100000	174131	2.0
contig_390	0	100000	2.0
contig_390	100000	200000	3.0
contig_390	200000	215987	2.0
contig_392	100000	171388	4.0
contig_393	0	100000	3.0
contig_393	100000	124988	2.0
contig_394	0	97001	2.0
contig_395	0	100000	5.0
contig_395	100000	132676	1.0
contig_396	0	100000	2.0
contig_396	100000	160627	10.0
contig_397	0	100000	2.0
contig_397	100000	200000	3.0
contig_398	0	100000	1.0
contig_398	100000	200000	3.0
contig_398	200000	229974	2.0
contig_399	0	100000	2.0
contig_399	100000	200000	1.0
contig_399	200000	300000	2.0
contig_399	300000	332674	1.0
contig_400	0	100000	3.0
contig_400	100000	200000	5.0
contig_400	200000	266104	11.0
contig_401	0	100000	3.0
contig_401	100000	116344	1.0
contig_402	0	67211	1.0
contig_403	0	59260	1.0
contig_404	0	14836	2.0
contig_405	0	100000	4.0
contig_405	100000	125445	4.0
contig_406	0	100000	1.0
contig_406	200000	300000	4.0
contig_406	400000	500000	3.0
contig_406	500000	543049	2.0
contig_407	0	96122	6.0
contig_408	0	100000	1.0
contig_409	0	88018	3.0
contig_410	0	100000	3.0
contig_410	100000	109611	1.0
contig_411	0	100000	1.0
contig_411	100000	200000	3.0
contig_411	200000	300000	1.0
contig_411	400000	500000	1.0
contig_411	600000	700000	1.0
contig_411	700000	769702	2.0
contig_412	0	100000	1.0
contig_412	200000	300000	3.0
contig_412	400000	442378	1.0
contig_413	0	100000	4.0
contig_413	100000	200000	1.0
contig_413	200000	289650	4.0
contig_414	0	100000	2.0
contig_414	100000	123631	1.0
contig_415	200000	300000	1.0
contig_415	300000	400000	2.0
contig_415	500000	534976	1.0
contig_416	0	100000	5.0
contig_416	100000	200000	3.0
contig_416	200000	221367	1.0
contig_417	0	100000	2.0
contig_418	0	100000	1.0
contig_418	100000	175565	1.0
contig_419	0	100000	5.0
contig_419	100000	163360	8.0
contig_420	0	100000	4.0
contig_420	100000	102213	1.0
contig_421	0	100000	3.0
contig_421	100000	112203	1.0
contig_422	0	100000	3.0
contig_422	100000	154016	2.0
contig_423	0	100000	1.0
contig_423	100000	200000	4.0
contig_424	0	100000	5.0
contig_424	100000	200000	3.0
contig_424	200000	223847	1.0
contig_425	0	100000	4.0
contig_426	0	100000	1.0
contig_426	200000	235124	1.0
contig_427	0	100000	1.0
contig_427	100000	181320	2.0
contig_430	0	91911	2.0
contig_431	0	24432	1.0
contig_432	0	100000	4.0
contig_432	100000	175211	5.0
contig_433	0	100000	1.0
contig_433	100000	200000	4.0
contig_433	200000	270373	1.0
contig_434	0	100000	1.0
contig_434	100000	200000	1.0
contig_434	300000	400000	2.0
contig_434	400000	445987	2.0
contig_435	0	100000	1.0
contig_435	100000	116641	2.0
contig_436	0	64532	3.0
contig_437	0	100000	1.0
contig_437	100000	200000	2.0
contig_437	200000	300000	2.0
contig_437	300000	374077	2.0
contig_438	0	100000	1.0
contig_438	100000	109479	1.0
contig_439	0	34772	3.0
contig_440	0	100000	3.0
contig_440	100000	165798	4.0
contig_442	0	100000	2.0
contig_442	100000	124645	1.0
contig_443	0	80778	2.0
contig_444	0	81359	1.0
contig_445	0	100000	1.0
contig_445	100000	157368	2.0
contig_446	0	11891	1.0
contig_447	0	100000	1.0
contig_447	100000	105143	1.0
contig_448	0	100000	3.0
contig_448	100000	194503	1.0
contig_449	100000	175929	1.0
contig_450	0	100000	5.0
contig_450	100000	166252	4.0
contig_451	0	100000	1.0
contig_451	100000	200000	3.0
contig_451	200000	205811	1.0
contig_453	0	100000	2.0
contig_453	100000	116716	1.0
contig_454	0	91216	2.0
contig_455	0	100000	5.0
contig_455	200000	265362	1.0
contig_456	0	100000	3.0
contig_457	0	100000	1.0
contig_457	100000	200000	4.0
contig_457	200000	286783	5.0
contig_458	0	100000	3.0
contig_458	100000	108959	2.0
contig_459	0	100000	11.0
contig_460	0	45361	3.0
contig_461	0	100000	1.0
contig_461	1000000	1100000	3.0
contig_461	1100000	1200000	4.0
contig_461	1200000	1300000	1.0
contig_461	1300000	1400000	1.0
contig_461	1400000	1500000	2.0
contig_461	1500000	1555930	3.0
contig_462	0	100000	2.0
contig_462	200000	297551	1.0
contig_464	0	100000	1.0
contig_464	100000	127622	1.0
contig_465	0	99952	6.0
contig_466	0	100000	1.0
contig_466	100000	122821	1.0
contig_467	0	90043	6.0
contig_468	0	71586	3.0
contig_469	0	100000	7.0
contig_469	100000	109867	4.0
contig_470	0	98859	2.0
contig_471	0	85276	3.0
contig_472	0	100000	3.0
contig_472	100000	149220	1.0
contig_473	0	100000	4.0
contig_473	100000	200000	3.0
contig_473	300000	400000	3.0
contig_473	400000	413086	1.0
contig_474	0	90358	1.0
contig_475	0	98600	5.0
contig_476	0	100000	4.0
contig_476	200000	300000	4.0
contig_476	400000	500000	1.0
contig_476	500000	505410	1.0
contig_477	100000	200000	2.0
contig_477	200000	257463	2.0
contig_478	0	100000	1.0
contig_479	0	100000	3.0
contig_479	100000	200000	1.0
contig_479	200000	300000	1.0
contig_480	0	100000	1.0
contig_480	100000	193630	4.0
contig_481	0	7439	2.0
contig_482	0	100000	5.0
contig_482	100000	105015	1.0
contig_483	0	100000	1.0
contig_483	200000	295628	1.0
contig_484	0	100000	1.0
contig_484	100000	131494	5.0
contig_485	0	100000	2.0
contig_485	100000	200000	5.0
contig_486	0	86212	1.0
contig_487	0	76193	3.0
contig_488	0	25909	1.0
contig_489	0	100000	4.0
contig_489	100000	200000	2.0
contig_489	200000	300000	1.0
contig_489	300000	321998	1.0
contig_490	0	100000	1.0
contig_490	100000	200000	1.0
contig_490	200000	300000	5.0
contig_490	300000	323201	2.0
contig_491	0	100000	1.0
contig_491	100000	168083	2.0
contig_492	0	100000	5.0
contig_492	100000	146871	2.0
contig_493	0	100000	2.0
contig_493	200000	266591	1.0
contig_494	0	100000	1.0
contig_494	100000	195325	1.0
contig_496	0	100000	2.0
contig_496	100000	127903	1.0
contig_497	0	54694	3.0
contig_498	0	100000	4.0
contig_498	100000	140606	2.0
contig_499	0	55412	3.0
contig_500	0	100000	1.0
contig_500	100000	173862	1.0
contig_501	0	100000	4.0
contig_501	100000	153822	3.0
contig_502	0	100000	2.0
contig_502	100000	170527	1.0
contig_503	0	100000	2.0
contig_503	100000	200000	4.0
contig_503	200000	235277	1.0
contig_505	0	100000	4.0
contig_505	100000	200000	5.0
contig_505	200000	300000	2.0
contig_505	300000	400000	3.0
contig_505	400000	485214	6.0
contig_506	0	100000	1.0
contig_506	100000	200000	1.0
contig_507	0	100000	1.0
contig_507	100000	126281	1.0
contig_508	0	100000	2.0
contig_508	100000	200000	3.0
contig_508	200000	204802	1.0
contig_509	0	100000	1.0
contig_509	100000	104110	1.0
contig_510	100000	112791	1.0
contig_511	0	34488	1.0
contig_513	0	100000	2.0
contig_513	100000	200000	2.0
contig_513	200000	300000	1.0
contig_513	300000	360217	1.0
contig_514	0	56812	3.0
contig_515	0	100000	6.0
contig_515	100000	200000	3.0
contig_515	200000	226729	2.0
contig_516	0	67302	6.0
contig_517	0	68753	4.0
contig_518	0	30082	7.0
contig_519	0	91214	5.0
contig_520	0	18669	1.0
contig_521	0	100000	2.0
contig_521	100000	200000	1.0
contig_521	200000	300000	1.0
contig_521	300000	400000	2.0
contig_521	400000	420593	2.0
contig_522	0	100000	6.0
contig_522	100000	200000	3.0
contig_522	200000	279852	2.0
contig_523	100000	169043	1.0
contig_524	100000	141987	1.0
contig_525	0	9483	1.0
contig_526	0	83557	3.0
contig_528	0	31929	3.0
contig_529	0	100000	2.0
contig_529	100000	200000	3.0
contig_529	200000	204157	1.0
contig_530	0	100000	1.0
contig_530	100000	200000	1.0
contig_530	200000	210355	2.0
contig_531	100000	142497	2.0
contig_532	0	100000	3.0
contig_532	100000	106729	1.0
contig_533	0	64479	2.0
contig_534	0	26753	1.0
contig_535	0	100000	5.0
contig_535	100000	126482	1.0
contig_536	0	100000	2.0
contig_536	100000	200000	4.0
contig_536	200000	262049	2.0
contig_537	0	98201	3.0
contig_538	0	100000	4.0
contig_538	100000	200000	2.0
contig_538	200000	244482	6.0
contig_539	0	100000	1.0
contig_539	100000	200000	5.0
contig_539	200000	283432	2.0
contig_540	0	100000	1.0
contig_540	200000	263493	1.0
contig_541	0	100000	2.0
contig_541	100000	200000	4.0
contig_541	200000	226958	2.0
contig_542	100000	118454	1.0
contig_544	0	68617	2.0
contig_545	0	26318	1.0
contig_546	0	84163	6.0
contig_547	0	98048	1.0
contig_548	0	94499	3.0
contig_549	100000	194924	2.0
contig_550	100000	200000	1.0
contig_550	200000	215941	2.0
contig_551	0	73525	1.0
contig_552	0	60051	3.0
contig_553	0	100000	1.0
contig_553	100000	137067	4.0
contig_554	0	93777	3.0
contig_555	100000	145699	1.0
contig_556	0	98668	4.0
contig_557	0	100000	2.0
contig_557	100000	149563	1.0
contig_559	0	70944	1.0
contig_560	0	81022	2.0
contig_561	0	100000	1.0
contig_561	100000	113742	1.0
contig_562	0	100000	3.0
contig_562	100000	179185	1.0
contig_563	0	100000	7.0
contig_563	100000	200000	2.0
contig_563	200000	300000	3.0
contig_564	0	100000	2.0
contig_564	100000	131793	3.0
contig_566	0	100000	3.0
contig_567	100000	156519	1.0
contig_568	0	100000	3.0
contig_568	100000	124635	2.0
contig_569	0	27348	2.0
contig_570	100000	200000	2.0
contig_570	200000	221039	1.0
contig_571	0	100000	2.0
contig_571	100000	166844	3.0
contig_572	0	100000	5.0
contig_572	100000	184859	5.0
contig_573	0	100000	5.0
contig_573	100000	144148	1.0
contig_574	0	68107	3.0
contig_575	0	100000	1.0
contig_576	200000	282569	7.0
contig_577	0	100000	7.0
contig_577	100000	200000	1.0
contig_577	200000	300000	2.0
contig_577	300000	400000	1.0
contig_577	400000	500000	6.0
contig_577	500000	567403	5.0
contig_578	0	100000	5.0
contig_578	100000	200000	2.0
contig_578	200000	300000	1.0
contig_578	300000	328911	2.0
contig_579	0	100000	1.0
contig_579	100000	128521	1.0
contig_580	0	93866	1.0
contig_581	0	100000	1.0
contig_581	100000	153179	2.0
contig_582	100000	200000	2.0
contig_582	200000	239105	1.0
contig_583	0	100000	1.0
contig_583	100000	120427	2.0
contig_584	0	100000	7.0
contig_584	100000	200000	2.0
contig_584	200000	300000	10.0
contig_584	300000	400000	2.0
contig_584	400000	500000	1.0
contig_584	500000	600000	1.0
contig_584	600000	668914	5.0
contig_585	0	100000	3.0
contig_585	100000	113843	1.0
contig_586	0	74601	1.0
contig_587	100000	200000	2.0
contig_587	200000	294959	4.0
contig_588	0	100000	3.0
contig_588	100000	130179	2.0
contig_589	300000	400000	4.0
contig_589	400000	500000	2.0
contig_589	600000	700000	1.0
contig_589	700000	800000	4.0
contig_589	800000	900000	5.0
contig_589	1000000	1100000	2.0
contig_589	1100000	1200000	1.0
contig_589	1200000	1300000	2.0
contig_589	1300000	1400000	7.0
contig_589	1400000	1500000	2.0
contig_589	1500000	1600000	1.0
contig_589	1600000	1651837	3.0
contig_590	0	100000	2.0
contig_590	100000	133560	1.0
contig_591	0	100000	4.0
contig_591	100000	200000	7.0
contig_591	200000	218887	1.0
contig_592	0	100000	4.0
contig_592	100000	198967	2.0
contig_593	0	100000	3.0
contig_593	100000	200000	3.0
contig_593	200000	223666	1.0
contig_594	0	100000	1.0
contig_594	100000	187784	5.0
contig_596	0	100000	1.0
contig_597	0	100000	2.0
contig_597	100000	181106	2.0
contig_598	0	95638	2.0
contig_601	0	42633	1.0
contig_602	0	68686	1.0
contig_603	0	100000	1.0
contig_604	0	75569	4.0
contig_605	0	100000	1.0
contig_605	100000	124636	1.0
contig_606	0	100000	2.0
contig_607	0	100000	1.0
contig_607	100000	106090	1.0
contig_608	0	100000	1.0
contig_608	100000	166160	1.0
contig_609	0	84031	2.0
contig_611	0	100000	1.0
contig_611	100000	200000	1.0
contig_611	200000	226860	1.0
contig_612	0	100000	5.0
contig_612	100000	200000	1.0
contig_612	200000	300000	2.0
contig_612	300000	302472	1.0
contig_615	0	100000	2.0
contig_615	200000	300000	1.0
contig_615	300000	400000	3.0
contig_615	400000	500000	3.0
contig_615	500000	600000	1.0
contig_615	600000	618671	1.0
contig_616	0	100000	1.0
contig_616	100000	119285	2.0
contig_617	0	74227	1.0
contig_619	0	100000	3.0
contig_619	100000	168830	3.0
contig_620	0	88608	6.0
contig_621	100000	165552	1.0
contig_622	0	74735	1.0
contig_623	0	100000	1.0
contig_623	100000	131382	1.0
contig_624	0	96579	2.0
contig_625	0	43924	2.0
contig_627	0	96637	1.0
contig_628	100000	200000	1.0
contig_628	200000	300000	3.0
contig_628	300000	400000	3.0
contig_628	400000	500000	3.0
contig_628	500000	554202	1.0
contig_629	0	100000	2.0
contig_629	100000	200000	5.0
contig_629	200000	222943	1.0
contig_630	100000	200000	1.0
contig_630	200000	300000	2.0
contig_630	300000	400000	4.0
contig_630	400000	500000	3.0
contig_630	500000	576302	2.0
contig_631	0	100000	2.0
contig_631	100000	129518	1.0
contig_632	0	100000	5.0
contig_632	100000	200000	3.0
contig_632	200000	240560	1.0
contig_634	0	100000	2.0
contig_634	100000	200000	2.0
contig_634	200000	300000	1.0
contig_634	300000	400000	4.0
contig_634	400000	500000	1.0
contig_634	500000	600000	4.0
contig_634	600000	700000	2.0
contig_634	700000	800000	1.0
contig_634	800000	900000	1.0
contig_634	900000	1000000	2.0
contig_634	1200000	1300000	1.0
contig_634	1300000	1307762	1.0
contig_635	100000	200000	1.0
contig_635	200000	300000	2.0
contig_635	300000	400000	3.0
contig_635	400000	429620	3.0
contig_636	0	86051	5.0
contig_637	100000	200000	2.0
contig_637	200000	300000	1.0
contig_638	0	100000	1.0
contig_638	100000	200000	3.0
contig_639	0	77416	3.0
contig_640	0	100000	2.0
contig_640	200000	300000	1.0
contig_640	300000	400000	1.0
contig_640	400000	473678	1.0
contig_641	0	100000	31.0
contig_641	100000	200000	36.0
contig_641	200000	300000	32.0
contig_641	300000	400000	13.0
contig_641	400000	500000	28.0
contig_641	500000	592515	17.0
contig_642	0	100000	2.0
contig_642	100000	200000	1.0
contig_642	200000	300000	3.0
contig_642	400000	500000	2.0
contig_642	500000	600000	1.0
contig_642	600000	700000	1.0
contig_642	700000	800000	6.0
contig_642	800000	900000	2.0
contig_642	900000	1000000	2.0
contig_642	1000000	1100000	1.0
contig_642	1200000	1300000	5.0
contig_642	1300000	1400000	1.0
contig_642	1500000	1600000	4.0
contig_642	1600000	1634269	2.0
contig_643	0	100000	2.0
contig_643	100000	200000	4.0
contig_643	200000	300000	2.0
contig_643	500000	600000	2.0
contig_643	600000	700000	1.0
contig_643	700000	800000	2.0
contig_643	800000	900000	4.0
contig_643	900000	1000000	3.0
contig_643	1000000	1100000	5.0
contig_643	1100000	1200000	3.0
contig_643	1200000	1300000	2.0
contig_643	1300000	1400000	2.0
contig_643	1400000	1500000	3.0
contig_643	1500000	1600000	2.0
contig_643	1800000	1900000	4.0
contig_643	1900000	1925904	1.0
contig_644	0	100000	1.0
contig_644	100000	200000	2.0
contig_644	200000	293577	2.0
contig_645	0	100000	2.0
contig_645	100000	200000	3.0
contig_645	200000	300000	2.0
contig_645	300000	400000	1.0
contig_645	400000	500000	4.0
contig_645	500000	544792	1.0
contig_646	0	100000	2.0
contig_646	100000	200000	3.0
contig_646	200000	300000	2.0
contig_646	300000	400000	1.0
contig_646	400000	500000	2.0
contig_646	500000	600000	2.0
contig_646	600000	700000	2.0
contig_646	700000	800000	5.0
contig_646	800000	900000	2.0
contig_646	900000	954412	1.0
contig_647	0	100000	4.0
contig_647	100000	200000	1.0
contig_647	200000	284966	2.0
contig_648	0	100000	3.0
contig_648	100000	200000	3.0
contig_648	200000	300000	1.0
contig_648	300000	400000	3.0
contig_648	400000	500000	3.0
contig_648	600000	700000	1.0
contig_648	700000	800000	3.0
contig_648	900000	1000000	2.0
contig_648	1000000	1100000	1.0
contig_648	1100000	1200000	10.0
contig_648	1200000	1300000	10.0
contig_648	1300000	1400000	3.0
contig_648	1500000	1600000	1.0
contig_648	1700000	1800000	2.0
contig_648	1800000	1900000	2.0
contig_648	2000000	2100000	1.0
contig_648	2100000	2200000	2.0
contig_648	2200000	2300000	5.0
contig_648	2300000	2400000	1.0
contig_648	2400000	2500000	1.0
contig_648	2500000	2600000	4.0
contig_648	2700000	2800000	1.0
contig_648	2800000	2900000	4.0
contig_648	3000000	3100000	1.0
contig_648	3100000	3200000	3.0
contig_648	3200000	3300000	1.0
contig_648	3300000	3400000	1.0
contig_648	3400000	3500000	4.0
contig_648	3500000	3600000	2.0
contig_648	3600000	3700000	1.0
contig_648	3700000	3800000	7.0
contig_648	3800000	3900000	1.0
contig_648	3900000	4000000	2.0
contig_648	4000000	4100000	4.0
contig_648	4100000	4200000	3.0
contig_648	4200000	4300000	3.0
contig_648	4300000	4400000	2.0
contig_648	4400000	4500000	1.0
contig_648	4500000	4579033	5.0
contig_649	0	100000	4.0
contig_649	100000	200000	7.0
contig_649	200000	300000	4.0
contig_649	300000	400000	2.0
contig_649	400000	500000	1.0
contig_649	500000	600000	1.0
contig_649	600000	700000	3.0
contig_649	700000	800000	1.0
contig_649	800000	836379	1.0
contig_650	0	100000	8.0
contig_650	100000	150298	1.0
contig_651	0	100000	2.0
contig_651	100000	200000	2.0
contig_651	200000	300000	3.0
contig_651	400000	500000	2.0
contig_651	500000	600000	3.0
contig_651	600000	700000	1.0
contig_651	700000	800000	1.0
contig_652	100000	200000	1.0
contig_652	200000	288542	2.0
contig_653	0	100000	5.0
contig_653	100000	200000	4.0
contig_653	200000	300000	1.0
contig_653	300000	400000	2.0
contig_653	400000	500000	3.0
contig_653	500000	600000	2.0
contig_653	600000	700000	5.0
contig_653	700000	749200	2.0
contig_654	100000	200000	2.0
contig_654	200000	210507	1.0
contig_655	0	100000	1.0
contig_655	100000	200000	3.0
contig_655	200000	300000	6.0
contig_655	300000	321179	1.0
contig_656	0	100000	1.0
contig_656	100000	200000	3.0
contig_656	300000	400000	4.0
contig_656	400000	500000	1.0
contig_656	500000	600000	2.0
contig_656	1300000	1400000	1.0
contig_656	1600000	1700000	2.0
contig_656	1800000	1900000	2.0
contig_656	2000000	2100000	1.0
contig_656	2300000	2400000	5.0
contig_656	2400000	2500000	2.0
contig_656	2500000	2600000	2.0
contig_656	2600000	2656015	1.0
contig_657	100000	200000	2.0
contig_657	200000	300000	1.0
contig_657	300000	400000	6.0
contig_657	400000	500000	1.0
contig_657	600000	700000	1.0
contig_657	700000	800000	1.0
contig_657	800000	900000	1.0
contig_657	900000	990816	2.0
contig_658	0	100000	7.0
contig_658	100000	200000	2.0
contig_658	200000	300000	8.0
contig_658	300000	387128	8.0
contig_659	0	100000	4.0
contig_659	100000	200000	1.0
contig_659	200000	300000	3.0
contig_659	300000	397417	3.0
contig_660	0	100000	1.0
contig_660	100000	200000	2.0
contig_660	200000	300000	1.0
contig_660	300000	400000	4.0
contig_661	0	100000	2.0
contig_661	100000	192393	2.0
contig_662	100000	200000	6.0
contig_662	300000	400000	1.0
contig_662	400000	500000	1.0
contig_662	500000	541831	1.0
contig_663	0	94404	4.0
contig_664	0	100000	3.0
contig_664	100000	200000	1.0
contig_664	200000	300000	2.0
contig_664	300000	400000	1.0
contig_664	400000	500000	1.0
contig_664	500000	600000	1.0
contig_664	1000000	1100000	1.0
contig_664	1400000	1409014	1.0
contig_665	0	100000	1.0
contig_665	300000	400000	1.0
contig_665	400000	500000	2.0
contig_665	500000	600000	4.0
contig_665	600000	700000	1.0
contig_665	700000	746408	2.0
contig_666	100000	200000	4.0
contig_666	200000	300000	1.0
contig_666	300000	400000	2.0
contig_666	400000	500000	5.0
contig_666	500000	600000	1.0
contig_666	600000	679647	3.0
contig_667	0	100000	5.0
contig_667	100000	200000	1.0
contig_667	200000	300000	2.0
contig_667	300000	400000	2.0
contig_667	400000	500000	3.0
contig_667	700000	729554	1.0
contig_668	0	100000	1.0
contig_668	200000	300000	4.0
contig_668	400000	500000	1.0
contig_668	600000	700000	8.0
contig_668	700000	800000	2.0
contig_668	800000	900000	1.0
contig_668	900000	976478	4.0
contig_669	0	100000	1.0
contig_669	100000	200000	5.0
contig_669	200000	300000	4.0
contig_669	300000	349658	1.0
contig_670	0	100000	3.0
contig_670	100000	200000	2.0
contig_670	200000	256138	1.0
contig_671	100000	200000	1.0
contig_671	200000	300000	4.0
contig_671	400000	441752	1.0
contig_672	0	100000	5.0
contig_672	100000	200000	3.0
contig_672	200000	300000	5.0
contig_672	300000	400000	5.0
contig_672	400000	500000	10.0
contig_672	600000	700000	3.0
contig_672	700000	800000	1.0
contig_672	900000	1000000	1.0
contig_672	1000000	1100000	3.0
contig_672	1100000	1200000	7.0
contig_672	1200000	1300000	2.0
contig_672	1300000	1400000	1.0
contig_672	1400000	1500000	1.0
contig_672	1600000	1700000	4.0
contig_672	1700000	1800000	3.0
contig_672	1800000	1900000	1.0
contig_672	1900000	2000000	5.0
contig_672	2000000	2100000	2.0
contig_672	2100000	2200000	2.0
contig_672	2200000	2300000	4.0
contig_672	2300000	2400000	1.0
contig_672	2500000	2600000	2.0
contig_672	2600000	2700000	1.0
contig_672	2700000	2800000	7.0
contig_672	2900000	3000000	1.0
contig_672	3000000	3097951	1.0
contig_673	0	100000	1.0
contig_673	100000	162582	1.0
contig_674	0	100000	4.0
contig_674	100000	200000	1.0
contig_674	200000	300000	2.0
contig_674	300000	346670	1.0
contig_675	0	100000	4.0
contig_675	100000	200000	5.0
contig_675	300000	400000	1.0
contig_675	500000	597997	3.0
contig_676	0	100000	1.0
contig_676	200000	300000	1.0
contig_676	300000	400000	1.0
contig_676	400000	500000	1.0
contig_676	500000	600000	2.0
contig_676	600000	700000	2.0
contig_676	700000	800000	2.0
contig_676	800000	900000	2.0
contig_676	900000	1000000	2.0
contig_676	1000000	1100000	2.0
contig_676	1100000	1200000	6.0
contig_676	1200000	1300000	3.0
contig_676	1800000	1900000	4.0
contig_676	1900000	2000000	3.0
contig_676	2000000	2100000	2.0
contig_676	2100000	2200000	1.0
contig_676	2200000	2300000	2.0
contig_676	2300000	2400000	4.0
contig_676	2400000	2500000	2.0
contig_676	2500000	2600000	8.0
contig_676	2600000	2700000	6.0
contig_676	2700000	2800000	1.0
contig_676	2800000	2900000	1.0
contig_676	2900000	3000000	5.0
contig_676	3000000	3100000	2.0
contig_676	3200000	3282540	2.0
contig_677	0	100000	2.0
contig_677	100000	175528	4.0
contig_678	0	100000	2.0
contig_678	100000	200000	3.0
contig_678	300000	400000	1.0
contig_678	500000	600000	3.0
contig_678	700000	800000	1.0
contig_678	800000	900000	1.0
contig_678	900000	1000000	2.0
contig_678	1000000	1100000	2.0
contig_678	1100000	1200000	3.0
contig_678	1200000	1300000	1.0
contig_678	1300000	1400000	1.0
contig_678	1400000	1431051	2.0
contig_679	0	100000	1.0
contig_679	100000	200000	1.0
contig_679	300000	400000	3.0
contig_679	400000	500000	2.0
contig_679	500000	600000	2.0
contig_679	600000	700000	2.0
contig_679	700000	800000	1.0
contig_679	800000	900000	3.0
contig_679	900000	1000000	2.0
contig_679	1000000	1100000	1.0
contig_679	1100000	1146500	1.0
contig_680	0	100000	3.0
contig_680	100000	188960	9.0
contig_681	0	100000	6.0
contig_681	100000	200000	4.0
contig_681	200000	213964	1.0
contig_682	0	100000	3.0
contig_682	100000	138656	1.0
contig_683	100000	200000	1.0
contig_683	200000	264423	5.0
contig_684	0	100000	3.0
contig_684	100000	200000	4.0
contig_684	200000	300000	3.0
contig_684	300000	400000	9.0
contig_684	400000	482056	2.0
contig_685	0	100000	2.0
contig_685	200000	300000	5.0
contig_685	300000	388599	2.0
contig_686	100000	200000	1.0
contig_686	200000	300000	2.0
contig_686	300000	400000	3.0
contig_686	500000	600000	1.0
contig_686	600000	700000	1.0
contig_686	700000	800000	1.0
contig_686	800000	900000	5.0
contig_686	1000000	1100000	1.0
contig_686	1100000	1200000	1.0
contig_686	1200000	1207060	2.0
contig_687	0	100000	3.0
contig_687	100000	200000	2.0
contig_687	200000	300000	6.0
contig_687	300000	400000	1.0
contig_687	500000	600000	2.0
contig_687	600000	700000	3.0
contig_687	700000	731197	1.0
contig_688	0	100000	3.0
contig_688	100000	200000	2.0
contig_688	200000	300000	3.0
contig_688	300000	400000	1.0
contig_688	400000	500000	3.0
contig_688	500000	600000	2.0
contig_688	600000	700000	1.0
contig_688	700000	772050	3.0
contig_689	0	100000	3.0
contig_689	100000	200000	1.0
contig_689	200000	300000	3.0
contig_689	300000	400000	2.0
contig_689	400000	500000	3.0
contig_689	500000	600000	4.0
contig_689	600000	700000	2.0
contig_689	700000	800000	1.0
contig_690	0	100000	1.0
contig_690	100000	200000	2.0
contig_690	200000	300000	1.0
contig_690	400000	500000	1.0
contig_690	500000	600000	3.0
contig_690	600000	700000	4.0
contig_690	700000	800000	1.0
contig_690	900000	1000000	3.0
contig_690	1000000	1100000	3.0
contig_690	1200000	1300000	4.0
contig_690	1300000	1400000	2.0
contig_691	0	100000	1.0
contig_691	100000	200000	1.0
contig_691	400000	500000	1.0
contig_691	600000	621717	1.0
contig_692	0	100000	2.0
contig_692	200000	300000	1.0
contig_692	300000	388195	6.0
contig_693	0	100000	1.0
contig_693	200000	300000	1.0
contig_693	400000	500000	1.0
contig_693	600000	700000	3.0
contig_693	800000	900000	6.0
contig_693	900000	1000000	3.0
contig_693	1200000	1300000	1.0
contig_693	1300000	1400000	1.0
contig_693	1600000	1700000	1.0
contig_694	0	100000	1.0
contig_694	100000	200000	4.0
contig_694	200000	269988	1.0
contig_695	0	100000	1.0
contig_695	100000	200000	1.0
contig_695	200000	300000	8.0
contig_695	300000	400000	2.0
contig_695	400000	500000	1.0
contig_695	600000	700000	2.0
contig_695	700000	800000	4.0
contig_695	800000	900000	13.0
contig_695	900000	1000000	3.0
contig_695	1000000	1100000	5.0
contig_695	1100000	1200000	2.0
contig_695	1200000	1205238	1.0
contig_696	0	84787	2.0
contig_697	0	100000	5.0
contig_697	100000	200000	1.0
contig_697	200000	218036	1.0
contig_698	0	100000	3.0
contig_698	400000	500000	1.0
contig_698	700000	800000	1.0
contig_698	800000	900000	1.0
contig_698	900000	1000000	2.0
contig_698	1000000	1100000	1.0
contig_698	1100000	1200000	2.0
contig_698	1200000	1201508	1.0
contig_699	0	100000	3.0
contig_699	100000	200000	4.0
contig_699	200000	300000	4.0
contig_699	300000	357125	3.0
contig_700	100000	200000	2.0
contig_700	200000	300000	7.0
contig_700	300000	400000	2.0
contig_700	400000	500000	2.0
contig_700	500000	600000	1.0
contig_700	600000	700000	7.0
contig_700	700000	800000	1.0
contig_700	800000	900000	3.0
contig_700	900000	1000000	3.0
contig_700	1000000	1100000	4.0
contig_700	1200000	1300000	1.0
contig_700	1500000	1600000	1.0
contig_700	1700000	1800000	2.0
contig_700	1800000	1900000	2.0
contig_700	1900000	2000000	7.0
contig_700	2000000	2100000	6.0
contig_701	0	100000	1.0
contig_701	100000	200000	2.0
contig_701	200000	300000	1.0
contig_701	400000	500000	2.0
contig_701	500000	593091	1.0
contig_702	0	100000	4.0
contig_702	100000	200000	1.0
contig_702	200000	300000	2.0
contig_702	300000	400000	1.0
contig_702	400000	462467	1.0
contig_703	100000	200000	6.0
contig_703	200000	300000	1.0
contig_703	300000	400000	2.0
contig_703	400000	500000	4.0
contig_703	800000	900000	1.0
contig_703	900000	1000000	1.0
contig_703	1000000	1100000	1.0
contig_703	1100000	1200000	2.0
contig_703	1200000	1300000	8.0
contig_703	1300000	1400000	4.0
contig_703	1500000	1600000	1.0
contig_703	1600000	1700000	3.0
contig_703	1700000	1800000	3.0
contig_703	2000000	2100000	5.0
contig_703	2100000	2200000	2.0
contig_703	2300000	2400000	1.0
contig_703	2400000	2500000	3.0
contig_703	2500000	2600000	8.0
contig_703	2600000	2700000	3.0
contig_703	2700000	2800000	1.0
contig_703	2800000	2900000	1.0
contig_703	2900000	3000000	2.0
contig_703	3000000	3100000	2.0
contig_703	3200000	3300000	4.0
contig_703	3300000	3400000	2.0
contig_703	3400000	3500000	2.0
contig_703	3500000	3600000	8.0
contig_703	3600000	3620202	3.0
contig_704	0	100000	5.0
contig_704	300000	400000	1.0
contig_704	500000	600000	1.0
contig_704	600000	700000	1.0
contig_704	700000	800000	1.0
contig_704	800000	900000	1.0
contig_704	900000	1000000	3.0
contig_704	1000000	1100000	2.0
contig_704	1100000	1164010	2.0
contig_705	0	100000	1.0
contig_705	100000	200000	1.0
contig_705	200000	300000	2.0
contig_705	300000	400000	1.0
contig_705	600000	700000	1.0
contig_705	700000	800000	1.0
contig_705	800000	811170	1.0
contig_706	0	100000	1.0
contig_706	300000	400000	1.0
contig_706	400000	500000	5.0
contig_706	500000	600000	2.0
contig_706	600000	700000	1.0
contig_706	700000	800000	4.0
contig_706	800000	900000	2.0
contig_706	1000000	1100000	1.0
contig_706	1100000	1200000	2.0
contig_708	0	100000	1.0
contig_708	100000	200000	1.0
contig_708	300000	338105	1.0
contig_709	0	100000	4.0
contig_709	100000	200000	1.0
contig_709	200000	300000	2.0
contig_709	300000	400000	4.0
contig_709	400000	500000	3.0
contig_709	600000	700000	1.0
contig_709	700000	800000	3.0
contig_709	800000	900000	1.0
contig_709	900000	1000000	2.0
contig_709	1000000	1100000	4.0
contig_709	1100000	1200000	1.0
contig_709	1300000	1400000	1.0
contig_709	1400000	1500000	1.0
contig_709	1500000	1600000	1.0
contig_709	1700000	1800000	4.0
contig_709	1800000	1900000	4.0
contig_709	1900000	2000000	2.0
contig_709	2000000	2100000	2.0
contig_709	2100000	2168968	7.0
contig_710	0	100000	2.0
contig_710	100000	200000	6.0
contig_710	200000	300000	4.0
contig_710	300000	400000	1.0
contig_710	600000	700000	3.0
contig_710	700000	800000	1.0
contig_710	800000	900000	5.0
contig_710	900000	1000000	2.0
contig_710	1000000	1100000	4.0
contig_710	1100000	1139817	1.0
contig_711	0	100000	3.0
contig_711	100000	127375	1.0
contig_712	0	100000	1.0
contig_712	100000	200000	3.0
contig_712	200000	300000	1.0
contig_712	300000	400000	3.0
contig_712	400000	500000	5.0
contig_712	500000	548319	2.0
contig_713	0	100000	4.0
contig_713	100000	200000	1.0
contig_713	200000	300000	4.0
contig_713	300000	400000	2.0
contig_713	400000	500000	1.0
contig_713	500000	600000	4.0
contig_713	600000	700000	1.0
contig_713	700000	800000	2.0
contig_713	800000	848043	2.0
contig_714	0	100000	2.0
contig_714	100000	200000	3.0
contig_714	200000	300000	2.0
contig_714	300000	400000	4.0
contig_714	400000	500000	3.0
contig_714	500000	600000	1.0
contig_714	600000	700000	4.0
contig_714	700000	800000	2.0
contig_714	1000000	1092227	3.0
contig_716	0	100000	3.0
contig_716	100000	200000	1.0
contig_716	400000	500000	2.0
contig_716	500000	600000	6.0
contig_716	600000	700000	2.0
contig_716	700000	800000	2.0
contig_716	800000	880044	2.0
contig_717	0	100000	3.0
contig_717	100000	200000	3.0
contig_717	200000	300000	2.0
contig_717	300000	400000	2.0
contig_717	800000	900000	1.0
contig_717	900000	1000000	2.0
contig_717	1000000	1100000	5.0
contig_717	1100000	1200000	2.0
contig_717	1300000	1344139	2.0
contig_718	0	100000	5.0
contig_718	100000	200000	2.0
contig_718	300000	400000	1.0
contig_718	400000	406225	1.0
contig_719	0	100000	1.0
contig_719	100000	143415	1.0
contig_720	0	100000	5.0
contig_720	200000	300000	1.0
contig_720	300000	400000	1.0
contig_720	500000	600000	2.0
contig_720	600000	700000	5.0
contig_720	700000	800000	2.0
contig_720	800000	900000	4.0
contig_720	900000	1000000	1.0
contig_720	1100000	1200000	2.0
contig_720	1300000	1393682	5.0
contig_721	600000	700000	2.0
contig_721	700000	800000	1.0
contig_721	800000	900000	1.0
contig_721	900000	1000000	1.0
contig_721	1000000	1100000	6.0
contig_721	1100000	1200000	2.0
contig_721	1200000	1300000	1.0
contig_721	1300000	1400000	1.0
contig_721	1500000	1600000	4.0
contig_721	1600000	1700000	2.0
contig_721	2000000	2100000	1.0
contig_721	2200000	2300000	1.0
contig_721	2300000	2374985	1.0
contig_722	200000	300000	1.0
contig_722	600000	700000	6.0
contig_723	100000	200000	2.0
contig_723	200000	300000	3.0
contig_723	300000	400000	3.0
contig_723	400000	500000	2.0
contig_723	600000	700000	2.0
contig_723	700000	800000	3.0
contig_723	800000	900000	1.0
contig_723	900000	1000000	3.0
contig_723	1000000	1100000	1.0
contig_723	1100000	1200000	2.0
contig_723	1200000	1300000	4.0
contig_723	1300000	1400000	1.0
contig_723	1400000	1500000	3.0
contig_723	1500000	1600000	2.0
contig_723	1600000	1700000	1.0
contig_723	1700000	1800000	1.0
contig_723	1800000	1900000	2.0
contig_723	1900000	2000000	4.0
contig_723	2000000	2100000	2.0
contig_723	2100000	2200000	4.0
contig_723	2200000	2300000	7.0
contig_723	2300000	2400000	1.0
contig_723	2400000	2500000	4.0
contig_723	2500000	2598517	4.0
contig_724	0	100000	3.0
contig_724	100000	200000	1.0
contig_724	200000	300000	7.0
contig_724	300000	400000	2.0
contig_724	400000	500000	3.0
contig_724	500000	600000	3.0
contig_724	600000	700000	4.0
contig_724	700000	800000	9.0
contig_724	800000	900000	3.0
contig_724	900000	1000000	2.0
contig_724	1000000	1100000	6.0
contig_724	1100000	1152157	3.0
contig_725	0	100000	1.0
contig_725	100000	200000	2.0
contig_725	200000	300000	2.0
contig_725	300000	400000	3.0
contig_725	400000	500000	1.0
contig_725	500000	600000	1.0
contig_725	600000	700000	1.0
contig_725	700000	800000	3.0
contig_725	800000	900000	1.0
contig_725	900000	1000000	1.0
contig_725	1000000	1100000	1.0
contig_725	1100000	1200000	3.0
contig_725	1200000	1300000	3.0
contig_725	1300000	1400000	2.0
contig_725	1400000	1500000	3.0
contig_725	1500000	1600000	1.0
contig_725	1600000	1700000	1.0
contig_725	1700000	1800000	3.0
contig_725	1800000	1900000	5.0
contig_725	2000000	2100000	3.0
contig_725	2100000	2197225	1.0
contig_726	0	100000	1.0
contig_726	100000	200000	2.0
contig_726	200000	300000	1.0
contig_726	400000	437892	1.0
contig_727	0	100000	5.0
contig_727	100000	200000	4.0
contig_727	200000	300000	1.0
contig_727	300000	400000	1.0
contig_727	400000	500000	2.0
contig_727	500000	600000	1.0
contig_727	600000	700000	2.0
contig_727	800000	900000	1.0
contig_728	0	100000	5.0
contig_728	200000	300000	6.0
contig_728	300000	400000	3.0
contig_728	400000	500000	2.0
contig_728	600000	670519	1.0
contig_729	0	100000	1.0
contig_729	100000	200000	2.0
contig_729	200000	300000	3.0
contig_729	400000	500000	1.0
contig_729	600000	700000	1.0
contig_729	800000	900000	2.0
contig_729	900000	1000000	3.0
contig_729	1000000	1023809	1.0
contig_730	0	100000	3.0
contig_730	100000	200000	5.0
contig_730	200000	300000	3.0
contig_730	300000	400000	5.0
contig_730	400000	500000	4.0
contig_730	600000	700000	1.0
contig_730	700000	800000	1.0
contig_730	800000	900000	1.0
contig_731	100000	200000	8.0
contig_731	200000	300000	2.0
contig_731	300000	400000	1.0
contig_731	400000	500000	1.0
contig_731	500000	600000	1.0
contig_731	800000	900000	1.0
contig_731	1100000	1200000	1.0
contig_731	1200000	1300000	1.0
contig_731	1600000	1700000	1.0
contig_731	1800000	1900000	2.0
contig_731	1900000	2000000	2.0
contig_731	2000000	2100000	1.0
contig_731	2100000	2200000	3.0
contig_731	2200000	2300000	1.0
contig_731	2300000	2400000	1.0
contig_731	2400000	2439739	1.0
contig_732	0	100000	7.0
contig_732	100000	200000	1.0
contig_732	200000	300000	2.0
contig_732	300000	400000	1.0
contig_732	400000	500000	1.0
contig_732	500000	556304	2.0
contig_733	0	100000	2.0
contig_733	100000	200000	1.0
contig_733	200000	300000	2.0
contig_733	300000	400000	1.0
contig_733	500000	600000	1.0
contig_733	600000	700000	2.0
contig_733	700000	800000	5.0
contig_733	800000	900000	3.0
contig_733	900000	1000000	2.0
contig_733	1100000	1200000	1.0
contig_733	1400000	1500000	3.0
contig_733	1500000	1580514	1.0
contig_734	0	100000	3.0
contig_734	100000	113411	1.0
contig_735	0	100000	3.0
contig_735	200000	300000	1.0
contig_735	300000	400000	4.0
contig_735	500000	600000	1.0
contig_735	600000	700000	3.0
contig_735	700000	800000	1.0
contig_735	800000	900000	2.0
contig_735	900000	1000000	2.0
contig_735	1000000	1100000	5.0
contig_735	1100000	1200000	6.0
contig_735	1200000	1300000	4.0
contig_735	1300000	1400000	1.0
contig_735	1500000	1600000	3.0
contig_735	1600000	1700000	2.0
contig_735	1700000	1800000	1.0
contig_735	1900000	2000000	1.0
contig_735	2000000	2100000	1.0
contig_735	2100000	2200000	1.0
contig_735	2200000	2300000	1.0
contig_735	2400000	2500000	2.0
contig_735	2500000	2600000	8.0
contig_735	2600000	2700000	1.0
contig_735	2900000	3000000	4.0
contig_735	3000000	3100000	4.0
contig_735	3100000	3200000	4.0
contig_735	3200000	3300000	1.0
contig_735	3300000	3400000	2.0
contig_735	3400000	3500000	3.0
contig_735	3500000	3600000	2.0
contig_735	3600000	3700000	1.0
contig_735	3700000	3800000	3.0
contig_735	3800000	3900000	1.0
contig_735	3900000	4000000	1.0
contig_735	4000000	4100000	1.0
contig_735	4100000	4200000	4.0
contig_735	4200000	4300000	2.0
contig_735	4300000	4400000	2.0
contig_735	4500000	4600000	1.0
contig_735	4600000	4700000	1.0
contig_735	5000000	5100000	1.0
contig_735	5300000	5400000	1.0
contig_735	5500000	5600000	1.0
contig_735	5700000	5800000	1.0
contig_735	5800000	5900000	2.0
contig_735	5900000	6000000	2.0
contig_735	6000000	6100000	1.0
contig_735	6200000	6300000	1.0
contig_735	6400000	6500000	2.0
contig_735	6500000	6600000	2.0
contig_735	6600000	6700000	1.0
contig_735	6900000	7000000	1.0
contig_735	7400000	7500000	1.0
contig_735	7700000	7740404	1.0
contig_736	0	100000	2.0
contig_736	100000	200000	1.0
contig_736	500000	600000	2.0
contig_736	600000	700000	1.0
contig_736	800000	900000	1.0
contig_736	900000	1000000	1.0
contig_736	1000000	1100000	3.0
contig_736	1100000	1200000	1.0
contig_736	1200000	1300000	2.0
contig_736	1300000	1388890	2.0
contig_737	0	100000	6.0
contig_737	200000	300000	3.0
contig_737	300000	364830	1.0
contig_738	100000	200000	1.0
contig_738	200000	300000	1.0
contig_738	400000	500000	1.0
contig_738	500000	600000	3.0
contig_738	600000	700000	6.0
contig_738	700000	800000	3.0
contig_738	800000	900000	10.0
contig_738	900000	1000000	1.0
contig_738	1000000	1100000	1.0
contig_738	1200000	1300000	3.0
contig_738	1300000	1400000	1.0
contig_738	1500000	1600000	1.0
contig_738	1800000	1900000	1.0
contig_738	1900000	2000000	1.0
contig_738	2000000	2100000	4.0
contig_738	2100000	2200000	3.0
contig_738	2200000	2300000	4.0
contig_738	2300000	2400000	2.0
contig_738	2400000	2500000	1.0
contig_738	2500000	2600000	2.0
contig_738	2700000	2800000	1.0
contig_738	2800000	2900000	4.0
contig_738	2900000	3000000	4.0
contig_738	3000000	3100000	1.0
contig_738	3100000	3152592	1.0
contig_739	0	100000	3.0
contig_739	100000	153209	1.0
contig_740	0	100000	4.0
contig_740	100000	200000	1.0
contig_740	200000	300000	3.0
contig_740	300000	400000	1.0
contig_740	400000	500000	1.0
contig_740	500000	600000	3.0
contig_740	600000	700000	2.0
contig_740	700000	800000	1.0
contig_740	800000	900000	1.0
contig_740	900000	1000000	1.0
contig_740	1000000	1100000	2.0
contig_740	1100000	1200000	3.0
contig_740	1200000	1300000	1.0
contig_740	1300000	1400000	2.0
contig_740	1400000	1500000	1.0
contig_740	1500000	1600000	1.0
contig_740	1600000	1700000	2.0
contig_740	1700000	1800000	1.0
contig_740	1800000	1900000	1.0
contig_740	1900000	2000000	5.0
contig_740	2000000	2100000	4.0
contig_740	2100000	2200000	1.0
contig_740	2200000	2300000	1.0
contig_740	2300000	2400000	1.0
contig_740	2600000	2700000	3.0
contig_740	2700000	2800000	1.0
contig_740	2800000	2900000	8.0
contig_740	2900000	3000000	2.0
contig_740	3000000	3068736	6.0
contig_741	0	100000	2.0
contig_741	100000	200000	1.0
contig_741	200000	258178	1.0
contig_742	0	100000	2.0
contig_742	100000	146467	4.0
contig_743	0	100000	5.0
contig_743	100000	200000	2.0
contig_743	300000	400000	6.0
contig_743	400000	500000	2.0
contig_743	500000	600000	2.0
contig_743	600000	700000	1.0
contig_743	700000	800000	1.0
contig_743	800000	900000	1.0
contig_743	900000	1000000	2.0
contig_743	1000000	1100000	3.0
contig_743	1200000	1300000	2.0
contig_743	1400000	1500000	1.0
contig_743	1600000	1700000	1.0
contig_743	1700000	1800000	2.0
contig_743	1800000	1900000	2.0
contig_743	1900000	2000000	1.0
contig_743	2000000	2100000	2.0
contig_743	2100000	2200000	3.0
contig_743	2200000	2300000	1.0
contig_743	2300000	2400000	3.0
contig_743	2400000	2500000	1.0
contig_743	2700000	2800000	1.0
contig_743	3500000	3600000	1.0
contig_743	3600000	3700000	2.0
contig_743	3900000	4000000	1.0
contig_743	4000000	4100000	3.0
contig_743	4200000	4300000	1.0
contig_743	4300000	4400000	1.0
contig_743	4400000	4500000	2.0
contig_743	4500000	4600000	1.0
contig_743	4600000	4700000	1.0
contig_743	4700000	4773472	2.0
contig_744	0	100000	4.0
contig_744	100000	200000	4.0
contig_744	200000	300000	1.0
contig_744	300000	400000	3.0
contig_744	400000	500000	5.0
contig_744	500000	600000	3.0
contig_744	600000	700000	4.0
contig_744	700000	800000	2.0
contig_744	800000	900000	1.0
contig_744	900000	1000000	1.0
contig_744	1100000	1200000	1.0
contig_744	1200000	1300000	3.0
contig_744	1300000	1400000	2.0
contig_744	1400000	1500000	3.0
contig_744	1600000	1700000	1.0
contig_744	1700000	1800000	6.0
contig_744	1900000	2000000	1.0
contig_744	2300000	2400000	1.0
contig_744	2400000	2500000	1.0
contig_744	2500000	2600000	2.0
contig_744	2600000	2700000	4.0
contig_744	2700000	2800000	4.0
contig_744	2800000	2900000	3.0
contig_744	2900000	3000000	1.0
contig_744	3000000	3007730	1.0
contig_745	0	100000	2.0
contig_745	100000	200000	1.0
contig_745	300000	382308	1.0
contig_746	100000	200000	1.0
contig_746	200000	300000	5.0
contig_746	300000	400000	1.0
contig_746	400000	500000	4.0
contig_746	500000	600000	3.0
contig_746	600000	700000	6.0
contig_746	700000	800000	1.0
contig_746	800000	900000	4.0
contig_746	900000	1000000	1.0
contig_746	1000000	1100000	2.0
contig_746	1100000	1200000	2.0
contig_746	1200000	1300000	5.0
contig_746	1300000	1400000	2.0
contig_746	1400000	1500000	3.0
contig_746	1500000	1600000	1.0
contig_746	1600000	1700000	2.0
contig_746	1700000	1779066	3.0
contig_747	0	100000	1.0
contig_747	100000	200000	1.0
contig_747	200000	300000	2.0
contig_747	300000	400000	1.0
contig_747	400000	418183	1.0
contig_748	0	100000	2.0
contig_748	100000	200000	4.0
contig_748	200000	300000	2.0
contig_748	300000	400000	1.0
contig_748	400000	500000	1.0
contig_748	500000	600000	4.0
contig_748	600000	700000	1.0
contig_748	700000	800000	6.0
contig_748	800000	900000	2.0
contig_748	900000	1000000	1.0
contig_748	1000000	1100000	1.0
contig_748	1100000	1200000	3.0
contig_748	1200000	1300000	3.0
contig_748	1300000	1400000	7.0
contig_748	1400000	1500000	1.0
contig_748	1500000	1600000	1.0
contig_748	1600000	1700000	7.0
contig_748	1700000	1800000	1.0
contig_748	1800000	1900000	3.0
contig_748	1900000	2000000	1.0
contig_748	2000000	2100000	5.0
contig_748	2100000	2119950	5.0
contig_749	0	100000	3.0
contig_749	100000	200000	3.0
contig_749	200000	272414	2.0
contig_750	0	100000	1.0
contig_750	100000	200000	1.0
contig_750	200000	300000	1.0
contig_750	300000	400000	3.0
contig_750	400000	500000	3.0
contig_750	500000	600000	2.0
contig_750	600000	700000	1.0
contig_750	700000	800000	1.0
contig_750	800000	869390	3.0
contig_751	0	100000	1.0
contig_751	200000	300000	1.0
contig_751	300000	400000	1.0
contig_751	400000	500000	4.0
contig_751	500000	600000	4.0
contig_751	600000	700000	4.0
contig_751	700000	800000	4.0
contig_751	800000	900000	1.0
contig_751	1000000	1100000	1.0
contig_751	1200000	1300000	1.0
contig_751	1500000	1600000	2.0
contig_751	1600000	1700000	1.0
contig_751	1700000	1800000	1.0
contig_751	1800000	1900000	1.0
contig_751	1900000	2000000	1.0
contig_751	2000000	2100000	1.0
contig_751	2200000	2300000	3.0
contig_751	2300000	2400000	2.0
contig_751	2400000	2500000	1.0
contig_751	2700000	2800000	1.0
contig_751	3500000	3600000	2.0
contig_751	3800000	3900000	2.0
contig_751	3900000	3954084	4.0
contig_752	0	100000	4.0
contig_752	100000	200000	3.0
contig_752	200000	300000	2.0
contig_752	300000	400000	8.0
contig_752	400000	500000	3.0
contig_752	600000	700000	4.0
contig_752	700000	800000	3.0
contig_752	800000	900000	1.0
contig_752	900000	1000000	3.0
contig_752	1000000	1100000	6.0
contig_752	1100000	1200000	3.0
contig_752	1200000	1300000	2.0
contig_752	1300000	1400000	1.0
contig_752	1400000	1500000	1.0
contig_752	1500000	1589616	3.0
contig_753	0	100000	1.0
contig_753	100000	200000	6.0
contig_753	200000	300000	2.0
contig_753	300000	400000	1.0
contig_753	400000	500000	3.0
contig_753	500000	600000	4.0
contig_753	600000	657704	4.0
contig_754	0	100000	1.0
contig_754	100000	200000	2.0
contig_754	200000	300000	1.0
contig_754	300000	303237	1.0
contig_755	0	100000	1.0
contig_755	100000	200000	1.0
contig_755	500000	600000	3.0
contig_755	600000	700000	1.0
contig_755	700000	800000	1.0
contig_755	800000	900000	1.0
contig_755	900000	1000000	3.0
contig_755	1000000	1100000	1.0
contig_755	1200000	1300000	1.0
contig_755	1300000	1400000	1.0
contig_755	1400000	1500000	1.0
contig_755	1500000	1600000	1.0
contig_755	1600000	1700000	1.0
contig_755	1900000	2000000	2.0
contig_755	2300000	2400000	3.0
contig_755	2400000	2500000	4.0
contig_755	2500000	2544147	1.0
contig_756	0	49414	1.0
contig_757	0	100000	5.0
contig_757	100000	200000	2.0
contig_757	200000	300000	1.0
contig_757	300000	400000	8.0
contig_757	400000	500000	1.0
contig_757	500000	600000	1.0
contig_757	700000	800000	3.0
contig_757	800000	900000	1.0
contig_757	900000	1000000	1.0
contig_757	1000000	1100000	1.0
contig_757	1100000	1200000	1.0
contig_757	1200000	1300000	1.0
contig_757	1300000	1400000	1.0
contig_757	1400000	1500000	1.0
contig_757	1500000	1600000	2.0
contig_757	1600000	1700000	3.0
contig_757	1700000	1800000	2.0
contig_757	1800000	1900000	5.0
contig_757	1900000	2000000	2.0
contig_757	2000000	2100000	3.0
contig_757	2100000	2200000	2.0
contig_757	2200000	2300000	8.0
contig_757	2300000	2400000	5.0
contig_757	2400000	2500000	4.0
contig_757	2500000	2600000	3.0
contig_757	2600000	2700000	2.0
contig_757	2700000	2800000	1.0
contig_757	2800000	2900000	1.0
contig_757	3000000	3100000	1.0
contig_757	3100000	3200000	1.0
contig_757	3300000	3400000	1.0
contig_757	3400000	3500000	6.0
contig_757	3500000	3600000	2.0
contig_757	3600000	3700000	3.0
contig_757	3700000	3800000	1.0
contig_757	3800000	3900000	1.0
contig_757	3900000	4000000	1.0
contig_757	4000000	4100000	1.0
contig_757	4200000	4300000	1.0
contig_757	4300000	4400000	1.0
contig_757	4400000	4500000	4.0
contig_757	4500000	4600000	4.0
contig_757	4600000	4700000	2.0
contig_757	4700000	4800000	1.0
contig_757	4900000	5000000	1.0
contig_757	5100000	5200000	3.0
contig_757	5200000	5300000	1.0
contig_757	5300000	5400000	2.0
contig_757	5400000	5500000	1.0
contig_757	5500000	5600000	4.0
contig_757	5600000	5617621	1.0
contig_758	0	100000	2.0
contig_758	100000	130478	2.0
contig_759	0	100000	3.0
contig_759	100000	200000	6.0
contig_759	200000	300000	2.0
contig_759	300000	400000	2.0
contig_759	400000	500000	1.0
contig_759	500000	600000	2.0
contig_759	700000	800000	3.0
contig_759	800000	900000	1.0
contig_759	900000	1000000	1.0
contig_759	1000000	1065060	1.0
contig_760	0	100000	2.0
contig_760	100000	200000	4.0
contig_760	200000	231089	2.0
contig_761	0	100000	1.0
contig_761	100000	200000	4.0
contig_761	200000	300000	5.0
contig_761	300000	400000	2.0
contig_761	400000	491356	1.0
contig_762	0	100000	1.0
contig_762	200000	300000	3.0
contig_762	300000	400000	5.0
contig_762	400000	500000	4.0
contig_762	500000	600000	2.0
contig_762	600000	700000	5.0
contig_762	700000	800000	4.0
contig_762	800000	900000	4.0
contig_762	900000	1000000	6.0
contig_762	1000000	1100000	3.0
contig_762	1100000	1200000	2.0
contig_762	1200000	1300000	1.0
contig_762	1300000	1400000	1.0
contig_762	1400000	1500000	1.0
contig_762	1500000	1600000	3.0
contig_762	1700000	1800000	2.0
contig_762	1800000	1900000	2.0
contig_762	1900000	2000000	1.0
contig_762	2000000	2100000	1.0
contig_762	2100000	2200000	2.0
contig_762	2200000	2300000	2.0
contig_762	2300000	2400000	2.0
contig_762	2400000	2453807	3.0
contig_763	200000	300000	3.0
contig_763	300000	400000	1.0
contig_763	500000	600000	1.0
contig_763	600000	632004	1.0
contig_764	100000	200000	2.0
contig_764	200000	300000	6.0
contig_764	300000	400000	2.0
contig_764	400000	500000	2.0
contig_764	500000	520833	3.0
contig_765	0	100000	2.0
contig_765	300000	400000	1.0
contig_765	500000	600000	1.0
contig_765	600000	620212	2.0
contig_766	0	100000	6.0
contig_766	100000	200000	1.0
contig_766	200000	300000	2.0
contig_766	300000	400000	2.0
contig_766	400000	500000	1.0
contig_766	700000	800000	3.0
contig_766	900000	1000000	1.0
contig_766	1000000	1100000	2.0
contig_766	1100000	1200000	3.0
contig_766	1200000	1300000	3.0
contig_766	1300000	1400000	2.0
contig_766	1400000	1500000	3.0
contig_766	1500000	1600000	2.0
contig_766	1700000	1800000	2.0
contig_767	300000	400000	3.0
contig_767	400000	500000	1.0
contig_767	500000	600000	1.0
contig_767	600000	700000	2.0
contig_767	800000	900000	1.0
contig_767	900000	1000000	3.0
contig_767	1000000	1100000	3.0
contig_767	1100000	1200000	2.0
contig_767	1200000	1300000	1.0
contig_767	1300000	1400000	3.0
contig_767	1600000	1700000	10.0
contig_767	1700000	1800000	2.0
contig_767	1800000	1900000	2.0
contig_767	2000000	2100000	2.0
contig_767	2100000	2200000	4.0
contig_767	2200000	2300000	2.0
contig_767	2300000	2400000	4.0
contig_767	2500000	2600000	2.0
contig_767	2600000	2700000	5.0
contig_767	2700000	2800000	10.0
contig_767	2800000	2900000	2.0
contig_767	2900000	3000000	2.0
contig_767	3000000	3100000	3.0
contig_767	3100000	3200000	1.0
contig_767	3200000	3300000	3.0
contig_767	3300000	3400000	4.0
contig_767	3400000	3500000	1.0
contig_767	3500000	3523112	1.0
contig_768	0	69646	5.0
contig_769	0	100000	1.0
contig_769	100000	200000	4.0
contig_769	200000	300000	6.0
contig_769	300000	400000	6.0
contig_769	400000	443443	1.0
contig_770	100000	200000	1.0
contig_770	400000	500000	2.0
contig_770	600000	700000	1.0
contig_770	700000	800000	2.0
contig_770	900000	1000000	2.0
contig_770	1000000	1100000	1.0
contig_770	1100000	1165422	2.0
contig_772	0	100000	3.0
contig_772	300000	400000	2.0
contig_772	400000	500000	2.0
contig_773	0	100000	1.0
contig_773	100000	200000	2.0
contig_773	200000	300000	3.0
contig_773	300000	400000	3.0
contig_773	400000	500000	4.0
contig_773	500000	600000	1.0
contig_773	600000	700000	2.0
contig_773	700000	800000	1.0
contig_773	800000	900000	1.0
contig_773	900000	1000000	1.0
contig_773	1000000	1100000	1.0
contig_773	1100000	1200000	7.0
contig_773	1200000	1300000	2.0
contig_773	1500000	1600000	1.0
contig_773	1600000	1700000	3.0
contig_773	1700000	1800000	1.0
contig_773	1800000	1900000	3.0
contig_773	1900000	2000000	1.0
contig_773	2000000	2100000	1.0
contig_773	2200000	2300000	1.0
contig_773	2500000	2600000	1.0
contig_773	2600000	2700000	1.0
contig_773	2900000	3000000	1.0
contig_773	3300000	3400000	1.0
contig_773	3400000	3500000	1.0
contig_773	3600000	3700000	2.0
contig_773	3700000	3800000	2.0
contig_773	3900000	4000000	2.0
contig_773	4000000	4100000	2.0
contig_773	4100000	4200000	3.0
contig_773	4200000	4300000	3.0
contig_773	4300000	4400000	5.0
contig_773	4400000	4500000	5.0
contig_773	4500000	4600000	2.0
contig_773	4600000	4700000	5.0
contig_773	4700000	4800000	2.0
contig_773	4800000	4900000	3.0
contig_773	4900000	5000000	2.0
contig_773	5000000	5100000	1.0
contig_773	5100000	5200000	3.0
contig_773	5200000	5300000	4.0
contig_773	5400000	5500000	2.0
contig_773	5500000	5600000	5.0
contig_773	5600000	5700000	2.0
contig_773	5700000	5800000	1.0
contig_773	5800000	5900000	1.0
contig_773	5900000	5971126	1.0
contig_774	0	100000	2.0
contig_774	100000	200000	1.0
contig_774	200000	300000	1.0
contig_774	300000	400000	3.0
contig_774	400000	500000	2.0
contig_774	500000	600000	2.0
contig_774	600000	700000	1.0
contig_774	700000	800000	1.0
contig_774	800000	900000	1.0
contig_774	900000	1000000	3.0
contig_774	1000000	1100000	9.0
contig_774	1100000	1200000	2.0
contig_774	1200000	1300000	1.0
contig_774	1300000	1400000	1.0
contig_774	1400000	1500000	3.0
contig_774	1500000	1600000	2.0
contig_774	1600000	1700000	3.0
contig_774	1700000	1800000	5.0
contig_774	1800000	1900000	5.0
contig_774	1900000	2000000	3.0
contig_774	2000000	2100000	2.0
contig_774	2100000	2200000	2.0
contig_774	2200000	2300000	3.0
contig_774	2300000	2400000	2.0
contig_774	2400000	2500000	4.0
contig_774	2500000	2600000	4.0
contig_774	2600000	2700000	5.0
contig_774	2700000	2800000	4.0
contig_774	2800000	2900000	4.0
contig_774	2900000	3000000	1.0
contig_774	3000000	3100000	1.0
contig_774	3100000	3127003	1.0
contig_775	0	100000	1.0
contig_775	400000	500000	1.0
contig_775	500000	600000	3.0
contig_775	600000	700000	1.0
contig_775	800000	900000	1.0
contig_775	900000	1000000	2.0
contig_775	1100000	1200000	1.0
contig_775	1200000	1300000	2.0
contig_775	1500000	1600000	2.0
contig_775	1600000	1700000	1.0
contig_775	1800000	1900000	1.0
contig_775	2300000	2400000	2.0
contig_775	2400000	2500000	3.0
contig_775	2700000	2800000	1.0
contig_775	2800000	2900000	1.0
contig_775	2900000	3000000	1.0
contig_775	3000000	3100000	2.0
contig_775	3100000	3200000	1.0
contig_775	3200000	3300000	3.0
contig_775	3400000	3500000	1.0
contig_775	3500000	3600000	2.0
contig_775	3600000	3655279	1.0
contig_777	200000	300000	1.0
contig_777	300000	400000	2.0
contig_777	400000	500000	3.0
contig_777	500000	600000	1.0
contig_777	600000	700000	4.0
contig_777	800000	900000	1.0
contig_777	900000	1000000	2.0
contig_777	1000000	1100000	1.0
contig_777	1100000	1200000	2.0
contig_777	1300000	1400000	1.0
contig_777	1600000	1700000	1.0
contig_777	1800000	1900000	2.0
contig_777	2100000	2200000	3.0
contig_777	2200000	2300000	1.0
contig_777	2300000	2400000	2.0
contig_777	2400000	2500000	1.0
contig_777	2500000	2547998	1.0
contig_778	0	100000	3.0
contig_778	100000	200000	5.0
contig_778	200000	300000	1.0
contig_778	300000	400000	2.0
contig_778	400000	500000	2.0
contig_778	600000	700000	2.0
contig_778	700000	800000	1.0
contig_778	800000	900000	1.0
contig_778	1000000	1100000	1.0
contig_778	1100000	1200000	1.0
contig_778	1300000	1400000	3.0
contig_778	1400000	1500000	1.0
contig_778	1500000	1600000	2.0
contig_778	1600000	1700000	1.0
contig_778	1700000	1800000	2.0
contig_778	1800000	1900000	1.0
contig_778	2100000	2200000	1.0
contig_778	2200000	2300000	1.0
contig_778	2600000	2700000	2.0
contig_778	2700000	2800000	2.0
contig_778	2800000	2900000	4.0
contig_778	3000000	3043474	2.0
contig_779	0	100000	1.0
contig_779	100000	200000	1.0
contig_779	200000	265184	2.0
contig_780	0	100000	1.0
contig_780	100000	200000	1.0
contig_780	200000	300000	3.0
contig_780	300000	400000	2.0
contig_780	500000	600000	1.0
contig_780	600000	700000	2.0
contig_780	700000	800000	3.0
contig_780	800000	900000	3.0
contig_780	1000000	1100000	4.0
contig_780	1100000	1200000	2.0
contig_780	1200000	1300000	5.0
contig_780	1300000	1400000	5.0
contig_780	1400000	1500000	2.0
contig_780	1500000	1600000	3.0
contig_780	1600000	1700000	2.0
contig_780	1700000	1800000	3.0
contig_780	1800000	1900000	1.0
contig_780	2000000	2100000	1.0
contig_780	2100000	2200000	1.0
contig_780	2200000	2300000	1.0
contig_780	2300000	2400000	1.0
contig_780	2400000	2500000	1.0
contig_780	2600000	2700000	2.0
contig_780	2700000	2800000	2.0
contig_780	2900000	3000000	1.0
contig_781	0	100000	2.0
contig_781	100000	200000	5.0
contig_781	200000	300000	1.0
contig_781	300000	306165	1.0
contig_782	0	100000	3.0
contig_782	200000	300000	5.0
contig_782	500000	600000	1.0
contig_782	600000	700000	1.0
contig_782	700000	800000	2.0
contig_782	800000	900000	1.0
contig_782	900000	1000000	1.0
contig_782	1000000	1100000	2.0
contig_782	1100000	1200000	3.0
contig_782	1200000	1224879	1.0
contig_783	0	100000	1.0
contig_783	100000	200000	3.0
contig_783	200000	300000	1.0
contig_783	300000	400000	7.0
contig_783	400000	500000	3.0
contig_783	500000	600000	1.0
contig_783	600000	700000	3.0
contig_783	700000	800000	2.0
contig_783	1000000	1100000	1.0
contig_783	1100000	1200000	2.0
contig_783	1200000	1300000	1.0
contig_783	1300000	1369169	3.0
contig_784	300000	400000	1.0
contig_784	500000	600000	1.0
contig_784	900000	1000000	1.0
contig_784	1000000	1100000	2.0
contig_784	1100000	1200000	1.0
contig_784	1300000	1400000	1.0
contig_784	1500000	1600000	2.0
contig_784	1700000	1800000	2.0
contig_784	1800000	1843126	1.0
contig_785	0	100000	1.0
contig_785	100000	200000	1.0
contig_785	300000	400000	1.0
contig_785	600000	700000	1.0
contig_785	700000	800000	4.0
contig_785	800000	900000	3.0
contig_785	900000	1000000	3.0
contig_785	1000000	1100000	1.0
contig_785	1100000	1200000	2.0
contig_785	1400000	1500000	1.0
contig_785	1700000	1800000	3.0
contig_785	1800000	1900000	1.0
contig_785	2000000	2100000	1.0
contig_785	2100000	2200000	2.0
contig_785	2200000	2200750	2.0
contig_786	0	100000	3.0
contig_786	100000	200000	3.0
contig_786	200000	300000	3.0
contig_786	300000	311230	1.0
contig_787	0	100000	1.0
contig_787	100000	200000	3.0
contig_787	200000	300000	6.0
contig_787	300000	392748	7.0
contig_788	0	100000	3.0
contig_788	100000	200000	1.0
contig_788	200000	300000	1.0
contig_788	300000	400000	1.0
contig_788	500000	600000	1.0
contig_788	600000	700000	1.0
contig_788	700000	800000	1.0
contig_788	800000	900000	1.0
contig_788	900000	1000000	4.0
contig_788	1000000	1100000	2.0
contig_788	1100000	1200000	2.0
contig_788	1200000	1300000	2.0
contig_788	1300000	1400000	1.0
contig_788	1500000	1600000	1.0
contig_788	1700000	1800000	6.0
contig_788	1800000	1900000	3.0
contig_788	1900000	2000000	3.0
contig_788	2000000	2100000	1.0
contig_788	2200000	2256731	1.0
contig_789	0	100000	2.0
contig_789	100000	152237	2.0
contig_790	0	100000	1.0
contig_790	200000	300000	1.0
contig_790	500000	600000	1.0
contig_790	600000	700000	1.0
contig_790	700000	800000	1.0
contig_790	800000	900000	1.0
contig_790	900000	1000000	4.0
contig_790	1200000	1300000	1.0
contig_790	1400000	1500000	1.0
contig_790	1500000	1600000	7.0
contig_790	1600000	1700000	1.0
contig_790	1800000	1900000	1.0
contig_790	2000000	2100000	4.0
contig_790	2100000	2200000	5.0
contig_790	2200000	2300000	4.0
contig_790	2300000	2400000	1.0
contig_790	2400000	2492786	2.0
contig_791	0	100000	4.0
contig_791	100000	200000	1.0
contig_791	200000	300000	2.0
contig_791	300000	400000	4.0
contig_791	400000	500000	3.0
contig_791	500000	600000	3.0
contig_791	600000	700000	3.0
contig_791	700000	800000	2.0
contig_791	800000	900000	1.0
contig_791	900000	1000000	1.0
contig_791	1100000	1120111	2.0
contig_792	100000	200000	1.0
contig_793	0	100000	2.0
contig_793	100000	200000	1.0
contig_793	200000	267174	1.0
contig_794	0	100000	3.0
contig_794	100000	200000	6.0
contig_794	200000	300000	2.0
contig_794	400000	500000	1.0
contig_794	500000	600000	1.0
contig_794	600000	700000	1.0
contig_794	700000	800000	2.0
contig_794	800000	900000	1.0
contig_794	900000	1000000	2.0
contig_794	1000000	1100000	4.0
contig_794	1100000	1200000	2.0
contig_794	1200000	1300000	4.0
contig_794	1300000	1400000	4.0
contig_794	1400000	1500000	1.0
contig_794	1500000	1600000	1.0
contig_794	1600000	1668699	1.0
contig_795	0	100000	1.0
contig_795	100000	200000	1.0
contig_795	200000	300000	4.0
contig_795	300000	400000	1.0
contig_795	400000	423702	1.0
contig_796	100000	200000	2.0
contig_796	500000	600000	1.0
contig_796	600000	700000	2.0
contig_796	700000	800000	2.0
contig_796	900000	1000000	1.0
contig_796	1000000	1100000	6.0
contig_796	1100000	1179931	4.0
contig_798	0	100000	2.0
contig_798	100000	200000	2.0
contig_798	200000	300000	2.0
contig_798	300000	354421	6.0
contig_799	0	100000	1.0
contig_799	100000	200000	7.0
contig_799	200000	300000	6.0
contig_799	300000	400000	3.0
contig_799	400000	500000	2.0
contig_799	500000	600000	1.0
contig_799	600000	700000	3.0
contig_799	700000	800000	2.0
contig_799	800000	900000	2.0
contig_799	900000	1000000	1.0
contig_799	1200000	1300000	1.0
contig_799	1300000	1400000	2.0
contig_799	1400000	1500000	8.0
contig_799	1500000	1600000	2.0
contig_799	1800000	1900000	1.0
contig_799	1900000	2000000	1.0
contig_799	2000000	2100000	7.0
contig_799	2100000	2200000	1.0
contig_799	2200000	2300000	5.0
contig_799	2300000	2400000	5.0
contig_799	2400000	2500000	3.0
contig_799	2500000	2600000	5.0
contig_799	2600000	2700000	5.0
contig_799	2700000	2800000	3.0
contig_799	2800000	2900000	2.0
contig_799	2900000	3000000	4.0
contig_799	3000000	3100000	1.0
contig_799	3100000	3200000	1.0
contig_799	3200000	3300000	2.0
contig_799	3300000	3400000	3.0
contig_799	3400000	3500000	1.0
contig_799	3500000	3600000	2.0
contig_799	3600000	3700000	12.0
contig_799	3700000	3800000	9.0
contig_799	3800000	3900000	3.0
contig_799	3900000	4000000	2.0
contig_799	4000000	4100000	2.0
contig_799	4100000	4200000	3.0
contig_799	4200000	4300000	3.0
contig_799	4300000	4400000	1.0
contig_799	4400000	4500000	1.0
contig_799	4500000	4600000	2.0
contig_799	4600000	4700000	2.0
contig_799	4700000	4800000	2.0
contig_799	4800000	4890083	1.0
contig_800	0	100000	1.0
contig_800	100000	200000	1.0
contig_800	300000	400000	2.0
contig_800	400000	500000	4.0
contig_800	500000	600000	1.0
contig_800	600000	700000	1.0
contig_800	700000	800000	4.0
contig_800	800000	812149	1.0
contig_801	100000	200000	2.0
contig_801	200000	300000	5.0
contig_801	300000	400000	3.0
contig_801	600000	700000	1.0
contig_801	700000	800000	5.0
contig_801	800000	900000	3.0
contig_801	900000	1000000	3.0
contig_801	1000000	1100000	1.0
contig_801	1100000	1200000	1.0
contig_801	1200000	1300000	1.0
contig_801	1400000	1500000	1.0
contig_801	1700000	1800000	3.0
contig_801	1800000	1900000	1.0
contig_801	1900000	2000000	2.0
contig_801	2000000	2100000	1.0
contig_801	2100000	2200000	2.0
contig_801	2200000	2300000	3.0
contig_801	2300000	2361549	3.0
contig_802	0	100000	3.0
contig_802	100000	200000	2.0
contig_802	200000	300000	6.0
contig_802	300000	400000	4.0
contig_802	400000	500000	3.0
contig_802	500000	600000	7.0
contig_802	700000	800000	3.0
contig_802	800000	900000	3.0
contig_802	900000	1000000	1.0
contig_802	1000000	1100000	1.0
contig_802	1100000	1166771	4.0
contig_803	0	100000	1.0
contig_803	100000	200000	3.0
contig_803	200000	223408	1.0
contig_804	100000	200000	6.0
contig_804	200000	300000	1.0
contig_804	500000	600000	1.0
contig_804	600000	700000	3.0
contig_805	0	100000	1.0
contig_805	200000	300000	2.0
contig_805	300000	400000	2.0
contig_805	500000	600000	1.0
contig_805	1000000	1100000	1.0
contig_805	1100000	1200000	2.0
contig_805	1200000	1300000	1.0
contig_805	1300000	1400000	5.0
contig_805	1400000	1500000	4.0
contig_805	1500000	1600000	4.0
contig_805	1600000	1700000	1.0
contig_805	1700000	1800000	1.0
contig_805	1800000	1900000	3.0
contig_805	1900000	2000000	2.0
contig_805	2000000	2100000	6.0
contig_805	2100000	2200000	1.0
contig_805	2300000	2313366	1.0
contig_806	0	100000	1.0
contig_806	100000	200000	5.0
contig_806	200000	300000	2.0
contig_806	300000	381444	1.0
contig_807	0	100000	2.0
contig_807	300000	308425	2.0
contig_808	0	100000	2.0
contig_808	100000	176690	3.0
contig_809	0	100000	1.0
contig_809	100000	200000	7.0
contig_809	200000	300000	2.0
contig_809	300000	400000	3.0
contig_809	400000	500000	4.0
contig_809	500000	600000	8.0
contig_809	600000	700000	4.0
contig_809	700000	800000	1.0
contig_809	800000	900000	1.0
contig_809	900000	1000000	3.0
contig_809	1000000	1100000	5.0
contig_809	1200000	1300000	2.0
contig_809	1300000	1400000	2.0
contig_809	1400000	1500000	2.0
contig_809	1500000	1600000	1.0
contig_809	1700000	1800000	2.0
contig_809	1800000	1900000	1.0
contig_809	2000000	2100000	1.0
contig_809	2100000	2140683	2.0
contig_810	0	100000	2.0
contig_810	200000	300000	1.0
contig_810	300000	400000	1.0
contig_810	400000	500000	1.0
contig_810	500000	600000	1.0
contig_810	600000	700000	4.0
contig_810	700000	800000	3.0
contig_810	800000	900000	2.0
contig_810	900000	1000000	3.0
contig_810	1000000	1100000	5.0
contig_810	1100000	1200000	4.0
contig_810	1300000	1400000	1.0
contig_810	1400000	1500000	2.0
contig_810	1500000	1600000	2.0
contig_810	1600000	1700000	1.0
contig_810	1700000	1800000	2.0
contig_810	1800000	1900000	1.0
contig_810	1900000	2000000	2.0
contig_810	2000000	2100000	3.0
contig_810	2100000	2200000	1.0
contig_810	2200000	2300000	2.0
contig_810	2300000	2400000	2.0
contig_810	2400000	2500000	3.0
contig_810	2500000	2600000	3.0
contig_810	2600000	2700000	2.0
contig_810	2700000	2800000	4.0
contig_810	2800000	2900000	2.0
contig_810	2900000	3000000	1.0
contig_810	3000000	3100000	1.0
contig_810	3100000	3200000	1.0
contig_810	3200000	3300000	4.0
contig_810	3300000	3400000	2.0
contig_810	3400000	3500000	6.0
contig_810	3500000	3600000	3.0
contig_810	3600000	3700000	2.0
contig_810	3700000	3800000	3.0
contig_810	3800000	3900000	1.0
contig_810	3900000	4000000	4.0
contig_810	4000000	4100000	1.0
contig_810	4100000	4200000	1.0
contig_810	4200000	4300000	1.0
contig_810	4400000	4500000	1.0
contig_810	4500000	4600000	1.0
contig_810	4700000	4782853	4.0
contig_811	0	100000	4.0
contig_811	100000	200000	1.0
contig_811	200000	300000	2.0
contig_811	300000	361141	5.0
contig_812	300000	400000	3.0
contig_812	800000	900000	3.0
contig_812	1000000	1100000	2.0
contig_812	1100000	1200000	5.0
contig_812	1200000	1300000	1.0
contig_812	1300000	1400000	1.0
contig_812	1400000	1500000	1.0
contig_812	1500000	1600000	4.0
contig_812	1800000	1900000	1.0
contig_812	2000000	2100000	1.0
contig_812	2100000	2200000	1.0
contig_812	2200000	2300000	1.0
contig_812	2400000	2500000	1.0
contig_812	2500000	2600000	2.0
contig_812	2700000	2800000	3.0
contig_812	2800000	2900000	2.0
contig_812	2900000	3000000	2.0
contig_812	3100000	3200000	2.0
contig_812	3200000	3300000	2.0
contig_812	3300000	3400000	2.0
contig_812	3400000	3500000	3.0
contig_812	3500000	3600000	6.0
contig_812	3600000	3700000	2.0
contig_812	3900000	4000000	2.0
contig_812	4000000	4100000	2.0
contig_812	4200000	4300000	2.0
contig_812	4300000	4400000	1.0
contig_812	4400000	4500000	1.0
contig_812	4500000	4600000	4.0
contig_812	4600000	4700000	7.0
contig_812	4700000	4800000	3.0
contig_812	4800000	4900000	7.0
contig_812	4900000	5000000	2.0
contig_812	5000000	5100000	3.0
contig_812	5200000	5300000	2.0
contig_812	5300000	5400000	1.0
contig_812	5400000	5500000	1.0
contig_812	5500000	5600000	1.0
contig_812	5600000	5700000	3.0
contig_812	5800000	5900000	2.0
contig_812	6000000	6043376	2.0
contig_813	0	100000	5.0
contig_813	100000	200000	3.0
contig_813	200000	271666	1.0
contig_814	0	100000	4.0
contig_814	100000	200000	1.0
contig_814	400000	500000	2.0
contig_814	500000	576733	2.0
contig_815	100000	200000	1.0
contig_816	0	100000	4.0
contig_816	100000	200000	1.0
contig_816	200000	300000	5.0
contig_816	300000	400000	3.0
contig_816	400000	500000	5.0
contig_816	500000	600000	6.0
contig_816	600000	700000	6.0
contig_816	700000	800000	3.0
contig_816	800000	900000	1.0
contig_816	900000	1000000	2.0
contig_816	1000000	1100000	2.0
contig_816	1100000	1200000	4.0
contig_816	1200000	1300000	2.0
contig_816	1300000	1400000	4.0
contig_816	1600000	1700000	2.0
contig_816	1700000	1800000	4.0
contig_816	1900000	2000000	2.0
contig_816	2100000	2200000	1.0
contig_816	2200000	2300000	3.0
contig_816	2300000	2400000	3.0
contig_816	2400000	2500000	3.0
contig_816	2500000	2600000	2.0
contig_816	2600000	2700000	3.0
contig_816	2800000	2900000	4.0
contig_816	2900000	3000000	4.0
contig_816	3200000	3300000	1.0
contig_816	3500000	3600000	1.0
contig_816	3600000	3700000	1.0
contig_816	3700000	3758520	3.0
contig_817	0	100000	1.0
contig_817	200000	300000	3.0
contig_817	300000	400000	1.0
contig_817	400000	500000	1.0
contig_817	500000	574268	4.0
contig_818	0	100000	3.0
contig_818	100000	200000	1.0
contig_818	200000	300000	3.0
contig_818	300000	400000	2.0
contig_818	500000	600000	2.0
contig_818	600000	700000	3.0
contig_818	900000	1000000	2.0
contig_818	1000000	1100000	2.0
contig_818	1100000	1200000	2.0
contig_818	1200000	1300000	2.0
contig_818	1300000	1400000	1.0
contig_818	1500000	1600000	3.0
contig_818	1600000	1700000	6.0
contig_818	1700000	1800000	2.0
contig_818	1800000	1900000	6.0
contig_818	1900000	2000000	2.0
contig_818	2000000	2100000	1.0
contig_818	2100000	2200000	6.0
contig_818	2200000	2300000	2.0
contig_818	2300000	2345129	4.0
contig_819	0	100000	3.0
contig_819	100000	131018	2.0
contig_820	0	100000	5.0
contig_820	100000	200000	2.0
contig_820	200000	300000	6.0
contig_820	300000	400000	4.0
contig_820	400000	500000	6.0
contig_820	500000	600000	4.0
contig_820	700000	800000	1.0
contig_820	800000	900000	1.0
contig_820	1000000	1100000	1.0
contig_820	1100000	1200000	5.0
contig_820	1200000	1300000	6.0
contig_820	1300000	1400000	2.0
contig_820	1400000	1500000	2.0
contig_820	1500000	1600000	5.0
contig_820	1700000	1800000	1.0
contig_820	1800000	1900000	2.0
contig_820	1900000	2000000	3.0
contig_820	2000000	2100000	5.0
contig_820	2100000	2200000	2.0
contig_820	2200000	2300000	1.0
contig_820	2300000	2400000	1.0
contig_820	2400000	2500000	8.0
contig_820	2500000	2600000	4.0
contig_820	2600000	2700000	1.0
contig_820	2700000	2800000	1.0
contig_820	2800000	2900000	1.0
contig_820	2900000	3000000	4.0
contig_820	3000000	3100000	5.0
contig_820	3200000	3300000	8.0
contig_820	3300000	3400000	3.0
contig_820	3400000	3500000	3.0
contig_820	3500000	3600000	1.0
contig_820	3800000	3900000	1.0
contig_820	4000000	4100000	1.0
contig_820	4100000	4200000	1.0
contig_820	4200000	4300000	1.0
contig_820	4300000	4400000	5.0
contig_820	4400000	4500000	1.0
contig_820	4500000	4600000	5.0
contig_820	4600000	4700000	2.0
contig_820	4700000	4800000	4.0
contig_820	4800000	4885484	6.0
contig_821	0	100000	3.0
contig_821	100000	200000	1.0
contig_821	200000	300000	3.0
contig_821	300000	344987	1.0
contig_822	0	100000	5.0
contig_822	100000	200000	2.0
contig_822	200000	210604	1.0
contig_823	0	100000	1.0
contig_823	100000	200000	4.0
contig_823	200000	300000	4.0
contig_823	300000	324890	2.0
contig_824	0	100000	2.0
contig_824	200000	300000	3.0
contig_824	300000	352236	1.0
contig_825	100000	200000	1.0
contig_825	500000	600000	1.0
contig_825	600000	700000	1.0
contig_825	700000	730134	1.0
contig_826	100000	200000	3.0
contig_826	200000	300000	3.0
contig_826	300000	400000	3.0
contig_826	400000	454369	7.0
contig_827	0	100000	7.0
contig_827	100000	200000	7.0
contig_827	200000	300000	4.0
contig_827	300000	400000	2.0
contig_827	500000	600000	2.0
contig_827	600000	700000	6.0
contig_827	700000	800000	1.0
contig_827	800000	900000	2.0
contig_827	900000	992010	2.0
contig_828	0	100000	2.0
contig_828	100000	200000	3.0
contig_828	200000	300000	2.0
contig_828	300000	400000	1.0
contig_828	400000	500000	1.0
contig_828	500000	600000	2.0
contig_828	600000	700000	1.0
contig_828	700000	800000	1.0
contig_828	800000	846089	1.0
contig_829	0	100000	1.0
contig_829	100000	200000	4.0
contig_829	200000	300000	3.0
contig_829	300000	400000	1.0
contig_829	400000	500000	3.0
contig_829	500000	524812	2.0
contig_830	0	100000	1.0
contig_830	200000	224653	1.0
contig_831	300000	400000	1.0
contig_831	500000	600000	1.0
contig_831	700000	800000	1.0
contig_831	800000	900000	1.0
contig_831	900000	954059	1.0
contig_832	0	100000	1.0
contig_832	200000	218360	1.0
contig_833	0	100000	2.0
contig_833	100000	200000	3.0
contig_833	200000	300000	4.0
contig_833	300000	400000	2.0
contig_833	800000	900000	1.0
contig_833	900000	1000000	2.0
contig_833	1100000	1200000	1.0
contig_833	1200000	1300000	2.0
contig_833	1300000	1345012	2.0
contig_834	0	100000	4.0
contig_834	100000	200000	2.0
contig_834	200000	300000	5.0
contig_834	300000	400000	1.0
contig_834	400000	500000	2.0
contig_834	500000	600000	2.0
contig_834	600000	700000	1.0
contig_834	700000	800000	1.0
contig_834	800000	900000	1.0
contig_834	1100000	1200000	1.0
contig_834	1200000	1300000	5.0
contig_834	1300000	1400000	1.0
contig_834	1400000	1500000	4.0
contig_834	1500000	1600000	2.0
contig_834	1600000	1700000	2.0
contig_834	1900000	2000000	2.0
contig_834	2000000	2100000	3.0
contig_834	2100000	2200000	1.0
contig_834	2200000	2300000	3.0
contig_834	2300000	2400000	4.0
contig_834	2400000	2500000	3.0
contig_834	2700000	2800000	2.0
contig_834	2800000	2900000	1.0
contig_834	2900000	3000000	1.0
contig_834	3000000	3100000	1.0
contig_834	3100000	3200000	2.0
contig_834	3200000	3300000	2.0
contig_834	3300000	3400000	1.0
contig_834	3400000	3500000	1.0
contig_834	3600000	3700000	1.0
contig_834	3800000	3900000	1.0
contig_834	4100000	4200000	6.0
contig_834	4200000	4300000	3.0
contig_834	4300000	4400000	3.0
contig_834	4400000	4500000	1.0
contig_834	4600000	4700000	1.0
contig_834	4700000	4800000	1.0
contig_834	4900000	5000000	1.0
contig_834	5100000	5200000	1.0
contig_834	5300000	5400000	6.0
contig_834	5400000	5500000	2.0
contig_834	5500000	5600000	2.0
contig_834	5600000	5700000	3.0
contig_834	5700000	5800000	3.0
contig_834	5800000	5900000	1.0
contig_834	5900000	6000000	1.0
contig_834	6000000	6014292	1.0
contig_835	0	100000	4.0
contig_835	100000	200000	5.0
contig_835	200000	300000	2.0
contig_835	300000	400000	2.0
contig_835	400000	500000	2.0
contig_835	500000	600000	1.0
contig_835	600000	700000	3.0
contig_835	700000	800000	2.0
contig_835	900000	1000000	2.0
contig_835	1400000	1500000	2.0
contig_835	1600000	1700000	1.0
contig_835	1700000	1755562	3.0
contig_836	100000	200000	1.0
contig_836	200000	209723	1.0
contig_837	0	100000	1.0
contig_837	100000	200000	2.0
contig_837	200000	300000	2.0
contig_837	400000	500000	1.0
contig_837	500000	556896	2.0
contig_838	100000	200000	2.0
contig_838	200000	300000	1.0
contig_838	300000	400000	1.0
contig_838	400000	500000	4.0
contig_838	500000	600000	3.0
contig_838	600000	695126	4.0
contig_839	0	100000	2.0
contig_839	100000	166416	3.0
contig_840	0	100000	3.0
contig_840	200000	300000	3.0
contig_840	300000	400000	1.0
contig_840	400000	440818	1.0
contig_841	0	100000	1.0
contig_841	100000	200000	4.0
contig_841	200000	300000	1.0
contig_841	300000	400000	5.0
contig_841	400000	500000	3.0
contig_841	500000	600000	1.0
contig_841	600000	629896	1.0
contig_842	0	100000	1.0
contig_842	100000	200000	3.0
contig_842	200000	300000	1.0
contig_842	300000	375212	2.0
contig_843	0	100000	1.0
contig_843	100000	170428	1.0
contig_844	200000	236206	5.0
contig_845	0	100000	3.0
contig_845	100000	137480	4.0
contig_846	0	100000	2.0
contig_846	100000	200000	2.0
contig_846	200000	300000	2.0
contig_846	300000	400000	1.0
contig_846	500000	600000	2.0
contig_846	600000	700000	4.0
contig_846	700000	800000	1.0
contig_846	900000	1000000	1.0
contig_846	1000000	1100000	4.0
contig_846	1200000	1300000	1.0
contig_846	1400000	1500000	3.0
contig_847	0	100000	1.0
contig_847	300000	400000	1.0
contig_847	500000	600000	3.0
contig_847	700000	800000	2.0
contig_847	900000	1000000	4.0
contig_847	1100000	1200000	2.0
contig_847	1200000	1300000	8.0
contig_847	1300000	1400000	2.0
contig_847	1400000	1500000	3.0
contig_847	1500000	1600000	2.0
contig_847	1600000	1700000	1.0
contig_847	1900000	2000000	2.0
contig_847	2000000	2100000	1.0
contig_847	2100000	2124829	1.0
contig_848	0	18430	1.0
contig_849	100000	200000	1.0
contig_849	200000	300000	2.0
contig_849	300000	400000	9.0
contig_849	400000	500000	3.0
contig_849	500000	540861	1.0
contig_850	0	100000	2.0
contig_850	100000	190703	2.0
contig_851	0	100000	7.0
contig_851	100000	131183	5.0
contig_852	0	100000	3.0
contig_852	100000	200000	1.0
contig_852	200000	300000	7.0
contig_852	300000	400000	6.0
contig_852	400000	500000	7.0
contig_852	500000	600000	3.0
contig_852	600000	700000	1.0
contig_852	700000	800000	3.0
contig_852	800000	900000	4.0
contig_852	900000	1000000	2.0
contig_852	1000000	1100000	4.0
contig_852	1100000	1200000	5.0
contig_852	1200000	1300000	2.0
contig_852	1300000	1388275	2.0
contig_853	0	100000	2.0
contig_853	100000	200000	3.0
contig_853	200000	200747	1.0
contig_854	0	100000	1.0
contig_854	100000	200000	2.0
contig_854	200000	204803	1.0
contig_855	0	100000	1.0
contig_855	100000	200000	2.0
contig_855	200000	249946	1.0
contig_856	100000	200000	1.0
contig_856	200000	264753	4.0
contig_857	0	100000	3.0
contig_857	100000	200000	2.0
contig_857	200000	294465	1.0
contig_858	100000	200000	1.0
contig_858	200000	300000	4.0
contig_858	300000	400000	2.0
contig_858	400000	500000	3.0
contig_858	500000	600000	2.0
contig_858	800000	900000	2.0
contig_858	900000	1000000	6.0
contig_858	1000000	1100000	8.0
contig_858	1100000	1200000	6.0
contig_858	1200000	1300000	1.0
contig_858	1300000	1400000	1.0
contig_858	1400000	1500000	2.0
contig_858	1500000	1600000	3.0
contig_858	1600000	1700000	3.0
contig_858	1700000	1800000	3.0
contig_858	1800000	1900000	4.0
contig_858	1900000	2000000	1.0
contig_858	2000000	2100000	3.0
contig_858	2100000	2200000	3.0
contig_858	2200000	2300000	1.0
contig_858	2400000	2500000	1.0
contig_858	2500000	2600000	1.0
contig_858	2700000	2800000	2.0
contig_858	2800000	2900000	2.0
contig_858	2900000	3000000	2.0
contig_858	3000000	3100000	1.0
contig_858	3100000	3200000	3.0
contig_858	3200000	3300000	2.0
contig_858	3300000	3400000	3.0
contig_858	3400000	3500000	2.0
contig_858	3500000	3600000	3.0
contig_858	3600000	3700000	5.0
contig_858	3700000	3800000	2.0
contig_858	3800000	3900000	3.0
contig_858	4000000	4100000	4.0
contig_858	4100000	4200000	1.0
contig_858	4200000	4242325	2.0
contig_859	0	100000	3.0
contig_859	200000	300000	1.0
contig_859	300000	400000	4.0
contig_859	400000	500000	2.0
contig_859	500000	600000	1.0
contig_859	800000	900000	2.0
contig_859	1100000	1200000	1.0
contig_859	1200000	1300000	8.0
contig_859	1300000	1400000	1.0
contig_859	1400000	1500000	2.0
contig_859	1600000	1700000	1.0
contig_859	1700000	1800000	1.0
contig_859	1800000	1900000	8.0
contig_859	1900000	2000000	3.0
contig_859	2000000	2100000	2.0
contig_859	2100000	2200000	2.0
contig_859	2200000	2300000	2.0
contig_859	2300000	2400000	4.0
contig_859	2400000	2500000	2.0
contig_859	2500000	2600000	2.0
contig_859	2600000	2700000	2.0
contig_859	2700000	2800000	2.0
contig_859	2900000	3000000	1.0
contig_859	3000000	3100000	3.0
contig_859	3100000	3153449	1.0
contig_860	0	100000	1.0
contig_860	300000	400000	4.0
contig_860	600000	700000	1.0
contig_860	800000	900000	1.0
contig_860	900000	1000000	3.0
contig_860	1100000	1171762	2.0
contig_861	0	100000	4.0
contig_861	100000	165192	1.0
contig_862	0	100000	1.0
contig_862	100000	116534	1.0
contig_863	0	100000	6.0
contig_863	100000	200000	3.0
contig_863	200000	300000	3.0
contig_863	300000	400000	1.0
contig_863	400000	427946	1.0
contig_864	0	100000	1.0
contig_864	100000	200000	3.0
contig_864	200000	300000	2.0
contig_864	300000	343224	1.0
contig_865	0	100000	2.0
contig_865	100000	200000	7.0
contig_865	200000	300000	1.0
contig_865	300000	400000	2.0
contig_865	400000	500000	2.0
contig_865	500000	600000	6.0
contig_865	600000	700000	12.0
contig_865	700000	800000	2.0
contig_865	800000	900000	5.0
contig_865	900000	1000000	6.0
contig_865	1000000	1032332	1.0
contig_866	0	100000	4.0
contig_866	200000	300000	1.0
contig_866	300000	400000	6.0
contig_866	400000	500000	1.0
contig_866	500000	582411	1.0
contig_867	0	100000	3.0
contig_867	200000	300000	3.0
contig_867	300000	400000	2.0
contig_867	400000	500000	3.0
contig_867	500000	600000	1.0
contig_867	600000	700000	1.0
contig_867	700000	800000	2.0
contig_867	800000	900000	1.0
contig_867	1100000	1200000	1.0
contig_867	1300000	1400000	1.0
contig_867	1400000	1497142	1.0
contig_868	0	100000	1.0
contig_868	100000	200000	3.0
contig_868	200000	225775	1.0
contig_869	0	100000	2.0
contig_869	100000	200000	2.0
contig_869	200000	300000	2.0
contig_869	500000	600000	2.0
contig_869	700000	800000	1.0
contig_869	800000	900000	3.0
contig_869	900000	1000000	4.0
contig_869	1000000	1024255	1.0
contig_870	0	100000	3.0
contig_870	100000	200000	5.0
contig_870	200000	300000	1.0
contig_870	400000	500000	1.0
contig_870	500000	500315	1.0
contig_871	0	100000	2.0
contig_871	100000	200000	4.0
contig_871	200000	300000	1.0
contig_871	300000	400000	2.0
contig_871	400000	500000	2.0
contig_871	500000	600000	3.0
contig_871	600000	700000	3.0
contig_871	700000	800000	5.0
contig_871	800000	852218	1.0
contig_872	0	100000	4.0
contig_872	100000	105720	1.0
contig_873	100000	200000	2.0
contig_873	300000	348938	2.0
contig_874	0	100000	8.0
contig_874	100000	105245	1.0
contig_875	0	100000	1.0
contig_875	100000	200000	1.0
contig_875	200000	300000	2.0
contig_875	300000	400000	1.0
contig_875	400000	500000	3.0
contig_875	600000	647280	1.0
contig_876	0	100000	1.0
contig_876	100000	200000	2.0
contig_876	200000	300000	1.0
contig_876	300000	400000	4.0
contig_876	400000	500000	2.0
contig_876	600000	700000	2.0
contig_876	700000	800000	2.0
contig_876	800000	844047	2.0
contig_877	0	100000	2.0
contig_877	100000	177304	4.0
contig_878	0	100000	2.0
contig_878	200000	272252	1.0
contig_879	0	100000	1.0
contig_879	100000	200000	1.0
contig_879	200000	300000	1.0
contig_879	300000	400000	1.0
contig_879	400000	500000	1.0
contig_879	500000	600000	3.0
contig_879	800000	900000	3.0
contig_879	900000	947540	4.0
contig_880	100000	130619	2.0
contig_881	0	100000	1.0
contig_881	100000	200000	1.0
contig_881	200000	300000	2.0
contig_881	300000	400000	3.0
contig_881	400000	500000	3.0
contig_881	500000	600000	4.0
contig_881	600000	666181	5.0
contig_882	0	100000	3.0
contig_882	200000	236402	1.0
contig_883	0	100000	2.0
contig_883	100000	200000	2.0
contig_883	300000	346978	1.0
contig_884	0	100000	2.0
contig_884	100000	156613	2.0
contig_885	100000	200000	3.0
contig_885	200000	300000	4.0
contig_885	300000	400000	1.0
contig_885	400000	500000	1.0
contig_885	500000	600000	2.0
contig_885	600000	602248	1.0
contig_886	0	100000	1.0
contig_886	100000	200000	2.0
contig_886	300000	400000	1.0
contig_886	400000	500000	4.0
contig_886	500000	600000	3.0
contig_886	600000	700000	3.0
contig_886	700000	710118	1.0
contig_887	0	100000	1.0
contig_888	0	100000	4.0
contig_888	100000	200000	6.0
contig_888	200000	300000	2.0
contig_888	300000	359082	2.0
contig_889	0	100000	3.0
contig_889	100000	200000	2.0
contig_889	200000	300000	4.0
contig_889	300000	400000	4.0
contig_889	400000	500000	3.0
contig_889	500000	600000	1.0
contig_889	600000	700000	1.0
contig_889	700000	771408	3.0
contig_890	0	100000	4.0
contig_890	100000	200000	3.0
contig_890	200000	300000	4.0
contig_890	300000	400000	3.0
contig_890	400000	500000	3.0
contig_890	500000	542875	1.0
contig_891	0	100000	3.0
contig_891	100000	200000	2.0
contig_891	200000	300000	2.0
contig_891	300000	400000	1.0
contig_891	400000	500000	1.0
contig_891	500000	600000	5.0
contig_891	600000	700000	3.0
contig_891	700000	800000	2.0
contig_891	800000	900000	1.0
contig_891	900000	1000000	2.0
contig_891	1000000	1100000	1.0
contig_891	1100000	1200000	1.0
contig_891	1200000	1300000	2.0
contig_891	1400000	1500000	3.0
contig_891	1500000	1600000	3.0
contig_891	1600000	1700000	2.0
contig_891	1700000	1800000	1.0
contig_891	1800000	1900000	1.0
contig_891	2000000	2100000	5.0
contig_891	2100000	2200000	1.0
contig_891	2200000	2300000	2.0
contig_891	2300000	2400000	4.0
contig_891	2400000	2461236	2.0
contig_892	0	100000	5.0
contig_892	100000	200000	3.0
contig_892	200000	300000	3.0
contig_892	300000	400000	1.0
contig_892	400000	500000	3.0
contig_892	500000	600000	1.0
contig_892	600000	700000	2.0
contig_892	700000	800000	1.0
contig_892	800000	900000	1.0
contig_892	900000	1000000	3.0
contig_892	1100000	1161185	2.0
contig_893	0	100000	2.0
contig_893	100000	200000	4.0
contig_893	300000	400000	1.0
contig_893	400000	500000	1.0
contig_893	500000	600000	3.0
contig_893	800000	900000	1.0
contig_893	900000	917161	1.0
contig_894	0	100000	3.0
contig_894	100000	160996	4.0
contig_895	0	100000	1.0
contig_895	200000	300000	2.0
contig_895	300000	400000	3.0
contig_895	400000	500000	3.0
contig_895	500000	529064	2.0
contig_896	0	100000	3.0
contig_896	100000	200000	3.0
contig_896	200000	270411	3.0
contig_897	100000	173552	4.0
contig_898	0	100000	2.0
contig_898	100000	200000	2.0
contig_898	200000	300000	1.0
contig_898	300000	400000	9.0
contig_898	400000	500000	1.0
contig_899	0	100000	1.0
contig_899	100000	200000	3.0
contig_899	200000	300000	2.0
contig_899	300000	400000	3.0
contig_899	400000	500000	5.0
contig_899	500000	567457	1.0
contig_900	0	100000	2.0
contig_900	100000	200000	1.0
contig_900	200000	300000	3.0
contig_900	300000	400000	2.0
contig_900	400000	499486	7.0
contig_901	0	100000	1.0
contig_901	100000	200000	1.0
contig_901	200000	300000	3.0
contig_901	300000	400000	1.0
contig_901	400000	500000	4.0
contig_901	500000	562914	2.0
contig_902	0	100000	1.0
contig_902	100000	200000	2.0
contig_902	200000	300000	1.0
contig_902	300000	331520	1.0
contig_903	0	100000	4.0
contig_903	100000	200000	1.0
contig_903	200000	300000	1.0
contig_903	300000	396548	5.0
contig_904	0	100000	2.0
contig_904	100000	200000	2.0
contig_904	200000	300000	2.0
contig_904	400000	416525	2.0
contig_905	0	100000	2.0
contig_905	100000	200000	3.0
contig_905	200000	300000	4.0
contig_905	300000	400000	6.0
contig_905	400000	500000	1.0
contig_905	500000	551184	2.0
contig_906	0	100000	2.0
contig_906	100000	163176	1.0
contig_907	0	100000	5.0
contig_907	100000	200000	3.0
contig_907	200000	290935	1.0
contig_908	100000	200000	1.0
contig_908	200000	300000	4.0
contig_908	300000	400000	4.0
contig_908	400000	500000	5.0
contig_908	500000	600000	2.0
contig_908	600000	622220	1.0
contig_909	0	100000	4.0
contig_909	100000	200000	2.0
contig_909	200000	234907	3.0
contig_910	0	31946	2.0
contig_911	100000	200000	1.0
contig_911	300000	400000	1.0
contig_911	400000	500000	2.0
contig_911	500000	600000	3.0
contig_911	600000	700000	2.0
contig_911	700000	794008	3.0
contig_912	100000	172150	2.0
contig_913	0	100000	3.0
contig_913	100000	200000	3.0
contig_913	200000	300000	5.0
contig_913	300000	400000	2.0
contig_913	500000	600000	1.0
contig_914	0	100000	1.0
contig_914	400000	500000	1.0
contig_914	600000	700000	1.0
contig_914	700000	800000	1.0
contig_914	800000	870940	1.0
contig_915	0	100000	1.0
contig_915	100000	200000	2.0
contig_915	200000	300000	2.0
contig_915	400000	500000	1.0
contig_915	500000	600000	1.0
contig_915	600000	700000	3.0
contig_915	700000	800000	1.0
contig_915	1200000	1300000	1.0
contig_915	1300000	1400000	1.0
contig_915	1500000	1600000	2.0
contig_915	1600000	1700000	2.0
contig_915	1700000	1800000	1.0
contig_915	1800000	1843352	1.0
contig_916	0	100000	4.0
contig_916	100000	200000	5.0
contig_916	200000	300000	2.0
contig_916	300000	327380	2.0
contig_917	0	100000	1.0
contig_917	100000	200000	1.0
contig_917	200000	300000	2.0
contig_917	300000	400000	3.0
contig_917	400000	500000	1.0
contig_917	500000	575014	4.0
contig_918	100000	200000	1.0
contig_918	200000	259585	3.0
contig_919	0	46265	2.0
contig_922	0	100000	3.0
contig_922	100000	200000	1.0
contig_922	200000	300000	1.0
contig_922	300000	400000	5.0
contig_922	400000	500000	3.0
contig_922	500000	600000	3.0
contig_922	600000	700000	3.0
contig_922	700000	800000	2.0
contig_922	800000	900000	2.0
contig_922	900000	1000000	2.0
contig_922	1000000	1100000	1.0
contig_922	1100000	1200000	4.0
contig_922	1200000	1300000	3.0
contig_922	1300000	1400000	3.0
contig_922	1400000	1500000	2.0
contig_922	1500000	1600000	3.0
contig_922	1600000	1700000	4.0
contig_922	1700000	1800000	1.0
contig_922	1800000	1900000	3.0
contig_922	1900000	2000000	1.0
contig_922	2000000	2100000	1.0
contig_922	2100000	2200000	4.0
contig_922	2300000	2400000	7.0
contig_922	2400000	2453477	1.0
contig_923	0	100000	1.0
contig_923	100000	200000	4.0
contig_923	200000	300000	6.0
contig_923	300000	400000	2.0
contig_923	400000	500000	2.0
contig_923	500000	600000	1.0
contig_923	600000	700000	1.0
contig_923	700000	800000	5.0
contig_923	800000	900000	1.0
contig_923	900000	1000000	1.0
contig_923	1000000	1100000	1.0
contig_923	1100000	1190168	2.0
contig_924	0	90699	2.0
contig_925	0	75221	4.0
contig_926	0	100000	5.0
contig_926	100000	193408	7.0
contig_927	100000	200000	4.0
contig_927	200000	300000	3.0
contig_927	300000	400000	1.0
contig_927	400000	478774	2.0
contig_928	0	100000	1.0
contig_928	200000	300000	1.0
contig_928	300000	301456	2.0
contig_929	0	100000	3.0
contig_929	100000	200000	1.0
contig_929	200000	300000	3.0
contig_929	400000	500000	2.0
contig_929	500000	600000	3.0
contig_930	0	100000	3.0
contig_930	100000	185229	1.0
contig_931	0	100000	2.0
contig_931	100000	200000	2.0
contig_931	200000	300000	1.0
contig_931	300000	400000	5.0
contig_931	400000	440569	1.0
contig_932	0	100000	3.0
contig_932	200000	300000	2.0
contig_932	300000	400000	2.0
contig_932	400000	500000	1.0
contig_932	500000	600000	2.0
contig_932	600000	700000	2.0
contig_932	700000	800000	3.0
contig_932	800000	900000	16.0
contig_932	900000	989822	4.0
contig_933	0	100000	1.0
contig_933	100000	172959	2.0
contig_934	0	100000	3.0
contig_934	100000	200000	3.0
contig_934	200000	300000	4.0
contig_934	300000	377681	3.0
contig_935	100000	200000	2.0
contig_935	200000	235146	2.0
contig_936	0	100000	3.0
contig_936	200000	300000	1.0
contig_936	300000	400000	3.0
contig_936	400000	500000	4.0
contig_936	500000	600000	1.0
contig_936	600000	700000	2.0
contig_936	800000	900000	1.0
contig_936	900000	936980	4.0
contig_937	0	100000	1.0
contig_937	300000	400000	2.0
contig_937	700000	800000	4.0
contig_937	800000	900000	1.0
contig_937	900000	1000000	1.0
contig_937	1000000	1100000	1.0
contig_937	1100000	1200000	2.0
contig_937	1200000	1207544	2.0
contig_938	0	100000	3.0
contig_938	200000	300000	5.0
contig_938	400000	500000	2.0
contig_938	500000	600000	1.0
contig_938	600000	700000	1.0
contig_938	700000	800000	2.0
contig_938	800000	900000	2.0
contig_938	900000	1000000	2.0
contig_938	1000000	1100000	3.0
contig_938	1100000	1200000	4.0
contig_938	1200000	1300000	8.0
contig_938	1300000	1400000	1.0
contig_938	1400000	1500000	1.0
contig_938	1500000	1574385	2.0
contig_939	0	100000	8.0
contig_939	100000	200000	4.0
contig_939	200000	295842	3.0
contig_940	0	100000	9.0
contig_940	100000	200000	3.0
contig_940	200000	300000	2.0
contig_940	400000	500000	1.0
contig_940	500000	600000	5.0
contig_940	600000	700000	1.0
contig_940	700000	800000	1.0
contig_940	900000	1000000	4.0
contig_940	1200000	1300000	1.0
contig_940	1300000	1400000	1.0
contig_940	1400000	1461472	1.0
contig_941	100000	190375	3.0
contig_942	0	100000	4.0
contig_942	100000	128302	2.0
contig_943	0	100000	8.0
contig_943	100000	200000	3.0
contig_943	200000	300000	3.0
contig_943	300000	400000	2.0
contig_943	400000	500000	1.0
contig_943	500000	600000	4.0
contig_943	800000	900000	2.0
contig_943	1000000	1068210	1.0
contig_944	0	100000	4.0
contig_944	100000	200000	5.0
contig_944	200000	300000	3.0
contig_944	300000	400000	1.0
contig_944	400000	500000	4.0
contig_944	500000	600000	4.0
contig_944	600000	700000	3.0
contig_944	700000	800000	3.0
contig_944	800000	900000	1.0
contig_944	900000	1000000	2.0
contig_944	1000000	1100000	5.0
contig_944	1100000	1200000	4.0
contig_944	1200000	1300000	6.0
contig_944	1300000	1400000	4.0
contig_944	1400000	1500000	2.0
contig_944	1500000	1600000	2.0
contig_944	1600000	1700000	2.0
contig_944	1700000	1702498	1.0
contig_945	0	100000	2.0
contig_945	100000	200000	2.0
contig_945	200000	300000	1.0
contig_945	400000	500000	1.0
contig_945	500000	600000	1.0
contig_945	600000	700000	1.0
contig_945	700000	800000	1.0
contig_945	800000	900000	2.0
contig_945	900000	1000000	6.0
contig_945	1000000	1100000	5.0
contig_945	1100000	1200000	10.0
contig_945	1200000	1300000	3.0
contig_945	1300000	1400000	1.0
contig_945	1400000	1500000	1.0
contig_945	1500000	1600000	4.0
contig_945	1600000	1700000	1.0
contig_945	1700000	1800000	4.0
contig_945	1800000	1900000	2.0
contig_945	1900000	2000000	7.0
contig_945	2000000	2100000	3.0
contig_945	2100000	2200000	3.0
contig_945	2200000	2300000	2.0
contig_945	2300000	2400000	1.0
contig_945	2500000	2600000	3.0
contig_945	2600000	2700000	2.0
contig_945	2700000	2800000	2.0
contig_945	2800000	2900000	2.0
contig_945	3000000	3100000	2.0
contig_945	3100000	3200000	1.0
contig_945	3200000	3231495	1.0
contig_946	0	100000	5.0
contig_946	100000	200000	2.0
contig_946	200000	265598	6.0
contig_947	0	100000	2.0
contig_947	100000	200000	1.0
contig_947	200000	300000	2.0
contig_947	300000	400000	2.0
contig_947	400000	500000	2.0
contig_947	600000	700000	2.0
contig_947	700000	749794	3.0
contig_948	0	100000	3.0
contig_948	100000	182372	1.0
contig_949	0	100000	2.0
contig_949	100000	200000	3.0
contig_949	200000	300000	2.0
contig_949	400000	500000	2.0
contig_949	500000	600000	2.0
contig_949	600000	631564	1.0
contig_950	0	38938	2.0
contig_951	0	100000	2.0
contig_951	100000	200000	1.0
contig_951	200000	300000	1.0
contig_951	400000	436321	3.0
contig_952	0	100000	2.0
contig_952	100000	200000	1.0
contig_952	200000	300000	2.0
contig_952	300000	400000	6.0
contig_952	400000	500000	1.0
contig_953	0	100000	7.0
contig_953	100000	200000	4.0
contig_953	200000	300000	4.0
contig_953	300000	400000	1.0
contig_953	400000	500000	1.0
contig_953	600000	700000	1.0
contig_953	700000	800000	2.0
contig_953	800000	900000	4.0
contig_954	200000	239258	1.0
contig_955	0	100000	1.0
contig_956	0	100000	2.0
contig_956	100000	200000	1.0
contig_956	200000	300000	1.0
contig_956	300000	400000	1.0
contig_956	400000	500000	2.0
contig_957	0	100000	2.0
contig_957	100000	200000	1.0
contig_957	300000	400000	1.0
contig_957	500000	518240	3.0
contig_958	100000	102254	1.0
contig_959	0	100000	4.0
contig_959	100000	200000	2.0
contig_959	200000	252113	1.0
contig_960	0	100000	3.0
contig_960	100000	200000	1.0
contig_960	200000	300000	4.0
contig_960	300000	400000	1.0
contig_960	400000	500000	1.0
contig_960	500000	600000	1.0
contig_960	600000	700000	1.0
contig_960	700000	800000	2.0
contig_960	800000	900000	3.0
contig_960	900000	1000000	3.0
contig_960	1000000	1083896	9.0
contig_961	0	100000	5.0
contig_961	200000	300000	3.0
contig_961	300000	400000	1.0
contig_961	400000	500000	1.0
contig_961	600000	700000	1.0
contig_961	700000	800000	7.0
contig_961	800000	900000	1.0
contig_961	900000	1000000	1.0
contig_961	1000000	1100000	1.0
contig_961	1100000	1200000	2.0
contig_961	1200000	1300000	2.0
contig_961	1300000	1400000	1.0
contig_961	1400000	1500000	4.0
contig_961	1500000	1600000	4.0
contig_961	1600000	1700000	1.0
contig_961	1700000	1705786	2.0
contig_963	0	100000	1.0
contig_963	100000	200000	3.0
contig_963	400000	500000	1.0
contig_963	500000	600000	2.0
contig_963	600000	615037	1.0
contig_964	0	100000	2.0
contig_964	100000	200000	1.0
contig_964	200000	300000	1.0
contig_964	300000	400000	1.0
contig_964	400000	500000	2.0
contig_964	500000	600000	2.0
contig_964	800000	900000	2.0
contig_964	900000	1000000	2.0
contig_964	1200000	1300000	2.0
contig_964	1300000	1400000	1.0
contig_964	1400000	1500000	7.0
contig_964	1500000	1584648	3.0
contig_965	0	100000	3.0
contig_965	100000	200000	1.0
contig_965	200000	300000	2.0
contig_965	400000	500000	1.0
contig_965	500000	600000	1.0
contig_965	600000	700000	1.0
contig_965	700000	764761	3.0
contig_966	0	100000	1.0
contig_966	200000	300000	6.0
contig_966	300000	400000	2.0
contig_966	400000	500000	9.0
contig_966	500000	600000	6.0
contig_966	600000	700000	2.0
contig_966	700000	800000	2.0
contig_966	800000	900000	2.0
contig_966	900000	1000000	2.0
contig_966	1000000	1100000	1.0
contig_966	1100000	1200000	3.0
contig_966	1200000	1300000	11.0
contig_966	1300000	1400000	7.0
contig_966	1400000	1500000	3.0
contig_966	1500000	1600000	3.0
contig_966	1600000	1700000	7.0
contig_966	1700000	1800000	7.0
contig_966	1800000	1900000	7.0
contig_966	1900000	2000000	17.0
contig_966	2000000	2019562	3.0
contig_968	100000	200000	1.0
contig_968	200000	300000	5.0
contig_968	300000	400000	1.0
contig_968	500000	600000	1.0
contig_968	600000	700000	2.0
contig_968	800000	900000	2.0
contig_968	900000	1000000	1.0
contig_968	1000000	1100000	3.0
contig_968	1100000	1200000	1.0
contig_968	1200000	1300000	3.0
contig_968	1400000	1430672	2.0
contig_969	0	100000	2.0
contig_969	200000	277305	1.0
contig_970	0	100000	3.0
contig_970	100000	195478	1.0
contig_971	0	100000	1.0
contig_971	100000	200000	2.0
contig_971	200000	300000	1.0
contig_971	300000	400000	2.0
contig_971	400000	500000	1.0
contig_971	500000	600000	1.0
contig_971	600000	672080	2.0
contig_972	0	100000	3.0
contig_972	100000	200000	1.0
contig_972	200000	300000	1.0
contig_972	300000	400000	6.0
contig_972	400000	500000	2.0
contig_972	500000	600000	1.0
contig_972	600000	700000	1.0
contig_972	700000	800000	2.0
contig_972	900000	1000000	1.0
contig_972	1100000	1200000	1.0
contig_972	1300000	1395206	1.0
contig_973	0	100000	6.0
contig_973	100000	189074	3.0
contig_974	0	100000	2.0
contig_974	100000	176407	1.0
contig_975	0	100000	2.0
contig_975	100000	200000	1.0
contig_975	400000	500000	1.0
contig_975	500000	600000	1.0
contig_975	700000	800000	3.0
contig_975	800000	900000	5.0
contig_975	1100000	1200000	1.0
contig_975	1200000	1300000	2.0
contig_975	1300000	1400000	1.0
contig_975	1400000	1500000	1.0
contig_975	1600000	1700000	3.0
contig_975	1700000	1800000	6.0
contig_975	1900000	2000000	2.0
contig_975	2000000	2100000	1.0
contig_975	2100000	2200000	1.0
contig_975	2200000	2300000	1.0
contig_975	2400000	2500000	1.0
contig_975	2500000	2600000	12.0
contig_975	2600000	2700000	6.0
contig_975	2700000	2800000	3.0
contig_975	2800000	2900000	2.0
contig_975	2900000	3000000	1.0
contig_975	3000000	3100000	3.0
contig_975	3100000	3200000	1.0
contig_975	3200000	3300000	2.0
contig_975	3300000	3400000	1.0
contig_975	3400000	3417007	1.0
contig_976	0	100000	2.0
contig_976	100000	200000	3.0
contig_976	200000	300000	3.0
contig_976	300000	400000	5.0
contig_976	400000	500000	6.0
contig_976	500000	600000	2.0
contig_976	600000	700000	3.0
contig_976	700000	800000	1.0
contig_976	800000	900000	2.0
contig_976	900000	1000000	4.0
contig_976	1000000	1100000	2.0
contig_976	1100000	1200000	2.0
contig_976	1200000	1300000	1.0
contig_976	1300000	1400000	1.0
contig_976	1400000	1500000	2.0
contig_976	1500000	1600000	1.0
contig_976	1600000	1700000	1.0
contig_976	1900000	2000000	2.0
contig_976	2000000	2100000	1.0
contig_976	2300000	2400000	1.0
contig_976	2400000	2500000	2.0
contig_976	2500000	2600000	2.0
contig_976	2600000	2700000	8.0
contig_976	2700000	2800000	3.0
contig_976	2900000	3000000	2.0
contig_976	3000000	3100000	2.0
contig_976	3200000	3300000	2.0
contig_976	3300000	3400000	6.0
contig_976	3400000	3500000	1.0
contig_976	3500000	3600000	5.0
contig_976	3600000	3700000	2.0
contig_976	3700000	3800000	4.0
contig_976	3800000	3900000	2.0
contig_976	3900000	4000000	5.0
contig_976	4100000	4200000	4.0
contig_976	4200000	4300000	1.0
contig_976	4400000	4500000	4.0
contig_976	4600000	4700000	1.0
contig_976	4700000	4800000	8.0
contig_976	4800000	4900000	2.0
contig_976	4900000	5000000	8.0
contig_976	5000000	5100000	1.0
contig_976	5100000	5138859	1.0
contig_977	0	100000	1.0
contig_977	100000	200000	4.0
contig_977	200000	300000	4.0
contig_977	300000	400000	1.0
contig_977	600000	700000	4.0
contig_977	700000	800000	3.0
contig_977	800000	900000	4.0
contig_977	900000	1000000	1.0
contig_977	1200000	1300000	1.0
contig_977	1500000	1600000	2.0
contig_977	1600000	1700000	1.0
contig_977	1800000	1900000	3.0
contig_977	1900000	2000000	1.0
contig_977	2100000	2200000	2.0
contig_977	2400000	2500000	1.0
contig_977	2500000	2600000	2.0
contig_977	2600000	2700000	1.0
contig_977	2700000	2800000	1.0
contig_977	2800000	2900000	3.0
contig_977	2900000	3000000	2.0
contig_977	3100000	3200000	1.0
contig_977	3300000	3400000	1.0
contig_977	3400000	3473687	1.0
contig_978	0	100000	1.0
contig_978	100000	200000	1.0
contig_978	200000	263117	1.0
contig_979	0	100000	2.0
contig_979	200000	300000	3.0
contig_979	300000	400000	3.0
contig_979	400000	500000	2.0
contig_979	500000	600000	1.0
contig_979	600000	619448	1.0
contig_980	100000	200000	1.0
contig_980	200000	300000	1.0
contig_980	400000	500000	1.0
contig_980	500000	600000	3.0
contig_980	600000	700000	1.0
contig_980	700000	800000	2.0
contig_980	900000	1000000	1.0
contig_980	1000000	1100000	1.0
contig_980	1100000	1200000	1.0
contig_980	1200000	1300000	1.0
contig_980	1300000	1400000	3.0
contig_980	1400000	1500000	2.0
contig_980	1500000	1600000	2.0
contig_980	1700000	1800000	5.0
contig_980	2100000	2200000	2.0
contig_980	2200000	2300000	1.0
contig_980	2400000	2500000	1.0
contig_980	2500000	2600000	1.0
contig_980	2700000	2800000	1.0
contig_980	2800000	2900000	3.0
contig_980	2900000	3000000	1.0
contig_980	3000000	3100000	2.0
contig_980	3100000	3200000	3.0
contig_980	3200000	3206768	1.0
contig_981	0	100000	2.0
contig_981	100000	200000	5.0
contig_981	200000	300000	3.0
contig_981	300000	400000	2.0
contig_981	400000	500000	7.0
contig_981	500000	600000	1.0
contig_981	600000	700000	3.0
contig_981	700000	766537	4.0
contig_982	100000	200000	2.0
contig_982	200000	300000	3.0
contig_982	300000	349359	4.0
contig_983	0	100000	2.0
contig_983	100000	200000	4.0
contig_983	200000	300000	1.0
contig_983	300000	400000	2.0
contig_983	400000	500000	2.0
contig_983	500000	600000	3.0
contig_983	600000	700000	6.0
contig_983	700000	800000	2.0
contig_983	800000	900000	2.0
contig_983	900000	1000000	3.0
contig_983	1000000	1100000	5.0
contig_983	1100000	1200000	4.0
contig_983	1200000	1300000	8.0
contig_983	1300000	1400000	5.0
contig_983	1400000	1480861	8.0
contig_984	0	100000	1.0
contig_984	100000	200000	3.0
contig_984	200000	300000	1.0
contig_984	300000	400000	3.0
contig_984	400000	500000	2.0
contig_984	500000	600000	3.0
contig_984	600000	700000	2.0
contig_984	700000	800000	1.0
contig_984	1000000	1100000	1.0
contig_984	1100000	1200000	1.0
contig_984	1200000	1300000	1.0
contig_984	1300000	1400000	1.0
contig_984	1600000	1632409	1.0
contig_985	0	100000	1.0
contig_985	100000	200000	3.0
contig_985	200000	300000	1.0
contig_985	300000	400000	1.0
contig_985	500000	600000	1.0
contig_985	600000	700000	2.0
contig_985	700000	788436	5.0
contig_986	0	100000	5.0
contig_986	100000	200000	4.0
contig_986	200000	300000	2.0
contig_986	300000	400000	8.0
contig_986	400000	500000	2.0
contig_986	500000	600000	5.0
contig_986	800000	900000	3.0
contig_986	900000	1000000	1.0
contig_986	1000000	1100000	1.0
contig_986	1100000	1200000	3.0
contig_986	1200000	1300000	1.0
contig_986	1300000	1400000	3.0
contig_986	1400000	1500000	3.0
contig_986	1500000	1600000	2.0
contig_986	1600000	1700000	1.0
contig_986	1700000	1800000	3.0
contig_986	1800000	1900000	3.0
contig_986	1900000	2000000	1.0
contig_986	2000000	2100000	1.0
contig_986	2100000	2200000	2.0
contig_986	2200000	2300000	3.0
contig_986	2300000	2400000	1.0
contig_986	2400000	2453610	1.0
contig_987	0	100000	5.0
contig_987	100000	200000	2.0
contig_987	200000	300000	1.0
contig_987	300000	400000	2.0
contig_987	400000	500000	1.0
contig_987	600000	700000	1.0
contig_987	700000	800000	1.0
contig_987	800000	900000	3.0
contig_987	900000	1000000	2.0
contig_987	1000000	1100000	4.0
contig_987	1100000	1200000	1.0
contig_987	1200000	1300000	2.0
contig_987	1300000	1400000	2.0
contig_987	1500000	1562543	2.0
contig_988	100000	147161	3.0
contig_989	100000	200000	2.0
contig_989	200000	300000	2.0
contig_989	300000	319391	2.0
contig_990	0	100000	7.0
contig_990	100000	200000	1.0
contig_990	200000	299264	5.0
contig_991	0	100000	4.0
contig_991	300000	400000	1.0
contig_991	400000	500000	1.0
contig_991	500000	600000	1.0
contig_991	600000	700000	2.0
contig_991	700000	800000	2.0
contig_991	800000	900000	4.0
contig_991	1000000	1100000	1.0
contig_991	1100000	1200000	1.0
contig_991	1200000	1298355	4.0
contig_992	0	100000	4.0
contig_992	300000	400000	1.0
contig_992	700000	800000	1.0
contig_992	800000	900000	1.0
contig_992	900000	1000000	3.0
contig_992	1000000	1100000	1.0
contig_992	1100000	1199779	1.0
contig_993	0	100000	1.0
contig_993	100000	200000	2.0
contig_993	200000	300000	4.0
contig_993	300000	400000	4.0
contig_993	400000	500000	1.0
contig_993	500000	528900	3.0
contig_994	0	100000	4.0
contig_994	100000	200000	2.0
contig_994	300000	400000	1.0
contig_994	400000	500000	1.0
contig_994	500000	600000	2.0
contig_994	600000	700000	2.0
contig_994	700000	800000	1.0
contig_994	800000	900000	1.0
contig_994	900000	1000000	1.0
contig_994	1000000	1100000	2.0
contig_994	1100000	1200000	1.0
contig_994	1200000	1300000	4.0
contig_994	1300000	1383747	4.0
contig_995	100000	200000	5.0
contig_995	200000	300000	1.0
contig_995	300000	400000	5.0
contig_995	400000	447562	1.0
contig_996	0	100000	1.0
contig_996	100000	200000	3.0
contig_996	200000	300000	2.0
contig_996	300000	400000	1.0
contig_996	400000	500000	1.0
contig_996	500000	600000	1.0
contig_996	600000	700000	1.0
contig_996	900000	1000000	1.0
contig_996	1000000	1100000	4.0
contig_996	1200000	1300000	1.0
contig_996	1300000	1333087	2.0
contig_997	0	100000	1.0
contig_997	100000	200000	4.0
contig_997	200000	300000	3.0
contig_997	300000	400000	3.0
contig_997	400000	500000	3.0
contig_997	500000	600000	2.0
contig_997	600000	700000	2.0
contig_997	700000	800000	2.0
contig_997	800000	900000	2.0
contig_997	900000	1000000	2.0
contig_997	1000000	1100000	2.0
contig_997	1200000	1300000	1.0
contig_997	1300000	1400000	2.0
contig_997	1400000	1500000	3.0
contig_997	1500000	1600000	1.0
contig_997	1600000	1700000	1.0
contig_997	1700000	1800000	2.0
contig_997	1800000	1900000	2.0
contig_997	1900000	2000000	1.0
contig_997	2100000	2200000	2.0
contig_997	2200000	2300000	1.0
contig_997	2300000	2400000	4.0
contig_997	2400000	2500000	4.0
contig_997	2600000	2700000	4.0
contig_997	2700000	2800000	1.0
contig_997	2800000	2900000	3.0
contig_997	3000000	3100000	2.0
contig_997	3300000	3400000	2.0
contig_997	3400000	3500000	1.0
contig_997	3600000	3700000	1.0
contig_997	3700000	3800000	1.0
contig_997	3900000	4000000	2.0
contig_997	4400000	4500000	3.0
contig_997	4500000	4600000	3.0
contig_997	4600000	4700000	2.0
contig_997	4700000	4704080	1.0
contig_998	0	31654	2.0
contig_999	0	100000	5.0
contig_999	100000	200000	3.0
contig_999	300000	400000	1.0
contig_999	400000	500000	2.0
contig_999	500000	600000	1.0
contig_999	900000	1000000	1.0
contig_999	1000000	1029182	1.0
contig_1000	0	100000	1.0
contig_1000	100000	200000	2.0
contig_1000	200000	300000	3.0
contig_1000	400000	500000	1.0
contig_1000	500000	600000	3.0
contig_1000	600000	700000	1.0
contig_1000	700000	800000	3.0
contig_1000	800000	900000	1.0
contig_1000	900000	1000000	2.0
contig_1000	1000000	1100000	2.0
contig_1000	1100000	1200000	4.0
contig_1000	1400000	1500000	1.0
contig_1000	1600000	1700000	1.0
contig_1000	1800000	1831878	2.0
contig_1001	0	32429	1.0
contig_1002	0	100000	6.0
contig_1002	100000	200000	1.0
contig_1003	0	100000	2.0
contig_1003	100000	200000	1.0
contig_1003	300000	379694	1.0
contig_1004	100000	200000	3.0
contig_1004	200000	300000	3.0
contig_1004	300000	400000	1.0
contig_1004	400000	500000	2.0
contig_1004	500000	600000	3.0
contig_1004	700000	800000	1.0
contig_1004	1100000	1199722	4.0
contig_1005	100000	200000	1.0
contig_1005	300000	400000	1.0
contig_1005	1100000	1200000	3.0
contig_1005	1300000	1400000	4.0
contig_1005	1400000	1500000	3.0
contig_1005	1500000	1600000	2.0
contig_1005	1600000	1700000	1.0
contig_1005	1700000	1800000	1.0
contig_1005	1900000	2000000	2.0
contig_1005	2000000	2100000	3.0
contig_1005	2100000	2200000	1.0
contig_1005	2200000	2300000	3.0
contig_1005	2300000	2400000	2.0
contig_1005	2400000	2500000	3.0
contig_1005	2500000	2600000	5.0
contig_1005	2800000	2900000	2.0
contig_1005	3000000	3100000	2.0
contig_1005	3100000	3200000	1.0
contig_1005	3200000	3300000	4.0
contig_1005	3300000	3400000	4.0
contig_1005	3400000	3500000	2.0
contig_1005	3500000	3600000	1.0
contig_1005	3600000	3700000	2.0
contig_1005	3700000	3800000	7.0
contig_1005	3800000	3900000	2.0
contig_1005	3900000	4000000	1.0
contig_1005	4000000	4100000	4.0
contig_1005	4100000	4200000	1.0
contig_1005	4200000	4300000	2.0
contig_1005	4300000	4400000	4.0
contig_1005	4400000	4500000	2.0
contig_1005	4600000	4632147	1.0
contig_1006	400000	414328	1.0
contig_1007	100000	200000	2.0
contig_1007	200000	300000	4.0
contig_1007	300000	400000	3.0
contig_1007	400000	500000	2.0
contig_1007	500000	600000	1.0
contig_1007	600000	700000	1.0
contig_1007	700000	785097	9.0
contig_1008	0	100000	2.0
contig_1008	100000	200000	1.0
contig_1008	300000	380765	3.0
contig_1009	0	100000	3.0
contig_1009	100000	192800	2.0
contig_1010	0	100000	4.0
contig_1010	100000	200000	2.0
contig_1010	200000	300000	3.0
contig_1010	300000	400000	1.0
contig_1010	400000	500000	1.0
contig_1010	500000	600000	3.0
contig_1010	700000	800000	1.0
contig_1010	900000	1000000	1.0
contig_1010	1000000	1100000	6.0
contig_1010	1100000	1200000	10.0
contig_1010	1200000	1300000	2.0
contig_1010	1300000	1400000	3.0
contig_1010	1400000	1500000	1.0
contig_1010	1500000	1600000	2.0
contig_1010	1600000	1700000	1.0
contig_1010	1700000	1800000	1.0
contig_1011	0	100000	3.0
contig_1011	200000	257039	5.0
contig_1012	0	100000	1.0
contig_1012	200000	300000	2.0
contig_1012	300000	400000	1.0
contig_1012	400000	500000	1.0
contig_1012	500000	600000	4.0
contig_1012	600000	700000	1.0
contig_1012	700000	800000	2.0
contig_1012	900000	1000000	5.0
contig_1012	1000000	1100000	2.0
contig_1012	1100000	1200000	1.0
contig_1012	1300000	1400000	1.0
contig_1012	1400000	1500000	2.0
contig_1012	1500000	1600000	3.0
contig_1012	1600000	1700000	2.0
contig_1012	1800000	1900000	1.0
contig_1012	1900000	1984086	1.0
contig_1013	0	100000	4.0
contig_1013	100000	200000	1.0
contig_1013	200000	300000	1.0
contig_1013	300000	400000	1.0
contig_1013	400000	500000	2.0
contig_1013	500000	600000	5.0
contig_1013	600000	700000	7.0
contig_1013	700000	800000	5.0
contig_1013	800000	900000	2.0
contig_1013	900000	1000000	4.0
contig_1013	1000000	1100000	2.0
contig_1013	1100000	1160366	2.0
contig_1014	0	100000	2.0
contig_1014	100000	200000	1.0
contig_1014	200000	265210	4.0
contig_1015	0	100000	3.0
contig_1015	100000	200000	1.0
contig_1015	200000	300000	1.0
contig_1015	300000	400000	3.0
contig_1015	500000	600000	5.0
contig_1015	700000	800000	2.0
contig_1015	900000	1000000	2.0
contig_1015	1000000	1100000	1.0
contig_1015	1100000	1200000	1.0
contig_1015	1300000	1400000	3.0
contig_1015	1400000	1500000	3.0
contig_1015	1500000	1600000	6.0
contig_1015	1600000	1700000	6.0
contig_1015	1700000	1800000	2.0
contig_1015	1800000	1840865	2.0
contig_1016	0	100000	2.0
contig_1016	100000	200000	3.0
contig_1016	200000	300000	3.0
contig_1016	400000	500000	1.0
contig_1016	500000	600000	1.0
contig_1016	600000	700000	7.0
contig_1016	700000	800000	2.0
contig_1016	800000	884975	2.0
contig_1017	0	100000	5.0
contig_1017	100000	200000	3.0
contig_1017	200000	300000	1.0
contig_1017	300000	400000	1.0
contig_1017	400000	500000	2.0
contig_1017	500000	600000	2.0
contig_1017	600000	700000	7.0
contig_1017	700000	800000	9.0
contig_1017	800000	900000	9.0
contig_1017	900000	1000000	1.0
contig_1017	1000000	1100000	1.0
contig_1017	1100000	1200000	1.0
contig_1017	1400000	1426466	1.0
contig_1018	0	100000	2.0
contig_1018	100000	200000	1.0
contig_1018	400000	500000	1.0
contig_1018	500000	600000	1.0
contig_1018	600000	700000	1.0
contig_1018	700000	800000	1.0
contig_1018	800000	818091	1.0
contig_1019	100000	200000	3.0
contig_1019	200000	300000	3.0
contig_1019	300000	400000	7.0
contig_1019	400000	500000	6.0
contig_1019	500000	600000	3.0
contig_1019	600000	700000	2.0
contig_1019	700000	800000	1.0
contig_1019	800000	900000	2.0
contig_1019	900000	1000000	3.0
contig_1019	1000000	1100000	3.0
contig_1019	1200000	1300000	4.0
contig_1019	1300000	1400000	2.0
contig_1019	1400000	1500000	1.0
contig_1019	1500000	1600000	1.0
contig_1019	1600000	1700000	2.0
contig_1020	0	100000	2.0
contig_1020	200000	300000	1.0
contig_1020	300000	400000	1.0
contig_1020	500000	600000	4.0
contig_1020	600000	700000	2.0
contig_1020	700000	800000	2.0
contig_1020	800000	900000	1.0
contig_1020	900000	1000000	1.0
contig_1020	1000000	1100000	6.0
contig_1020	1100000	1200000	6.0
contig_1020	1200000	1300000	8.0
contig_1020	1300000	1400000	3.0
contig_1020	1400000	1500000	4.0
contig_1020	1500000	1600000	5.0
contig_1020	1600000	1691118	4.0
contig_1021	100000	200000	2.0
contig_1021	200000	300000	3.0
contig_1021	300000	400000	2.0
contig_1021	400000	500000	3.0
contig_1021	500000	600000	3.0
contig_1021	600000	700000	3.0
contig_1021	800000	900000	1.0
contig_1021	900000	1000000	3.0
contig_1021	1000000	1093352	5.0
contig_1022	100000	200000	1.0
contig_1022	200000	300000	4.0
contig_1022	300000	400000	2.0
contig_1022	400000	500000	2.0
contig_1022	500000	600000	1.0
contig_1022	600000	700000	1.0
contig_1022	800000	900000	2.0
contig_1022	900000	1000000	2.0
contig_1022	1200000	1300000	1.0
contig_1022	1500000	1600000	1.0
contig_1022	1700000	1736838	2.0
contig_1023	0	100000	2.0
contig_1023	100000	200000	1.0
contig_1023	200000	300000	6.0
contig_1023	300000	400000	2.0
contig_1023	400000	500000	1.0
contig_1023	500000	600000	4.0
contig_1023	600000	700000	1.0
contig_1023	700000	800000	1.0
contig_1023	800000	900000	4.0
contig_1023	900000	1000000	3.0
contig_1023	1000000	1100000	1.0
contig_1023	1100000	1200000	2.0
contig_1023	1200000	1300000	4.0
contig_1023	1300000	1400000	3.0
contig_1023	1400000	1500000	1.0
contig_1023	1500000	1600000	3.0
contig_1023	1600000	1700000	4.0
contig_1023	1700000	1718039	1.0
contig_1024	0	100000	2.0
contig_1024	100000	200000	1.0
contig_1024	200000	300000	3.0
contig_1024	300000	400000	7.0
contig_1024	400000	500000	3.0
contig_1024	500000	600000	4.0
contig_1024	600000	700000	2.0
contig_1024	700000	800000	1.0
contig_1024	900000	1000000	1.0
contig_1024	1000000	1100000	1.0
contig_1024	1300000	1400000	2.0
contig_1024	1600000	1700000	2.0
contig_1024	1700000	1800000	3.0
contig_1024	1900000	2000000	1.0
contig_1024	2000000	2042784	3.0
contig_1025	0	100000	1.0
contig_1025	200000	300000	1.0
contig_1025	300000	328620	1.0
contig_1026	0	100000	1.0
contig_1026	100000	200000	2.0
contig_1026	200000	300000	5.0
contig_1026	300000	400000	5.0
contig_1026	400000	437119	1.0
contig_1027	0	100000	1.0
contig_1027	100000	200000	3.0
contig_1027	200000	300000	3.0
contig_1027	300000	400000	3.0
contig_1027	400000	500000	1.0
contig_1027	500000	600000	3.0
contig_1027	800000	900000	1.0
contig_1027	1000000	1100000	1.0
contig_1027	1100000	1200000	1.0
contig_1027	1300000	1400000	1.0
contig_1027	1400000	1422021	3.0
contig_1028	0	100000	3.0
contig_1028	100000	113485	1.0
contig_1029	0	61960	2.0
contig_1030	0	100000	6.0
contig_1030	100000	200000	3.0
contig_1030	200000	300000	7.0
contig_1030	300000	400000	3.0
contig_1030	400000	500000	5.0
contig_1030	500000	600000	6.0
contig_1030	600000	700000	6.0
contig_1030	700000	800000	1.0
contig_1030	800000	900000	1.0
contig_1030	900000	1000000	2.0
contig_1030	1000000	1100000	2.0
contig_1030	1300000	1357172	4.0
contig_1031	100000	200000	1.0
contig_1031	200000	300000	2.0
contig_1032	0	100000	2.0
contig_1032	100000	200000	4.0
contig_1032	200000	300000	3.0
contig_1032	300000	340956	1.0
contig_1033	100000	200000	1.0
contig_1033	300000	400000	3.0
contig_1033	400000	500000	9.0
contig_1033	500000	600000	4.0
contig_1033	600000	700000	1.0
contig_1033	700000	800000	1.0
contig_1033	800000	900000	1.0
contig_1033	900000	1000000	5.0
contig_1033	1000000	1100000	2.0
contig_1033	1100000	1200000	3.0
contig_1033	1200000	1300000	2.0
contig_1033	1300000	1400000	5.0
contig_1033	1400000	1500000	2.0
contig_1033	1500000	1600000	1.0
contig_1033	1700000	1800000	2.0
contig_1033	1800000	1900000	7.0
contig_1033	1900000	2000000	8.0
contig_1033	2000000	2100000	1.0
contig_1033	2100000	2200000	2.0
contig_1033	2200000	2300000	3.0
contig_1033	2300000	2400000	4.0
contig_1033	2400000	2500000	2.0
contig_1033	2600000	2700000	3.0
contig_1033	2700000	2767059	1.0
contig_1034	0	100000	2.0
contig_1034	200000	300000	1.0
contig_1034	300000	311069	1.0
contig_1035	100000	200000	1.0
contig_1035	300000	400000	2.0
contig_1035	400000	500000	4.0
contig_1035	500000	600000	1.0
contig_1035	800000	900000	1.0
contig_1035	1000000	1100000	1.0
contig_1035	1100000	1200000	1.0
contig_1035	1200000	1300000	4.0
contig_1035	1300000	1378741	5.0
contig_1036	0	100000	1.0
contig_1036	200000	300000	1.0
contig_1036	300000	363083	1.0
contig_1037	0	100000	6.0
contig_1037	100000	200000	2.0
contig_1037	200000	300000	6.0
contig_1037	300000	400000	1.0
contig_1037	400000	500000	7.0
contig_1037	500000	600000	13.0
contig_1037	600000	700000	2.0
contig_1037	700000	800000	1.0
contig_1037	800000	900000	2.0
contig_1037	900000	1000000	1.0
contig_1037	1000000	1100000	2.0
contig_1037	1100000	1200000	6.0
contig_1037	1200000	1258820	1.0
contig_1038	500000	600000	2.0
contig_1038	600000	700000	1.0
contig_1038	700000	800000	1.0
contig_1038	900000	915926	1.0
contig_1039	100000	133838	1.0
contig_1040	0	100000	3.0
contig_1040	100000	200000	2.0
contig_1040	300000	400000	2.0
contig_1040	400000	500000	1.0
contig_1040	500000	600000	2.0
contig_1040	700000	800000	1.0
contig_1040	800000	900000	3.0
contig_1040	900000	1000000	1.0
contig_1040	1000000	1100000	8.0
contig_1040	1100000	1200000	2.0
contig_1040	1200000	1300000	2.0
contig_1040	1500000	1600000	2.0
contig_1040	1700000	1800000	1.0
contig_1040	1800000	1899719	3.0
contig_1041	0	100000	1.0
contig_1041	100000	200000	1.0
contig_1041	200000	300000	2.0
contig_1041	300000	400000	2.0
contig_1041	500000	600000	3.0
contig_1041	600000	700000	5.0
contig_1041	700000	800000	1.0
contig_1041	800000	900000	1.0
contig_1041	900000	1000000	3.0
contig_1041	1100000	1200000	1.0
contig_1041	1200000	1300000	1.0
contig_1041	1300000	1400000	1.0
contig_1041	1400000	1500000	1.0
contig_1041	1500000	1506098	1.0
contig_1042	0	100000	1.0
contig_1042	100000	189102	2.0
contig_1043	100000	200000	2.0
contig_1043	600000	700000	2.0
contig_1043	700000	800000	4.0
contig_1043	800000	900000	1.0
contig_1043	900000	1000000	3.0
contig_1043	1000000	1100000	4.0
contig_1043	1100000	1200000	1.0
contig_1043	1200000	1300000	12.0
contig_1043	1300000	1400000	6.0
contig_1043	1400000	1500000	1.0
contig_1043	1500000	1600000	4.0
contig_1043	1600000	1700000	2.0
contig_1043	1700000	1800000	2.0
contig_1043	1800000	1900000	2.0
contig_1043	1900000	2000000	2.0
contig_1043	2100000	2200000	2.0
contig_1043	2200000	2266148	1.0
contig_1044	0	100000	1.0
contig_1044	100000	200000	1.0
contig_1044	300000	400000	1.0
contig_1044	700000	800000	1.0
contig_1044	800000	900000	1.0
contig_1044	900000	1000000	1.0
contig_1044	1000000	1100000	4.0
contig_1044	1200000	1300000	5.0
contig_1044	1300000	1400000	3.0
contig_1044	1400000	1500000	1.0
contig_1044	1500000	1600000	6.0
contig_1044	1600000	1700000	2.0
contig_1044	1700000	1800000	1.0
contig_1044	1800000	1900000	2.0
contig_1044	1900000	1988978	2.0
contig_1045	0	100000	1.0
contig_1045	100000	200000	1.0
contig_1045	200000	300000	4.0
contig_1045	300000	400000	3.0
contig_1045	400000	500000	1.0
contig_1045	500000	600000	3.0
contig_1045	700000	800000	2.0
contig_1045	900000	1000000	2.0
contig_1045	1000000	1100000	1.0
contig_1045	1100000	1200000	3.0
contig_1045	1200000	1300000	2.0
contig_1045	1300000	1400000	3.0
contig_1045	1400000	1500000	2.0
contig_1045	1500000	1600000	1.0
contig_1045	1600000	1700000	2.0
contig_1045	1700000	1800000	1.0
contig_1045	1900000	2000000	1.0
contig_1045	2000000	2074773	4.0
contig_1046	0	100000	3.0
contig_1046	200000	300000	1.0
contig_1046	300000	400000	1.0
contig_1046	600000	700000	1.0
contig_1046	700000	800000	1.0
contig_1046	800000	900000	2.0
contig_1046	900000	1000000	1.0
contig_1046	1000000	1011186	1.0
contig_1047	0	100000	4.0
contig_1047	100000	200000	2.0
contig_1047	200000	300000	4.0
contig_1047	300000	376856	2.0
contig_1048	0	100000	5.0
contig_1048	100000	200000	3.0
contig_1048	200000	300000	5.0
contig_1048	300000	400000	6.0
contig_1048	400000	494516	5.0
contig_1049	100000	186151	3.0
contig_1050	0	100000	3.0
contig_1050	100000	130441	2.0
contig_1051	0	100000	4.0
contig_1051	100000	200000	4.0
contig_1051	200000	300000	2.0
contig_1051	300000	400000	1.0
contig_1051	400000	500000	2.0
contig_1051	500000	600000	1.0
contig_1051	600000	700000	1.0
contig_1051	700000	800000	1.0
contig_1051	800000	900000	1.0
contig_1051	900000	1000000	1.0
contig_1051	1000000	1100000	1.0
contig_1051	1100000	1200000	1.0
contig_1051	1200000	1242373	1.0
contig_1052	0	100000	1.0
contig_1052	200000	300000	1.0
contig_1052	300000	400000	2.0
contig_1052	500000	600000	1.0
contig_1052	900000	1000000	1.0
contig_1052	1400000	1500000	1.0
contig_1052	1500000	1600000	2.0
contig_1052	1600000	1700000	1.0
contig_1052	1700000	1800000	5.0
contig_1052	1900000	2000000	3.0
contig_1052	2000000	2100000	2.0
contig_1052	2100000	2200000	2.0
contig_1052	2200000	2300000	3.0
contig_1052	2300000	2400000	1.0
contig_1052	2400000	2500000	3.0
contig_1052	2500000	2600000	2.0
contig_1052	2600000	2700000	1.0
contig_1052	2700000	2800000	4.0
contig_1052	2800000	2900000	4.0
contig_1052	2900000	3000000	2.0
contig_1052	3000000	3030149	1.0
contig_1053	0	100000	2.0
contig_1053	100000	200000	1.0
contig_1053	200000	300000	1.0
contig_1053	300000	400000	1.0
contig_1053	400000	500000	1.0
contig_1053	500000	600000	2.0
contig_1053	800000	900000	2.0
contig_1053	900000	941079	4.0
contig_1054	0	100000	1.0
contig_1054	100000	200000	2.0
contig_1054	200000	300000	4.0
contig_1054	300000	400000	2.0
contig_1054	400000	500000	4.0
contig_1054	500000	561012	1.0
contig_1055	0	100000	2.0
contig_1055	100000	200000	3.0
contig_1055	200000	300000	3.0
contig_1055	300000	400000	3.0
contig_1055	400000	500000	2.0
contig_1055	500000	600000	3.0
contig_1055	600000	700000	1.0
contig_1055	700000	800000	2.0
contig_1056	100000	200000	1.0
contig_1056	300000	400000	2.0
contig_1056	600000	700000	6.0
contig_1056	700000	800000	2.0
contig_1056	800000	900000	5.0
contig_1056	900000	1000000	5.0
contig_1056	1000000	1100000	5.0
contig_1056	1100000	1200000	1.0
contig_1056	1300000	1395594	2.0
contig_1057	0	100000	2.0
contig_1057	300000	400000	3.0
contig_1057	400000	500000	2.0
contig_1057	500000	600000	3.0
contig_1057	600000	700000	3.0
contig_1057	800000	900000	1.0
contig_1057	1000000	1100000	1.0
contig_1057	1200000	1300000	1.0
contig_1057	1300000	1400000	2.0
contig_1057	1400000	1500000	3.0
contig_1057	1500000	1600000	1.0
contig_1057	1600000	1700000	1.0
contig_1057	1700000	1800000	3.0
contig_1057	1900000	2000000	1.0
contig_1057	2000000	2100000	1.0
contig_1057	2100000	2200000	1.0
contig_1057	2200000	2300000	2.0
contig_1057	2300000	2400000	1.0
contig_1057	2400000	2500000	1.0
contig_1057	2700000	2800000	1.0
contig_1057	3100000	3200000	3.0
contig_1057	3200000	3300000	3.0
contig_1057	3300000	3400000	6.0
contig_1057	3400000	3500000	1.0
contig_1057	3500000	3600000	7.0
contig_1057	3600000	3700000	4.0
contig_1057	3700000	3800000	1.0
contig_1057	3800000	3900000	2.0
contig_1057	4000000	4100000	2.0
contig_1057	4100000	4200000	1.0
contig_1057	4200000	4300000	5.0
contig_1057	4300000	4348351	2.0
contig_1058	100000	200000	2.0
contig_1058	200000	300000	3.0
contig_1058	400000	469469	1.0
contig_1059	0	100000	2.0
contig_1059	100000	125526	1.0
contig_1060	0	100000	3.0
contig_1060	100000	200000	1.0
contig_1060	200000	300000	1.0
contig_1060	400000	500000	2.0
contig_1060	500000	600000	3.0
contig_1060	600000	700000	1.0
contig_1060	700000	800000	4.0
contig_1060	900000	1000000	3.0
contig_1060	1100000	1200000	1.0
contig_1060	1300000	1400000	1.0
contig_1060	1400000	1500000	1.0
contig_1060	1700000	1800000	2.0
contig_1060	2000000	2100000	5.0
contig_1060	2100000	2200000	3.0
contig_1060	2200000	2300000	1.0
contig_1060	2300000	2400000	2.0
contig_1060	2400000	2500000	2.0
contig_1060	2500000	2600000	2.0
contig_1060	2600000	2640190	2.0
contig_1061	0	100000	1.0
contig_1061	100000	200000	1.0
contig_1061	200000	300000	2.0
contig_1061	300000	400000	2.0
contig_1061	400000	500000	6.0
contig_1061	500000	600000	3.0
contig_1061	600000	700000	3.0
contig_1061	700000	800000	1.0
contig_1061	800000	900000	1.0
contig_1061	900000	1000000	2.0
contig_1061	1100000	1200000	5.0
contig_1061	1200000	1300000	1.0
contig_1061	1300000	1400000	1.0
contig_1061	1400000	1446601	2.0
contig_1062	100000	200000	2.0
contig_1062	200000	300000	2.0
contig_1062	300000	400000	3.0
contig_1062	400000	500000	3.0
contig_1062	500000	600000	1.0
contig_1062	600000	700000	1.0
contig_1062	700000	800000	1.0
contig_1062	800000	900000	2.0
contig_1062	900000	1000000	2.0
contig_1062	1000000	1100000	2.0
contig_1062	1200000	1300000	1.0
contig_1062	1500000	1600000	2.0
contig_1062	1600000	1700000	1.0
contig_1062	1700000	1800000	2.0
contig_1062	1800000	1900000	1.0
contig_1062	1900000	2000000	1.0
contig_1062	2000000	2100000	2.0
contig_1062	2100000	2200000	3.0
contig_1062	2200000	2300000	1.0
contig_1062	2400000	2500000	2.0
contig_1062	2500000	2600000	3.0
contig_1062	2700000	2800000	2.0
contig_1062	2800000	2850975	1.0
contig_1063	0	100000	2.0
contig_1063	100000	200000	3.0
contig_1063	200000	300000	5.0
contig_1063	300000	400000	3.0
contig_1063	400000	500000	2.0
contig_1063	500000	600000	1.0
contig_1063	600000	700000	2.0
contig_1063	700000	755596	2.0
contig_1064	0	100000	5.0
contig_1064	400000	500000	1.0
contig_1064	600000	700000	2.0
contig_1064	700000	800000	2.0
contig_1064	800000	900000	1.0
contig_1064	900000	1000000	2.0
contig_1064	1100000	1200000	2.0
contig_1064	1200000	1300000	3.0
contig_1064	1500000	1600000	1.0
contig_1064	1600000	1700000	4.0
contig_1064	1700000	1800000	2.0
contig_1064	1800000	1900000	2.0
contig_1064	1900000	2000000	1.0
contig_1064	2200000	2300000	1.0
contig_1064	2400000	2500000	1.0
contig_1065	0	100000	3.0
contig_1065	100000	200000	2.0
contig_1065	200000	300000	2.0
contig_1065	300000	400000	1.0
contig_1065	500000	600000	1.0
contig_1065	600000	700000	2.0
contig_1065	700000	800000	1.0
contig_1065	1200000	1300000	1.0
contig_1065	1400000	1500000	2.0
contig_1065	1600000	1700000	1.0
contig_1065	1700000	1800000	1.0
contig_1065	1900000	2000000	7.0
contig_1065	2000000	2100000	1.0
contig_1065	2100000	2200000	11.0
contig_1065	2200000	2300000	1.0
contig_1065	2400000	2442469	2.0
contig_1066	0	100000	1.0
contig_1066	100000	200000	2.0
contig_1066	400000	471563	3.0
contig_1067	0	100000	3.0
contig_1067	200000	300000	1.0
contig_1067	300000	400000	2.0
contig_1067	400000	500000	2.0
contig_1067	500000	590947	3.0
contig_1068	0	100000	4.0
contig_1068	100000	200000	2.0
contig_1068	300000	400000	1.0
contig_1068	600000	700000	2.0
contig_1068	700000	800000	1.0
contig_1068	800000	900000	1.0
contig_1068	900000	1000000	1.0
contig_1068	1000000	1100000	3.0
contig_1068	1100000	1200000	5.0
contig_1068	1200000	1300000	2.0
contig_1068	1300000	1400000	2.0
contig_1068	1500000	1600000	1.0
contig_1068	1600000	1700000	1.0
contig_1068	1700000	1800000	4.0
contig_1068	2000000	2100000	5.0
contig_1068	2100000	2160328	2.0
contig_1069	0	100000	2.0
contig_1069	200000	253831	1.0
contig_1070	0	70980	1.0
contig_1071	0	100000	2.0
contig_1071	100000	200000	2.0
contig_1071	200000	300000	2.0
contig_1071	300000	345155	3.0
contig_1072	0	100000	2.0
contig_1072	200000	300000	1.0
contig_1072	300000	400000	5.0
contig_1072	400000	500000	5.0
contig_1072	600000	700000	5.0
contig_1072	700000	800000	2.0
contig_1072	800000	900000	2.0
contig_1072	900000	905891	1.0
contig_1073	0	100000	1.0
contig_1073	100000	200000	2.0
contig_1073	200000	300000	2.0
contig_1073	300000	400000	3.0
contig_1073	500000	600000	1.0
contig_1073	600000	657876	2.0
contig_1074	0	100000	8.0
contig_1074	100000	200000	1.0
contig_1074	200000	300000	1.0
contig_1074	400000	500000	1.0
contig_1074	500000	600000	5.0
contig_1074	600000	700000	1.0
contig_1074	700000	800000	1.0
contig_1074	800000	900000	4.0
contig_1074	900000	979621	3.0
contig_1075	0	60106	2.0
contig_1076	0	100000	2.0
contig_1076	100000	200000	14.0
contig_1076	200000	300000	7.0
contig_1076	300000	400000	4.0
contig_1076	400000	500000	3.0
contig_1076	500000	600000	1.0
contig_1076	600000	700000	2.0
contig_1076	700000	800000	1.0
contig_1076	800000	900000	3.0
contig_1076	900000	1000000	1.0
contig_1076	1000000	1100000	2.0
contig_1076	1100000	1200000	3.0
contig_1076	1200000	1300000	3.0
contig_1076	1300000	1400000	5.0
contig_1076	1400000	1439067	1.0
contig_1077	0	100000	6.0
contig_1077	100000	100432	1.0
contig_1078	0	100000	2.0
contig_1078	200000	300000	1.0
contig_1078	300000	400000	1.0
contig_1078	400000	500000	1.0
contig_1078	500000	600000	2.0
contig_1078	600000	700000	7.0
contig_1078	700000	800000	2.0
contig_1078	800000	900000	6.0
contig_1078	900000	1000000	4.0
contig_1078	1000000	1100000	1.0
contig_1078	1100000	1200000	2.0
contig_1078	1200000	1300000	1.0
contig_1078	1300000	1400000	1.0
contig_1078	1500000	1588870	1.0
contig_1079	0	100000	3.0
contig_1079	200000	300000	1.0
contig_1079	300000	400000	2.0
contig_1080	0	100000	4.0
contig_1080	100000	132830	2.0
contig_1081	0	100000	8.0
contig_1081	100000	200000	4.0
contig_1081	200000	280644	2.0
contig_1082	0	100000	1.0
contig_1082	100000	200000	1.0
contig_1082	200000	254272	3.0
contig_1083	0	100000	2.0
contig_1083	100000	104704	2.0
contig_1084	0	100000	2.0
contig_1084	100000	200000	2.0
contig_1084	500000	600000	1.0
contig_1084	600000	700000	3.0
contig_1084	800000	900000	1.0
contig_1084	900000	1000000	2.0
contig_1084	1000000	1100000	2.0
contig_1084	1200000	1300000	1.0
contig_1084	1300000	1381646	1.0
contig_1085	0	100000	4.0
contig_1085	100000	200000	6.0
contig_1085	200000	300000	14.0
contig_1085	300000	400000	3.0
contig_1085	600000	700000	3.0
contig_1085	700000	800000	2.0
contig_1085	800000	900000	2.0
contig_1085	900000	1000000	3.0
contig_1085	1100000	1200000	1.0
contig_1085	1200000	1216116	1.0
contig_1086	0	100000	2.0
contig_1086	100000	135245	1.0
contig_1087	0	100000	4.0
contig_1087	100000	185653	3.0
contig_1088	0	100000	2.0
contig_1088	100000	200000	2.0
contig_1088	300000	400000	3.0
contig_1088	400000	500000	3.0
contig_1088	500000	600000	4.0
contig_1088	800000	900000	2.0
contig_1088	1000000	1100000	2.0
contig_1088	1100000	1200000	4.0
contig_1088	1200000	1300000	1.0
contig_1088	1300000	1400000	3.0
contig_1088	1400000	1500000	2.0
contig_1088	1500000	1600000	3.0
contig_1088	1600000	1700000	2.0
contig_1088	1800000	1900000	1.0
contig_1088	2000000	2100000	5.0
contig_1088	2100000	2200000	2.0
contig_1088	2200000	2300000	6.0
contig_1088	2300000	2400000	4.0
contig_1088	2400000	2500000	1.0
contig_1088	2500000	2600000	2.0
contig_1088	2600000	2700000	3.0
contig_1088	2700000	2800000	2.0
contig_1088	2800000	2862817	8.0
contig_1089	0	100000	5.0
contig_1089	100000	200000	1.0
contig_1089	200000	300000	2.0
contig_1089	300000	400000	3.0
contig_1089	400000	500000	1.0
contig_1089	500000	600000	3.0
contig_1089	600000	700000	6.0
contig_1089	700000	800000	4.0
contig_1089	800000	900000	4.0
contig_1089	1000000	1100000	1.0
contig_1089	1100000	1111290	3.0
contig_1090	100000	200000	1.0
contig_1090	200000	300000	4.0
contig_1090	300000	400000	1.0
contig_1090	500000	574089	1.0
contig_1091	0	100000	6.0
contig_1091	100000	200000	2.0
contig_1091	200000	300000	3.0
contig_1091	300000	400000	1.0
contig_1091	400000	500000	1.0
contig_1091	500000	600000	3.0
contig_1091	600000	700000	1.0
contig_1091	700000	800000	1.0
contig_1091	900000	1000000	4.0
contig_1091	1000000	1100000	3.0
contig_1091	1100000	1200000	2.0
contig_1091	1300000	1400000	3.0
contig_1091	1400000	1500000	4.0
contig_1091	1500000	1600000	2.0
contig_1091	1600000	1700000	5.0
contig_1091	1700000	1800000	3.0
contig_1091	1800000	1900000	1.0
contig_1091	1900000	2000000	2.0
contig_1091	2000000	2100000	1.0
contig_1091	2100000	2200000	3.0
contig_1091	2200000	2300000	1.0
contig_1091	2300000	2400000	1.0
contig_1091	2400000	2500000	1.0
contig_1091	2500000	2600000	3.0
contig_1091	2600000	2700000	4.0
contig_1091	2700000	2800000	2.0
contig_1091	2800000	2900000	3.0
contig_1091	3100000	3198328	4.0
contig_1092	100000	200000	1.0
contig_1092	200000	300000	1.0
contig_1092	300000	400000	1.0
contig_1092	400000	500000	1.0
contig_1092	500000	600000	2.0
contig_1092	700000	800000	1.0
contig_1092	900000	1000000	2.0
contig_1092	1000000	1100000	4.0
contig_1092	1100000	1200000	1.0
contig_1092	1300000	1400000	3.0
contig_1092	1500000	1529081	1.0
contig_1093	0	100000	1.0
contig_1093	100000	200000	3.0
contig_1093	300000	400000	1.0
contig_1093	500000	600000	1.0
contig_1093	700000	800000	4.0
contig_1093	800000	900000	2.0
contig_1093	900000	1000000	2.0
contig_1093	1000000	1100000	2.0
contig_1093	1200000	1300000	9.0
contig_1093	1300000	1400000	4.0
contig_1093	1400000	1500000	2.0
contig_1093	1500000	1600000	4.0
contig_1093	1600000	1700000	4.0
contig_1093	1700000	1800000	1.0
contig_1093	1900000	2000000	2.0
contig_1093	2000000	2100000	3.0
contig_1093	2100000	2200000	1.0
contig_1093	2200000	2300000	2.0
contig_1093	2400000	2500000	2.0
contig_1093	2600000	2700000	4.0
contig_1093	2700000	2800000	2.0
contig_1093	2900000	3000000	1.0
contig_1093	3100000	3200000	3.0
contig_1093	3200000	3300000	2.0
contig_1093	3300000	3400000	4.0
contig_1093	3400000	3500000	4.0
contig_1093	3600000	3700000	1.0
contig_1093	3700000	3800000	1.0
contig_1093	3800000	3900000	5.0
contig_1093	3900000	4000000	1.0
contig_1093	4000000	4100000	7.0
contig_1093	4100000	4200000	1.0
contig_1093	4200000	4300000	1.0
contig_1093	4300000	4400000	1.0
contig_1093	4400000	4500000	2.0
contig_1093	4700000	4800000	1.0
contig_1093	4800000	4900000	1.0
contig_1093	4900000	5000000	3.0
contig_1093	5000000	5100000	1.0
contig_1093	5200000	5300000	2.0
contig_1093	5300000	5400000	3.0
contig_1093	5400000	5500000	4.0
contig_1094	0	100000	7.0
contig_1094	100000	200000	1.0
contig_1094	200000	300000	3.0
contig_1094	300000	372995	3.0
contig_1095	0	100000	2.0
contig_1095	200000	300000	1.0
contig_1095	400000	500000	3.0
contig_1095	500000	600000	2.0
contig_1095	600000	700000	1.0
contig_1095	700000	800000	1.0
contig_1095	800000	900000	3.0
contig_1095	900000	1000000	1.0
contig_1095	1000000	1100000	3.0
contig_1095	1100000	1200000	3.0
contig_1095	1200000	1300000	3.0
contig_1095	1300000	1400000	6.0
contig_1095	1400000	1500000	11.0
contig_1095	1500000	1600000	5.0
contig_1095	1600000	1700000	2.0
contig_1095	1700000	1800000	1.0
contig_1095	1800000	1900000	2.0
contig_1095	1900000	2000000	3.0
contig_1095	2000000	2100000	2.0
contig_1095	2100000	2200000	6.0
contig_1095	2200000	2300000	1.0
contig_1095	2300000	2350951	5.0
contig_1096	0	100000	2.0
contig_1096	100000	149493	2.0
contig_1097	0	100000	3.0
contig_1097	100000	200000	2.0
contig_1097	200000	300000	2.0
contig_1097	400000	500000	3.0
contig_1097	500000	600000	3.0
contig_1097	600000	700000	5.0
contig_1097	700000	800000	3.0
contig_1097	800000	900000	4.0
contig_1097	900000	1000000	3.0
contig_1097	1000000	1100000	3.0
contig_1097	1100000	1200000	4.0
contig_1097	1200000	1300000	4.0
contig_1097	1300000	1400000	3.0
contig_1097	1400000	1500000	8.0
contig_1097	1500000	1600000	2.0
contig_1097	1600000	1700000	2.0
contig_1097	1700000	1800000	4.0
contig_1097	1800000	1900000	5.0
contig_1097	1900000	2000000	1.0
contig_1097	2000000	2100000	1.0
contig_1097	2100000	2200000	2.0
contig_1097	2200000	2203788	1.0
contig_1099	200000	300000	1.0
contig_1099	300000	400000	2.0
contig_1099	500000	600000	1.0
contig_1099	600000	700000	2.0
contig_1099	700000	800000	3.0
contig_1099	800000	900000	1.0
contig_1099	900000	1000000	1.0
contig_1099	1000000	1100000	2.0
contig_1099	1100000	1200000	3.0
contig_1099	1200000	1300000	1.0
contig_1099	1300000	1356475	2.0
contig_1100	100000	200000	2.0
contig_1100	200000	300000	1.0
contig_1100	300000	400000	1.0
contig_1100	400000	500000	4.0
contig_1100	500000	600000	1.0
contig_1100	600000	700000	1.0
contig_1100	800000	900000	1.0
contig_1100	1100000	1200000	1.0
contig_1100	1200000	1300000	1.0
contig_1100	1400000	1500000	4.0
contig_1100	1500000	1600000	2.0
contig_1100	1600000	1700000	2.0
contig_1100	1700000	1800000	3.0
contig_1100	1800000	1900000	5.0
contig_1100	1900000	2000000	5.0
contig_1100	2000000	2100000	6.0
contig_1100	2100000	2124912	1.0
contig_1101	0	100000	3.0
contig_1101	100000	200000	3.0
contig_1101	200000	300000	5.0
contig_1101	300000	400000	2.0
contig_1101	400000	500000	2.0
contig_1101	500000	600000	1.0
contig_1101	600000	700000	1.0
contig_1101	700000	800000	2.0
contig_1101	900000	1000000	1.0
contig_1101	1000000	1100000	3.0
contig_1101	1200000	1300000	3.0
contig_1101	1800000	1900000	1.0
contig_1101	1900000	2000000	1.0
contig_1101	2000000	2100000	2.0
contig_1101	2200000	2300000	4.0
contig_1101	2300000	2400000	1.0
contig_1101	2400000	2500000	2.0
contig_1101	2500000	2600000	5.0
contig_1101	2600000	2700000	4.0
contig_1101	2700000	2800000	3.0
contig_1101	2800000	2874705	1.0
contig_1102	0	30172	1.0
contig_1103	100000	200000	2.0
contig_1104	100000	200000	3.0
contig_1104	900000	1000000	1.0
contig_1104	1000000	1100000	4.0
contig_1104	1100000	1200000	5.0
contig_1104	1200000	1300000	1.0
contig_1104	1300000	1400000	3.0
contig_1104	1400000	1500000	6.0
contig_1104	1700000	1800000	2.0
contig_1104	1800000	1900000	1.0
contig_1104	2000000	2100000	1.0
contig_1104	2100000	2200000	1.0
contig_1104	2200000	2300000	3.0
contig_1104	2300000	2400000	2.0
contig_1104	2400000	2500000	3.0
contig_1104	2500000	2600000	7.0
contig_1104	2600000	2700000	2.0
contig_1104	2700000	2800000	1.0
contig_1104	2900000	3000000	2.0
contig_1104	3000000	3100000	2.0
contig_1104	3100000	3200000	1.0
contig_1105	0	100000	4.0
contig_1105	100000	200000	2.0
contig_1105	200000	300000	2.0
contig_1105	400000	500000	4.0
contig_1105	700000	800000	1.0
contig_1105	800000	900000	2.0
contig_1105	900000	1000000	1.0
contig_1105	1400000	1500000	1.0
contig_1105	1600000	1700000	5.0
contig_1105	1700000	1800000	2.0
contig_1105	1800000	1887712	4.0
contig_1106	0	100000	3.0
contig_1106	100000	200000	1.0
contig_1106	200000	300000	1.0
contig_1106	300000	400000	5.0
contig_1106	400000	500000	2.0
contig_1106	500000	600000	1.0
contig_1106	600000	700000	4.0
contig_1106	700000	800000	2.0
contig_1106	900000	1000000	2.0
contig_1106	1000000	1100000	2.0
contig_1106	1100000	1200000	4.0
contig_1106	1200000	1300000	1.0
contig_1107	100000	200000	1.0
contig_1107	200000	300000	5.0
contig_1107	300000	400000	2.0
contig_1107	400000	500000	1.0
contig_1107	500000	600000	1.0
contig_1107	600000	700000	1.0
contig_1107	700000	800000	6.0
contig_1107	800000	900000	1.0
contig_1107	900000	1000000	4.0
contig_1107	1000000	1100000	3.0
contig_1107	1100000	1200000	1.0
contig_1107	1300000	1400000	3.0
contig_1107	1400000	1500000	2.0
contig_1107	1500000	1600000	1.0
contig_1107	1700000	1800000	2.0
contig_1107	1900000	2000000	1.0
contig_1107	2000000	2100000	3.0
contig_1107	2100000	2200000	1.0
contig_1107	2200000	2300000	1.0
contig_1107	2300000	2400000	1.0
contig_1107	2400000	2500000	4.0
contig_1107	2500000	2600000	6.0
contig_1107	2600000	2647106	2.0
contig_1108	0	100000	3.0
contig_1108	100000	200000	1.0
contig_1108	200000	247403	1.0
contig_1109	0	100000	5.0
contig_1109	100000	200000	5.0
contig_1109	200000	300000	1.0
contig_1109	300000	400000	1.0
contig_1109	400000	500000	5.0
contig_1109	600000	700000	1.0
contig_1109	700000	800000	1.0
contig_1109	800000	900000	3.0
contig_1109	900000	1000000	4.0
contig_1109	1000000	1100000	3.0
contig_1109	1100000	1200000	3.0
contig_1109	1200000	1300000	3.0
contig_1109	1300000	1400000	4.0
contig_1109	1400000	1500000	2.0
contig_1109	1500000	1600000	4.0
contig_1109	1600000	1700000	5.0
contig_1109	1700000	1740001	1.0
contig_1110	0	100000	1.0
contig_1110	200000	300000	5.0
contig_1110	300000	400000	2.0
contig_1110	400000	500000	2.0
contig_1110	500000	600000	6.0
contig_1110	600000	700000	8.0
contig_1110	700000	800000	1.0
contig_1110	1000000	1100000	4.0
contig_1110	1100000	1200000	6.0
contig_1110	1200000	1300000	3.0
contig_1110	1300000	1351330	2.0
contig_1111	0	100000	3.0
contig_1111	300000	400000	1.0
contig_1111	600000	700000	1.0
contig_1111	700000	720799	1.0
contig_1112	0	100000	1.0
contig_1112	100000	200000	2.0
contig_1112	200000	300000	3.0
contig_1112	300000	400000	4.0
contig_1112	400000	416926	3.0
contig_1113	0	100000	2.0
contig_1113	100000	200000	3.0
contig_1113	200000	300000	4.0
contig_1113	300000	400000	2.0
contig_1113	400000	500000	2.0
contig_1113	500000	600000	1.0
contig_1113	700000	800000	5.0
contig_1113	800000	900000	5.0
contig_1113	900000	1000000	8.0
contig_1113	1000000	1100000	2.0
contig_1113	1100000	1200000	1.0
contig_1113	1300000	1400000	2.0
contig_1113	1500000	1600000	2.0
contig_1113	1600000	1685011	5.0
contig_1114	0	100000	4.0
contig_1114	100000	200000	2.0
contig_1114	200000	300000	3.0
contig_1114	300000	400000	3.0
contig_1114	400000	500000	6.0
contig_1114	500000	600000	1.0
contig_1114	700000	800000	1.0
contig_1114	800000	900000	2.0
contig_1114	1100000	1200000	1.0
contig_1114	1300000	1400000	3.0
contig_1114	1400000	1500000	6.0
contig_1114	1500000	1600000	2.0
contig_1114	1600000	1700000	6.0
contig_1114	1700000	1800000	1.0
contig_1114	1800000	1900000	3.0
contig_1114	1900000	2000000	1.0
contig_1114	2000000	2100000	1.0
contig_1114	2100000	2200000	2.0
contig_1114	2200000	2300000	2.0
contig_1114	2400000	2500000	3.0
contig_1114	2500000	2600000	3.0
contig_1114	2600000	2700000	3.0
contig_1114	2700000	2800000	1.0
contig_1114	3100000	3200000	1.0
contig_1114	3200000	3296440	3.0
contig_1115	0	100000	3.0
contig_1115	100000	121694	1.0
contig_1116	0	100000	3.0
contig_1116	100000	200000	3.0
contig_1116	200000	300000	2.0
contig_1116	600000	700000	1.0
contig_1116	700000	800000	1.0
contig_1116	800000	900000	1.0
contig_1116	1000000	1100000	1.0
contig_1116	1100000	1200000	3.0
contig_1116	1200000	1300000	3.0
contig_1116	1300000	1400000	10.0
contig_1116	1400000	1500000	2.0
contig_1116	1500000	1600000	3.0
contig_1116	1600000	1700000	6.0
contig_1116	1700000	1800000	3.0
contig_1116	1800000	1900000	5.0
contig_1116	1900000	2000000	2.0
contig_1116	2000000	2100000	3.0
contig_1116	2100000	2200000	4.0
contig_1116	2200000	2300000	2.0
contig_1116	2300000	2400000	6.0
contig_1116	2400000	2500000	4.0
contig_1116	2500000	2600000	3.0
contig_1116	2600000	2700000	1.0
contig_1116	2700000	2800000	1.0
contig_1116	3100000	3200000	3.0
contig_1116	3200000	3300000	4.0
contig_1116	3300000	3400000	1.0
contig_1116	3400000	3500000	5.0
contig_1116	3500000	3600000	3.0
contig_1116	3600000	3700000	2.0
contig_1116	3700000	3800000	3.0
contig_1116	3800000	3900000	2.0
contig_1116	3900000	4000000	2.0
contig_1116	4000000	4100000	2.0
contig_1116	4100000	4200000	1.0
contig_1116	4200000	4300000	2.0
contig_1116	4300000	4400000	1.0
contig_1116	4400000	4500000	4.0
contig_1116	4500000	4600000	7.0
contig_1116	4600000	4700000	1.0
contig_1116	4700000	4800000	3.0
contig_1116	4800000	4900000	1.0
contig_1116	5100000	5200000	2.0
contig_1116	5200000	5300000	6.0
contig_1116	5300000	5400000	4.0
contig_1116	5500000	5600000	1.0
contig_1116	5600000	5700000	2.0
contig_1116	5700000	5800000	2.0
contig_1116	5800000	5900000	1.0
contig_1116	5900000	6000000	2.0
contig_1116	6000000	6100000	4.0
contig_1116	6100000	6200000	5.0
contig_1116	6300000	6400000	2.0
contig_1116	6400000	6500000	2.0
contig_1116	6600000	6700000	1.0
contig_1116	7100000	7200000	1.0
contig_1116	7200000	7300000	4.0
contig_1116	7300000	7400000	13.0
contig_1116	7400000	7500000	1.0
contig_1116	7700000	7800000	1.0
contig_1116	7900000	8000000	4.0
contig_1116	8100000	8200000	1.0
contig_1116	8200000	8300000	3.0
contig_1116	8300000	8400000	5.0
contig_1116	8600000	8700000	1.0
contig_1116	8700000	8800000	1.0
contig_1116	8800000	8900000	1.0
contig_1116	8900000	9000000	1.0
contig_1116	9000000	9100000	2.0
contig_1116	9100000	9200000	1.0
contig_1116	9200000	9300000	2.0
contig_1116	9300000	9400000	4.0
contig_1116	9400000	9444685	4.0
contig_1117	100000	200000	1.0
contig_1117	200000	300000	3.0
contig_1117	300000	400000	6.0
contig_1117	600000	700000	1.0
contig_1117	700000	800000	2.0
contig_1117	800000	900000	1.0
contig_1117	1000000	1100000	2.0
contig_1117	1300000	1400000	4.0
contig_1117	1400000	1500000	4.0
contig_1117	1500000	1600000	1.0
contig_1117	1600000	1700000	1.0
contig_1117	1700000	1800000	1.0
contig_1117	1800000	1900000	4.0
contig_1117	1900000	2000000	1.0
contig_1117	2000000	2100000	8.0
contig_1117	2100000	2200000	5.0
contig_1117	2200000	2300000	4.0
contig_1117	2300000	2400000	1.0
contig_1117	2400000	2500000	1.0
contig_1117	2500000	2600000	2.0
contig_1117	2600000	2700000	6.0
contig_1117	2700000	2800000	5.0
contig_1117	2800000	2900000	2.0
contig_1117	2900000	3000000	1.0
contig_1117	3000000	3100000	1.0
contig_1117	3100000	3200000	2.0
contig_1117	3200000	3300000	1.0
contig_1117	3300000	3400000	3.0
contig_1117	3400000	3500000	1.0
contig_1117	3500000	3600000	2.0
contig_1117	3600000	3700000	3.0
contig_1117	3700000	3739238	5.0
contig_1118	0	100000	4.0
contig_1118	100000	200000	7.0
contig_1118	200000	300000	5.0
contig_1118	300000	400000	3.0
contig_1118	400000	500000	2.0
contig_1118	500000	600000	1.0
contig_1118	600000	700000	2.0
contig_1118	700000	800000	1.0
contig_1118	1000000	1100000	2.0
contig_1118	1100000	1200000	1.0
contig_1118	1200000	1300000	1.0
contig_1118	1300000	1400000	2.0
contig_1118	1400000	1500000	7.0
contig_1118	1500000	1600000	1.0
contig_1118	1600000	1700000	1.0
contig_1118	1700000	1800000	1.0
contig_1118	1800000	1900000	1.0
contig_1119	0	100000	6.0
contig_1119	100000	197590	2.0
contig_1120	0	100000	1.0
contig_1120	100000	200000	1.0
contig_1120	200000	300000	3.0
contig_1120	300000	400000	1.0
contig_1120	400000	500000	1.0
contig_1120	500000	600000	1.0
contig_1120	1200000	1300000	1.0
contig_1120	1300000	1400000	4.0
contig_1120	1400000	1500000	2.0
contig_1120	1500000	1600000	2.0
contig_1120	1600000	1700000	2.0
contig_1120	1700000	1800000	1.0
contig_1120	1800000	1900000	2.0
contig_1120	1900000	2000000	2.0
contig_1120	2100000	2145597	1.0
contig_1121	0	100000	4.0
contig_1121	100000	200000	5.0
contig_1121	200000	300000	3.0
contig_1121	300000	400000	2.0
contig_1121	400000	500000	1.0
contig_1121	500000	600000	4.0
contig_1121	600000	700000	2.0
contig_1121	700000	800000	1.0
contig_1121	800000	900000	4.0
contig_1121	900000	1000000	3.0
contig_1121	1000000	1100000	3.0
contig_1121	1100000	1200000	3.0
contig_1121	1200000	1300000	4.0
contig_1121	1300000	1400000	2.0
contig_1121	1400000	1442507	2.0
contig_1122	0	100000	5.0
contig_1122	100000	200000	1.0
contig_1122	200000	300000	1.0
contig_1122	300000	400000	3.0
contig_1122	400000	500000	2.0
contig_1122	500000	600000	1.0
contig_1122	600000	700000	3.0
contig_1122	700000	800000	2.0
contig_1122	800000	900000	1.0
contig_1122	900000	1000000	5.0
contig_1122	1000000	1100000	1.0
contig_1122	1100000	1167864	4.0
contig_1123	0	100000	1.0
contig_1123	100000	174495	4.0
contig_1124	0	100000	4.0
contig_1124	200000	300000	4.0
contig_1124	300000	400000	2.0
contig_1124	500000	600000	1.0
contig_1124	600000	700000	2.0
contig_1124	700000	800000	1.0
contig_1124	900000	1000000	3.0
contig_1124	1000000	1100000	1.0
contig_1124	1200000	1300000	1.0
contig_1124	1300000	1400000	6.0
contig_1124	1400000	1500000	2.0
contig_1124	1500000	1600000	2.0
contig_1124	1600000	1700000	1.0
contig_1124	1800000	1900000	1.0
contig_1124	1900000	2000000	3.0
contig_1124	2100000	2200000	2.0
contig_1124	2300000	2400000	3.0
contig_1124	2400000	2500000	1.0
contig_1124	2600000	2700000	1.0
contig_1124	2700000	2701039	1.0
contig_1125	0	100000	1.0
contig_1125	100000	112738	1.0
contig_1126	0	100000	1.0
contig_1126	100000	200000	3.0
contig_1126	300000	400000	1.0
contig_1126	400000	500000	1.0
contig_1127	0	100000	2.0
contig_1127	100000	200000	1.0
contig_1127	200000	300000	3.0
contig_1128	100000	200000	6.0
contig_1128	200000	300000	2.0
contig_1128	400000	500000	1.0
contig_1128	600000	607136	1.0
contig_1129	0	10123	1.0
contig_1130	0	100000	4.0
contig_1130	100000	200000	2.0
contig_1130	200000	222529	2.0
contig_1131	0	100000	2.0
contig_1131	100000	134185	1.0
contig_1132	0	100000	2.0
contig_1132	100000	200000	2.0
contig_1132	300000	400000	2.0
contig_1132	400000	500000	3.0
contig_1132	500000	600000	2.0
contig_1132	600000	700000	3.0
contig_1132	700000	800000	2.0
contig_1132	900000	953741	1.0
contig_1133	0	73710	3.0
contig_1134	0	100000	1.0
contig_1134	100000	200000	1.0
contig_1134	200000	263160	2.0
contig_1135	0	100000	4.0
contig_1135	100000	200000	2.0
contig_1135	200000	300000	1.0
contig_1135	300000	400000	1.0
contig_1135	400000	500000	1.0
contig_1135	500000	600000	1.0
contig_1135	600000	700000	2.0
contig_1136	0	100000	1.0
contig_1136	100000	200000	2.0
contig_1136	200000	214484	1.0
contig_1137	0	100000	2.0
contig_1137	100000	200000	7.0
contig_1137	200000	300000	4.0
contig_1137	300000	400000	3.0
contig_1137	400000	448021	4.0
contig_1138	0	100000	6.0
contig_1138	100000	152088	3.0
contig_1139	0	100000	3.0
contig_1139	100000	200000	1.0
contig_1139	200000	205305	1.0
contig_1140	100000	200000	8.0
contig_1140	200000	300000	2.0
contig_1140	300000	325485	3.0
contig_1141	0	100000	1.0
contig_1141	100000	200000	1.0
contig_1141	200000	300000	1.0
contig_1141	300000	400000	1.0
contig_1141	400000	500000	1.0
contig_1141	500000	600000	1.0
contig_1141	600000	700000	1.0
contig_1141	700000	800000	1.0
contig_1141	800000	900000	5.0
contig_1141	900000	1000000	4.0
contig_1141	1000000	1100000	2.0
contig_1141	1100000	1139500	3.0
contig_1142	0	100000	2.0
contig_1142	200000	263040	1.0
contig_1143	0	100000	4.0
contig_1143	100000	200000	2.0
contig_1143	200000	300000	2.0
contig_1143	300000	400000	4.0
contig_1143	400000	500000	1.0
contig_1143	500000	600000	1.0
contig_1143	600000	700000	1.0
contig_1143	700000	800000	2.0
contig_1143	1100000	1200000	3.0
contig_1143	1200000	1300000	1.0
contig_1143	1300000	1380271	1.0
contig_1144	0	100000	2.0
contig_1144	100000	200000	4.0
contig_1144	200000	300000	3.0
contig_1144	300000	400000	4.0
contig_1144	400000	431791	2.0
contig_1145	0	100000	4.0
contig_1146	100000	196329	6.0
contig_1147	100000	200000	4.0
contig_1147	200000	300000	2.0
contig_1147	300000	400000	1.0
contig_1147	400000	470059	1.0
contig_1148	0	100000	1.0
contig_1148	100000	200000	2.0
contig_1148	400000	500000	5.0
contig_1148	500000	600000	6.0
contig_1148	600000	636318	1.0
contig_1149	200000	300000	1.0
contig_1149	300000	400000	1.0
contig_1149	400000	500000	5.0
contig_1149	600000	700000	1.0
contig_1149	800000	900000	4.0
contig_1149	900000	1000000	2.0
contig_1149	1000000	1100000	1.0
contig_1149	1200000	1300000	2.0
contig_1149	1300000	1393693	1.0
contig_1150	0	100000	4.0
contig_1150	100000	200000	7.0
contig_1150	200000	216750	1.0
contig_1151	100000	178613	1.0
contig_1152	0	98566	3.0
contig_1153	0	100000	1.0
contig_1153	100000	200000	2.0
contig_1153	200000	300000	2.0
contig_1153	300000	400000	8.0
contig_1153	400000	500000	3.0
contig_1153	500000	555418	2.0
contig_1154	0	100000	6.0
contig_1154	100000	200000	2.0
contig_1154	200000	300000	1.0
contig_1154	300000	321439	1.0
contig_1155	0	100000	1.0
contig_1155	100000	200000	1.0
contig_1155	200000	300000	7.0
contig_1155	300000	400000	2.0
contig_1155	400000	500000	1.0
contig_1155	500000	600000	4.0
contig_1155	600000	700000	2.0
contig_1155	700000	800000	1.0
contig_1155	800000	900000	1.0
contig_1155	900000	1000000	5.0
contig_1155	1000000	1100000	4.0
contig_1155	1100000	1200000	2.0
contig_1155	1200000	1300000	1.0
contig_1155	1300000	1400000	3.0
contig_1155	1400000	1500000	1.0
contig_1155	2000000	2100000	1.0
contig_1155	2400000	2469564	1.0
contig_1156	0	100000	1.0
contig_1156	100000	200000	1.0
contig_1156	200000	300000	3.0
contig_1156	300000	334580	2.0
contig_1158	0	100000	1.0
contig_1158	200000	300000	1.0
contig_1158	300000	318759	1.0
contig_1159	0	100000	3.0
contig_1159	100000	200000	1.0
contig_1159	200000	300000	2.0
contig_1159	300000	397130	6.0
contig_1160	0	100000	1.0
contig_1160	100000	200000	5.0
contig_1160	200000	227344	3.0
contig_1161	0	100000	1.0
contig_1161	100000	139782	2.0
contig_1162	0	99191	3.0
contig_1163	0	100000	5.0
contig_1163	100000	200000	5.0
contig_1163	200000	300000	3.0
contig_1163	300000	400000	3.0
contig_1163	400000	500000	1.0
contig_1163	500000	600000	4.0
contig_1163	600000	700000	1.0
contig_1163	700000	800000	1.0
contig_1163	800000	900000	1.0
contig_1163	900000	1000000	1.0
contig_1163	1100000	1200000	2.0
contig_1163	1200000	1300000	1.0
contig_1163	1300000	1400000	4.0
contig_1163	1400000	1500000	9.0
contig_1163	1500000	1600000	1.0
contig_1163	1800000	1900000	1.0
contig_1163	2300000	2400000	1.0
contig_1163	2400000	2500000	1.0
contig_1163	2500000	2600000	2.0
contig_1163	2800000	2900000	1.0
contig_1163	2900000	3000000	3.0
contig_1163	3000000	3100000	4.0
contig_1163	3100000	3200000	2.0
contig_1163	3200000	3300000	1.0
contig_1163	3300000	3400000	1.0
contig_1163	3400000	3500000	2.0
contig_1163	3500000	3600000	5.0
contig_1163	3600000	3700000	7.0
contig_1163	3700000	3800000	6.0
contig_1163	3800000	3900000	4.0
contig_1163	3900000	4000000	1.0
contig_1163	4000000	4100000	2.0
contig_1163	4100000	4200000	1.0
contig_1163	4200000	4281526	3.0
contig_1164	200000	300000	3.0
contig_1164	300000	400000	2.0
contig_1164	400000	500000	3.0
contig_1164	500000	519015	1.0
contig_1165	0	100000	3.0
contig_1165	100000	200000	2.0
contig_1165	200000	300000	1.0
contig_1165	300000	400000	4.0
contig_1165	400000	500000	3.0
contig_1165	500000	600000	4.0
contig_1165	600000	700000	7.0
contig_1165	800000	900000	2.0
contig_1165	900000	1000000	5.0
contig_1165	1100000	1200000	4.0
contig_1165	1200000	1300000	1.0
contig_1165	1300000	1400000	1.0
contig_1165	1400000	1500000	7.0
contig_1165	1500000	1600000	2.0
contig_1165	1600000	1640215	1.0
contig_1166	0	53158	1.0
contig_1167	100000	200000	2.0
contig_1167	200000	300000	3.0
contig_1167	300000	400000	4.0
contig_1167	400000	500000	2.0
contig_1168	200000	300000	6.0
contig_1168	300000	400000	3.0
contig_1168	400000	500000	1.0
contig_1168	600000	700000	2.0
contig_1168	700000	800000	2.0
contig_1168	800000	900000	2.0
contig_1168	900000	1000000	2.0
contig_1168	1100000	1200000	12.0
contig_1168	1200000	1300000	3.0
contig_1168	1300000	1400000	1.0
contig_1168	1400000	1500000	3.0
contig_1168	1500000	1600000	2.0
contig_1168	1600000	1700000	2.0
contig_1168	1700000	1800000	1.0
contig_1168	1900000	2000000	8.0
contig_1168	2000000	2100000	1.0
contig_1168	2100000	2200000	2.0
contig_1168	2300000	2400000	1.0
contig_1168	2400000	2500000	1.0
contig_1168	2500000	2600000	7.0
contig_1168	2600000	2700000	1.0
contig_1168	2700000	2779981	6.0
contig_1169	0	100000	4.0
contig_1169	100000	200000	1.0
contig_1169	200000	300000	4.0
contig_1169	300000	400000	1.0
contig_1169	400000	500000	1.0
contig_1169	500000	517158	1.0
contig_1170	0	100000	2.0
contig_1170	300000	400000	1.0
contig_1170	400000	500000	1.0
contig_1170	500000	600000	5.0
contig_1171	0	100000	4.0
contig_1171	100000	200000	2.0
contig_1171	200000	228415	2.0
contig_1172	0	100000	3.0
contig_1172	100000	200000	1.0
contig_1172	400000	500000	2.0
contig_1172	500000	518921	2.0
contig_1173	0	100000	4.0
contig_1173	100000	200000	2.0
contig_1173	200000	239227	1.0
contig_1174	0	100000	2.0
contig_1174	100000	200000	4.0
contig_1174	200000	300000	1.0
contig_1174	300000	336468	4.0
contig_1175	0	100000	4.0
contig_1175	200000	300000	3.0
contig_1175	300000	400000	4.0
contig_1175	500000	600000	1.0
contig_1175	600000	700000	1.0
contig_1175	700000	800000	7.0
contig_1175	800000	900000	2.0
contig_1175	900000	1000000	1.0
contig_1175	1000000	1100000	2.0
contig_1175	1100000	1200000	3.0
contig_1175	1200000	1300000	1.0
contig_1175	1700000	1800000	1.0
contig_1175	2100000	2200000	2.0
contig_1175	2200000	2300000	4.0
contig_1175	2300000	2400000	1.0
contig_1175	2400000	2500000	4.0
contig_1175	2600000	2700000	2.0
contig_1175	2700000	2800000	4.0
contig_1175	2800000	2900000	1.0
contig_1175	2900000	3000000	2.0
contig_1175	3200000	3300000	3.0
contig_1175	3300000	3400000	4.0
contig_1175	3400000	3500000	3.0
contig_1175	3500000	3600000	3.0
contig_1175	3600000	3700000	1.0
contig_1175	3700000	3800000	1.0
contig_1175	3800000	3900000	3.0
contig_1175	3900000	4000000	1.0
contig_1175	4000000	4093724	4.0
contig_1176	0	100000	6.0
contig_1176	100000	200000	1.0
contig_1176	200000	300000	2.0
contig_1176	300000	400000	1.0
contig_1176	400000	500000	2.0
contig_1176	500000	560729	2.0
contig_1177	0	100000	1.0
contig_1177	100000	200000	6.0
contig_1177	200000	300000	4.0
contig_1177	300000	400000	9.0
contig_1177	400000	500000	1.0
contig_1177	500000	565464	1.0
contig_1178	0	83938	1.0
contig_1179	0	100000	4.0
contig_1179	100000	200000	6.0
contig_1179	200000	300000	2.0
contig_1179	300000	400000	2.0
contig_1179	400000	481198	1.0
contig_1180	0	100000	3.0
contig_1180	100000	200000	2.0
contig_1180	200000	300000	2.0
contig_1180	300000	386801	6.0
contig_1181	0	100000	6.0
contig_1181	100000	100758	1.0
contig_1182	0	100000	3.0
contig_1182	100000	200000	5.0
contig_1182	200000	300000	2.0
contig_1182	300000	400000	1.0
contig_1182	400000	500000	1.0
contig_1182	500000	600000	1.0
contig_1182	600000	697404	3.0
contig_1183	0	100000	3.0
contig_1183	100000	200000	3.0
contig_1183	200000	300000	1.0
contig_1183	300000	387844	1.0
contig_1184	0	100000	2.0
contig_1184	100000	169967	1.0
contig_1185	0	38810	3.0
contig_1186	0	61766	3.0
contig_1187	0	100000	6.0
contig_1187	100000	200000	5.0
contig_1187	200000	300000	2.0
contig_1187	300000	400000	2.0
contig_1187	500000	600000	2.0
contig_1187	600000	700000	3.0
contig_1187	700000	800000	1.0
contig_1187	800000	900000	5.0
contig_1187	900000	1000000	1.0
contig_1187	1100000	1200000	5.0
contig_1187	1200000	1300000	3.0
contig_1187	1300000	1400000	1.0
contig_1187	1400000	1500000	2.0
contig_1187	1500000	1600000	7.0
contig_1187	1700000	1800000	1.0
contig_1187	2000000	2002829	1.0
contig_1188	0	100000	1.0
contig_1188	100000	200000	1.0
contig_1188	200000	300000	1.0
contig_1188	300000	400000	4.0
contig_1188	600000	700000	3.0
contig_1188	700000	800000	1.0
contig_1188	800000	900000	2.0
contig_1188	900000	1000000	1.0
contig_1188	1000000	1100000	2.0
contig_1188	1100000	1200000	1.0
contig_1188	1200000	1300000	1.0
contig_1188	1300000	1400000	1.0
contig_1188	1400000	1500000	3.0
contig_1188	1500000	1600000	2.0
contig_1188	1600000	1700000	3.0
contig_1188	1700000	1800000	1.0
contig_1188	1800000	1900000	3.0
contig_1188	1900000	2000000	2.0
contig_1188	2000000	2100000	3.0
contig_1188	2400000	2498160	1.0
contig_1189	100000	118322	1.0
contig_1190	0	100000	1.0
contig_1190	100000	200000	1.0
contig_1190	200000	300000	1.0
contig_1190	300000	400000	1.0
contig_1190	500000	600000	4.0
contig_1190	600000	700000	2.0
contig_1190	700000	760547	2.0
contig_1191	100000	200000	3.0
contig_1191	200000	276046	5.0
contig_1192	0	100000	3.0
contig_1192	100000	200000	3.0
contig_1192	200000	235213	4.0
contig_1193	0	100000	1.0
contig_1193	100000	187325	2.0
contig_1194	0	100000	3.0
contig_1194	100000	128860	3.0
contig_1195	0	100000	1.0
contig_1195	200000	300000	3.0
contig_1195	300000	400000	1.0
contig_1195	400000	500000	3.0
contig_1195	500000	600000	2.0
contig_1195	600000	700000	2.0
contig_1195	700000	800000	1.0
contig_1195	800000	900000	1.0
contig_1195	900000	1000000	5.0
contig_1195	1000000	1100000	3.0
contig_1195	1100000	1153615	1.0
contig_1196	0	100000	3.0
contig_1196	100000	200000	6.0
contig_1196	200000	300000	2.0
contig_1196	300000	400000	1.0
contig_1196	400000	500000	2.0
contig_1196	700000	800000	1.0
contig_1196	900000	1000000	2.0
contig_1196	1000000	1100000	2.0
contig_1196	1100000	1200000	1.0
contig_1196	1200000	1300000	2.0
contig_1196	1300000	1400000	1.0
contig_1196	1600000	1700000	3.0
contig_1196	1900000	2000000	1.0
contig_1196	2000000	2100000	1.0
contig_1196	2200000	2300000	2.0
contig_1196	2300000	2400000	5.0
contig_1196	2400000	2500000	1.0
contig_1196	2500000	2600000	5.0
contig_1196	2600000	2700000	3.0
contig_1196	2700000	2800000	1.0
contig_1196	2800000	2821431	1.0
contig_1197	0	100000	1.0
contig_1197	100000	200000	2.0
contig_1197	200000	300000	2.0
contig_1197	300000	400000	3.0
contig_1197	400000	500000	5.0
contig_1197	500000	514541	2.0
contig_1198	0	100000	1.0
contig_1198	100000	200000	3.0
contig_1198	200000	300000	3.0
contig_1198	300000	358335	7.0
contig_1199	200000	287029	5.0
contig_1200	600000	700000	1.0
contig_1200	700000	800000	2.0
contig_1200	800000	900000	1.0
contig_1200	900000	966444	2.0
contig_1201	0	100000	2.0
contig_1201	100000	200000	4.0
contig_1201	200000	300000	2.0
contig_1201	300000	400000	5.0
contig_1201	400000	500000	3.0
contig_1201	500000	600000	2.0
contig_1201	600000	700000	7.0
contig_1201	700000	800000	1.0
contig_1201	900000	1000000	2.0
contig_1201	1000000	1100000	5.0
contig_1201	1100000	1200000	8.0
contig_1201	1200000	1300000	1.0
contig_1201	1400000	1500000	1.0
contig_1201	1500000	1600000	2.0
contig_1201	1600000	1700000	1.0
contig_1201	1700000	1800000	4.0
contig_1201	1800000	1900000	7.0
contig_1201	1900000	2000000	3.0
contig_1201	2100000	2200000	2.0
contig_1201	2200000	2300000	1.0
contig_1201	2300000	2400000	1.0
contig_1201	2400000	2417282	2.0
contig_1202	100000	200000	3.0
contig_1202	200000	249715	1.0
contig_1203	0	100000	2.0
contig_1203	200000	300000	4.0
contig_1203	300000	333822	3.0
contig_1204	0	100000	3.0
contig_1204	100000	200000	1.0
contig_1204	200000	300000	1.0
contig_1204	300000	400000	1.0
contig_1204	600000	700000	1.0
contig_1204	700000	775255	2.0
contig_1205	0	100000	3.0
contig_1205	100000	134372	4.0
contig_1206	0	100000	3.0
contig_1206	100000	200000	3.0
contig_1206	200000	300000	4.0
contig_1206	300000	400000	6.0
contig_1206	400000	447764	2.0
contig_1207	0	100000	1.0
contig_1207	200000	247978	1.0
contig_1208	0	100000	3.0
contig_1208	100000	200000	4.0
contig_1208	200000	300000	2.0
contig_1208	300000	400000	2.0
contig_1208	400000	412792	1.0
contig_1209	0	100000	3.0
contig_1209	100000	200000	5.0
contig_1209	400000	490442	2.0
contig_1210	0	100000	3.0
contig_1210	100000	140326	1.0
contig_1211	0	100000	3.0
contig_1211	100000	200000	1.0
contig_1211	200000	224569	1.0
contig_1212	0	100000	1.0
contig_1212	100000	106887	2.0
contig_1213	0	100000	1.0
contig_1213	100000	200000	5.0
contig_1213	200000	300000	1.0
contig_1213	400000	500000	1.0
contig_1213	500000	600000	5.0
contig_1213	600000	700000	1.0
contig_1213	700000	800000	2.0
contig_1213	800000	900000	4.0
contig_1213	900000	1000000	3.0
contig_1213	1000000	1100000	2.0
contig_1213	1100000	1200000	2.0
contig_1213	1200000	1300000	6.0
contig_1213	1300000	1400000	1.0
contig_1213	1400000	1500000	5.0
contig_1213	1500000	1600000	1.0
contig_1213	1600000	1700000	5.0
contig_1213	1700000	1800000	3.0
contig_1213	1800000	1900000	1.0
contig_1213	1900000	2000000	3.0
contig_1213	2100000	2200000	3.0
contig_1213	2200000	2300000	4.0
contig_1213	2300000	2400000	6.0
contig_1213	2400000	2500000	3.0
contig_1213	2700000	2800000	2.0
contig_1213	2800000	2900000	2.0
contig_1213	2900000	3000000	1.0
contig_1213	3100000	3173143	5.0
contig_1214	0	100000	1.0
contig_1214	100000	200000	1.0
contig_1214	200000	279416	4.0
contig_1215	0	100000	3.0
contig_1215	100000	200000	3.0
contig_1215	200000	300000	1.0
contig_1215	300000	400000	2.0
contig_1215	400000	409862	4.0
contig_1216	0	100000	5.0
contig_1216	100000	200000	1.0
contig_1216	200000	300000	6.0
contig_1216	300000	332189	2.0
contig_1217	0	100000	3.0
contig_1217	100000	200000	1.0
contig_1217	300000	368017	2.0
contig_1218	0	100000	1.0
contig_1218	100000	200000	1.0
contig_1218	200000	213958	1.0
contig_1219	0	100000	1.0
contig_1219	100000	118474	3.0
contig_1220	200000	253845	2.0
contig_1221	100000	200000	5.0
contig_1221	200000	248264	3.0
contig_1222	0	100000	3.0
contig_1222	100000	200000	5.0
contig_1222	200000	300000	3.0
contig_1222	400000	500000	1.0
contig_1222	600000	700000	1.0
contig_1222	700000	800000	2.0
contig_1222	800000	900000	1.0
contig_1222	900000	1000000	1.0
contig_1222	1000000	1100000	1.0
contig_1222	1100000	1200000	1.0
contig_1222	1200000	1300000	1.0
contig_1222	1300000	1400000	1.0
contig_1222	1500000	1600000	1.0
contig_1222	1600000	1700000	1.0
contig_1222	1800000	1900000	1.0
contig_1222	1900000	2000000	2.0
contig_1222	2000000	2100000	11.0
contig_1222	2100000	2200000	3.0
contig_1222	2200000	2300000	4.0
contig_1222	2300000	2400000	1.0
contig_1222	2400000	2500000	4.0
contig_1222	2700000	2800000	3.0
contig_1222	2800000	2897833	5.0
contig_1223	100000	200000	1.0
contig_1223	200000	300000	3.0
contig_1223	400000	500000	1.0
contig_1223	800000	900000	3.0
contig_1223	900000	1000000	5.0
contig_1223	1100000	1200000	2.0
contig_1223	1200000	1300000	1.0
contig_1223	1400000	1468017	1.0
contig_1224	0	37177	4.0
contig_1225	0	100000	1.0
contig_1225	100000	200000	1.0
contig_1225	300000	400000	3.0
contig_1225	400000	500000	5.0
contig_1225	500000	600000	1.0
contig_1225	600000	700000	1.0
contig_1225	800000	900000	1.0
contig_1225	1000000	1100000	2.0
contig_1225	1100000	1200000	1.0
contig_1225	1200000	1300000	2.0
contig_1225	1300000	1400000	3.0
contig_1225	1400000	1500000	1.0
contig_1225	1500000	1600000	1.0
contig_1225	1700000	1800000	5.0
contig_1225	1800000	1900000	3.0
contig_1225	1900000	2000000	4.0
contig_1225	2000000	2100000	2.0
contig_1225	2100000	2200000	3.0
contig_1225	2200000	2300000	1.0
contig_1225	2400000	2500000	2.0
contig_1225	2600000	2700000	1.0
contig_1225	2800000	2900000	1.0
contig_1225	2900000	3000000	1.0
contig_1225	3100000	3184044	1.0
contig_1226	0	100000	4.0
contig_1226	100000	186167	2.0
contig_1227	0	100000	2.0
contig_1227	100000	200000	3.0
contig_1227	200000	300000	1.0
contig_1227	300000	400000	4.0
contig_1227	400000	500000	1.0
contig_1227	600000	700000	2.0
contig_1227	700000	800000	2.0
contig_1227	900000	1000000	2.0
contig_1227	1000000	1100000	1.0
contig_1227	1100000	1200000	1.0
contig_1227	1200000	1268353	1.0
contig_1228	0	100000	1.0
contig_1228	200000	300000	2.0
contig_1228	300000	400000	2.0
contig_1228	400000	500000	6.0
contig_1228	500000	600000	2.0
contig_1228	600000	700000	3.0
contig_1228	700000	800000	4.0
contig_1228	800000	900000	1.0
contig_1228	900000	970285	1.0
contig_1229	0	82210	4.0
contig_1230	100000	200000	2.0
contig_1230	400000	500000	4.0
contig_1230	600000	700000	2.0
contig_1230	700000	798431	9.0
contig_1231	0	77000	5.0
contig_1232	0	100000	4.0
contig_1232	200000	300000	3.0
contig_1232	300000	337728	1.0
contig_1233	0	91138	5.0
contig_1234	0	100000	2.0
contig_1234	100000	179835	4.0
contig_1235	0	100000	1.0
contig_1235	100000	200000	3.0
contig_1235	200000	300000	1.0
contig_1235	300000	400000	2.0
contig_1235	400000	500000	2.0
contig_1235	500000	600000	3.0
contig_1235	600000	700000	3.0
contig_1235	700000	800000	4.0
contig_1235	800000	814117	1.0
contig_1236	0	100000	1.0
contig_1236	100000	200000	1.0
contig_1236	200000	300000	2.0
contig_1236	300000	400000	3.0
contig_1236	400000	500000	3.0
contig_1236	500000	600000	5.0
contig_1236	600000	700000	1.0
contig_1236	700000	800000	6.0
contig_1236	800000	900000	6.0
contig_1236	900000	1000000	2.0
contig_1236	1000000	1100000	1.0
contig_1236	1100000	1200000	1.0
contig_1236	1200000	1300000	2.0
contig_1236	1300000	1400000	3.0
contig_1236	1600000	1700000	1.0
contig_1236	1700000	1800000	1.0
contig_1236	1800000	1900000	1.0
contig_1236	1900000	2000000	1.0
contig_1236	2000000	2100000	1.0
contig_1236	2100000	2200000	4.0
contig_1236	2200000	2259805	6.0
contig_1237	0	100000	2.0
contig_1237	200000	300000	2.0
contig_1237	300000	345291	1.0
contig_1238	0	100000	1.0
contig_1238	100000	200000	2.0
contig_1238	400000	500000	1.0
contig_1239	0	100000	1.0
contig_1239	100000	200000	3.0
contig_1239	200000	217526	1.0
contig_1240	300000	400000	1.0
contig_1240	500000	600000	1.0
contig_1240	600000	639353	1.0
contig_1241	0	100000	2.0
contig_1241	100000	200000	3.0
contig_1241	200000	300000	1.0
contig_1241	400000	500000	5.0
contig_1241	500000	600000	4.0
contig_1241	600000	700000	1.0
contig_1241	700000	800000	1.0
contig_1241	1000000	1100000	4.0
contig_1241	1100000	1200000	1.0
contig_1241	1200000	1241244	1.0
contig_1243	0	100000	4.0
contig_1243	100000	200000	2.0
contig_1243	200000	300000	1.0
contig_1243	400000	500000	3.0
contig_1243	500000	600000	6.0
contig_1243	600000	700000	1.0
contig_1243	700000	758403	5.0
contig_1244	0	100000	3.0
contig_1244	100000	195681	3.0
contig_1245	0	100000	6.0
contig_1245	100000	149591	3.0
contig_1246	0	100000	1.0
contig_1246	100000	200000	1.0
contig_1246	200000	300000	1.0
contig_1246	300000	400000	1.0
contig_1246	500000	518058	1.0
contig_1247	0	100000	2.0
contig_1247	100000	200000	1.0
contig_1247	200000	300000	1.0
contig_1247	400000	500000	3.0
contig_1247	500000	600000	2.0
contig_1247	800000	900000	2.0
contig_1247	900000	1000000	3.0
contig_1247	1000000	1100000	1.0
contig_1247	1200000	1215800	1.0
contig_1248	0	100000	3.0
contig_1248	100000	200000	5.0
contig_1248	200000	300000	3.0
contig_1248	300000	400000	2.0
contig_1248	500000	600000	1.0
contig_1248	600000	700000	2.0
contig_1248	700000	800000	2.0
contig_1248	1000000	1100000	1.0
contig_1248	1100000	1200000	3.0
contig_1248	1200000	1300000	3.0
contig_1248	1300000	1400000	3.0
contig_1248	1400000	1500000	5.0
contig_1248	1500000	1600000	3.0
contig_1248	1600000	1700000	2.0
contig_1248	1700000	1800000	5.0
contig_1248	1800000	1900000	1.0
contig_1248	1900000	2000000	2.0
contig_1248	2000000	2098607	2.0
contig_1249	0	100000	4.0
contig_1249	100000	200000	1.0
contig_1249	300000	400000	3.0
contig_1249	400000	407610	1.0
contig_1250	0	100000	1.0
contig_1250	200000	300000	1.0
contig_1250	300000	400000	1.0
contig_1250	400000	500000	4.0
contig_1250	500000	600000	2.0
contig_1250	600000	700000	2.0
contig_1250	700000	800000	1.0
contig_1250	800000	900000	3.0
contig_1250	900000	1000000	1.0
contig_1250	1000000	1100000	1.0
contig_1250	1100000	1200000	1.0
contig_1250	1200000	1300000	3.0
contig_1250	1300000	1400000	1.0
contig_1250	1500000	1600000	1.0
contig_1250	1600000	1700000	3.0
contig_1250	1800000	1900000	1.0
contig_1250	2200000	2300000	2.0
contig_1250	2300000	2400000	2.0
contig_1250	2500000	2586915	3.0
contig_1251	0	100000	1.0
contig_1251	100000	170171	1.0
contig_1252	0	100000	3.0
contig_1252	100000	153634	3.0
contig_1253	0	100000	5.0
contig_1253	200000	300000	3.0
contig_1253	300000	313372	1.0
contig_1254	0	100000	5.0
contig_1254	200000	300000	2.0
contig_1254	300000	400000	1.0
contig_1255	300000	400000	5.0
contig_1255	400000	500000	4.0
contig_1256	0	100000	1.0
contig_1256	100000	200000	6.0
contig_1256	200000	300000	3.0
contig_1256	300000	399264	4.0
contig_1257	0	100000	4.0
contig_1257	100000	200000	3.0
contig_1257	200000	300000	4.0
contig_1257	400000	500000	1.0
contig_1257	500000	600000	4.0
contig_1257	600000	700000	8.0
contig_1257	700000	734310	5.0
contig_1258	0	100000	2.0
contig_1258	100000	200000	5.0
contig_1258	200000	300000	2.0
contig_1258	300000	400000	8.0
contig_1258	400000	500000	2.0
contig_1258	1000000	1100000	1.0
contig_1258	1100000	1200000	2.0
contig_1258	1200000	1300000	1.0
contig_1258	1300000	1400000	1.0
contig_1258	1400000	1500000	3.0
contig_1258	1500000	1600000	1.0
contig_1258	1600000	1700000	1.0
contig_1258	1700000	1800000	1.0
contig_1258	1800000	1900000	4.0
contig_1258	1900000	2000000	1.0
contig_1258	2000000	2100000	1.0
contig_1258	2300000	2400000	1.0
contig_1258	2400000	2500000	1.0
contig_1258	2700000	2800000	2.0
contig_1258	2900000	3000000	5.0
contig_1258	3000000	3100000	3.0
contig_1258	3200000	3300000	4.0
contig_1258	3300000	3400000	2.0
contig_1258	3400000	3500000	1.0
contig_1258	3500000	3600000	1.0
contig_1258	3800000	3900000	2.0
contig_1258	3900000	4000000	1.0
contig_1258	4000000	4100000	3.0
contig_1258	4100000	4200000	1.0
contig_1258	4300000	4400000	2.0
contig_1258	4400000	4500000	2.0
contig_1258	4500000	4600000	7.0
contig_1258	4600000	4700000	2.0
contig_1258	4700000	4800000	1.0
contig_1258	4800000	4900000	1.0
contig_1258	4900000	5000000	3.0
contig_1258	5000000	5100000	2.0
contig_1258	5200000	5300000	1.0
contig_1258	5400000	5500000	1.0
contig_1258	5500000	5600000	3.0
contig_1258	5600000	5700000	1.0
contig_1258	5800000	5900000	1.0
contig_1258	5900000	6000000	2.0
contig_1258	6000000	6063836	4.0
contig_1259	0	100000	1.0
contig_1259	100000	200000	1.0
contig_1259	200000	300000	5.0
contig_1259	300000	400000	3.0
contig_1259	400000	442980	2.0
contig_1260	0	100000	5.0
contig_1260	100000	200000	3.0
contig_1260	200000	300000	2.0
contig_1260	300000	317465	1.0
contig_1261	0	100000	1.0
contig_1261	100000	200000	3.0
contig_1261	200000	300000	6.0
contig_1261	300000	400000	3.0
contig_1261	400000	500000	12.0
contig_1261	500000	600000	1.0
contig_1261	600000	700000	1.0
contig_1261	700000	800000	1.0
contig_1261	800000	900000	3.0
contig_1261	900000	1000000	3.0
contig_1261	1000000	1100000	2.0
contig_1261	1100000	1104908	1.0
contig_1262	0	100000	3.0
contig_1262	100000	200000	1.0
contig_1262	200000	300000	5.0
contig_1262	300000	374084	1.0
contig_1263	0	100000	1.0
contig_1263	100000	200000	1.0
contig_1263	200000	300000	1.0
contig_1263	300000	400000	2.0
contig_1263	400000	500000	1.0
contig_1263	500000	584565	1.0
contig_1264	0	61818	3.0
contig_1265	0	100000	7.0
contig_1265	100000	200000	1.0
contig_1265	200000	257424	3.0
contig_1266	0	100000	3.0
contig_1266	100000	200000	2.0
contig_1266	200000	300000	1.0
contig_1266	300000	400000	1.0
contig_1266	400000	500000	1.0
contig_1266	500000	600000	4.0
contig_1266	600000	605259	1.0
contig_1267	0	100000	1.0
contig_1267	100000	200000	2.0
contig_1267	200000	263259	3.0
contig_1268	0	66890	6.0
contig_1269	200000	257985	1.0
contig_1270	100000	158272	1.0
contig_1271	0	100000	3.0
contig_1271	100000	169788	3.0
contig_1272	0	100000	6.0
contig_1272	100000	200000	1.0
contig_1272	200000	300000	2.0
contig_1272	400000	457534	2.0
contig_1273	0	100000	4.0
contig_1273	100000	200000	4.0
contig_1273	200000	300000	8.0
contig_1273	300000	400000	3.0
contig_1273	400000	500000	2.0
contig_1273	500000	600000	1.0
contig_1273	600000	700000	1.0
contig_1273	700000	800000	2.0
contig_1273	800000	900000	1.0
contig_1273	900000	999923	3.0
contig_1274	0	100000	1.0
contig_1274	100000	162230	1.0
contig_1275	0	96526	2.0
contig_1276	0	100000	2.0
contig_1276	100000	200000	1.0
contig_1276	200000	300000	1.0
contig_1276	400000	500000	5.0
contig_1276	600000	644354	1.0
contig_1277	0	100000	5.0
contig_1277	100000	200000	1.0
contig_1277	200000	300000	3.0
contig_1277	300000	400000	4.0
contig_1277	500000	600000	1.0
contig_1277	800000	852679	1.0
contig_1278	0	100000	1.0
contig_1278	100000	200000	1.0
contig_1278	200000	300000	1.0
contig_1278	300000	400000	1.0
contig_1278	400000	438274	1.0
contig_1279	0	100000	2.0
contig_1279	100000	200000	1.0
contig_1279	200000	288044	11.0
contig_1280	0	100000	2.0
contig_1280	100000	200000	5.0
contig_1280	200000	300000	1.0
contig_1280	300000	400000	1.0
contig_1280	400000	500000	1.0
contig_1280	500000	600000	2.0
contig_1280	600000	604968	1.0
contig_1281	0	100000	1.0
contig_1281	100000	173362	1.0
contig_1282	100000	200000	2.0
contig_1282	300000	400000	2.0
contig_1282	400000	500000	1.0
contig_1282	500000	600000	1.0
contig_1282	600000	643628	3.0
contig_1283	0	100000	2.0
contig_1283	100000	200000	2.0
contig_1283	200000	300000	1.0
contig_1283	300000	372297	2.0
contig_1284	0	100000	4.0
contig_1284	100000	200000	4.0
contig_1284	200000	300000	3.0
contig_1285	0	100000	3.0
contig_1285	200000	241859	2.0
contig_1286	0	100000	2.0
contig_1286	100000	200000	2.0
contig_1286	300000	400000	1.0
contig_1286	500000	600000	5.0
contig_1286	600000	700000	2.0
contig_1286	700000	800000	1.0
contig_1286	800000	900000	2.0
contig_1286	900000	1000000	1.0
contig_1286	1000000	1100000	4.0
contig_1286	1100000	1200000	6.0
contig_1286	1200000	1300000	1.0
contig_1286	1300000	1400000	2.0
contig_1286	1400000	1500000	2.0
contig_1286	1500000	1600000	1.0
contig_1286	1600000	1700000	4.0
contig_1286	1700000	1800000	5.0
contig_1286	1800000	1900000	1.0
contig_1286	1900000	2000000	1.0
contig_1286	2000000	2100000	4.0
contig_1286	2200000	2295115	6.0
contig_1287	0	100000	1.0
contig_1287	100000	200000	2.0
contig_1287	200000	300000	5.0
contig_1287	300000	400000	4.0
contig_1287	400000	481529	3.0
contig_1288	0	100000	4.0
contig_1288	100000	191695	3.0
contig_1289	0	100000	2.0
contig_1289	100000	200000	3.0
contig_1289	200000	300000	4.0
contig_1289	300000	400000	3.0
contig_1289	400000	500000	3.0
contig_1289	500000	600000	4.0
contig_1289	600000	700000	2.0
contig_1289	700000	800000	3.0
contig_1289	800000	900000	2.0
contig_1289	900000	1000000	2.0
contig_1289	1000000	1100000	6.0
contig_1289	1100000	1200000	3.0
contig_1289	1200000	1300000	1.0
contig_1289	1300000	1400000	2.0
contig_1289	1500000	1600000	4.0
contig_1289	1600000	1700000	1.0
contig_1290	0	100000	3.0
contig_1291	200000	264937	2.0
contig_1292	100000	165146	1.0
contig_1293	100000	200000	2.0
contig_1293	200000	300000	1.0
contig_1293	300000	400000	3.0
contig_1293	400000	500000	2.0
contig_1293	500000	600000	4.0
contig_1293	600000	700000	4.0
contig_1293	700000	800000	3.0
contig_1293	800000	900000	1.0
contig_1293	900000	1000000	1.0
contig_1293	1000000	1100000	6.0
contig_1294	0	100000	1.0
contig_1294	100000	200000	1.0
contig_1294	200000	300000	1.0
contig_1294	400000	500000	3.0
contig_1294	500000	600000	1.0
contig_1294	600000	700000	1.0
contig_1294	800000	900000	5.0
contig_1294	900000	1000000	3.0
contig_1294	1000000	1100000	1.0
contig_1294	1100000	1200000	3.0
contig_1294	1200000	1300000	2.0
contig_1294	1300000	1400000	2.0
contig_1294	1400000	1500000	1.0
contig_1294	1500000	1600000	2.0
contig_1295	0	100000	4.0
contig_1295	100000	200000	1.0
contig_1296	100000	200000	3.0
contig_1296	200000	300000	2.0
contig_1296	300000	400000	5.0
contig_1296	400000	500000	2.0
contig_1296	500000	600000	1.0
contig_1296	600000	700000	3.0
contig_1296	700000	800000	7.0
contig_1296	800000	900000	3.0
contig_1296	900000	1000000	2.0
contig_1296	1000000	1076081	3.0
contig_1297	0	100000	5.0
contig_1297	200000	300000	2.0
contig_1297	500000	600000	2.0
contig_1297	600000	700000	1.0
contig_1297	700000	800000	1.0
contig_1297	800000	840552	3.0
contig_1298	0	41322	1.0
contig_1299	0	53478	1.0
contig_1300	0	100000	2.0
contig_1300	100000	200000	1.0
contig_1301	0	100000	1.0
contig_1301	200000	300000	2.0
contig_1301	500000	548543	1.0
contig_1302	100000	200000	4.0
contig_1302	200000	300000	6.0
contig_1302	400000	500000	3.0
contig_1302	600000	700000	1.0
contig_1302	800000	900000	10.0
contig_1302	900000	981208	1.0
contig_1303	100000	200000	1.0
contig_1303	200000	300000	1.0
contig_1303	500000	589502	4.0
contig_1304	0	100000	1.0
contig_1304	200000	300000	1.0
contig_1304	400000	438608	1.0
contig_1305	0	100000	1.0
contig_1305	100000	200000	5.0
contig_1305	200000	300000	1.0
contig_1305	300000	400000	2.0
contig_1305	500000	565439	1.0
contig_1306	200000	300000	1.0
contig_1306	300000	400000	6.0
contig_1306	400000	474483	1.0
contig_1307	0	70766	3.0
contig_1308	0	100000	1.0
contig_1308	100000	200000	2.0
contig_1308	200000	300000	3.0
contig_1308	300000	311231	1.0
contig_1310	0	100000	1.0
contig_1310	300000	400000	2.0
contig_1310	500000	600000	3.0
contig_1310	600000	700000	3.0
contig_1310	700000	800000	3.0
contig_1310	800000	900000	2.0
contig_1310	900000	1000000	1.0
contig_1310	1000000	1100000	1.0
contig_1311	0	100000	1.0
contig_1311	100000	200000	1.0
contig_1311	200000	300000	1.0
contig_1311	300000	400000	2.0
contig_1311	400000	500000	1.0
contig_1311	500000	591377	9.0
contig_1312	0	100000	2.0
contig_1312	100000	200000	4.0
contig_1312	200000	300000	2.0
contig_1312	300000	357031	1.0
contig_1313	0	100000	9.0
contig_1313	100000	200000	2.0
contig_1313	300000	354052	2.0
contig_1314	0	100000	2.0
contig_1314	100000	200000	1.0
contig_1314	200000	225225	1.0
contig_1315	0	78554	3.0
contig_1316	0	100000	4.0
contig_1316	100000	200000	5.0
contig_1316	200000	300000	1.0
contig_1316	300000	400000	2.0
contig_1316	400000	446301	4.0
contig_1317	0	100000	1.0
contig_1317	100000	200000	4.0
contig_1317	200000	300000	2.0
contig_1317	300000	400000	2.0
contig_1317	400000	500000	1.0
contig_1317	500000	600000	1.0
contig_1317	1200000	1300000	1.0
contig_1317	1300000	1400000	3.0
contig_1317	1400000	1493652	2.0
contig_1318	0	100000	6.0
contig_1318	100000	200000	2.0
contig_1318	200000	300000	1.0
contig_1318	300000	400000	6.0
contig_1318	400000	500000	1.0
contig_1318	500000	600000	1.0
contig_1318	600000	700000	1.0
contig_1318	700000	707628	1.0
contig_1319	0	100000	5.0
contig_1319	100000	200000	2.0
contig_1319	200000	276764	1.0
contig_1320	0	100000	2.0
contig_1320	100000	143631	1.0
contig_1321	0	100000	2.0
contig_1322	0	100000	1.0
contig_1322	100000	200000	1.0
contig_1322	200000	300000	2.0
contig_1322	400000	500000	3.0
contig_1322	500000	600000	2.0
contig_1322	700000	800000	1.0
contig_1322	800000	900000	3.0
contig_1322	900000	1000000	3.0
contig_1322	1000000	1100000	2.0
contig_1322	1100000	1200000	4.0
contig_1322	1200000	1238539	2.0
contig_1323	0	100000	1.0
contig_1323	100000	200000	3.0
contig_1323	200000	300000	1.0
contig_1323	300000	400000	2.0
contig_1323	400000	500000	1.0
contig_1323	500000	600000	3.0
contig_1323	600000	654796	1.0
contig_1324	0	100000	1.0
contig_1324	300000	400000	7.0
contig_1324	400000	500000	1.0
contig_1324	600000	700000	1.0
contig_1324	700000	800000	3.0
contig_1324	800000	900000	3.0
contig_1324	900000	1000000	1.0
contig_1324	1000000	1100000	4.0
contig_1324	1100000	1200000	1.0
contig_1324	1200000	1300000	3.0
contig_1324	1300000	1400000	1.0
contig_1324	1400000	1500000	1.0
contig_1324	1500000	1591700	1.0
contig_1325	0	100000	5.0
contig_1325	100000	200000	4.0
contig_1325	200000	300000	3.0
contig_1325	300000	400000	1.0
contig_1325	400000	500000	1.0
contig_1325	600000	700000	1.0
contig_1325	800000	859206	1.0
contig_1326	0	59612	3.0
contig_1327	0	100000	9.0
contig_1327	100000	200000	3.0
contig_1327	200000	300000	2.0
contig_1327	300000	400000	3.0
contig_1327	500000	600000	1.0
contig_1327	600000	672836	7.0
contig_1328	0	100000	1.0
contig_1328	100000	200000	3.0
contig_1328	200000	300000	4.0
contig_1328	300000	341556	1.0
contig_1329	100000	200000	1.0
contig_1329	200000	300000	5.0
contig_1329	300000	400000	4.0
contig_1329	400000	435400	1.0
contig_1330	0	100000	2.0
contig_1330	100000	105696	1.0
contig_1331	0	100000	2.0
contig_1331	100000	200000	3.0
contig_1331	600000	700000	1.0
contig_1331	700000	800000	1.0
contig_1331	800000	875477	2.0
contig_1332	0	100000	1.0
contig_1332	100000	200000	5.0
contig_1332	200000	277879	5.0
contig_1333	0	100000	5.0
contig_1333	100000	200000	3.0
contig_1333	200000	204609	1.0
contig_1334	0	100000	1.0
contig_1334	100000	200000	1.0
contig_1335	0	100000	2.0
contig_1335	100000	200000	1.0
contig_1335	200000	300000	3.0
contig_1335	300000	400000	4.0
contig_1335	400000	500000	1.0
contig_1335	500000	531972	1.0
contig_1336	0	100000	7.0
contig_1336	100000	200000	3.0
contig_1336	200000	300000	1.0
contig_1336	300000	357118	1.0
contig_1337	0	100000	1.0
contig_1337	100000	200000	1.0
contig_1337	200000	300000	1.0
contig_1337	300000	400000	6.0
contig_1337	400000	476735	1.0
contig_1338	100000	200000	3.0
contig_1338	200000	230390	1.0
contig_1339	0	100000	1.0
contig_1339	100000	200000	1.0
contig_1339	200000	300000	5.0
contig_1339	300000	400000	2.0
contig_1339	400000	500000	1.0
contig_1339	500000	600000	7.0
contig_1339	600000	700000	4.0
contig_1339	700000	800000	4.0
contig_1339	900000	1000000	4.0
contig_1339	1000000	1100000	6.0
contig_1339	1200000	1300000	2.0
contig_1339	1400000	1500000	2.0
contig_1339	1500000	1600000	3.0
contig_1339	1600000	1700000	3.0
contig_1339	1700000	1800000	3.0
contig_1339	1800000	1900000	3.0
contig_1339	2000000	2100000	4.0
contig_1339	2100000	2200000	3.0
contig_1339	2200000	2300000	3.0
contig_1339	2300000	2400000	3.0
contig_1339	2400000	2500000	3.0
contig_1339	2500000	2600000	5.0
contig_1339	2600000	2700000	2.0
contig_1339	2800000	2900000	3.0
contig_1339	2900000	3000000	15.0
contig_1339	3000000	3100000	3.0
contig_1339	3100000	3200000	1.0
contig_1339	3200000	3263537	4.0
contig_1340	0	100000	2.0
contig_1340	100000	200000	3.0
contig_1341	0	100000	2.0
contig_1341	100000	200000	1.0
contig_1341	200000	300000	1.0
contig_1341	300000	400000	2.0
contig_1341	500000	600000	1.0
contig_1341	600000	700000	4.0
contig_1341	700000	800000	1.0
contig_1341	900000	1000000	1.0
contig_1341	1000000	1041389	1.0
contig_1342	0	100000	1.0
contig_1342	100000	200000	1.0
contig_1342	200000	300000	3.0
contig_1342	300000	400000	1.0
contig_1342	600000	700000	1.0
contig_1342	700000	734271	1.0
contig_1343	0	100000	1.0
contig_1343	100000	200000	5.0
contig_1343	200000	300000	4.0
contig_1343	300000	400000	5.0
contig_1343	400000	500000	12.0
contig_1344	0	100000	3.0
contig_1344	100000	200000	2.0
contig_1344	200000	293976	3.0
contig_1345	0	100000	8.0
contig_1345	100000	200000	2.0
contig_1345	200000	300000	1.0
contig_1345	300000	400000	7.0
contig_1345	400000	460413	1.0
contig_1346	0	100000	4.0
contig_1346	200000	300000	6.0
contig_1346	300000	400000	1.0
contig_1346	400000	500000	3.0
contig_1346	500000	528699	2.0
contig_1347	0	100000	1.0
contig_1347	100000	200000	1.0
contig_1348	0	100000	6.0
contig_1348	100000	200000	5.0
contig_1348	200000	300000	4.0
contig_1348	300000	312574	1.0
contig_1349	0	100000	1.0
contig_1349	100000	200000	5.0
contig_1349	200000	300000	1.0
contig_1349	300000	400000	4.0
contig_1349	400000	499818	4.0
contig_1350	0	100000	2.0
contig_1350	100000	200000	4.0
contig_1350	200000	222367	1.0
contig_1351	0	100000	3.0
contig_1351	100000	200000	2.0
contig_1351	200000	300000	2.0
contig_1351	300000	380227	2.0
contig_1352	0	100000	1.0
contig_1352	100000	200000	2.0
contig_1353	0	100000	4.0
contig_1353	100000	142975	2.0
contig_1354	0	100000	3.0
contig_1354	100000	200000	1.0
contig_1354	200000	300000	1.0
contig_1354	300000	400000	1.0
contig_1354	400000	500000	3.0
contig_1354	500000	600000	1.0
contig_1354	600000	641149	1.0
contig_1355	0	58005	2.0
contig_1356	0	100000	1.0
contig_1356	100000	200000	1.0
contig_1356	200000	300000	1.0
contig_1356	300000	394563	6.0
contig_1357	0	100000	1.0
contig_1357	200000	298916	1.0
contig_1358	0	100000	10.0
contig_1358	200000	300000	1.0
contig_1358	600000	700000	1.0
contig_1358	700000	800000	1.0
contig_1358	800000	900000	3.0
contig_1358	900000	1000000	3.0
contig_1358	1000000	1100000	5.0
contig_1358	1100000	1144293	3.0
contig_1359	0	100000	3.0
contig_1359	100000	200000	3.0
contig_1359	200000	300000	1.0
contig_1359	400000	500000	1.0
contig_1359	500000	600000	1.0
contig_1359	600000	669308	1.0
contig_1360	0	100000	2.0
contig_1360	200000	300000	2.0
contig_1360	300000	400000	1.0
contig_1360	500000	600000	1.0
contig_1360	600000	700000	12.0
contig_1360	700000	800000	2.0
contig_1360	800000	900000	1.0
contig_1360	1000000	1100000	4.0
contig_1360	1100000	1144383	7.0
contig_1361	0	100000	3.0
contig_1361	100000	200000	2.0
contig_1361	200000	300000	1.0
contig_1361	300000	349371	2.0
contig_1362	0	100000	2.0
contig_1362	100000	200000	8.0
contig_1362	200000	300000	19.0
contig_1362	300000	400000	2.0
contig_1363	100000	200000	1.0
contig_1363	200000	238341	1.0
contig_1364	0	100000	4.0
contig_1364	100000	200000	1.0
contig_1364	200000	300000	1.0
contig_1364	300000	400000	6.0
contig_1364	400000	500000	2.0
contig_1364	500000	600000	1.0
contig_1364	700000	780724	1.0
contig_1365	0	100000	3.0
contig_1365	100000	200000	3.0
contig_1365	200000	300000	2.0
contig_1365	300000	400000	6.0
contig_1365	400000	451345	5.0
contig_1366	0	100000	1.0
contig_1366	100000	200000	3.0
contig_1366	200000	300000	1.0
contig_1366	300000	335902	4.0
contig_1367	0	100000	1.0
contig_1367	100000	200000	4.0
contig_1367	200000	300000	5.0
contig_1367	300000	400000	4.0
contig_1367	400000	500000	3.0
contig_1367	500000	583942	1.0
contig_1368	100000	200000	1.0
contig_1368	300000	400000	2.0
contig_1368	400000	500000	1.0
contig_1368	600000	700000	1.0
contig_1368	700000	800000	3.0
contig_1368	800000	900000	1.0
contig_1368	900000	901957	2.0
contig_1369	0	100000	5.0
contig_1369	100000	200000	4.0
contig_1369	200000	300000	4.0
contig_1369	300000	400000	3.0
contig_1369	400000	500000	1.0
contig_1369	600000	677477	2.0
contig_1370	0	100000	2.0
contig_1370	100000	191895	2.0
contig_1371	0	76084	5.0
contig_1372	300000	400000	1.0
contig_1372	500000	600000	4.0
contig_1372	600000	700000	2.0
contig_1372	700000	800000	1.0
contig_1372	900000	1000000	9.0
contig_1372	1000000	1100000	4.0
contig_1372	1100000	1200000	3.0
contig_1372	1200000	1300000	7.0
contig_1372	1300000	1400000	4.0
contig_1372	1400000	1500000	6.0
contig_1372	1500000	1600000	4.0
contig_1372	1600000	1700000	6.0
contig_1372	1700000	1800000	5.0
contig_1372	1800000	1900000	4.0
contig_1372	1900000	2000000	5.0
contig_1372	2000000	2100000	3.0
contig_1372	2200000	2300000	5.0
contig_1372	2300000	2400000	6.0
contig_1372	2400000	2500000	3.0
contig_1372	2500000	2600000	5.0
contig_1372	2600000	2700000	1.0
contig_1372	2700000	2800000	3.0
contig_1372	2800000	2875040	1.0
contig_1373	100000	200000	1.0
contig_1373	200000	300000	2.0
contig_1373	300000	400000	1.0
contig_1373	400000	500000	9.0
contig_1373	500000	600000	1.0
contig_1373	600000	700000	1.0
contig_1373	700000	800000	3.0
contig_1373	800000	900000	2.0
contig_1373	900000	1000000	4.0
contig_1373	1100000	1200000	1.0
contig_1373	1300000	1356684	5.0
contig_1374	0	92688	2.0
contig_1375	0	100000	6.0
contig_1375	100000	200000	3.0
contig_1375	200000	300000	3.0
contig_1375	300000	400000	2.0
contig_1375	400000	500000	3.0
contig_1375	500000	588282	2.0
contig_1376	0	100000	2.0
contig_1376	100000	200000	2.0
contig_1376	300000	387462	6.0
contig_1377	0	100000	4.0
contig_1377	100000	200000	1.0
contig_1377	200000	300000	2.0
contig_1377	400000	500000	1.0
contig_1377	500000	600000	4.0
contig_1377	600000	700000	1.0
contig_1377	700000	800000	4.0
contig_1377	800000	900000	2.0
contig_1377	900000	1000000	2.0
contig_1377	1000000	1100000	1.0
contig_1377	1100000	1200000	6.0
contig_1377	1200000	1262062	3.0
contig_1378	0	100000	2.0
contig_1378	100000	200000	3.0
contig_1378	200000	300000	1.0
contig_1378	300000	400000	3.0
contig_1378	400000	500000	1.0
contig_1378	500000	600000	3.0
contig_1378	600000	641190	1.0
contig_1379	0	100000	3.0
contig_1379	100000	200000	6.0
contig_1379	200000	300000	2.0
contig_1379	300000	400000	4.0
contig_1379	400000	500000	4.0
contig_1379	500000	600000	3.0
contig_1379	600000	698504	2.0
contig_1380	0	100000	5.0
contig_1380	100000	200000	8.0
contig_1380	200000	300000	8.0
contig_1380	300000	400000	6.0
contig_1380	400000	500000	5.0
contig_1380	500000	600000	2.0
contig_1380	600000	700000	1.0
contig_1380	1400000	1500000	1.0
contig_1380	1700000	1800000	1.0
contig_1380	2000000	2100000	1.0
contig_1380	2300000	2400000	1.0
contig_1380	2700000	2800000	1.0
contig_1380	3100000	3200000	1.0
contig_1380	3400000	3500000	1.0
contig_1380	3800000	3900000	1.0
contig_1381	0	100000	6.0
contig_1381	100000	200000	3.0
contig_1381	200000	300000	1.0
contig_1381	300000	376776	5.0
contig_1382	100000	200000	2.0
contig_1382	200000	300000	3.0
contig_1382	300000	400000	1.0
contig_1382	500000	600000	1.0
contig_1382	600000	700000	8.0
contig_1382	700000	765668	4.0
contig_1383	0	100000	2.0
contig_1383	100000	200000	2.0
contig_1383	200000	300000	2.0
contig_1383	300000	322299	1.0
contig_1384	0	100000	3.0
contig_1384	200000	300000	1.0
contig_1385	0	100000	2.0
contig_1385	100000	200000	2.0
contig_1385	200000	300000	3.0
contig_1385	300000	400000	2.0
contig_1385	400000	500000	3.0
contig_1385	500000	600000	1.0
contig_1385	600000	641788	1.0
contig_1386	0	42610	7.0
contig_1387	0	100000	5.0
contig_1387	100000	200000	2.0
contig_1387	200000	300000	10.0
contig_1387	400000	401153	1.0
contig_1388	100000	200000	1.0
contig_1388	200000	300000	1.0
contig_1388	300000	400000	1.0
contig_1388	400000	500000	4.0
contig_1388	500000	580845	9.0
contig_1389	0	100000	2.0
contig_1389	100000	200000	3.0
contig_1389	200000	300000	3.0
contig_1389	300000	314044	1.0
contig_1390	0	100000	3.0
contig_1390	100000	200000	1.0
contig_1390	400000	500000	1.0
contig_1390	500000	600000	2.0
contig_1390	600000	700000	3.0
contig_1390	800000	900000	2.0
contig_1390	900000	1000000	6.0
contig_1390	1000000	1100000	1.0
contig_1390	1100000	1200000	1.0
contig_1390	1200000	1300000	3.0
contig_1390	1300000	1400000	3.0
contig_1390	1400000	1500000	1.0
contig_1390	1600000	1700000	2.0
contig_1390	1700000	1800000	4.0
contig_1390	1800000	1900000	6.0
contig_1390	1900000	2000000	4.0
contig_1390	2000000	2100000	2.0
contig_1390	2100000	2167238	3.0
contig_1392	0	100000	3.0
contig_1392	100000	200000	1.0
contig_1392	200000	300000	3.0
contig_1392	300000	400000	1.0
contig_1392	400000	500000	1.0
contig_1392	500000	600000	1.0
contig_1392	600000	700000	3.0
contig_1392	700000	800000	3.0
contig_1392	800000	900000	3.0
contig_1392	900000	1000000	8.0
contig_1392	1000000	1100000	1.0
contig_1392	1100000	1200000	1.0
contig_1393	0	100000	8.0
contig_1393	100000	200000	2.0
contig_1393	200000	300000	3.0
contig_1393	300000	400000	3.0
contig_1393	400000	500000	4.0
contig_1393	500000	600000	3.0
contig_1393	600000	700000	4.0
contig_1393	700000	800000	1.0
contig_1393	800000	900000	1.0
contig_1393	1000000	1100000	1.0
contig_1393	1200000	1300000	1.0
contig_1393	1300000	1400000	1.0
contig_1393	1400000	1445916	1.0
contig_1394	0	100000	3.0
contig_1394	100000	200000	1.0
contig_1394	300000	387851	1.0
contig_1395	0	100000	1.0
contig_1395	100000	200000	4.0
contig_1395	200000	300000	6.0
contig_1395	300000	339258	1.0
contig_1396	0	100000	8.0
contig_1396	100000	200000	4.0
contig_1396	200000	300000	9.0
contig_1396	300000	400000	2.0
contig_1396	500000	533560	2.0
contig_1397	100000	200000	3.0
contig_1397	200000	300000	1.0
contig_1397	300000	400000	1.0
contig_1397	400000	500000	5.0
contig_1397	500000	600000	1.0
contig_1397	600000	698610	1.0
contig_1398	0	100000	2.0
contig_1398	100000	200000	4.0
contig_1398	200000	300000	2.0
contig_1398	300000	400000	2.0
contig_1398	400000	500000	3.0
contig_1398	500000	600000	1.0
contig_1398	600000	700000	4.0
contig_1398	700000	800000	5.0
contig_1398	900000	1000000	1.0
contig_1398	1000000	1100000	1.0
contig_1398	1300000	1400000	1.0
contig_1398	1400000	1500000	1.0
contig_1398	1600000	1700000	2.0
contig_1398	1700000	1800000	2.0
contig_1398	1800000	1864770	2.0
contig_1399	0	100000	3.0
contig_1399	100000	116239	1.0
contig_1400	100000	200000	3.0
contig_1400	200000	300000	1.0
contig_1400	300000	400000	1.0
contig_1400	600000	700000	1.0
contig_1400	700000	800000	2.0
contig_1400	800000	900000	1.0
contig_1400	900000	1000000	4.0
contig_1400	1000000	1100000	6.0
contig_1400	1100000	1182740	3.0
contig_1401	200000	300000	3.0
contig_1401	400000	500000	5.0
contig_1401	500000	600000	1.0
contig_1401	700000	800000	2.0
contig_1401	800000	900000	1.0
contig_1401	900000	1000000	2.0
contig_1401	1000000	1100000	2.0
contig_1401	1100000	1200000	3.0
contig_1401	1200000	1300000	5.0
contig_1401	1300000	1400000	4.0
contig_1401	1400000	1500000	1.0
contig_1401	1600000	1700000	4.0
contig_1401	1700000	1800000	2.0
contig_1401	1800000	1900000	1.0
contig_1401	2000000	2100000	1.0
contig_1401	2400000	2500000	1.0
contig_1401	2500000	2600000	1.0
contig_1401	2600000	2677913	1.0
contig_1402	0	100000	2.0
contig_1402	100000	200000	1.0
contig_1402	200000	300000	1.0
contig_1402	300000	400000	2.0
contig_1402	400000	500000	3.0
contig_1402	500000	600000	2.0
contig_1402	600000	700000	2.0
contig_1402	900000	1000000	1.0
contig_1402	1000000	1100000	3.0
contig_1402	1100000	1200000	2.0
contig_1402	1200000	1241814	2.0
contig_1403	0	100000	1.0
contig_1403	300000	400000	2.0
contig_1403	400000	500000	5.0
contig_1403	500000	600000	6.0
contig_1403	600000	700000	2.0
contig_1403	700000	800000	2.0
contig_1403	800000	900000	1.0
contig_1403	900000	1000000	4.0
contig_1403	1000000	1100000	11.0
contig_1403	1100000	1200000	1.0
contig_1403	1200000	1300000	1.0
contig_1403	1300000	1400000	3.0
contig_1403	1400000	1500000	3.0
contig_1403	1600000	1700000	1.0
contig_1403	1800000	1900000	5.0
contig_1403	1900000	2000000	8.0
contig_1403	2000000	2100000	1.0
contig_1403	2100000	2200000	2.0
contig_1403	2200000	2300000	1.0
contig_1403	2300000	2400000	2.0
contig_1403	2400000	2454551	2.0
contig_1404	0	100000	2.0
contig_1404	100000	200000	13.0
contig_1404	200000	300000	10.0
contig_1404	300000	400000	2.0
contig_1404	400000	450339	1.0
contig_1405	100000	200000	1.0
contig_1405	200000	266580	1.0
contig_1406	0	100000	1.0
contig_1406	100000	200000	1.0
contig_1406	500000	600000	2.0
contig_1406	600000	700000	7.0
contig_1406	700000	800000	4.0
contig_1406	900000	1000000	8.0
contig_1406	1000000	1100000	1.0
contig_1406	1100000	1200000	2.0
contig_1406	1200000	1300000	1.0
contig_1406	1300000	1400000	3.0
contig_1406	1400000	1500000	3.0
contig_1406	1500000	1600000	3.0
contig_1406	1600000	1700000	1.0
contig_1406	1700000	1800000	3.0
contig_1406	1800000	1900000	3.0
contig_1406	1900000	2000000	1.0
contig_1406	2000000	2100000	1.0
contig_1406	2100000	2200000	1.0
contig_1406	2200000	2300000	1.0
contig_1406	2300000	2400000	1.0
contig_1406	2600000	2700000	4.0
contig_1406	2700000	2800000	2.0
contig_1406	2800000	2900000	2.0
contig_1406	2900000	3000000	2.0
contig_1406	3000000	3060435	3.0
contig_1407	0	100000	3.0
contig_1407	100000	200000	1.0
contig_1407	200000	300000	1.0
contig_1407	300000	400000	1.0
contig_1407	400000	500000	2.0
contig_1407	500000	600000	4.0
contig_1407	700000	800000	1.0
contig_1407	900000	1000000	2.0
contig_1407	1000000	1100000	5.0
contig_1407	1100000	1200000	2.0
contig_1407	1200000	1300000	3.0
contig_1407	1300000	1400000	4.0
contig_1407	1400000	1500000	4.0
contig_1407	1500000	1600000	7.0
contig_1407	1600000	1700000	2.0
contig_1407	1700000	1800000	5.0
contig_1407	1800000	1900000	5.0
contig_1407	1900000	2000000	1.0
contig_1407	2000000	2100000	5.0
contig_1407	2100000	2200000	1.0
contig_1407	2200000	2300000	1.0
contig_1407	2300000	2400000	1.0
contig_1407	2400000	2500000	2.0
contig_1407	2500000	2600000	2.0
contig_1407	2600000	2700000	2.0
contig_1407	2700000	2800000	3.0
contig_1407	2800000	2900000	4.0
contig_1407	2900000	3000000	1.0
contig_1407	3000000	3040944	1.0
contig_1408	0	100000	2.0
contig_1408	100000	200000	4.0
contig_1408	200000	300000	4.0
contig_1408	300000	400000	1.0
contig_1408	500000	600000	1.0
contig_1408	600000	700000	3.0
contig_1408	800000	900000	4.0
contig_1408	900000	1000000	5.0
contig_1408	1000000	1100000	1.0
contig_1408	1100000	1200000	3.0
contig_1408	1200000	1246685	1.0
contig_1410	0	100000	2.0
contig_1410	100000	200000	1.0
contig_1410	200000	300000	2.0
contig_1410	300000	400000	9.0
contig_1410	400000	500000	5.0
contig_1410	600000	700000	1.0
contig_1410	800000	900000	1.0
contig_1410	900000	1000000	2.0
contig_1410	1000000	1100000	1.0
contig_1410	1100000	1190077	2.0
contig_1411	0	100000	1.0
contig_1411	100000	200000	1.0
contig_1411	200000	300000	2.0
contig_1411	300000	400000	4.0
contig_1411	400000	500000	1.0
contig_1411	500000	600000	1.0
contig_1411	600000	700000	1.0
contig_1411	700000	800000	3.0
contig_1411	800000	900000	9.0
contig_1411	900000	912568	1.0
contig_1412	0	100000	6.0
contig_1412	100000	200000	1.0
contig_1412	200000	300000	3.0
contig_1412	300000	400000	6.0
contig_1412	400000	500000	2.0
contig_1412	500000	600000	2.0
contig_1412	600000	700000	2.0
contig_1412	1000000	1100000	1.0
contig_1412	1100000	1200000	1.0
contig_1412	1400000	1500000	1.0
contig_1412	1500000	1600000	2.0
contig_1412	1700000	1800000	1.0
contig_1412	1800000	1900000	1.0
contig_1412	1900000	2000000	5.0
contig_1412	2000000	2100000	2.0
contig_1412	2100000	2200000	6.0
contig_1412	2200000	2223172	1.0
contig_1413	0	100000	2.0
contig_1413	100000	200000	2.0
contig_1413	300000	400000	1.0
contig_1413	400000	500000	1.0
contig_1413	500000	600000	2.0
contig_1413	600000	700000	2.0
contig_1413	700000	800000	3.0
contig_1413	1000000	1100000	7.0
contig_1413	1100000	1200000	1.0
contig_1413	1300000	1400000	3.0
contig_1413	1400000	1500000	1.0
contig_1413	1500000	1600000	5.0
contig_1413	1600000	1700000	2.0
contig_1413	1700000	1800000	1.0
contig_1413	1800000	1900000	5.0
contig_1413	1900000	2000000	1.0
contig_1413	2100000	2200000	1.0
contig_1413	2200000	2300000	3.0
contig_1413	2300000	2400000	2.0
contig_1413	2600000	2700000	2.0
contig_1413	2700000	2800000	1.0
contig_1413	2800000	2900000	2.0
contig_1413	3300000	3400000	1.0
contig_1413	3500000	3600000	3.0
contig_1413	3600000	3700000	1.0
contig_1413	3800000	3900000	3.0
contig_1413	3900000	4000000	6.0
contig_1413	4000000	4100000	4.0
contig_1413	4100000	4200000	2.0
contig_1413	4200000	4300000	2.0
contig_1413	4300000	4322035	1.0
contig_1414	0	100000	2.0
contig_1414	100000	159121	5.0
contig_1415	0	100000	2.0
contig_1415	100000	200000	1.0
contig_1415	200000	300000	3.0
contig_1415	300000	400000	6.0
contig_1415	400000	500000	3.0
contig_1415	500000	600000	3.0
contig_1415	600000	700000	2.0
contig_1415	700000	800000	2.0
contig_1415	800000	900000	5.0
contig_1415	900000	1000000	3.0
contig_1415	1100000	1200000	2.0
contig_1415	1200000	1300000	3.0
contig_1415	1300000	1400000	2.0
contig_1415	1400000	1500000	3.0
contig_1415	1500000	1600000	3.0
contig_1415	1600000	1700000	2.0
contig_1415	1700000	1800000	5.0
contig_1415	1800000	1900000	4.0
contig_1415	1900000	1904006	2.0
contig_1416	0	100000	1.0
contig_1416	100000	200000	3.0
contig_1416	200000	300000	4.0
contig_1416	300000	400000	2.0
contig_1416	400000	500000	3.0
contig_1416	500000	600000	1.0
contig_1416	600000	700000	1.0
contig_1416	700000	800000	5.0
contig_1416	800000	900000	2.0
contig_1416	900000	1000000	3.0
contig_1416	1000000	1100000	7.0
contig_1416	1100000	1200000	8.0
contig_1416	1200000	1300000	1.0
contig_1416	1300000	1400000	1.0
contig_1416	1400000	1500000	5.0
contig_1416	1500000	1600000	7.0
contig_1416	1600000	1700000	5.0
contig_1416	1700000	1800000	3.0
contig_1416	2200000	2300000	1.0
contig_1416	2400000	2500000	1.0
contig_1416	2700000	2800000	2.0
contig_1416	2800000	2900000	8.0
contig_1416	2900000	3000000	2.0
contig_1416	3000000	3100000	9.0
contig_1416	3100000	3200000	2.0
contig_1416	3200000	3300000	3.0
contig_1416	3300000	3400000	4.0
contig_1416	3400000	3500000	1.0
contig_1416	3800000	3900000	2.0
contig_1416	4000000	4100000	2.0
contig_1416	4100000	4200000	2.0
contig_1416	4200000	4300000	2.0
contig_1416	4300000	4400000	3.0
contig_1416	4400000	4500000	1.0
contig_1416	4500000	4600000	1.0
contig_1416	4600000	4620648	1.0
contig_1417	0	100000	2.0
contig_1417	100000	200000	1.0
contig_1417	400000	500000	2.0
contig_1417	500000	600000	2.0
contig_1417	600000	700000	2.0
contig_1417	800000	900000	1.0
contig_1417	900000	1000000	1.0
contig_1417	1000000	1100000	2.0
contig_1417	1200000	1300000	4.0
contig_1417	1600000	1700000	1.0
contig_1417	1800000	1900000	2.0
contig_1417	1900000	2000000	2.0
contig_1417	2100000	2178520	2.0
contig_1418	0	29737	1.0
contig_1419	0	100000	3.0
contig_1419	100000	200000	1.0
contig_1419	200000	300000	1.0
contig_1419	300000	400000	2.0
contig_1419	400000	500000	2.0
contig_1419	500000	600000	2.0
contig_1419	600000	700000	3.0
contig_1419	700000	800000	2.0
contig_1419	800000	900000	3.0
contig_1419	900000	1000000	1.0
contig_1419	1000000	1100000	5.0
contig_1419	1200000	1300000	1.0
contig_1419	1500000	1600000	1.0
contig_1419	1600000	1700000	1.0
contig_1419	1800000	1900000	2.0
contig_1419	1900000	2000000	3.0
contig_1419	2000000	2100000	4.0
contig_1419	2100000	2200000	1.0
contig_1419	2200000	2300000	5.0
contig_1419	2300000	2400000	1.0
contig_1419	2400000	2500000	1.0
contig_1419	2500000	2600000	1.0
contig_1419	2600000	2700000	2.0
contig_1419	2700000	2800000	1.0
contig_1419	2800000	2900000	1.0
contig_1419	2900000	3000000	1.0
contig_1419	3000000	3100000	2.0
contig_1419	3100000	3184406	3.0
contig_1420	300000	400000	2.0
contig_1420	400000	500000	2.0
contig_1420	600000	700000	1.0
contig_1420	700000	800000	1.0
contig_1420	800000	900000	2.0
contig_1420	900000	1000000	6.0
contig_1420	1000000	1100000	2.0
contig_1420	1100000	1172524	2.0
contig_1421	0	100000	6.0
contig_1421	100000	127323	1.0
contig_1422	0	100000	1.0
contig_1422	100000	200000	1.0
contig_1422	200000	300000	4.0
contig_1422	300000	400000	1.0
contig_1422	400000	500000	5.0
contig_1422	500000	600000	1.0
contig_1422	600000	643217	2.0
contig_1423	0	100000	1.0
contig_1423	100000	200000	2.0
contig_1423	200000	300000	2.0
contig_1423	400000	468841	2.0
contig_1424	0	100000	1.0
contig_1424	100000	200000	1.0
contig_1424	200000	300000	2.0
contig_1424	300000	400000	5.0
contig_1424	400000	454409	1.0
contig_1425	0	100000	4.0
contig_1425	100000	200000	1.0
contig_1425	200000	300000	7.0
contig_1425	300000	400000	3.0
contig_1425	400000	412052	1.0
contig_1426	0	5879	1.0
contig_1427	0	13228	1.0
contig_1428	0	100000	3.0
contig_1428	100000	200000	2.0
contig_1428	200000	300000	2.0
contig_1428	300000	400000	1.0
contig_1428	400000	500000	3.0
contig_1428	500000	600000	4.0
contig_1428	600000	700000	2.0
contig_1428	700000	800000	3.0
contig_1428	800000	840727	1.0
contig_1429	0	100000	2.0
contig_1429	100000	136010	2.0
contig_1430	0	100000	4.0
contig_1430	100000	200000	1.0
contig_1430	200000	300000	1.0
contig_1430	300000	400000	4.0
contig_1430	400000	500000	9.0
contig_1430	500000	600000	6.0
contig_1430	600000	700000	4.0
contig_1430	700000	800000	3.0
contig_1430	800000	900000	4.0
contig_1430	900000	1000000	1.0
contig_1430	1000000	1100000	1.0
contig_1430	1100000	1200000	4.0
contig_1430	1200000	1300000	3.0
contig_1430	1300000	1400000	3.0
contig_1430	1400000	1500000	2.0
contig_1430	1500000	1600000	1.0
contig_1430	1900000	2000000	1.0
contig_1430	2000000	2100000	2.0
contig_1430	2100000	2177601	3.0
contig_1431	0	100000	2.0
contig_1431	100000	200000	1.0
contig_1431	200000	300000	1.0
contig_1431	400000	500000	4.0
contig_1431	600000	700000	4.0
contig_1431	1200000	1217248	1.0
contig_1432	0	100000	2.0
contig_1432	100000	200000	2.0
contig_1432	300000	400000	1.0
contig_1432	400000	500000	2.0
contig_1432	500000	600000	2.0
contig_1432	600000	700000	1.0
contig_1432	700000	800000	6.0
contig_1432	800000	900000	1.0
contig_1432	1000000	1100000	2.0
contig_1432	1300000	1400000	1.0
contig_1432	1500000	1600000	1.0
contig_1432	1800000	1900000	1.0
contig_1432	1900000	2000000	1.0
contig_1432	2000000	2100000	1.0
contig_1432	2100000	2200000	3.0
contig_1432	2200000	2300000	1.0
contig_1432	2400000	2500000	4.0
contig_1432	2500000	2600000	3.0
contig_1432	2600000	2700000	1.0
contig_1432	2700000	2778364	2.0
contig_1433	0	100000	3.0
contig_1433	200000	300000	9.0
contig_1433	300000	400000	3.0
contig_1433	400000	500000	3.0
contig_1433	500000	600000	3.0
contig_1433	600000	700000	1.0
contig_1433	700000	787524	5.0
contig_1434	0	100000	1.0
contig_1434	100000	200000	1.0
contig_1434	200000	300000	1.0
contig_1434	300000	400000	1.0
contig_1434	400000	500000	2.0
contig_1434	500000	600000	1.0
contig_1434	700000	800000	2.0
contig_1434	800000	900000	2.0
contig_1434	900000	1000000	3.0
contig_1434	1200000	1300000	1.0
contig_1434	1300000	1400000	1.0
contig_1434	1400000	1500000	3.0
contig_1434	1500000	1600000	3.0
contig_1434	1600000	1700000	1.0
contig_1434	1700000	1800000	1.0
contig_1434	1800000	1900000	2.0
contig_1434	1900000	2000000	1.0
contig_1434	2000000	2100000	1.0
contig_1434	2200000	2300000	1.0
contig_1434	2300000	2400000	1.0
contig_1434	2500000	2595363	1.0
contig_1435	0	100000	3.0
contig_1436	0	100000	2.0
contig_1436	500000	600000	6.0
contig_1436	600000	645486	2.0
contig_1437	0	100000	2.0
contig_1437	100000	200000	1.0
contig_1437	300000	400000	1.0
contig_1437	400000	500000	2.0
contig_1437	600000	700000	2.0
contig_1437	700000	800000	1.0
contig_1437	800000	900000	1.0
contig_1437	900000	1000000	2.0
contig_1437	1000000	1100000	2.0
contig_1437	1100000	1200000	3.0
contig_1437	1300000	1400000	1.0
contig_1437	1400000	1470770	1.0
contig_1438	0	100000	6.0
contig_1438	100000	200000	6.0
contig_1438	200000	300000	1.0
contig_1438	300000	400000	1.0
contig_1438	400000	500000	2.0
contig_1438	500000	600000	2.0
contig_1438	600000	700000	4.0
contig_1438	700000	800000	3.0
contig_1438	800000	900000	4.0
contig_1438	900000	1000000	2.0
contig_1438	1000000	1100000	5.0
contig_1438	1100000	1200000	4.0
contig_1438	1200000	1300000	3.0
contig_1438	1300000	1400000	3.0
contig_1438	1400000	1500000	1.0
contig_1438	1500000	1600000	5.0
contig_1438	1600000	1700000	3.0
contig_1438	1700000	1749076	5.0
contig_1439	0	100000	3.0
contig_1439	100000	200000	5.0
contig_1439	200000	274129	6.0
contig_1440	0	100000	2.0
contig_1440	100000	200000	1.0
contig_1440	200000	208233	1.0
contig_1441	0	100000	9.0
contig_1441	300000	400000	2.0
contig_1441	400000	500000	2.0
contig_1441	500000	600000	2.0
contig_1441	600000	700000	2.0
contig_1441	800000	900000	2.0
contig_1441	900000	1000000	1.0
contig_1441	1000000	1100000	1.0
contig_1441	1100000	1200000	1.0
contig_1441	1200000	1242137	1.0
contig_1442	0	100000	1.0
contig_1442	100000	200000	2.0
contig_1442	200000	300000	1.0
contig_1442	300000	400000	1.0
contig_1442	400000	500000	4.0
contig_1442	500000	600000	2.0
contig_1442	600000	700000	2.0
contig_1442	700000	800000	3.0
contig_1442	800000	900000	2.0
contig_1442	900000	1000000	3.0
contig_1442	1000000	1100000	2.0
contig_1442	1100000	1200000	10.0
contig_1442	1200000	1249867	2.0
contig_1443	0	100000	1.0
contig_1444	0	90568	3.0
contig_1445	0	73096	4.0
contig_1446	0	100000	1.0
contig_1446	200000	300000	1.0
contig_1446	300000	400000	1.0
contig_1446	500000	600000	1.0
contig_1446	600000	700000	4.0
contig_1446	700000	800000	1.0
contig_1446	800000	900000	3.0
contig_1446	900000	1000000	4.0
contig_1446	1000000	1072517	2.0
contig_1447	0	100000	5.0
contig_1447	100000	200000	7.0
contig_1448	0	100000	2.0
contig_1448	200000	300000	1.0
contig_1448	300000	400000	4.0
contig_1448	400000	500000	1.0
contig_1448	500000	600000	1.0
contig_1448	600000	700000	1.0
contig_1448	700000	800000	1.0
contig_1448	1200000	1300000	1.0
contig_1448	1300000	1400000	2.0
contig_1449	0	100000	2.0
contig_1449	100000	156007	1.0
contig_1450	0	100000	1.0
contig_1450	100000	200000	1.0
contig_1450	200000	283270	3.0
contig_1451	0	100000	1.0
contig_1451	200000	300000	1.0
contig_1451	300000	400000	1.0
contig_1451	400000	500000	4.0
contig_1451	500000	600000	3.0
contig_1451	600000	700000	2.0
contig_1451	700000	800000	1.0
contig_1451	800000	900000	3.0
contig_1451	900000	1000000	2.0
contig_1451	1000000	1100000	1.0
contig_1451	1100000	1200000	1.0
contig_1451	1200000	1300000	1.0
contig_1451	1300000	1400000	1.0
contig_1451	1400000	1500000	2.0
contig_1451	1500000	1600000	4.0
contig_1451	1600000	1700000	4.0
contig_1451	1800000	1900000	1.0
contig_1451	1900000	2000000	1.0
contig_1451	2200000	2300000	1.0
contig_1451	2500000	2600000	3.0
contig_1451	2700000	2800000	2.0
contig_1451	2800000	2819708	1.0
contig_1452	0	100000	2.0
contig_1453	0	100000	3.0
contig_1453	100000	200000	2.0
contig_1453	200000	300000	3.0
contig_1453	300000	400000	3.0
contig_1453	400000	500000	3.0
contig_1453	500000	600000	1.0
contig_1453	700000	800000	1.0
contig_1453	800000	900000	1.0
contig_1453	900000	1000000	4.0
contig_1453	1200000	1300000	1.0
contig_1453	1300000	1400000	4.0
contig_1453	1400000	1500000	4.0
contig_1453	1600000	1700000	1.0
contig_1453	1700000	1769378	3.0
contig_1454	200000	300000	1.0
contig_1454	400000	500000	7.0
contig_1454	500000	600000	2.0
contig_1454	700000	800000	1.0
contig_1454	800000	900000	1.0
contig_1454	900000	1000000	1.0
contig_1454	1100000	1200000	2.0
contig_1454	1200000	1300000	6.0
contig_1454	1300000	1400000	6.0
contig_1454	1400000	1500000	1.0
contig_1454	1600000	1700000	3.0
contig_1454	1900000	2000000	1.0
contig_1454	2000000	2100000	2.0
contig_1454	2100000	2200000	1.0
contig_1454	2400000	2500000	1.0
contig_1454	2500000	2600000	2.0
contig_1454	2600000	2700000	3.0
contig_1454	2800000	2900000	1.0
contig_1454	2900000	3000000	1.0
contig_1454	3000000	3100000	1.0
contig_1454	3200000	3266910	2.0
contig_1455	0	100000	1.0
contig_1455	100000	200000	3.0
contig_1455	200000	300000	1.0
contig_1455	300000	400000	3.0
contig_1455	400000	500000	1.0
contig_1455	500000	600000	4.0
contig_1455	600000	700000	4.0
contig_1455	700000	800000	1.0
contig_1455	800000	900000	1.0
contig_1455	900000	1000000	3.0
contig_1455	1000000	1100000	5.0
contig_1455	1100000	1200000	3.0
contig_1455	1200000	1300000	5.0
contig_1455	1300000	1400000	2.0
contig_1455	1400000	1500000	2.0
contig_1455	1500000	1600000	4.0
contig_1455	1600000	1700000	2.0
contig_1455	1700000	1800000	8.0
contig_1455	1800000	1900000	2.0
contig_1455	1900000	2000000	1.0
contig_1455	2000000	2100000	2.0
contig_1455	2100000	2200000	5.0
contig_1455	2200000	2300000	2.0
contig_1455	2300000	2400000	1.0
contig_1455	2400000	2500000	3.0
contig_1455	2500000	2600000	1.0
contig_1455	2600000	2700000	2.0
contig_1455	2700000	2800000	3.0
contig_1455	2800000	2900000	2.0
contig_1455	2900000	2917259	1.0
contig_1456	0	66994	1.0
contig_1457	100000	200000	1.0
contig_1457	200000	300000	1.0
contig_1457	300000	400000	1.0
contig_1457	500000	600000	1.0
contig_1457	600000	700000	2.0
contig_1457	1100000	1200000	1.0
contig_1457	1200000	1300000	1.0
contig_1457	1300000	1400000	2.0
contig_1457	1400000	1500000	2.0
contig_1457	1500000	1600000	2.0
contig_1457	1600000	1700000	4.0
contig_1457	1700000	1800000	4.0
contig_1457	1800000	1900000	4.0
contig_1457	1900000	2000000	3.0
contig_1457	2000000	2100000	1.0
contig_1457	2100000	2200000	1.0
contig_1457	2300000	2400000	1.0
contig_1457	2400000	2500000	3.0
contig_1457	2500000	2554793	10.0
contig_1458	200000	300000	3.0
contig_1458	300000	400000	3.0
contig_1458	400000	500000	4.0
contig_1458	500000	600000	1.0
contig_1458	600000	700000	4.0
contig_1458	700000	800000	5.0
contig_1458	800000	900000	2.0
contig_1458	900000	1000000	4.0
contig_1458	1000000	1100000	2.0
contig_1458	1100000	1200000	3.0
contig_1458	1200000	1300000	4.0
contig_1458	1300000	1400000	3.0
contig_1458	1400000	1500000	2.0
contig_1458	1500000	1600000	2.0
contig_1458	1600000	1700000	4.0
contig_1458	1700000	1800000	4.0
contig_1458	1800000	1900000	1.0
contig_1458	1900000	2000000	2.0
contig_1458	2000000	2100000	7.0
contig_1458	2100000	2200000	4.0
contig_1458	2200000	2300000	2.0
contig_1458	2400000	2500000	1.0
contig_1458	2600000	2700000	4.0
contig_1458	2700000	2800000	5.0
contig_1458	2800000	2900000	5.0
contig_1458	2900000	3000000	5.0
contig_1458	3000000	3100000	1.0
contig_1458	3100000	3200000	1.0
contig_1458	3200000	3300000	1.0
contig_1458	3300000	3400000	3.0
contig_1458	3400000	3500000	3.0
contig_1458	3500000	3600000	1.0
contig_1459	0	100000	1.0
contig_1459	100000	168945	1.0
contig_1460	0	100000	3.0
contig_1460	100000	200000	4.0
contig_1460	200000	256220	4.0
contig_1461	100000	200000	2.0
contig_1461	200000	300000	2.0
contig_1461	300000	400000	2.0
contig_1461	400000	491789	2.0
contig_1462	0	80892	2.0
contig_1463	0	100000	5.0
contig_1463	100000	200000	4.0
contig_1463	200000	300000	2.0
contig_1463	300000	400000	1.0
contig_1463	400000	500000	1.0
contig_1463	500000	600000	3.0
contig_1463	600000	629658	2.0
contig_1464	0	90189	2.0
contig_1466	100000	200000	1.0
contig_1466	500000	600000	1.0
contig_1466	1000000	1100000	1.0
contig_1466	1100000	1200000	4.0
contig_1466	1200000	1300000	2.0
contig_1466	1500000	1533050	1.0
contig_1467	0	100000	1.0
contig_1467	100000	172823	2.0
contig_1468	0	100000	2.0
contig_1468	100000	200000	2.0
contig_1468	300000	400000	2.0
contig_1468	700000	800000	4.0
contig_1468	800000	900000	4.0
contig_1468	900000	1000000	6.0
contig_1468	1000000	1100000	1.0
contig_1468	1100000	1200000	4.0
contig_1468	1200000	1300000	1.0
contig_1468	1300000	1400000	3.0
contig_1468	1400000	1500000	5.0
contig_1468	1500000	1600000	1.0
contig_1468	1600000	1700000	2.0
contig_1468	1700000	1800000	1.0
contig_1468	1800000	1900000	1.0
contig_1468	1900000	2000000	2.0
contig_1468	2000000	2100000	1.0
contig_1468	2100000	2200000	2.0
contig_1468	2300000	2400000	2.0
contig_1468	2400000	2500000	4.0
contig_1468	2600000	2700000	1.0
contig_1468	2700000	2800000	1.0
contig_1468	2800000	2900000	3.0
contig_1468	2900000	3000000	4.0
contig_1468	3000000	3100000	1.0
contig_1468	3400000	3500000	2.0
contig_1468	3500000	3600000	1.0
contig_1468	3600000	3700000	2.0
contig_1468	3700000	3800000	1.0
contig_1468	4200000	4300000	2.0
contig_1468	4300000	4400000	1.0
contig_1468	4500000	4600000	2.0
contig_1468	4600000	4700000	1.0
contig_1468	4800000	4900000	4.0
contig_1468	4900000	5000000	1.0
contig_1468	5000000	5015323	1.0
contig_1469	0	100000	2.0
contig_1469	100000	200000	3.0
contig_1469	200000	300000	1.0
contig_1469	300000	400000	1.0
contig_1469	400000	500000	2.0
contig_1469	500000	600000	4.0
contig_1469	900000	1000000	1.0
contig_1469	1100000	1200000	1.0
contig_1469	1200000	1300000	1.0
contig_1469	1300000	1400000	1.0
contig_1469	1500000	1600000	1.0
contig_1469	1600000	1700000	2.0
contig_1469	1700000	1800000	2.0
contig_1469	1800000	1900000	2.0
contig_1469	1900000	2000000	7.0
contig_1469	2100000	2197636	2.0
contig_1470	0	100000	3.0
contig_1470	100000	200000	2.0
contig_1470	400000	500000	2.0
contig_1470	600000	700000	2.0
contig_1470	700000	800000	7.0
contig_1470	800000	900000	1.0
contig_1470	900000	1000000	6.0
contig_1470	1000000	1100000	1.0
contig_1470	1100000	1200000	3.0
contig_1470	1200000	1300000	1.0
contig_1470	1300000	1400000	1.0
contig_1470	1400000	1500000	4.0
contig_1470	1500000	1600000	1.0
contig_1470	1600000	1700000	1.0
contig_1470	1700000	1800000	1.0
contig_1470	1800000	1900000	1.0
contig_1470	1900000	2000000	1.0
contig_1470	2000000	2100000	3.0
contig_1470	2100000	2200000	5.0
contig_1470	2200000	2274870	2.0
contig_1471	200000	300000	2.0
contig_1471	300000	400000	3.0
contig_1471	400000	500000	2.0
contig_1471	500000	600000	2.0
contig_1471	600000	700000	1.0
contig_1471	700000	800000	2.0
contig_1471	800000	900000	2.0
contig_1471	900000	1000000	2.0
contig_1471	1000000	1100000	8.0
contig_1471	1600000	1700000	1.0
contig_1471	1700000	1800000	4.0
contig_1471	1800000	1900000	2.0
contig_1471	1900000	2000000	5.0
contig_1471	2000000	2100000	4.0
contig_1471	2100000	2200000	1.0
contig_1471	2300000	2400000	1.0
contig_1471	2500000	2600000	7.0
contig_1471	2600000	2700000	3.0
contig_1471	2700000	2800000	4.0
contig_1471	2800000	2900000	2.0
contig_1471	2900000	3000000	4.0
contig_1471	3000000	3100000	2.0
contig_1471	3200000	3300000	1.0
contig_1471	3300000	3400000	1.0
contig_1471	3400000	3500000	1.0
contig_1471	3500000	3600000	3.0
contig_1471	3600000	3700000	1.0
contig_1471	3700000	3800000	3.0
contig_1471	3800000	3900000	2.0
contig_1471	4000000	4100000	1.0
contig_1471	4100000	4200000	2.0
contig_1471	4200000	4300000	3.0
contig_1471	4300000	4400000	3.0
contig_1471	4400000	4500000	3.0
contig_1471	4600000	4700000	1.0
contig_1471	4800000	4900000	2.0
contig_1471	4900000	5000000	2.0
contig_1471	5000000	5100000	1.0
contig_1471	5100000	5200000	2.0
contig_1471	5200000	5300000	2.0
contig_1471	5500000	5600000	1.0
contig_1471	5600000	5700000	3.0
contig_1471	5700000	5800000	1.0
contig_1471	6300000	6400000	1.0
contig_1471	6400000	6500000	1.0
contig_1471	6500000	6600000	1.0
contig_1471	6600000	6700000	2.0
contig_1471	6700000	6800000	1.0
contig_1471	6800000	6900000	2.0
contig_1471	6900000	7000000	4.0
contig_1471	7000000	7100000	3.0
contig_1471	7100000	7200000	2.0
contig_1471	7300000	7400000	2.0
contig_1471	7400000	7500000	2.0
contig_1471	7500000	7600000	2.0
contig_1471	7600000	7700000	1.0
contig_1471	7700000	7800000	3.0
contig_1471	7800000	7900000	5.0
contig_1471	7900000	8000000	6.0
contig_1471	8000000	8100000	3.0
contig_1471	8100000	8200000	7.0
contig_1471	8200000	8300000	3.0
contig_1471	8300000	8400000	2.0
contig_1471	8400000	8500000	1.0
contig_1471	8500000	8600000	1.0
contig_1471	8800000	8900000	2.0
contig_1471	8900000	8945895	2.0
contig_1472	0	100000	1.0
contig_1472	100000	141769	1.0
contig_1473	0	100000	4.0
contig_1473	100000	200000	1.0
contig_1473	200000	250805	1.0
contig_1474	0	100000	1.0
contig_1474	100000	200000	6.0
contig_1474	200000	277521	1.0
contig_1475	0	100000	12.0
contig_1475	100000	200000	4.0
contig_1475	200000	300000	3.0
contig_1475	300000	400000	1.0
contig_1475	400000	500000	1.0
contig_1475	500000	600000	3.0
contig_1475	600000	700000	5.0
contig_1475	700000	800000	1.0
contig_1475	800000	900000	1.0
contig_1475	1000000	1100000	3.0
contig_1475	1100000	1200000	4.0
contig_1475	1200000	1300000	2.0
contig_1475	1400000	1500000	1.0
contig_1475	1600000	1700000	4.0
contig_1475	1700000	1800000	1.0
contig_1475	2100000	2113757	1.0
contig_1476	0	100000	1.0
contig_1476	100000	200000	1.0
contig_1476	200000	300000	1.0
contig_1476	300000	330006	1.0
contig_1477	0	100000	1.0
contig_1477	600000	700000	1.0
contig_1477	700000	800000	1.0
contig_1477	800000	900000	3.0
contig_1477	900000	1000000	3.0
contig_1477	1000000	1100000	1.0
contig_1477	1200000	1300000	1.0
contig_1477	1800000	1900000	1.0
contig_1477	2000000	2100000	1.0
contig_1477	2200000	2300000	1.0
contig_1477	2500000	2600000	2.0
contig_1477	2600000	2700000	1.0
contig_1477	2800000	2900000	1.0
contig_1477	2900000	3000000	3.0
contig_1477	3000000	3100000	3.0
contig_1477	3100000	3200000	5.0
contig_1477	3600000	3700000	1.0
contig_1477	3900000	4000000	4.0
contig_1477	4100000	4200000	1.0
contig_1477	4200000	4300000	2.0
contig_1477	4300000	4400000	2.0
contig_1477	4700000	4800000	2.0
contig_1477	4800000	4900000	1.0
contig_1477	4900000	5000000	1.0
contig_1477	5000000	5100000	1.0
contig_1477	5700000	5800000	2.0
contig_1477	6000000	6100000	1.0
contig_1477	6200000	6300000	1.0
contig_1477	6500000	6600000	3.0
contig_1477	7000000	7100000	2.0
contig_1477	7100000	7200000	3.0
contig_1477	7200000	7300000	1.0
contig_1477	7300000	7400000	1.0
contig_1477	7600000	7700000	5.0
contig_1477	7700000	7800000	4.0
contig_1477	7800000	7900000	3.0
contig_1477	7900000	8000000	4.0
contig_1477	8000000	8100000	5.0
contig_1477	8200000	8300000	1.0
contig_1477	8300000	8400000	1.0
contig_1477	8400000	8500000	1.0
contig_1477	8500000	8600000	2.0
contig_1477	8600000	8700000	1.0
contig_1477	8700000	8800000	3.0
contig_1477	8800000	8900000	1.0
contig_1477	8900000	9000000	1.0
contig_1477	9200000	9300000	1.0
contig_1477	9300000	9400000	2.0
contig_1477	9400000	9500000	2.0
contig_1477	9600000	9700000	1.0
contig_1477	9900000	10000000	1.0
contig_1477	10100000	10200000	1.0
contig_1477	10200000	10300000	1.0
contig_1477	10300000	10400000	1.0
contig_1477	10400000	10500000	1.0
contig_1477	10500000	10600000	3.0
contig_1477	10600000	10700000	4.0
contig_1477	10700000	10800000	1.0
contig_1477	10800000	10900000	4.0
contig_1477	10900000	11000000	7.0
contig_1477	11000000	11100000	2.0
contig_1477	11100000	11200000	1.0
contig_1477	11200000	11300000	1.0
contig_1477	11400000	11500000	1.0
contig_1477	11700000	11800000	2.0
contig_1477	11900000	12000000	3.0
contig_1477	12100000	12200000	1.0
contig_1477	12200000	12300000	1.0
contig_1477	12300000	12400000	5.0
contig_1477	12400000	12500000	3.0
contig_1477	12500000	12600000	1.0
contig_1477	12600000	12700000	1.0
contig_1477	12700000	12800000	5.0
contig_1477	12800000	12900000	2.0
contig_1477	12900000	13000000	2.0
contig_1477	13000000	13100000	2.0
contig_1477	13100000	13200000	4.0
contig_1477	13200000	13300000	3.0
contig_1477	13300000	13400000	4.0
contig_1477	13400000	13468133	3.0
contig_1478	100000	200000	3.0
contig_1478	200000	300000	2.0
contig_1478	300000	357999	1.0
contig_1479	100000	200000	2.0
contig_1479	300000	400000	2.0
contig_1479	400000	500000	1.0
contig_1479	500000	600000	4.0
contig_1479	600000	700000	3.0
contig_1479	700000	800000	4.0
contig_1479	800000	900000	3.0
contig_1479	900000	985949	4.0
contig_1480	0	100000	2.0
contig_1480	100000	200000	3.0
contig_1480	200000	300000	1.0
contig_1480	300000	400000	2.0
contig_1480	400000	462545	1.0
contig_1481	0	100000	1.0
contig_1481	200000	300000	2.0
contig_1481	300000	400000	1.0
contig_1481	400000	500000	1.0
contig_1481	500000	600000	1.0
contig_1481	700000	800000	1.0
contig_1481	800000	900000	2.0
contig_1481	900000	1000000	1.0
contig_1481	1000000	1100000	1.0
contig_1481	1100000	1200000	1.0
contig_1481	1200000	1300000	3.0
contig_1481	1300000	1400000	4.0
contig_1481	1400000	1500000	1.0
contig_1481	1500000	1600000	2.0
contig_1481	1600000	1700000	1.0
contig_1481	1700000	1800000	2.0
contig_1481	1800000	1900000	1.0
contig_1481	1900000	2000000	1.0
contig_1481	2000000	2100000	2.0
contig_1481	2100000	2200000	6.0
contig_1481	2200000	2256512	2.0
contig_1482	0	100000	1.0
contig_1482	100000	200000	1.0
contig_1482	200000	300000	1.0
contig_1482	300000	400000	2.0
contig_1482	400000	500000	1.0
contig_1482	600000	700000	1.0
contig_1482	700000	800000	2.0
contig_1482	800000	900000	1.0
contig_1482	1000000	1100000	2.0
contig_1482	1300000	1400000	2.0
contig_1482	1500000	1600000	1.0
contig_1482	1600000	1700000	1.0
contig_1482	1700000	1800000	2.0
contig_1482	1800000	1900000	3.0
contig_1482	1900000	2000000	2.0
contig_1482	2000000	2100000	3.0
contig_1482	2100000	2200000	7.0
contig_1482	2400000	2500000	1.0
contig_1482	2500000	2600000	2.0
contig_1482	2600000	2700000	1.0
contig_1482	2700000	2800000	2.0
contig_1482	2900000	3000000	1.0
contig_1482	3100000	3200000	1.0
contig_1482	3200000	3300000	5.0
contig_1482	3300000	3400000	4.0
contig_1482	3400000	3500000	1.0
contig_1482	3500000	3600000	1.0
contig_1482	3600000	3700000	5.0
contig_1482	3700000	3800000	2.0
contig_1482	3800000	3900000	3.0
contig_1482	3900000	3982733	2.0
contig_1483	0	100000	1.0
contig_1483	200000	279722	6.0
contig_1484	0	100000	2.0
contig_1484	100000	200000	3.0
contig_1484	200000	298611	3.0
contig_1485	0	81773	4.0
contig_1486	100000	200000	11.0
contig_1486	200000	213587	2.0
contig_1487	0	100000	7.0
contig_1487	100000	177039	3.0
contig_1488	0	100000	1.0
contig_1488	100000	200000	1.0
contig_1488	500000	600000	6.0
contig_1488	600000	700000	5.0
contig_1488	700000	800000	2.0
contig_1488	800000	900000	1.0
contig_1488	900000	1000000	1.0
contig_1488	1000000	1100000	3.0
contig_1488	1200000	1300000	1.0
contig_1488	1300000	1400000	2.0
contig_1488	1400000	1500000	3.0
contig_1488	1500000	1600000	6.0
contig_1488	1600000	1700000	1.0
contig_1488	1700000	1800000	2.0
contig_1488	1800000	1900000	1.0
contig_1488	1900000	2000000	1.0
contig_1488	2000000	2100000	5.0
contig_1488	2100000	2200000	4.0
contig_1488	2200000	2300000	2.0
contig_1488	2300000	2400000	2.0
contig_1488	2400000	2500000	1.0
contig_1488	2500000	2600000	3.0
contig_1488	2600000	2700000	6.0
contig_1488	2700000	2800000	3.0
contig_1488	2800000	2900000	6.0
contig_1488	2900000	3000000	2.0
contig_1488	3100000	3200000	3.0
contig_1488	3200000	3300000	1.0
contig_1488	3300000	3400000	3.0
contig_1488	3400000	3500000	1.0
contig_1488	3500000	3600000	5.0
contig_1488	3600000	3700000	1.0
contig_1488	3700000	3800000	1.0
contig_1488	4000000	4100000	3.0
contig_1488	4200000	4265010	3.0
contig_1489	0	100000	2.0
contig_1489	100000	200000	3.0
contig_1489	200000	300000	3.0
contig_1489	500000	600000	1.0
contig_1490	0	100000	2.0
contig_1490	100000	200000	5.0
contig_1490	200000	300000	1.0
contig_1490	300000	400000	2.0
contig_1490	600000	700000	2.0
contig_1490	700000	800000	2.0
contig_1490	800000	900000	2.0
contig_1490	900000	1000000	2.0
contig_1490	1000000	1100000	2.0
contig_1490	1100000	1200000	3.0
contig_1490	1200000	1300000	7.0
contig_1490	1300000	1400000	4.0
contig_1490	1400000	1500000	5.0
contig_1490	1500000	1600000	3.0
contig_1490	1600000	1700000	5.0
contig_1490	1700000	1800000	3.0
contig_1490	1800000	1832816	4.0
contig_1491	0	100000	1.0
contig_1491	100000	200000	7.0
contig_1491	200000	300000	1.0
contig_1491	400000	500000	4.0
contig_1491	600000	700000	1.0
contig_1491	800000	900000	2.0
contig_1491	900000	1000000	1.0
contig_1491	1600000	1700000	5.0
contig_1491	1700000	1800000	7.0
contig_1491	1800000	1895100	1.0
contig_1492	0	100000	6.0
contig_1492	100000	200000	3.0
contig_1492	200000	226477	2.0
contig_1493	0	100000	4.0
contig_1493	100000	200000	2.0
contig_1493	200000	300000	3.0
contig_1493	400000	500000	3.0
contig_1493	500000	600000	1.0
contig_1493	600000	700000	2.0
contig_1493	700000	794986	2.0
contig_1494	0	100000	4.0
contig_1494	100000	200000	3.0
contig_1494	200000	300000	2.0
contig_1494	300000	400000	2.0
contig_1494	400000	500000	2.0
contig_1494	500000	600000	5.0
contig_1494	600000	700000	5.0
contig_1494	700000	800000	3.0
contig_1494	800000	900000	5.0
contig_1494	900000	1000000	2.0
contig_1494	1000000	1100000	4.0
contig_1494	1100000	1200000	3.0
contig_1494	1200000	1300000	1.0
contig_1494	1300000	1400000	1.0
contig_1494	1400000	1500000	6.0
contig_1494	1500000	1600000	2.0
contig_1494	1600000	1700000	8.0
contig_1494	1700000	1800000	3.0
contig_1494	1800000	1900000	2.0
contig_1494	1900000	2000000	5.0
contig_1494	2100000	2200000	2.0
contig_1494	2200000	2300000	3.0
contig_1494	2300000	2400000	2.0
contig_1494	2400000	2500000	5.0
contig_1494	2500000	2600000	4.0
contig_1494	2600000	2700000	1.0
contig_1494	2700000	2800000	2.0
contig_1494	2800000	2900000	1.0
contig_1494	2900000	3000000	1.0
contig_1494	3000000	3100000	1.0
contig_1494	3100000	3122970	1.0
contig_1495	0	100000	4.0
contig_1495	100000	200000	2.0
contig_1495	200000	266724	2.0
contig_1496	0	100000	5.0
contig_1496	100000	200000	6.0
contig_1496	200000	300000	1.0
contig_1496	300000	400000	2.0
contig_1496	400000	500000	1.0
contig_1496	500000	600000	3.0
contig_1496	600000	700000	4.0
contig_1496	700000	800000	1.0
contig_1496	800000	900000	3.0
contig_1496	900000	982305	3.0
contig_1497	0	100000	3.0
contig_1497	100000	124461	1.0
contig_1499	100000	200000	1.0
contig_1499	200000	300000	1.0
contig_1499	400000	500000	2.0
contig_1499	500000	600000	2.0
contig_1499	900000	1000000	1.0
contig_1499	1000000	1100000	1.0
contig_1499	1100000	1200000	2.0
contig_1499	1200000	1300000	3.0
contig_1499	1300000	1400000	3.0
contig_1499	1400000	1500000	1.0
contig_1499	1600000	1700000	2.0
contig_1499	1700000	1800000	2.0
contig_1499	1800000	1900000	3.0
contig_1499	1900000	2000000	4.0
contig_1499	2000000	2100000	4.0
contig_1499	2200000	2300000	2.0
contig_1499	2300000	2400000	2.0
contig_1499	2400000	2500000	2.0
contig_1499	2500000	2600000	5.0
contig_1499	2600000	2700000	7.0
contig_1499	2700000	2800000	1.0
contig_1499	2800000	2900000	3.0
contig_1499	2900000	3000000	3.0
contig_1499	3000000	3100000	1.0
contig_1499	3100000	3200000	1.0
contig_1499	3300000	3400000	2.0
contig_1499	3400000	3500000	4.0
contig_1499	3500000	3600000	3.0
contig_1499	3600000	3700000	3.0
contig_1499	3700000	3800000	3.0
contig_1499	3800000	3900000	4.0
contig_1499	3900000	4000000	4.0
contig_1499	4000000	4100000	2.0
contig_1499	4100000	4200000	2.0
contig_1499	4200000	4300000	3.0
contig_1499	4300000	4318249	1.0
contig_1500	200000	300000	4.0
contig_1500	300000	400000	1.0
contig_1500	400000	500000	4.0
contig_1500	500000	600000	2.0
contig_1500	600000	700000	3.0
contig_1500	800000	900000	1.0
contig_1500	900000	1000000	2.0
contig_1500	1000000	1100000	2.0
contig_1500	1100000	1200000	2.0
contig_1500	1200000	1300000	1.0
contig_1500	1300000	1400000	3.0
contig_1500	1400000	1500000	1.0
contig_1500	1500000	1600000	1.0
contig_1500	1600000	1700000	7.0
contig_1500	1700000	1800000	5.0
contig_1500	1800000	1900000	3.0
contig_1500	1900000	2000000	3.0
contig_1500	2000000	2100000	4.0
contig_1500	2100000	2109067	1.0
contig_1501	100000	200000	7.0
contig_1501	200000	300000	4.0
contig_1501	300000	374757	3.0
contig_1502	0	100000	4.0
contig_1502	100000	200000	1.0
contig_1502	200000	300000	1.0
contig_1502	300000	400000	1.0
contig_1502	400000	500000	3.0
contig_1502	500000	600000	8.0
contig_1502	600000	700000	12.0
contig_1502	700000	703380	1.0
contig_1503	100000	200000	4.0
contig_1503	200000	300000	1.0
contig_1503	300000	400000	1.0
contig_1503	400000	500000	4.0
contig_1503	600000	700000	1.0
contig_1503	700000	800000	5.0
contig_1503	800000	900000	2.0
contig_1503	900000	1000000	4.0
contig_1503	1000000	1100000	1.0
contig_1503	1100000	1200000	1.0
contig_1503	1200000	1300000	2.0
contig_1503	1400000	1500000	1.0
contig_1503	1500000	1600000	1.0
contig_1503	2000000	2100000	3.0
contig_1503	2100000	2181909	4.0
contig_1504	0	100000	1.0
contig_1504	100000	200000	2.0
contig_1504	200000	244172	1.0
contig_1505	0	100000	1.0
contig_1505	100000	200000	6.0
contig_1505	300000	400000	2.0
contig_1505	400000	500000	2.0
contig_1505	500000	600000	1.0
contig_1505	800000	900000	1.0
contig_1505	900000	1000000	3.0
contig_1505	1000000	1100000	2.0
contig_1505	1100000	1200000	3.0
contig_1505	1200000	1300000	3.0
contig_1505	1300000	1383204	2.0
contig_1506	0	100000	1.0
contig_1506	100000	185366	3.0
contig_1507	100000	169989	2.0
contig_1508	0	100000	1.0
contig_1508	100000	200000	2.0
contig_1508	200000	300000	2.0
contig_1508	400000	500000	8.0
contig_1508	500000	600000	4.0
contig_1508	600000	700000	4.0
contig_1508	700000	800000	1.0
contig_1508	800000	900000	2.0
contig_1508	900000	1000000	2.0
contig_1508	1000000	1100000	6.0
contig_1508	1100000	1200000	2.0
contig_1508	1200000	1300000	1.0
contig_1508	1300000	1400000	2.0
contig_1508	1400000	1500000	1.0
contig_1508	1500000	1600000	4.0
contig_1508	1600000	1700000	2.0
contig_1508	1800000	1900000	2.0
contig_1508	1900000	2000000	1.0
contig_1508	2000000	2100000	1.0
contig_1508	2100000	2200000	1.0
contig_1508	2200000	2300000	2.0
contig_1508	2400000	2500000	1.0
contig_1508	2700000	2800000	2.0
contig_1508	2800000	2900000	2.0
contig_1508	2900000	3000000	2.0
contig_1509	0	100000	3.0
contig_1509	200000	300000	3.0
contig_1509	300000	400000	2.0
contig_1509	400000	500000	1.0
contig_1509	500000	506947	1.0
contig_1510	0	100000	1.0
contig_1510	100000	200000	1.0
contig_1510	200000	300000	1.0
contig_1510	300000	400000	7.0
contig_1510	400000	500000	1.0
contig_1510	500000	600000	1.0
contig_1510	600000	700000	2.0
contig_1510	700000	800000	1.0
contig_1510	800000	900000	3.0
contig_1510	900000	1000000	1.0
contig_1510	1000000	1100000	3.0
contig_1510	1200000	1300000	1.0
contig_1510	1300000	1400000	3.0
contig_1510	1400000	1500000	1.0
contig_1510	1500000	1600000	1.0
contig_1510	1800000	1900000	6.0
contig_1510	2000000	2100000	2.0
contig_1510	2200000	2300000	6.0
contig_1510	2300000	2309453	2.0
contig_1511	0	100000	2.0
contig_1511	100000	200000	2.0
contig_1511	200000	300000	2.0
contig_1511	300000	388048	4.0
contig_1512	0	100000	1.0
contig_1512	100000	200000	2.0
contig_1512	200000	300000	14.0
contig_1512	300000	400000	5.0
contig_1512	400000	500000	1.0
contig_1512	500000	600000	2.0
contig_1512	600000	700000	3.0
contig_1512	700000	800000	6.0
contig_1512	800000	900000	5.0
contig_1512	900000	1000000	2.0
contig_1512	1100000	1200000	1.0
contig_1512	1200000	1300000	5.0
contig_1512	1300000	1400000	2.0
contig_1512	1500000	1600000	1.0
contig_1512	1700000	1800000	9.0
contig_1512	1800000	1900000	2.0
contig_1512	1900000	2000000	3.0
contig_1512	2000000	2026941	2.0
contig_1513	100000	200000	1.0
contig_1513	200000	300000	1.0
contig_1514	100000	200000	2.0
contig_1514	200000	300000	2.0
contig_1514	300000	400000	5.0
contig_1514	400000	500000	1.0
contig_1514	500000	600000	6.0
contig_1514	600000	700000	1.0
contig_1514	700000	800000	3.0
contig_1514	800000	900000	2.0
contig_1514	900000	1000000	1.0
contig_1514	1000000	1100000	4.0
contig_1514	1100000	1200000	3.0
contig_1514	1200000	1226504	4.0
contig_1515	0	100000	1.0
contig_1515	100000	105933	1.0
contig_1516	0	100000	1.0
contig_1516	300000	400000	2.0
contig_1516	500000	573876	2.0
contig_1517	0	100000	5.0
contig_1517	100000	200000	3.0
contig_1517	200000	300000	3.0
contig_1517	300000	400000	3.0
contig_1517	500000	600000	2.0
contig_1517	600000	700000	2.0
contig_1517	700000	800000	1.0
contig_1517	1100000	1200000	3.0
contig_1517	1200000	1300000	7.0
contig_1517	1300000	1400000	6.0
contig_1517	1400000	1500000	1.0
contig_1517	1500000	1600000	3.0
contig_1517	1600000	1700000	4.0
contig_1517	1700000	1800000	2.0
contig_1517	1800000	1900000	2.0
contig_1517	1900000	2000000	1.0
contig_1517	2000000	2100000	3.0
contig_1517	2100000	2200000	7.0
contig_1517	2200000	2300000	2.0
contig_1517	2300000	2400000	2.0
contig_1517	2400000	2500000	1.0
contig_1517	2500000	2510721	2.0
contig_1518	200000	300000	3.0
contig_1518	300000	350917	1.0
contig_1519	0	100000	2.0
contig_1519	100000	200000	1.0
contig_1519	300000	400000	1.0
contig_1519	400000	500000	1.0
contig_1519	500000	566298	2.0
contig_1520	0	100000	5.0
contig_1520	100000	200000	1.0
contig_1520	200000	265356	1.0
contig_1521	0	100000	3.0
contig_1521	100000	200000	6.0
contig_1521	200000	300000	1.0
contig_1521	300000	391567	3.0
contig_1522	0	100000	2.0
contig_1522	100000	200000	2.0
contig_1522	200000	300000	2.0
contig_1522	500000	600000	1.0
contig_1522	700000	800000	1.0
contig_1522	800000	900000	3.0
contig_1522	900000	1000000	2.0
contig_1522	1000000	1100000	1.0
contig_1522	1300000	1400000	1.0
contig_1522	1600000	1700000	1.0
contig_1522	1700000	1800000	2.0
contig_1522	1800000	1900000	2.0
contig_1522	1900000	2000000	1.0
contig_1522	2000000	2100000	1.0
contig_1522	2100000	2200000	3.0
contig_1522	2200000	2300000	4.0
contig_1522	2300000	2400000	6.0
contig_1522	2400000	2500000	6.0
contig_1522	2500000	2600000	2.0
contig_1522	2600000	2700000	3.0
contig_1522	2800000	2900000	1.0
contig_1522	2900000	3000000	4.0
contig_1522	3100000	3200000	1.0
contig_1522	3300000	3400000	1.0
contig_1522	3600000	3700000	1.0
contig_1522	3700000	3800000	1.0
contig_1522	3800000	3900000	3.0
contig_1522	3900000	4000000	2.0
contig_1522	4000000	4100000	1.0
contig_1522	4100000	4200000	1.0
contig_1522	4300000	4378699	2.0
contig_1523	0	100000	4.0
contig_1523	100000	200000	3.0
contig_1523	200000	300000	2.0
contig_1523	400000	500000	1.0
contig_1523	500000	600000	1.0
contig_1523	600000	700000	3.0
contig_1523	900000	1000000	2.0
contig_1523	1100000	1200000	2.0
contig_1524	0	100000	2.0
contig_1524	100000	200000	3.0
contig_1524	200000	300000	1.0
contig_1524	300000	400000	4.0
contig_1524	400000	446780	1.0
contig_1525	0	100000	2.0
contig_1525	300000	400000	1.0
contig_1526	0	100000	1.0
contig_1526	100000	177507	2.0
contig_1527	0	100000	4.0
contig_1527	100000	200000	3.0
contig_1527	200000	300000	4.0
contig_1527	300000	400000	4.0
contig_1527	500000	600000	1.0
contig_1527	600000	700000	1.0
contig_1527	700000	800000	1.0
contig_1527	800000	900000	4.0
contig_1527	900000	1000000	2.0
contig_1527	1100000	1200000	2.0
contig_1527	1200000	1300000	2.0
contig_1527	1300000	1400000	2.0
contig_1527	1400000	1500000	1.0
contig_1527	1500000	1600000	4.0
contig_1527	1700000	1800000	4.0
contig_1527	1800000	1900000	6.0
contig_1527	1900000	2000000	1.0
contig_1527	2000000	2100000	4.0
contig_1527	2100000	2200000	6.0
contig_1527	2200000	2300000	5.0
contig_1527	2300000	2400000	2.0
contig_1527	2400000	2500000	4.0
contig_1527	2500000	2600000	7.0
contig_1527	2600000	2700000	2.0
contig_1527	2700000	2800000	3.0
contig_1527	2800000	2900000	2.0
contig_1527	2900000	3000000	1.0
contig_1527	3000000	3100000	6.0
contig_1527	3100000	3200000	2.0
contig_1527	3300000	3400000	1.0
contig_1527	3400000	3500000	4.0
contig_1527	3600000	3700000	5.0
contig_1527	3700000	3800000	1.0
contig_1527	3800000	3863678	3.0
contig_1529	200000	300000	3.0
contig_1529	500000	600000	1.0
contig_1529	700000	800000	1.0
contig_1529	800000	900000	1.0
contig_1529	900000	1000000	2.0
contig_1529	1000000	1100000	1.0
contig_1529	1300000	1400000	1.0
contig_1529	1400000	1500000	4.0
contig_1529	1500000	1600000	3.0
contig_1529	1600000	1700000	1.0
contig_1529	1700000	1800000	2.0
contig_1529	1800000	1900000	3.0
contig_1529	2000000	2100000	1.0
contig_1529	2100000	2200000	1.0
contig_1529	2200000	2300000	2.0
contig_1529	2400000	2500000	1.0
contig_1529	2500000	2600000	1.0
contig_1529	2600000	2700000	3.0
contig_1529	2700000	2800000	3.0
contig_1529	2800000	2900000	2.0
contig_1529	2900000	3000000	2.0
contig_1529	3000000	3100000	5.0
contig_1529	3200000	3300000	1.0
contig_1529	3400000	3500000	3.0
contig_1529	3500000	3600000	4.0
contig_1529	3600000	3700000	6.0
contig_1529	3700000	3705582	1.0
contig_1530	0	100000	1.0
contig_1530	100000	200000	4.0
contig_1530	200000	300000	2.0
contig_1530	500000	600000	2.0
contig_1530	600000	700000	2.0
contig_1530	700000	800000	1.0
contig_1530	800000	900000	1.0
contig_1530	900000	1000000	1.0
contig_1530	1000000	1100000	1.0
contig_1530	1100000	1200000	1.0
contig_1530	1200000	1300000	2.0
contig_1530	1300000	1400000	3.0
contig_1530	1400000	1500000	4.0
contig_1530	1500000	1600000	2.0
contig_1530	1600000	1700000	1.0
contig_1530	1700000	1800000	4.0
contig_1530	1800000	1805264	1.0
contig_1531	0	100000	1.0
contig_1531	100000	200000	2.0
contig_1531	200000	300000	5.0
contig_1531	300000	400000	5.0
contig_1531	600000	700000	4.0
contig_1531	800000	900000	1.0
contig_1531	900000	1000000	1.0
contig_1531	1000000	1100000	1.0
contig_1531	1100000	1200000	1.0
contig_1531	1200000	1300000	4.0
contig_1531	1300000	1400000	2.0
contig_1531	1500000	1600000	1.0
contig_1531	1600000	1700000	3.0
contig_1531	1700000	1800000	1.0
contig_1531	1800000	1900000	3.0
contig_1531	1900000	2000000	1.0
contig_1531	2000000	2100000	1.0
contig_1531	2100000	2200000	2.0
contig_1531	2300000	2400000	3.0
contig_1531	2400000	2500000	1.0
contig_1531	2500000	2600000	1.0
contig_1531	2700000	2800000	4.0
contig_1531	2800000	2900000	2.0
contig_1531	2900000	3000000	1.0
contig_1531	3000000	3100000	1.0
contig_1531	3200000	3300000	1.0
contig_1531	3300000	3400000	4.0
contig_1531	3400000	3500000	4.0
contig_1531	3500000	3519002	1.0
contig_1532	0	100000	2.0
contig_1532	100000	200000	3.0
contig_1532	200000	300000	3.0
contig_1532	300000	400000	3.0
contig_1532	400000	500000	8.0
contig_1532	500000	600000	3.0
contig_1532	600000	700000	1.0
contig_1532	700000	800000	5.0
contig_1532	800000	900000	8.0
contig_1532	900000	1000000	2.0
contig_1532	1000000	1100000	3.0
contig_1532	1100000	1200000	6.0
contig_1532	1200000	1300000	1.0
contig_1532	1300000	1400000	1.0
contig_1532	1600000	1700000	1.0
contig_1532	1700000	1800000	3.0
contig_1532	1800000	1900000	3.0
contig_1532	1900000	2000000	4.0
contig_1532	2000000	2100000	6.0
contig_1532	2100000	2200000	2.0
contig_1532	2200000	2300000	2.0
contig_1532	2300000	2400000	4.0
contig_1532	2400000	2500000	2.0
contig_1532	2500000	2600000	4.0
contig_1532	2600000	2700000	2.0
contig_1532	2700000	2800000	3.0
contig_1532	2800000	2900000	1.0
contig_1532	2900000	3000000	2.0
contig_1532	3000000	3100000	3.0
contig_1532	3100000	3200000	6.0
contig_1532	3200000	3300000	4.0
contig_1532	3300000	3400000	1.0
contig_1532	3400000	3500000	5.0
contig_1532	3500000	3600000	1.0
contig_1532	3600000	3700000	3.0
contig_1532	3700000	3800000	3.0
contig_1532	3800000	3900000	3.0
contig_1532	3900000	4000000	4.0
contig_1532	4100000	4200000	2.0
contig_1532	4200000	4300000	4.0
contig_1532	4300000	4400000	2.0
contig_1532	4400000	4500000	3.0
contig_1532	4500000	4600000	3.0
contig_1532	4600000	4700000	5.0
contig_1532	4700000	4701186	1.0
contig_1533	0	100000	4.0
contig_1533	100000	200000	2.0
contig_1533	200000	300000	5.0
contig_1533	300000	400000	2.0
contig_1533	400000	500000	1.0
contig_1533	500000	600000	3.0
contig_1533	600000	700000	4.0
contig_1533	700000	800000	3.0
contig_1533	800000	900000	1.0
contig_1533	900000	1000000	1.0
contig_1533	1000000	1100000	1.0
contig_1533	1100000	1200000	1.0
contig_1533	1200000	1300000	2.0
contig_1533	1300000	1400000	4.0
contig_1533	1400000	1500000	2.0
contig_1533	1500000	1600000	3.0
contig_1533	1600000	1700000	2.0
contig_1533	1700000	1800000	2.0
contig_1533	1800000	1900000	1.0
contig_1533	1900000	2000000	1.0
contig_1533	2200000	2300000	2.0
contig_1533	2300000	2400000	1.0
contig_1533	2500000	2600000	2.0
contig_1533	2700000	2800000	1.0
contig_1533	2800000	2900000	1.0
contig_1533	2900000	3000000	5.0
contig_1533	3000000	3100000	1.0
contig_1533	3100000	3200000	2.0
contig_1533	3200000	3300000	4.0
contig_1533	3300000	3400000	2.0
contig_1533	3400000	3500000	5.0
contig_1533	3500000	3600000	1.0
contig_1533	3600000	3700000	4.0
contig_1533	3700000	3800000	3.0
contig_1533	3800000	3900000	4.0
contig_1533	3900000	4000000	7.0
contig_1533	4000000	4100000	4.0
contig_1533	4100000	4200000	1.0
contig_1533	4200000	4300000	1.0
contig_1533	4600000	4700000	2.0
contig_1533	4700000	4800000	3.0
contig_1533	4800000	4900000	2.0
contig_1533	4900000	5000000	3.0
contig_1533	5000000	5100000	1.0
contig_1533	5100000	5200000	3.0
contig_1533	5200000	5300000	4.0
contig_1533	5500000	5600000	1.0
contig_1533	5600000	5700000	2.0
contig_1533	5700000	5800000	1.0
contig_1533	5900000	6000000	1.0
contig_1533	6100000	6200000	2.0
contig_1533	6200000	6300000	5.0
contig_1533	6300000	6400000	2.0
contig_1533	6500000	6600000	1.0
contig_1534	0	100000	2.0
contig_1534	100000	200000	1.0
contig_1534	200000	300000	1.0
contig_1534	300000	400000	2.0
contig_1534	400000	500000	1.0
contig_1534	500000	600000	4.0
contig_1534	600000	700000	3.0
contig_1534	700000	800000	4.0
contig_1534	800000	900000	2.0
contig_1534	900000	1000000	4.0
contig_1534	1000000	1100000	4.0
contig_1534	1200000	1300000	4.0
contig_1534	1400000	1500000	1.0
contig_1534	1700000	1788280	3.0
contig_1535	0	100000	1.0
contig_1535	100000	200000	2.0
contig_1535	200000	220070	1.0
contig_1536	0	100000	10.0
contig_1536	100000	200000	4.0
contig_1536	300000	400000	6.0
contig_1536	400000	500000	7.0
contig_1536	500000	600000	1.0
contig_1536	600000	700000	4.0
contig_1536	700000	800000	1.0
contig_1536	800000	900000	1.0
contig_1536	900000	1000000	1.0
contig_1536	1000000	1100000	5.0
contig_1536	1100000	1200000	2.0
contig_1536	1200000	1300000	1.0
contig_1536	1400000	1418891	3.0
contig_1537	100000	200000	1.0
contig_1537	200000	300000	1.0
contig_1537	300000	400000	5.0
contig_1537	500000	600000	5.0
contig_1537	600000	700000	1.0
contig_1537	800000	900000	1.0
contig_1537	1000000	1100000	2.0
contig_1537	1100000	1200000	1.0
contig_1537	1200000	1300000	2.0
contig_1537	1300000	1400000	4.0
contig_1537	1400000	1500000	1.0
contig_1537	1500000	1600000	3.0
contig_1537	1600000	1700000	8.0
contig_1537	1700000	1800000	3.0
contig_1537	1800000	1900000	1.0
contig_1537	1900000	2000000	1.0
contig_1537	2000000	2100000	1.0
contig_1537	2100000	2200000	1.0
contig_1537	2200000	2300000	1.0
contig_1537	2300000	2400000	2.0
contig_1537	2400000	2500000	1.0
contig_1537	2500000	2600000	7.0
contig_1537	2600000	2700000	1.0
contig_1537	2700000	2750843	1.0
contig_1539	300000	400000	2.0
contig_1539	500000	600000	1.0
contig_1539	700000	800000	4.0
contig_1539	1000000	1100000	1.0
contig_1539	1100000	1166398	2.0
contig_1540	0	100000	1.0
contig_1540	100000	200000	3.0
contig_1540	200000	300000	5.0
contig_1540	300000	400000	5.0
contig_1540	400000	500000	3.0
contig_1540	500000	600000	1.0
contig_1540	600000	700000	2.0
contig_1540	700000	800000	4.0
contig_1540	800000	900000	1.0
contig_1540	900000	1000000	4.0
contig_1540	1000000	1100000	1.0
contig_1540	1500000	1600000	4.0
contig_1540	1600000	1700000	2.0
contig_1540	1700000	1800000	3.0
contig_1540	2000000	2100000	1.0
contig_1540	2200000	2300000	4.0
contig_1540	2300000	2400000	1.0
contig_1540	2400000	2500000	2.0
contig_1540	2500000	2600000	3.0
contig_1540	2600000	2700000	6.0
contig_1540	2700000	2800000	6.0
contig_1540	2800000	2900000	8.0
contig_1540	2900000	3000000	1.0
contig_1540	3000000	3100000	3.0
contig_1540	3100000	3200000	2.0
contig_1540	3200000	3300000	1.0
contig_1540	3300000	3400000	1.0
contig_1540	3400000	3500000	4.0
contig_1540	3500000	3600000	3.0
contig_1540	3600000	3700000	1.0
contig_1540	3700000	3800000	1.0
contig_1540	3800000	3900000	1.0
contig_1540	4000000	4100000	2.0
contig_1540	4100000	4200000	1.0
contig_1540	4200000	4300000	3.0
contig_1540	4300000	4400000	3.0
contig_1540	4400000	4500000	4.0
contig_1540	4500000	4600000	2.0
contig_1540	4600000	4700000	4.0
contig_1540	4700000	4800000	1.0
contig_1540	4800000	4900000	18.0
contig_1540	4900000	5000000	2.0
contig_1540	5000000	5100000	6.0
contig_1540	5100000	5200000	2.0
contig_1540	5200000	5300000	1.0
contig_1540	5300000	5400000	11.0
contig_1540	5400000	5500000	5.0
contig_1541	0	100000	2.0
contig_1541	200000	300000	3.0
contig_1542	0	100000	2.0
contig_1542	100000	200000	6.0
contig_1542	300000	400000	4.0
contig_1542	400000	500000	1.0
contig_1542	500000	600000	1.0
contig_1542	600000	700000	1.0
contig_1542	1100000	1200000	1.0
contig_1542	1200000	1300000	1.0
contig_1542	1400000	1427722	3.0
contig_1543	0	100000	3.0
contig_1543	100000	199467	5.0
contig_1544	0	100000	2.0
contig_1544	100000	130576	1.0
contig_1545	0	100000	2.0
contig_1545	100000	200000	1.0
contig_1545	400000	500000	2.0
contig_1545	500000	600000	3.0
contig_1545	600000	700000	3.0
contig_1545	700000	800000	1.0
contig_1545	800000	900000	1.0
contig_1545	900000	1000000	2.0
contig_1545	1000000	1100000	1.0
contig_1545	1100000	1200000	2.0
contig_1545	1200000	1300000	6.0
contig_1545	1300000	1400000	1.0
contig_1545	1400000	1500000	5.0
contig_1545	1500000	1600000	3.0
contig_1545	1600000	1700000	1.0
contig_1545	1700000	1800000	3.0
contig_1545	1900000	2000000	2.0
contig_1545	2000000	2100000	1.0
contig_1545	2100000	2200000	4.0
contig_1545	2200000	2300000	1.0
contig_1545	2300000	2400000	6.0
contig_1545	2400000	2500000	2.0
contig_1545	2500000	2600000	1.0
contig_1545	2600000	2700000	3.0
contig_1545	2700000	2800000	8.0
contig_1545	2800000	2900000	1.0
contig_1545	2900000	2963683	4.0
contig_1546	0	100000	3.0
contig_1546	100000	200000	1.0
contig_1546	200000	300000	3.0
contig_1546	300000	344295	2.0
contig_1547	0	100000	2.0
contig_1547	100000	200000	1.0
contig_1547	200000	300000	1.0
contig_1547	300000	382269	1.0
contig_1548	100000	200000	3.0
contig_1548	200000	300000	3.0
contig_1548	300000	400000	2.0
contig_1548	500000	600000	4.0
contig_1548	600000	700000	2.0
contig_1548	800000	900000	2.0
contig_1548	900000	1000000	4.0
contig_1548	1000000	1100000	3.0
contig_1548	1100000	1200000	1.0
contig_1548	1400000	1500000	1.0
contig_1548	1500000	1600000	3.0
contig_1548	1600000	1700000	3.0
contig_1548	1700000	1800000	4.0
contig_1548	1800000	1900000	3.0
contig_1549	0	100000	2.0
contig_1549	100000	152485	1.0
contig_1550	0	100000	4.0
contig_1550	100000	200000	2.0
contig_1550	200000	300000	3.0
contig_1550	300000	400000	5.0
contig_1550	400000	500000	5.0
contig_1550	500000	600000	2.0
contig_1550	600000	700000	6.0
contig_1550	700000	800000	1.0
contig_1550	800000	900000	1.0
contig_1550	1000000	1100000	1.0
contig_1550	1300000	1400000	3.0
contig_1550	1400000	1500000	1.0
contig_1550	1500000	1600000	1.0
contig_1550	1700000	1781431	1.0
contig_1551	0	100000	1.0
contig_1551	300000	400000	1.0
contig_1551	400000	500000	4.0
contig_1551	500000	600000	2.0
contig_1551	600000	700000	1.0
contig_1551	700000	800000	2.0
contig_1551	900000	1000000	2.0
contig_1551	1000000	1100000	2.0
contig_1551	1100000	1200000	2.0
contig_1551	1200000	1300000	2.0
contig_1551	1300000	1381676	8.0
contig_1552	0	59364	1.0
contig_1553	300000	400000	1.0
contig_1553	400000	500000	1.0
contig_1553	500000	600000	5.0
contig_1553	600000	700000	1.0
contig_1553	700000	800000	1.0
contig_1553	800000	900000	3.0
contig_1553	900000	1000000	4.0
contig_1553	1000000	1100000	1.0
contig_1553	1100000	1200000	1.0
contig_1553	1300000	1400000	1.0
contig_1553	1600000	1667852	1.0
contig_1554	0	100000	2.0
contig_1554	200000	245879	2.0
contig_1555	0	100000	2.0
contig_1555	100000	200000	2.0
contig_1555	200000	300000	5.0
contig_1555	300000	400000	2.0
contig_1555	400000	500000	1.0
contig_1555	500000	600000	3.0
contig_1555	600000	700000	1.0
contig_1555	700000	800000	1.0
contig_1555	800000	900000	5.0
contig_1555	900000	1000000	2.0
contig_1555	1100000	1200000	1.0
contig_1555	1200000	1300000	3.0
contig_1555	1300000	1400000	1.0
contig_1555	1500000	1600000	2.0
contig_1555	1800000	1900000	1.0
contig_1555	1900000	2000000	1.0
contig_1555	2000000	2100000	2.0
contig_1555	2100000	2200000	1.0
contig_1555	2200000	2300000	1.0
contig_1555	2300000	2400000	1.0
contig_1555	2400000	2500000	1.0
contig_1555	2500000	2600000	2.0
contig_1555	2700000	2800000	1.0
contig_1555	2800000	2900000	2.0
contig_1555	2900000	3000000	2.0
contig_1555	3000000	3048338	2.0
contig_1556	0	78968	2.0
contig_1557	100000	179261	3.0
contig_1558	0	100000	2.0
contig_1558	100000	200000	1.0
contig_1558	300000	382900	3.0
contig_1559	0	100000	4.0
contig_1559	100000	200000	4.0
contig_1559	200000	300000	2.0
contig_1559	300000	400000	1.0
contig_1559	400000	500000	7.0
contig_1559	500000	600000	1.0
contig_1559	600000	700000	2.0
contig_1559	700000	800000	1.0
contig_1559	800000	900000	2.0
contig_1559	900000	1000000	2.0
contig_1559	1000000	1100000	2.0
contig_1559	1100000	1200000	4.0
contig_1559	1300000	1400000	2.0
contig_1559	1400000	1500000	1.0
contig_1559	1500000	1600000	1.0
contig_1559	1600000	1700000	1.0
contig_1559	1900000	2000000	1.0
contig_1559	2000000	2100000	3.0
contig_1559	2100000	2200000	2.0
contig_1559	2200000	2225000	2.0
contig_1560	0	100000	2.0
contig_1560	100000	200000	3.0
contig_1560	200000	300000	3.0
contig_1560	300000	400000	2.0
contig_1560	400000	500000	4.0
contig_1560	600000	649190	2.0
contig_1561	0	100000	4.0
contig_1561	100000	104163	2.0
contig_1562	100000	181372	2.0
contig_1563	0	100000	1.0
contig_1564	0	100000	1.0
contig_1564	100000	200000	1.0
contig_1564	200000	254836	1.0
contig_1565	0	100000	1.0
contig_1565	100000	200000	1.0
contig_1565	200000	207961	1.0
contig_1566	0	100000	1.0
contig_1566	100000	200000	1.0
contig_1567	0	38693	2.0
contig_1568	0	100000	1.0
contig_1568	100000	200000	2.0
contig_1568	300000	400000	2.0
contig_1568	400000	500000	4.0
contig_1568	500000	560235	2.0
contig_1569	100000	125405	2.0
contig_1570	0	100000	2.0
contig_1570	100000	200000	3.0
contig_1570	200000	300000	1.0
contig_1570	300000	360754	4.0
contig_1571	0	100000	2.0
contig_1571	100000	200000	3.0
contig_1571	200000	275833	3.0
contig_1572	0	100000	2.0
contig_1572	100000	200000	5.0
contig_1572	200000	236352	1.0
contig_1573	100000	200000	1.0
contig_1573	200000	239262	1.0
contig_1574	0	100000	2.0
contig_1574	100000	200000	1.0
contig_1574	200000	300000	2.0
contig_1574	300000	400000	2.0
contig_1574	400000	500000	3.0
contig_1574	500000	600000	5.0
contig_1574	600000	700000	3.0
contig_1574	700000	800000	2.0
contig_1574	800000	900000	5.0
contig_1574	900000	1000000	3.0
contig_1574	1100000	1200000	3.0
contig_1574	1200000	1300000	1.0
contig_1574	1300000	1400000	1.0
contig_1574	1500000	1600000	1.0
contig_1574	1700000	1800000	1.0
contig_1574	1900000	2000000	1.0
contig_1574	2000000	2100000	2.0
contig_1574	2100000	2200000	1.0
contig_1574	2200000	2300000	4.0
contig_1574	2300000	2400000	2.0
contig_1574	2400000	2500000	6.0
contig_1574	2500000	2600000	3.0
contig_1574	2600000	2700000	1.0
contig_1574	2700000	2800000	2.0
contig_1574	2800000	2900000	3.0
contig_1574	2900000	3000000	6.0
contig_1574	3000000	3100000	3.0
contig_1574	3100000	3200000	4.0
contig_1574	3200000	3300000	2.0
contig_1574	3300000	3400000	2.0
contig_1574	3400000	3500000	1.0
contig_1574	3500000	3600000	1.0
contig_1574	3600000	3700000	3.0
contig_1574	3700000	3800000	1.0
contig_1574	3800000	3900000	1.0
contig_1574	3900000	4000000	6.0
contig_1574	4000000	4100000	3.0
contig_1574	4200000	4300000	2.0
contig_1574	4300000	4400000	3.0
contig_1574	4400000	4500000	4.0
contig_1574	4500000	4600000	2.0
contig_1574	4700000	4800000	1.0
contig_1574	4800000	4900000	3.0
contig_1574	4900000	5000000	1.0
contig_1574	5000000	5100000	3.0
contig_1574	5100000	5200000	7.0
contig_1574	5200000	5300000	3.0
contig_1574	5300000	5400000	2.0
contig_1574	5400000	5500000	1.0
contig_1574	5500000	5600000	5.0
contig_1575	0	100000	1.0
contig_1575	100000	200000	2.0
contig_1575	200000	223795	1.0
contig_1576	0	100000	1.0
contig_1576	100000	152064	3.0
contig_1577	0	89166	3.0
contig_1578	0	100000	3.0
contig_1578	100000	200000	1.0
contig_1578	300000	400000	1.0
contig_1578	600000	700000	2.0
contig_1578	700000	800000	5.0
contig_1578	800000	839462	1.0
contig_1579	0	100000	7.0
contig_1579	100000	101448	1.0
contig_1580	0	100000	1.0
contig_1580	100000	200000	2.0
contig_1580	400000	500000	3.0
contig_1580	500000	600000	2.0
contig_1580	600000	672204	4.0
contig_1581	0	88341	1.0
contig_1582	100000	200000	2.0
contig_1582	200000	300000	2.0
contig_1582	300000	374204	1.0
contig_1583	0	100000	5.0
contig_1583	100000	200000	2.0
contig_1583	200000	300000	2.0
contig_1583	300000	342312	2.0
contig_1584	0	100000	1.0
contig_1584	400000	500000	1.0
contig_1584	500000	600000	1.0
contig_1584	600000	700000	1.0
contig_1584	700000	800000	3.0
contig_1584	800000	900000	1.0
contig_1584	900000	1000000	3.0
contig_1584	1000000	1100000	3.0
contig_1584	1100000	1164364	3.0
contig_1585	0	100000	7.0
contig_1585	100000	200000	2.0
contig_1585	200000	300000	1.0
contig_1585	600000	658977	4.0
contig_1586	0	100000	4.0
contig_1586	100000	200000	6.0
contig_1586	200000	216782	2.0
contig_1587	100000	200000	1.0
contig_1587	200000	300000	1.0
contig_1587	400000	500000	2.0
contig_1587	700000	800000	1.0
contig_1587	900000	1000000	2.0
contig_1587	1000000	1045168	5.0
contig_1588	0	100000	1.0
contig_1588	100000	200000	3.0
contig_1588	200000	281602	4.0
contig_1589	0	100000	1.0
contig_1589	100000	200000	1.0
contig_1589	300000	400000	2.0
contig_1589	400000	436857	3.0
contig_1590	100000	173150	6.0
contig_1591	0	49780	1.0
contig_1592	0	36476	1.0
contig_1593	0	100000	1.0
contig_1593	100000	200000	1.0
contig_1593	200000	300000	1.0
contig_1593	300000	400000	1.0
contig_1593	400000	500000	1.0
contig_1593	500000	594830	1.0
contig_1594	0	100000	2.0
contig_1594	100000	200000	2.0
contig_1594	200000	300000	4.0
contig_1594	300000	400000	2.0
contig_1594	400000	500000	2.0
contig_1594	600000	611929	5.0
contig_1595	0	100000	2.0
contig_1595	100000	132494	2.0
contig_1596	0	96406	3.0
contig_1597	0	100000	3.0
contig_1597	100000	200000	4.0
contig_1597	300000	385422	2.0
contig_1598	100000	200000	1.0
contig_1598	300000	400000	4.0
contig_1598	400000	494821	2.0
contig_1599	0	29787	2.0
contig_1600	0	100000	2.0
contig_1600	100000	200000	1.0
contig_1600	300000	339204	3.0
contig_1601	0	100000	5.0
contig_1601	100000	200000	2.0
contig_1601	200000	290545	3.0
contig_1602	0	100000	2.0
contig_1602	100000	200000	1.0
contig_1602	200000	300000	1.0
contig_1602	300000	400000	3.0
contig_1602	400000	437443	1.0
contig_1603	0	39265	1.0
contig_1604	100000	131763	3.0
contig_1605	0	100000	2.0
contig_1605	100000	200000	3.0
contig_1605	200000	300000	2.0
contig_1605	300000	400000	3.0
contig_1605	400000	500000	4.0
contig_1605	500000	600000	1.0
contig_1605	600000	700000	1.0
contig_1605	700000	800000	2.0
contig_1605	800000	900000	1.0
contig_1605	900000	1000000	2.0
contig_1605	1100000	1200000	1.0
contig_1605	1200000	1300000	2.0
contig_1605	1300000	1349596	2.0
contig_1606	0	100000	1.0
contig_1606	100000	200000	2.0
contig_1606	200000	223234	3.0
contig_1607	0	100000	4.0
contig_1607	100000	183593	3.0
contig_1608	0	100000	3.0
contig_1608	100000	200000	5.0
contig_1608	300000	348241	2.0
contig_1609	0	100000	1.0
contig_1609	100000	200000	2.0
contig_1609	300000	400000	2.0
contig_1609	400000	500000	3.0
contig_1609	600000	700000	1.0
contig_1609	800000	900000	2.0
contig_1609	900000	1000000	4.0
contig_1609	1000000	1100000	1.0
contig_1609	1100000	1200000	1.0
contig_1609	1200000	1300000	2.0
contig_1609	1300000	1400000	1.0
contig_1609	1400000	1462447	2.0
contig_1610	0	100000	5.0
contig_1610	100000	152495	2.0
contig_1611	0	100000	1.0
contig_1611	100000	200000	1.0
contig_1611	200000	300000	1.0
contig_1611	300000	400000	9.0
contig_1611	400000	500000	1.0
contig_1611	500000	600000	1.0
contig_1611	600000	700000	4.0
contig_1611	700000	800000	2.0
contig_1611	900000	1000000	5.0
contig_1611	1000000	1100000	2.0
contig_1611	1100000	1200000	6.0
contig_1611	1200000	1300000	3.0
contig_1611	1300000	1400000	2.0
contig_1611	1400000	1500000	1.0
contig_1611	1600000	1700000	1.0
contig_1611	1700000	1800000	4.0
contig_1611	1800000	1900000	2.0
contig_1611	1900000	2000000	7.0
contig_1611	2000000	2100000	2.0
contig_1611	2100000	2200000	2.0
contig_1611	2200000	2300000	3.0
contig_1611	2300000	2400000	5.0
contig_1611	2400000	2500000	3.0
contig_1611	2500000	2600000	1.0
contig_1611	2600000	2700000	1.0
contig_1611	2700000	2800000	2.0
contig_1611	2800000	2900000	3.0
contig_1611	2900000	3000000	1.0
contig_1611	3000000	3100000	5.0
contig_1611	3200000	3300000	3.0
contig_1611	3300000	3400000	5.0
contig_1611	3400000	3500000	1.0
contig_1611	3600000	3700000	3.0
contig_1611	3800000	3900000	4.0
contig_1611	3900000	4000000	7.0
contig_1611	4100000	4200000	2.0
contig_1611	4200000	4300000	4.0
contig_1611	4300000	4400000	1.0
contig_1611	4400000	4500000	5.0
contig_1611	4500000	4600000	3.0
contig_1611	4600000	4700000	2.0
contig_1611	4700000	4743698	2.0
contig_1612	0	100000	1.0
contig_1612	100000	200000	1.0
contig_1612	300000	311267	1.0
contig_1613	0	100000	1.0
contig_1613	100000	200000	2.0
contig_1613	200000	295649	1.0
contig_1614	0	100000	7.0
contig_1614	100000	200000	4.0
contig_1614	200000	300000	2.0
contig_1614	300000	341610	1.0
contig_1616	200000	222008	3.0
contig_1617	100000	139963	1.0
contig_1618	0	100000	2.0
contig_1618	100000	200000	6.0
contig_1618	200000	219542	2.0
contig_1619	0	92708	1.0
contig_1620	0	100000	1.0
contig_1620	100000	200000	1.0
contig_1620	200000	300000	2.0
contig_1620	300000	303027	1.0
contig_1621	0	100000	2.0
contig_1622	0	100000	4.0
contig_1622	100000	130381	4.0
contig_1623	0	100000	2.0
contig_1623	100000	200000	2.0
contig_1623	200000	300000	3.0
contig_1623	300000	356186	2.0
contig_1624	0	100000	2.0
contig_1624	100000	198266	1.0
contig_1625	0	100000	3.0
contig_1625	100000	200000	4.0
contig_1625	200000	300000	2.0
contig_1625	300000	400000	5.0
contig_1625	400000	500000	2.0
contig_1625	500000	502921	3.0
contig_1626	100000	200000	4.0
contig_1626	200000	233886	2.0
contig_1627	0	100000	1.0
contig_1627	100000	200000	2.0
contig_1627	200000	300000	4.0
contig_1627	300000	400000	1.0
contig_1627	400000	500000	1.0
contig_1627	500000	600000	1.0
contig_1627	600000	700000	2.0
contig_1627	700000	800000	1.0
contig_1627	800000	900000	3.0
contig_1627	1100000	1200000	3.0
contig_1627	1200000	1300000	5.0
contig_1627	1400000	1445200	1.0
contig_1628	0	100000	3.0
contig_1628	100000	200000	2.0
contig_1628	200000	300000	2.0
contig_1628	400000	500000	1.0
contig_1628	500000	600000	2.0
contig_1628	600000	609902	3.0
contig_1629	0	100000	4.0
contig_1629	100000	103025	2.0
contig_1630	0	100000	1.0
contig_1630	100000	200000	2.0
contig_1630	200000	300000	1.0
contig_1630	300000	400000	1.0
contig_1630	400000	403657	1.0
contig_1631	0	100000	3.0
contig_1631	100000	170585	3.0
contig_1632	0	74336	1.0
contig_1633	0	100000	6.0
contig_1633	100000	180296	1.0
contig_1634	0	100000	1.0
contig_1634	100000	200000	2.0
contig_1634	200000	237324	1.0
contig_1635	0	100000	5.0
contig_1635	100000	143704	1.0
contig_1636	0	100000	1.0
contig_1636	100000	200000	1.0
contig_1636	200000	300000	4.0
contig_1636	300000	318359	1.0
contig_1637	0	100000	5.0
contig_1637	100000	200000	7.0
contig_1637	200000	300000	4.0
contig_1637	300000	400000	3.0
contig_1637	400000	500000	4.0
contig_1637	700000	800000	1.0
contig_1637	800000	900000	1.0
contig_1637	900000	1000000	1.0
contig_1637	1200000	1300000	3.0
contig_1637	1300000	1400000	1.0
contig_1638	0	100000	5.0
contig_1638	100000	111708	1.0
contig_1639	0	100000	5.0
contig_1639	100000	200000	1.0
contig_1639	200000	229406	2.0
contig_1640	0	100000	7.0
contig_1640	100000	175805	1.0
contig_1641	0	100000	2.0
contig_1641	100000	138646	3.0
contig_1642	0	100000	1.0
contig_1642	100000	200000	1.0
contig_1642	300000	400000	1.0
contig_1642	500000	600000	2.0
contig_1642	900000	990156	1.0
contig_1643	0	100000	3.0
contig_1643	100000	200000	2.0
contig_1643	200000	300000	1.0
contig_1643	300000	400000	2.0
contig_1643	400000	500000	1.0
contig_1643	500000	600000	8.0
contig_1643	600000	700000	1.0
contig_1643	700000	800000	1.0
contig_1643	800000	885956	1.0
contig_1644	0	56310	1.0
contig_1645	0	100000	3.0
contig_1645	100000	200000	4.0
contig_1645	200000	280275	3.0
contig_1646	0	100000	1.0
contig_1646	100000	200000	2.0
contig_1647	100000	200000	4.0
contig_1647	300000	400000	2.0
contig_1647	400000	422239	1.0
contig_1648	100000	107312	1.0
contig_1649	0	100000	3.0
contig_1649	100000	200000	2.0
contig_1649	200000	240468	1.0
contig_1650	0	100000	1.0
contig_1650	100000	200000	2.0
contig_1650	200000	234209	3.0
contig_1651	100000	200000	1.0
contig_1651	200000	300000	4.0
contig_1651	300000	386539	1.0
contig_1652	0	100000	1.0
contig_1652	100000	200000	9.0
contig_1652	300000	379399	2.0
contig_1653	0	100000	3.0
contig_1653	100000	200000	5.0
contig_1653	200000	300000	3.0
contig_1653	300000	400000	1.0
contig_1653	400000	500000	4.0
contig_1653	500000	600000	2.0
contig_1653	600000	700000	1.0
contig_1653	700000	800000	4.0
contig_1653	800000	900000	2.0
contig_1653	900000	1000000	1.0
contig_1653	1000000	1100000	1.0
contig_1653	1200000	1239448	1.0
contig_1654	0	100000	2.0
contig_1654	300000	400000	2.0
contig_1654	400000	500000	4.0
contig_1654	500000	506293	1.0
contig_1655	0	100000	1.0
contig_1655	100000	189745	2.0
contig_1656	0	100000	4.0
contig_1656	100000	167567	5.0
contig_1657	0	74701	9.0
contig_1658	100000	108276	1.0
contig_1659	0	100000	1.0
contig_1659	100000	200000	2.0
contig_1659	300000	400000	6.0
contig_1659	500000	600000	6.0
contig_1659	600000	700000	1.0
contig_1659	700000	800000	2.0
contig_1659	800000	810629	1.0
contig_1660	0	100000	1.0
contig_1660	100000	200000	3.0
contig_1660	200000	300000	2.0
contig_1660	300000	400000	2.0
contig_1660	400000	500000	1.0
contig_1660	500000	600000	4.0
contig_1660	600000	700000	4.0
contig_1660	700000	800000	4.0
contig_1660	800000	900000	1.0
contig_1660	900000	1000000	3.0
contig_1660	1000000	1100000	4.0
contig_1660	1100000	1137397	1.0
contig_1661	0	100000	3.0
contig_1661	100000	200000	3.0
contig_1661	200000	284806	6.0
contig_1662	0	68956	3.0
contig_1663	100000	200000	1.0
contig_1663	200000	300000	1.0
contig_1663	300000	400000	2.0
contig_1663	400000	500000	2.0
contig_1663	500000	547664	3.0
contig_1664	0	100000	8.0
contig_1664	100000	200000	7.0
contig_1665	0	100000	2.0
contig_1665	100000	200000	1.0
contig_1665	200000	260738	4.0
contig_1666	0	100000	1.0
contig_1666	100000	130227	2.0
contig_1667	0	11883	1.0
contig_1668	0	100000	1.0
contig_1668	100000	200000	5.0
contig_1668	200000	300000	1.0
contig_1668	300000	400000	4.0
contig_1668	400000	500000	4.0
contig_1668	600000	700000	2.0
contig_1668	700000	800000	1.0
contig_1668	800000	864032	1.0
contig_1669	0	100000	2.0
contig_1669	100000	200000	1.0
contig_1669	200000	300000	6.0
contig_1669	300000	400000	3.0
contig_1669	400000	428053	2.0
contig_1670	0	86965	5.0
contig_1671	0	100000	13.0
contig_1671	100000	200000	17.0
contig_1671	200000	300000	12.0
contig_1671	300000	334347	2.0
contig_1672	0	100000	1.0
contig_1672	100000	200000	2.0
contig_1672	200000	298595	2.0
contig_1673	0	100000	1.0
contig_1673	100000	200000	2.0
contig_1673	200000	300000	1.0
contig_1673	300000	400000	4.0
contig_1673	400000	500000	2.0
contig_1673	500000	555750	1.0
contig_1674	0	100000	2.0
contig_1674	100000	200000	2.0
contig_1674	200000	299652	4.0
contig_1675	200000	300000	1.0
contig_1675	300000	400000	5.0
contig_1675	400000	500000	1.0
contig_1675	500000	589241	1.0
contig_1676	0	100000	3.0
contig_1676	100000	200000	4.0
contig_1676	200000	300000	1.0
contig_1676	300000	400000	4.0
contig_1676	400000	459303	2.0
contig_1677	100000	200000	2.0
contig_1677	200000	300000	2.0
contig_1677	300000	400000	1.0
contig_1677	400000	500000	1.0
contig_1677	500000	600000	2.0
contig_1677	600000	700000	1.0
contig_1677	700000	800000	2.0
contig_1677	800000	900000	7.0
contig_1677	900000	1000000	1.0
contig_1677	1000000	1100000	2.0
contig_1677	1100000	1200000	2.0
contig_1677	1200000	1300000	6.0
contig_1677	1300000	1400000	3.0
contig_1677	1400000	1408337	1.0
contig_1678	0	100000	5.0
contig_1678	100000	200000	1.0
contig_1678	300000	400000	3.0
contig_1678	400000	500000	3.0
contig_1678	500000	600000	2.0
contig_1678	600000	700000	1.0
contig_1678	700000	800000	1.0
contig_1678	800000	900000	4.0
contig_1678	900000	1000000	2.0
contig_1678	1000000	1100000	5.0
contig_1678	1100000	1200000	4.0
contig_1678	1200000	1300000	3.0
contig_1678	1300000	1400000	4.0
contig_1678	1400000	1500000	1.0
contig_1678	1500000	1600000	6.0
contig_1678	1600000	1700000	1.0
contig_1678	1700000	1800000	4.0
contig_1678	1800000	1900000	2.0
contig_1678	1900000	1923097	1.0
contig_1679	0	100000	2.0
contig_1679	100000	200000	2.0
contig_1679	200000	300000	1.0
contig_1679	300000	400000	4.0
contig_1679	400000	451958	2.0
contig_1680	0	100000	3.0
contig_1680	100000	200000	2.0
contig_1680	200000	300000	3.0
contig_1680	300000	400000	1.0
contig_1680	400000	493302	3.0
contig_1681	100000	141853	1.0
contig_1682	0	100000	4.0
contig_1682	100000	200000	7.0
contig_1682	200000	300000	1.0
contig_1682	400000	484781	3.0
contig_1683	0	100000	2.0
contig_1683	100000	172691	2.0
contig_1684	0	100000	4.0
contig_1684	100000	200000	1.0
contig_1685	0	100000	7.0
contig_1685	100000	200000	1.0
contig_1686	300000	400000	2.0
contig_1686	400000	500000	2.0
contig_1686	600000	676844	4.0
contig_1687	0	100000	6.0
contig_1687	100000	200000	2.0
contig_1688	0	100000	4.0
contig_1688	100000	200000	1.0
contig_1688	200000	259400	2.0
contig_1689	0	100000	1.0
contig_1689	100000	200000	2.0
contig_1689	200000	300000	2.0
contig_1689	300000	313948	1.0
contig_1690	0	52156	4.0
contig_1691	100000	128561	1.0
contig_1692	500000	600000	1.0
contig_1692	600000	615266	1.0
contig_1693	0	100000	4.0
contig_1693	100000	200000	2.0
contig_1693	300000	400000	3.0
contig_1693	400000	500000	2.0
contig_1693	500000	530693	1.0
contig_1694	0	100000	2.0
contig_1694	100000	200000	3.0
contig_1694	200000	300000	2.0
contig_1694	300000	400000	3.0
contig_1694	400000	500000	2.0
contig_1694	500000	600000	4.0
contig_1694	600000	700000	1.0
contig_1694	700000	800000	2.0
contig_1694	800000	900000	7.0
contig_1694	900000	1000000	2.0
contig_1694	1000000	1027266	2.0
contig_1695	0	2207	1.0
contig_1696	0	100000	5.0
contig_1696	100000	200000	1.0
contig_1696	200000	226789	2.0
contig_1697	0	100000	1.0
contig_1697	100000	197344	5.0
contig_1698	200000	275801	1.0
contig_1699	0	100000	3.0
contig_1699	200000	300000	1.0
contig_1699	300000	400000	1.0
contig_1699	400000	442140	2.0
contig_1700	0	100000	1.0
contig_1700	100000	200000	1.0
contig_1700	200000	300000	1.0
contig_1700	400000	500000	2.0
contig_1700	500000	600000	2.0
contig_1700	700000	800000	1.0
contig_1701	0	70018	2.0
contig_1702	100000	200000	2.0
contig_1702	200000	300000	2.0
contig_1702	300000	400000	3.0
contig_1702	400000	493419	2.0
contig_1703	0	100000	1.0
contig_1703	100000	200000	1.0
contig_1703	200000	300000	2.0
contig_1703	300000	400000	2.0
contig_1703	400000	500000	1.0
contig_1703	500000	532767	3.0
contig_1704	100000	136286	1.0
contig_1705	0	100000	1.0
contig_1705	400000	500000	1.0
contig_1705	600000	700000	1.0
contig_1705	700000	800000	1.0
contig_1705	800000	900000	2.0
contig_1705	900000	966066	4.0
contig_1706	0	100000	1.0
contig_1706	100000	126971	1.0
contig_1707	0	100000	4.0
contig_1707	100000	177081	3.0
contig_1708	0	100000	2.0
contig_1708	200000	266847	2.0
contig_1709	0	100000	4.0
contig_1709	100000	133671	1.0
contig_1710	0	100000	2.0
contig_1710	100000	200000	3.0
contig_1710	200000	300000	3.0
contig_1710	300000	400000	6.0
contig_1710	400000	476552	3.0
contig_1711	100000	200000	9.0
contig_1711	200000	300000	4.0
contig_1711	300000	377700	2.0
contig_1712	0	100000	3.0
contig_1712	100000	200000	2.0
contig_1712	200000	300000	1.0
contig_1712	300000	400000	3.0
contig_1712	400000	500000	4.0
contig_1712	500000	600000	3.0
contig_1712	600000	669460	3.0
contig_1713	0	100000	2.0
contig_1713	100000	200000	3.0
contig_1713	200000	300000	2.0
contig_1713	300000	396181	3.0
contig_1714	0	100000	3.0
contig_1714	100000	110483	1.0
contig_1715	0	100000	1.0
contig_1715	100000	200000	2.0
contig_1715	200000	257846	3.0
contig_1716	0	100000	4.0
contig_1716	100000	200000	8.0
contig_1716	200000	300000	5.0
contig_1716	300000	400000	7.0
contig_1716	400000	500000	1.0
contig_1716	500000	600000	3.0
contig_1716	600000	700000	4.0
contig_1716	700000	800000	2.0
contig_1716	900000	1000000	1.0
contig_1716	1000000	1100000	3.0
contig_1716	1100000	1200000	1.0
contig_1716	1200000	1235869	3.0
contig_1717	0	100000	1.0
contig_1717	100000	200000	3.0
contig_1717	200000	300000	3.0
contig_1717	300000	400000	4.0
contig_1717	400000	500000	3.0
contig_1717	500000	600000	4.0
contig_1717	600000	700000	3.0
contig_1717	700000	800000	1.0
contig_1717	800000	900000	2.0
contig_1717	900000	1000000	1.0
contig_1717	1000000	1100000	3.0
contig_1717	1100000	1158567	5.0
contig_1718	0	100000	3.0
contig_1718	100000	200000	8.0
contig_1718	200000	300000	5.0
contig_1718	400000	413989	1.0
contig_1719	0	100000	1.0
contig_1719	100000	200000	2.0
contig_1719	200000	300000	1.0
contig_1719	300000	400000	1.0
contig_1719	500000	600000	2.0
contig_1719	600000	700000	3.0
contig_1719	700000	800000	3.0
contig_1719	800000	900000	4.0
contig_1719	900000	1000000	2.0
contig_1719	1000000	1100000	1.0
contig_1719	1100000	1200000	2.0
contig_1719	1200000	1293814	3.0
contig_1720	0	100000	4.0
contig_1720	100000	200000	5.0
contig_1721	0	100000	4.0
contig_1721	100000	138384	3.0
contig_1722	0	100000	3.0
contig_1722	100000	176378	1.0
contig_1723	0	100000	1.0
contig_1723	100000	200000	3.0
contig_1723	200000	300000	3.0
contig_1723	300000	357143	2.0
contig_1724	0	46975	1.0
contig_1725	0	100000	1.0
contig_1725	100000	200000	3.0
contig_1725	200000	214895	1.0
contig_1726	0	100000	3.0
contig_1726	100000	200000	5.0
contig_1726	300000	400000	1.0
contig_1726	600000	684045	1.0
contig_1727	0	100000	4.0
contig_1727	100000	200000	1.0
contig_1727	300000	400000	6.0
contig_1727	400000	403791	2.0
contig_1728	0	97455	3.0
contig_1729	0	100000	2.0
contig_1729	100000	200000	1.0
contig_1729	200000	300000	2.0
contig_1729	300000	366771	6.0
contig_1730	0	100000	1.0
contig_1730	100000	200000	4.0
contig_1730	200000	300000	1.0
contig_1730	500000	600000	2.0
contig_1730	600000	700000	1.0
contig_1730	700000	800000	2.0
contig_1730	800000	900000	2.0
contig_1730	900000	1000000	4.0
contig_1730	1000000	1050488	4.0
contig_1731	0	100000	1.0
contig_1731	100000	200000	1.0
contig_1731	200000	238528	1.0
contig_1732	200000	300000	4.0
contig_1732	400000	500000	3.0
contig_1732	500000	600000	1.0
contig_1732	600000	700000	2.0
contig_1732	700000	800000	6.0
contig_1732	800000	900000	9.0
contig_1732	900000	1000000	3.0
contig_1732	1000000	1100000	1.0
contig_1732	1100000	1200000	2.0
contig_1732	1200000	1298326	4.0
contig_1733	0	100000	2.0
contig_1733	100000	200000	4.0
contig_1733	200000	300000	2.0
contig_1733	300000	393994	1.0
contig_1734	0	100000	1.0
contig_1734	100000	200000	5.0
contig_1734	300000	311914	1.0
contig_1735	0	100000	1.0
contig_1735	100000	167081	5.0
contig_1736	0	100000	2.0
contig_1736	100000	200000	3.0
contig_1736	300000	400000	3.0
contig_1736	400000	500000	5.0
contig_1736	500000	600000	5.0
contig_1736	600000	700000	1.0
contig_1736	700000	800000	1.0
contig_1736	800000	807713	1.0
contig_1737	0	100000	2.0
contig_1737	100000	200000	1.0
contig_1737	300000	400000	1.0
contig_1737	400000	500000	1.0
contig_1737	500000	528826	1.0
contig_1738	0	100000	5.0
contig_1738	100000	200000	1.0
contig_1738	200000	254360	1.0
contig_1739	100000	200000	1.0
contig_1739	300000	382314	1.0
contig_1740	0	100000	2.0
contig_1740	100000	200000	1.0
contig_1740	200000	300000	1.0
contig_1740	300000	400000	7.0
contig_1740	500000	600000	1.0
contig_1740	800000	900000	1.0
contig_1740	900000	1000000	2.0
contig_1740	1000000	1100000	2.0
contig_1740	1100000	1200000	6.0
contig_1740	1300000	1400000	3.0
contig_1740	1400000	1500000	7.0
contig_1740	1500000	1600000	7.0
contig_1740	1600000	1688554	7.0
contig_1741	0	100000	3.0
contig_1741	100000	200000	2.0
contig_1741	200000	300000	4.0
contig_1741	600000	700000	1.0
contig_1741	900000	1000000	4.0
contig_1741	1000000	1011315	2.0
contig_1742	0	100000	1.0
contig_1742	100000	150294	1.0
contig_1743	0	45989	1.0
contig_1744	0	100000	3.0
contig_1744	200000	300000	6.0
contig_1744	300000	400000	3.0
contig_1744	400000	500000	5.0
contig_1744	500000	600000	3.0
contig_1744	600000	654424	1.0
contig_1746	0	100000	3.0
contig_1746	100000	200000	1.0
contig_1746	200000	280729	5.0
contig_1747	0	100000	6.0
contig_1747	100000	200000	1.0
contig_1747	200000	300000	1.0
contig_1747	300000	400000	1.0
contig_1747	400000	500000	1.0
contig_1747	500000	600000	2.0
contig_1747	600000	645673	2.0
contig_1748	0	94196	1.0
contig_1749	0	100000	4.0
contig_1749	100000	200000	7.0
contig_1749	200000	300000	1.0
contig_1749	300000	400000	11.0
contig_1749	400000	500000	7.0
contig_1749	500000	547919	2.0
contig_1750	0	100000	1.0
contig_1750	100000	200000	6.0
contig_1750	300000	400000	4.0
contig_1750	400000	500000	6.0
contig_1750	500000	600000	2.0
contig_1750	600000	700000	3.0
contig_1750	700000	800000	4.0
contig_1750	800000	900000	5.0
contig_1750	900000	1000000	1.0
contig_1750	1000000	1100000	1.0
contig_1750	1100000	1200000	1.0
contig_1750	1200000	1300000	3.0
contig_1750	1300000	1400000	2.0
contig_1750	1400000	1500000	4.0
contig_1750	1500000	1600000	4.0
contig_1750	1600000	1700000	1.0
contig_1750	1700000	1800000	2.0
contig_1750	1800000	1900000	4.0
contig_1750	1900000	2000000	1.0
contig_1750	2000000	2056227	3.0
contig_1751	0	100000	5.0
contig_1751	100000	200000	2.0
contig_1751	200000	300000	3.0
contig_1751	300000	400000	1.0
contig_1751	400000	451912	2.0
contig_1752	0	100000	4.0
contig_1752	100000	133196	4.0
contig_1753	0	100000	10.0
contig_1753	100000	200000	3.0
contig_1753	200000	289212	3.0
contig_1754	0	58531	7.0
contig_1755	100000	200000	2.0
contig_1755	200000	258379	3.0
contig_1756	100000	200000	2.0
contig_1756	200000	300000	2.0
contig_1756	300000	400000	2.0
contig_1756	400000	500000	3.0
contig_1756	500000	600000	1.0
contig_1757	0	100000	2.0
contig_1757	100000	200000	5.0
contig_1757	200000	300000	3.0
contig_1757	300000	400000	4.0
contig_1757	400000	500000	5.0
contig_1757	500000	600000	4.0
contig_1757	600000	700000	1.0
contig_1757	800000	900000	1.0
contig_1757	900000	1000000	4.0
contig_1757	1000000	1100000	3.0
contig_1757	1100000	1200000	4.0
contig_1757	1200000	1292383	3.0
contig_1758	0	100000	4.0
contig_1758	100000	200000	4.0
contig_1758	200000	300000	1.0
contig_1758	300000	400000	4.0
contig_1758	500000	541811	1.0
contig_1759	0	100000	7.0
contig_1759	100000	200000	6.0
contig_1759	200000	300000	1.0
contig_1759	300000	310971	1.0
contig_1760	0	100000	6.0
contig_1760	100000	191577	6.0
contig_1761	0	100000	2.0
contig_1761	100000	182659	4.0
contig_1762	0	100000	1.0
contig_1762	100000	200000	2.0
contig_1762	200000	275465	1.0
contig_1763	0	100000	8.0
contig_1763	100000	200000	1.0
contig_1763	200000	300000	3.0
contig_1763	300000	400000	7.0
contig_1763	400000	500000	5.0
contig_1763	500000	600000	2.0
contig_1763	600000	700000	1.0
contig_1763	700000	800000	5.0
contig_1763	900000	1000000	4.0
contig_1763	1000000	1100000	5.0
contig_1763	1100000	1196749	6.0
contig_1764	0	100000	7.0
contig_1764	100000	187741	6.0
contig_1765	0	100000	1.0
contig_1765	100000	171425	1.0
contig_1766	0	100000	1.0
contig_1766	100000	200000	3.0
contig_1766	200000	300000	2.0
contig_1766	300000	306774	2.0
contig_1767	0	100000	5.0
contig_1767	100000	200000	1.0
contig_1767	200000	300000	1.0
contig_1767	300000	400000	3.0
contig_1767	400000	500000	2.0
contig_1767	500000	600000	3.0
contig_1767	600000	677215	1.0
contig_1768	0	100000	1.0
contig_1768	100000	141118	3.0
contig_1769	0	100000	3.0
contig_1769	100000	134925	1.0
contig_1770	0	100000	1.0
contig_1770	200000	300000	1.0
contig_1771	0	32334	2.0
contig_1772	0	100000	8.0
contig_1772	100000	172695	3.0
contig_1773	0	100000	4.0
contig_1773	100000	200000	2.0
contig_1773	200000	299447	2.0
contig_1774	0	100000	3.0
contig_1774	100000	107857	3.0
contig_1775	0	100000	1.0
contig_1775	100000	200000	2.0
contig_1775	200000	248829	6.0
contig_1776	0	100000	3.0
contig_1776	100000	107722	1.0
contig_1777	0	100000	2.0
contig_1777	100000	200000	1.0
contig_1777	300000	400000	2.0
contig_1777	400000	439296	3.0
contig_1778	0	100000	2.0
contig_1778	100000	200000	6.0
contig_1778	200000	300000	4.0
contig_1778	300000	400000	3.0
contig_1778	400000	494879	3.0
contig_1779	0	78027	4.0
contig_1780	0	48496	4.0
contig_1781	0	100000	3.0
contig_1781	100000	200000	3.0
contig_1781	200000	297945	4.0
contig_1782	0	100000	1.0
contig_1782	100000	200000	1.0
contig_1782	200000	300000	2.0
contig_1782	400000	500000	1.0
contig_1782	600000	700000	2.0
contig_1782	700000	800000	3.0
contig_1782	800000	900000	2.0
contig_1782	900000	1000000	3.0
contig_1782	1000000	1100000	2.0
contig_1782	1100000	1200000	3.0
contig_1782	1200000	1300000	2.0
contig_1782	1300000	1400000	4.0
contig_1782	1400000	1500000	4.0
contig_1782	1500000	1567085	3.0
contig_1783	0	100000	1.0
contig_1783	100000	200000	2.0
contig_1783	200000	300000	3.0
contig_1783	300000	400000	2.0
contig_1783	400000	475703	1.0
contig_1784	0	100000	2.0
contig_1784	200000	300000	3.0
contig_1784	300000	400000	3.0
contig_1784	400000	500000	2.0
contig_1784	500000	600000	2.0
contig_1784	600000	700000	3.0
contig_1784	700000	800000	5.0
contig_1784	800000	839929	1.0
contig_1785	0	100000	3.0
contig_1785	100000	200000	5.0
contig_1785	200000	245673	1.0
contig_1786	0	100000	1.0
contig_1786	100000	200000	2.0
contig_1786	300000	400000	1.0
contig_1787	0	100000	1.0
contig_1787	100000	200000	4.0
contig_1787	200000	300000	2.0
contig_1787	300000	354433	1.0
contig_1788	0	100000	1.0
contig_1788	200000	300000	2.0
contig_1788	300000	400000	6.0
contig_1788	400000	487672	1.0
contig_1789	0	100000	13.0
contig_1789	100000	200000	8.0
contig_1789	500000	600000	1.0
contig_1789	900000	1000000	1.0
contig_1789	1000000	1100000	3.0
contig_1789	1100000	1200000	3.0
contig_1789	1200000	1300000	5.0
contig_1789	1300000	1400000	3.0
contig_1789	1400000	1500000	1.0
contig_1789	1500000	1570975	5.0
contig_1790	0	100000	3.0
contig_1790	100000	200000	1.0
contig_1790	200000	300000	2.0
contig_1790	300000	400000	4.0
contig_1790	400000	500000	6.0
contig_1790	500000	600000	5.0
contig_1790	600000	700000	2.0
contig_1790	700000	800000	1.0
contig_1790	800000	900000	3.0
contig_1790	900000	1000000	3.0
contig_1790	1000000	1100000	2.0
contig_1790	1100000	1200000	4.0
contig_1790	1200000	1300000	3.0
contig_1790	1300000	1400000	1.0
contig_1790	1400000	1500000	1.0
contig_1790	1700000	1800000	1.0
contig_1790	1900000	2000000	5.0
contig_1790	2300000	2400000	5.0
contig_1790	2400000	2500000	1.0
contig_1790	2500000	2600000	2.0
contig_1790	2600000	2700000	1.0
contig_1790	2700000	2800000	1.0
contig_1790	2900000	2992168	1.0
contig_1791	0	100000	2.0
contig_1791	100000	200000	4.0
contig_1791	200000	300000	2.0
contig_1791	300000	400000	5.0
contig_1791	400000	500000	3.0
contig_1791	500000	600000	3.0
contig_1791	700000	791778	2.0
contig_1792	0	100000	3.0
contig_1792	100000	157359	4.0
contig_1793	0	100000	1.0
contig_1793	100000	144423	3.0
contig_1794	0	100000	1.0
contig_1794	100000	200000	1.0
contig_1794	300000	400000	1.0
contig_1794	500000	600000	1.0
contig_1794	600000	700000	2.0
contig_1794	800000	855886	2.0
contig_1795	0	100000	1.0
contig_1795	100000	185287	2.0
contig_1796	200000	221798	1.0
contig_1797	0	100000	3.0
contig_1797	100000	200000	4.0
contig_1797	200000	300000	1.0
contig_1797	300000	400000	6.0
contig_1797	400000	460066	3.0
contig_1798	0	100000	3.0
contig_1798	100000	200000	2.0
contig_1798	200000	204301	1.0
contig_1799	0	66873	2.0
contig_1800	100000	200000	1.0
contig_1800	200000	300000	2.0
contig_1800	300000	400000	6.0
contig_1800	400000	500000	4.0
contig_1800	500000	600000	4.0
contig_1800	600000	627435	1.0
contig_1801	100000	114356	2.0
contig_1803	0	100000	2.0
contig_1803	200000	225653	1.0
contig_1804	0	100000	15.0
contig_1804	100000	200000	7.0
contig_1804	200000	300000	5.0
contig_1804	300000	400000	2.0
contig_1804	500000	600000	3.0
contig_1804	600000	700000	1.0
contig_1804	800000	900000	2.0
contig_1804	900000	1000000	1.0
contig_1804	1000000	1100000	3.0
contig_1804	1100000	1182815	5.0
contig_1805	0	100000	6.0
contig_1806	0	100000	1.0
contig_1806	100000	200000	2.0
contig_1806	200000	300000	1.0
contig_1806	400000	500000	1.0
contig_1806	600000	699757	2.0
contig_1807	0	100000	2.0
contig_1807	100000	200000	1.0
contig_1807	200000	213943	2.0
contig_1808	0	94924	1.0
contig_1809	0	100000	1.0
contig_1809	100000	200000	2.0
contig_1809	200000	287256	2.0
contig_1810	0	100000	1.0
contig_1810	100000	200000	1.0
contig_1810	200000	300000	2.0
contig_1810	300000	400000	4.0
contig_1810	400000	500000	4.0
contig_1810	500000	600000	2.0
contig_1810	600000	700000	1.0
contig_1810	700000	800000	1.0
contig_1810	1100000	1200000	2.0
contig_1810	1300000	1400000	1.0
contig_1810	1400000	1500000	7.0
contig_1810	1500000	1525880	6.0
contig_1811	0	100000	4.0
contig_1811	100000	200000	6.0
contig_1811	200000	286864	4.0
contig_1812	0	100000	1.0
contig_1812	300000	400000	1.0
contig_1812	500000	600000	2.0
contig_1812	600000	648456	2.0
contig_1813	0	100000	5.0
contig_1813	400000	500000	3.0
contig_1813	500000	515287	3.0
contig_1814	0	100000	1.0
contig_1814	100000	200000	1.0
contig_1814	200000	300000	2.0
contig_1814	300000	400000	3.0
contig_1814	400000	500000	1.0
contig_1814	500000	518678	3.0
contig_1815	0	100000	1.0
contig_1815	100000	163480	1.0
contig_1816	0	100000	4.0
contig_1816	100000	200000	2.0
contig_1816	200000	300000	3.0
contig_1816	300000	367466	6.0
contig_1817	100000	200000	1.0
contig_1817	200000	276616	1.0
contig_1819	0	100000	1.0
contig_1819	100000	106032	2.0
contig_1820	0	66762	2.0
contig_1821	0	100000	3.0
contig_1821	100000	200000	1.0
contig_1821	200000	300000	1.0
contig_1821	300000	361099	2.0
contig_1822	0	100000	2.0
contig_1822	100000	200000	3.0
contig_1822	400000	500000	1.0
contig_1822	600000	700000	1.0
contig_1822	900000	1000000	2.0
contig_1822	1000000	1100000	1.0
contig_1822	1200000	1300000	1.0
contig_1822	1300000	1400000	1.0
contig_1822	1400000	1500000	1.0
contig_1822	1600000	1700000	1.0
contig_1822	1700000	1800000	5.0
contig_1822	1800000	1900000	8.0
contig_1822	1900000	2000000	5.0
contig_1822	2000000	2100000	3.0
contig_1822	2100000	2200000	3.0
contig_1822	2200000	2300000	3.0
contig_1822	2300000	2400000	2.0
contig_1822	2400000	2500000	2.0
contig_1822	2500000	2600000	2.0
contig_1822	2600000	2700000	1.0
contig_1822	2700000	2800000	4.0
contig_1822	2800000	2900000	6.0
contig_1822	2900000	3000000	3.0
contig_1822	3000000	3100000	5.0
contig_1822	3100000	3114206	1.0
contig_1823	0	100000	2.0
contig_1823	100000	200000	2.0
contig_1823	200000	300000	3.0
contig_1824	0	100000	1.0
contig_1824	500000	600000	4.0
contig_1824	600000	700000	2.0
contig_1824	700000	800000	1.0
contig_1824	800000	900000	1.0
contig_1824	900000	912546	1.0
contig_1825	0	100000	1.0
contig_1825	200000	300000	5.0
contig_1825	300000	309588	3.0
contig_1826	0	100000	4.0
contig_1826	100000	200000	7.0
contig_1826	200000	300000	2.0
contig_1826	300000	347436	4.0
contig_1827	0	100000	2.0
contig_1827	100000	200000	2.0
contig_1827	200000	300000	3.0
contig_1827	300000	400000	1.0
contig_1827	400000	435092	1.0
contig_1828	0	100000	1.0
contig_1828	100000	153417	1.0
contig_1829	100000	200000	2.0
contig_1829	200000	300000	4.0
contig_1829	300000	400000	4.0
contig_1829	400000	500000	2.0
contig_1829	500000	600000	3.0
contig_1829	600000	700000	6.0
contig_1829	700000	800000	2.0
contig_1829	800000	900000	5.0
contig_1829	900000	1000000	6.0
contig_1829	1100000	1200000	2.0
contig_1829	1200000	1300000	1.0
contig_1829	1300000	1400000	1.0
contig_1829	1400000	1500000	1.0
contig_1829	1500000	1600000	2.0
contig_1829	1700000	1800000	7.0
contig_1829	1800000	1900000	7.0
contig_1829	1900000	2000000	2.0
contig_1829	2000000	2100000	3.0
contig_1829	2100000	2200000	4.0
contig_1829	2200000	2300000	2.0
contig_1829	2400000	2500000	12.0
contig_1829	2600000	2700000	15.0
contig_1829	2700000	2800000	3.0
contig_1829	2800000	2900000	5.0
contig_1829	2900000	3000000	5.0
contig_1829	3000000	3100000	2.0
contig_1829	3100000	3200000	3.0
contig_1829	3200000	3300000	2.0
contig_1829	3300000	3400000	4.0
contig_1829	3400000	3500000	2.0
contig_1829	3500000	3600000	6.0
contig_1829	3600000	3700000	3.0
contig_1829	3700000	3800000	8.0
contig_1829	3800000	3900000	6.0
contig_1829	4000000	4100000	7.0
contig_1829	4100000	4200000	2.0
contig_1829	4200000	4300000	1.0
contig_1829	4300000	4400000	6.0
contig_1829	4500000	4589687	4.0
contig_1830	200000	300000	2.0
contig_1830	300000	387397	2.0
contig_1831	0	100000	2.0
contig_1831	100000	200000	7.0
contig_1831	200000	235157	1.0
contig_1832	100000	200000	3.0
contig_1832	200000	300000	6.0
contig_1832	300000	400000	4.0
contig_1832	400000	500000	2.0
contig_1832	500000	600000	4.0
contig_1832	600000	660705	2.0
contig_1833	0	100000	2.0
contig_1833	100000	164810	1.0
contig_1834	0	100000	2.0
contig_1834	100000	200000	3.0
contig_1834	300000	357824	2.0
contig_1835	0	100000	3.0
contig_1835	200000	300000	1.0
contig_1835	300000	400000	1.0
contig_1835	500000	600000	1.0
contig_1835	600000	700000	1.0
contig_1835	800000	900000	1.0
contig_1835	1000000	1100000	1.0
contig_1835	1100000	1200000	4.0
contig_1835	1200000	1300000	4.0
contig_1835	1300000	1400000	1.0
contig_1835	1500000	1600000	2.0
contig_1835	1600000	1700000	2.0
contig_1835	1700000	1800000	1.0
contig_1835	1800000	1900000	1.0
contig_1835	2100000	2200000	1.0
contig_1835	2200000	2300000	1.0
contig_1835	2400000	2500000	1.0
contig_1835	2500000	2524125	1.0
contig_1836	0	100000	1.0
contig_1836	100000	179097	1.0
contig_1837	0	100000	4.0
contig_1837	100000	164209	1.0
contig_1838	0	100000	3.0
contig_1838	100000	200000	1.0
contig_1838	200000	300000	3.0
contig_1839	0	100000	3.0
contig_1839	100000	200000	6.0
contig_1839	200000	300000	1.0
contig_1839	300000	400000	2.0
contig_1839	400000	490338	4.0
contig_1840	0	100000	2.0
contig_1840	200000	300000	5.0
contig_1840	300000	400000	6.0
contig_1840	400000	500000	6.0
contig_1840	600000	700000	1.0
contig_1840	800000	900000	2.0
contig_1840	900000	1000000	4.0
contig_1840	1000000	1100000	1.0
contig_1840	1100000	1200000	1.0
contig_1840	1200000	1300000	1.0
contig_1840	1300000	1400000	6.0
contig_1840	1400000	1500000	2.0
contig_1840	1500000	1600000	4.0
contig_1840	1600000	1700000	10.0
contig_1840	1700000	1800000	8.0
contig_1840	1800000	1900000	3.0
contig_1840	1900000	2000000	1.0
contig_1840	2100000	2200000	1.0
contig_1841	0	100000	3.0
contig_1841	100000	200000	1.0
contig_1841	200000	300000	1.0
contig_1841	300000	400000	1.0
contig_1841	500000	600000	1.0
contig_1841	600000	700000	2.0
contig_1841	700000	729086	4.0
contig_1842	0	100000	3.0
contig_1842	100000	200000	3.0
contig_1842	200000	300000	1.0
contig_1842	300000	400000	4.0
contig_1842	400000	404522	2.0
contig_1843	0	100000	1.0
contig_1843	100000	200000	2.0
contig_1843	200000	300000	2.0
contig_1843	300000	389414	3.0
contig_1844	0	100000	4.0
contig_1844	100000	200000	3.0
contig_1844	200000	300000	2.0
contig_1844	300000	400000	1.0
contig_1844	400000	500000	2.0
contig_1844	500000	540597	1.0
contig_1845	0	100000	3.0
contig_1845	100000	200000	3.0
contig_1845	200000	214417	2.0
contig_1846	0	100000	4.0
contig_1846	100000	200000	2.0
contig_1846	200000	300000	1.0
contig_1847	100000	200000	1.0
contig_1847	300000	400000	3.0
contig_1847	400000	479394	2.0
contig_1848	0	100000	1.0
contig_1848	100000	200000	1.0
contig_1848	200000	224916	1.0
contig_1849	0	100000	4.0
contig_1849	100000	200000	5.0
contig_1849	200000	229869	2.0
contig_1850	0	18479	4.0
contig_1851	0	100000	1.0
contig_1851	100000	195600	3.0
contig_1852	0	100000	3.0
contig_1852	100000	157611	4.0
contig_1853	0	100000	3.0
contig_1853	100000	200000	3.0
contig_1853	200000	300000	6.0
contig_1853	300000	400000	1.0
contig_1853	400000	500000	3.0
contig_1853	500000	600000	5.0
contig_1853	600000	700000	1.0
contig_1853	700000	800000	1.0
contig_1854	0	100000	2.0
contig_1854	100000	200000	1.0
contig_1854	300000	400000	1.0
contig_1854	400000	500000	2.0
contig_1854	700000	800000	1.0
contig_1854	900000	1000000	6.0
contig_1854	1000000	1100000	8.0
contig_1854	1400000	1500000	1.0
contig_1854	1800000	1900000	9.0
contig_1854	1900000	2000000	4.0
contig_1854	2000000	2100000	3.0
contig_1854	2200000	2300000	1.0
contig_1854	2300000	2400000	1.0
contig_1854	2400000	2500000	2.0
contig_1854	2500000	2600000	8.0
contig_1854	2600000	2691347	7.0
contig_1855	0	93471	8.0
contig_1856	0	100000	3.0
contig_1856	100000	200000	5.0
contig_1856	200000	300000	1.0
contig_1856	300000	400000	5.0
contig_1856	400000	500000	5.0
contig_1856	500000	600000	3.0
contig_1856	600000	700000	1.0
contig_1856	700000	800000	1.0
contig_1856	800000	900000	1.0
contig_1856	900000	1000000	1.0
contig_1856	1000000	1038699	3.0
contig_1857	0	100000	2.0
contig_1857	100000	200000	3.0
contig_1857	200000	300000	4.0
contig_1857	300000	400000	1.0
contig_1857	400000	500000	4.0
contig_1857	500000	600000	1.0
contig_1857	600000	700000	1.0
contig_1857	700000	800000	9.0
contig_1857	800000	900000	4.0
contig_1857	1000000	1035057	2.0
contig_1858	100000	200000	2.0
contig_1858	200000	300000	2.0
contig_1858	300000	400000	1.0
contig_1858	400000	500000	2.0
contig_1858	500000	600000	1.0
contig_1858	600000	700000	3.0
contig_1858	700000	800000	1.0
contig_1858	800000	900000	1.0
contig_1858	900000	1000000	1.0
contig_1858	1000000	1100000	1.0
contig_1858	1100000	1200000	1.0
contig_1858	1200000	1300000	2.0
contig_1858	1300000	1400000	1.0
contig_1858	1500000	1600000	3.0
contig_1858	1600000	1700000	1.0
contig_1858	1700000	1800000	7.0
contig_1858	1800000	1900000	7.0
contig_1858	1900000	2000000	3.0
contig_1858	2100000	2153968	6.0
contig_1859	0	100000	2.0
contig_1859	200000	204286	1.0
contig_1860	0	100000	4.0
contig_1860	100000	200000	3.0
contig_1860	200000	238904	1.0
contig_1861	0	100000	1.0
contig_1861	100000	103668	1.0
contig_1862	0	100000	1.0
contig_1862	100000	200000	2.0
contig_1862	200000	300000	1.0
contig_1862	300000	400000	1.0
contig_1862	400000	500000	5.0
contig_1862	500000	600000	1.0
contig_1862	600000	700000	5.0
contig_1862	700000	783498	3.0
contig_1863	0	100000	1.0
contig_1863	100000	200000	1.0
contig_1863	300000	400000	1.0
contig_1863	400000	418900	1.0
contig_1864	0	100000	8.0
contig_1864	100000	145849	1.0
contig_1865	0	100000	2.0
contig_1865	200000	300000	2.0
contig_1865	400000	500000	1.0
contig_1865	500000	504710	1.0
contig_1866	0	100000	3.0
contig_1866	100000	150857	2.0
contig_1867	0	100000	9.0
contig_1867	100000	133718	1.0
contig_1868	0	100000	3.0
contig_1869	500000	555065	1.0
contig_1870	0	100000	1.0
contig_1870	100000	200000	3.0
contig_1870	200000	300000	1.0
contig_1870	300000	400000	4.0
contig_1870	500000	600000	1.0
contig_1871	0	100000	2.0
contig_1871	200000	300000	1.0
contig_1871	300000	400000	2.0
contig_1871	400000	500000	2.0
contig_1871	900000	1000000	5.0
contig_1871	1000000	1000623	1.0
contig_1872	100000	200000	1.0
contig_1872	200000	300000	4.0
contig_1872	300000	400000	2.0
contig_1872	500000	546745	6.0
contig_1873	0	100000	1.0
contig_1873	100000	174541	2.0
contig_1874	0	100000	7.0
contig_1874	100000	200000	4.0
contig_1874	300000	400000	1.0
contig_1874	700000	800000	4.0
contig_1874	800000	900000	7.0
contig_1874	900000	1000000	5.0
contig_1874	1000000	1037420	1.0
contig_1875	0	85596	3.0
contig_1876	0	100000	1.0
contig_1876	100000	200000	3.0
contig_1876	200000	300000	2.0
contig_1876	300000	400000	1.0
contig_1876	400000	500000	1.0
contig_1876	500000	600000	2.0
contig_1876	600000	700000	3.0
contig_1876	800000	900000	4.0
contig_1876	900000	1000000	2.0
contig_1876	1000000	1100000	2.0
contig_1876	1100000	1200000	1.0
contig_1876	1200000	1300000	4.0
contig_1876	1300000	1400000	5.0
contig_1876	1400000	1500000	1.0
contig_1876	1500000	1600000	1.0
contig_1876	1800000	1900000	2.0
contig_1876	1900000	2000000	2.0
contig_1876	2000000	2100000	3.0
contig_1876	2200000	2243635	1.0
contig_1877	0	81407	5.0
contig_1878	0	100000	5.0
contig_1878	100000	150269	1.0
contig_1879	0	100000	1.0
contig_1879	100000	200000	1.0
contig_1879	200000	300000	5.0
contig_1880	0	75934	1.0
contig_1881	0	100000	6.0
contig_1881	200000	300000	3.0
contig_1881	300000	400000	2.0
contig_1881	400000	500000	4.0
contig_1881	500000	600000	2.0
contig_1881	600000	700000	1.0
contig_1881	700000	800000	1.0
contig_1881	800000	900000	1.0
contig_1881	900000	1000000	3.0
contig_1881	1000000	1100000	3.0
contig_1881	1100000	1200000	2.0
contig_1881	1200000	1300000	3.0
contig_1881	1300000	1400000	3.0
contig_1881	1400000	1500000	2.0
contig_1881	1500000	1600000	1.0
contig_1881	1600000	1700000	1.0
contig_1881	1700000	1800000	2.0
contig_1881	1800000	1900000	1.0
contig_1881	1900000	2000000	1.0
contig_1881	2000000	2100000	4.0
contig_1881	2100000	2200000	5.0
contig_1881	2200000	2264151	4.0
contig_1882	0	100000	2.0
contig_1882	100000	200000	2.0
contig_1882	200000	300000	2.0
contig_1882	500000	600000	1.0
contig_1882	600000	700000	2.0
contig_1882	700000	712505	2.0
contig_1883	0	100000	1.0
contig_1883	100000	200000	3.0
contig_1883	200000	240189	2.0
contig_1884	0	100000	2.0
contig_1884	100000	166247	2.0
contig_1885	0	100000	1.0
contig_1885	100000	197574	2.0
contig_1886	0	100000	3.0
contig_1887	0	99134	1.0
contig_1888	0	100000	8.0
contig_1888	100000	112953	1.0
contig_1889	0	100000	1.0
contig_1889	100000	200000	1.0
contig_1889	200000	300000	2.0
contig_1889	300000	400000	1.0
contig_1889	400000	500000	1.0
contig_1889	500000	600000	4.0
contig_1889	600000	700000	3.0
contig_1889	700000	800000	1.0
contig_1889	800000	900000	2.0
contig_1889	900000	1000000	3.0
contig_1889	1000000	1100000	2.0
contig_1889	1100000	1200000	4.0
contig_1889	1200000	1300000	3.0
contig_1889	1300000	1400000	3.0
contig_1889	1400000	1500000	3.0
contig_1889	1500000	1600000	6.0
contig_1889	1800000	1900000	1.0
contig_1889	2300000	2400000	1.0
contig_1889	2400000	2500000	1.0
contig_1889	2600000	2700000	1.0
contig_1889	2700000	2800000	4.0
contig_1889	2800000	2900000	2.0
contig_1889	2900000	3000000	4.0
contig_1889	3000000	3100000	1.0
contig_1889	3100000	3200000	5.0
contig_1889	3200000	3300000	3.0
contig_1889	3300000	3400000	4.0
contig_1889	3400000	3500000	3.0
contig_1889	3500000	3600000	2.0
contig_1889	3600000	3700000	2.0
contig_1889	3800000	3821207	1.0
contig_1890	0	100000	6.0
contig_1890	100000	200000	6.0
contig_1890	200000	300000	2.0
contig_1890	300000	400000	2.0
contig_1890	400000	435352	1.0
contig_1891	0	100000	1.0
contig_1891	100000	135571	1.0
contig_1892	0	100000	1.0
contig_1892	100000	200000	5.0
contig_1892	200000	261946	4.0
contig_1893	0	100000	6.0
contig_1893	100000	200000	1.0
contig_1893	200000	300000	2.0
contig_1893	300000	382866	4.0
contig_1894	0	100000	4.0
contig_1894	100000	200000	2.0
contig_1894	200000	300000	2.0
contig_1894	300000	308611	1.0
contig_1895	0	10983	1.0
contig_1896	0	59868	5.0
contig_1897	200000	300000	4.0
contig_1897	400000	500000	2.0
contig_1897	500000	600000	4.0
contig_1897	600000	700000	5.0
contig_1897	800000	900000	1.0
contig_1897	900000	1000000	1.0
contig_1897	1200000	1261438	1.0
contig_1898	0	100000	2.0
contig_1898	100000	200000	7.0
contig_1898	200000	300000	7.0
contig_1898	300000	400000	3.0
contig_1898	400000	500000	3.0
contig_1898	500000	532045	2.0
contig_1899	0	100000	1.0
contig_1900	0	100000	2.0
contig_1900	100000	198138	1.0
contig_1901	0	100000	1.0
contig_1901	100000	114682	2.0
contig_1902	200000	300000	3.0
contig_1902	300000	400000	2.0
contig_1902	400000	500000	3.0
contig_1902	500000	600000	2.0
contig_1902	600000	700000	1.0
contig_1902	700000	800000	3.0
contig_1902	800000	900000	4.0
contig_1902	900000	1000000	3.0
contig_1902	1200000	1300000	1.0
contig_1902	1300000	1400000	1.0
contig_1902	1400000	1442964	2.0
contig_1903	0	100000	3.0
contig_1903	100000	200000	3.0
contig_1903	200000	267465	1.0
contig_1904	100000	200000	1.0
contig_1904	200000	300000	4.0
contig_1904	300000	400000	1.0
contig_1904	500000	600000	3.0
contig_1904	600000	700000	1.0
contig_1904	800000	900000	2.0
contig_1904	900000	1000000	1.0
contig_1904	1000000	1100000	2.0
contig_1904	1100000	1200000	1.0
contig_1904	1200000	1300000	1.0
contig_1904	1500000	1600000	1.0
contig_1904	1800000	1900000	4.0
contig_1904	2000000	2100000	2.0
contig_1904	2100000	2200000	1.0
contig_1904	2400000	2500000	1.0
contig_1904	2700000	2800000	2.0
contig_1904	2800000	2900000	1.0
contig_1904	2900000	3000000	2.0
contig_1904	3000000	3100000	1.0
contig_1904	3200000	3300000	1.0
contig_1904	3300000	3400000	2.0
contig_1904	3600000	3700000	1.0
contig_1904	3700000	3800000	1.0
contig_1904	3900000	4000000	1.0
contig_1904	4000000	4100000	1.0
contig_1904	4200000	4300000	3.0
contig_1904	4300000	4400000	8.0
contig_1904	4400000	4486770	2.0
contig_1905	0	100000	4.0
contig_1905	100000	128738	7.0
contig_1906	0	100000	4.0
contig_1906	100000	111646	2.0
contig_1907	0	100000	2.0
contig_1907	100000	200000	3.0
contig_1907	300000	386294	9.0
contig_1908	0	31237	2.0
contig_1909	0	100000	5.0
contig_1909	100000	200000	4.0
contig_1909	200000	300000	2.0
contig_1909	300000	400000	5.0
contig_1909	400000	500000	3.0
contig_1909	700000	800000	1.0
contig_1909	800000	900000	3.0
contig_1909	900000	1000000	1.0
contig_1909	1000000	1100000	1.0
contig_1909	1200000	1300000	1.0
contig_1909	1400000	1500000	1.0
contig_1909	1700000	1800000	1.0
contig_1909	1900000	2000000	7.0
contig_1909	2000000	2039818	2.0
contig_1910	0	100000	3.0
contig_1910	100000	200000	1.0
contig_1910	300000	400000	1.0
contig_1910	400000	500000	1.0
contig_1910	1200000	1300000	1.0
contig_1910	1300000	1400000	1.0
contig_1910	1400000	1500000	1.0
contig_1910	1600000	1687516	4.0
contig_1911	0	100000	2.0
contig_1911	100000	200000	2.0
contig_1911	200000	300000	1.0
contig_1911	500000	600000	2.0
contig_1911	600000	700000	4.0
contig_1911	700000	800000	3.0
contig_1911	800000	900000	1.0
contig_1911	900000	1000000	1.0
contig_1911	1000000	1100000	2.0
contig_1911	1200000	1300000	2.0
contig_1911	1300000	1400000	6.0
contig_1911	1400000	1500000	3.0
contig_1911	1500000	1600000	4.0
contig_1911	1600000	1700000	1.0
contig_1911	1700000	1758761	1.0
contig_1912	100000	200000	3.0
contig_1912	200000	211378	1.0
contig_1913	0	100000	3.0
contig_1913	100000	200000	1.0
contig_1913	200000	300000	2.0
contig_1913	300000	400000	6.0
contig_1913	400000	500000	1.0
contig_1913	500000	600000	2.0
contig_1913	600000	695367	2.0
contig_1914	0	100000	4.0
contig_1914	100000	121702	1.0
contig_1915	0	100000	1.0
contig_1915	100000	200000	1.0
contig_1915	200000	300000	1.0
contig_1915	500000	600000	3.0
contig_1915	600000	700000	1.0
contig_1915	700000	800000	1.0
contig_1915	800000	900000	2.0
contig_1915	900000	995013	4.0
contig_1916	0	100000	2.0
contig_1916	100000	200000	4.0
contig_1916	200000	300000	7.0
contig_1916	300000	400000	5.0
contig_1916	400000	500000	1.0
contig_1916	500000	600000	1.0
contig_1916	600000	700000	5.0
contig_1916	700000	800000	2.0
contig_1916	800000	900000	1.0
contig_1916	900000	1000000	2.0
contig_1916	1000000	1100000	1.0
contig_1916	1200000	1300000	1.0
contig_1916	1600000	1700000	1.0
contig_1916	1700000	1800000	1.0
contig_1916	1900000	2000000	1.0
contig_1916	2000000	2100000	1.0
contig_1916	2200000	2300000	1.0
contig_1916	2300000	2321540	1.0
contig_1917	0	100000	4.0
contig_1917	100000	200000	5.0
contig_1917	200000	205165	2.0
contig_1918	700000	800000	1.0
contig_1918	800000	900000	3.0
contig_1918	900000	1000000	2.0
contig_1918	1000000	1100000	1.0
contig_1918	1100000	1200000	2.0
contig_1918	1200000	1300000	4.0
contig_1918	1300000	1400000	2.0
contig_1918	1500000	1600000	2.0
contig_1918	1600000	1700000	3.0
contig_1918	1700000	1800000	2.0
contig_1918	1800000	1900000	2.0
contig_1918	1900000	2000000	4.0
contig_1918	2100000	2200000	3.0
contig_1918	2200000	2300000	3.0
contig_1918	2300000	2400000	7.0
contig_1918	2500000	2600000	2.0
contig_1918	2600000	2700000	3.0
contig_1918	2700000	2800000	2.0
contig_1918	2800000	2900000	5.0
contig_1918	2900000	3000000	1.0
contig_1918	3100000	3200000	1.0
contig_1918	3200000	3300000	5.0
contig_1918	3300000	3400000	1.0
contig_1918	3400000	3500000	1.0
contig_1918	3600000	3700000	1.0
contig_1918	3800000	3900000	4.0
contig_1918	3900000	4000000	1.0
contig_1918	4200000	4300000	3.0
contig_1918	4300000	4362765	5.0
contig_1919	100000	153175	2.0
contig_1920	0	100000	4.0
contig_1920	100000	200000	2.0
contig_1920	200000	300000	1.0
contig_1920	300000	400000	1.0
contig_1920	400000	500000	3.0
contig_1920	500000	600000	3.0
contig_1920	600000	700000	2.0
contig_1920	700000	800000	2.0
contig_1920	800000	900000	1.0
contig_1920	900000	1000000	3.0
contig_1920	1000000	1100000	6.0
contig_1920	1100000	1200000	3.0
contig_1920	1300000	1389575	3.0
contig_1921	0	100000	1.0
contig_1921	100000	110165	1.0
contig_1922	0	100000	3.0
contig_1922	100000	140608	1.0
contig_1923	0	100000	2.0
contig_1923	100000	200000	2.0
contig_1923	200000	240423	2.0
contig_1924	0	100000	3.0
contig_1924	100000	200000	3.0
contig_1924	300000	400000	6.0
contig_1924	600000	700000	3.0
contig_1924	700000	800000	2.0
contig_1924	800000	900000	2.0
contig_1924	1100000	1200000	2.0
contig_1924	1200000	1300000	1.0
contig_1924	1400000	1500000	4.0
contig_1924	1500000	1600000	4.0
contig_1924	1600000	1660009	6.0
contig_1925	0	100000	2.0
contig_1925	100000	200000	1.0
contig_1925	200000	300000	1.0
contig_1925	300000	400000	2.0
contig_1925	400000	500000	2.0
contig_1925	500000	600000	5.0
contig_1925	600000	700000	1.0
contig_1925	700000	800000	4.0
contig_1925	800000	845785	1.0
contig_1926	0	100000	3.0
contig_1926	400000	500000	2.0
contig_1926	500000	600000	1.0
contig_1926	600000	700000	4.0
contig_1926	700000	800000	4.0
contig_1926	900000	1000000	1.0
contig_1926	1000000	1100000	4.0
contig_1926	1100000	1200000	2.0
contig_1926	1200000	1234884	1.0
contig_1927	0	100000	1.0
contig_1927	100000	200000	1.0
contig_1927	200000	300000	2.0
contig_1927	300000	400000	2.0
contig_1927	400000	500000	7.0
contig_1927	500000	600000	1.0
contig_1927	600000	700000	2.0
contig_1927	800000	900000	2.0
contig_1927	900000	1000000	6.0
contig_1927	1000000	1100000	3.0
contig_1927	1100000	1200000	8.0
contig_1927	1300000	1400000	1.0
contig_1927	1400000	1500000	4.0
contig_1927	1500000	1600000	1.0
contig_1927	1600000	1700000	3.0
contig_1927	1700000	1800000	5.0
contig_1927	1800000	1900000	2.0
contig_1927	1900000	2000000	2.0
contig_1927	2200000	2300000	1.0
contig_1927	2400000	2404042	1.0
contig_1928	0	100000	2.0
contig_1928	100000	187060	2.0
contig_1929	0	100000	2.0
contig_1929	100000	200000	2.0
contig_1929	200000	300000	2.0
contig_1929	400000	500000	1.0
contig_1929	500000	600000	2.0
contig_1929	600000	700000	5.0
contig_1929	700000	800000	1.0
contig_1929	800000	900000	4.0
contig_1929	900000	1000000	1.0
contig_1929	1000000	1100000	1.0
contig_1929	1100000	1200000	2.0
contig_1929	1200000	1300000	3.0
contig_1929	1300000	1400000	1.0
contig_1929	1400000	1441840	1.0
contig_1930	0	100000	4.0
contig_1930	100000	200000	2.0
contig_1930	200000	300000	2.0
contig_1930	400000	500000	2.0
contig_1930	500000	600000	2.0
contig_1930	600000	700000	3.0
contig_1930	700000	800000	5.0
contig_1930	800000	900000	3.0
contig_1930	900000	1000000	5.0
contig_1930	1000000	1100000	3.0
contig_1930	1100000	1200000	4.0
contig_1930	1300000	1400000	3.0
contig_1930	1400000	1500000	3.0
contig_1930	1500000	1600000	5.0
contig_1930	1600000	1700000	2.0
contig_1930	1700000	1800000	1.0
contig_1930	1800000	1858219	1.0
contig_1931	0	100000	1.0
contig_1931	100000	200000	3.0
contig_1931	200000	300000	6.0
contig_1931	300000	400000	3.0
contig_1931	400000	500000	1.0
contig_1931	500000	600000	3.0
contig_1931	600000	670788	3.0
contig_1932	0	100000	4.0
contig_1932	100000	200000	1.0
contig_1932	200000	300000	2.0
contig_1932	300000	400000	2.0
contig_1932	600000	700000	1.0
contig_1932	700000	800000	1.0
contig_1932	800000	900000	2.0
contig_1932	900000	1000000	1.0
contig_1932	1000000	1100000	1.0
contig_1932	1100000	1200000	3.0
contig_1932	1200000	1300000	2.0
contig_1932	1300000	1400000	4.0
contig_1932	1400000	1500000	2.0
contig_1932	1500000	1600000	3.0
contig_1932	1600000	1700000	4.0
contig_1932	1900000	2000000	2.0
contig_1932	2000000	2100000	1.0
contig_1932	2100000	2200000	3.0
contig_1932	2200000	2252877	2.0
contig_1933	0	100000	2.0
contig_1933	100000	130157	1.0
contig_1934	100000	200000	5.0
contig_1934	200000	300000	4.0
contig_1934	300000	399789	3.0
contig_1935	0	100000	1.0
contig_1935	200000	300000	1.0
contig_1935	500000	600000	1.0
contig_1935	700000	800000	3.0
contig_1935	800000	900000	5.0
contig_1935	900000	1000000	2.0
contig_1935	1000000	1100000	2.0
contig_1935	1100000	1200000	1.0
contig_1935	1200000	1207413	1.0
contig_1936	0	100000	1.0
contig_1936	100000	200000	4.0
contig_1936	200000	300000	2.0
contig_1936	300000	400000	1.0
contig_1936	400000	500000	1.0
contig_1936	500000	600000	1.0
contig_1936	600000	700000	7.0
contig_1936	700000	800000	3.0
contig_1936	800000	900000	2.0
contig_1936	900000	1000000	2.0
contig_1936	1000000	1100000	3.0
contig_1936	1100000	1200000	4.0
contig_1936	1200000	1271698	2.0
contig_1937	0	100000	6.0
contig_1937	100000	200000	1.0
contig_1937	300000	400000	4.0
contig_1937	400000	500000	3.0
contig_1937	500000	600000	4.0
contig_1937	600000	700000	3.0
contig_1937	700000	800000	1.0
contig_1937	800000	900000	2.0
contig_1937	900000	1000000	3.0
contig_1937	1000000	1100000	1.0
contig_1937	1100000	1200000	5.0
contig_1937	1200000	1300000	3.0
contig_1937	1300000	1400000	2.0
contig_1937	1400000	1500000	4.0
contig_1937	1500000	1600000	4.0
contig_1937	1700000	1800000	4.0
contig_1937	1800000	1900000	4.0
contig_1937	1900000	2000000	2.0
contig_1937	2000000	2100000	1.0
contig_1937	2100000	2200000	1.0
contig_1937	2200000	2300000	3.0
contig_1937	2300000	2400000	5.0
contig_1937	2400000	2500000	1.0
contig_1937	2500000	2600000	1.0
contig_1937	2600000	2700000	3.0
contig_1937	2700000	2800000	1.0
contig_1937	2800000	2900000	2.0
contig_1937	3100000	3200000	4.0
contig_1937	3200000	3300000	3.0
contig_1937	3300000	3393254	3.0
contig_1938	0	100000	1.0
contig_1938	100000	137861	1.0
contig_1939	0	100000	1.0
contig_1939	100000	200000	3.0
contig_1939	200000	236376	4.0
contig_1940	0	100000	2.0
contig_1940	100000	193382	2.0
contig_1941	0	23349	1.0
contig_1942	0	100000	1.0
contig_1942	100000	200000	4.0
contig_1942	300000	400000	3.0
contig_1942	500000	600000	1.0
contig_1942	600000	700000	1.0
contig_1942	700000	800000	1.0
contig_1942	800000	900000	1.0
contig_1942	900000	1000000	4.0
contig_1942	1000000	1100000	1.0
contig_1942	1300000	1400000	4.0
contig_1942	1400000	1500000	8.0
contig_1942	1500000	1600000	4.0
contig_1942	1600000	1700000	2.0
contig_1942	1700000	1800000	5.0
contig_1942	1800000	1900000	2.0
contig_1942	1900000	2000000	3.0
contig_1942	2000000	2100000	6.0
contig_1942	2100000	2194317	1.0
contig_1943	0	100000	5.0
contig_1943	100000	200000	7.0
contig_1943	200000	300000	1.0
contig_1943	400000	500000	4.0
contig_1943	500000	514947	1.0
contig_1944	300000	400000	2.0
contig_1944	400000	500000	1.0
contig_1944	700000	800000	3.0
contig_1944	800000	900000	1.0
contig_1944	1100000	1200000	1.0
contig_1944	1300000	1400000	1.0
contig_1944	1400000	1500000	4.0
contig_1944	1500000	1600000	1.0
contig_1944	1700000	1723860	1.0
contig_1946	0	100000	2.0
contig_1946	100000	200000	1.0
contig_1946	200000	300000	1.0
contig_1946	300000	400000	3.0
contig_1946	400000	500000	1.0
contig_1946	500000	600000	1.0
contig_1946	600000	700000	1.0
contig_1946	700000	800000	2.0
contig_1946	1200000	1243751	2.0
contig_1947	0	100000	2.0
contig_1947	100000	200000	2.0
contig_1947	200000	300000	2.0
contig_1947	300000	400000	1.0
contig_1947	400000	500000	1.0
contig_1947	600000	700000	1.0
contig_1947	800000	900000	2.0
contig_1947	900000	1000000	4.0
contig_1947	1000000	1100000	4.0
contig_1947	1100000	1200000	3.0
contig_1947	1200000	1300000	4.0
contig_1947	1300000	1377491	1.0
contig_1949	0	100000	1.0
contig_1949	300000	400000	2.0
contig_1949	500000	600000	3.0
contig_1949	600000	700000	2.0
contig_1949	700000	800000	1.0
contig_1949	800000	900000	7.0
contig_1949	900000	1000000	2.0
contig_1949	1000000	1100000	2.0
contig_1949	1100000	1200000	5.0
contig_1949	1200000	1300000	1.0
contig_1949	1700000	1800000	3.0
contig_1949	2000000	2100000	1.0
contig_1949	2200000	2300000	1.0
contig_1949	2300000	2400000	1.0
contig_1949	2500000	2600000	4.0
contig_1949	2700000	2800000	1.0
contig_1949	3300000	3400000	3.0
contig_1949	3400000	3500000	3.0
contig_1949	3500000	3600000	3.0
contig_1949	3600000	3700000	1.0
contig_1949	3700000	3800000	1.0
contig_1949	3900000	4000000	1.0
contig_1949	4100000	4200000	3.0
contig_1949	4200000	4300000	1.0
contig_1949	4300000	4400000	3.0
contig_1949	4400000	4500000	2.0
contig_1949	4500000	4600000	4.0
contig_1949	4600000	4700000	1.0
contig_1949	4700000	4800000	4.0
contig_1949	4800000	4900000	3.0
contig_1950	0	100000	2.0
contig_1950	100000	200000	9.0
contig_1950	200000	300000	3.0
contig_1950	300000	400000	1.0
contig_1950	400000	500000	1.0
contig_1950	500000	600000	1.0
contig_1950	600000	700000	2.0
contig_1950	700000	800000	1.0
contig_1950	800000	900000	3.0
contig_1950	900000	1000000	8.0
contig_1950	1000000	1100000	3.0
contig_1950	1100000	1200000	10.0
contig_1950	1200000	1300000	3.0
contig_1950	1300000	1400000	2.0
contig_1950	1400000	1469239	1.0
contig_1951	0	100000	7.0
contig_1951	100000	200000	2.0
contig_1951	200000	300000	1.0
contig_1951	300000	400000	2.0
contig_1951	500000	600000	3.0
contig_1951	700000	800000	2.0
contig_1951	800000	900000	3.0
contig_1951	900000	1000000	3.0
contig_1951	1000000	1100000	4.0
contig_1951	1100000	1200000	3.0
contig_1951	1200000	1300000	4.0
contig_1951	1300000	1400000	4.0
contig_1951	1400000	1500000	5.0
contig_1951	1600000	1700000	2.0
contig_1951	1700000	1735572	4.0
contig_1952	0	100000	1.0
contig_1952	100000	200000	2.0
contig_1952	200000	272534	1.0
contig_1953	0	100000	1.0
contig_1953	100000	195753	2.0
contig_1954	0	100000	2.0
contig_1954	100000	200000	2.0
contig_1954	200000	240264	2.0
contig_1955	300000	400000	1.0
contig_1955	400000	500000	1.0
contig_1955	600000	700000	1.0
contig_1955	900000	948781	1.0
contig_1956	0	100000	2.0
contig_1956	100000	200000	1.0
contig_1956	200000	300000	5.0
contig_1956	300000	400000	1.0
contig_1956	400000	500000	1.0
contig_1956	500000	600000	2.0
contig_1956	600000	700000	1.0
contig_1956	700000	800000	1.0
contig_1956	800000	900000	1.0
contig_1956	900000	1000000	1.0
contig_1956	1100000	1200000	4.0
contig_1956	1300000	1400000	2.0
contig_1956	1400000	1500000	2.0
contig_1956	1500000	1600000	5.0
contig_1956	1600000	1700000	1.0
contig_1956	1800000	1900000	1.0
contig_1956	2000000	2100000	3.0
contig_1956	2100000	2200000	4.0
contig_1956	2300000	2400000	1.0
contig_1956	2500000	2600000	5.0
contig_1956	2800000	2900000	2.0
contig_1956	3100000	3200000	1.0
contig_1956	3300000	3400000	5.0
contig_1956	3500000	3600000	1.0
contig_1956	3700000	3800000	1.0
contig_1956	3800000	3900000	1.0
contig_1956	4000000	4100000	1.0
contig_1956	4100000	4200000	5.0
contig_1956	4200000	4300000	2.0
contig_1956	4300000	4324575	5.0
contig_1957	0	100000	4.0
contig_1957	100000	200000	1.0
contig_1957	200000	300000	3.0
contig_1957	300000	400000	2.0
contig_1957	400000	500000	2.0
contig_1957	500000	600000	3.0
contig_1957	600000	700000	3.0
contig_1957	700000	800000	2.0
contig_1957	800000	900000	1.0
contig_1957	900000	1000000	3.0
contig_1957	1000000	1100000	3.0
contig_1957	1100000	1200000	3.0
contig_1957	1200000	1300000	5.0
contig_1957	1300000	1400000	3.0
contig_1957	1400000	1413878	1.0
contig_1958	0	100000	2.0
contig_1958	100000	114234	1.0
contig_1959	0	100000	1.0
contig_1959	100000	200000	2.0
contig_1959	200000	300000	1.0
contig_1959	300000	400000	2.0
contig_1959	400000	500000	1.0
contig_1959	500000	600000	1.0
contig_1959	600000	700000	1.0
contig_1959	900000	1000000	4.0
contig_1959	1000000	1100000	7.0
contig_1959	1100000	1200000	4.0
contig_1959	1300000	1400000	1.0
contig_1959	1400000	1500000	2.0
contig_1959	1800000	1900000	2.0
contig_1959	1900000	2000000	2.0
contig_1959	2000000	2100000	3.0
contig_1959	2400000	2403526	1.0
contig_1960	0	100000	2.0
contig_1960	100000	200000	1.0
contig_1960	200000	300000	1.0
contig_1960	300000	400000	1.0
contig_1960	400000	500000	2.0
contig_1960	500000	600000	2.0
contig_1960	600000	700000	2.0
contig_1960	700000	800000	1.0
contig_1960	800000	900000	1.0
contig_1960	900000	1000000	2.0
contig_1960	1000000	1100000	1.0
contig_1960	1100000	1200000	1.0
contig_1960	1300000	1400000	1.0
contig_1960	1600000	1700000	1.0
contig_1960	1800000	1900000	3.0
contig_1960	1900000	2000000	5.0
contig_1960	2000000	2040766	2.0
contig_1961	0	100000	2.0
contig_1961	200000	300000	1.0
contig_1961	300000	400000	2.0
contig_1961	400000	500000	6.0
contig_1961	500000	600000	2.0
contig_1961	600000	700000	2.0
contig_1961	700000	800000	1.0
contig_1961	1000000	1100000	1.0
contig_1961	1100000	1200000	3.0
contig_1961	1200000	1300000	1.0
contig_1961	1300000	1327320	2.0
contig_1962	0	100000	10.0
contig_1962	100000	200000	1.0
contig_1962	200000	300000	9.0
contig_1962	300000	400000	2.0
contig_1962	400000	500000	9.0
contig_1962	500000	600000	1.0
contig_1962	600000	700000	3.0
contig_1962	700000	800000	5.0
contig_1962	800000	900000	3.0
contig_1962	900000	1000000	1.0
contig_1962	1000000	1100000	3.0
contig_1962	1100000	1162462	3.0
contig_1963	0	100000	1.0
contig_1963	300000	400000	1.0
contig_1963	400000	500000	4.0
contig_1963	500000	553769	5.0
contig_1964	100000	145574	2.0
contig_1965	0	89619	5.0
contig_1966	0	100000	1.0
contig_1966	100000	128307	4.0
contig_1967	0	100000	2.0
contig_1967	100000	136468	1.0
contig_1968	0	100000	4.0
contig_1968	100000	200000	2.0
contig_1968	200000	300000	1.0
contig_1968	300000	400000	1.0
contig_1968	500000	600000	1.0
contig_1968	600000	700000	1.0
contig_1968	700000	800000	1.0
contig_1968	900000	1000000	2.0
contig_1968	1300000	1400000	1.0
contig_1968	1400000	1500000	7.0
contig_1968	1600000	1608939	1.0
contig_1969	0	100000	1.0
contig_1969	100000	200000	4.0
contig_1969	200000	300000	7.0
contig_1969	300000	400000	6.0
contig_1969	400000	500000	4.0
contig_1969	500000	600000	1.0
contig_1969	600000	700000	4.0
contig_1969	700000	800000	1.0
contig_1969	900000	916102	1.0
contig_1970	0	100000	1.0
contig_1970	100000	200000	2.0
contig_1970	300000	400000	1.0
contig_1970	400000	500000	2.0
contig_1970	500000	600000	1.0
contig_1970	600000	700000	1.0
contig_1970	700000	800000	4.0
contig_1970	800000	900000	1.0
contig_1970	1000000	1100000	2.0
contig_1970	1200000	1300000	1.0
contig_1970	1400000	1500000	1.0
contig_1970	1700000	1800000	1.0
contig_1970	1800000	1900000	2.0
contig_1970	2000000	2037383	2.0
contig_1971	0	100000	1.0
contig_1971	100000	200000	2.0
contig_1971	300000	400000	1.0
contig_1971	500000	600000	2.0
contig_1971	600000	700000	1.0
contig_1971	700000	800000	1.0
contig_1971	900000	1000000	1.0
contig_1971	1000000	1100000	1.0
contig_1971	1100000	1200000	1.0
contig_1971	1200000	1300000	1.0
contig_1971	1400000	1500000	1.0
contig_1971	1500000	1600000	2.0
contig_1971	1700000	1800000	2.0
contig_1971	1800000	1900000	2.0
contig_1971	1900000	2000000	2.0
contig_1971	2000000	2047896	1.0
contig_1972	0	100000	10.0
contig_1972	100000	200000	4.0
contig_1972	200000	300000	1.0
contig_1972	400000	500000	1.0
contig_1972	500000	600000	7.0
contig_1972	600000	700000	3.0
contig_1972	700000	800000	1.0
contig_1972	800000	900000	2.0
contig_1972	900000	1000000	4.0
contig_1972	1000000	1100000	1.0
contig_1972	1100000	1200000	1.0
contig_1972	1200000	1300000	1.0
contig_1972	1300000	1400000	5.0
contig_1972	1400000	1500000	2.0
contig_1972	1500000	1600000	1.0
contig_1972	1600000	1700000	3.0
contig_1972	1700000	1800000	2.0
contig_1972	1800000	1900000	2.0
contig_1972	1900000	2000000	4.0
contig_1972	2000000	2100000	1.0
contig_1972	2100000	2200000	1.0
contig_1972	2200000	2300000	1.0
contig_1972	2300000	2400000	1.0
contig_1972	2400000	2500000	1.0
contig_1972	2600000	2700000	1.0
contig_1972	2700000	2800000	3.0
contig_1972	2800000	2800380	1.0
contig_1973	0	100000	2.0
contig_1973	100000	200000	1.0
contig_1973	200000	297594	3.0
contig_1974	0	88947	5.0
contig_1975	100000	200000	1.0
contig_1975	200000	300000	1.0
contig_1975	500000	600000	1.0
contig_1975	600000	620785	1.0
contig_1976	0	100000	3.0
contig_1976	100000	200000	5.0
contig_1976	300000	400000	2.0
contig_1976	400000	486364	6.0
contig_1977	0	100000	2.0
contig_1977	100000	200000	5.0
contig_1977	200000	300000	1.0
contig_1977	300000	400000	1.0
contig_1977	500000	600000	2.0
contig_1977	600000	700000	1.0
contig_1977	700000	800000	1.0
contig_1977	800000	900000	1.0
contig_1977	900000	1000000	3.0
contig_1977	1000000	1100000	1.0
contig_1977	1100000	1200000	2.0
contig_1977	1200000	1300000	3.0
contig_1977	1300000	1400000	1.0
contig_1977	1400000	1500000	3.0
contig_1977	1500000	1600000	3.0
contig_1977	1700000	1800000	5.0
contig_1977	1800000	1900000	2.0
contig_1977	1900000	2000000	5.0
contig_1977	2100000	2200000	1.0
contig_1977	2200000	2300000	8.0
contig_1977	2300000	2400000	3.0
contig_1977	2400000	2500000	5.0
contig_1977	2600000	2700000	1.0
contig_1977	2700000	2800000	3.0
contig_1977	2800000	2900000	1.0
contig_1977	2900000	3000000	1.0
contig_1977	3000000	3100000	4.0
contig_1977	3100000	3200000	1.0
contig_1977	3200000	3300000	5.0
contig_1977	3300000	3400000	5.0
contig_1977	3400000	3471500	1.0
contig_1978	0	100000	1.0
contig_1978	100000	200000	2.0
contig_1978	200000	300000	3.0
contig_1978	300000	400000	3.0
contig_1978	400000	500000	1.0
contig_1978	500000	600000	2.0
contig_1978	600000	700000	3.0
contig_1978	700000	800000	4.0
contig_1978	800000	900000	1.0
contig_1978	900000	1000000	3.0
contig_1978	1000000	1100000	2.0
contig_1978	1100000	1200000	1.0
contig_1978	1400000	1500000	3.0
contig_1978	1500000	1600000	2.0
contig_1978	1600000	1700000	1.0
contig_1978	1700000	1800000	5.0
contig_1978	1800000	1900000	3.0
contig_1978	1900000	2000000	5.0
contig_1978	2000000	2100000	2.0
contig_1978	2100000	2117088	1.0
contig_1979	200000	300000	2.0
contig_1979	300000	366515	2.0
contig_1980	0	100000	8.0
contig_1980	100000	200000	5.0
contig_1980	300000	400000	1.0
contig_1980	400000	500000	3.0
contig_1980	500000	600000	1.0
contig_1980	700000	720055	1.0
contig_1981	0	100000	4.0
contig_1981	100000	200000	4.0
contig_1981	200000	300000	1.0
contig_1981	500000	600000	1.0
contig_1981	600000	700000	2.0
contig_1981	900000	1000000	1.0
contig_1981	1000000	1100000	6.0
contig_1981	1100000	1200000	5.0
contig_1981	1200000	1300000	4.0
contig_1981	1300000	1337973	2.0
contig_1982	100000	200000	1.0
contig_1982	200000	300000	2.0
contig_1982	300000	400000	1.0
contig_1982	400000	500000	1.0
contig_1982	600000	700000	3.0
contig_1982	800000	900000	5.0
contig_1982	900000	1000000	3.0
contig_1982	1000000	1100000	1.0
contig_1982	1100000	1200000	1.0
contig_1982	1300000	1400000	2.0
contig_1982	1500000	1600000	4.0
contig_1982	1600000	1700000	3.0
contig_1982	1700000	1800000	2.0
contig_1982	1800000	1860203	2.0
contig_1983	0	100000	6.0
contig_1983	100000	200000	2.0
contig_1983	200000	300000	2.0
contig_1983	300000	400000	2.0
contig_1983	400000	500000	6.0
contig_1983	500000	600000	2.0
contig_1983	600000	700000	4.0
contig_1983	700000	800000	5.0
contig_1983	800000	900000	7.0
contig_1983	900000	1000000	1.0
contig_1983	1000000	1100000	4.0
contig_1983	1100000	1200000	1.0
contig_1983	1200000	1300000	5.0
contig_1983	1300000	1400000	2.0
contig_1983	1400000	1500000	3.0
contig_1983	1600000	1700000	3.0
contig_1983	1700000	1800000	4.0
contig_1983	1800000	1900000	8.0
contig_1983	1900000	2000000	8.0
contig_1983	2000000	2100000	3.0
contig_1983	2200000	2300000	3.0
contig_1983	2300000	2304244	1.0
contig_1984	0	100000	5.0
contig_1984	100000	200000	1.0
contig_1984	200000	300000	1.0
contig_1984	300000	400000	2.0
contig_1984	600000	700000	2.0
contig_1984	700000	800000	3.0
contig_1984	800000	900000	1.0
contig_1984	900000	1000000	4.0
contig_1984	1000000	1100000	1.0
contig_1984	1100000	1200000	2.0
contig_1984	1200000	1300000	1.0
contig_1984	1400000	1500000	2.0
contig_1984	1500000	1600000	5.0
contig_1984	1600000	1700000	1.0
contig_1984	1800000	1900000	1.0
contig_1984	2000000	2100000	1.0
contig_1984	2300000	2400000	1.0
contig_1984	2400000	2487803	2.0
contig_1985	0	100000	2.0
contig_1985	100000	200000	1.0
contig_1985	200000	300000	2.0
contig_1985	300000	400000	1.0
contig_1985	400000	500000	2.0
contig_1985	500000	600000	4.0
contig_1985	600000	629652	1.0
contig_1986	200000	300000	1.0
contig_1986	300000	400000	1.0
contig_1986	400000	500000	1.0
contig_1986	600000	700000	4.0
contig_1986	700000	800000	2.0
contig_1986	800000	806191	2.0
contig_1987	0	43723	1.0
contig_1988	0	100000	3.0
contig_1988	100000	200000	4.0
contig_1988	200000	226694	3.0
contig_1989	0	100000	1.0
contig_1989	100000	200000	2.0
contig_1989	200000	300000	3.0
contig_1989	300000	400000	1.0
contig_1989	400000	423450	1.0
contig_1990	0	100000	1.0
contig_1990	100000	200000	2.0
contig_1990	200000	300000	1.0
contig_1990	300000	400000	3.0
contig_1990	400000	500000	2.0
contig_1990	500000	600000	3.0
contig_1990	600000	700000	5.0
contig_1990	700000	771978	3.0
contig_1991	0	41515	3.0
contig_1992	0	100000	3.0
contig_1992	100000	200000	5.0
contig_1992	200000	300000	1.0
contig_1992	300000	317600	1.0
contig_1994	0	100000	6.0
contig_1994	100000	200000	1.0
contig_1994	200000	300000	1.0
contig_1994	300000	400000	6.0
contig_1994	600000	700000	2.0
contig_1994	700000	800000	2.0
contig_1994	800000	900000	3.0
contig_1994	900000	959329	3.0
contig_1995	0	100000	1.0
contig_1995	100000	200000	1.0
contig_1995	200000	300000	1.0
contig_1995	300000	400000	3.0
contig_1995	400000	500000	2.0
contig_1995	500000	600000	3.0
contig_1995	600000	700000	5.0
contig_1995	700000	800000	3.0
contig_1995	800000	839799	3.0
contig_1996	100000	200000	1.0
contig_1996	300000	400000	1.0
contig_1996	400000	500000	3.0
contig_1996	500000	600000	2.0
contig_1997	0	23544	2.0
contig_1998	100000	200000	2.0
contig_1998	200000	210340	2.0
contig_1999	0	100000	3.0
contig_1999	100000	200000	6.0
contig_1999	200000	284260	6.0
contig_2000	0	100000	7.0
contig_2000	100000	200000	7.0
contig_2000	200000	289328	2.0
contig_2001	0	100000	4.0
contig_2001	100000	200000	2.0
contig_2001	200000	300000	1.0
contig_2001	300000	400000	1.0
contig_2001	500000	600000	1.0
contig_2001	600000	700000	2.0
contig_2001	700000	800000	2.0
contig_2001	800000	900000	4.0
contig_2001	1000000	1100000	1.0
contig_2001	1300000	1357006	3.0
contig_2002	100000	200000	1.0
contig_2002	200000	300000	2.0
contig_2002	300000	400000	6.0
contig_2002	400000	500000	2.0
contig_2002	500000	600000	1.0
contig_2002	600000	626044	2.0
contig_2003	0	100000	1.0
contig_2003	100000	200000	2.0
contig_2004	0	100000	2.0
contig_2004	100000	200000	1.0
contig_2004	200000	300000	2.0
contig_2004	300000	353054	1.0
contig_2005	0	100000	2.0
contig_2005	100000	142431	1.0
contig_2006	100000	121267	1.0
contig_2007	0	100000	2.0
contig_2008	0	100000	3.0
contig_2008	100000	200000	3.0
contig_2008	200000	300000	1.0
contig_2008	300000	400000	2.0
contig_2008	400000	500000	2.0
contig_2008	500000	600000	2.0
contig_2008	600000	700000	2.0
contig_2008	700000	800000	1.0
contig_2008	800000	900000	1.0
contig_2008	1100000	1200000	3.0
contig_2008	1200000	1300000	1.0
contig_2008	1500000	1513057	1.0
contig_2009	0	100000	2.0
contig_2009	100000	124444	1.0
contig_2010	0	100000	2.0
contig_2010	100000	200000	2.0
contig_2010	200000	300000	1.0
contig_2010	300000	400000	2.0
contig_2010	400000	500000	1.0
contig_2010	500000	600000	2.0
contig_2010	600000	700000	6.0
contig_2010	700000	800000	3.0
contig_2010	800000	900000	1.0
contig_2010	900000	1000000	1.0
contig_2010	1300000	1400000	1.0
contig_2010	1600000	1700000	1.0
contig_2010	1800000	1900000	1.0
contig_2010	1900000	2000000	3.0
contig_2010	2000000	2100000	3.0
contig_2010	2200000	2300000	2.0
contig_2010	2400000	2500000	5.0
contig_2010	2500000	2600000	3.0
contig_2010	2600000	2700000	2.0
contig_2010	2700000	2800000	1.0
contig_2010	3200000	3300000	1.0
contig_2010	3400000	3500000	1.0
contig_2010	3700000	3800000	1.0
contig_2010	3800000	3900000	3.0
contig_2010	3900000	4000000	2.0
contig_2010	4000000	4100000	7.0
contig_2010	4100000	4200000	3.0
contig_2010	4200000	4300000	2.0
contig_2010	4300000	4400000	4.0
contig_2010	4400000	4500000	1.0
contig_2010	4800000	4900000	1.0
contig_2010	5000000	5100000	1.0
contig_2010	5200000	5300000	1.0
contig_2010	5400000	5500000	2.0
contig_2010	5600000	5700000	2.0
contig_2010	5700000	5800000	7.0
contig_2010	5800000	5900000	1.0
contig_2010	5900000	6000000	3.0
contig_2010	6100000	6200000	5.0
contig_2010	6200000	6300000	3.0
contig_2010	6300000	6400000	1.0
contig_2010	6400000	6500000	6.0
contig_2010	6500000	6600000	2.0
contig_2010	6600000	6700000	3.0
contig_2010	6700000	6800000	2.0
contig_2010	6900000	7000000	1.0
contig_2010	7000000	7100000	1.0
contig_2010	7100000	7200000	7.0
contig_2010	7200000	7300000	2.0
contig_2010	7300000	7400000	1.0
contig_2010	7400000	7443130	1.0
contig_2012	0	100000	2.0
contig_2012	100000	200000	4.0
contig_2012	200000	254272	3.0
contig_2013	0	100000	5.0
contig_2013	100000	200000	4.0
contig_2013	200000	300000	2.0
contig_2013	300000	306212	1.0
contig_2014	0	100000	4.0
contig_2014	100000	200000	2.0
contig_2014	200000	300000	4.0
contig_2014	300000	400000	1.0
contig_2014	400000	500000	2.0
contig_2014	500000	600000	1.0
contig_2014	700000	800000	1.0
contig_2014	900000	1000000	1.0
contig_2014	1000000	1100000	2.0
contig_2014	1100000	1200000	2.0
contig_2014	1300000	1400000	2.0
contig_2014	1400000	1431094	4.0
contig_2015	0	100000	2.0
contig_2015	100000	200000	1.0
contig_2015	200000	300000	7.0
contig_2015	300000	400000	2.0
contig_2015	400000	500000	1.0
contig_2015	600000	700000	2.0
contig_2015	700000	800000	3.0
contig_2015	800000	900000	2.0
contig_2015	1000000	1037750	3.0
contig_2016	0	100000	3.0
contig_2016	100000	200000	2.0
contig_2016	400000	500000	1.0
contig_2016	900000	1000000	1.0
contig_2016	1000000	1100000	1.0
contig_2016	1100000	1200000	8.0
contig_2016	1200000	1300000	6.0
contig_2016	1400000	1467616	1.0
contig_2017	0	100000	5.0
contig_2017	100000	200000	1.0
contig_2017	200000	300000	5.0
contig_2017	300000	400000	2.0
contig_2017	400000	500000	4.0
contig_2017	600000	700000	3.0
contig_2017	800000	900000	1.0
contig_2017	1200000	1300000	2.0
contig_2017	1300000	1400000	1.0
contig_2017	1500000	1600000	1.0
contig_2017	2000000	2100000	2.0
contig_2017	2100000	2200000	1.0
contig_2017	2300000	2400000	1.0
contig_2017	2500000	2600000	1.0
contig_2017	2600000	2700000	2.0
contig_2017	2700000	2800000	1.0
contig_2017	2800000	2900000	1.0
contig_2017	3000000	3100000	1.0
contig_2017	3100000	3200000	1.0
contig_2017	3200000	3300000	1.0
contig_2017	3300000	3400000	3.0
contig_2017	3400000	3500000	1.0
contig_2017	3500000	3600000	1.0
contig_2017	3600000	3700000	2.0
contig_2017	3700000	3800000	3.0
contig_2017	3800000	3900000	3.0
contig_2017	3900000	4000000	5.0
contig_2017	4000000	4100000	1.0
contig_2017	4100000	4200000	4.0
contig_2017	4200000	4300000	3.0
contig_2017	4300000	4314531	5.0
contig_2018	0	100000	1.0
contig_2018	200000	300000	1.0
contig_2018	300000	400000	1.0
contig_2018	400000	487966	1.0
contig_2019	100000	200000	2.0
contig_2019	200000	300000	2.0
contig_2019	300000	400000	6.0
contig_2019	400000	471424	1.0
contig_2020	0	100000	3.0
contig_2020	100000	200000	1.0
contig_2020	200000	281124	2.0
contig_2021	0	100000	4.0
contig_2021	100000	103574	1.0
contig_2022	0	100000	2.0
contig_2022	100000	200000	3.0
contig_2023	100000	200000	2.0
contig_2023	200000	300000	1.0
contig_2023	300000	400000	1.0
contig_2023	900000	1000000	3.0
contig_2023	1000000	1100000	2.0
contig_2023	1100000	1200000	1.0
contig_2023	1200000	1300000	4.0
contig_2023	1300000	1400000	3.0
contig_2023	1400000	1500000	3.0
contig_2023	1500000	1600000	2.0
contig_2023	1600000	1700000	2.0
contig_2023	1700000	1800000	2.0
contig_2023	1800000	1900000	5.0
contig_2023	1900000	2000000	1.0
contig_2023	2000000	2100000	2.0
contig_2023	2100000	2200000	4.0
contig_2023	2200000	2300000	4.0
contig_2023	2300000	2400000	2.0
contig_2023	2400000	2500000	10.0
contig_2023	2500000	2515331	3.0
contig_2024	0	100000	8.0
contig_2024	100000	145782	1.0
contig_2025	0	100000	1.0
contig_2025	100000	200000	1.0
contig_2025	200000	300000	4.0
contig_2025	300000	400000	5.0
contig_2025	500000	600000	1.0
contig_2025	700000	800000	2.0
contig_2025	1000000	1100000	3.0
contig_2025	1100000	1200000	1.0
contig_2025	1200000	1300000	1.0
contig_2025	1300000	1400000	1.0
contig_2025	1400000	1500000	1.0
contig_2025	1500000	1600000	1.0
contig_2025	1700000	1800000	1.0
contig_2025	1800000	1900000	1.0
contig_2025	2000000	2100000	2.0
contig_2025	2100000	2200000	2.0
contig_2025	2200000	2300000	2.0
contig_2025	2300000	2400000	2.0
contig_2025	2400000	2500000	1.0
contig_2025	2500000	2600000	4.0
contig_2025	2600000	2700000	1.0
contig_2025	2700000	2800000	2.0
contig_2025	2800000	2900000	2.0
contig_2026	0	100000	2.0
contig_2026	100000	200000	1.0
contig_2026	200000	300000	2.0
contig_2026	300000	400000	1.0
contig_2026	500000	600000	3.0
contig_2026	600000	700000	1.0
contig_2026	700000	800000	5.0
contig_2026	800000	900000	2.0
contig_2026	900000	1000000	2.0
contig_2026	1200000	1300000	4.0
contig_2026	1300000	1400000	1.0
contig_2026	1500000	1532142	3.0
contig_2027	0	100000	4.0
contig_2027	100000	200000	1.0
contig_2027	200000	300000	1.0
contig_2027	300000	400000	2.0
contig_2027	400000	500000	1.0
contig_2027	500000	600000	5.0
contig_2027	600000	700000	1.0
contig_2027	700000	800000	3.0
contig_2027	800000	900000	4.0
contig_2027	1000000	1100000	1.0
contig_2028	0	100000	1.0
contig_2028	100000	200000	1.0
contig_2028	300000	373171	7.0
contig_2029	0	100000	5.0
contig_2029	100000	200000	1.0
contig_2029	200000	251486	1.0
contig_2030	0	100000	2.0
contig_2030	200000	300000	1.0
contig_2030	400000	500000	1.0
contig_2030	700000	800000	4.0
contig_2030	800000	900000	3.0
contig_2030	900000	1000000	2.0
contig_2030	1000000	1100000	9.0
contig_2030	1100000	1200000	2.0
contig_2030	1200000	1246440	1.0
contig_2031	0	100000	2.0
contig_2031	100000	200000	7.0
contig_2031	200000	281163	1.0
contig_2032	0	100000	7.0
contig_2032	100000	200000	3.0
contig_2032	200000	300000	2.0
contig_2032	300000	400000	2.0
contig_2032	400000	500000	5.0
contig_2032	500000	600000	5.0
contig_2032	600000	700000	2.0
contig_2032	700000	800000	5.0
contig_2032	800000	900000	7.0
contig_2032	1000000	1100000	1.0
contig_2032	1400000	1500000	2.0
contig_2032	1500000	1600000	1.0
contig_2032	1600000	1700000	1.0
contig_2032	1700000	1800000	1.0
contig_2032	1800000	1900000	2.0
contig_2032	1900000	1967607	2.0
contig_2033	0	95246	2.0
contig_2034	0	35681	2.0
contig_2035	0	99794	5.0
contig_2036	0	100000	2.0
contig_2036	100000	130151	2.0
contig_2037	0	100000	2.0
contig_2037	100000	200000	1.0
contig_2037	200000	300000	1.0
contig_2037	300000	400000	1.0
contig_2037	500000	539991	2.0
contig_2038	0	100000	1.0
contig_2038	100000	102539	2.0
contig_2039	0	100000	3.0
contig_2039	100000	200000	1.0
contig_2039	200000	300000	2.0
contig_2039	300000	400000	2.0
contig_2039	400000	500000	1.0
contig_2039	500000	600000	2.0
contig_2039	600000	700000	2.0
contig_2039	700000	800000	3.0
contig_2039	900000	1000000	1.0
contig_2039	1000000	1100000	2.0
contig_2039	1100000	1200000	4.0
contig_2039	1400000	1500000	2.0
contig_2039	1600000	1700000	4.0
contig_2039	1700000	1800000	4.0
contig_2039	1800000	1900000	4.0
contig_2039	1900000	2000000	4.0
contig_2039	2000000	2100000	6.0
contig_2039	2100000	2200000	3.0
contig_2039	2200000	2300000	1.0
contig_2039	2300000	2400000	1.0
contig_2039	2400000	2500000	5.0
contig_2039	2500000	2600000	2.0
contig_2039	2600000	2700000	6.0
contig_2039	2700000	2800000	12.0
contig_2039	2800000	2900000	2.0
contig_2039	2900000	3000000	3.0
contig_2039	3100000	3200000	2.0
contig_2039	3200000	3300000	4.0
contig_2039	3300000	3400000	1.0
contig_2039	3400000	3500000	2.0
contig_2039	3500000	3520622	3.0
contig_2040	0	100000	6.0
contig_2040	100000	200000	4.0
contig_2040	200000	300000	2.0
contig_2040	300000	400000	2.0
contig_2040	400000	500000	1.0
contig_2040	500000	571286	3.0
contig_2041	0	100000	3.0
contig_2041	100000	200000	6.0
contig_2041	200000	300000	3.0
contig_2041	500000	600000	3.0
contig_2041	600000	700000	2.0
contig_2041	700000	800000	1.0
contig_2041	800000	900000	3.0
contig_2041	900000	1000000	1.0
contig_2041	1000000	1100000	1.0
contig_2041	1100000	1200000	2.0
contig_2041	1200000	1300000	1.0
contig_2041	1300000	1400000	1.0
contig_2041	1400000	1500000	3.0
contig_2041	1500000	1600000	2.0
contig_2041	1600000	1700000	1.0
contig_2041	1700000	1800000	1.0
contig_2041	1800000	1900000	1.0
contig_2041	1900000	2000000	1.0
contig_2041	2000000	2100000	1.0
contig_2041	2200000	2300000	1.0
contig_2041	2300000	2400000	1.0
contig_2041	2400000	2448270	7.0
contig_2042	0	100000	3.0
contig_2042	100000	200000	2.0
contig_2042	200000	300000	1.0
contig_2042	300000	400000	1.0
contig_2042	400000	500000	1.0
contig_2042	600000	700000	2.0
contig_2042	700000	800000	1.0
contig_2042	800000	900000	4.0
contig_2042	900000	1000000	2.0
contig_2042	1000000	1100000	3.0
contig_2042	1100000	1200000	1.0
contig_2042	1200000	1300000	1.0
contig_2042	1400000	1500000	1.0
contig_2042	1600000	1700000	3.0
contig_2042	1700000	1800000	1.0
contig_2042	1900000	2000000	1.0
contig_2043	0	100000	7.0
contig_2043	100000	200000	6.0
contig_2043	200000	300000	3.0
contig_2043	300000	302597	1.0
contig_2044	0	100000	1.0
contig_2044	100000	200000	3.0
contig_2044	200000	232679	2.0
contig_2045	0	100000	1.0
contig_2045	100000	194826	3.0
contig_2046	0	100000	5.0
contig_2046	100000	200000	3.0
contig_2046	200000	300000	4.0
contig_2046	300000	400000	1.0
contig_2046	400000	500000	1.0
contig_2046	600000	700000	2.0
contig_2046	700000	800000	2.0
contig_2046	800000	900000	1.0
contig_2046	1000000	1100000	1.0
contig_2046	1100000	1200000	3.0
contig_2046	1300000	1400000	1.0
contig_2046	1400000	1500000	4.0
contig_2046	1500000	1600000	3.0
contig_2046	1600000	1700000	2.0
contig_2046	1700000	1800000	1.0
contig_2046	1800000	1900000	1.0
contig_2046	1900000	2000000	2.0
contig_2046	2000000	2100000	3.0
contig_2046	2100000	2200000	2.0
contig_2046	2200000	2300000	2.0
contig_2046	2300000	2400000	8.0
contig_2046	2400000	2441260	1.0
contig_2047	100000	200000	4.0
contig_2047	200000	255700	2.0
contig_2048	0	100000	6.0
contig_2048	100000	200000	3.0
contig_2048	200000	300000	7.0
contig_2048	300000	315563	3.0
contig_2049	100000	200000	3.0
contig_2049	200000	300000	1.0
contig_2049	300000	400000	2.0
contig_2049	400000	444867	1.0
contig_2050	0	100000	1.0
contig_2050	100000	200000	1.0
contig_2050	200000	300000	3.0
contig_2050	600000	700000	2.0
contig_2050	800000	900000	1.0
contig_2050	900000	1000000	1.0
contig_2050	1000000	1100000	2.0
contig_2050	1100000	1200000	1.0
contig_2050	1300000	1400000	2.0
contig_2050	1400000	1500000	4.0
contig_2050	1500000	1600000	2.0
contig_2050	1700000	1800000	1.0
contig_2050	2100000	2200000	1.0
contig_2050	2200000	2300000	1.0
contig_2050	2300000	2400000	2.0
contig_2050	2400000	2500000	1.0
contig_2050	2500000	2600000	4.0
contig_2050	2600000	2700000	7.0
contig_2050	2700000	2800000	4.0
contig_2050	2800000	2900000	2.0
contig_2050	2900000	2987100	2.0
contig_2051	0	100000	1.0
contig_2051	100000	200000	2.0
contig_2051	200000	300000	2.0
contig_2051	300000	332234	1.0
contig_2052	0	100000	1.0
contig_2052	100000	200000	1.0
contig_2052	200000	300000	2.0
contig_2052	300000	400000	3.0
contig_2052	400000	500000	3.0
contig_2052	500000	600000	4.0
contig_2052	600000	700000	3.0
contig_2052	700000	800000	2.0
contig_2052	800000	900000	7.0
contig_2052	900000	1000000	2.0
contig_2052	1000000	1100000	6.0
contig_2052	1100000	1200000	2.0
contig_2052	1200000	1300000	1.0
contig_2052	1300000	1400000	2.0
contig_2052	1400000	1496452	1.0
contig_2053	0	100000	4.0
contig_2053	100000	200000	1.0
contig_2053	200000	300000	3.0
contig_2053	300000	400000	3.0
contig_2053	500000	600000	2.0
contig_2053	600000	601998	2.0
contig_2054	0	100000	7.0
contig_2054	100000	200000	12.0
contig_2054	200000	300000	14.0
contig_2054	300000	400000	1.0
contig_2054	400000	500000	1.0
contig_2054	500000	600000	1.0
contig_2054	600000	700000	4.0
contig_2054	800000	900000	2.0
contig_2054	900000	1000000	2.0
contig_2054	1100000	1200000	4.0
contig_2054	1400000	1500000	2.0
contig_2054	1500000	1600000	1.0
contig_2054	1600000	1700000	1.0
contig_2054	1800000	1900000	1.0
contig_2054	1900000	2000000	4.0
contig_2054	2000000	2100000	2.0
contig_2054	2100000	2200000	5.0
contig_2054	2200000	2300000	1.0
contig_2054	2300000	2400000	2.0
contig_2054	2700000	2800000	2.0
contig_2054	2800000	2900000	1.0
contig_2054	2900000	3000000	4.0
contig_2054	3000000	3100000	2.0
contig_2054	3100000	3200000	2.0
contig_2054	3200000	3283146	4.0
contig_2055	0	100000	4.0
contig_2055	100000	200000	4.0
contig_2055	200000	300000	1.0
contig_2055	300000	400000	4.0
contig_2055	400000	500000	2.0
contig_2055	500000	600000	2.0
contig_2055	600000	700000	2.0
contig_2055	700000	800000	1.0
contig_2055	800000	900000	2.0
contig_2055	900000	1000000	5.0
contig_2055	1000000	1100000	4.0
contig_2055	1100000	1200000	4.0
contig_2055	1200000	1300000	2.0
contig_2056	0	77332	2.0
contig_2057	0	100000	1.0
contig_2057	100000	200000	1.0
contig_2057	200000	300000	6.0
contig_2057	800000	900000	1.0
contig_2057	900000	1000000	2.0
contig_2057	1000000	1100000	6.0
contig_2057	1100000	1200000	3.0
contig_2057	1200000	1300000	3.0
contig_2057	1300000	1374719	2.0
contig_2058	0	100000	9.0
contig_2058	100000	200000	1.0
contig_2058	200000	300000	3.0
contig_2058	300000	400000	2.0
contig_2058	400000	500000	1.0
contig_2058	500000	585092	5.0
contig_2059	0	100000	4.0
contig_2059	100000	200000	1.0
contig_2059	200000	300000	1.0
contig_2059	300000	400000	2.0
contig_2059	400000	500000	6.0
contig_2059	500000	600000	2.0
contig_2059	600000	700000	2.0
contig_2059	700000	800000	1.0
contig_2059	800000	900000	1.0
contig_2059	1000000	1100000	1.0
contig_2059	1500000	1600000	3.0
contig_2059	1600000	1700000	1.0
contig_2059	1700000	1800000	2.0
contig_2059	1900000	2000000	2.0
contig_2059	2300000	2400000	1.0
contig_2059	2600000	2700000	2.0
contig_2059	2700000	2800000	1.0
contig_2059	2900000	3000000	1.0
contig_2059	3000000	3100000	2.0
contig_2059	3100000	3200000	2.0
contig_2059	3200000	3300000	5.0
contig_2059	3300000	3400000	1.0
contig_2059	3400000	3500000	5.0
contig_2059	3500000	3600000	2.0
contig_2059	3600000	3700000	1.0
contig_2059	3900000	4000000	3.0
contig_2059	4000000	4100000	1.0
contig_2059	4200000	4211841	1.0
contig_2060	0	100000	1.0
contig_2060	400000	500000	1.0
contig_2060	500000	600000	1.0
contig_2060	600000	700000	1.0
contig_2060	800000	900000	2.0
contig_2060	900000	1000000	1.0
contig_2060	1000000	1100000	2.0
contig_2060	1100000	1200000	1.0
contig_2060	1200000	1300000	2.0
contig_2060	1400000	1435559	1.0
contig_2061	0	100000	4.0
contig_2061	100000	200000	2.0
contig_2061	200000	300000	3.0
contig_2061	300000	400000	2.0
contig_2061	700000	800000	2.0
contig_2061	800000	900000	2.0
contig_2061	900000	1000000	3.0
contig_2061	1000000	1100000	1.0
contig_2061	1100000	1200000	4.0
contig_2061	1200000	1300000	3.0
contig_2061	1300000	1400000	2.0
contig_2061	1400000	1500000	5.0
contig_2061	1500000	1600000	5.0
contig_2061	1600000	1700000	2.0
contig_2061	1700000	1760737	2.0
contig_2062	0	100000	2.0
contig_2062	100000	102117	1.0
contig_2063	0	82816	4.0
contig_2064	0	100000	2.0
contig_2064	100000	200000	1.0
contig_2064	200000	300000	1.0
contig_2064	300000	400000	2.0
contig_2064	400000	500000	5.0
contig_2064	500000	600000	3.0
contig_2064	700000	800000	1.0
contig_2064	800000	900000	3.0
contig_2064	900000	1000000	3.0
contig_2064	1000000	1100000	1.0
contig_2064	1200000	1300000	2.0
contig_2064	1400000	1471071	1.0
contig_2065	0	100000	7.0
contig_2065	100000	200000	2.0
contig_2065	200000	300000	1.0
contig_2065	300000	400000	1.0
contig_2065	400000	500000	1.0
contig_2065	600000	700000	2.0
contig_2065	700000	800000	3.0
contig_2065	900000	1000000	1.0
contig_2065	1000000	1100000	2.0
contig_2065	1100000	1200000	3.0
contig_2065	1200000	1300000	4.0
contig_2065	1300000	1400000	2.0
contig_2065	1400000	1500000	5.0
contig_2065	1500000	1600000	5.0
contig_2065	1600000	1700000	3.0
contig_2065	1700000	1800000	3.0
contig_2065	1800000	1900000	2.0
contig_2065	1900000	2000000	1.0
contig_2065	2100000	2200000	2.0
contig_2065	2300000	2400000	1.0
contig_2065	2400000	2500000	3.0
contig_2065	2500000	2600000	1.0
contig_2065	2700000	2800000	1.0
contig_2065	2800000	2900000	2.0
contig_2065	2900000	3000000	1.0
contig_2065	3500000	3600000	1.0
contig_2065	3600000	3700000	3.0
contig_2065	3700000	3800000	2.0
contig_2065	3800000	3900000	6.0
contig_2065	3900000	4000000	5.0
contig_2065	4000000	4100000	1.0
contig_2065	4100000	4200000	2.0
contig_2065	4200000	4300000	6.0
contig_2065	4300000	4400000	1.0
contig_2065	4400000	4500000	2.0
contig_2065	4500000	4584097	3.0
contig_2066	0	100000	1.0
contig_2066	100000	200000	2.0
contig_2066	200000	300000	2.0
contig_2066	300000	400000	2.0
contig_2066	400000	500000	1.0
contig_2066	500000	600000	1.0
contig_2066	700000	800000	1.0
contig_2066	800000	900000	1.0
contig_2066	900000	1000000	4.0
contig_2066	1000000	1100000	1.0
contig_2066	1100000	1200000	3.0
contig_2066	1200000	1300000	3.0
contig_2066	1500000	1600000	1.0
contig_2066	1600000	1678114	2.0
contig_2067	0	100000	5.0
contig_2067	100000	152508	1.0
contig_2068	0	100000	1.0
contig_2068	100000	200000	1.0
contig_2068	300000	400000	2.0
contig_2068	400000	500000	1.0
contig_2068	500000	600000	2.0
contig_2068	700000	800000	1.0
contig_2068	900000	1000000	4.0
contig_2068	1200000	1300000	1.0
contig_2068	1300000	1400000	2.0
contig_2068	1400000	1500000	3.0
contig_2068	1700000	1800000	1.0
contig_2068	1800000	1900000	3.0
contig_2068	1900000	2000000	5.0
contig_2068	2000000	2100000	3.0
contig_2068	2100000	2200000	5.0
contig_2068	2200000	2300000	3.0
contig_2068	2400000	2500000	4.0
contig_2068	2500000	2600000	1.0
contig_2068	2600000	2700000	3.0
contig_2068	2700000	2800000	3.0
contig_2068	2800000	2900000	3.0
contig_2068	2900000	3000000	9.0
contig_2068	3000000	3100000	4.0
contig_2068	3100000	3200000	3.0
contig_2068	3200000	3300000	4.0
contig_2068	3300000	3400000	3.0
contig_2068	3400000	3500000	2.0
contig_2068	3700000	3800000	1.0
contig_2068	3800000	3900000	1.0
contig_2068	4000000	4100000	1.0
contig_2068	4100000	4200000	3.0
contig_2068	4200000	4300000	1.0
contig_2068	4300000	4400000	2.0
contig_2068	4400000	4500000	3.0
contig_2068	4500000	4558713	1.0
contig_2069	0	100000	2.0
contig_2069	100000	200000	7.0
contig_2069	200000	300000	2.0
contig_2069	300000	400000	1.0
contig_2070	0	38410	2.0
contig_2071	0	48500	2.0
contig_2072	100000	200000	3.0
contig_2072	200000	300000	6.0
contig_2072	300000	400000	2.0
contig_2072	400000	500000	4.0
contig_2072	500000	600000	2.0
contig_2072	600000	700000	2.0
contig_2072	700000	784729	4.0
contig_2073	100000	200000	2.0
contig_2073	200000	300000	4.0
contig_2073	300000	320777	1.0
contig_2074	0	100000	4.0
contig_2074	100000	200000	2.0
contig_2074	200000	209700	1.0
contig_2075	0	100000	1.0
contig_2075	100000	200000	2.0
contig_2075	200000	290353	1.0
contig_2076	0	100000	4.0
contig_2076	100000	195987	1.0
contig_2077	100000	200000	1.0
contig_2077	300000	400000	1.0
contig_2077	500000	600000	3.0
contig_2077	600000	639053	2.0
contig_2078	100000	200000	3.0
contig_2078	200000	300000	1.0
contig_2080	0	100000	5.0
contig_2080	200000	300000	1.0
contig_2080	300000	332125	1.0
contig_2081	0	100000	2.0
contig_2081	100000	200000	1.0
contig_2081	200000	300000	3.0
contig_2081	300000	386070	4.0
contig_2082	0	100000	1.0
contig_2082	100000	200000	1.0
contig_2082	200000	300000	1.0
contig_2082	300000	400000	1.0
contig_2082	400000	500000	1.0
contig_2082	800000	900000	2.0
contig_2082	900000	1000000	1.0
contig_2082	1000000	1100000	1.0
contig_2082	1100000	1200000	1.0
contig_2082	1200000	1300000	1.0
contig_2082	1300000	1400000	4.0
contig_2082	1500000	1600000	4.0
contig_2082	1600000	1700000	1.0
contig_2082	1700000	1800000	1.0
contig_2082	1800000	1895293	3.0
contig_2083	0	100000	1.0
contig_2083	100000	139959	1.0
contig_2084	0	100000	2.0
contig_2084	200000	255929	1.0
contig_2085	0	100000	1.0
contig_2085	200000	300000	1.0
contig_2085	400000	500000	1.0
contig_2085	600000	700000	1.0
contig_2085	800000	900000	1.0
contig_2085	1000000	1100000	3.0
contig_2086	0	100000	3.0
contig_2086	100000	137908	2.0
contig_2087	100000	200000	5.0
contig_2087	200000	300000	1.0
contig_2087	300000	400000	1.0
contig_2087	400000	404102	1.0
contig_2088	0	100000	2.0
contig_2088	100000	200000	2.0
contig_2088	200000	300000	1.0
contig_2088	300000	400000	2.0
contig_2088	400000	500000	5.0
contig_2088	500000	600000	2.0
contig_2088	600000	700000	1.0
contig_2088	700000	737296	3.0
contig_2089	100000	200000	2.0
contig_2089	200000	300000	5.0
contig_2089	300000	400000	3.0
contig_2089	400000	500000	2.0
contig_2089	500000	600000	2.0
contig_2089	600000	700000	2.0
contig_2089	700000	800000	3.0
contig_2089	800000	900000	1.0
contig_2090	0	100000	2.0
contig_2090	100000	200000	3.0
contig_2090	200000	300000	1.0
contig_2090	300000	400000	1.0
contig_2090	400000	500000	4.0
contig_2090	500000	553368	2.0
contig_2091	0	100000	1.0
contig_2091	100000	200000	2.0
contig_2091	200000	300000	2.0
contig_2091	300000	400000	2.0
contig_2091	400000	500000	6.0
contig_2091	500000	600000	8.0
contig_2091	600000	700000	2.0
contig_2091	700000	800000	3.0
contig_2091	800000	900000	3.0
contig_2091	1000000	1100000	1.0
contig_2091	1100000	1200000	8.0
contig_2091	1200000	1300000	8.0
contig_2091	1300000	1400000	3.0
contig_2091	1400000	1500000	5.0
contig_2091	1500000	1600000	6.0
contig_2091	1600000	1700000	1.0
contig_2091	1800000	1900000	1.0
contig_2091	1900000	2000000	4.0
contig_2091	2000000	2100000	3.0
contig_2091	2100000	2200000	2.0
contig_2091	2200000	2300000	6.0
contig_2091	2300000	2400000	2.0
contig_2091	2400000	2463886	1.0
contig_2092	0	100000	4.0
contig_2092	100000	200000	4.0
contig_2092	200000	300000	1.0
contig_2092	500000	600000	1.0
contig_2092	600000	700000	1.0
contig_2092	700000	800000	3.0
contig_2092	800000	900000	2.0
contig_2092	900000	1000000	1.0
contig_2092	1000000	1100000	2.0
contig_2092	1100000	1200000	1.0
contig_2092	1200000	1300000	1.0
contig_2092	1300000	1400000	2.0
contig_2092	1400000	1500000	4.0
contig_2092	1500000	1600000	1.0
contig_2092	1600000	1700000	1.0
contig_2092	1700000	1800000	1.0
contig_2092	1800000	1900000	2.0
contig_2092	1900000	1914668	1.0
contig_2093	0	100000	4.0
contig_2093	100000	200000	1.0
contig_2093	200000	300000	4.0
contig_2093	300000	400000	4.0
contig_2093	400000	500000	1.0
contig_2093	600000	668514	1.0
contig_2094	100000	200000	1.0
contig_2094	200000	300000	2.0
contig_2094	300000	400000	3.0
contig_2094	400000	500000	2.0
contig_2094	500000	600000	3.0
contig_2094	600000	700000	4.0
contig_2094	800000	900000	1.0
contig_2094	1000000	1100000	3.0
contig_2094	1100000	1200000	2.0
contig_2094	1200000	1300000	1.0
contig_2094	1300000	1400000	3.0
contig_2094	1400000	1500000	1.0
contig_2094	1600000	1700000	1.0
contig_2096	0	100000	3.0
contig_2096	200000	300000	2.0
contig_2096	300000	400000	4.0
contig_2096	400000	500000	2.0
contig_2096	500000	600000	2.0
contig_2096	600000	700000	2.0
contig_2096	800000	900000	2.0
contig_2096	900000	1000000	7.0
contig_2096	1000000	1100000	1.0
contig_2096	1100000	1200000	1.0
contig_2096	1300000	1400000	1.0
contig_2096	1500000	1600000	7.0
contig_2096	1600000	1700000	1.0
contig_2096	1700000	1718871	1.0
contig_2097	0	100000	2.0
contig_2097	200000	300000	1.0
contig_2097	400000	500000	3.0
contig_2097	600000	700000	1.0
contig_2097	700000	800000	7.0
contig_2097	800000	900000	1.0
contig_2097	900000	1000000	2.0
contig_2097	1000000	1033626	1.0
contig_2098	0	100000	3.0
contig_2098	100000	200000	1.0
contig_2098	200000	300000	1.0
contig_2098	400000	500000	3.0
contig_2098	600000	700000	1.0
contig_2098	700000	800000	1.0
contig_2098	900000	1000000	3.0
contig_2098	1000000	1100000	2.0
contig_2098	1100000	1200000	2.0
contig_2098	1200000	1300000	3.0
contig_2098	1300000	1400000	1.0
contig_2098	1400000	1500000	5.0
contig_2098	1500000	1600000	2.0
contig_2098	1600000	1700000	4.0
contig_2098	1700000	1800000	1.0
contig_2098	1800000	1866370	2.0
contig_2099	100000	200000	1.0
contig_2099	300000	375147	2.0
contig_2100	0	100000	1.0
contig_2100	100000	200000	4.0
contig_2100	200000	300000	6.0
contig_2100	300000	373892	2.0
contig_2101	0	77838	3.0
contig_2102	0	100000	1.0
contig_2102	100000	200000	1.0
contig_2102	200000	300000	10.0
contig_2102	300000	400000	5.0
contig_2102	400000	500000	5.0
contig_2102	500000	600000	5.0
contig_2102	600000	700000	3.0
contig_2102	700000	713869	3.0
contig_2103	0	100000	1.0
contig_2103	100000	200000	1.0
contig_2103	300000	319990	1.0
contig_2104	200000	229275	1.0
contig_2105	0	100000	1.0
contig_2105	100000	200000	1.0
contig_2105	200000	204108	1.0
contig_2106	0	100000	2.0
contig_2106	100000	200000	4.0
contig_2106	200000	300000	1.0
contig_2106	300000	400000	3.0
contig_2106	400000	497601	8.0
contig_2107	100000	200000	1.0
contig_2107	200000	300000	3.0
contig_2107	300000	396085	4.0
contig_2108	300000	318055	3.0
contig_2109	0	100000	1.0
contig_2109	100000	200000	1.0
contig_2109	200000	300000	1.0
contig_2109	500000	600000	2.0
contig_2109	600000	700000	4.0
contig_2109	700000	764315	1.0
contig_2110	0	100000	6.0
contig_2110	100000	200000	3.0
contig_2110	200000	300000	4.0
contig_2110	300000	321989	1.0
contig_2111	0	100000	1.0
contig_2111	100000	200000	1.0
contig_2111	200000	300000	2.0
contig_2111	300000	400000	2.0
contig_2111	400000	407593	1.0
contig_2112	0	100000	3.0
contig_2112	100000	200000	1.0
contig_2112	200000	300000	2.0
contig_2112	300000	400000	2.0
contig_2112	400000	500000	5.0
contig_2112	500000	600000	3.0
contig_2112	600000	626829	3.0
contig_2113	0	63605	1.0
contig_2115	0	100000	4.0
contig_2115	100000	200000	3.0
contig_2115	200000	251805	2.0
contig_2116	0	100000	1.0
contig_2116	100000	104678	1.0
contig_2117	0	100000	3.0
contig_2117	100000	200000	2.0
contig_2117	200000	233625	2.0
contig_2118	0	100000	4.0
contig_2118	100000	200000	4.0
contig_2118	200000	300000	5.0
contig_2118	300000	400000	1.0
contig_2118	400000	500000	1.0
contig_2118	500000	600000	3.0
contig_2118	600000	700000	2.0
contig_2118	800000	827778	1.0
contig_2119	100000	200000	3.0
contig_2119	200000	233911	2.0
contig_2120	0	100000	1.0
contig_2120	100000	195996	2.0
contig_2121	0	100000	1.0
contig_2121	100000	106485	1.0
contig_2122	0	64865	1.0
contig_2123	0	100000	4.0
contig_2123	100000	200000	1.0
contig_2123	200000	300000	1.0
contig_2123	300000	400000	1.0
contig_2123	400000	500000	2.0
contig_2123	500000	600000	1.0
contig_2123	600000	700000	2.0
contig_2123	700000	800000	1.0
contig_2123	800000	900000	2.0
contig_2123	900000	934595	1.0
contig_2124	0	100000	1.0
contig_2124	100000	188650	3.0
contig_2125	0	100000	1.0
contig_2125	100000	200000	1.0
contig_2125	200000	300000	1.0
contig_2125	300000	400000	2.0
contig_2125	500000	552448	1.0
contig_2126	0	100000	2.0
contig_2126	100000	200000	2.0
contig_2126	200000	253243	2.0
contig_2127	0	100000	1.0
contig_2127	100000	200000	2.0
contig_2127	300000	400000	1.0
contig_2127	400000	488831	4.0
contig_2128	0	100000	3.0
contig_2128	100000	143694	3.0
contig_2129	0	100000	4.0
contig_2129	400000	455652	2.0
contig_2130	100000	200000	1.0
contig_2130	300000	400000	1.0
contig_2130	400000	500000	1.0
contig_2130	500000	600000	2.0
contig_2130	600000	700000	4.0
contig_2130	700000	800000	3.0
contig_2130	800000	900000	1.0
contig_2130	900000	1000000	1.0
contig_2130	1000000	1100000	2.0
contig_2130	1100000	1200000	2.0
contig_2130	1200000	1300000	2.0
contig_2130	1300000	1400000	2.0
contig_2130	1500000	1600000	1.0
contig_2130	1600000	1700000	3.0
contig_2130	1700000	1800000	1.0
contig_2130	1800000	1900000	1.0
contig_2130	2100000	2200000	1.0
contig_2130	2200000	2300000	1.0
contig_2130	2300000	2400000	2.0
contig_2130	2400000	2500000	4.0
contig_2130	2500000	2538120	1.0
contig_2131	0	100000	4.0
contig_2131	100000	200000	2.0
contig_2131	200000	285980	1.0
contig_2132	0	100000	4.0
contig_2132	100000	188492	1.0
contig_2133	0	100000	9.0
contig_2133	100000	200000	3.0
contig_2133	200000	300000	2.0
contig_2133	300000	370204	2.0
contig_2135	0	100000	6.0
contig_2135	100000	200000	5.0
contig_2135	200000	293886	2.0
contig_2136	0	100000	2.0
contig_2136	100000	185157	8.0
contig_2137	100000	200000	1.0
contig_2137	200000	300000	3.0
contig_2137	300000	324750	2.0
contig_2138	0	100000	2.0
contig_2138	200000	300000	1.0
contig_2138	400000	438141	1.0
contig_2139	0	100000	2.0
contig_2139	100000	200000	3.0
contig_2139	300000	400000	2.0
contig_2139	400000	446392	1.0
contig_2140	0	100000	6.0
contig_2140	300000	400000	3.0
contig_2140	400000	487724	2.0
contig_2141	0	100000	2.0
contig_2141	100000	200000	3.0
contig_2141	200000	297919	5.0
contig_2142	0	92282	4.0
contig_2143	100000	172628	2.0
contig_2144	0	100000	5.0
contig_2144	100000	200000	6.0
contig_2144	200000	300000	2.0
contig_2144	300000	400000	2.0
contig_2144	400000	500000	4.0
contig_2144	500000	600000	2.0
contig_2144	600000	700000	1.0
contig_2144	700000	800000	3.0
contig_2144	800000	900000	1.0
contig_2144	900000	1000000	2.0
contig_2144	1000000	1100000	2.0
contig_2144	1100000	1130849	1.0
contig_2145	100000	200000	2.0
contig_2145	200000	300000	3.0
contig_2145	300000	400000	2.0
contig_2145	400000	500000	2.0
contig_2145	500000	600000	3.0
contig_2145	600000	693527	2.0
contig_2146	100000	200000	2.0
contig_2146	200000	262886	5.0
contig_2147	0	100000	3.0
contig_2147	100000	173291	2.0
contig_2148	0	100000	2.0
contig_2148	100000	200000	4.0
contig_2148	200000	300000	4.0
contig_2148	300000	400000	1.0
contig_2148	400000	416844	2.0
contig_2149	100000	200000	3.0
contig_2149	200000	300000	5.0
contig_2149	300000	400000	4.0
contig_2149	400000	500000	1.0
contig_2149	500000	600000	1.0
contig_2149	600000	700000	5.0
contig_2149	700000	800000	7.0
contig_2149	800000	900000	3.0
contig_2149	900000	1000000	1.0
contig_2149	1000000	1100000	1.0
contig_2149	1100000	1189927	3.0
contig_2150	100000	200000	1.0
contig_2150	200000	300000	1.0
contig_2150	300000	363388	4.0
contig_2151	0	100000	3.0
contig_2151	100000	200000	1.0
contig_2151	200000	300000	2.0
contig_2151	300000	336281	1.0
contig_2152	0	100000	1.0
contig_2152	100000	200000	2.0
contig_2152	200000	300000	4.0
contig_2152	300000	400000	1.0
contig_2152	400000	500000	3.0
contig_2152	500000	600000	4.0
contig_2152	600000	700000	4.0
contig_2152	700000	800000	5.0
contig_2152	800000	900000	4.0
contig_2152	900000	950384	8.0
contig_2153	100000	200000	2.0
contig_2153	200000	300000	1.0
contig_2153	300000	400000	4.0
contig_2153	400000	500000	2.0
contig_2153	500000	571601	2.0
contig_2154	0	100000	4.0
contig_2154	300000	400000	1.0
contig_2154	400000	500000	2.0
contig_2154	600000	690295	1.0
contig_2155	0	100000	2.0
contig_2155	100000	200000	1.0
contig_2155	300000	400000	2.0
contig_2155	600000	643411	1.0
contig_2156	0	100000	1.0
contig_2156	200000	280979	3.0
contig_2157	0	100000	4.0
contig_2157	100000	200000	5.0
contig_2157	200000	218784	4.0
contig_2158	0	100000	2.0
contig_2158	200000	300000	1.0
contig_2158	300000	400000	3.0
contig_2158	400000	500000	1.0
contig_2158	600000	667195	2.0
contig_2159	0	100000	3.0
contig_2159	100000	110431	3.0
contig_2160	0	91868	2.0
contig_2161	0	100000	1.0
contig_2161	100000	200000	2.0
contig_2161	200000	300000	1.0
contig_2161	300000	393184	1.0
contig_2162	100000	200000	1.0
contig_2162	200000	300000	1.0
contig_2162	300000	400000	1.0
contig_2162	400000	432130	1.0
contig_2163	0	100000	3.0
contig_2163	100000	200000	2.0
contig_2163	200000	300000	2.0
contig_2163	300000	400000	3.0
contig_2163	400000	500000	1.0
contig_2163	500000	600000	2.0
contig_2163	600000	700000	4.0
contig_2163	700000	800000	2.0
contig_2163	800000	900000	1.0
contig_2163	1000000	1100000	1.0
contig_2163	1100000	1200000	4.0
contig_2163	1200000	1300000	1.0
contig_2163	1400000	1500000	2.0
contig_2163	1500000	1600000	1.0
contig_2163	1600000	1700000	1.0
contig_2163	1700000	1800000	1.0
contig_2163	1800000	1900000	5.0
contig_2163	1900000	1930302	2.0
contig_2164	0	100000	3.0
contig_2164	200000	300000	1.0
contig_2164	500000	600000	3.0
contig_2164	600000	692562	3.0
contig_2165	300000	355577	1.0
contig_2166	0	33870	1.0
contig_2167	0	100000	3.0
contig_2167	100000	200000	2.0
contig_2167	200000	224360	1.0
contig_2168	0	100000	6.0
contig_2168	100000	200000	2.0
contig_2168	200000	300000	5.0
contig_2168	300000	400000	10.0
contig_2168	400000	500000	4.0
contig_2168	500000	600000	3.0
contig_2168	600000	700000	9.0
contig_2168	700000	800000	6.0
contig_2168	800000	900000	4.0
contig_2168	900000	917539	1.0
contig_2169	0	89443	4.0
contig_2170	100000	200000	5.0
contig_2170	200000	300000	1.0
contig_2170	300000	329436	2.0
contig_2171	100000	179117	2.0
contig_2172	0	100000	8.0
contig_2172	100000	200000	1.0
contig_2172	200000	283608	1.0
contig_2173	0	100000	1.0
contig_2173	100000	200000	4.0
contig_2173	300000	400000	4.0
contig_2173	500000	600000	3.0
contig_2173	600000	603015	1.0
contig_2174	0	100000	5.0
contig_2174	100000	200000	2.0
contig_2174	200000	300000	8.0
contig_2174	300000	400000	2.0
contig_2174	400000	466209	3.0
contig_2176	0	100000	4.0
contig_2176	200000	284906	1.0
contig_2177	0	100000	2.0
contig_2177	100000	151523	2.0
contig_2178	100000	200000	5.0
contig_2178	200000	205263	1.0
contig_2179	0	100000	6.0
contig_2179	100000	108766	2.0
contig_2180	0	100000	1.0
contig_2180	100000	128986	1.0
contig_2181	400000	499449	2.0
contig_2182	0	100000	1.0
contig_2182	100000	156711	1.0
contig_2183	0	100000	2.0
contig_2183	100000	200000	2.0
contig_2183	200000	300000	1.0
contig_2183	300000	400000	1.0
contig_2183	400000	500000	1.0
contig_2183	500000	600000	1.0
contig_2183	600000	700000	8.0
contig_2183	700000	800000	1.0
contig_2183	900000	1000000	1.0
contig_2183	1100000	1200000	5.0
contig_2183	1300000	1400000	3.0
contig_2183	1400000	1500000	1.0
contig_2183	1500000	1600000	3.0
contig_2183	1800000	1900000	3.0
contig_2183	2000000	2100000	1.0
contig_2183	2200000	2300000	3.0
contig_2183	2300000	2400000	1.0
contig_2183	2400000	2500000	2.0
contig_2183	2600000	2700000	1.0
contig_2184	100000	200000	3.0
contig_2184	200000	300000	1.0
contig_2184	300000	400000	3.0
contig_2184	400000	500000	2.0
contig_2184	500000	600000	1.0
contig_2184	600000	664729	4.0
contig_2185	0	100000	4.0
contig_2185	100000	200000	7.0
contig_2185	200000	300000	7.0
contig_2185	300000	389282	6.0
contig_2186	0	100000	1.0
contig_2186	300000	400000	2.0
contig_2186	400000	500000	1.0
contig_2186	500000	600000	1.0
contig_2186	600000	700000	1.0
contig_2186	700000	800000	5.0
contig_2186	800000	900000	4.0
contig_2186	900000	1000000	4.0
contig_2186	1000000	1100000	6.0
contig_2186	1100000	1200000	1.0
contig_2186	1200000	1300000	3.0
contig_2186	1300000	1400000	4.0
contig_2186	1400000	1500000	5.0
contig_2186	1500000	1600000	3.0
contig_2186	1600000	1700000	1.0
contig_2186	1700000	1800000	1.0
contig_2186	1800000	1900000	7.0
contig_2186	1900000	2000000	3.0
contig_2186	2000000	2100000	1.0
contig_2186	2100000	2108915	3.0
contig_2187	0	100000	1.0
contig_2187	100000	200000	1.0
contig_2187	200000	300000	1.0
contig_2188	0	91870	2.0
contig_2189	100000	200000	2.0
contig_2189	200000	219891	1.0
contig_2190	0	100000	2.0
contig_2190	400000	500000	3.0
contig_2190	500000	516326	2.0
contig_2191	0	87797	2.0
contig_2192	0	100000	3.0
contig_2192	100000	200000	1.0
contig_2192	200000	300000	1.0
contig_2192	300000	361205	2.0
contig_2193	0	62322	4.0
contig_2194	0	100000	2.0
contig_2194	100000	111057	1.0
contig_2195	0	79125	2.0
contig_2196	0	100000	2.0
contig_2196	100000	142742	4.0
contig_2197	100000	200000	1.0
contig_2197	300000	400000	1.0
contig_2197	500000	544869	1.0
contig_2198	0	100000	6.0
contig_2198	200000	300000	2.0
contig_2198	300000	400000	1.0
contig_2198	400000	500000	1.0
contig_2198	600000	700000	1.0
contig_2198	700000	800000	2.0
contig_2198	800000	900000	4.0
contig_2198	900000	1000000	1.0
contig_2198	1000000	1100000	1.0
contig_2198	1100000	1200000	2.0
contig_2198	1400000	1404586	1.0
contig_2200	100000	200000	1.0
contig_2200	300000	400000	2.0
contig_2200	400000	446623	1.0
contig_2201	100000	200000	2.0
contig_2201	200000	300000	2.0
contig_2201	300000	400000	3.0
contig_2201	400000	500000	1.0
contig_2201	600000	628682	2.0
contig_2202	0	98141	5.0
contig_2203	0	100000	1.0
contig_2203	100000	200000	2.0
contig_2203	200000	300000	7.0
contig_2203	300000	400000	2.0
contig_2203	400000	500000	1.0
contig_2203	500000	584378	2.0
contig_2204	0	100000	3.0
contig_2204	100000	200000	2.0
contig_2204	200000	300000	2.0
contig_2204	300000	351766	1.0
contig_2205	0	100000	1.0
contig_2205	100000	200000	1.0
contig_2205	200000	300000	6.0
contig_2205	300000	400000	2.0
contig_2205	400000	500000	2.0
contig_2205	500000	577910	1.0
contig_2206	0	100000	1.0
contig_2206	100000	200000	2.0
contig_2206	200000	241114	2.0
contig_2207	100000	200000	1.0
contig_2207	200000	211711	1.0
contig_2208	0	100000	4.0
contig_2208	100000	158917	1.0
contig_2209	0	100000	3.0
contig_2209	100000	121982	3.0
contig_2210	0	100000	1.0
contig_2210	100000	194082	8.0
contig_2211	0	100000	6.0
contig_2211	100000	110756	1.0
contig_2212	100000	200000	2.0
contig_2212	200000	300000	5.0
contig_2212	300000	400000	5.0
contig_2212	400000	500000	3.0
contig_2212	500000	531108	5.0
contig_2213	0	100000	2.0
contig_2213	100000	200000	2.0
contig_2213	200000	300000	5.0
contig_2213	300000	326336	4.0
contig_2214	0	89650	3.0
contig_2215	0	100000	2.0
contig_2215	100000	101638	2.0
contig_2216	0	100000	1.0
contig_2216	100000	141121	2.0
contig_2217	0	100000	11.0
contig_2217	100000	200000	3.0
contig_2217	200000	300000	3.0
contig_2217	300000	379247	3.0
contig_2218	0	100000	3.0
contig_2218	100000	200000	1.0
contig_2218	200000	300000	4.0
contig_2218	300000	367919	2.0
contig_2219	100000	200000	3.0
contig_2219	300000	373327	1.0
contig_2220	0	88057	4.0
contig_2221	0	100000	4.0
contig_2221	100000	200000	3.0
contig_2221	400000	442980	1.0
contig_2222	0	100000	1.0
contig_2222	100000	104628	1.0
contig_2223	0	100000	2.0
contig_2223	100000	200000	1.0
contig_2223	200000	300000	1.0
contig_2223	300000	400000	4.0
contig_2223	400000	500000	1.0
contig_2223	500000	600000	1.0
contig_2223	600000	700000	4.0
contig_2223	700000	800000	4.0
contig_2223	800000	900000	4.0
contig_2223	1000000	1100000	6.0
contig_2223	1200000	1300000	1.0
contig_2223	1400000	1500000	3.0
contig_2223	1500000	1600000	3.0
contig_2223	1600000	1700000	2.0
contig_2223	1700000	1800000	5.0
contig_2223	1800000	1900000	2.0
contig_2223	1900000	2000000	2.0
contig_2223	2000000	2100000	4.0
contig_2223	2100000	2200000	1.0
contig_2223	2200000	2300000	1.0
contig_2223	2300000	2400000	2.0
contig_2223	2400000	2500000	1.0
contig_2223	2500000	2600000	1.0
contig_2223	2600000	2700000	5.0
contig_2223	2700000	2800000	1.0
contig_2223	2800000	2900000	2.0
contig_2223	3000000	3100000	2.0
contig_2223	3300000	3400000	3.0
contig_2223	3400000	3410420	1.0
contig_2224	200000	300000	2.0
contig_2224	300000	400000	1.0
contig_2224	400000	500000	7.0
contig_2224	500000	542254	1.0
contig_2225	0	100000	2.0
contig_2225	100000	200000	5.0
contig_2225	200000	300000	1.0
contig_2226	0	93510	4.0
contig_2227	0	100000	2.0
contig_2227	200000	300000	2.0
contig_2227	300000	400000	2.0
contig_2227	500000	552880	4.0
contig_2228	0	100000	4.0
contig_2228	100000	200000	1.0
contig_2228	300000	396529	3.0
contig_2229	0	100000	4.0
contig_2229	100000	200000	2.0
contig_2229	200000	241068	2.0
contig_2231	0	100000	11.0
contig_2231	100000	200000	8.0
contig_2231	200000	300000	3.0
contig_2231	300000	400000	2.0
contig_2231	400000	500000	6.0
contig_2231	500000	600000	3.0
contig_2231	600000	700000	4.0
contig_2231	700000	800000	4.0
contig_2231	800000	900000	5.0
contig_2231	900000	1000000	1.0
contig_2231	1000000	1100000	6.0
contig_2231	1100000	1200000	1.0
contig_2231	1300000	1400000	1.0
contig_2231	1400000	1500000	2.0
contig_2231	1600000	1700000	1.0
contig_2231	1700000	1800000	1.0
contig_2231	1800000	1900000	1.0
contig_2231	2100000	2200000	1.0
contig_2231	2200000	2300000	3.0
contig_2231	2300000	2400000	2.0
contig_2231	2400000	2500000	14.0
contig_2231	2500000	2600000	1.0
contig_2231	2600000	2687569	1.0
contig_2232	0	100000	4.0
contig_2232	100000	185369	8.0
contig_2233	0	100000	5.0
contig_2233	100000	200000	1.0
contig_2233	200000	213676	1.0
contig_2234	0	100000	4.0
contig_2234	100000	189559	5.0
contig_2235	0	100000	1.0
contig_2235	200000	237077	1.0
contig_2236	0	100000	3.0
contig_2236	100000	200000	1.0
contig_2236	200000	300000	1.0
contig_2236	300000	400000	2.0
contig_2236	400000	496813	2.0
contig_2237	0	100000	5.0
contig_2237	100000	129566	3.0
contig_2238	100000	200000	1.0
contig_2238	200000	300000	3.0
contig_2238	300000	400000	4.0
contig_2238	400000	500000	1.0
contig_2238	500000	600000	2.0
contig_2238	600000	700000	1.0
contig_2238	700000	800000	1.0
contig_2238	800000	900000	2.0
contig_2238	900000	1000000	4.0
contig_2238	1000000	1053474	3.0
contig_2239	0	100000	2.0
contig_2239	100000	192538	2.0
contig_2240	0	100000	4.0
contig_2240	100000	200000	2.0
contig_2240	200000	300000	2.0
contig_2240	300000	400000	4.0
contig_2240	400000	500000	3.0
contig_2240	500000	509928	3.0
contig_2241	0	100000	1.0
contig_2241	100000	156064	1.0
contig_2242	100000	200000	2.0
contig_2242	200000	300000	2.0
contig_2242	300000	398427	1.0
contig_2243	0	72267	7.0
contig_2244	100000	200000	1.0
contig_2244	300000	400000	2.0
contig_2244	400000	500000	2.0
contig_2244	500000	567300	1.0
contig_2245	0	100000	1.0
contig_2245	100000	174298	3.0
contig_2246	100000	197559	7.0
contig_2248	100000	200000	3.0
contig_2248	200000	300000	1.0
contig_2248	300000	375923	3.0
contig_2249	100000	155539	1.0
contig_2250	0	100000	4.0
contig_2250	100000	200000	2.0
contig_2251	100000	200000	1.0
contig_2251	200000	300000	1.0
contig_2251	300000	396759	2.0
contig_2252	0	100000	5.0
contig_2252	200000	300000	3.0
contig_2252	300000	349821	2.0
contig_2253	0	100000	5.0
contig_2253	300000	400000	1.0
contig_2253	400000	500000	2.0
contig_2253	500000	600000	1.0
contig_2253	600000	665304	4.0
contig_2254	100000	200000	3.0
contig_2254	200000	300000	2.0
contig_2254	300000	400000	5.0
contig_2254	400000	500000	3.0
contig_2254	500000	545752	4.0
contig_2255	0	100000	5.0
contig_2256	0	100000	2.0
contig_2256	100000	135304	1.0
contig_2257	0	100000	6.0
contig_2257	100000	200000	1.0
contig_2257	200000	300000	1.0
contig_2257	300000	367564	2.0
contig_2258	200000	288634	2.0
contig_2259	0	100000	2.0
contig_2259	100000	200000	4.0
contig_2259	200000	300000	1.0
contig_2259	300000	400000	2.0
contig_2259	400000	500000	1.0
contig_2259	500000	600000	3.0
contig_2259	600000	700000	7.0
contig_2259	700000	800000	3.0
contig_2259	800000	900000	2.0
contig_2259	900000	1000000	4.0
contig_2259	1000000	1100000	3.0
contig_2259	1100000	1200000	1.0
contig_2259	1400000	1500000	1.0
contig_2259	1600000	1700000	1.0
contig_2259	1700000	1800000	3.0
contig_2259	1800000	1900000	1.0
contig_2259	1900000	2000000	1.0
contig_2259	2000000	2100000	1.0
contig_2259	2100000	2200000	4.0
contig_2259	2300000	2400000	3.0
contig_2259	2400000	2475384	3.0
contig_2260	0	90066	3.0
contig_2261	0	100000	7.0
contig_2261	100000	200000	1.0
contig_2261	200000	278351	1.0
contig_2262	0	100000	3.0
contig_2262	100000	200000	1.0
contig_2262	200000	300000	2.0
contig_2262	300000	400000	4.0
contig_2262	400000	500000	2.0
contig_2262	500000	600000	1.0
contig_2262	600000	700000	2.0
contig_2262	700000	800000	4.0
contig_2262	800000	900000	4.0
contig_2262	900000	1000000	3.0
contig_2262	1000000	1100000	4.0
contig_2262	1100000	1111174	1.0
contig_2263	0	100000	2.0
contig_2263	100000	171335	3.0
contig_2264	100000	200000	1.0
contig_2264	200000	300000	2.0
contig_2264	300000	400000	1.0
contig_2264	400000	500000	4.0
contig_2264	500000	564945	1.0
contig_2265	0	100000	6.0
contig_2265	100000	200000	5.0
contig_2265	200000	300000	7.0
contig_2265	300000	364984	1.0
contig_2266	0	100000	4.0
contig_2266	100000	125354	1.0
contig_2267	0	100000	2.0
contig_2267	100000	137750	3.0
contig_2268	0	100000	1.0
contig_2268	100000	200000	2.0
contig_2268	200000	300000	1.0
contig_2268	300000	400000	2.0
contig_2268	400000	500000	4.0
contig_2268	500000	600000	1.0
contig_2268	600000	700000	2.0
contig_2268	700000	800000	3.0
contig_2268	800000	900000	3.0
contig_2268	900000	1000000	3.0
contig_2268	1200000	1300000	2.0
contig_2268	1300000	1400000	1.0
contig_2268	1400000	1500000	1.0
contig_2268	1500000	1600000	3.0
contig_2268	1600000	1700000	2.0
contig_2268	1700000	1800000	3.0
contig_2268	1800000	1900000	2.0
contig_2268	2000000	2100000	4.0
contig_2268	2100000	2200000	2.0
contig_2268	2200000	2300000	2.0
contig_2268	2300000	2400000	3.0
contig_2268	2400000	2500000	11.0
contig_2268	2500000	2600000	4.0
contig_2268	2600000	2700000	2.0
contig_2268	2800000	2900000	4.0
contig_2268	2900000	3000000	2.0
contig_2268	3000000	3100000	1.0
contig_2268	3100000	3200000	6.0
contig_2268	3200000	3300000	4.0
contig_2268	3300000	3400000	3.0
contig_2268	3400000	3451404	3.0
contig_2269	0	100000	4.0
contig_2269	300000	400000	4.0
contig_2269	400000	435632	3.0
contig_2270	200000	235063	6.0
contig_2271	0	100000	3.0
contig_2271	100000	200000	2.0
contig_2271	200000	300000	5.0
contig_2271	300000	336841	1.0
contig_2272	0	100000	8.0
contig_2272	100000	200000	2.0
contig_2272	200000	300000	6.0
contig_2272	300000	400000	4.0
contig_2272	400000	500000	2.0
contig_2272	500000	600000	1.0
contig_2272	700000	800000	1.0
contig_2272	800000	900000	1.0
contig_2272	900000	1000000	2.0
contig_2272	1000000	1100000	1.0
contig_2272	1100000	1200000	5.0
contig_2272	1200000	1207432	1.0
contig_2273	0	100000	4.0
contig_2273	100000	200000	6.0
contig_2273	200000	209612	1.0
contig_2274	0	100000	3.0
contig_2274	100000	200000	1.0
contig_2275	0	100000	6.0
contig_2275	100000	200000	3.0
contig_2275	200000	232693	1.0
contig_2276	0	100000	5.0
contig_2276	100000	200000	1.0
contig_2276	200000	224889	1.0
contig_2277	0	100000	3.0
contig_2277	100000	200000	1.0
contig_2277	200000	300000	2.0
contig_2277	300000	400000	2.0
contig_2277	400000	500000	4.0
contig_2277	500000	600000	1.0
contig_2277	700000	800000	3.0
contig_2277	1000000	1100000	3.0
contig_2277	1100000	1200000	3.0
contig_2277	1200000	1300000	3.0
contig_2277	1300000	1400000	4.0
contig_2277	1400000	1500000	3.0
contig_2277	1500000	1600000	3.0
contig_2277	1600000	1700000	1.0
contig_2277	1700000	1800000	1.0
contig_2277	1800000	1900000	4.0
contig_2277	1900000	2000000	1.0
contig_2277	2000000	2021357	1.0
contig_2278	0	100000	3.0
contig_2278	100000	200000	2.0
contig_2278	200000	292161	4.0
contig_2279	0	100000	6.0
contig_2279	100000	200000	5.0
contig_2279	200000	300000	3.0
contig_2279	300000	319384	1.0
contig_2280	100000	200000	3.0
contig_2280	200000	300000	1.0
contig_2280	300000	400000	1.0
contig_2280	500000	565158	3.0
contig_2281	0	100000	4.0
contig_2281	100000	200000	2.0
contig_2281	200000	300000	4.0
contig_2281	300000	308611	1.0
contig_2282	0	100000	5.0
contig_2282	100000	200000	6.0
contig_2282	200000	300000	2.0
contig_2282	300000	386608	1.0
contig_2283	0	100000	6.0
contig_2283	100000	200000	1.0
contig_2283	200000	300000	1.0
contig_2283	300000	400000	6.0
contig_2283	400000	459338	2.0
contig_2284	0	100000	1.0
contig_2284	100000	200000	1.0
contig_2284	200000	229176	1.0
contig_2285	0	100000	1.0
contig_2285	100000	200000	1.0
contig_2285	200000	300000	2.0
contig_2285	400000	500000	1.0
contig_2285	500000	600000	4.0
contig_2285	600000	682420	4.0
contig_2286	0	100000	8.0
contig_2286	100000	200000	3.0
contig_2286	200000	269115	1.0
contig_2287	0	100000	4.0
contig_2287	200000	300000	2.0
contig_2287	300000	400000	7.0
contig_2287	400000	500000	9.0
contig_2287	500000	600000	5.0
contig_2287	600000	700000	3.0
contig_2287	700000	800000	5.0
contig_2287	800000	900000	2.0
contig_2287	900000	1000000	3.0
contig_2287	1100000	1200000	5.0
contig_2287	1200000	1300000	4.0
contig_2287	1300000	1400000	1.0
contig_2287	1500000	1600000	2.0
contig_2287	1600000	1700000	4.0
contig_2287	1700000	1800000	1.0
contig_2287	1800000	1900000	2.0
contig_2287	1900000	2000000	1.0
contig_2287	2000000	2100000	1.0
contig_2287	2100000	2200000	1.0
contig_2287	2200000	2300000	2.0
contig_2287	2300000	2400000	1.0
contig_2287	2400000	2500000	5.0
contig_2287	2500000	2584784	5.0
contig_2289	0	100000	2.0
contig_2289	100000	200000	3.0
contig_2289	200000	300000	2.0
contig_2289	300000	400000	2.0
contig_2289	400000	500000	6.0
contig_2289	500000	553798	3.0
contig_2290	0	100000	5.0
contig_2290	200000	300000	1.0
contig_2290	300000	400000	1.0
contig_2290	400000	500000	1.0
contig_2290	500000	545259	1.0
contig_2291	0	100000	2.0
contig_2291	100000	101255	1.0
contig_2292	100000	200000	1.0
contig_2292	200000	300000	1.0
contig_2292	500000	600000	2.0
contig_2292	600000	700000	4.0
contig_2292	700000	800000	2.0
contig_2292	900000	1000000	1.0
contig_2292	1200000	1300000	7.0
contig_2292	1300000	1350323	1.0
contig_2293	0	100000	1.0
contig_2293	100000	200000	1.0
contig_2293	200000	300000	1.0
contig_2293	400000	500000	2.0
contig_2293	500000	600000	7.0
contig_2293	600000	700000	3.0
contig_2293	700000	703171	1.0
contig_2294	0	100000	2.0
contig_2294	100000	119753	1.0
contig_2295	100000	145103	1.0
contig_2296	0	100000	1.0
contig_2296	100000	200000	1.0
contig_2296	200000	246839	1.0
contig_2297	0	100000	1.0
contig_2297	100000	197549	1.0
contig_2298	0	100000	2.0
contig_2298	200000	300000	3.0
contig_2298	300000	400000	1.0
contig_2298	400000	500000	1.0
contig_2298	500000	543396	1.0
contig_2299	0	100000	2.0
contig_2299	100000	200000	2.0
contig_2299	200000	300000	2.0
contig_2299	300000	392086	2.0
contig_2300	0	100000	3.0
contig_2300	100000	200000	4.0
contig_2300	200000	234315	3.0
contig_2301	0	100000	2.0
contig_2301	100000	190596	1.0
contig_2302	0	100000	4.0
contig_2302	100000	200000	1.0
contig_2302	200000	279119	8.0
contig_2303	0	100000	5.0
contig_2303	100000	200000	3.0
contig_2303	200000	300000	2.0
contig_2303	300000	400000	2.0
contig_2303	600000	700000	2.0
contig_2303	700000	800000	1.0
contig_2303	800000	900000	1.0
contig_2303	900000	1000000	1.0
contig_2303	1100000	1200000	1.0
contig_2303	1200000	1300000	4.0
contig_2303	1300000	1400000	5.0
contig_2303	1400000	1500000	1.0
contig_2303	1500000	1600000	1.0
contig_2303	1600000	1700000	1.0
contig_2303	1800000	1898075	1.0
contig_2304	0	100000	2.0
contig_2304	100000	200000	1.0
contig_2304	200000	300000	2.0
contig_2304	300000	400000	1.0
contig_2304	500000	600000	2.0
contig_2304	600000	700000	1.0
contig_2304	700000	800000	1.0
contig_2304	900000	1000000	3.0
contig_2304	1000000	1100000	3.0
contig_2304	1100000	1200000	1.0
contig_2304	1200000	1300000	1.0
contig_2304	1400000	1500000	1.0
contig_2304	1500000	1600000	1.0
contig_2304	1700000	1800000	2.0
contig_2304	1800000	1900000	1.0
contig_2304	2100000	2200000	4.0
contig_2304	2200000	2300000	4.0
contig_2304	2300000	2400000	3.0
contig_2304	2400000	2447092	1.0
contig_2305	100000	122650	1.0
contig_2306	0	100000	6.0
contig_2306	100000	125397	6.0
contig_2307	0	100000	1.0
contig_2307	100000	200000	6.0
contig_2307	200000	300000	5.0
contig_2307	300000	400000	4.0
contig_2307	400000	416673	1.0
contig_2308	0	100000	4.0
contig_2308	100000	174466	1.0
contig_2309	0	84256	2.0
contig_2310	0	100000	2.0
contig_2310	200000	300000	2.0
contig_2310	500000	600000	3.0
contig_2310	600000	691234	3.0
contig_2311	100000	191178	2.0
contig_2312	0	100000	6.0
contig_2312	100000	200000	5.0
contig_2312	200000	300000	5.0
contig_2312	300000	400000	7.0
contig_2312	400000	500000	1.0
contig_2312	500000	600000	1.0
contig_2312	600000	700000	6.0
contig_2312	700000	800000	10.0
contig_2312	800000	900000	1.0
contig_2312	900000	1000000	3.0
contig_2312	1000000	1100000	3.0
contig_2312	1100000	1200000	10.0
contig_2312	1300000	1400000	1.0
contig_2312	1400000	1500000	1.0
contig_2312	1500000	1600000	5.0
contig_2312	1600000	1667075	3.0
contig_2313	0	100000	1.0
contig_2313	200000	280331	3.0
contig_2314	200000	300000	5.0
contig_2314	300000	400000	1.0
contig_2314	400000	500000	6.0
contig_2314	500000	533242	1.0
contig_2315	0	100000	2.0
contig_2315	200000	300000	2.0
contig_2315	300000	395695	3.0
contig_2316	0	100000	1.0
contig_2316	200000	289280	1.0
contig_2317	0	100000	2.0
contig_2317	100000	200000	2.0
contig_2317	200000	300000	2.0
contig_2317	500000	600000	1.0
contig_2317	600000	700000	4.0
contig_2317	800000	900000	1.0
contig_2317	1100000	1200000	1.0
contig_2317	1200000	1300000	1.0
contig_2317	1300000	1400000	2.0
contig_2317	1400000	1500000	1.0
contig_2317	1500000	1600000	1.0
contig_2317	1600000	1700000	3.0
contig_2317	1700000	1800000	2.0
contig_2317	1900000	2000000	1.0
contig_2317	2000000	2100000	1.0
contig_2317	2100000	2200000	2.0
contig_2317	2200000	2300000	4.0
contig_2317	2300000	2400000	7.0
contig_2317	2400000	2500000	3.0
contig_2317	2500000	2517645	1.0
contig_2318	200000	300000	2.0
contig_2318	300000	400000	1.0
contig_2318	400000	453731	1.0
contig_2319	0	45435	1.0
contig_2320	100000	200000	3.0
contig_2320	200000	300000	1.0
contig_2320	300000	400000	1.0
contig_2320	400000	488525	5.0
contig_2321	0	100000	1.0
contig_2321	100000	134654	2.0
contig_2322	0	100000	4.0
contig_2322	100000	150462	1.0
contig_2323	200000	300000	1.0
contig_2323	400000	500000	1.0
contig_2323	500000	600000	2.0
contig_2323	600000	674741	3.0
contig_2324	0	100000	1.0
contig_2324	100000	200000	1.0
contig_2325	0	100000	2.0
contig_2325	100000	158910	1.0
contig_2326	0	100000	3.0
contig_2326	100000	200000	8.0
contig_2326	200000	300000	1.0
contig_2326	300000	328660	2.0
contig_2327	0	100000	2.0
contig_2327	100000	114954	2.0
contig_2328	0	100000	4.0
contig_2328	100000	200000	1.0
contig_2328	200000	300000	1.0
contig_2328	300000	398515	1.0
contig_2329	0	100000	3.0
contig_2329	100000	200000	4.0
contig_2329	200000	242985	1.0
contig_2330	0	100000	2.0
contig_2330	100000	128015	2.0
contig_2332	0	100000	1.0
contig_2332	100000	175481	4.0
contig_2333	0	100000	2.0
contig_2333	100000	200000	1.0
contig_2333	300000	400000	3.0
contig_2333	400000	500000	1.0
contig_2333	500000	600000	1.0
contig_2333	700000	800000	1.0
contig_2333	800000	900000	1.0
contig_2333	900000	1000000	2.0
contig_2333	1000000	1100000	5.0
contig_2333	1100000	1144338	3.0
contig_2334	0	100000	3.0
contig_2334	100000	200000	1.0
contig_2334	200000	300000	5.0
contig_2334	300000	400000	3.0
contig_2334	400000	500000	1.0
contig_2334	500000	600000	1.0
contig_2334	600000	700000	2.0
contig_2334	700000	800000	4.0
contig_2334	800000	900000	4.0
contig_2334	900000	1000000	3.0
contig_2334	1000000	1100000	2.0
contig_2334	1100000	1189927	2.0
contig_2335	0	100000	1.0
contig_2335	100000	192962	3.0
contig_2336	100000	178740	1.0
contig_2337	0	100000	3.0
contig_2337	100000	200000	4.0
contig_2337	200000	268952	1.0
contig_2338	0	100000	2.0
contig_2338	100000	200000	4.0
contig_2338	200000	253865	2.0
contig_2339	0	100000	1.0
contig_2339	100000	200000	4.0
contig_2339	200000	300000	3.0
contig_2339	300000	375810	2.0
contig_2340	0	100000	6.0
contig_2340	100000	136598	1.0
contig_2341	0	100000	2.0
contig_2341	300000	400000	1.0
contig_2341	600000	700000	2.0
contig_2341	800000	900000	1.0
contig_2341	900000	1000000	2.0
contig_2341	1300000	1400000	4.0
contig_2341	1400000	1500000	3.0
contig_2341	1500000	1600000	5.0
contig_2341	1600000	1693787	2.0
contig_2342	0	100000	6.0
contig_2342	100000	136394	1.0
contig_2343	0	100000	5.0
contig_2343	100000	200000	1.0
contig_2343	300000	400000	2.0
contig_2343	400000	500000	3.0
contig_2343	500000	600000	2.0
contig_2343	600000	700000	2.0
contig_2343	700000	800000	2.0
contig_2343	800000	900000	3.0
contig_2343	900000	1000000	6.0
contig_2343	1000000	1091037	10.0
contig_2344	0	100000	1.0
contig_2344	100000	176583	3.0
contig_2345	0	100000	1.0
contig_2345	100000	200000	1.0
contig_2345	200000	290782	3.0
contig_2346	0	100000	1.0
contig_2346	100000	119629	1.0
contig_2347	0	100000	2.0
contig_2347	100000	124400	1.0
contig_2348	0	25727	1.0
contig_2349	0	100000	2.0
contig_2349	100000	200000	4.0
contig_2349	300000	400000	1.0
contig_2349	400000	500000	3.0
contig_2349	500000	600000	1.0
contig_2349	700000	800000	3.0
contig_2349	800000	900000	1.0
contig_2349	900000	957601	1.0
contig_2350	0	100000	5.0
contig_2350	100000	200000	4.0
contig_2350	300000	340721	1.0
contig_2351	0	100000	1.0
contig_2351	100000	200000	1.0
contig_2351	200000	300000	3.0
contig_2351	300000	400000	1.0
contig_2351	400000	483675	5.0
contig_2352	100000	200000	1.0
contig_2352	200000	300000	4.0
contig_2352	300000	400000	5.0
contig_2352	400000	500000	1.0
contig_2352	500000	600000	4.0
contig_2352	600000	700000	2.0
contig_2352	700000	800000	1.0
contig_2352	800000	900000	4.0
contig_2352	900000	1000000	2.0
contig_2352	1100000	1200000	1.0
contig_2352	1200000	1300000	1.0
contig_2352	1300000	1400000	3.0
contig_2352	1400000	1500000	1.0
contig_2352	1700000	1800000	1.0
contig_2352	1800000	1900000	5.0
contig_2352	1900000	2000000	4.0
contig_2352	2000000	2100000	7.0
contig_2352	2200000	2300000	1.0
contig_2352	2400000	2500000	1.0
contig_2352	2600000	2700000	4.0
contig_2352	2700000	2800000	4.0
contig_2352	2800000	2900000	8.0
contig_2352	2900000	3000000	3.0
contig_2352	3100000	3200000	2.0
contig_2352	3200000	3300000	1.0
contig_2352	3300000	3400000	3.0
contig_2352	3400000	3500000	3.0
contig_2352	3500000	3600000	4.0
contig_2352	3700000	3800000	6.0
contig_2352	3900000	3913187	1.0
contig_2353	0	100000	1.0
contig_2353	100000	200000	2.0
contig_2353	200000	300000	4.0
contig_2353	300000	400000	1.0
contig_2353	700000	800000	2.0
contig_2353	800000	900000	2.0
contig_2353	900000	1000000	1.0
contig_2353	1100000	1200000	1.0
contig_2353	1300000	1400000	1.0
contig_2353	1400000	1500000	1.0
contig_2353	1500000	1600000	4.0
contig_2353	1600000	1608984	3.0
contig_2354	0	100000	1.0
contig_2354	100000	200000	1.0
contig_2354	200000	300000	2.0
contig_2354	300000	400000	2.0
contig_2354	400000	500000	3.0
contig_2354	500000	600000	1.0
contig_2354	600000	700000	3.0
contig_2354	700000	800000	3.0
contig_2354	800000	900000	1.0
contig_2354	900000	1000000	1.0
contig_2354	1000000	1051547	1.0
contig_2355	100000	200000	3.0
contig_2356	0	83878	3.0
contig_2357	0	9112	3.0
contig_2358	0	11092	1.0
contig_2359	0	100000	1.0
contig_2359	100000	166167	1.0
contig_2360	0	100000	6.0
contig_2360	100000	200000	6.0
contig_2360	200000	300000	5.0
contig_2360	300000	352118	1.0
contig_2361	0	100000	1.0
contig_2361	200000	300000	3.0
contig_2361	400000	448091	2.0
contig_2362	0	100000	4.0
contig_2362	100000	135078	2.0
contig_2363	0	100000	6.0
contig_2363	100000	193561	7.0
contig_2364	0	100000	1.0
contig_2364	100000	200000	1.0
contig_2364	200000	300000	4.0
contig_2364	300000	400000	1.0
contig_2364	400000	427648	2.0
contig_2365	0	100000	5.0
contig_2365	200000	234666	2.0
contig_2366	0	100000	2.0
contig_2366	100000	200000	1.0
contig_2366	200000	300000	1.0
contig_2366	300000	382203	6.0
contig_2367	0	100000	2.0
contig_2367	100000	125289	2.0
contig_2368	0	94694	1.0
contig_2369	0	100000	7.0
contig_2369	100000	200000	3.0
contig_2369	200000	300000	5.0
contig_2369	300000	400000	2.0
contig_2369	500000	522560	1.0
contig_2370	100000	200000	2.0
contig_2370	200000	286082	1.0
contig_2371	0	100000	1.0
contig_2371	100000	200000	2.0
contig_2371	200000	224351	3.0
contig_2372	0	100000	8.0
contig_2372	200000	203912	2.0
contig_2373	0	62994	5.0
contig_2374	0	100000	1.0
contig_2374	100000	200000	3.0
contig_2375	0	100000	2.0
contig_2375	100000	200000	3.0
contig_2375	200000	300000	2.0
contig_2375	400000	413535	1.0
contig_2376	0	100000	4.0
contig_2376	100000	163836	4.0
contig_2377	0	100000	1.0
contig_2377	100000	188800	1.0
contig_2378	0	100000	2.0
contig_2378	100000	195365	7.0
contig_2379	0	100000	2.0
contig_2379	100000	200000	3.0
contig_2380	0	100000	2.0
contig_2380	100000	200000	3.0
contig_2380	600000	700000	1.0
contig_2380	800000	900000	1.0
contig_2380	900000	903043	1.0
contig_2381	0	84960	2.0
contig_2382	0	100000	2.0
contig_2382	100000	200000	2.0
contig_2382	300000	400000	2.0
contig_2382	400000	500000	3.0
contig_2382	500000	507885	2.0
contig_2383	0	100000	2.0
contig_2383	100000	200000	1.0
contig_2383	200000	279578	3.0
contig_2384	0	100000	4.0
contig_2384	100000	200000	1.0
contig_2384	200000	300000	4.0
contig_2384	300000	400000	1.0
contig_2384	400000	500000	1.0
contig_2384	500000	600000	2.0
contig_2384	600000	700000	2.0
contig_2384	700000	800000	1.0
contig_2384	800000	900000	1.0
contig_2384	900000	1000000	4.0
contig_2384	1000000	1100000	2.0
contig_2384	1100000	1200000	1.0
contig_2384	1200000	1300000	2.0
contig_2384	1300000	1400000	1.0
contig_2384	1500000	1600000	1.0
contig_2384	1600000	1700000	6.0
contig_2384	1700000	1800000	3.0
contig_2384	1800000	1900000	2.0
contig_2384	1900000	2000000	1.0
contig_2384	2000000	2100000	1.0
contig_2384	2100000	2200000	2.0
contig_2384	2200000	2300000	1.0
contig_2384	2400000	2500000	5.0
contig_2384	2500000	2600000	4.0
contig_2384	2600000	2700000	3.0
contig_2384	2800000	2900000	1.0
contig_2384	2900000	3000000	1.0
contig_2384	3000000	3100000	1.0
contig_2384	3300000	3400000	2.0
contig_2384	3400000	3500000	2.0
contig_2384	3500000	3546569	1.0
contig_2385	0	100000	3.0
contig_2385	100000	200000	2.0
contig_2385	200000	300000	2.0
contig_2385	300000	400000	2.0
contig_2385	400000	500000	2.0
contig_2385	500000	509110	1.0
contig_2386	0	100000	3.0
contig_2386	100000	156104	3.0
contig_2387	0	100000	1.0
contig_2387	400000	500000	1.0
contig_2387	500000	570759	5.0
contig_2388	0	100000	3.0
contig_2388	100000	200000	1.0
contig_2388	200000	300000	2.0
contig_2388	300000	383683	5.0
contig_2389	100000	200000	3.0
contig_2389	500000	600000	1.0
contig_2389	700000	800000	2.0
contig_2389	800000	854020	2.0
contig_2390	0	100000	2.0
contig_2390	100000	200000	2.0
contig_2390	200000	300000	2.0
contig_2390	300000	400000	3.0
contig_2390	400000	500000	1.0
contig_2390	500000	600000	2.0
contig_2390	600000	700000	1.0
contig_2390	700000	800000	3.0
contig_2390	800000	818773	1.0
contig_2391	100000	200000	3.0
contig_2391	200000	300000	1.0
contig_2391	300000	400000	5.0
contig_2391	400000	500000	3.0
contig_2391	500000	562825	1.0
contig_2392	0	100000	5.0
contig_2392	100000	200000	6.0
contig_2392	200000	300000	4.0
contig_2392	300000	400000	1.0
contig_2392	400000	458892	1.0
contig_2393	0	100000	2.0
contig_2393	100000	200000	2.0
contig_2393	200000	257711	1.0
contig_2394	100000	200000	6.0
contig_2394	200000	286788	4.0
contig_2395	0	100000	1.0
contig_2395	100000	200000	1.0
contig_2395	200000	300000	1.0
contig_2395	300000	400000	2.0
contig_2395	400000	500000	1.0
contig_2395	500000	576960	5.0
contig_2396	0	100000	2.0
contig_2396	300000	400000	2.0
contig_2396	400000	500000	5.0
contig_2396	500000	593264	4.0
contig_2397	0	100000	5.0
contig_2397	100000	200000	5.0
contig_2397	200000	300000	4.0
contig_2397	300000	385486	6.0
contig_2398	0	100000	3.0
contig_2398	100000	200000	5.0
contig_2398	200000	272239	5.0
contig_2399	0	100000	3.0
contig_2399	100000	142522	2.0
contig_2400	0	100000	4.0
contig_2400	100000	200000	1.0
contig_2400	200000	300000	1.0
contig_2400	300000	361443	3.0
contig_2401	0	100000	1.0
contig_2401	100000	200000	1.0
contig_2401	200000	204766	1.0
contig_2402	0	100000	2.0
contig_2402	100000	200000	2.0
contig_2402	200000	300000	1.0
contig_2402	400000	500000	2.0
contig_2402	500000	600000	1.0
contig_2402	600000	700000	3.0
contig_2402	700000	800000	1.0
contig_2402	800000	900000	1.0
contig_2402	900000	1000000	2.0
contig_2402	1100000	1200000	1.0
contig_2402	1200000	1300000	1.0
contig_2402	1300000	1400000	2.0
contig_2402	1600000	1700000	1.0
contig_2402	1900000	2000000	1.0
contig_2402	2000000	2100000	6.0
contig_2402	2100000	2200000	3.0
contig_2402	2200000	2300000	6.0
contig_2402	2300000	2400000	2.0
contig_2402	2400000	2500000	1.0
contig_2403	100000	200000	4.0
contig_2403	200000	300000	2.0
contig_2403	300000	400000	4.0
contig_2403	400000	500000	2.0
contig_2403	600000	700000	2.0
contig_2403	700000	797804	2.0
contig_2404	0	99909	2.0
contig_2406	0	100000	1.0
contig_2406	100000	152241	1.0
contig_2407	0	100000	3.0
contig_2407	200000	300000	1.0
contig_2407	500000	600000	2.0
contig_2407	600000	700000	4.0
contig_2407	700000	800000	7.0
contig_2407	800000	900000	4.0
contig_2407	900000	1000000	9.0
contig_2407	1000000	1100000	1.0
contig_2407	1100000	1200000	3.0
contig_2407	1300000	1400000	1.0
contig_2407	1400000	1500000	1.0
contig_2407	1500000	1600000	2.0
contig_2407	1600000	1700000	1.0
contig_2407	1700000	1800000	1.0
contig_2407	1800000	1900000	1.0
contig_2407	1900000	2000000	9.0
contig_2407	2000000	2048045	1.0
contig_2408	0	100000	4.0
contig_2408	100000	200000	2.0
contig_2408	200000	300000	2.0
contig_2408	300000	400000	3.0
contig_2408	400000	500000	4.0
contig_2409	0	76571	2.0
contig_2410	0	100000	2.0
contig_2410	100000	200000	1.0
contig_2410	200000	300000	3.0
contig_2410	400000	500000	1.0
contig_2410	500000	600000	1.0
contig_2410	600000	700000	2.0
contig_2410	700000	800000	5.0
contig_2410	800000	900000	2.0
contig_2410	900000	1000000	5.0
contig_2410	1000000	1100000	1.0
contig_2410	1100000	1200000	4.0
contig_2410	1200000	1300000	3.0
contig_2410	1300000	1400000	3.0
contig_2410	1400000	1465306	3.0
contig_2411	100000	200000	2.0
contig_2411	200000	300000	10.0
contig_2411	300000	400000	6.0
contig_2411	400000	500000	6.0
contig_2411	500000	600000	6.0
contig_2411	600000	700000	3.0
contig_2411	800000	900000	3.0
contig_2411	900000	1000000	2.0
contig_2411	1000000	1100000	1.0
contig_2411	1200000	1283690	1.0
contig_2412	100000	200000	4.0
contig_2412	300000	400000	1.0
contig_2412	500000	520779	2.0
contig_2413	100000	200000	1.0
contig_2413	200000	300000	4.0
contig_2413	300000	335108	1.0
contig_2414	0	95147	8.0
contig_2415	0	100000	3.0
contig_2415	100000	200000	4.0
contig_2415	200000	300000	4.0
contig_2415	300000	301917	1.0
contig_2416	0	100000	5.0
contig_2416	200000	271969	4.0
contig_2417	0	100000	3.0
contig_2417	100000	200000	1.0
contig_2417	200000	300000	2.0
contig_2417	300000	400000	1.0
contig_2417	400000	500000	2.0
contig_2417	500000	572091	3.0
contig_2419	0	100000	6.0
contig_2419	100000	200000	1.0
contig_2419	200000	300000	2.0
contig_2419	400000	500000	1.0
contig_2419	500000	600000	8.0
contig_2419	600000	631705	2.0
contig_2420	100000	124583	2.0
contig_2421	0	100000	5.0
contig_2421	100000	137518	3.0
contig_2422	0	100000	3.0
contig_2422	100000	200000	1.0
contig_2422	200000	300000	4.0
contig_2422	300000	359254	1.0
contig_2423	0	100000	1.0
contig_2423	100000	200000	1.0
contig_2423	200000	300000	1.0
contig_2423	300000	367057	1.0
contig_2424	0	100000	1.0
contig_2424	100000	200000	3.0
contig_2424	200000	300000	2.0
contig_2424	300000	400000	1.0
contig_2424	400000	500000	6.0
contig_2424	500000	522014	1.0
contig_2425	100000	200000	3.0
contig_2425	200000	300000	1.0
contig_2425	400000	500000	5.0
contig_2425	500000	555546	6.0
contig_2426	0	100000	1.0
contig_2426	100000	200000	2.0
contig_2426	200000	300000	11.0
contig_2426	300000	400000	2.0
contig_2426	400000	500000	5.0
contig_2426	500000	600000	2.0
contig_2426	600000	627509	3.0
contig_2427	0	100000	4.0
contig_2427	100000	161688	3.0
contig_2428	0	100000	4.0
contig_2428	100000	200000	5.0
contig_2428	200000	300000	1.0
contig_2428	300000	400000	6.0
contig_2428	400000	498583	3.0
contig_2429	0	100000	1.0
contig_2430	0	100000	3.0
contig_2430	100000	200000	1.0
contig_2430	200000	300000	3.0
contig_2430	300000	400000	1.0
contig_2430	400000	500000	3.0
contig_2430	500000	576583	3.0
contig_2431	0	100000	1.0
contig_2431	100000	200000	3.0
contig_2431	200000	300000	2.0
contig_2431	300000	400000	1.0
contig_2431	600000	700000	1.0
contig_2431	700000	800000	1.0
contig_2432	0	100000	1.0
contig_2432	100000	200000	2.0
contig_2432	200000	300000	1.0
contig_2432	300000	305563	1.0
contig_2433	0	100000	5.0
contig_2433	100000	200000	2.0
contig_2433	200000	300000	1.0
contig_2433	300000	388169	2.0
contig_2434	0	100000	4.0
contig_2434	100000	200000	4.0
contig_2434	300000	400000	2.0
contig_2434	400000	403879	1.0
contig_2435	0	72828	1.0
contig_2436	0	100000	3.0
contig_2436	100000	200000	3.0
contig_2436	200000	300000	4.0
contig_2436	400000	500000	1.0
contig_2436	800000	900000	1.0
contig_2436	900000	1000000	4.0
contig_2436	1000000	1073941	3.0
contig_2437	0	100000	2.0
contig_2437	100000	180082	1.0
contig_2438	0	100000	1.0
contig_2438	100000	200000	7.0
contig_2438	200000	300000	3.0
contig_2438	300000	400000	2.0
contig_2438	400000	500000	3.0
contig_2438	500000	600000	1.0
contig_2438	600000	700000	1.0
contig_2438	700000	800000	3.0
contig_2438	900000	1000000	2.0
contig_2438	1100000	1185601	5.0
contig_2439	500000	600000	1.0
contig_2439	600000	700000	4.0
contig_2439	700000	800000	3.0
contig_2439	800000	900000	1.0
contig_2439	1300000	1400000	1.0
contig_2439	1400000	1500000	2.0
contig_2439	2000000	2100000	1.0
contig_2439	2200000	2300000	3.0
contig_2439	2300000	2400000	1.0
contig_2439	2800000	2900000	2.0
contig_2439	3200000	3300000	7.0
contig_2439	3300000	3400000	2.0
contig_2439	3400000	3500000	1.0
contig_2439	3600000	3700000	1.0
contig_2439	3700000	3791877	1.0
contig_2440	0	80771	12.0
contig_2441	100000	200000	1.0
contig_2441	200000	300000	5.0
contig_2441	300000	400000	1.0
contig_2441	500000	600000	1.0
contig_2441	600000	700000	1.0
contig_2441	700000	800000	1.0
contig_2441	800000	900000	3.0
contig_2441	900000	1000000	4.0
contig_2441	1000000	1100000	1.0
contig_2441	1100000	1200000	3.0
contig_2441	1200000	1300000	2.0
contig_2441	1300000	1400000	3.0
contig_2441	1400000	1500000	5.0
contig_2441	1500000	1530857	1.0
contig_2442	0	100000	1.0
contig_2442	100000	200000	1.0
contig_2442	200000	266850	4.0
contig_2443	0	100000	2.0
contig_2443	100000	200000	2.0
contig_2443	200000	300000	2.0
contig_2443	300000	388512	2.0
contig_2444	0	100000	4.0
contig_2444	100000	200000	1.0
contig_2444	200000	300000	5.0
contig_2444	300000	400000	3.0
contig_2444	400000	500000	2.0
contig_2444	500000	600000	1.0
contig_2444	800000	900000	3.0
contig_2444	900000	1000000	3.0
contig_2444	1000000	1100000	1.0
contig_2444	1100000	1200000	4.0
contig_2444	1200000	1216504	1.0
contig_2445	0	100000	3.0
contig_2445	100000	200000	3.0
contig_2445	200000	238708	5.0
contig_2446	0	100000	8.0
contig_2446	100000	200000	1.0
contig_2446	200000	300000	1.0
contig_2446	300000	400000	5.0
contig_2446	400000	500000	7.0
contig_2446	500000	570105	1.0
contig_2447	0	100000	1.0
contig_2447	100000	200000	1.0
contig_2447	400000	455158	1.0
contig_2448	0	100000	2.0
contig_2448	200000	280478	1.0
contig_2449	0	100000	3.0
contig_2449	100000	200000	4.0
contig_2449	200000	300000	6.0
contig_2449	300000	377590	3.0
contig_2451	0	100000	2.0
contig_2451	100000	200000	1.0
contig_2451	200000	300000	4.0
contig_2451	300000	400000	1.0
contig_2451	400000	500000	3.0
contig_2451	600000	700000	3.0
contig_2451	700000	800000	5.0
contig_2451	900000	1000000	1.0
contig_2451	1000000	1022642	1.0
contig_2452	100000	200000	3.0
contig_2452	200000	300000	3.0
contig_2452	300000	400000	1.0
contig_2452	400000	500000	7.0
contig_2452	500000	600000	2.0
contig_2452	600000	694274	1.0
contig_2453	0	100000	4.0
contig_2453	100000	200000	4.0
contig_2454	0	100000	2.0
contig_2454	100000	200000	3.0
contig_2454	200000	300000	2.0
contig_2454	300000	347539	1.0
contig_2455	0	100000	5.0
contig_2455	100000	200000	2.0
contig_2455	200000	205540	1.0
contig_2456	100000	176587	5.0
contig_2457	0	100000	2.0
contig_2457	100000	200000	7.0
contig_2457	200000	300000	1.0
contig_2457	300000	400000	3.0
contig_2457	400000	500000	1.0
contig_2457	500000	600000	2.0
contig_2457	800000	900000	2.0
contig_2457	900000	1000000	1.0
contig_2457	1100000	1200000	1.0
contig_2457	1200000	1300000	10.0
contig_2457	1300000	1400000	3.0
contig_2457	1400000	1500000	1.0
contig_2457	1500000	1600000	1.0
contig_2457	2000000	2039739	1.0
contig_2458	0	100000	1.0
contig_2458	100000	141254	3.0
contig_2459	0	100000	2.0
contig_2459	100000	178256	4.0
contig_2460	100000	200000	3.0
contig_2460	200000	300000	1.0
contig_2460	300000	400000	2.0
contig_2460	400000	500000	6.0
contig_2460	500000	600000	6.0
contig_2460	600000	700000	4.0
contig_2460	700000	800000	1.0
contig_2460	800000	900000	3.0
contig_2460	900000	1000000	6.0
contig_2460	1000000	1100000	4.0
contig_2460	1100000	1200000	2.0
contig_2460	1200000	1300000	4.0
contig_2460	1400000	1500000	3.0
contig_2460	1600000	1700000	5.0
contig_2460	1700000	1800000	2.0
contig_2460	1800000	1900000	2.0
contig_2460	1900000	2000000	3.0
contig_2460	2000000	2100000	3.0
contig_2460	2100000	2200000	2.0
contig_2460	2200000	2300000	3.0
contig_2460	2300000	2400000	3.0
contig_2460	2400000	2458808	1.0
contig_2461	0	100000	3.0
contig_2461	100000	200000	1.0
contig_2461	200000	300000	1.0
contig_2461	300000	400000	3.0
contig_2461	400000	500000	3.0
contig_2461	500000	584472	4.0
contig_2462	0	100000	6.0
contig_2462	100000	200000	3.0
contig_2462	200000	300000	3.0
contig_2462	300000	400000	2.0
contig_2462	400000	500000	1.0
contig_2462	500000	503074	1.0
contig_2463	100000	200000	1.0
contig_2464	0	100000	1.0
contig_2464	100000	132041	1.0
contig_2465	0	100000	3.0
contig_2465	100000	200000	2.0
contig_2465	200000	300000	2.0
contig_2465	300000	312690	2.0
contig_2466	0	100000	1.0
contig_2466	100000	200000	1.0
contig_2466	200000	300000	1.0
contig_2466	300000	400000	2.0
contig_2466	400000	500000	5.0
contig_2466	500000	600000	2.0
contig_2466	600000	700000	1.0
contig_2466	700000	800000	5.0
contig_2466	800000	900000	1.0
contig_2466	900000	973022	1.0
contig_2467	0	100000	1.0
contig_2467	100000	200000	1.0
contig_2467	200000	300000	1.0
contig_2467	300000	400000	1.0
contig_2467	400000	500000	6.0
contig_2467	500000	600000	2.0
contig_2467	700000	738817	2.0
contig_2468	0	21685	1.0
contig_2469	0	100000	1.0
contig_2469	100000	200000	1.0
contig_2469	200000	206421	1.0
contig_2471	0	100000	4.0
contig_2471	100000	147456	1.0
contig_2472	0	100000	6.0
contig_2472	100000	200000	1.0
contig_2472	200000	300000	1.0
contig_2472	300000	400000	1.0
contig_2472	500000	600000	5.0
contig_2472	700000	800000	5.0
contig_2472	800000	900000	1.0
contig_2472	900000	986069	2.0
contig_2473	0	100000	2.0
contig_2473	100000	134760	2.0
contig_2474	0	100000	3.0
contig_2474	100000	200000	4.0
contig_2474	200000	300000	4.0
contig_2474	300000	400000	1.0
contig_2474	400000	453026	4.0
contig_2475	0	100000	1.0
contig_2475	200000	286444	4.0
contig_2476	0	100000	4.0
contig_2476	100000	120374	1.0
contig_2478	0	100000	2.0
contig_2478	100000	200000	1.0
contig_2478	200000	300000	1.0
contig_2478	300000	313392	1.0
contig_2479	0	100000	2.0
contig_2479	100000	200000	1.0
contig_2479	200000	300000	4.0
contig_2479	300000	400000	4.0
contig_2479	500000	600000	1.0
contig_2479	800000	900000	4.0
contig_2479	900000	1000000	2.0
contig_2479	1000000	1100000	4.0
contig_2479	1100000	1200000	1.0
contig_2479	1200000	1300000	2.0
contig_2479	1300000	1400000	6.0
contig_2479	1400000	1500000	4.0
contig_2479	1500000	1544119	5.0
contig_2480	0	55200	1.0
contig_2481	0	100000	2.0
contig_2481	100000	171137	2.0
contig_2483	0	100000	1.0
contig_2483	100000	169891	2.0
contig_2484	200000	246394	2.0
contig_2486	0	100000	1.0
contig_2486	100000	200000	1.0
contig_2486	200000	300000	4.0
contig_2486	300000	400000	5.0
contig_2486	400000	500000	2.0
contig_2486	500000	600000	2.0
contig_2486	600000	700000	1.0
contig_2486	800000	900000	1.0
contig_2486	900000	1000000	1.0
contig_2486	1000000	1018458	1.0
contig_2487	100000	200000	1.0
contig_2487	200000	300000	1.0
contig_2487	400000	439807	1.0
contig_2488	0	100000	2.0
contig_2488	100000	200000	2.0
contig_2488	200000	300000	1.0
contig_2488	300000	400000	1.0
contig_2488	400000	500000	2.0
contig_2488	500000	600000	3.0
contig_2488	600000	700000	4.0
contig_2488	700000	761992	3.0
contig_2489	0	100000	3.0
contig_2489	100000	200000	2.0
contig_2489	200000	219721	3.0
contig_2490	0	100000	3.0
contig_2490	200000	300000	1.0
contig_2490	400000	500000	1.0
contig_2490	600000	700000	1.0
contig_2490	700000	800000	4.0
contig_2490	800000	879716	1.0
contig_2491	0	100000	3.0
contig_2491	100000	198615	1.0
contig_2492	0	100000	4.0
contig_2492	100000	200000	2.0
contig_2492	200000	300000	3.0
contig_2492	300000	400000	1.0
contig_2492	400000	500000	1.0
contig_2492	500000	600000	1.0
contig_2492	600000	700000	4.0
contig_2492	700000	800000	1.0
contig_2492	800000	900000	2.0
contig_2492	900000	1000000	3.0
contig_2492	1000000	1100000	4.0
contig_2492	1100000	1200000	1.0
contig_2492	1200000	1300000	2.0
contig_2492	1300000	1400000	2.0
contig_2492	1400000	1500000	2.0
contig_2492	1500000	1600000	5.0
contig_2492	1600000	1700000	3.0
contig_2492	1700000	1769372	5.0
contig_2493	0	96118	3.0
contig_2494	0	100000	1.0
contig_2494	100000	200000	3.0
contig_2494	200000	300000	1.0
contig_2494	300000	400000	1.0
contig_2494	500000	600000	1.0
contig_2494	600000	700000	1.0
contig_2494	800000	900000	2.0
contig_2494	1000000	1100000	1.0
contig_2494	1300000	1400000	1.0
contig_2494	1500000	1600000	1.0
contig_2494	1700000	1800000	1.0
contig_2494	1900000	2000000	2.0
contig_2494	2000000	2100000	2.0
contig_2494	2100000	2200000	2.0
contig_2494	2200000	2275164	2.0
contig_2495	0	100000	2.0
contig_2495	100000	200000	5.0
contig_2495	200000	227955	2.0
contig_2496	0	100000	2.0
contig_2496	100000	200000	3.0
contig_2496	200000	300000	2.0
contig_2496	300000	400000	4.0
contig_2496	400000	457067	1.0
contig_2497	0	12141	1.0
contig_2498	100000	200000	1.0
contig_2498	300000	400000	6.0
contig_2498	400000	500000	8.0
contig_2499	0	100000	6.0
contig_2499	100000	200000	1.0
contig_2499	300000	400000	3.0
contig_2499	400000	500000	3.0
contig_2499	500000	600000	1.0
contig_2499	700000	800000	2.0
contig_2499	800000	842042	5.0
contig_2500	0	100000	1.0
contig_2500	100000	200000	2.0
contig_2500	300000	400000	1.0
contig_2500	400000	500000	1.0
contig_2500	500000	600000	2.0
contig_2500	600000	700000	1.0
contig_2500	700000	728800	1.0
contig_2501	0	100000	1.0
contig_2501	100000	200000	1.0
contig_2501	200000	300000	1.0
contig_2501	300000	400000	1.0
contig_2501	400000	500000	3.0
contig_2501	500000	600000	1.0
contig_2501	600000	700000	6.0
contig_2501	800000	900000	1.0
contig_2501	1000000	1019613	1.0
contig_2502	0	100000	1.0
contig_2502	100000	157718	3.0
contig_2503	0	100000	4.0
contig_2503	100000	200000	4.0
contig_2503	200000	300000	3.0
contig_2503	300000	400000	1.0
contig_2503	400000	500000	5.0
contig_2503	500000	600000	2.0
contig_2503	600000	700000	6.0
contig_2503	700000	737618	4.0
contig_2504	0	72355	2.0
contig_2505	0	100000	4.0
contig_2505	100000	200000	1.0
contig_2505	200000	300000	1.0
contig_2505	300000	400000	1.0
contig_2505	400000	500000	3.0
contig_2505	500000	553201	1.0
contig_2508	0	100000	3.0
contig_2508	100000	200000	2.0
contig_2509	0	100000	4.0
contig_2509	100000	200000	2.0
contig_2509	200000	300000	4.0
contig_2509	300000	400000	1.0
contig_2509	400000	500000	2.0
contig_2509	600000	700000	5.0
contig_2509	700000	800000	1.0
contig_2509	800000	900000	2.0
contig_2509	900000	1000000	5.0
contig_2509	1000000	1100000	1.0
contig_2509	1200000	1281919	7.0
contig_2510	0	100000	1.0
contig_2510	100000	200000	2.0
contig_2510	200000	300000	3.0
contig_2510	300000	320595	1.0
contig_2511	0	100000	2.0
contig_2511	100000	200000	2.0
contig_2511	200000	300000	3.0
contig_2511	300000	355470	4.0
contig_2512	0	100000	1.0
contig_2512	100000	200000	4.0
contig_2512	200000	300000	2.0
contig_2512	300000	400000	3.0
contig_2512	400000	500000	1.0
contig_2512	500000	600000	4.0
contig_2512	600000	700000	4.0
contig_2512	700000	800000	2.0
contig_2512	800000	900000	2.0
contig_2512	900000	1000000	1.0
contig_2512	1000000	1100000	3.0
contig_2512	1100000	1122574	2.0
contig_2513	0	76041	1.0
contig_2514	100000	200000	1.0
contig_2514	300000	400000	1.0
contig_2514	400000	500000	3.0
contig_2514	500000	600000	1.0
contig_2514	600000	700000	3.0
contig_2514	700000	733762	2.0
contig_2515	100000	200000	2.0
contig_2515	300000	400000	1.0
contig_2515	600000	700000	2.0
contig_2515	700000	800000	1.0
contig_2515	800000	900000	2.0
contig_2516	0	100000	1.0
contig_2516	200000	300000	1.0
contig_2517	0	100000	3.0
contig_2517	100000	200000	12.0
contig_2517	200000	300000	4.0
contig_2517	300000	400000	2.0
contig_2517	400000	500000	2.0
contig_2517	500000	600000	2.0
contig_2517	900000	1000000	2.0
contig_2517	1000000	1100000	3.0
contig_2517	1100000	1200000	2.0
contig_2517	1200000	1269960	4.0
contig_2518	0	100000	1.0
contig_2518	100000	200000	2.0
contig_2518	200000	300000	2.0
contig_2518	400000	500000	2.0
contig_2518	500000	600000	1.0
contig_2518	600000	700000	1.0
contig_2518	700000	725166	1.0
contig_2519	0	100000	5.0
contig_2519	100000	200000	1.0
contig_2519	200000	300000	1.0
contig_2519	400000	492249	5.0
contig_2520	0	100000	1.0
contig_2520	300000	400000	2.0
contig_2520	500000	600000	2.0
contig_2520	700000	800000	1.0
contig_2520	1000000	1100000	1.0
contig_2520	1100000	1200000	6.0
contig_2520	1200000	1300000	2.0
contig_2520	1300000	1400000	5.0
contig_2520	1400000	1500000	1.0
contig_2520	1500000	1600000	11.0
contig_2520	1600000	1700000	5.0
contig_2520	1700000	1800000	2.0
contig_2520	1800000	1900000	1.0
contig_2520	2100000	2200000	1.0
contig_2520	2200000	2300000	1.0
contig_2520	2300000	2400000	2.0
contig_2520	2500000	2600000	1.0
contig_2520	2900000	2994926	2.0
contig_2521	100000	200000	4.0
contig_2521	200000	300000	2.0
contig_2521	300000	400000	1.0
contig_2521	400000	500000	4.0
contig_2521	500000	600000	5.0
contig_2521	600000	700000	2.0
contig_2521	700000	800000	3.0
contig_2521	800000	844359	2.0
contig_2522	0	100000	1.0
contig_2522	100000	110973	1.0
contig_2523	0	100000	1.0
contig_2523	100000	155425	1.0
contig_2524	0	100000	1.0
contig_2524	100000	200000	1.0
contig_2524	200000	300000	1.0
contig_2524	300000	381675	1.0
contig_2525	400000	500000	5.0
contig_2525	500000	600000	6.0
contig_2525	700000	800000	1.0
contig_2525	800000	900000	1.0
contig_2525	900000	1000000	2.0
contig_2525	1000000	1100000	1.0
contig_2525	1100000	1200000	7.0
contig_2525	1200000	1277106	3.0
contig_2526	0	100000	1.0
contig_2527	0	100000	3.0
contig_2527	100000	174863	2.0
contig_2528	0	100000	3.0
contig_2528	100000	156688	4.0
contig_2529	0	100000	5.0
contig_2529	100000	200000	1.0
contig_2529	200000	262918	1.0
contig_2530	0	100000	6.0
contig_2530	100000	200000	2.0
contig_2530	200000	300000	4.0
contig_2530	300000	400000	1.0
contig_2530	400000	500000	3.0
contig_2530	500000	591288	3.0
contig_2531	0	100000	9.0
contig_2531	100000	200000	3.0
contig_2531	200000	300000	1.0
contig_2531	300000	400000	3.0
contig_2531	400000	500000	5.0
contig_2531	500000	600000	1.0
contig_2531	600000	700000	5.0
contig_2531	700000	800000	1.0
contig_2531	800000	859010	3.0
contig_2532	500000	600000	8.0
contig_2532	600000	681735	2.0
contig_2533	0	100000	2.0
contig_2533	200000	300000	1.0
contig_2533	300000	400000	1.0
contig_2533	700000	800000	1.0
contig_2533	900000	1000000	5.0
contig_2533	1100000	1200000	5.0
contig_2533	1200000	1300000	3.0
contig_2533	1300000	1400000	1.0
contig_2533	1400000	1448711	6.0
contig_2534	0	100000	1.0
contig_2534	100000	175633	1.0
contig_2535	0	100000	2.0
contig_2535	100000	200000	3.0
contig_2535	200000	300000	5.0
contig_2535	300000	400000	2.0
contig_2535	400000	500000	4.0
contig_2535	500000	600000	1.0
contig_2535	600000	700000	8.0
contig_2535	700000	800000	1.0
contig_2535	800000	900000	6.0
contig_2535	900000	1000000	4.0
contig_2535	1000000	1100000	4.0
contig_2535	1100000	1200000	1.0
contig_2535	1200000	1300000	2.0
contig_2535	1300000	1400000	2.0
contig_2535	1400000	1500000	1.0
contig_2535	1500000	1600000	11.0
contig_2535	1600000	1700000	3.0
contig_2535	1700000	1800000	2.0
contig_2535	1800000	1900000	3.0
contig_2535	1900000	2000000	1.0
contig_2535	2000000	2100000	1.0
contig_2535	2100000	2200000	2.0
contig_2535	2200000	2300000	1.0
contig_2535	2300000	2400000	1.0
contig_2535	2500000	2600000	5.0
contig_2535	2600000	2700000	3.0
contig_2535	2700000	2800000	5.0
contig_2535	2800000	2900000	2.0
contig_2535	2900000	2993508	2.0
contig_2536	0	100000	1.0
contig_2536	100000	115153	1.0
contig_2537	0	100000	2.0
contig_2537	100000	200000	5.0
contig_2537	200000	300000	3.0
contig_2537	300000	400000	5.0
contig_2537	400000	433819	1.0
contig_2538	0	100000	3.0
contig_2538	100000	200000	9.0
contig_2538	200000	300000	8.0
contig_2538	300000	400000	3.0
contig_2538	400000	500000	2.0
contig_2538	500000	600000	3.0
contig_2538	600000	700000	3.0
contig_2538	700000	800000	3.0
contig_2538	800000	900000	8.0
contig_2538	1000000	1100000	2.0
contig_2538	1100000	1192675	2.0
contig_2539	0	100000	2.0
contig_2539	100000	200000	8.0
contig_2539	200000	218191	1.0
contig_2540	0	100000	1.0
contig_2540	100000	200000	3.0
contig_2540	200000	300000	7.0
contig_2540	300000	400000	2.0
contig_2540	400000	442168	2.0
contig_2541	0	100000	1.0
contig_2541	100000	175149	2.0
contig_2542	0	100000	1.0
contig_2543	0	100000	2.0
contig_2543	100000	200000	1.0
contig_2543	200000	300000	1.0
contig_2543	500000	521808	1.0
contig_2544	0	100000	3.0
contig_2544	200000	300000	3.0
contig_2544	300000	400000	1.0
contig_2544	400000	500000	2.0
contig_2544	500000	600000	3.0
contig_2544	600000	700000	4.0
contig_2544	700000	800000	4.0
contig_2544	800000	892241	2.0
contig_2546	0	89648	5.0
contig_2547	100000	200000	1.0
contig_2547	200000	300000	10.0
contig_2547	400000	500000	2.0
contig_2547	500000	600000	2.0
contig_2547	600000	689125	3.0
contig_2548	0	100000	3.0
contig_2548	100000	200000	3.0
contig_2548	200000	300000	1.0
contig_2548	300000	400000	2.0
contig_2548	600000	700000	1.0
contig_2548	700000	800000	2.0
contig_2548	800000	900000	1.0
contig_2548	900000	1000000	3.0
contig_2548	1000000	1100000	5.0
contig_2548	1100000	1200000	2.0
contig_2548	1200000	1300000	2.0
contig_2548	1500000	1600000	2.0
contig_2548	1600000	1700000	3.0
contig_2548	1700000	1800000	2.0
contig_2548	1800000	1900000	4.0
contig_2548	1900000	2000000	2.0
contig_2548	2000000	2100000	5.0
contig_2548	2100000	2200000	2.0
contig_2548	2200000	2300000	2.0
contig_2548	2300000	2400000	3.0
contig_2548	2400000	2500000	1.0
contig_2548	2500000	2600000	2.0
contig_2548	2600000	2700000	5.0
contig_2548	2700000	2800000	9.0
contig_2548	2800000	2900000	3.0
contig_2548	2900000	3000000	3.0
contig_2548	3000000	3016551	1.0
contig_2549	0	100000	1.0
contig_2549	100000	200000	1.0
contig_2549	200000	300000	1.0
contig_2549	300000	380510	1.0
contig_2550	0	100000	2.0
contig_2551	0	100000	1.0
contig_2551	100000	200000	1.0
contig_2551	200000	300000	2.0
contig_2551	300000	400000	2.0
contig_2551	400000	500000	4.0
contig_2551	500000	564906	1.0
contig_2552	0	100000	4.0
contig_2552	100000	200000	6.0
contig_2552	200000	300000	1.0
contig_2552	300000	400000	4.0
contig_2552	400000	432320	2.0
contig_2553	0	18533	1.0
contig_2554	0	100000	5.0
contig_2554	100000	200000	5.0
contig_2554	200000	300000	2.0
contig_2554	300000	400000	2.0
contig_2554	400000	500000	4.0
contig_2554	500000	600000	2.0
contig_2554	600000	700000	1.0
contig_2554	700000	800000	5.0
contig_2554	800000	900000	1.0
contig_2554	1000000	1100000	1.0
contig_2554	1200000	1300000	1.0
contig_2554	1300000	1400000	1.0
contig_2554	1500000	1600000	7.0
contig_2554	1600000	1700000	4.0
contig_2554	1700000	1800000	1.0
contig_2554	1800000	1900000	2.0
contig_2554	2100000	2200000	2.0
contig_2554	2200000	2300000	6.0
contig_2554	2300000	2400000	1.0
contig_2554	2400000	2500000	1.0
contig_2554	2700000	2800000	1.0
contig_2554	3100000	3200000	1.0
contig_2554	3300000	3400000	2.0
contig_2554	3400000	3500000	2.0
contig_2554	3500000	3600000	1.0
contig_2554	3600000	3700000	2.0
contig_2554	3700000	3800000	3.0
contig_2554	3800000	3900000	2.0
contig_2554	3900000	4000000	1.0
contig_2554	4000000	4100000	3.0
contig_2554	4100000	4200000	5.0
contig_2554	4200000	4300000	2.0
contig_2554	4400000	4500000	2.0
contig_2554	4500000	4600000	1.0
contig_2554	4700000	4800000	1.0
contig_2554	4800000	4868123	1.0
contig_2555	0	73234	1.0
contig_2557	0	100000	6.0
contig_2557	100000	160142	3.0
contig_2558	0	100000	6.0
contig_2558	100000	194459	2.0
contig_2559	0	100000	4.0
contig_2559	200000	300000	5.0
contig_2559	600000	700000	1.0
contig_2559	700000	800000	3.0
contig_2559	900000	1000000	2.0
contig_2559	1000000	1100000	2.0
contig_2559	1100000	1200000	1.0
contig_2559	1200000	1300000	2.0
contig_2559	1300000	1400000	1.0
contig_2559	1400000	1500000	2.0
contig_2559	1500000	1600000	4.0
contig_2559	1600000	1700000	7.0
contig_2559	1700000	1800000	2.0
contig_2559	1800000	1900000	4.0
contig_2559	1900000	2000000	2.0
contig_2559	2000000	2100000	9.0
contig_2559	2100000	2100874	1.0
contig_2560	0	100000	2.0
contig_2560	100000	200000	3.0
contig_2560	300000	400000	1.0
contig_2560	400000	500000	2.0
contig_2560	500000	600000	2.0
contig_2560	600000	700000	1.0
contig_2560	800000	900000	6.0
contig_2560	900000	1000000	6.0
contig_2560	1000000	1100000	5.0
contig_2560	1200000	1300000	1.0
contig_2560	1300000	1304662	2.0
contig_2561	0	100000	1.0
contig_2561	200000	300000	2.0
contig_2561	400000	500000	1.0
contig_2561	500000	600000	3.0
contig_2561	900000	1000000	2.0
contig_2561	1000000	1100000	6.0
contig_2561	1100000	1200000	3.0
contig_2561	1200000	1300000	4.0
contig_2561	1300000	1400000	4.0
contig_2561	1400000	1500000	1.0
contig_2561	1500000	1600000	1.0
contig_2561	1600000	1700000	2.0
contig_2561	1700000	1800000	1.0
contig_2561	1800000	1900000	1.0
contig_2561	1900000	2000000	2.0
contig_2561	2000000	2100000	1.0
contig_2561	2100000	2200000	4.0
contig_2561	2200000	2300000	1.0
contig_2561	2300000	2400000	1.0
contig_2561	2400000	2417900	1.0
contig_2562	0	100000	5.0
contig_2562	100000	200000	3.0
contig_2562	200000	300000	2.0
contig_2562	300000	400000	1.0
contig_2562	400000	500000	4.0
contig_2562	500000	600000	1.0
contig_2562	600000	700000	3.0
contig_2562	700000	800000	4.0
contig_2562	800000	900000	2.0
contig_2562	900000	1000000	1.0
contig_2562	1000000	1100000	3.0
contig_2562	1100000	1200000	10.0
contig_2562	1200000	1300000	1.0
contig_2562	1600000	1700000	1.0
contig_2562	1700000	1800000	3.0
contig_2562	1800000	1874075	2.0
contig_2563	100000	124985	1.0
contig_2564	100000	200000	3.0
contig_2564	200000	300000	2.0
contig_2565	0	100000	6.0
contig_2565	100000	200000	5.0
contig_2565	200000	300000	7.0
contig_2565	300000	400000	1.0
contig_2565	400000	500000	2.0
contig_2565	500000	600000	6.0
contig_2565	600000	700000	2.0
contig_2565	700000	800000	5.0
contig_2565	800000	900000	1.0
contig_2565	900000	1000000	3.0
contig_2565	1000000	1100000	1.0
contig_2565	1200000	1300000	1.0
contig_2565	1300000	1374615	3.0
contig_2566	0	100000	5.0
contig_2566	100000	200000	3.0
contig_2566	200000	300000	2.0
contig_2566	300000	400000	1.0
contig_2566	400000	500000	5.0
contig_2566	500000	600000	1.0
contig_2566	600000	700000	1.0
contig_2566	700000	800000	1.0
contig_2566	800000	900000	3.0
contig_2566	1000000	1076530	3.0
contig_2567	0	100000	2.0
contig_2567	100000	137911	1.0
contig_2568	0	100000	5.0
contig_2568	300000	400000	1.0
contig_2568	500000	600000	1.0
contig_2568	700000	800000	2.0
contig_2568	800000	900000	1.0
contig_2568	900000	1000000	5.0
contig_2568	1000000	1100000	2.0
contig_2568	1100000	1200000	1.0
contig_2568	1300000	1400000	3.0
contig_2568	1400000	1500000	9.0
contig_2568	1500000	1600000	1.0
contig_2568	1600000	1700000	2.0
contig_2568	1700000	1800000	1.0
contig_2568	1800000	1900000	1.0
contig_2568	2000000	2100000	2.0
contig_2568	2200000	2300000	4.0
contig_2568	2300000	2400000	1.0
contig_2568	2400000	2413635	1.0
contig_2569	0	100000	2.0
contig_2569	100000	131115	1.0
contig_2570	0	100000	3.0
contig_2570	100000	200000	2.0
contig_2570	200000	300000	5.0
contig_2570	300000	344098	6.0
contig_2571	0	100000	1.0
contig_2571	100000	200000	2.0
contig_2571	200000	300000	3.0
contig_2571	300000	379510	2.0
contig_2572	0	100000	2.0
contig_2572	100000	200000	1.0
contig_2572	200000	300000	1.0
contig_2572	300000	400000	1.0
contig_2572	400000	500000	2.0
contig_2572	1000000	1100000	8.0
contig_2572	1100000	1200000	4.0
contig_2572	1200000	1300000	1.0
contig_2572	1300000	1364913	2.0
contig_2573	0	100000	1.0
contig_2573	100000	200000	1.0
contig_2573	200000	300000	5.0
contig_2573	300000	400000	5.0
contig_2573	400000	500000	1.0
contig_2573	500000	600000	2.0
contig_2573	600000	665666	1.0
contig_2574	0	100000	5.0
contig_2574	100000	200000	2.0
contig_2574	200000	225057	1.0
contig_2575	0	100000	3.0
contig_2575	100000	200000	4.0
contig_2575	500000	600000	2.0
contig_2575	600000	700000	3.0
contig_2575	900000	1000000	3.0
contig_2575	1100000	1200000	3.0
contig_2575	1200000	1300000	1.0
contig_2575	1400000	1500000	3.0
contig_2575	1700000	1800000	1.0
contig_2575	1800000	1900000	1.0
contig_2575	1900000	2000000	2.0
contig_2575	2000000	2100000	1.0
contig_2575	2100000	2200000	1.0
contig_2575	2200000	2300000	1.0
contig_2575	2300000	2400000	2.0
contig_2575	2400000	2500000	1.0
contig_2575	2500000	2600000	4.0
contig_2575	2700000	2755830	4.0
contig_2576	0	100000	3.0
contig_2576	100000	115009	1.0
contig_2577	0	100000	2.0
contig_2577	100000	180241	3.0
contig_2578	0	100000	2.0
contig_2578	100000	200000	2.0
contig_2578	200000	300000	2.0
contig_2578	300000	400000	1.0
contig_2578	400000	500000	1.0
contig_2578	500000	600000	1.0
contig_2578	600000	700000	4.0
contig_2578	700000	800000	2.0
contig_2578	800000	900000	2.0
contig_2578	900000	1000000	4.0
contig_2578	1000000	1100000	5.0
contig_2578	1100000	1200000	2.0
contig_2578	1200000	1235234	1.0
contig_2579	0	100000	2.0
contig_2579	100000	149181	2.0
contig_2580	0	100000	4.0
contig_2580	100000	200000	2.0
contig_2580	200000	300000	1.0
contig_2580	300000	400000	1.0
contig_2580	600000	700000	1.0
contig_2580	800000	900000	1.0
contig_2580	900000	1000000	5.0
contig_2580	1000000	1100000	3.0
contig_2580	1100000	1200000	2.0
contig_2580	1200000	1300000	2.0
contig_2580	1300000	1400000	3.0
contig_2580	1500000	1600000	5.0
contig_2580	1600000	1700000	5.0
contig_2580	1700000	1800000	2.0
contig_2580	1800000	1900000	2.0
contig_2580	1900000	2000000	1.0
contig_2580	2100000	2200000	2.0
contig_2580	2200000	2300000	5.0
contig_2580	2300000	2400000	2.0
contig_2580	2400000	2402400	2.0
contig_2581	0	100000	2.0
contig_2581	100000	170567	2.0
contig_2582	0	69872	2.0
contig_2583	0	72289	2.0
contig_2584	0	76188	1.0
contig_2585	0	100000	3.0
contig_2585	100000	200000	2.0
contig_2585	200000	300000	2.0
contig_2585	300000	400000	1.0
contig_2585	400000	404164	1.0
contig_2586	0	100000	2.0
contig_2587	0	100000	4.0
contig_2587	200000	300000	1.0
contig_2587	300000	400000	2.0
contig_2587	400000	500000	3.0
contig_2587	500000	600000	4.0
contig_2587	700000	800000	4.0
contig_2587	800000	900000	4.0
contig_2587	900000	1000000	1.0
contig_2587	1000000	1100000	2.0
contig_2587	1100000	1130701	4.0
contig_2588	100000	200000	2.0
contig_2588	200000	300000	6.0
contig_2588	300000	400000	3.0
contig_2588	400000	500000	9.0
contig_2588	500000	600000	1.0
contig_2588	600000	700000	1.0
contig_2588	1000000	1100000	2.0
contig_2588	1100000	1200000	2.0
contig_2588	1300000	1400000	1.0
contig_2588	1500000	1600000	1.0
contig_2588	1600000	1700000	4.0
contig_2588	1700000	1800000	5.0
contig_2588	1800000	1823238	3.0
contig_2589	0	43072	1.0
contig_2590	0	100000	7.0
contig_2590	100000	144883	2.0
contig_2591	0	100000	1.0
contig_2591	100000	200000	4.0
contig_2591	200000	259522	1.0
contig_2592	100000	200000	1.0
contig_2592	200000	300000	2.0
contig_2592	300000	400000	4.0
contig_2592	400000	500000	7.0
contig_2592	500000	600000	2.0
contig_2592	600000	700000	3.0
contig_2592	800000	889019	4.0
contig_2593	0	100000	4.0
contig_2593	100000	188312	5.0
contig_2594	100000	200000	1.0
contig_2594	200000	300000	1.0
contig_2594	300000	319797	1.0
contig_2595	0	100000	8.0
contig_2595	100000	200000	8.0
contig_2595	200000	300000	3.0
contig_2595	300000	400000	6.0
contig_2595	400000	500000	1.0
contig_2595	600000	700000	1.0
contig_2595	700000	800000	8.0
contig_2595	800000	900000	3.0
contig_2595	900000	933866	1.0
contig_2596	100000	200000	5.0
contig_2596	200000	300000	1.0
contig_2596	600000	700000	1.0
contig_2596	700000	800000	2.0
contig_2596	800000	845535	1.0
contig_2597	0	100000	2.0
contig_2597	100000	200000	1.0
contig_2597	300000	400000	2.0
contig_2597	400000	500000	1.0
contig_2597	600000	700000	1.0
contig_2597	700000	800000	9.0
contig_2597	800000	900000	1.0
contig_2597	900000	1000000	3.0
contig_2597	1000000	1100000	1.0
contig_2597	1100000	1200000	1.0
contig_2597	1200000	1300000	1.0
contig_2597	1400000	1405652	2.0
contig_2598	0	69942	2.0
contig_2599	0	100000	2.0
contig_2599	100000	200000	2.0
contig_2599	200000	300000	3.0
contig_2599	300000	339405	1.0
contig_2600	100000	119186	2.0
contig_2601	0	100000	2.0
contig_2601	200000	300000	1.0
contig_2601	300000	362980	3.0
contig_2602	0	100000	4.0
contig_2602	100000	200000	4.0
contig_2602	200000	300000	2.0
contig_2602	300000	400000	6.0
contig_2602	400000	500000	5.0
contig_2602	600000	700000	4.0
contig_2602	800000	900000	2.0
contig_2602	900000	1000000	6.0
contig_2602	1000000	1100000	5.0
contig_2602	1100000	1200000	7.0
contig_2602	1300000	1400000	1.0
contig_2602	1500000	1600000	5.0
contig_2602	1600000	1700000	1.0
contig_2602	1700000	1725793	1.0
contig_2603	0	100000	1.0
contig_2603	100000	127234	3.0
contig_2604	0	100000	1.0
contig_2604	100000	138967	1.0
contig_2605	100000	200000	1.0
contig_2605	200000	300000	2.0
contig_2605	300000	332229	3.0
contig_2606	100000	195515	3.0
contig_2607	0	100000	2.0
contig_2607	100000	200000	4.0
contig_2607	400000	500000	2.0
contig_2607	500000	600000	4.0
contig_2607	600000	700000	2.0
contig_2607	700000	800000	1.0
contig_2607	800000	900000	2.0
contig_2607	900000	905189	1.0
contig_2609	0	100000	3.0
contig_2609	200000	300000	1.0
contig_2609	300000	400000	1.0
contig_2609	500000	600000	1.0
contig_2609	600000	700000	1.0
contig_2609	700000	800000	2.0
contig_2609	900000	1000000	1.0
contig_2609	1000000	1018589	3.0
contig_2610	0	100000	5.0
contig_2610	100000	200000	5.0
contig_2610	200000	300000	3.0
contig_2610	300000	400000	4.0
contig_2610	400000	500000	1.0
contig_2610	500000	600000	4.0
contig_2610	600000	700000	1.0
contig_2610	700000	800000	5.0
contig_2610	900000	1000000	2.0
contig_2610	1000000	1100000	1.0
contig_2610	1100000	1200000	2.0
contig_2610	1300000	1400000	2.0
contig_2610	1400000	1500000	1.0
contig_2610	1500000	1600000	1.0
contig_2610	1600000	1700000	4.0
contig_2610	1700000	1800000	2.0
contig_2610	1800000	1872954	2.0
contig_2611	0	100000	8.0
contig_2611	100000	200000	3.0
contig_2611	200000	300000	1.0
contig_2611	300000	400000	3.0
contig_2611	400000	500000	2.0
contig_2611	500000	600000	1.0
contig_2611	600000	700000	1.0
contig_2611	700000	800000	1.0
contig_2611	800000	900000	1.0
contig_2611	900000	1000000	9.0
contig_2611	1100000	1200000	2.0
contig_2611	1200000	1300000	1.0
contig_2611	1300000	1400000	3.0
contig_2611	1400000	1500000	1.0
contig_2611	1500000	1600000	1.0
contig_2611	1600000	1700000	2.0
contig_2611	1700000	1800000	2.0
contig_2611	1800000	1900000	1.0
contig_2611	1900000	2000000	1.0
contig_2611	2000000	2100000	1.0
contig_2611	2100000	2200000	2.0
contig_2611	2200000	2300000	2.0
contig_2611	2300000	2400000	2.0
contig_2611	2400000	2500000	2.0
contig_2611	2500000	2600000	1.0
contig_2612	0	100000	3.0
contig_2612	200000	258728	4.0
contig_2613	0	100000	3.0
contig_2613	200000	300000	1.0
contig_2613	300000	400000	1.0
contig_2613	500000	600000	1.0
contig_2613	700000	800000	1.0
contig_2613	1200000	1300000	1.0
contig_2613	1700000	1800000	1.0
contig_2613	1900000	2000000	2.0
contig_2613	2000000	2100000	2.0
contig_2613	2100000	2200000	1.0
contig_2614	0	100000	4.0
contig_2614	100000	153578	2.0
contig_2615	0	100000	2.0
contig_2615	100000	200000	2.0
contig_2615	200000	300000	1.0
contig_2615	300000	400000	1.0
contig_2615	500000	577448	3.0
contig_2616	0	100000	1.0
contig_2616	100000	200000	1.0
contig_2616	200000	235519	3.0
contig_2617	0	100000	1.0
contig_2617	200000	300000	1.0
contig_2617	400000	500000	1.0
contig_2617	500000	600000	2.0
contig_2617	600000	627754	1.0
contig_2618	0	100000	1.0
contig_2618	100000	200000	2.0
contig_2618	200000	300000	1.0
contig_2618	300000	400000	1.0
contig_2618	700000	800000	1.0
contig_2618	800000	900000	2.0
contig_2618	1000000	1100000	1.0
contig_2618	1100000	1200000	3.0
contig_2618	1200000	1300000	3.0
contig_2618	1400000	1500000	2.0
contig_2618	1600000	1700000	5.0
contig_2618	1700000	1800000	1.0
contig_2618	1800000	1900000	4.0
contig_2618	1900000	2000000	2.0
contig_2618	2100000	2200000	1.0
contig_2618	2400000	2500000	1.0
contig_2618	2500000	2600000	2.0
contig_2618	2600000	2700000	1.0
contig_2618	2700000	2715403	1.0
contig_2619	0	100000	4.0
contig_2619	100000	200000	2.0
contig_2619	200000	300000	4.0
contig_2619	300000	400000	2.0
contig_2619	400000	500000	2.0
contig_2619	500000	600000	1.0
contig_2619	600000	700000	1.0
contig_2619	700000	710296	1.0
contig_2620	0	64956	3.0
contig_2621	0	100000	4.0
contig_2621	100000	200000	3.0
contig_2621	200000	300000	3.0
contig_2621	300000	400000	1.0
contig_2621	400000	500000	1.0
contig_2621	500000	600000	4.0
contig_2621	600000	675684	4.0
contig_2622	0	72498	1.0
contig_2623	0	100000	6.0
contig_2623	100000	200000	3.0
contig_2623	300000	400000	3.0
contig_2623	400000	500000	1.0
contig_2623	500000	600000	1.0
contig_2623	600000	700000	2.0
contig_2623	700000	800000	2.0
contig_2623	800000	900000	1.0
contig_2623	900000	1000000	1.0
contig_2623	1000000	1007479	2.0
contig_2624	0	32911	3.0
contig_2625	0	100000	1.0
contig_2625	100000	121537	1.0
contig_2626	0	100000	4.0
contig_2626	100000	200000	6.0
contig_2626	200000	300000	5.0
contig_2626	300000	400000	2.0
contig_2626	400000	500000	2.0
contig_2626	500000	600000	2.0
contig_2626	600000	700000	3.0
contig_2626	700000	800000	4.0
contig_2626	800000	900000	2.0
contig_2626	1100000	1200000	1.0
contig_2626	1200000	1300000	3.0
contig_2626	1300000	1400000	8.0
contig_2626	1400000	1469660	15.0
contig_2627	0	100000	1.0
contig_2627	100000	186874	1.0
contig_2628	0	100000	4.0
contig_2628	100000	200000	3.0
contig_2628	200000	300000	2.0
contig_2628	300000	400000	2.0
contig_2628	400000	500000	3.0
contig_2628	500000	600000	1.0
contig_2628	600000	700000	6.0
contig_2628	700000	800000	6.0
contig_2628	800000	900000	4.0
contig_2628	900000	1000000	2.0
contig_2628	1000000	1100000	1.0
contig_2628	1100000	1200000	4.0
contig_2628	1200000	1300000	1.0
contig_2628	1300000	1400000	3.0
contig_2628	1400000	1500000	6.0
contig_2628	1500000	1600000	3.0
contig_2628	1600000	1700000	8.0
contig_2628	1700000	1800000	3.0
contig_2628	1800000	1900000	5.0
contig_2628	1900000	2000000	7.0
contig_2628	2000000	2100000	3.0
contig_2628	2100000	2200000	2.0
contig_2628	2200000	2300000	3.0
contig_2628	2300000	2400000	5.0
contig_2628	2400000	2500000	1.0
contig_2628	2500000	2600000	1.0
contig_2628	2600000	2693378	1.0
contig_2629	0	100000	9.0
contig_2629	100000	200000	6.0
contig_2629	400000	500000	4.0
contig_2629	500000	600000	1.0
contig_2629	600000	700000	1.0
contig_2629	700000	800000	1.0
contig_2629	1000000	1100000	4.0
contig_2629	1100000	1200000	2.0
contig_2629	1200000	1300000	1.0
contig_2629	1300000	1375570	1.0
contig_2630	0	100000	2.0
contig_2630	100000	200000	4.0
contig_2630	200000	300000	1.0
contig_2630	300000	376251	2.0
contig_2631	0	100000	10.0
contig_2631	100000	108799	2.0
contig_2632	0	100000	3.0
contig_2632	100000	200000	4.0
contig_2632	200000	261491	2.0
contig_2633	100000	200000	3.0
contig_2633	200000	300000	1.0
contig_2633	300000	400000	5.0
contig_2633	400000	500000	5.0
contig_2633	500000	600000	1.0
contig_2633	600000	700000	1.0
contig_2633	700000	800000	2.0
contig_2633	800000	900000	4.0
contig_2633	900000	1000000	10.0
contig_2633	1000000	1100000	4.0
contig_2633	1100000	1200000	1.0
contig_2633	1200000	1300000	2.0
contig_2633	1300000	1400000	2.0
contig_2633	1400000	1500000	2.0
contig_2633	1500000	1600000	3.0
contig_2633	1600000	1700000	2.0
contig_2633	1700000	1800000	5.0
contig_2633	1800000	1900000	4.0
contig_2633	1900000	2000000	3.0
contig_2633	2000000	2100000	3.0
contig_2633	2100000	2200000	1.0
contig_2633	2200000	2300000	7.0
contig_2633	2300000	2400000	4.0
contig_2633	2400000	2500000	10.0
contig_2633	2500000	2600000	3.0
contig_2633	2600000	2700000	6.0
contig_2633	2700000	2800000	2.0
contig_2633	2800000	2900000	2.0
contig_2633	2900000	2940893	2.0
contig_2634	0	100000	1.0
contig_2634	100000	200000	3.0
contig_2634	200000	300000	3.0
contig_2634	300000	400000	1.0
contig_2634	500000	600000	1.0
contig_2634	700000	800000	1.0
contig_2634	800000	900000	2.0
contig_2634	900000	923138	2.0
contig_2635	0	90911	3.0
contig_2636	0	100000	3.0
contig_2636	100000	133568	1.0
contig_2637	0	100000	2.0
contig_2637	500000	600000	3.0
contig_2637	600000	700000	6.0
contig_2637	700000	800000	3.0
contig_2637	800000	900000	6.0
contig_2637	900000	1000000	5.0
contig_2637	1000000	1100000	2.0
contig_2637	1200000	1300000	5.0
contig_2637	1300000	1400000	2.0
contig_2637	1400000	1500000	4.0
contig_2637	1500000	1600000	2.0
contig_2637	1600000	1700000	6.0
contig_2637	1800000	1900000	2.0
contig_2637	1900000	2000000	8.0
contig_2637	2000000	2100000	1.0
contig_2637	2200000	2278261	1.0
contig_2638	0	67676	2.0
contig_2639	0	100000	2.0
contig_2639	100000	200000	2.0
contig_2639	200000	300000	1.0
contig_2639	300000	400000	2.0
contig_2639	500000	600000	1.0
contig_2639	800000	900000	1.0
contig_2639	900000	1000000	1.0
contig_2639	1000000	1100000	2.0
contig_2639	1100000	1200000	1.0
contig_2639	1200000	1300000	1.0
contig_2639	1400000	1500000	1.0
contig_2639	1500000	1600000	3.0
contig_2639	1600000	1700000	1.0
contig_2639	1700000	1800000	2.0
contig_2639	1800000	1900000	1.0
contig_2639	1900000	2000000	5.0
contig_2639	2000000	2100000	1.0
contig_2639	2100000	2200000	6.0
contig_2639	2200000	2300000	6.0
contig_2639	2300000	2400000	1.0
contig_2639	2500000	2600000	2.0
contig_2639	2700000	2800000	1.0
contig_2639	2800000	2900000	1.0
contig_2639	2900000	3000000	2.0
contig_2639	3000000	3100000	4.0
contig_2639	3100000	3200000	5.0
contig_2639	3200000	3300000	3.0
contig_2639	3300000	3400000	2.0
contig_2639	3400000	3500000	2.0
contig_2639	3500000	3600000	1.0
contig_2639	3600000	3700000	5.0
contig_2639	3700000	3800000	2.0
contig_2639	3800000	3900000	2.0
contig_2639	3900000	4000000	1.0
contig_2639	4000000	4100000	3.0
contig_2639	4100000	4200000	3.0
contig_2639	4200000	4300000	3.0
contig_2639	4300000	4356302	2.0
contig_2640	0	76644	3.0
contig_2641	0	100000	1.0
contig_2641	100000	146770	3.0
contig_2642	0	69906	2.0
contig_2643	0	90972	2.0
contig_2644	0	100000	3.0
contig_2644	200000	300000	5.0
contig_2644	300000	400000	3.0
contig_2644	400000	500000	4.0
contig_2644	500000	600000	4.0
contig_2644	600000	700000	3.0
contig_2644	700000	800000	1.0
contig_2644	800000	900000	1.0
contig_2644	1000000	1100000	1.0
contig_2644	1400000	1500000	1.0
contig_2644	1500000	1600000	1.0
contig_2644	1600000	1700000	3.0
contig_2644	1700000	1800000	1.0
contig_2644	1800000	1900000	5.0
contig_2645	100000	200000	1.0
contig_2645	400000	500000	1.0
contig_2645	500000	600000	3.0
contig_2645	600000	700000	1.0
contig_2645	700000	800000	2.0
contig_2645	800000	900000	2.0
contig_2645	900000	1000000	2.0
contig_2645	1000000	1100000	9.0
contig_2645	1100000	1200000	3.0
contig_2645	1200000	1300000	2.0
contig_2645	1300000	1400000	6.0
contig_2645	1400000	1500000	2.0
contig_2645	1500000	1600000	1.0
contig_2645	1600000	1700000	5.0
contig_2645	1700000	1767543	3.0
contig_2646	200000	286195	1.0
contig_2647	0	100000	1.0
contig_2647	100000	200000	6.0
contig_2647	200000	300000	2.0
contig_2647	300000	364814	1.0
contig_2648	0	100000	5.0
contig_2648	100000	200000	1.0
contig_2648	400000	500000	1.0
contig_2648	500000	600000	1.0
contig_2648	600000	700000	2.0
contig_2648	700000	800000	3.0
contig_2648	800000	900000	3.0
contig_2648	1000000	1100000	3.0
contig_2648	1100000	1200000	1.0
contig_2648	1500000	1600000	1.0
contig_2648	2000000	2100000	10.0
contig_2648	2100000	2200000	1.0
contig_2648	2300000	2345269	2.0
contig_2649	0	100000	2.0
contig_2649	100000	200000	5.0
contig_2649	200000	300000	3.0
contig_2649	300000	400000	2.0
contig_2649	400000	492069	4.0
contig_2650	0	100000	3.0
contig_2650	100000	200000	2.0
contig_2650	200000	300000	1.0
contig_2650	400000	500000	2.0
contig_2650	500000	600000	5.0
contig_2650	600000	700000	1.0
contig_2650	700000	800000	6.0
contig_2650	800000	900000	1.0
contig_2650	900000	1000000	5.0
contig_2650	1000000	1100000	2.0
contig_2650	1100000	1200000	1.0
contig_2650	1400000	1500000	2.0
contig_2650	1500000	1600000	1.0
contig_2650	1700000	1800000	3.0
contig_2650	1800000	1900000	2.0
contig_2650	1900000	2000000	3.0
contig_2651	0	100000	3.0
contig_2651	200000	300000	2.0
contig_2651	400000	500000	1.0
contig_2651	500000	600000	2.0
contig_2651	600000	700000	1.0
contig_2651	700000	800000	1.0
contig_2651	800000	900000	2.0
contig_2651	1000000	1100000	2.0
contig_2651	1100000	1200000	2.0
contig_2651	1200000	1300000	3.0
contig_2651	1300000	1400000	6.0
contig_2651	1400000	1500000	1.0
contig_2651	1500000	1600000	1.0
contig_2651	1600000	1700000	1.0
contig_2651	1700000	1800000	2.0
contig_2651	1800000	1900000	3.0
contig_2651	1900000	2000000	1.0
contig_2651	2000000	2100000	4.0
contig_2651	2200000	2262968	2.0
contig_2653	0	100000	4.0
contig_2653	100000	155878	3.0
contig_2654	0	100000	1.0
contig_2654	200000	282434	1.0
contig_2655	0	100000	2.0
contig_2655	100000	200000	1.0
contig_2655	200000	300000	1.0
contig_2655	300000	397659	1.0
contig_2656	0	100000	1.0
contig_2656	100000	200000	4.0
contig_2656	200000	210735	1.0
contig_2657	100000	200000	2.0
contig_2657	200000	300000	1.0
contig_2657	300000	361917	1.0
contig_2658	0	100000	6.0
contig_2658	100000	107762	1.0
contig_2659	0	64903	1.0
contig_2660	0	100000	3.0
contig_2660	100000	170187	2.0
contig_2661	0	84696	2.0
contig_2662	0	100000	3.0
contig_2662	100000	200000	2.0
contig_2662	200000	300000	2.0
contig_2662	300000	400000	3.0
contig_2662	400000	500000	4.0
contig_2662	500000	600000	5.0
contig_2662	600000	700000	4.0
contig_2662	700000	800000	1.0
contig_2662	800000	900000	4.0
contig_2662	900000	1000000	1.0
contig_2662	1100000	1200000	2.0
contig_2662	1200000	1300000	4.0
contig_2662	1300000	1400000	3.0
contig_2662	1400000	1500000	3.0
contig_2662	1500000	1600000	7.0
contig_2662	1600000	1700000	1.0
contig_2662	1700000	1800000	4.0
contig_2662	1800000	1900000	1.0
contig_2662	1900000	2000000	4.0
contig_2662	2000000	2100000	2.0
contig_2662	2100000	2200000	1.0
contig_2662	2200000	2300000	5.0
contig_2662	2300000	2400000	3.0
contig_2662	2400000	2500000	1.0
contig_2662	2500000	2600000	5.0
contig_2662	2600000	2700000	2.0
contig_2662	2700000	2800000	10.0
contig_2663	0	82708	1.0
contig_2664	0	100000	3.0
contig_2664	100000	200000	2.0
contig_2664	300000	400000	2.0
contig_2664	400000	500000	1.0
contig_2664	500000	600000	1.0
contig_2664	700000	800000	1.0
contig_2664	900000	1000000	2.0
contig_2664	1000000	1100000	5.0
contig_2664	1200000	1300000	5.0
contig_2664	1300000	1399590	6.0
contig_2665	0	100000	3.0
contig_2665	100000	200000	4.0
contig_2665	200000	282204	2.0
contig_2666	100000	200000	1.0
contig_2666	200000	300000	1.0
contig_2666	300000	307814	1.0
contig_2667	0	100000	2.0
contig_2667	100000	200000	2.0
contig_2667	200000	300000	3.0
contig_2667	300000	400000	5.0
contig_2667	400000	500000	2.0
contig_2667	500000	600000	1.0
contig_2667	600000	700000	1.0
contig_2667	700000	800000	4.0
contig_2667	800000	900000	4.0
contig_2667	900000	1000000	1.0
contig_2667	1000000	1100000	2.0
contig_2667	1200000	1300000	1.0
contig_2667	1500000	1600000	3.0
contig_2667	1600000	1700000	3.0
contig_2667	1700000	1800000	2.0
contig_2667	1800000	1900000	1.0
contig_2667	1900000	2000000	7.0
contig_2667	2000000	2016534	2.0
contig_2668	0	100000	5.0
contig_2668	300000	301726	1.0
contig_2669	0	100000	1.0
contig_2669	100000	191391	3.0
contig_2670	0	100000	3.0
contig_2670	100000	200000	4.0
contig_2670	200000	300000	2.0
contig_2670	300000	400000	3.0
contig_2670	400000	500000	2.0
contig_2670	500000	600000	2.0
contig_2670	600000	700000	4.0
contig_2670	700000	800000	3.0
contig_2670	800000	900000	1.0
contig_2670	1000000	1100000	1.0
contig_2670	1100000	1200000	1.0
contig_2670	1200000	1300000	1.0
contig_2670	1400000	1500000	1.0
contig_2670	1500000	1600000	3.0
contig_2670	1600000	1700000	3.0
contig_2670	1700000	1800000	3.0
contig_2670	1800000	1900000	1.0
contig_2670	1900000	1919842	2.0
contig_2671	0	100000	3.0
contig_2671	100000	190099	5.0
contig_2672	100000	142411	2.0
contig_2673	0	100000	3.0
contig_2673	100000	200000	2.0
contig_2673	200000	300000	1.0
contig_2673	300000	400000	2.0
contig_2673	500000	600000	2.0
contig_2673	600000	700000	2.0
contig_2673	700000	800000	8.0
contig_2673	800000	900000	3.0
contig_2673	900000	1000000	1.0
contig_2673	1000000	1100000	2.0
contig_2673	1100000	1200000	1.0
contig_2673	1200000	1300000	1.0
contig_2673	1300000	1347201	1.0
contig_2674	0	100000	3.0
contig_2674	100000	200000	1.0
contig_2674	200000	300000	2.0
contig_2674	300000	400000	3.0
contig_2674	500000	600000	1.0
contig_2674	600000	700000	1.0
contig_2674	1000000	1100000	1.0
contig_2674	1200000	1300000	1.0
contig_2674	1300000	1400000	3.0
contig_2674	1400000	1500000	5.0
contig_2674	1500000	1600000	1.0
contig_2674	1600000	1700000	3.0
contig_2674	1700000	1800000	2.0
contig_2674	1800000	1900000	1.0
contig_2674	1900000	2000000	4.0
contig_2674	2000000	2100000	2.0
contig_2674	2200000	2241498	1.0
contig_2675	0	100000	1.0
contig_2675	200000	300000	3.0
contig_2675	300000	364903	2.0
contig_2676	0	100000	2.0
contig_2676	400000	500000	1.0
contig_2676	600000	700000	3.0
contig_2676	800000	900000	2.0
contig_2676	1000000	1100000	1.0
contig_2676	1200000	1297672	1.0
contig_2677	0	100000	1.0
contig_2677	100000	149417	1.0
contig_2678	0	100000	1.0
contig_2678	100000	200000	1.0
contig_2678	200000	300000	1.0
contig_2678	300000	400000	1.0
contig_2678	400000	500000	1.0
contig_2678	500000	600000	3.0
contig_2678	600000	700000	1.0
contig_2678	700000	800000	1.0
contig_2678	800000	900000	2.0
contig_2678	900000	1000000	1.0
contig_2678	1000000	1100000	4.0
contig_2678	1100000	1200000	3.0
contig_2678	1200000	1300000	2.0
contig_2678	1300000	1400000	2.0
contig_2678	1600000	1700000	1.0
contig_2678	1700000	1800000	2.0
contig_2678	1800000	1900000	2.0
contig_2678	1900000	2000000	4.0
contig_2678	2000000	2100000	2.0
contig_2678	2100000	2200000	3.0
contig_2678	2200000	2300000	6.0
contig_2678	2300000	2400000	9.0
contig_2678	2400000	2500000	11.0
contig_2678	2500000	2600000	3.0
contig_2678	2600000	2700000	1.0
contig_2678	2700000	2800000	2.0
contig_2678	2800000	2900000	8.0
contig_2678	2900000	3000000	3.0
contig_2678	3300000	3400000	2.0
contig_2678	3400000	3500000	2.0
contig_2678	3500000	3600000	1.0
contig_2678	3600000	3700000	2.0
contig_2678	3700000	3800000	5.0
contig_2678	3800000	3900000	1.0
contig_2678	3900000	4000000	1.0
contig_2678	4200000	4300000	1.0
contig_2678	4500000	4600000	1.0
contig_2678	4700000	4800000	2.0
contig_2678	4900000	4941061	2.0
contig_2679	0	100000	1.0
contig_2679	100000	172738	2.0
contig_2680	0	49245	1.0
contig_2681	0	100000	3.0
contig_2681	100000	106377	1.0
contig_2682	100000	177825	3.0
contig_2683	0	100000	2.0
contig_2683	100000	200000	2.0
contig_2683	200000	202407	1.0
contig_2684	0	100000	3.0
contig_2684	100000	200000	4.0
contig_2684	200000	300000	10.0
contig_2684	400000	500000	1.0
contig_2684	500000	600000	2.0
contig_2684	600000	700000	1.0
contig_2684	700000	800000	1.0
contig_2684	800000	900000	4.0
contig_2684	900000	915077	2.0
contig_2685	0	35736	1.0
contig_2686	0	100000	2.0
contig_2686	100000	141619	4.0
contig_2687	0	100000	3.0
contig_2687	100000	200000	3.0
contig_2687	200000	300000	3.0
contig_2687	300000	400000	1.0
contig_2687	600000	700000	1.0
contig_2687	700000	800000	1.0
contig_2687	900000	1000000	1.0
contig_2687	1000000	1100000	4.0
contig_2687	1100000	1200000	3.0
contig_2687	1200000	1300000	3.0
contig_2687	1300000	1400000	3.0
contig_2687	1400000	1500000	4.0
contig_2687	1500000	1600000	5.0
contig_2687	1600000	1700000	1.0
contig_2687	1800000	1900000	2.0
contig_2687	1900000	2000000	2.0
contig_2687	2000000	2100000	6.0
contig_2687	2100000	2200000	7.0
contig_2687	2300000	2373226	2.0
contig_2688	0	100000	4.0
contig_2688	100000	127956	1.0
contig_2689	0	100000	2.0
contig_2689	100000	200000	2.0
contig_2689	200000	300000	2.0
contig_2689	400000	500000	1.0
contig_2689	500000	600000	5.0
contig_2689	600000	700000	1.0
contig_2689	800000	900000	3.0
contig_2689	900000	1000000	2.0
contig_2689	1000000	1100000	3.0
contig_2689	1300000	1400000	1.0
contig_2689	1400000	1500000	7.0
contig_2689	1500000	1600000	2.0
contig_2689	1600000	1700000	2.0
contig_2689	1700000	1730255	2.0
contig_2690	0	100000	3.0
contig_2690	200000	300000	15.0
contig_2690	300000	400000	7.0
contig_2690	500000	600000	2.0
contig_2690	600000	700000	3.0
contig_2690	700000	800000	3.0
contig_2690	800000	900000	14.0
contig_2690	900000	1000000	5.0
contig_2690	1000000	1100000	1.0
contig_2690	1100000	1200000	2.0
contig_2690	1200000	1300000	3.0
contig_2690	1300000	1400000	1.0
contig_2690	1400000	1500000	1.0
contig_2690	1500000	1600000	1.0
contig_2690	1700000	1800000	3.0
contig_2690	1800000	1900000	4.0
contig_2690	1900000	2000000	2.0
contig_2690	2000000	2100000	6.0
contig_2690	2100000	2200000	2.0
contig_2690	2200000	2300000	1.0
contig_2690	2300000	2400000	1.0
contig_2690	2400000	2500000	7.0
contig_2690	2500000	2600000	1.0
contig_2690	2600000	2690874	2.0
contig_2691	0	100000	3.0
contig_2691	100000	200000	7.0
contig_2691	200000	300000	1.0
contig_2691	300000	400000	2.0
contig_2691	400000	500000	4.0
contig_2691	500000	600000	2.0
contig_2691	600000	700000	2.0
contig_2691	700000	800000	2.0
contig_2691	800000	900000	4.0
contig_2691	900000	1000000	2.0
contig_2691	1000000	1100000	4.0
contig_2691	1100000	1200000	1.0
contig_2691	1300000	1400000	4.0
contig_2691	1500000	1600000	1.0
contig_2691	1600000	1700000	2.0
contig_2691	1700000	1800000	2.0
contig_2691	1800000	1900000	1.0
contig_2691	2000000	2100000	2.0
contig_2691	2200000	2300000	6.0
contig_2691	2300000	2400000	3.0
contig_2691	2400000	2500000	1.0
contig_2691	2500000	2600000	2.0
contig_2691	2800000	2900000	2.0
contig_2691	2900000	3000000	4.0
contig_2691	3000000	3100000	2.0
contig_2691	3200000	3300000	2.0
contig_2691	3300000	3400000	4.0
contig_2691	3500000	3600000	3.0
contig_2691	3600000	3700000	3.0
contig_2691	3700000	3800000	1.0
contig_2691	3800000	3900000	1.0
contig_2691	3900000	3919065	1.0
contig_2692	0	100000	4.0
contig_2692	100000	200000	9.0
contig_2692	200000	299645	9.0
contig_2693	0	100000	1.0
contig_2693	100000	200000	1.0
contig_2693	200000	216700	1.0
contig_2694	0	100000	3.0
contig_2695	100000	200000	2.0
contig_2695	200000	300000	2.0
contig_2695	300000	400000	5.0
contig_2695	400000	500000	1.0
contig_2695	500000	600000	2.0
contig_2695	600000	700000	4.0
contig_2695	700000	800000	5.0
contig_2695	900000	1000000	3.0
contig_2695	1000000	1100000	3.0
contig_2695	1100000	1200000	3.0
contig_2695	1200000	1300000	4.0
contig_2695	1300000	1400000	3.0
contig_2695	1400000	1500000	1.0
contig_2695	1500000	1600000	6.0
contig_2695	1600000	1700000	4.0
contig_2695	1700000	1800000	1.0
contig_2695	1800000	1900000	2.0
contig_2695	1900000	2000000	2.0
contig_2695	2000000	2100000	2.0
contig_2695	2100000	2200000	1.0
contig_2695	2200000	2300000	4.0
contig_2695	2300000	2400000	2.0
contig_2695	2400000	2500000	3.0
contig_2695	2500000	2600000	1.0
contig_2695	2600000	2700000	1.0
contig_2695	2700000	2800000	1.0
contig_2695	2800000	2900000	3.0
contig_2695	3000000	3100000	1.0
contig_2695	3100000	3200000	3.0
contig_2695	3200000	3300000	2.0
contig_2695	3300000	3400000	3.0
contig_2695	3400000	3500000	3.0
contig_2695	3500000	3600000	2.0
contig_2695	3700000	3800000	4.0
contig_2695	3800000	3900000	1.0
contig_2695	3900000	4000000	2.0
contig_2695	4000000	4100000	3.0
contig_2695	4100000	4200000	2.0
contig_2695	4200000	4300000	2.0
contig_2695	4400000	4500000	1.0
contig_2695	4500000	4600000	6.0
contig_2695	4600000	4700000	4.0
contig_2695	4700000	4800000	3.0
contig_2695	4800000	4900000	1.0
contig_2695	5000000	5100000	1.0
contig_2695	5100000	5200000	3.0
contig_2695	5400000	5500000	1.0
contig_2695	5500000	5600000	1.0
contig_2695	5900000	6000000	3.0
contig_2695	6000000	6100000	5.0
contig_2695	6100000	6108090	1.0
contig_2697	100000	129803	1.0
contig_2698	0	100000	9.0
contig_2698	100000	200000	3.0
contig_2698	200000	300000	2.0
contig_2698	300000	400000	1.0
contig_2698	400000	500000	2.0
contig_2698	500000	600000	1.0
contig_2698	700000	800000	1.0
contig_2698	800000	900000	1.0
contig_2698	1000000	1100000	3.0
contig_2698	1100000	1200000	2.0
contig_2698	1500000	1600000	2.0
contig_2698	1600000	1700000	3.0
contig_2698	1700000	1780121	5.0
contig_2699	0	100000	1.0
contig_2699	200000	300000	2.0
contig_2699	400000	500000	2.0
contig_2699	500000	600000	1.0
contig_2699	600000	700000	1.0
contig_2699	700000	800000	5.0
contig_2699	900000	946621	1.0
contig_2700	0	100000	1.0
contig_2700	100000	200000	1.0
contig_2701	0	100000	1.0
contig_2701	100000	200000	3.0
contig_2701	200000	300000	3.0
contig_2701	300000	400000	1.0
contig_2701	400000	500000	2.0
contig_2701	600000	700000	1.0
contig_2701	700000	800000	1.0
contig_2701	800000	900000	1.0
contig_2701	900000	1000000	2.0
contig_2701	1000000	1100000	1.0
contig_2701	1100000	1200000	2.0
contig_2701	1200000	1200455	1.0
contig_2703	0	100000	1.0
contig_2703	100000	142323	1.0
contig_2704	0	100000	8.0
contig_2704	100000	200000	4.0
contig_2704	200000	300000	1.0
contig_2704	400000	474279	8.0
contig_2705	0	100000	3.0
contig_2705	100000	181449	1.0
contig_2706	0	48679	1.0
contig_2707	0	100000	1.0
contig_2707	100000	200000	1.0
contig_2707	200000	300000	1.0
contig_2707	300000	400000	1.0
contig_2707	400000	500000	2.0
contig_2707	500000	600000	3.0
contig_2707	600000	700000	1.0
contig_2707	700000	800000	8.0
contig_2707	800000	900000	7.0
contig_2707	1000000	1100000	3.0
contig_2707	1100000	1200000	4.0
contig_2707	1200000	1300000	2.0
contig_2707	1300000	1400000	4.0
contig_2707	1400000	1500000	1.0
contig_2707	1500000	1600000	10.0
contig_2707	1600000	1700000	8.0
contig_2707	1700000	1800000	2.0
contig_2707	1900000	2000000	1.0
contig_2707	2100000	2200000	1.0
contig_2707	2200000	2300000	7.0
contig_2707	2300000	2400000	1.0
contig_2707	2400000	2500000	2.0
contig_2707	2500000	2600000	2.0
contig_2707	2600000	2700000	2.0
contig_2707	2700000	2800000	4.0
contig_2707	2800000	2900000	5.0
contig_2707	2900000	3000000	1.0
contig_2707	3000000	3100000	3.0
contig_2707	3100000	3200000	3.0
contig_2707	3200000	3300000	1.0
contig_2707	3300000	3400000	2.0
contig_2707	3400000	3500000	1.0
contig_2707	3500000	3557806	1.0
contig_2709	0	100000	4.0
contig_2709	100000	200000	5.0
contig_2709	200000	300000	1.0
contig_2709	300000	400000	2.0
contig_2709	400000	500000	2.0
contig_2709	500000	600000	2.0
contig_2709	600000	700000	1.0
contig_2709	700000	800000	2.0
contig_2709	800000	900000	2.0
contig_2709	900000	1000000	3.0
contig_2709	1000000	1100000	2.0
contig_2709	1100000	1200000	1.0
contig_2709	1200000	1300000	6.0
contig_2709	1300000	1400000	1.0
contig_2709	1500000	1600000	1.0
contig_2709	1700000	1800000	2.0
contig_2709	1800000	1900000	2.0
contig_2709	1900000	2000000	1.0
contig_2709	2100000	2200000	1.0
contig_2709	2200000	2300000	4.0
contig_2709	2300000	2400000	2.0
contig_2709	2400000	2500000	8.0
contig_2709	2500000	2550428	1.0
contig_2710	0	100000	1.0
contig_2710	100000	200000	2.0
contig_2710	200000	300000	4.0
contig_2710	300000	400000	1.0
contig_2710	400000	500000	1.0
contig_2710	500000	600000	1.0
contig_2710	700000	800000	1.0
contig_2710	800000	900000	2.0
contig_2710	900000	1000000	4.0
contig_2710	1000000	1100000	6.0
contig_2710	1300000	1400000	2.0
contig_2710	1400000	1500000	1.0
contig_2710	1500000	1512254	2.0
contig_2711	0	100000	3.0
contig_2711	100000	121040	2.0
contig_2712	0	100000	3.0
contig_2712	100000	200000	1.0
contig_2712	200000	300000	3.0
contig_2712	300000	400000	2.0
contig_2712	400000	500000	10.0
contig_2712	500000	600000	1.0
contig_2712	600000	700000	4.0
contig_2712	700000	800000	8.0
contig_2712	800000	900000	10.0
contig_2712	900000	1000000	3.0
contig_2712	1000000	1100000	3.0
contig_2712	1200000	1300000	1.0
contig_2712	1400000	1445352	2.0
contig_2713	0	100000	11.0
contig_2713	100000	200000	5.0
contig_2713	200000	300000	2.0
contig_2713	300000	365105	3.0
contig_2714	0	100000	2.0
contig_2714	100000	165783	2.0
contig_2715	0	100000	4.0
contig_2715	100000	200000	7.0
contig_2715	200000	300000	3.0
contig_2715	300000	400000	1.0
contig_2715	400000	500000	5.0
contig_2715	500000	600000	2.0
contig_2715	600000	700000	2.0
contig_2715	700000	800000	7.0
contig_2715	800000	900000	1.0
contig_2715	900000	1000000	2.0
contig_2715	1000000	1056621	3.0
contig_2716	0	100000	1.0
contig_2716	100000	184282	2.0
contig_2717	0	100000	4.0
contig_2717	100000	200000	2.0
contig_2717	200000	300000	1.0
contig_2717	500000	600000	3.0
contig_2717	600000	700000	2.0
contig_2717	700000	800000	3.0
contig_2717	800000	862459	4.0
contig_2718	0	100000	5.0
contig_2718	100000	198548	3.0
contig_2719	0	100000	7.0
contig_2719	100000	200000	4.0
contig_2719	200000	300000	2.0
contig_2719	300000	400000	3.0
contig_2719	400000	500000	2.0
contig_2719	500000	600000	1.0
contig_2719	600000	700000	3.0
contig_2719	800000	900000	1.0
contig_2719	1000000	1100000	3.0
contig_2719	1100000	1200000	2.0
contig_2719	1200000	1300000	2.0
contig_2719	1300000	1339449	1.0
contig_2720	0	100000	1.0
contig_2720	100000	164253	1.0
contig_2721	0	100000	2.0
contig_2721	100000	200000	12.0
contig_2721	200000	300000	5.0
contig_2721	300000	400000	1.0
contig_2721	400000	500000	1.0
contig_2721	500000	600000	1.0
contig_2721	600000	700000	4.0
contig_2721	700000	800000	1.0
contig_2721	800000	900000	1.0
contig_2721	1000000	1100000	1.0
contig_2721	1100000	1200000	2.0
contig_2721	1200000	1300000	1.0
contig_2721	1300000	1400000	3.0
contig_2721	1400000	1500000	1.0
contig_2721	1700000	1799345	1.0
contig_2723	0	100000	3.0
contig_2723	100000	200000	3.0
contig_2723	200000	285556	4.0
contig_2724	0	100000	1.0
contig_2724	100000	200000	2.0
contig_2724	200000	300000	1.0
contig_2724	700000	800000	3.0
contig_2724	800000	900000	4.0
contig_2724	900000	1000000	3.0
contig_2724	1000000	1037686	3.0
contig_2725	0	100000	6.0
contig_2725	100000	200000	2.0
contig_2725	200000	233801	1.0
contig_2726	0	95316	2.0
contig_2727	0	100000	3.0
contig_2727	100000	125715	2.0
contig_2728	0	100000	1.0
contig_2728	100000	166920	5.0
contig_2729	0	100000	4.0
contig_2729	100000	200000	3.0
contig_2729	400000	500000	1.0
contig_2729	500000	600000	1.0
contig_2729	600000	700000	3.0
contig_2729	700000	800000	2.0
contig_2729	800000	900000	1.0
contig_2729	900000	1000000	1.0
contig_2729	1000000	1100000	1.0
contig_2729	1100000	1200000	1.0
contig_2729	1200000	1300000	3.0
contig_2729	1300000	1400000	2.0
contig_2729	1400000	1500000	6.0
contig_2729	1500000	1600000	8.0
contig_2729	1600000	1700000	6.0
contig_2729	1800000	1900000	1.0
contig_2729	2000000	2100000	1.0
contig_2729	2300000	2400000	1.0
contig_2729	2500000	2600000	3.0
contig_2729	2700000	2800000	8.0
contig_2729	2800000	2900000	2.0
contig_2729	2900000	3000000	2.0
contig_2729	3100000	3200000	2.0
contig_2729	3200000	3300000	1.0
contig_2729	3300000	3400000	1.0
contig_2729	3400000	3500000	1.0
contig_2729	3500000	3600000	5.0
contig_2729	3600000	3611335	3.0
contig_2730	0	100000	1.0
contig_2730	100000	200000	3.0
contig_2730	200000	269449	2.0
contig_2731	100000	200000	1.0
contig_2731	200000	231572	1.0
contig_2732	0	100000	2.0
contig_2732	100000	200000	1.0
contig_2732	200000	300000	1.0
contig_2733	100000	200000	1.0
contig_2733	200000	300000	2.0
contig_2733	300000	400000	4.0
contig_2733	400000	500000	1.0
contig_2733	800000	900000	1.0
contig_2733	1000000	1100000	1.0
contig_2733	1100000	1200000	2.0
contig_2733	1200000	1300000	3.0
contig_2733	1300000	1400000	3.0
contig_2733	1700000	1800000	1.0
contig_2733	1800000	1900000	2.0
contig_2733	1900000	2000000	1.0
contig_2733	2100000	2200000	4.0
contig_2733	2200000	2300000	3.0
contig_2733	2300000	2400000	3.0
contig_2733	2400000	2499372	3.0
contig_2734	0	100000	3.0
contig_2734	100000	200000	3.0
contig_2734	200000	226736	1.0
contig_2735	0	100000	3.0
contig_2735	100000	200000	2.0
contig_2735	200000	223725	3.0
contig_2737	0	100000	2.0
contig_2737	100000	200000	1.0
contig_2737	300000	400000	2.0
contig_2737	400000	500000	2.0
contig_2737	500000	600000	5.0
contig_2737	600000	700000	2.0
contig_2737	800000	900000	5.0
contig_2737	900000	1000000	1.0
contig_2737	1000000	1100000	4.0
contig_2737	1100000	1200000	6.0
contig_2737	1200000	1300000	1.0
contig_2737	1300000	1400000	1.0
contig_2737	1400000	1500000	2.0
contig_2737	1500000	1600000	1.0
contig_2737	2000000	2100000	3.0
contig_2737	2100000	2200000	2.0
contig_2737	2200000	2241369	1.0
contig_2738	100000	200000	1.0
contig_2739	0	100000	2.0
contig_2739	200000	285124	1.0
contig_2740	200000	300000	1.0
contig_2740	500000	600000	1.0
contig_2740	800000	900000	1.0
contig_2740	900000	1000000	3.0
contig_2740	1000000	1001328	1.0
contig_2741	0	100000	1.0
contig_2741	100000	200000	5.0
contig_2741	200000	300000	4.0
contig_2741	300000	398907	7.0
contig_2742	100000	148417	1.0
contig_2743	0	100000	1.0
contig_2743	100000	195387	3.0
contig_2744	0	51939	4.0
contig_2745	0	100000	3.0
contig_2745	100000	107205	1.0
contig_2746	0	76364	1.0
contig_2747	0	100000	3.0
contig_2747	200000	300000	4.0
contig_2747	300000	400000	1.0
contig_2747	500000	600000	1.0
contig_2747	600000	700000	1.0
contig_2747	700000	800000	2.0
contig_2747	900000	1000000	1.0
contig_2747	1000000	1100000	1.0
contig_2747	1100000	1200000	1.0
contig_2747	1200000	1300000	4.0
contig_2747	1300000	1400000	1.0
contig_2747	1400000	1500000	3.0
contig_2747	1500000	1600000	5.0
contig_2747	1600000	1700000	4.0
contig_2747	1700000	1800000	1.0
contig_2747	1800000	1900000	1.0
contig_2747	1900000	2000000	4.0
contig_2747	2000000	2100000	2.0
contig_2747	2100000	2200000	2.0
contig_2747	2200000	2300000	3.0
contig_2747	2300000	2400000	4.0
contig_2747	2400000	2500000	2.0
contig_2747	2500000	2600000	2.0
contig_2747	2600000	2700000	1.0
contig_2747	2700000	2776281	3.0
contig_2748	100000	192982	3.0
contig_2750	0	100000	4.0
contig_2750	100000	200000	9.0
contig_2750	200000	300000	2.0
contig_2750	300000	400000	9.0
contig_2750	400000	500000	2.0
contig_2750	500000	600000	4.0
contig_2750	600000	700000	2.0
contig_2750	700000	800000	6.0
contig_2750	800000	900000	3.0
contig_2750	900000	1000000	6.0
contig_2750	1000000	1100000	2.0
contig_2750	1100000	1200000	1.0
contig_2750	1200000	1300000	1.0
contig_2750	1300000	1400000	4.0
contig_2750	1400000	1500000	2.0
contig_2750	1500000	1600000	2.0
contig_2750	1700000	1753343	1.0
contig_2751	100000	200000	5.0
contig_2751	300000	400000	1.0
contig_2751	500000	507889	3.0
contig_2752	0	100000	2.0
contig_2752	100000	200000	2.0
contig_2752	200000	300000	1.0
contig_2752	500000	600000	3.0
contig_2752	600000	700000	1.0
contig_2752	900000	1000000	1.0
contig_2752	1100000	1200000	4.0
contig_2752	1200000	1300000	3.0
contig_2752	1400000	1500000	1.0
contig_2752	1500000	1600000	2.0
contig_2752	1600000	1700000	5.0
contig_2752	1700000	1800000	4.0
contig_2752	1800000	1900000	6.0
contig_2752	1900000	2000000	2.0
contig_2752	2000000	2100000	3.0
contig_2752	2100000	2143359	3.0
contig_2753	100000	200000	5.0
contig_2753	200000	300000	5.0
contig_2753	300000	304924	1.0
contig_2754	0	38379	4.0
contig_2755	0	100000	2.0
contig_2755	100000	200000	3.0
contig_2755	300000	332840	1.0
contig_2756	0	100000	1.0
contig_2756	100000	200000	2.0
contig_2756	200000	300000	2.0
contig_2756	300000	400000	1.0
contig_2756	800000	900000	2.0
contig_2756	900000	1000000	1.0
contig_2756	1000000	1100000	1.0
contig_2756	1200000	1300000	2.0
contig_2756	1300000	1400000	1.0
contig_2756	1400000	1500000	1.0
contig_2756	1700000	1800000	1.0
contig_2756	1800000	1900000	1.0
contig_2756	1900000	2000000	1.0
contig_2756	2000000	2073190	2.0
contig_2757	0	100000	1.0
contig_2757	200000	300000	4.0
contig_2757	300000	400000	1.0
contig_2757	400000	500000	2.0
contig_2757	600000	606784	1.0
contig_2758	100000	200000	4.0
contig_2758	200000	300000	1.0
contig_2758	300000	400000	1.0
contig_2758	500000	600000	1.0
contig_2758	600000	700000	1.0
contig_2758	900000	1000000	1.0
contig_2758	1100000	1200000	1.0
contig_2758	1300000	1400000	3.0
contig_2758	1400000	1500000	3.0
contig_2758	1500000	1600000	1.0
contig_2758	1600000	1700000	2.0
contig_2758	1700000	1800000	3.0
contig_2758	1800000	1900000	2.0
contig_2758	2000000	2100000	3.0
contig_2758	2100000	2200000	2.0
contig_2758	2200000	2300000	3.0
contig_2758	2300000	2400000	4.0
contig_2758	2400000	2500000	4.0
contig_2758	2500000	2600000	4.0
contig_2758	3000000	3100000	2.0
contig_2758	3100000	3200000	2.0
contig_2758	3300000	3400000	2.0
contig_2758	3600000	3675530	1.0
contig_2759	0	100000	2.0
contig_2759	100000	200000	3.0
contig_2759	200000	300000	1.0
contig_2759	300000	400000	1.0
contig_2759	400000	500000	1.0
contig_2759	500000	532049	6.0
contig_2760	0	100000	2.0
contig_2760	100000	200000	4.0
contig_2760	200000	300000	4.0
contig_2760	300000	400000	1.0
contig_2760	400000	500000	2.0
contig_2760	500000	600000	4.0
contig_2760	600000	700000	6.0
contig_2760	800000	900000	1.0
contig_2760	900000	1000000	2.0
contig_2760	1100000	1200000	2.0
contig_2760	1200000	1300000	2.0
contig_2760	1300000	1400000	1.0
contig_2760	1500000	1600000	1.0
contig_2760	1600000	1700000	1.0
contig_2760	1800000	1900000	1.0
contig_2760	2000000	2100000	1.0
contig_2760	2100000	2200000	3.0
contig_2760	2200000	2300000	3.0
contig_2760	2300000	2400000	1.0
contig_2760	2400000	2500000	2.0
contig_2760	2500000	2600000	1.0
contig_2760	2600000	2700000	2.0
contig_2760	2700000	2800000	7.0
contig_2760	2800000	2900000	1.0
contig_2760	2900000	3000000	2.0
contig_2760	3000000	3100000	5.0
contig_2760	3100000	3200000	2.0
contig_2760	3200000	3300000	5.0
contig_2760	3300000	3394409	4.0
contig_2761	0	100000	9.0
contig_2761	100000	141207	7.0
contig_2762	0	100000	3.0
contig_2762	100000	200000	1.0
contig_2762	200000	300000	1.0
contig_2762	400000	500000	2.0
contig_2762	600000	700000	1.0
contig_2762	900000	1000000	1.0
contig_2762	1100000	1200000	2.0
contig_2762	1300000	1400000	1.0
contig_2762	1500000	1600000	1.0
contig_2762	1600000	1700000	3.0
contig_2762	1700000	1800000	1.0
contig_2762	1800000	1900000	1.0
contig_2763	0	100000	7.0
contig_2763	100000	200000	2.0
contig_2763	200000	300000	1.0
contig_2763	300000	400000	2.0
contig_2763	400000	500000	6.0
contig_2763	500000	600000	3.0
contig_2763	700000	800000	1.0
contig_2763	800000	900000	1.0
contig_2763	1000000	1100000	2.0
contig_2763	1100000	1200000	3.0
contig_2763	1300000	1400000	1.0
contig_2763	1700000	1800000	2.0
contig_2763	1800000	1900000	3.0
contig_2763	1900000	2000000	1.0
contig_2763	2000000	2100000	2.0
contig_2763	2100000	2200000	1.0
contig_2763	2200000	2300000	2.0
contig_2763	2300000	2400000	1.0
contig_2763	2500000	2600000	2.0
contig_2763	2700000	2800000	3.0
contig_2763	2800000	2900000	1.0
contig_2763	2900000	2981860	2.0
contig_2764	0	100000	6.0
contig_2764	100000	200000	6.0
contig_2765	100000	200000	2.0
contig_2765	200000	300000	2.0
contig_2765	400000	500000	2.0
contig_2765	600000	624325	2.0
contig_2766	0	67883	7.0
contig_2767	0	100000	2.0
contig_2767	100000	200000	2.0
contig_2767	200000	300000	5.0
contig_2767	300000	400000	2.0
contig_2767	400000	500000	4.0
contig_2767	500000	600000	2.0
contig_2767	600000	700000	3.0
contig_2767	700000	800000	3.0
contig_2767	800000	900000	2.0
contig_2767	900000	1000000	1.0
contig_2767	1000000	1100000	4.0
contig_2767	1100000	1200000	2.0
contig_2767	1200000	1300000	1.0
contig_2767	1300000	1400000	3.0
contig_2767	1400000	1500000	3.0
contig_2767	1500000	1600000	3.0
contig_2767	1600000	1700000	3.0
contig_2767	1700000	1800000	2.0
contig_2767	1800000	1900000	2.0
contig_2767	2100000	2200000	3.0
contig_2767	2200000	2300000	1.0
contig_2767	2300000	2400000	2.0
contig_2767	2400000	2500000	2.0
contig_2767	2500000	2600000	1.0
contig_2767	2700000	2726610	1.0
contig_2768	100000	200000	3.0
contig_2768	200000	300000	1.0
contig_2768	300000	400000	1.0
contig_2768	400000	500000	1.0
contig_2768	600000	700000	1.0
contig_2768	700000	800000	2.0
contig_2768	1000000	1100000	1.0
contig_2768	1100000	1200000	2.0
contig_2768	1200000	1300000	4.0
contig_2768	1300000	1400000	5.0
contig_2768	1400000	1500000	1.0
contig_2768	1600000	1700000	1.0
contig_2768	1700000	1800000	5.0
contig_2768	1800000	1900000	6.0
contig_2768	1900000	2000000	5.0
contig_2769	100000	200000	1.0
contig_2769	200000	300000	2.0
contig_2769	300000	400000	3.0
contig_2769	400000	500000	1.0
contig_2769	500000	600000	1.0
contig_2769	600000	674777	2.0
contig_2770	0	100000	1.0
contig_2770	200000	300000	1.0
contig_2770	300000	400000	1.0
contig_2770	500000	600000	1.0
contig_2770	1000000	1048419	1.0
contig_2771	100000	200000	3.0
contig_2771	200000	300000	3.0
contig_2771	300000	400000	3.0
contig_2771	400000	500000	5.0
contig_2771	500000	533195	1.0
contig_2772	100000	192892	4.0
contig_2773	0	17874	3.0
contig_2774	100000	200000	1.0
contig_2774	300000	400000	1.0
contig_2774	400000	500000	2.0
contig_2774	500000	600000	7.0
contig_2774	600000	700000	1.0
contig_2774	800000	900000	4.0
contig_2774	900000	1000000	1.0
contig_2774	1000000	1100000	2.0
contig_2774	1100000	1114543	1.0
contig_2775	0	100000	3.0
contig_2775	100000	200000	1.0
contig_2776	0	100000	1.0
contig_2776	100000	200000	1.0
contig_2776	200000	300000	1.0
contig_2776	300000	400000	1.0
contig_2776	500000	600000	2.0
contig_2776	600000	700000	4.0
contig_2776	700000	732432	2.0
contig_2777	0	100000	1.0
contig_2777	100000	200000	1.0
contig_2777	300000	400000	1.0
contig_2777	400000	422188	2.0
contig_2778	500000	600000	1.0
contig_2778	600000	690210	2.0
contig_2779	0	100000	2.0
contig_2779	200000	257339	2.0
contig_2780	0	100000	2.0
contig_2780	100000	200000	1.0
contig_2780	200000	273054	2.0
contig_2781	0	53976	1.0
contig_2782	0	100000	2.0
contig_2782	100000	197564	2.0
contig_2783	0	93738	4.0
contig_2784	0	15945	1.0
contig_2785	0	100000	1.0
contig_2785	100000	200000	1.0
contig_2785	200000	300000	2.0
contig_2785	300000	400000	1.0
contig_2785	400000	500000	3.0
contig_2785	500000	600000	2.0
contig_2785	600000	700000	1.0
contig_2785	800000	900000	3.0
contig_2785	900000	951985	1.0
contig_2786	0	100000	5.0
contig_2786	100000	200000	2.0
contig_2786	200000	300000	5.0
contig_2787	100000	200000	2.0
contig_2787	200000	250080	2.0
contig_2788	0	100000	4.0
contig_2788	100000	151333	2.0
contig_2789	0	100000	1.0
contig_2789	100000	153676	2.0
contig_2790	100000	146833	2.0
contig_2791	0	100000	2.0
contig_2791	100000	200000	2.0
contig_2791	200000	300000	4.0
contig_2791	300000	344588	1.0
contig_2792	0	100000	2.0
contig_2792	100000	154808	1.0
contig_2793	0	100000	1.0
contig_2793	100000	200000	1.0
contig_2793	200000	300000	4.0
contig_2793	300000	400000	1.0
contig_2793	500000	600000	2.0
contig_2793	600000	700000	4.0
contig_2793	700000	800000	2.0
contig_2793	800000	900000	3.0
contig_2793	900000	1000000	6.0
contig_2793	1000000	1100000	1.0
contig_2793	1100000	1200000	1.0
contig_2793	1200000	1300000	2.0
contig_2793	1300000	1400000	2.0
contig_2793	1400000	1500000	7.0
contig_2793	1500000	1600000	2.0
contig_2793	1600000	1700000	1.0
contig_2793	1700000	1800000	2.0
contig_2793	1800000	1900000	3.0
contig_2793	1900000	2000000	1.0
contig_2793	2200000	2300000	1.0
contig_2793	2300000	2332922	2.0
contig_2794	0	100000	3.0
contig_2794	100000	200000	3.0
contig_2794	200000	289446	5.0
contig_2795	0	100000	5.0
contig_2795	100000	137205	1.0
contig_2796	0	100000	3.0
contig_2796	100000	181221	2.0
contig_2797	0	100000	1.0
contig_2797	100000	200000	10.0
contig_2797	200000	253232	1.0
contig_2798	100000	200000	1.0
contig_2798	300000	400000	5.0
contig_2798	600000	700000	1.0
contig_2798	700000	800000	1.0
contig_2798	800000	900000	2.0
contig_2798	900000	1000000	5.0
contig_2798	1000000	1100000	3.0
contig_2798	1100000	1200000	3.0
contig_2798	1200000	1300000	1.0
contig_2798	1300000	1400000	1.0
contig_2798	1400000	1496705	3.0
contig_2799	0	100000	5.0
contig_2799	100000	101955	1.0
contig_2800	0	100000	8.0
contig_2800	100000	197110	2.0
contig_2801	0	100000	1.0
contig_2801	100000	155010	2.0
contig_2802	0	100000	8.0
contig_2802	100000	200000	2.0
contig_2802	200000	265420	1.0
contig_2803	0	100000	2.0
contig_2803	100000	200000	3.0
contig_2803	200000	300000	1.0
contig_2803	300000	400000	2.0
contig_2803	400000	500000	1.0
contig_2803	500000	600000	5.0
contig_2803	900000	1000000	2.0
contig_2803	1000000	1100000	3.0
contig_2803	1100000	1200000	3.0
contig_2803	1200000	1300000	1.0
contig_2803	1300000	1400000	1.0
contig_2803	1400000	1500000	3.0
contig_2803	1500000	1600000	4.0
contig_2803	1600000	1700000	5.0
contig_2803	1700000	1800000	3.0
contig_2803	1800000	1900000	1.0
contig_2803	1900000	2000000	2.0
contig_2803	2000000	2100000	4.0
contig_2803	2100000	2200000	1.0
contig_2803	2200000	2300000	3.0
contig_2803	2300000	2400000	1.0
contig_2803	2400000	2500000	5.0
contig_2803	2500000	2600000	3.0
contig_2804	200000	300000	2.0
contig_2804	300000	400000	1.0
contig_2804	400000	500000	1.0
contig_2804	500000	600000	2.0
contig_2804	600000	646145	3.0
contig_2806	0	69987	3.0
contig_2807	0	100000	3.0
contig_2807	100000	200000	4.0
contig_2807	200000	300000	1.0
contig_2807	300000	400000	1.0
contig_2807	400000	500000	1.0
contig_2807	500000	593055	2.0
contig_2808	100000	200000	1.0
contig_2808	200000	206611	3.0
contig_2809	0	41220	2.0
contig_2810	0	100000	3.0
contig_2810	200000	278526	4.0
contig_2811	0	100000	3.0
contig_2811	100000	200000	1.0
contig_2811	200000	300000	2.0
contig_2811	600000	700000	1.0
contig_2811	700000	800000	1.0
contig_2811	800000	900000	6.0
contig_2811	900000	1000000	1.0
contig_2811	1000000	1100000	3.0
contig_2811	1100000	1200000	2.0
contig_2811	1200000	1300000	3.0
contig_2811	1300000	1400000	1.0
contig_2811	1500000	1600000	1.0
contig_2811	1600000	1700000	3.0
contig_2811	1700000	1800000	2.0
contig_2811	1800000	1900000	1.0
contig_2811	1900000	2000000	1.0
contig_2811	2000000	2039467	1.0
contig_2812	0	100000	2.0
contig_2812	100000	200000	1.0
contig_2812	300000	400000	3.0
contig_2812	400000	500000	3.0
contig_2812	500000	600000	3.0
contig_2813	0	100000	2.0
contig_2813	100000	200000	2.0
contig_2813	200000	300000	1.0
contig_2813	300000	400000	2.0
contig_2813	400000	500000	2.0
contig_2813	500000	600000	4.0
contig_2813	800000	900000	4.0
contig_2813	900000	1000000	1.0
contig_2813	1200000	1300000	1.0
contig_2814	0	100000	3.0
contig_2814	100000	200000	1.0
contig_2814	200000	300000	2.0
contig_2814	300000	400000	3.0
contig_2814	400000	500000	1.0
contig_2814	500000	600000	1.0
contig_2814	600000	638705	2.0
contig_2815	0	100000	3.0
contig_2815	100000	179366	3.0
contig_2816	0	54033	5.0
contig_2817	0	100000	1.0
contig_2817	100000	200000	2.0
contig_2817	300000	306485	1.0
contig_2818	100000	200000	2.0
contig_2818	200000	300000	2.0
contig_2818	300000	398869	7.0
contig_2819	0	100000	1.0
contig_2819	100000	194671	5.0
contig_2820	0	100000	2.0
contig_2820	100000	200000	2.0
contig_2820	200000	300000	1.0
contig_2820	300000	400000	1.0
contig_2820	400000	500000	1.0
contig_2820	500000	600000	1.0
contig_2820	700000	800000	2.0
contig_2820	800000	900000	1.0
contig_2820	900000	975429	4.0
contig_2821	0	100000	5.0
contig_2821	100000	130071	1.0
contig_2822	100000	200000	1.0
contig_2822	200000	300000	4.0
contig_2822	300000	318464	3.0
contig_2823	0	100000	4.0
contig_2823	100000	200000	3.0
contig_2823	200000	300000	3.0
contig_2824	0	100000	1.0
contig_2824	100000	104845	1.0
contig_2825	0	40808	1.0
contig_2826	0	100000	1.0
contig_2826	100000	200000	1.0
contig_2826	200000	300000	1.0
contig_2826	300000	391054	4.0
contig_2827	300000	400000	4.0
contig_2827	400000	500000	4.0
contig_2827	500000	600000	1.0
contig_2827	600000	700000	2.0
contig_2827	700000	800000	4.0
contig_2827	800000	900000	4.0
contig_2827	900000	1000000	5.0
contig_2827	1000000	1100000	3.0
contig_2827	1100000	1200000	2.0
contig_2827	1200000	1245164	2.0
contig_2828	0	76823	2.0
contig_2829	0	100000	3.0
contig_2829	100000	113306	1.0
contig_2830	100000	200000	3.0
contig_2830	200000	300000	2.0
contig_2830	300000	386914	4.0
contig_2831	0	100000	4.0
contig_2831	100000	200000	3.0
contig_2831	200000	269425	4.0
contig_2832	100000	200000	2.0
contig_2832	200000	300000	1.0
contig_2832	300000	400000	2.0
contig_2832	400000	500000	3.0
contig_2832	500000	513621	2.0
contig_2833	0	100000	2.0
contig_2833	100000	200000	2.0
contig_2833	200000	300000	1.0
contig_2833	300000	400000	1.0
contig_2833	600000	700000	1.0
contig_2833	700000	747873	1.0
contig_2834	0	100000	2.0
contig_2834	200000	213098	1.0
contig_2835	0	100000	4.0
contig_2835	100000	190185	3.0
contig_2836	0	100000	1.0
contig_2836	100000	200000	2.0
contig_2836	200000	300000	1.0
contig_2836	300000	400000	3.0
contig_2836	400000	500000	1.0
contig_2836	500000	600000	1.0
contig_2836	600000	700000	1.0
contig_2836	700000	800000	1.0
contig_2836	800000	900000	4.0
contig_2836	900000	1000000	8.0
contig_2836	1000000	1100000	1.0
contig_2836	1100000	1200000	1.0
contig_2836	1200000	1300000	1.0
contig_2836	1400000	1500000	4.0
contig_2836	1600000	1700000	3.0
contig_2836	1700000	1800000	3.0
contig_2836	1800000	1900000	6.0
contig_2836	1900000	2000000	1.0
contig_2836	2200000	2300000	1.0
contig_2836	2500000	2600000	1.0
contig_2836	2800000	2900000	1.0
contig_2836	2900000	3000000	1.0
contig_2836	3100000	3200000	1.0
contig_2836	3200000	3300000	1.0
contig_2836	3300000	3400000	1.0
contig_2836	3400000	3500000	1.0
contig_2836	3500000	3600000	1.0
contig_2836	3700000	3800000	1.0
contig_2836	3800000	3900000	2.0
contig_2836	3900000	4000000	1.0
contig_2836	4000000	4100000	1.0
contig_2836	4200000	4300000	1.0
contig_2836	4400000	4500000	1.0
contig_2836	4500000	4600000	1.0
contig_2836	4900000	5000000	1.0
contig_2836	5000000	5042705	2.0
contig_2837	0	100000	4.0
contig_2837	100000	200000	5.0
contig_2837	200000	300000	4.0
contig_2837	300000	400000	1.0
contig_2837	400000	457843	1.0
contig_2838	0	100000	3.0
contig_2838	100000	198911	6.0
contig_2839	100000	163800	4.0
contig_2840	0	100000	2.0
contig_2840	100000	200000	1.0
contig_2840	200000	284717	2.0
contig_2841	0	100000	3.0
contig_2841	100000	200000	3.0
contig_2841	200000	300000	1.0
contig_2841	400000	500000	2.0
contig_2841	500000	600000	1.0
contig_2841	600000	700000	3.0
contig_2841	700000	800000	1.0
contig_2841	800000	900000	1.0
contig_2841	900000	1000000	3.0
contig_2841	1000000	1100000	2.0
contig_2841	1200000	1300000	2.0
contig_2841	1300000	1400000	5.0
contig_2841	1400000	1500000	1.0
contig_2841	1500000	1600000	1.0
contig_2841	1600000	1700000	1.0
contig_2841	1900000	2000000	1.0
contig_2841	2000000	2100000	1.0
contig_2841	2100000	2200000	4.0
contig_2841	2200000	2300000	3.0
contig_2841	2300000	2400000	6.0
contig_2841	2400000	2500000	1.0
contig_2841	2500000	2600000	3.0
contig_2841	2600000	2700000	6.0
contig_2841	2700000	2705429	1.0
contig_2842	0	100000	1.0
contig_2842	100000	200000	2.0
contig_2842	200000	300000	5.0
contig_2842	300000	400000	3.0
contig_2842	400000	500000	8.0
contig_2842	500000	600000	1.0
contig_2842	600000	700000	3.0
contig_2842	700000	712195	1.0
contig_2843	0	100000	3.0
contig_2843	100000	140378	6.0
contig_2844	0	100000	2.0
contig_2844	100000	122279	1.0
contig_2845	100000	197889	3.0
contig_2846	0	100000	1.0
contig_2846	100000	200000	2.0
contig_2846	200000	300000	2.0
contig_2846	300000	332719	3.0
contig_2847	200000	289448	5.0
contig_2848	0	100000	1.0
contig_2848	100000	200000	1.0
contig_2848	200000	300000	1.0
contig_2848	300000	400000	2.0
contig_2848	400000	500000	1.0
contig_2848	500000	600000	1.0
contig_2848	600000	700000	3.0
contig_2848	700000	800000	11.0
contig_2848	800000	900000	11.0
contig_2848	900000	1000000	1.0
contig_2848	1000000	1100000	2.0
contig_2848	1300000	1400000	4.0
contig_2848	1400000	1500000	4.0
contig_2848	1500000	1600000	4.0
contig_2848	1600000	1700000	3.0
contig_2848	1700000	1800000	4.0
contig_2848	1800000	1900000	6.0
contig_2848	1900000	2000000	4.0
contig_2848	2000000	2070173	1.0
contig_2849	200000	300000	1.0
contig_2849	300000	308663	1.0
contig_2850	100000	200000	1.0
contig_2850	300000	400000	2.0
contig_2850	400000	412806	3.0
contig_2851	100000	104282	1.0
contig_2852	0	100000	2.0
contig_2852	100000	163853	1.0
contig_2853	0	100000	3.0
contig_2853	100000	125889	1.0
contig_2854	0	100000	8.0
contig_2854	100000	159450	11.0
contig_2855	0	100000	2.0
contig_2855	100000	145423	2.0
contig_2856	0	100000	1.0
contig_2856	100000	200000	2.0
contig_2856	200000	276077	3.0
contig_2858	0	100000	1.0
contig_2858	100000	179118	4.0
contig_2859	0	100000	4.0
contig_2859	100000	200000	2.0
contig_2859	200000	300000	8.0
contig_2859	300000	400000	4.0
contig_2859	400000	500000	3.0
contig_2859	500000	517826	4.0
contig_2860	0	100000	3.0
contig_2860	100000	200000	1.0
contig_2860	200000	218664	1.0
contig_2861	0	100000	6.0
contig_2862	0	100000	4.0
contig_2862	100000	188483	2.0
contig_2863	0	100000	1.0
contig_2863	100000	139368	4.0
contig_2864	0	100000	1.0
contig_2864	100000	146348	1.0
contig_2865	0	100000	3.0
contig_2865	200000	240999	1.0
contig_2866	0	100000	2.0
contig_2866	100000	174608	3.0
contig_2867	0	60507	3.0
contig_2868	0	100000	3.0
contig_2868	100000	172146	2.0
contig_2869	0	34181	1.0
contig_2870	0	100000	3.0
contig_2870	100000	200000	1.0
contig_2870	200000	295628	4.0
contig_2871	0	100000	4.0
contig_2871	100000	200000	3.0
contig_2871	200000	207837	1.0
contig_2872	0	100000	4.0
contig_2872	100000	200000	4.0
contig_2872	200000	300000	7.0
contig_2872	300000	308389	3.0
contig_2873	0	100000	1.0
contig_2873	200000	300000	2.0
contig_2873	300000	400000	3.0
contig_2873	400000	407117	2.0
contig_2874	0	100000	6.0
contig_2874	100000	200000	1.0
contig_2874	300000	336124	5.0
contig_2875	0	100000	1.0
contig_2875	100000	139437	1.0
contig_2876	0	100000	1.0
contig_2876	100000	200000	3.0
contig_2876	200000	224664	2.0
contig_2877	0	100000	8.0
contig_2878	100000	200000	2.0
contig_2878	300000	400000	2.0
contig_2878	500000	600000	2.0
contig_2878	600000	632743	3.0
contig_2879	0	100000	3.0
contig_2879	100000	111425	1.0
contig_2880	0	100000	3.0
contig_2880	200000	238099	2.0
contig_2881	100000	200000	2.0
contig_2881	200000	300000	2.0
contig_2881	300000	400000	1.0
contig_2881	400000	500000	1.0
contig_2881	500000	581747	4.0
contig_2882	0	100000	1.0
contig_2882	100000	163976	3.0
contig_2883	0	100000	4.0
contig_2883	100000	200000	3.0
contig_2883	200000	300000	2.0
contig_2883	400000	500000	3.0
contig_2883	500000	600000	2.0
contig_2883	600000	700000	5.0
contig_2883	700000	800000	2.0
contig_2883	800000	900000	2.0
contig_2883	900000	1000000	4.0
contig_2883	1000000	1100000	1.0
contig_2883	1100000	1200000	1.0
contig_2883	1200000	1300000	1.0
contig_2883	1300000	1400000	2.0
contig_2883	1500000	1600000	1.0
contig_2883	1600000	1700000	4.0
contig_2883	1700000	1800000	1.0
contig_2883	1900000	1985372	4.0
contig_2885	0	37328	1.0
contig_2887	0	100000	3.0
contig_2887	100000	200000	3.0
contig_2887	200000	287738	2.0
contig_2888	100000	200000	3.0
contig_2888	300000	400000	2.0
contig_2888	400000	431626	1.0
contig_2889	0	100000	4.0
contig_2889	100000	107100	1.0
contig_2890	0	100000	1.0
contig_2890	100000	200000	1.0
contig_2890	200000	300000	2.0
contig_2890	300000	400000	1.0
contig_2891	0	100000	3.0
contig_2891	100000	200000	4.0
contig_2891	200000	300000	6.0
contig_2891	400000	471275	1.0
contig_2892	0	100000	1.0
contig_2892	100000	200000	1.0
contig_2892	200000	300000	1.0
contig_2892	300000	304144	1.0
contig_2893	0	100000	1.0
contig_2893	100000	200000	3.0
contig_2893	300000	400000	1.0
contig_2893	500000	600000	1.0
contig_2893	600000	700000	1.0
contig_2893	700000	800000	1.0
contig_2893	800000	900000	4.0
contig_2893	900000	929328	2.0
contig_2894	0	100000	1.0
contig_2894	100000	200000	3.0
contig_2894	200000	300000	1.0
contig_2894	300000	400000	2.0
contig_2894	400000	500000	2.0
contig_2894	500000	600000	4.0
contig_2894	600000	700000	3.0
contig_2894	700000	779825	3.0
contig_2895	0	100000	1.0
contig_2895	100000	200000	2.0
contig_2895	200000	261799	3.0
contig_2896	100000	200000	2.0
contig_2896	200000	214220	1.0
contig_2897	0	100000	3.0
contig_2897	100000	200000	5.0
contig_2897	200000	300000	1.0
contig_2898	0	100000	1.0
contig_2898	200000	300000	3.0
contig_2898	300000	400000	3.0
contig_2898	400000	500000	2.0
contig_2898	500000	600000	2.0
contig_2898	600000	663527	2.0
contig_2899	0	100000	3.0
contig_2899	100000	172548	2.0
contig_2900	100000	200000	7.0
contig_2900	200000	266337	1.0
contig_2901	0	100000	2.0
contig_2901	100000	128000	3.0
contig_2903	0	100000	3.0
contig_2903	100000	200000	2.0
contig_2903	200000	300000	5.0
contig_2903	300000	400000	1.0
contig_2903	400000	500000	3.0
contig_2903	500000	593016	2.0
contig_2904	0	100000	1.0
contig_2904	100000	150230	1.0
contig_2905	0	100000	1.0
contig_2905	100000	200000	1.0
contig_2905	200000	300000	1.0
contig_2905	300000	400000	4.0
contig_2905	400000	500000	3.0
contig_2905	600000	700000	3.0
contig_2905	700000	800000	2.0
contig_2905	800000	900000	4.0
contig_2905	1000000	1100000	1.0
contig_2905	1200000	1300000	4.0
contig_2905	1300000	1400000	3.0
contig_2905	1500000	1600000	1.0
contig_2905	1600000	1700000	1.0
contig_2905	1700000	1800000	5.0
contig_2905	1800000	1900000	1.0
contig_2905	2000000	2100000	7.0
contig_2905	2100000	2200000	6.0
contig_2905	2200000	2300000	6.0
contig_2905	2300000	2400000	2.0
contig_2905	2400000	2500000	1.0
contig_2905	2500000	2600000	2.0
contig_2905	2600000	2700000	4.0
contig_2905	2700000	2709808	3.0
contig_2906	0	100000	1.0
contig_2906	100000	132030	6.0
contig_2907	0	100000	1.0
contig_2907	200000	215396	2.0
contig_2908	0	100000	1.0
contig_2908	100000	127148	1.0
contig_2910	0	100000	2.0
contig_2910	100000	200000	1.0
contig_2910	200000	200645	1.0
contig_2911	0	100000	4.0
contig_2911	100000	200000	1.0
contig_2911	200000	300000	1.0
contig_2911	300000	400000	3.0
contig_2911	400000	500000	7.0
contig_2911	500000	557205	3.0
contig_2912	0	100000	2.0
contig_2912	100000	132245	1.0
contig_2913	0	100000	1.0
contig_2913	100000	200000	1.0
contig_2913	200000	300000	3.0
contig_2913	300000	331730	2.0
contig_2914	0	95635	4.0
contig_2915	100000	200000	1.0
contig_2915	200000	300000	2.0
contig_2915	300000	400000	2.0
contig_2915	400000	500000	3.0
contig_2915	500000	600000	1.0
contig_2915	600000	700000	3.0
contig_2915	700000	800000	1.0
contig_2915	900000	1000000	1.0
contig_2915	1000000	1050594	1.0
contig_2916	0	65207	2.0
contig_2917	100000	200000	1.0
contig_2917	300000	400000	1.0
contig_2917	400000	452592	2.0
contig_2918	0	100000	4.0
contig_2918	100000	182054	3.0
contig_2919	0	100000	5.0
contig_2919	100000	121831	1.0
contig_2920	0	100000	2.0
contig_2920	100000	134420	1.0
contig_2921	0	100000	1.0
contig_2921	200000	229594	1.0
contig_2922	0	100000	1.0
contig_2922	100000	200000	1.0
contig_2922	200000	297784	1.0
contig_2923	0	100000	2.0
contig_2923	100000	200000	2.0
contig_2923	200000	221383	1.0
contig_2924	0	100000	1.0
contig_2924	100000	119583	3.0
contig_2925	100000	150952	1.0
contig_2926	0	100000	1.0
contig_2926	100000	200000	1.0
contig_2926	200000	268259	1.0
contig_2927	0	12869	2.0
contig_2928	0	100000	2.0
contig_2928	100000	188230	4.0
contig_2929	0	100000	3.0
contig_2929	100000	200000	4.0
contig_2929	200000	300000	9.0
contig_2929	300000	400000	2.0
contig_2929	400000	500000	2.0
contig_2929	500000	600000	3.0
contig_2929	900000	1000000	1.0
contig_2929	1000000	1100000	2.0
contig_2929	1100000	1200000	3.0
contig_2929	1200000	1227511	1.0
contig_2930	0	62804	4.0
contig_2931	0	100000	5.0
contig_2931	100000	200000	1.0
contig_2931	200000	232681	3.0
contig_2932	200000	202100	1.0
contig_2933	0	100000	2.0
contig_2933	100000	131409	1.0
contig_2934	0	100000	2.0
contig_2934	100000	200000	3.0
contig_2934	200000	288952	2.0
contig_2935	0	74770	4.0
contig_2936	0	100000	4.0
contig_2936	100000	200000	5.0
contig_2936	200000	300000	3.0
contig_2936	300000	322086	1.0
contig_2937	100000	145236	2.0
contig_2939	0	100000	1.0
contig_2939	300000	380133	2.0
contig_2940	0	100000	2.0
contig_2940	100000	111644	1.0
contig_2941	100000	200000	2.0
contig_2941	200000	237265	3.0
contig_2942	0	100000	1.0
contig_2942	200000	300000	1.0
contig_2942	400000	461307	1.0
contig_2943	0	94731	7.0
contig_2944	0	100000	1.0
contig_2944	100000	200000	4.0
contig_2944	200000	300000	1.0
contig_2945	0	100000	2.0
contig_2945	100000	126708	2.0
contig_2946	0	100000	4.0
contig_2946	100000	200000	1.0
contig_2946	200000	300000	1.0
contig_2946	300000	373863	2.0
contig_2947	0	100000	2.0
contig_2947	200000	300000	2.0
contig_2947	300000	400000	1.0
contig_2947	400000	449758	4.0
contig_2948	0	100000	2.0
contig_2948	100000	200000	2.0
contig_2948	200000	204989	3.0
contig_2949	0	100000	1.0
contig_2949	100000	200000	1.0
contig_2949	300000	400000	2.0
contig_2949	400000	500000	2.0
contig_2949	500000	600000	3.0
contig_2949	600000	700000	1.0
contig_2949	1000000	1037162	2.0
contig_2950	0	100000	1.0
contig_2950	100000	200000	3.0
contig_2950	200000	256079	2.0
contig_2951	0	100000	3.0
contig_2951	100000	200000	1.0
contig_2951	200000	300000	2.0
contig_2951	300000	380283	4.0
contig_2952	0	100000	5.0
contig_2952	100000	200000	2.0
contig_2953	0	68689	1.0
contig_2954	300000	400000	1.0
contig_2954	500000	600000	2.0
contig_2954	600000	700000	3.0
contig_2954	700000	800000	2.0
contig_2954	800000	900000	8.0
contig_2954	900000	1000000	1.0
contig_2954	1100000	1200000	1.0
contig_2954	1300000	1400000	3.0
contig_2954	1400000	1500000	3.0
contig_2954	1500000	1600000	1.0
contig_2954	1600000	1700000	2.0
contig_2954	1700000	1725640	2.0
contig_2955	0	100000	1.0
contig_2955	100000	200000	4.0
contig_2955	400000	409001	1.0
contig_2956	0	87140	2.0
contig_2957	0	100000	2.0
contig_2957	200000	300000	2.0
contig_2957	300000	400000	1.0
contig_2957	400000	500000	3.0
contig_2957	500000	564744	4.0
contig_2958	0	100000	4.0
contig_2958	100000	134614	1.0
contig_2959	0	100000	5.0
contig_2959	100000	200000	3.0
contig_2959	200000	240335	1.0
contig_2960	0	100000	4.0
contig_2960	100000	200000	3.0
contig_2960	200000	300000	2.0
contig_2960	300000	400000	1.0
contig_2960	400000	404278	1.0
contig_2961	0	100000	4.0
contig_2961	100000	200000	4.0
contig_2961	300000	400000	4.0
contig_2961	400000	500000	2.0
contig_2961	600000	674436	2.0
contig_2962	0	100000	1.0
contig_2962	100000	200000	1.0
contig_2962	200000	232452	1.0
contig_2963	0	100000	4.0
contig_2963	100000	200000	4.0
contig_2963	200000	300000	3.0
contig_2963	300000	400000	1.0
contig_2963	400000	428633	1.0
contig_2964	0	15939	1.0
contig_2965	0	100000	1.0
contig_2965	100000	200000	1.0
contig_2965	300000	375868	2.0
contig_2966	0	89729	1.0
contig_2967	0	100000	4.0
contig_2967	200000	230368	1.0
contig_2968	0	100000	2.0
contig_2968	100000	200000	6.0
contig_2968	200000	300000	3.0
contig_2968	300000	400000	3.0
contig_2968	400000	463747	2.0
contig_2969	0	100000	2.0
contig_2969	100000	200000	2.0
contig_2969	200000	207733	1.0
contig_2970	0	100000	1.0
contig_2970	200000	300000	1.0
contig_2970	300000	400000	1.0
contig_2970	500000	600000	2.0
contig_2970	700000	800000	2.0
contig_2970	1000000	1100000	1.0
contig_2970	1100000	1189851	1.0
contig_2971	0	100000	2.0
contig_2971	100000	148148	1.0
contig_2972	0	100000	1.0
contig_2972	100000	184133	1.0
contig_2973	100000	200000	4.0
contig_2973	200000	252764	5.0
contig_2974	0	86720	2.0
contig_2975	0	100000	4.0
contig_2975	100000	157697	6.0
contig_2976	0	100000	1.0
contig_2976	100000	200000	5.0
contig_2976	200000	300000	1.0
contig_2976	300000	400000	1.0
contig_2976	400000	500000	2.0
contig_2976	500000	600000	3.0
contig_2976	600000	700000	2.0
contig_2976	700000	800000	6.0
contig_2976	800000	900000	1.0
contig_2976	900000	1000000	3.0
contig_2976	1100000	1200000	1.0
contig_2976	1200000	1300000	2.0
contig_2976	1400000	1457826	1.0
contig_2977	0	100000	3.0
contig_2977	100000	200000	2.0
contig_2977	200000	216920	1.0
contig_2978	0	100000	5.0
contig_2978	100000	178067	5.0
contig_2979	0	100000	1.0
contig_2979	100000	200000	1.0
contig_2980	0	87317	2.0
contig_2981	0	100000	3.0
contig_2981	100000	200000	10.0
contig_2981	200000	285276	3.0
contig_2982	0	100000	1.0
contig_2982	100000	135514	2.0
contig_2983	0	100000	4.0
contig_2983	100000	200000	2.0
contig_2983	200000	267390	1.0
contig_2984	200000	300000	1.0
contig_2984	300000	400000	2.0
contig_2984	400000	483427	2.0
contig_2985	0	100000	5.0
contig_2985	100000	146955	1.0
contig_2986	0	100000	1.0
contig_2986	100000	200000	2.0
contig_2986	200000	300000	4.0
contig_2986	300000	400000	1.0
contig_2986	400000	470439	1.0
contig_2987	0	100000	1.0
contig_2987	100000	200000	2.0
contig_2987	200000	300000	1.0
contig_2987	400000	470667	2.0
contig_2988	0	100000	5.0
contig_2988	100000	121514	2.0
contig_2989	0	100000	2.0
contig_2989	100000	200000	5.0
contig_2989	200000	300000	5.0
contig_2989	300000	400000	12.0
contig_2989	400000	409673	2.0
contig_2990	0	16253	5.0
contig_2992	0	100000	1.0
contig_2992	100000	200000	2.0
contig_2992	200000	263293	2.0
contig_2993	100000	200000	2.0
contig_2993	200000	300000	1.0
contig_2993	500000	600000	2.0
contig_2993	700000	719988	1.0
contig_2994	0	100000	3.0
contig_2994	200000	274195	4.0
contig_2995	100000	200000	1.0
contig_2995	200000	300000	2.0
contig_2995	300000	400000	1.0
contig_2995	400000	500000	3.0
contig_2996	0	100000	5.0
contig_2996	100000	117336	1.0
contig_2997	0	100000	1.0
contig_2997	100000	200000	4.0
contig_2997	200000	229707	5.0
contig_2998	0	100000	6.0
contig_2998	100000	200000	1.0
contig_2998	200000	281396	2.0
contig_2999	0	100000	3.0
contig_2999	100000	153897	4.0
contig_3000	0	100000	4.0
contig_3000	100000	200000	1.0
contig_3000	200000	204864	1.0
contig_3001	100000	200000	1.0
contig_3001	200000	300000	1.0
contig_3001	300000	315001	5.0
contig_3002	0	100000	5.0
contig_3002	100000	112139	1.0
contig_3003	100000	200000	4.0
contig_3003	300000	371175	1.0
contig_3004	100000	200000	4.0
contig_3004	300000	354340	2.0
contig_3005	0	100000	3.0
contig_3005	100000	191750	2.0
contig_3006	0	100000	1.0
contig_3006	200000	300000	1.0
contig_3006	300000	389837	1.0
contig_3007	0	100000	1.0
contig_3007	100000	200000	1.0
contig_3007	200000	202550	1.0
contig_3008	0	100000	4.0
contig_3008	100000	171556	2.0
contig_3009	0	100000	1.0
contig_3009	100000	200000	2.0
contig_3010	0	100000	5.0
contig_3010	100000	200000	4.0
contig_3010	200000	300000	2.0
contig_3010	300000	400000	1.0
contig_3010	400000	500000	2.0
contig_3010	500000	600000	6.0
contig_3010	600000	700000	5.0
contig_3010	700000	800000	1.0
contig_3010	800000	900000	2.0
contig_3010	900000	1000000	1.0
contig_3010	1100000	1200000	1.0
contig_3011	0	100000	2.0
contig_3011	100000	200000	3.0
contig_3011	200000	300000	1.0
contig_3011	300000	302347	1.0
contig_3012	100000	200000	2.0
contig_3012	200000	266798	2.0
contig_3013	0	100000	2.0
contig_3013	100000	160226	4.0
contig_3014	0	100000	4.0
contig_3014	100000	133726	1.0
contig_3015	0	100000	1.0
contig_3015	100000	200000	1.0
contig_3015	200000	211641	1.0
contig_3016	0	100000	4.0
contig_3016	100000	200000	2.0
contig_3016	200000	268555	2.0
contig_3017	0	100000	4.0
contig_3017	100000	200000	2.0
contig_3017	200000	300000	1.0
contig_3017	400000	431101	2.0
contig_3018	100000	200000	1.0
contig_3019	0	100000	2.0
contig_3019	100000	152370	2.0
contig_3020	0	100000	1.0
contig_3020	100000	131632	1.0
contig_3021	0	100000	2.0
contig_3021	100000	123831	1.0
contig_3022	0	100000	2.0
contig_3022	100000	200000	3.0
contig_3022	200000	271657	2.0
contig_3023	0	100000	1.0
contig_3023	200000	300000	3.0
contig_3023	300000	400000	3.0
contig_3023	400000	422621	1.0
contig_3024	0	100000	6.0
contig_3024	200000	300000	4.0
contig_3024	400000	488252	1.0
contig_3025	0	100000	2.0
contig_3025	100000	200000	5.0
contig_3025	200000	300000	2.0
contig_3025	300000	349641	1.0
contig_3026	0	64374	1.0
contig_3027	0	100000	2.0
contig_3027	100000	200000	1.0
contig_3027	200000	278334	1.0
contig_3028	0	100000	2.0
contig_3028	100000	157263	1.0
contig_3029	0	72967	4.0
contig_3030	0	100000	1.0
contig_3030	100000	200000	4.0
contig_3030	200000	272396	3.0
contig_3031	0	100000	3.0
contig_3031	100000	107794	1.0
contig_3032	0	100000	1.0
contig_3032	100000	200000	1.0
contig_3032	200000	300000	2.0
contig_3032	300000	393594	2.0
contig_3033	0	100000	2.0
contig_3033	100000	200000	4.0
contig_3033	200000	300000	1.0
contig_3033	300000	314321	1.0
contig_3034	0	100000	1.0
contig_3034	300000	400000	3.0
contig_3034	400000	500000	1.0
contig_3034	500000	600000	5.0
contig_3034	600000	683655	2.0
contig_3035	0	100000	2.0
contig_3035	200000	300000	1.0
contig_3035	300000	351780	3.0
contig_3036	0	100000	5.0
contig_3036	100000	200000	1.0
contig_3036	300000	400000	1.0
contig_3036	500000	600000	3.0
contig_3036	600000	700000	3.0
contig_3036	700000	703416	2.0
contig_3037	0	100000	3.0
contig_3037	100000	200000	4.0
contig_3037	200000	284287	2.0
contig_3038	0	100000	5.0
contig_3038	100000	200000	4.0
contig_3038	200000	262508	1.0
contig_3039	0	24036	1.0
contig_3040	100000	200000	2.0
contig_3040	200000	300000	1.0
contig_3040	300000	400000	4.0
contig_3040	400000	500000	1.0
contig_3040	500000	569706	1.0
contig_3041	0	100000	2.0
contig_3042	0	100000	2.0
contig_3042	100000	200000	1.0
contig_3043	0	100000	1.0
contig_3043	100000	186540	2.0
contig_3044	0	100000	2.0
contig_3044	200000	237118	2.0
contig_3045	0	100000	3.0
contig_3045	100000	200000	5.0
contig_3045	200000	300000	4.0
contig_3045	300000	361208	2.0
contig_3046	0	100000	1.0
contig_3046	100000	110011	1.0
contig_3047	0	91446	2.0
contig_3048	0	100000	1.0
contig_3049	0	91326	3.0
contig_3051	0	100000	2.0
contig_3051	100000	200000	3.0
contig_3051	200000	300000	5.0
contig_3051	400000	500000	1.0
contig_3051	600000	645435	4.0
contig_3052	0	100000	4.0
contig_3053	0	100000	4.0
contig_3053	100000	200000	4.0
contig_3053	300000	400000	1.0
contig_3053	400000	425500	2.0
contig_3054	0	100000	3.0
contig_3054	100000	200000	6.0
contig_3054	200000	290846	1.0
contig_3055	0	100000	2.0
contig_3055	100000	200000	1.0
contig_3055	300000	341396	1.0
contig_3056	0	68435	7.0
contig_3057	0	100000	1.0
contig_3057	100000	200000	2.0
contig_3057	200000	300000	2.0
contig_3057	400000	500000	1.0
contig_3057	500000	600000	3.0
contig_3057	600000	700000	1.0
contig_3057	700000	800000	3.0
contig_3057	800000	900000	2.0
contig_3057	900000	1000000	3.0
contig_3057	1000000	1100000	3.0
contig_3057	1100000	1200000	6.0
contig_3057	1200000	1300000	2.0
contig_3057	1500000	1600000	5.0
contig_3057	1600000	1700000	2.0
contig_3057	1700000	1800000	1.0
contig_3057	1800000	1900000	3.0
contig_3057	1900000	1908422	2.0
contig_3058	0	100000	1.0
contig_3058	200000	223616	3.0
contig_3059	0	100000	3.0
contig_3059	100000	200000	2.0
contig_3059	200000	300000	3.0
contig_3059	400000	500000	1.0
contig_3059	500000	566748	2.0
contig_3060	0	100000	6.0
contig_3060	100000	200000	8.0
contig_3060	200000	300000	1.0
contig_3060	300000	363560	2.0
contig_3061	0	100000	3.0
contig_3061	100000	200000	3.0
contig_3061	200000	300000	3.0
contig_3061	300000	400000	1.0
contig_3061	500000	564934	1.0
contig_3062	100000	164073	1.0
contig_3063	0	100000	1.0
contig_3063	100000	200000	4.0
contig_3063	200000	262585	3.0
contig_3064	0	100000	2.0
contig_3064	100000	200000	1.0
contig_3064	200000	300000	1.0
contig_3064	300000	400000	2.0
contig_3064	400000	500000	4.0
contig_3064	500000	600000	3.0
contig_3064	600000	647350	3.0
contig_3065	0	67476	4.0
contig_3066	0	100000	1.0
contig_3066	100000	200000	4.0
contig_3066	300000	400000	1.0
contig_3066	500000	600000	5.0
contig_3066	600000	700000	1.0
contig_3066	800000	900000	2.0
contig_3066	1300000	1400000	2.0
contig_3066	1400000	1429652	1.0
contig_3067	0	83913	3.0
contig_3068	0	100000	3.0
contig_3068	100000	138017	2.0
contig_3069	0	100000	1.0
contig_3070	100000	101490	1.0
contig_3071	0	100000	2.0
contig_3071	100000	137642	1.0
contig_3072	0	100000	3.0
contig_3072	200000	300000	1.0
contig_3072	300000	316493	1.0
contig_3073	0	100000	4.0
contig_3073	100000	200000	2.0
contig_3073	200000	298496	2.0
contig_3074	0	100000	1.0
contig_3074	100000	200000	1.0
contig_3074	200000	300000	1.0
contig_3074	300000	360664	1.0
contig_3075	0	100000	3.0
contig_3075	100000	200000	4.0
contig_3075	200000	300000	2.0
contig_3075	300000	400000	4.0
contig_3075	400000	500000	2.0
contig_3075	600000	700000	1.0
contig_3075	700000	800000	2.0
contig_3075	800000	900000	2.0
contig_3075	900000	1000000	2.0
contig_3075	1000000	1082852	1.0
contig_3076	0	100000	3.0
contig_3076	200000	300000	1.0
contig_3076	300000	400000	2.0
contig_3076	400000	500000	2.0
contig_3076	500000	600000	1.0
contig_3076	600000	700000	8.0
contig_3076	700000	800000	4.0
contig_3076	800000	900000	1.0
contig_3076	1200000	1276992	5.0
contig_3077	0	100000	1.0
contig_3077	100000	169534	7.0
contig_3078	0	100000	2.0
contig_3078	100000	200000	1.0
contig_3078	200000	300000	2.0
contig_3078	300000	400000	1.0
contig_3078	400000	500000	2.0
contig_3078	500000	600000	3.0
contig_3078	600000	635713	1.0
contig_3079	0	100000	1.0
contig_3079	100000	200000	2.0
contig_3079	200000	236421	2.0
contig_3080	0	100000	3.0
contig_3080	100000	167253	1.0
contig_3081	0	100000	1.0
contig_3081	100000	199429	4.0
contig_3082	0	100000	2.0
contig_3082	100000	128869	1.0
contig_3083	0	100000	3.0
contig_3083	100000	200000	4.0
contig_3084	0	100000	4.0
contig_3084	100000	200000	2.0
contig_3084	200000	300000	4.0
contig_3085	0	100000	1.0
contig_3085	100000	200000	1.0
contig_3085	200000	300000	1.0
contig_3085	300000	339945	1.0
contig_3086	0	100000	5.0
contig_3086	100000	134356	2.0
contig_3087	0	100000	2.0
contig_3088	0	95670	2.0
contig_3089	0	55017	2.0
contig_3090	0	100000	2.0
contig_3090	100000	200000	1.0
contig_3090	200000	300000	2.0
contig_3090	300000	378407	1.0
contig_3091	200000	300000	1.0
contig_3091	300000	400000	2.0
contig_3091	500000	558762	2.0
contig_3092	0	100000	1.0
contig_3092	100000	200000	3.0
contig_3092	300000	346783	1.0
contig_3093	100000	200000	3.0
contig_3093	300000	400000	5.0
contig_3094	0	100000	1.0
contig_3094	100000	200000	5.0
contig_3094	200000	300000	1.0
contig_3094	300000	400000	2.0
contig_3094	400000	435029	1.0
contig_3095	0	100000	1.0
contig_3095	100000	139449	3.0
contig_3096	0	100000	1.0
contig_3096	100000	200000	1.0
contig_3096	300000	400000	1.0
contig_3096	600000	700000	3.0
contig_3096	700000	800000	1.0
contig_3096	900000	1000000	1.0
contig_3096	1000000	1100000	4.0
contig_3096	1100000	1200000	2.0
contig_3096	1200000	1300000	5.0
contig_3096	1300000	1400000	5.0
contig_3096	1400000	1499848	5.0
contig_3097	0	100000	2.0
contig_3097	100000	200000	5.0
contig_3097	200000	300000	1.0
contig_3097	300000	400000	1.0
contig_3097	500000	504033	1.0
contig_3098	0	100000	3.0
contig_3098	100000	200000	1.0
contig_3098	200000	300000	1.0
contig_3098	300000	400000	1.0
contig_3098	400000	500000	2.0
contig_3099	0	100000	1.0
contig_3099	100000	120617	3.0
contig_3100	0	100000	5.0
contig_3100	100000	200000	2.0
contig_3100	200000	263598	6.0
contig_3101	0	89882	3.0
contig_3102	0	52056	2.0
contig_3103	0	100000	1.0
contig_3103	100000	174882	1.0
contig_3104	0	100000	5.0
contig_3104	100000	144332	2.0
contig_3105	0	100000	4.0
contig_3105	100000	124770	1.0
contig_3106	0	32522	5.0
contig_3107	0	100000	1.0
contig_3107	100000	200000	2.0
contig_3108	0	100000	1.0
contig_3108	200000	300000	1.0
contig_3109	0	100000	5.0
contig_3109	100000	200000	5.0
contig_3109	200000	282864	8.0
contig_3110	0	100000	6.0
contig_3110	100000	159257	2.0
contig_3111	100000	200000	4.0
contig_3111	200000	300000	3.0
contig_3111	300000	400000	1.0
contig_3111	400000	500000	4.0
contig_3111	500000	600000	3.0
contig_3111	600000	663858	1.0
contig_3112	0	100000	3.0
contig_3112	200000	226766	1.0
contig_3113	0	100000	3.0
contig_3113	100000	200000	1.0
contig_3113	200000	300000	4.0
contig_3113	300000	400000	3.0
contig_3113	400000	500000	1.0
contig_3113	500000	600000	2.0
contig_3113	600000	700000	3.0
contig_3113	700000	800000	4.0
contig_3113	800000	900000	2.0
contig_3113	1000000	1100000	2.0
contig_3113	1100000	1160011	1.0
contig_3114	0	100000	3.0
contig_3114	100000	187656	2.0
contig_3115	0	100000	6.0
contig_3115	100000	200000	1.0
contig_3115	200000	300000	2.0
contig_3115	300000	400000	1.0
contig_3115	500000	600000	1.0
contig_3116	0	100000	7.0
contig_3116	100000	200000	3.0
contig_3116	200000	300000	2.0
contig_3116	300000	400000	2.0
contig_3116	400000	492462	3.0
contig_3117	0	100000	1.0
contig_3117	100000	155905	3.0
contig_3118	0	100000	2.0
contig_3118	400000	500000	4.0
contig_3118	700000	800000	1.0
contig_3118	800000	884775	6.0
contig_3119	0	100000	2.0
contig_3119	100000	200000	1.0
contig_3119	200000	300000	1.0
contig_3119	300000	400000	3.0
contig_3119	400000	484111	1.0
contig_3120	0	100000	1.0
contig_3120	100000	180762	1.0
contig_3121	0	100000	3.0
contig_3121	200000	300000	6.0
contig_3121	300000	393081	1.0
contig_3122	0	100000	1.0
contig_3122	100000	200000	1.0
contig_3122	200000	300000	2.0
contig_3122	300000	365492	1.0
contig_3123	100000	200000	2.0
contig_3123	200000	300000	5.0
contig_3123	300000	400000	2.0
contig_3123	400000	403359	1.0
contig_3124	0	100000	3.0
contig_3124	100000	200000	1.0
contig_3124	200000	300000	7.0
contig_3124	300000	361999	2.0
contig_3125	100000	200000	1.0
contig_3125	200000	256161	1.0
contig_3126	0	89323	3.0
contig_3127	0	81796	4.0
contig_3128	0	100000	2.0
contig_3128	100000	200000	2.0
contig_3128	200000	300000	1.0
contig_3128	300000	400000	3.0
contig_3128	400000	446528	1.0
contig_3129	0	100000	3.0
contig_3129	100000	189877	3.0
contig_3130	0	100000	2.0
contig_3130	100000	200000	3.0
contig_3130	200000	300000	3.0
contig_3130	300000	400000	2.0
contig_3130	400000	500000	3.0
contig_3130	500000	511746	1.0
contig_3131	0	100000	2.0
contig_3131	100000	195765	8.0
contig_3132	0	100000	4.0
contig_3132	100000	200000	2.0
contig_3132	200000	300000	2.0
contig_3132	300000	400000	6.0
contig_3132	400000	447524	1.0
contig_3133	0	100000	1.0
contig_3133	100000	200000	7.0
contig_3133	200000	300000	1.0
contig_3133	300000	392376	5.0
contig_3134	0	100000	2.0
contig_3134	100000	200000	1.0
contig_3134	200000	300000	2.0
contig_3134	300000	321917	2.0
contig_3135	0	71595	5.0
contig_3136	0	100000	4.0
contig_3136	100000	200000	3.0
contig_3136	200000	300000	3.0
contig_3136	300000	336090	3.0
contig_3137	0	100000	5.0
contig_3137	200000	227340	3.0
contig_3138	0	100000	2.0
contig_3138	100000	200000	4.0
contig_3138	200000	211942	1.0
contig_3139	0	81533	3.0
contig_3140	0	100000	2.0
contig_3140	200000	300000	3.0
contig_3140	300000	400000	1.0
contig_3140	400000	500000	5.0
contig_3140	500000	600000	4.0
contig_3140	600000	625184	1.0
contig_3141	0	84857	4.0
contig_3142	0	100000	5.0
contig_3142	100000	200000	3.0
contig_3142	200000	224840	2.0
contig_3143	100000	200000	5.0
contig_3143	200000	300000	1.0
contig_3143	400000	500000	1.0
contig_3143	500000	600000	3.0
contig_3143	600000	700000	3.0
contig_3143	700000	800000	2.0
contig_3143	900000	945807	1.0
contig_3144	0	100000	2.0
contig_3144	100000	200000	6.0
contig_3144	200000	257108	2.0
contig_3145	0	100000	1.0
contig_3145	100000	177519	2.0
contig_3146	0	100000	2.0
contig_3146	100000	200000	1.0
contig_3146	200000	300000	2.0
contig_3146	300000	394590	10.0
contig_3147	0	100000	4.0
contig_3147	100000	200000	1.0
contig_3147	200000	272931	2.0
contig_3148	0	100000	5.0
contig_3148	100000	200000	6.0
contig_3148	200000	300000	2.0
contig_3148	300000	400000	4.0
contig_3148	400000	500000	1.0
contig_3149	0	100000	2.0
contig_3149	100000	200000	2.0
contig_3149	200000	259515	2.0
contig_3150	0	100000	5.0
contig_3150	100000	200000	11.0
contig_3150	200000	238383	3.0
contig_3151	0	100000	1.0
contig_3151	100000	200000	3.0
contig_3152	0	100000	1.0
contig_3152	100000	200000	3.0
contig_3152	200000	300000	1.0
contig_3152	300000	400000	5.0
contig_3152	400000	500000	2.0
contig_3152	500000	600000	1.0
contig_3152	700000	789455	1.0
contig_3153	0	60725	2.0
contig_3154	0	97072	2.0
contig_3155	0	92718	2.0
contig_3156	0	100000	1.0
contig_3156	100000	200000	1.0
contig_3156	200000	249097	5.0
contig_3157	0	100000	2.0
contig_3157	100000	200000	6.0
contig_3157	300000	355536	4.0
contig_3158	100000	200000	1.0
contig_3159	0	100000	3.0
contig_3159	100000	141934	2.0
contig_3160	0	63301	3.0
contig_3161	0	100000	7.0
contig_3161	100000	200000	8.0
contig_3161	200000	240281	1.0
contig_3162	0	89079	4.0
contig_3163	0	100000	3.0
contig_3163	100000	158661	1.0
contig_3164	0	100000	1.0
contig_3164	100000	200000	2.0
contig_3164	200000	246452	1.0
contig_3165	100000	200000	3.0
contig_3165	300000	400000	1.0
contig_3165	400000	500000	1.0
contig_3165	500000	600000	1.0
contig_3165	700000	719411	2.0
contig_3166	0	100000	3.0
contig_3166	100000	200000	4.0
contig_3166	300000	400000	1.0
contig_3166	400000	500000	2.0
contig_3166	500000	600000	1.0
contig_3166	600000	700000	1.0
contig_3166	700000	800000	3.0
contig_3166	800000	900000	6.0
contig_3166	900000	1000000	5.0
contig_3166	1000000	1100000	1.0
contig_3166	1100000	1200000	4.0
contig_3166	1200000	1300000	5.0
contig_3166	1300000	1400000	3.0
contig_3166	1400000	1452245	3.0
contig_3167	0	100000	1.0
contig_3167	100000	114535	1.0
contig_3168	0	100000	13.0
contig_3168	100000	200000	1.0
contig_3168	300000	400000	4.0
contig_3168	400000	470645	4.0
contig_3170	100000	200000	3.0
contig_3170	200000	300000	2.0
contig_3170	300000	400000	1.0
contig_3170	400000	500000	2.0
contig_3170	500000	531614	1.0
contig_3171	0	100000	3.0
contig_3171	100000	200000	3.0
contig_3171	200000	300000	2.0
contig_3171	300000	400000	3.0
contig_3171	400000	500000	1.0
contig_3171	500000	600000	6.0
contig_3171	600000	700000	2.0
contig_3171	700000	800000	4.0
contig_3171	800000	900000	1.0
contig_3171	900000	1000000	4.0
contig_3171	1000000	1029184	2.0
contig_3172	100000	200000	7.0
contig_3172	200000	244516	3.0
contig_3173	0	100000	1.0
contig_3173	200000	300000	1.0
contig_3173	300000	303790	1.0
contig_3174	0	100000	1.0
contig_3174	100000	200000	1.0
contig_3174	200000	255077	3.0
contig_3175	0	100000	4.0
contig_3175	200000	300000	1.0
contig_3175	400000	500000	2.0
contig_3175	500000	537118	4.0
contig_3176	0	100000	5.0
contig_3176	100000	200000	5.0
contig_3176	200000	300000	2.0
contig_3176	300000	400000	4.0
contig_3176	400000	500000	2.0
contig_3176	600000	700000	2.0
contig_3176	700000	782282	3.0
contig_3178	0	100000	4.0
contig_3178	100000	193871	7.0
contig_3179	0	100000	4.0
contig_3179	100000	200000	5.0
contig_3179	200000	300000	1.0
contig_3179	400000	500000	1.0
contig_3179	500000	589329	5.0
contig_3180	0	100000	4.0
contig_3180	100000	134151	3.0
contig_3181	0	100000	2.0
contig_3181	200000	244103	2.0
contig_3182	0	100000	2.0
contig_3182	100000	140267	4.0
contig_3183	0	100000	1.0
contig_3183	200000	300000	2.0
contig_3183	300000	400000	2.0
contig_3183	400000	500000	2.0
contig_3184	0	100000	2.0
contig_3184	100000	200000	3.0
contig_3184	200000	300000	1.0
contig_3184	300000	400000	1.0
contig_3184	400000	417068	2.0
contig_3185	0	100000	2.0
contig_3185	100000	200000	5.0
contig_3185	200000	210655	1.0
contig_3186	0	100000	1.0
contig_3186	100000	130095	1.0
contig_3187	0	100000	6.0
contig_3187	100000	103628	1.0
contig_3188	0	100000	5.0
contig_3188	100000	200000	8.0
contig_3188	200000	300000	1.0
contig_3188	300000	400000	1.0
contig_3188	400000	498060	3.0
contig_3189	0	100000	1.0
contig_3189	200000	300000	1.0
contig_3189	300000	400000	4.0
contig_3189	400000	500000	2.0
contig_3189	500000	600000	2.0
contig_3189	600000	700000	2.0
contig_3189	700000	800000	1.0
contig_3189	800000	900000	2.0
contig_3189	900000	1000000	4.0
contig_3189	1000000	1100000	3.0
contig_3189	1100000	1200000	3.0
contig_3189	1200000	1300000	4.0
contig_3189	1500000	1600000	1.0
contig_3189	1600000	1700000	3.0
contig_3189	1700000	1800000	8.0
contig_3189	1800000	1900000	2.0
contig_3189	1900000	2000000	1.0
contig_3189	2000000	2100000	1.0
contig_3189	2100000	2200000	3.0
contig_3189	2200000	2211111	1.0
contig_3190	0	100000	8.0
contig_3190	300000	319428	1.0
contig_3191	0	100000	5.0
contig_3191	100000	200000	1.0
contig_3191	300000	350942	1.0
contig_3192	0	100000	5.0
contig_3192	100000	172065	4.0
contig_3193	0	100000	1.0
contig_3193	100000	163299	3.0
contig_3194	0	63552	4.0
contig_3195	0	100000	3.0
contig_3195	100000	131282	4.0
contig_3196	100000	200000	5.0
contig_3196	200000	267258	2.0
contig_3197	0	10323	4.0
contig_3198	0	100000	1.0
contig_3198	100000	200000	3.0
contig_3198	200000	300000	3.0
contig_3198	300000	329381	2.0
contig_3199	0	100000	1.0
contig_3199	300000	400000	1.0
contig_3199	400000	500000	1.0
contig_3199	500000	598272	3.0
contig_3200	0	100000	2.0
contig_3200	100000	200000	2.0
contig_3200	200000	300000	1.0
contig_3200	300000	400000	1.0
contig_3200	400000	500000	2.0
contig_3200	600000	700000	1.0
contig_3200	700000	800000	1.0
contig_3200	800000	900000	9.0
contig_3200	900000	1000000	1.0
contig_3200	1000000	1017525	3.0
contig_3201	0	100000	4.0
contig_3201	100000	114134	1.0
contig_3202	0	100000	3.0
contig_3202	100000	131226	1.0
contig_3203	0	100000	3.0
contig_3203	100000	160393	1.0
contig_3204	0	100000	2.0
contig_3204	100000	200000	7.0
contig_3204	200000	300000	4.0
contig_3204	300000	400000	4.0
contig_3204	400000	500000	2.0
contig_3204	500000	600000	4.0
contig_3204	600000	700000	7.0
contig_3204	700000	800000	3.0
contig_3204	800000	900000	1.0
contig_3204	900000	960470	1.0
contig_3205	0	100000	2.0
contig_3205	200000	300000	2.0
contig_3205	300000	371825	3.0
contig_3206	0	100000	2.0
contig_3206	100000	200000	4.0
contig_3206	200000	300000	3.0
contig_3206	300000	400000	2.0
contig_3206	400000	500000	1.0
contig_3206	600000	700000	2.0
contig_3206	700000	800000	3.0
contig_3206	800000	900000	3.0
contig_3206	900000	1000000	1.0
contig_3206	1000000	1100000	2.0
contig_3206	1100000	1200000	1.0
contig_3206	1200000	1300000	2.0
contig_3206	1300000	1314962	1.0
contig_3207	0	60840	3.0
contig_3208	200000	300000	2.0
contig_3208	300000	400000	2.0
contig_3208	400000	495097	4.0
contig_3209	0	100000	2.0
contig_3209	100000	172658	2.0
contig_3210	100000	200000	9.0
contig_3210	400000	500000	1.0
contig_3210	600000	700000	5.0
contig_3210	700000	800000	1.0
contig_3210	800000	900000	1.0
contig_3210	900000	971133	3.0
contig_3211	100000	200000	1.0
contig_3211	200000	257243	5.0
contig_3212	0	100000	1.0
contig_3212	100000	200000	4.0
contig_3212	200000	244660	2.0
contig_3213	0	100000	3.0
contig_3213	200000	300000	1.0
contig_3213	300000	400000	2.0
contig_3213	400000	500000	3.0
contig_3213	500000	600000	3.0
contig_3213	600000	634361	3.0
contig_3214	0	100000	1.0
contig_3214	100000	200000	3.0
contig_3214	200000	201191	1.0
contig_3215	0	100000	2.0
contig_3215	100000	148568	4.0
contig_3216	100000	200000	4.0
contig_3216	200000	300000	3.0
contig_3216	300000	400000	3.0
contig_3216	400000	500000	4.0
contig_3216	500000	528868	2.0
contig_3217	0	80654	2.0
contig_3218	100000	200000	1.0
contig_3218	300000	400000	3.0
contig_3218	400000	400774	1.0
contig_3219	0	100000	2.0
contig_3219	100000	200000	3.0
contig_3219	200000	300000	2.0
contig_3219	300000	400000	1.0
contig_3219	400000	500000	2.0
contig_3219	500000	600000	1.0
contig_3219	600000	700000	1.0
contig_3219	700000	800000	1.0
contig_3219	800000	900000	3.0
contig_3219	900000	1000000	1.0
contig_3219	1000000	1100000	1.0
contig_3219	1100000	1125871	2.0
contig_3220	0	100000	4.0
contig_3220	100000	200000	3.0
contig_3220	200000	300000	1.0
contig_3220	400000	500000	1.0
contig_3220	500000	600000	3.0
contig_3220	600000	608752	1.0
contig_3221	0	100000	2.0
contig_3221	100000	179569	2.0
contig_3222	0	100000	2.0
contig_3222	100000	200000	5.0
contig_3222	200000	200718	1.0
contig_3223	0	55807	1.0
contig_3224	0	100000	2.0
contig_3224	100000	200000	1.0
contig_3224	200000	300000	3.0
contig_3224	300000	400000	3.0
contig_3224	600000	700000	1.0
contig_3224	700000	800000	6.0
contig_3224	800000	900000	4.0
contig_3224	900000	1000000	2.0
contig_3224	1100000	1200000	1.0
contig_3224	1200000	1300000	2.0
contig_3224	1400000	1500000	1.0
contig_3224	1500000	1578873	2.0
contig_3225	0	100000	3.0
contig_3225	100000	200000	1.0
contig_3225	200000	300000	3.0
contig_3225	300000	400000	2.0
contig_3225	400000	407315	3.0
contig_3226	0	100000	4.0
contig_3226	100000	122231	2.0
contig_3227	100000	200000	3.0
contig_3227	200000	241874	1.0
contig_3228	0	100000	3.0
contig_3228	100000	200000	1.0
contig_3229	0	100000	4.0
contig_3229	100000	200000	2.0
contig_3229	200000	300000	4.0
contig_3229	300000	400000	4.0
contig_3229	400000	500000	2.0
contig_3229	500000	600000	2.0
contig_3229	700000	765935	3.0
contig_3230	0	100000	7.0
contig_3230	100000	200000	1.0
contig_3230	200000	300000	5.0
contig_3230	300000	400000	1.0
contig_3230	400000	453855	2.0
contig_3231	0	100000	1.0
contig_3231	100000	131635	2.0
contig_3232	0	100000	1.0
contig_3232	100000	114543	1.0
contig_3233	0	100000	1.0
contig_3233	100000	200000	1.0
contig_3233	200000	236598	1.0
contig_3234	0	100000	3.0
contig_3234	100000	200000	6.0
contig_3234	200000	300000	1.0
contig_3234	300000	400000	1.0
contig_3234	400000	500000	1.0
contig_3234	500000	600000	1.0
contig_3234	600000	700000	1.0
contig_3234	700000	800000	7.0
contig_3234	800000	900000	6.0
contig_3234	900000	1000000	9.0
contig_3234	1000000	1100000	10.0
contig_3234	1100000	1200000	3.0
contig_3234	1200000	1300000	16.0
contig_3234	1300000	1400000	3.0
contig_3234	1400000	1500000	3.0
contig_3234	1500000	1582406	4.0
contig_3235	0	100000	4.0
contig_3235	100000	200000	7.0
contig_3235	200000	300000	2.0
contig_3235	400000	500000	1.0
contig_3235	500000	600000	4.0
contig_3235	600000	700000	1.0
contig_3236	0	99687	6.0
contig_3237	0	100000	3.0
contig_3237	100000	116363	1.0
contig_3238	0	100000	5.0
contig_3238	100000	129306	1.0
contig_3239	0	100000	1.0
contig_3239	100000	200000	2.0
contig_3239	200000	300000	3.0
contig_3239	300000	400000	3.0
contig_3239	400000	500000	9.0
contig_3239	500000	600000	4.0
contig_3239	600000	700000	2.0
contig_3239	700000	800000	1.0
contig_3239	800000	900000	2.0
contig_3239	900000	1000000	1.0
contig_3239	1000000	1065085	1.0
contig_3240	0	100000	9.0
contig_3240	100000	153647	3.0
contig_3241	0	60632	2.0
contig_3242	0	100000	1.0
contig_3242	100000	135709	1.0
contig_3243	100000	200000	2.0
contig_3243	200000	286268	1.0
contig_3244	100000	176782	2.0
contig_3245	0	92235	3.0
contig_3246	0	100000	1.0
contig_3246	100000	187560	4.0
contig_3247	0	100000	1.0
contig_3247	300000	400000	1.0
contig_3247	400000	500000	1.0
contig_3247	600000	632748	1.0
contig_3248	0	68590	6.0
contig_3249	0	100000	2.0
contig_3249	100000	165878	8.0
contig_3250	100000	200000	3.0
contig_3250	200000	300000	2.0
contig_3250	400000	500000	2.0
contig_3250	500000	600000	3.0
contig_3250	600000	700000	3.0
contig_3250	700000	800000	6.0
contig_3250	800000	900000	2.0
contig_3250	900000	1000000	1.0
contig_3250	1000000	1100000	2.0
contig_3250	1100000	1200000	4.0
contig_3251	0	100000	5.0
contig_3251	100000	200000	5.0
contig_3251	200000	300000	8.0
contig_3251	300000	400000	3.0
contig_3251	400000	500000	3.0
contig_3251	500000	600000	3.0
contig_3251	600000	700000	6.0
contig_3251	700000	800000	6.0
contig_3251	800000	900000	3.0
contig_3251	900000	1000000	3.0
contig_3251	1000000	1100000	3.0
contig_3251	1100000	1200000	2.0
contig_3251	1200000	1300000	1.0
contig_3251	1300000	1400000	3.0
contig_3251	1400000	1500000	4.0
contig_3251	1500000	1600000	2.0
contig_3251	1600000	1700000	3.0
contig_3251	1700000	1800000	4.0
contig_3251	1800000	1900000	3.0
contig_3251	2000000	2100000	1.0
contig_3251	2100000	2200000	1.0
contig_3251	2200000	2300000	1.0
contig_3251	2300000	2362639	2.0
contig_3252	0	100000	1.0
contig_3252	100000	138351	1.0
contig_3253	0	100000	1.0
contig_3253	100000	200000	1.0
contig_3253	200000	257235	3.0
contig_3254	0	100000	4.0
contig_3254	100000	200000	5.0
contig_3254	200000	218918	1.0
contig_3255	100000	200000	3.0
contig_3255	200000	300000	5.0
contig_3255	400000	500000	1.0
contig_3255	500000	600000	1.0
contig_3255	600000	700000	1.0
contig_3255	900000	1000000	1.0
contig_3255	1000000	1100000	2.0
contig_3255	1300000	1400000	3.0
contig_3255	1400000	1500000	1.0
contig_3255	1500000	1600000	1.0
contig_3255	1700000	1800000	4.0
contig_3255	1800000	1900000	1.0
contig_3255	2000000	2100000	4.0
contig_3255	2100000	2200000	5.0
contig_3255	2200000	2300000	4.0
contig_3255	2400000	2496901	8.0
contig_3256	0	100000	3.0
contig_3256	100000	200000	1.0
contig_3256	200000	300000	2.0
contig_3256	300000	400000	3.0
contig_3256	400000	469652	3.0
contig_3257	0	100000	2.0
contig_3257	100000	200000	2.0
contig_3257	300000	400000	1.0
contig_3258	0	100000	8.0
contig_3258	100000	191952	3.0
contig_3259	100000	189298	2.0
contig_3260	0	100000	2.0
contig_3260	100000	200000	3.0
contig_3260	200000	300000	2.0
contig_3260	300000	400000	2.0
contig_3260	400000	500000	1.0
contig_3260	500000	600000	2.0
contig_3260	600000	700000	1.0
contig_3260	700000	800000	2.0
contig_3260	800000	900000	1.0
contig_3260	900000	1000000	1.0
contig_3260	1600000	1700000	1.0
contig_3260	1700000	1800000	2.0
contig_3260	1800000	1900000	1.0
contig_3260	1900000	2000000	2.0
contig_3260	2000000	2096644	3.0
contig_3261	0	100000	1.0
contig_3261	100000	200000	1.0
contig_3261	200000	300000	4.0
contig_3261	300000	400000	3.0
contig_3261	500000	600000	5.0
contig_3261	600000	700000	5.0
contig_3261	700000	800000	4.0
contig_3261	800000	900000	1.0
contig_3261	900000	1000000	7.0
contig_3261	1000000	1100000	4.0
contig_3261	1100000	1200000	1.0
contig_3261	1200000	1300000	9.0
contig_3261	1300000	1400000	3.0
contig_3261	1400000	1500000	2.0
contig_3261	1600000	1700000	1.0
contig_3261	1700000	1800000	1.0
contig_3261	1800000	1900000	2.0
contig_3261	2200000	2300000	1.0
contig_3261	2300000	2400000	1.0
contig_3261	2400000	2500000	1.0
contig_3261	2500000	2600000	2.0
contig_3261	2700000	2800000	2.0
contig_3261	2800000	2900000	1.0
contig_3261	2900000	3000000	1.0
contig_3261	3200000	3300000	1.0
contig_3261	3300000	3400000	1.0
contig_3261	3400000	3500000	1.0
contig_3261	3500000	3600000	3.0
contig_3261	3600000	3700000	1.0
contig_3261	3700000	3800000	1.0
contig_3261	3800000	3900000	3.0
contig_3261	3900000	4000000	3.0
contig_3261	4000000	4100000	3.0
contig_3261	4100000	4200000	1.0
contig_3261	4200000	4300000	1.0
contig_3261	4300000	4400000	3.0
contig_3261	4400000	4500000	2.0
contig_3261	4500000	4600000	2.0
contig_3261	4800000	4900000	3.0
contig_3261	5000000	5100000	2.0
contig_3261	5100000	5200000	3.0
contig_3261	5200000	5300000	3.0
contig_3261	5300000	5400000	4.0
contig_3261	5400000	5500000	5.0
contig_3261	5500000	5600000	4.0
contig_3261	5700000	5800000	2.0
contig_3261	5900000	6000000	3.0
contig_3261	6000000	6100000	2.0
contig_3261	6100000	6200000	2.0
contig_3261	6200000	6300000	1.0
contig_3261	6300000	6400000	4.0
contig_3261	6400000	6465441	2.0
contig_3262	0	100000	3.0
contig_3262	100000	200000	1.0
contig_3262	200000	300000	3.0
contig_3262	300000	400000	1.0
contig_3262	500000	600000	1.0
contig_3262	600000	700000	1.0
contig_3262	700000	800000	9.0
contig_3262	800000	900000	2.0
contig_3262	900000	1000000	1.0
contig_3262	1000000	1100000	1.0
contig_3262	1100000	1200000	2.0
contig_3262	1200000	1300000	1.0
contig_3262	1400000	1500000	1.0
contig_3262	1500000	1600000	2.0
contig_3262	1600000	1700000	4.0
contig_3262	1700000	1800000	1.0
contig_3262	1800000	1900000	4.0
contig_3262	1900000	2000000	1.0
contig_3262	2000000	2100000	3.0
contig_3262	2100000	2200000	3.0
contig_3262	2300000	2400000	6.0
contig_3262	2600000	2700000	4.0
contig_3262	2700000	2770322	2.0
contig_3263	0	100000	2.0
contig_3263	100000	106114	1.0
contig_3264	0	100000	3.0
contig_3264	100000	200000	1.0
contig_3264	300000	392188	3.0
contig_3265	0	100000	1.0
contig_3265	100000	200000	2.0
contig_3265	200000	300000	1.0
contig_3265	400000	500000	4.0
contig_3265	500000	600000	5.0
contig_3265	700000	800000	1.0
contig_3265	800000	900000	5.0
contig_3265	900000	1000000	3.0
contig_3265	1000000	1100000	1.0
contig_3265	1100000	1200000	3.0
contig_3265	1200000	1300000	2.0
contig_3265	1300000	1400000	2.0
contig_3265	1400000	1500000	2.0
contig_3265	1500000	1600000	5.0
contig_3265	1600000	1700000	3.0
contig_3265	1800000	1900000	8.0
contig_3265	1900000	2000000	3.0
contig_3265	2000000	2100000	5.0
contig_3265	2100000	2200000	1.0
contig_3265	2200000	2300000	4.0
contig_3265	2300000	2400000	5.0
contig_3265	2400000	2500000	5.0
contig_3265	2500000	2600000	9.0
contig_3265	2600000	2700000	6.0
contig_3265	2800000	2900000	2.0
contig_3265	2900000	3000000	2.0
contig_3265	3000000	3100000	4.0
contig_3265	3100000	3200000	2.0
contig_3265	3300000	3400000	1.0
contig_3265	3500000	3600000	3.0
contig_3265	3600000	3664927	7.0
contig_3266	0	100000	1.0
contig_3266	300000	400000	1.0
contig_3266	500000	600000	2.0
contig_3266	600000	700000	4.0
contig_3266	700000	800000	1.0
contig_3266	900000	1000000	2.0
contig_3266	1100000	1200000	1.0
contig_3266	1200000	1300000	2.0
contig_3266	1300000	1400000	1.0
contig_3266	1400000	1500000	1.0
contig_3266	1500000	1600000	3.0
contig_3266	1700000	1800000	6.0
contig_3266	1800000	1872441	5.0
contig_3267	0	100000	2.0
contig_3267	100000	158315	2.0
contig_3268	100000	200000	3.0
contig_3268	200000	300000	4.0
contig_3268	300000	400000	2.0
contig_3268	400000	500000	1.0
contig_3268	600000	700000	1.0
contig_3268	700000	800000	2.0
contig_3268	800000	900000	1.0
contig_3268	900000	1000000	2.0
contig_3268	1000000	1100000	3.0
contig_3268	1100000	1200000	3.0
contig_3268	1400000	1500000	2.0
contig_3268	1500000	1600000	1.0
contig_3268	1600000	1700000	2.0
contig_3268	1800000	1900000	3.0
contig_3268	1900000	2000000	2.0
contig_3268	2300000	2400000	2.0
contig_3268	2500000	2600000	1.0
contig_3268	2700000	2800000	3.0
contig_3268	2800000	2900000	1.0
contig_3268	2900000	3000000	5.0
contig_3268	3000000	3100000	3.0
contig_3268	3100000	3113787	3.0
contig_3269	0	100000	2.0
contig_3269	100000	200000	1.0
contig_3269	300000	400000	7.0
contig_3269	400000	444245	1.0
contig_3270	0	100000	3.0
contig_3270	100000	200000	5.0
contig_3270	200000	300000	2.0
contig_3270	300000	400000	1.0
contig_3270	500000	600000	2.0
contig_3270	700000	800000	1.0
contig_3270	800000	900000	1.0
contig_3270	900000	974163	1.0
contig_3271	100000	135250	1.0
contig_3272	100000	200000	4.0
contig_3272	300000	400000	3.0
contig_3272	400000	500000	1.0
contig_3272	500000	600000	3.0
contig_3272	700000	800000	2.0
contig_3272	800000	900000	2.0
contig_3272	900000	1000000	1.0
contig_3272	1000000	1100000	2.0
contig_3272	1100000	1200000	1.0
contig_3272	1200000	1300000	1.0
contig_3272	1300000	1400000	3.0
contig_3272	1400000	1500000	3.0
contig_3272	1500000	1600000	4.0
contig_3272	1600000	1700000	5.0
contig_3272	1700000	1800000	3.0
contig_3272	1800000	1900000	5.0
contig_3272	2000000	2100000	1.0
contig_3272	2100000	2200000	2.0
contig_3272	2300000	2400000	3.0
contig_3272	2400000	2500000	3.0
contig_3272	2500000	2600000	3.0
contig_3272	2600000	2700000	1.0
contig_3272	2700000	2800000	1.0
contig_3272	2800000	2900000	1.0
contig_3272	2900000	3000000	1.0
contig_3272	3100000	3200000	2.0
contig_3272	3200000	3205632	1.0
contig_3273	0	100000	1.0
contig_3273	100000	200000	2.0
contig_3273	200000	300000	3.0
contig_3273	300000	400000	8.0
contig_3273	400000	500000	3.0
contig_3273	500000	600000	4.0
contig_3273	600000	700000	1.0
contig_3273	700000	720982	1.0
contig_3274	0	100000	5.0
contig_3274	100000	200000	2.0
contig_3274	200000	300000	1.0
contig_3274	300000	400000	3.0
contig_3274	400000	500000	1.0
contig_3274	500000	600000	2.0
contig_3274	600000	700000	1.0
contig_3274	800000	900000	3.0
contig_3274	1000000	1100000	3.0
contig_3274	1200000	1300000	4.0
contig_3274	1300000	1400000	1.0
contig_3274	1400000	1500000	1.0
contig_3274	1500000	1600000	9.0
contig_3274	1600000	1700000	4.0
contig_3274	1700000	1800000	3.0
contig_3274	1800000	1892816	3.0
contig_3275	100000	153549	2.0
contig_3276	0	100000	2.0
contig_3276	100000	200000	2.0
contig_3276	500000	600000	1.0
contig_3276	1400000	1500000	2.0
contig_3276	1500000	1600000	2.0
contig_3276	1600000	1700000	3.0
contig_3276	1700000	1800000	4.0
contig_3276	1800000	1900000	5.0
contig_3276	1900000	2000000	3.0
contig_3276	2000000	2100000	5.0
contig_3276	2100000	2200000	5.0
contig_3276	2200000	2260863	1.0
contig_3277	0	100000	1.0
contig_3277	100000	200000	4.0
contig_3277	200000	300000	5.0
contig_3277	300000	400000	6.0
contig_3277	400000	500000	1.0
contig_3277	500000	600000	3.0
contig_3277	600000	700000	3.0
contig_3277	700000	800000	3.0
contig_3277	800000	900000	1.0
contig_3277	1100000	1200000	1.0
contig_3277	1200000	1300000	1.0
contig_3277	1300000	1400000	3.0
contig_3277	1400000	1498223	5.0
contig_3278	0	100000	2.0
contig_3278	100000	200000	2.0
contig_3278	300000	400000	4.0
contig_3278	400000	500000	2.0
contig_3278	500000	600000	3.0
contig_3278	600000	700000	1.0
contig_3278	700000	800000	1.0
contig_3278	800000	900000	1.0
contig_3278	1000000	1100000	2.0
contig_3278	1300000	1400000	1.0
contig_3278	1400000	1500000	1.0
contig_3278	1800000	1900000	3.0
contig_3278	1900000	2000000	5.0
contig_3278	2000000	2071583	5.0
contig_3279	0	28899	1.0
contig_3280	100000	200000	2.0
contig_3280	300000	400000	1.0
contig_3280	500000	600000	2.0
contig_3280	600000	700000	2.0
contig_3280	700000	800000	1.0
contig_3280	800000	900000	1.0
contig_3280	900000	1000000	1.0
contig_3280	1000000	1100000	2.0
contig_3280	1200000	1300000	1.0
contig_3280	1300000	1400000	4.0
contig_3280	1400000	1500000	3.0
contig_3280	1500000	1600000	4.0
contig_3280	1600000	1700000	3.0
contig_3280	1700000	1800000	5.0
contig_3280	1800000	1900000	1.0
contig_3280	1900000	2000000	1.0
contig_3280	2000000	2100000	4.0
contig_3280	2200000	2300000	4.0
contig_3280	2300000	2400000	1.0
contig_3280	2400000	2500000	3.0
contig_3280	2500000	2504441	1.0
contig_3281	0	100000	1.0
contig_3281	100000	200000	2.0
contig_3281	200000	300000	2.0
contig_3281	300000	400000	1.0
contig_3281	400000	500000	1.0
contig_3281	500000	600000	1.0
contig_3281	600000	649817	2.0
contig_3282	0	100000	2.0
contig_3282	100000	118065	2.0
contig_3283	200000	300000	1.0
contig_3283	400000	500000	2.0
contig_3283	600000	700000	3.0
contig_3283	800000	900000	2.0
contig_3283	1000000	1100000	3.0
contig_3283	1100000	1200000	1.0
contig_3283	1200000	1300000	1.0
contig_3283	1300000	1400000	1.0
contig_3283	1800000	1900000	4.0
contig_3283	1900000	2000000	2.0
contig_3283	2000000	2100000	4.0
contig_3283	2100000	2200000	2.0
contig_3283	2200000	2300000	3.0
contig_3283	2300000	2400000	3.0
contig_3283	2400000	2500000	8.0
contig_3283	2500000	2600000	2.0
contig_3283	2600000	2700000	1.0
contig_3283	2700000	2800000	2.0
contig_3283	2800000	2900000	3.0
contig_3283	2900000	3000000	1.0
contig_3283	3000000	3100000	1.0
contig_3283	3100000	3200000	1.0
contig_3283	3200000	3300000	1.0
contig_3283	3300000	3400000	1.0
contig_3283	3400000	3445147	2.0
contig_3284	0	100000	2.0
contig_3284	200000	300000	3.0
contig_3284	400000	500000	3.0
contig_3284	500000	600000	3.0
contig_3284	600000	700000	3.0
contig_3284	700000	800000	2.0
contig_3284	800000	900000	6.0
contig_3284	900000	929392	2.0
contig_3285	0	100000	3.0
contig_3285	200000	300000	1.0
contig_3285	400000	500000	1.0
contig_3285	500000	600000	1.0
contig_3285	600000	700000	5.0
contig_3285	700000	800000	2.0
contig_3285	800000	900000	1.0
contig_3285	900000	1000000	1.0
contig_3285	1000000	1100000	8.0
contig_3285	1100000	1200000	1.0
contig_3285	1200000	1300000	1.0
contig_3285	1300000	1400000	1.0
contig_3285	1500000	1600000	1.0
contig_3285	1600000	1700000	1.0
contig_3285	1700000	1800000	1.0
contig_3285	1800000	1900000	2.0
contig_3285	1900000	2000000	2.0
contig_3285	2100000	2200000	1.0
contig_3285	2300000	2400000	2.0
contig_3285	2400000	2500000	1.0
contig_3285	2500000	2600000	2.0
contig_3285	2600000	2700000	1.0
contig_3285	2800000	2900000	2.0
contig_3285	2900000	3000000	1.0
contig_3285	3000000	3100000	3.0
contig_3285	3100000	3200000	2.0
contig_3285	3200000	3300000	4.0
contig_3285	3300000	3400000	7.0
contig_3285	3400000	3500000	4.0
contig_3285	3500000	3600000	4.0
contig_3285	3600000	3700000	3.0
contig_3285	3700000	3800000	2.0
contig_3285	3800000	3900000	1.0
contig_3285	4000000	4100000	1.0
contig_3285	4100000	4200000	3.0
contig_3285	4200000	4255121	2.0
contig_3287	0	34132	1.0
contig_3288	0	100000	2.0
contig_3288	100000	200000	3.0
contig_3288	200000	300000	1.0
contig_3288	300000	400000	5.0
contig_3288	400000	500000	2.0
contig_3288	500000	600000	2.0
contig_3288	600000	700000	2.0
contig_3288	700000	800000	1.0
contig_3288	800000	900000	2.0
contig_3288	900000	1000000	2.0
contig_3288	1000000	1100000	4.0
contig_3288	1100000	1177426	4.0
contig_3289	0	100000	2.0
contig_3289	100000	138275	2.0
contig_3290	0	100000	4.0
contig_3291	0	100000	2.0
contig_3291	100000	103127	1.0
contig_3292	0	100000	1.0
contig_3292	100000	200000	4.0
contig_3292	300000	400000	1.0
contig_3292	400000	500000	1.0
contig_3292	500000	600000	6.0
contig_3292	600000	700000	1.0
contig_3292	700000	800000	8.0
contig_3292	800000	900000	3.0
contig_3292	900000	1000000	3.0
contig_3292	1000000	1100000	1.0
contig_3292	1100000	1200000	4.0
contig_3292	1200000	1300000	3.0
contig_3292	1300000	1400000	6.0
contig_3292	1400000	1421887	1.0
contig_3293	0	84469	5.0
contig_3294	0	100000	1.0
contig_3294	100000	105990	1.0
contig_3295	0	100000	1.0
contig_3295	400000	500000	1.0
contig_3295	500000	600000	3.0
contig_3295	600000	700000	1.0
contig_3295	700000	800000	2.0
contig_3295	800000	900000	1.0
contig_3295	900000	1000000	2.0
contig_3295	1000000	1100000	1.0
contig_3295	1100000	1200000	1.0
contig_3295	1200000	1300000	1.0
contig_3295	1300000	1400000	1.0
contig_3295	1400000	1500000	8.0
contig_3295	1500000	1600000	2.0
contig_3295	1600000	1700000	4.0
contig_3295	1700000	1800000	1.0
contig_3295	2200000	2300000	4.0
contig_3295	2300000	2400000	2.0
contig_3295	2400000	2500000	7.0
contig_3295	2500000	2600000	3.0
contig_3295	2600000	2700000	7.0
contig_3295	2700000	2800000	6.0
contig_3295	2800000	2900000	3.0
contig_3295	2900000	3000000	4.0
contig_3295	3000000	3100000	4.0
contig_3295	3100000	3200000	1.0
contig_3295	3200000	3300000	5.0
contig_3295	3300000	3400000	1.0
contig_3295	3400000	3500000	8.0
contig_3295	3500000	3600000	1.0
contig_3295	3600000	3700000	2.0
contig_3295	3700000	3800000	2.0
contig_3295	4000000	4100000	1.0
contig_3295	4100000	4200000	1.0
contig_3295	4200000	4300000	2.0
contig_3295	4300000	4400000	9.0
contig_3295	4400000	4431165	7.0
contig_3296	0	100000	1.0
contig_3296	200000	212586	1.0
contig_3297	0	100000	4.0
contig_3297	100000	200000	3.0
contig_3297	200000	228575	1.0
contig_3298	0	100000	7.0
contig_3298	100000	200000	2.0
contig_3298	200000	300000	1.0
contig_3298	300000	400000	2.0
contig_3298	400000	500000	1.0
contig_3298	500000	600000	4.0
contig_3298	600000	700000	1.0
contig_3298	700000	800000	5.0
contig_3298	800000	900000	1.0
contig_3298	900000	1000000	1.0
contig_3298	1000000	1100000	1.0
contig_3298	1200000	1300000	1.0
contig_3298	1300000	1400000	2.0
contig_3298	1400000	1500000	2.0
contig_3298	1500000	1600000	1.0
contig_3298	1600000	1700000	6.0
contig_3298	1700000	1800000	1.0
contig_3298	1800000	1900000	3.0
contig_3298	1900000	2000000	2.0
contig_3298	2000000	2100000	1.0
contig_3298	2100000	2200000	2.0
contig_3298	2200000	2300000	2.0
contig_3298	2300000	2400000	6.0
contig_3298	2400000	2500000	5.0
contig_3298	2500000	2600000	1.0
contig_3298	2600000	2700000	1.0
contig_3298	2800000	2900000	1.0
contig_3298	2900000	3000000	1.0
contig_3298	3000000	3100000	1.0
contig_3298	3100000	3200000	4.0
contig_3298	3200000	3300000	4.0
contig_3298	3300000	3400000	2.0
contig_3298	3400000	3500000	4.0
contig_3298	3500000	3600000	9.0
contig_3298	3600000	3700000	1.0
contig_3298	3800000	3900000	1.0
contig_3298	3900000	4000000	7.0
contig_3298	4000000	4098044	4.0
contig_3299	0	100000	3.0
contig_3299	300000	400000	4.0
contig_3299	400000	500000	1.0
contig_3299	500000	600000	1.0
contig_3299	600000	681168	2.0
contig_3300	0	100000	5.0
contig_3300	100000	109273	1.0
contig_3301	0	100000	1.0
contig_3301	100000	200000	1.0
contig_3301	400000	500000	1.0
contig_3301	500000	600000	1.0
contig_3302	0	100000	3.0
contig_3302	100000	200000	1.0
contig_3302	300000	400000	1.0
contig_3302	400000	500000	1.0
contig_3302	700000	800000	1.0
contig_3302	1100000	1200000	1.0
contig_3302	1200000	1300000	1.0
contig_3302	1300000	1400000	2.0
contig_3302	1400000	1446402	1.0
contig_3303	0	100000	4.0
contig_3303	100000	196038	7.0
contig_3304	0	100000	1.0
contig_3305	0	100000	4.0
contig_3305	100000	106681	2.0
contig_3307	100000	200000	1.0
contig_3307	200000	236936	1.0
contig_3308	0	100000	1.0
contig_3308	100000	200000	3.0
contig_3308	200000	300000	1.0
contig_3308	300000	400000	7.0
contig_3308	400000	500000	1.0
contig_3308	500000	600000	2.0
contig_3308	600000	700000	1.0
contig_3308	700000	800000	3.0
contig_3308	800000	900000	4.0
contig_3308	900000	1000000	2.0
contig_3308	1000000	1100000	4.0
contig_3308	1100000	1200000	1.0
contig_3308	1200000	1300000	3.0
contig_3308	1300000	1400000	1.0
contig_3308	1400000	1500000	2.0
contig_3308	1500000	1600000	1.0
contig_3308	1600000	1700000	1.0
contig_3308	1700000	1768871	3.0
contig_3309	0	100000	3.0
contig_3309	100000	200000	4.0
contig_3309	300000	400000	7.0
contig_3309	400000	500000	15.0
contig_3309	500000	600000	9.0
contig_3309	600000	700000	2.0
contig_3309	700000	800000	1.0
contig_3309	800000	900000	1.0
contig_3309	900000	1000000	2.0
contig_3309	1100000	1200000	2.0
contig_3309	1300000	1400000	3.0
contig_3309	1600000	1700000	1.0
contig_3309	1700000	1800000	1.0
contig_3309	1800000	1900000	3.0
contig_3309	1900000	2000000	1.0
contig_3309	2000000	2100000	4.0
contig_3309	2100000	2200000	3.0
contig_3309	2200000	2222978	1.0
contig_3310	0	100000	1.0
contig_3310	100000	114167	1.0
contig_3311	0	100000	6.0
contig_3311	100000	200000	4.0
contig_3311	200000	300000	4.0
contig_3311	300000	400000	2.0
contig_3311	400000	500000	4.0
contig_3311	500000	600000	3.0
contig_3311	600000	620843	1.0
contig_3312	0	100000	2.0
contig_3312	100000	120446	1.0
contig_3313	100000	113985	1.0
contig_3314	0	100000	2.0
contig_3314	100000	200000	2.0
contig_3314	200000	300000	3.0
contig_3314	300000	400000	4.0
contig_3314	400000	407396	1.0
contig_3315	200000	300000	2.0
contig_3315	300000	400000	3.0
contig_3315	400000	500000	3.0
contig_3315	500000	600000	5.0
contig_3315	600000	700000	2.0
contig_3315	700000	800000	2.0
contig_3315	800000	900000	4.0
contig_3315	900000	1000000	1.0
contig_3315	1000000	1100000	6.0
contig_3315	1300000	1400000	1.0
contig_3315	1400000	1495233	1.0
contig_3316	0	100000	2.0
contig_3316	100000	200000	1.0
contig_3316	400000	500000	4.0
contig_3316	500000	600000	2.0
contig_3316	600000	700000	1.0
contig_3316	700000	800000	2.0
contig_3316	800000	900000	2.0
contig_3316	1200000	1300000	1.0
contig_3316	1300000	1400000	1.0
contig_3316	1400000	1500000	1.0
contig_3316	1500000	1600000	5.0
contig_3316	1600000	1700000	9.0
contig_3316	1700000	1800000	5.0
contig_3316	1800000	1900000	9.0
contig_3316	1900000	2000000	6.0
contig_3316	2000000	2100000	4.0
contig_3316	2200000	2300000	1.0
contig_3317	100000	200000	2.0
contig_3317	300000	360725	5.0
contig_3318	100000	200000	1.0
contig_3318	300000	400000	2.0
contig_3318	400000	500000	2.0
contig_3318	500000	600000	3.0
contig_3318	600000	700000	1.0
contig_3318	800000	900000	3.0
contig_3318	900000	1000000	8.0
contig_3318	1000000	1100000	11.0
contig_3318	1100000	1200000	3.0
contig_3318	1200000	1300000	5.0
contig_3318	1300000	1400000	5.0
contig_3318	1400000	1500000	4.0
contig_3318	1500000	1600000	7.0
contig_3318	1600000	1700000	7.0
contig_3318	1700000	1800000	6.0
contig_3318	1800000	1900000	7.0
contig_3318	1900000	2000000	2.0
contig_3318	2000000	2091072	6.0
contig_3319	0	14237	3.0
contig_3321	0	100000	2.0
contig_3321	100000	200000	1.0
contig_3321	200000	300000	3.0
contig_3321	300000	358533	3.0
contig_3322	0	100000	1.0
contig_3322	200000	300000	1.0
contig_3322	300000	400000	2.0
contig_3322	500000	600000	2.0
contig_3322	600000	700000	1.0
contig_3322	700000	800000	2.0
contig_3322	800000	900000	1.0
contig_3322	900000	1000000	2.0
contig_3322	1000000	1100000	1.0
contig_3322	1100000	1200000	2.0
contig_3322	1200000	1300000	4.0
contig_3322	1300000	1400000	2.0
contig_3322	1400000	1500000	4.0
contig_3322	1500000	1600000	2.0
contig_3322	1600000	1700000	2.0
contig_3322	1800000	1900000	2.0
contig_3322	1900000	2000000	2.0
contig_3322	2000000	2100000	1.0
contig_3322	2100000	2200000	4.0
contig_3322	2200000	2300000	3.0
contig_3322	2300000	2400000	2.0
contig_3322	2400000	2500000	2.0
contig_3322	2500000	2600000	2.0
contig_3322	2900000	3000000	2.0
contig_3322	3000000	3100000	2.0
contig_3322	3100000	3200000	3.0
contig_3322	3200000	3300000	1.0
contig_3322	3300000	3400000	1.0
contig_3322	3500000	3600000	1.0
contig_3322	3600000	3700000	2.0
contig_3322	3700000	3800000	2.0
contig_3322	3800000	3900000	2.0
contig_3322	3900000	4000000	5.0
contig_3322	4000000	4100000	3.0
contig_3322	4100000	4200000	3.0
contig_3322	4200000	4300000	2.0
contig_3322	4600000	4700000	5.0
contig_3322	4700000	4800000	1.0
contig_3322	4800000	4900000	2.0
contig_3322	4900000	5000000	3.0
contig_3322	5000000	5100000	2.0
contig_3322	5100000	5200000	3.0
contig_3322	5200000	5300000	2.0
contig_3322	5300000	5375690	5.0
contig_3323	0	77709	5.0
contig_3324	0	100000	6.0
contig_3324	100000	200000	2.0
contig_3324	400000	500000	2.0
contig_3324	500000	600000	2.0
contig_3324	600000	700000	3.0
contig_3324	700000	800000	2.0
contig_3324	900000	1000000	5.0
contig_3324	1000000	1100000	1.0
contig_3324	1100000	1200000	3.0
contig_3324	1200000	1300000	1.0
contig_3324	1300000	1400000	2.0
contig_3324	1400000	1500000	3.0
contig_3324	1500000	1600000	3.0
contig_3324	1600000	1700000	3.0
contig_3325	0	100000	2.0
contig_3325	100000	186038	3.0
contig_3326	0	100000	3.0
contig_3326	100000	200000	5.0
contig_3326	200000	300000	3.0
contig_3326	300000	400000	1.0
contig_3326	400000	500000	3.0
contig_3326	500000	600000	2.0
contig_3326	600000	700000	2.0
contig_3326	700000	800000	3.0
contig_3326	800000	900000	2.0
contig_3326	900000	1000000	2.0
contig_3326	1000000	1100000	2.0
contig_3326	1100000	1200000	2.0
contig_3326	1200000	1209753	1.0
contig_3327	0	100000	1.0
contig_3327	100000	200000	1.0
contig_3327	400000	500000	1.0
contig_3327	600000	700000	1.0
contig_3327	800000	900000	1.0
contig_3327	1000000	1100000	1.0
contig_3327	1100000	1200000	1.0
contig_3327	1300000	1400000	3.0
contig_3327	1400000	1500000	2.0
contig_3327	1500000	1600000	5.0
contig_3327	1600000	1700000	2.0
contig_3327	1700000	1800000	2.0
contig_3327	1800000	1900000	2.0
contig_3327	1900000	2000000	1.0
contig_3327	2000000	2100000	4.0
contig_3327	2100000	2143379	1.0
contig_3328	200000	300000	3.0
contig_3328	300000	400000	2.0
contig_3329	100000	150046	2.0
contig_3330	0	100000	4.0
contig_3330	100000	200000	8.0
contig_3330	300000	400000	1.0
contig_3330	400000	477929	3.0
contig_3331	0	100000	3.0
contig_3331	200000	300000	1.0
contig_3331	300000	322740	1.0
contig_3332	0	100000	3.0
contig_3332	200000	300000	2.0
contig_3332	300000	400000	7.0
contig_3332	400000	500000	1.0
contig_3332	700000	800000	1.0
contig_3332	800000	900000	1.0
contig_3332	900000	1000000	1.0
contig_3332	1000000	1100000	2.0
contig_3332	1100000	1200000	1.0
contig_3332	1200000	1300000	1.0
contig_3332	1300000	1400000	1.0
contig_3332	1400000	1500000	4.0
contig_3332	1500000	1600000	4.0
contig_3332	1600000	1700000	4.0
contig_3332	1700000	1800000	1.0
contig_3332	1800000	1900000	1.0
contig_3332	1900000	2000000	4.0
contig_3332	2000000	2100000	3.0
contig_3332	2100000	2200000	2.0
contig_3332	2200000	2300000	2.0
contig_3332	2300000	2400000	1.0
contig_3332	2400000	2500000	1.0
contig_3332	2500000	2600000	1.0
contig_3332	2700000	2800000	1.0
contig_3332	2800000	2900000	1.0
contig_3332	2900000	3000000	3.0
contig_3332	3000000	3100000	3.0
contig_3332	3200000	3300000	3.0
contig_3332	3300000	3400000	7.0
contig_3332	3400000	3428489	3.0
contig_3333	0	100000	2.0
contig_3333	100000	138756	1.0
contig_3334	0	16973	1.0
contig_3335	0	100000	1.0
contig_3335	100000	200000	2.0
contig_3335	200000	300000	1.0
contig_3335	300000	315003	2.0
contig_3336	0	93732	5.0
contig_3337	100000	200000	1.0
contig_3337	200000	300000	3.0
contig_3337	300000	400000	4.0
contig_3338	0	100000	3.0
contig_3338	100000	200000	4.0
contig_3338	300000	400000	3.0
contig_3338	400000	500000	4.0
contig_3338	500000	600000	3.0
contig_3338	700000	800000	2.0
contig_3338	800000	900000	1.0
contig_3338	900000	1000000	2.0
contig_3338	1000000	1100000	9.0
contig_3338	1100000	1200000	5.0
contig_3338	1200000	1300000	4.0
contig_3338	1300000	1400000	3.0
contig_3338	1400000	1500000	2.0
contig_3338	1500000	1600000	7.0
contig_3338	1600000	1700000	1.0
contig_3338	1700000	1800000	2.0
contig_3338	1800000	1900000	1.0
contig_3338	1900000	2000000	1.0
contig_3338	2000000	2100000	2.0
contig_3338	2100000	2200000	6.0
contig_3338	2200000	2300000	2.0
contig_3338	2300000	2400000	2.0
contig_3338	2400000	2500000	2.0
contig_3338	2500000	2600000	1.0
contig_3338	2600000	2700000	2.0
contig_3338	2700000	2800000	1.0
contig_3338	2900000	3000000	2.0
contig_3338	3000000	3034650	1.0
contig_3339	0	100000	3.0
contig_3339	100000	200000	3.0
contig_3339	200000	300000	6.0
contig_3339	300000	400000	4.0
contig_3339	400000	500000	6.0
contig_3339	500000	600000	2.0
contig_3339	600000	700000	1.0
contig_3339	700000	800000	5.0
contig_3339	800000	900000	3.0
contig_3339	900000	1000000	1.0
contig_3339	1000000	1100000	1.0
contig_3339	1100000	1200000	2.0
contig_3339	1200000	1300000	1.0
contig_3339	1400000	1500000	1.0
contig_3339	1600000	1700000	1.0
contig_3339	1700000	1800000	2.0
contig_3339	1800000	1900000	2.0
contig_3339	1900000	2000000	5.0
contig_3339	2000000	2022427	1.0
contig_3340	100000	200000	3.0
contig_3340	200000	300000	6.0
contig_3340	300000	400000	1.0
contig_3340	400000	500000	1.0
contig_3340	700000	800000	1.0
contig_3340	900000	1000000	3.0
contig_3340	1000000	1100000	3.0
contig_3340	1100000	1200000	1.0
contig_3340	1200000	1300000	6.0
contig_3340	1300000	1400000	1.0
contig_3340	1400000	1500000	1.0
contig_3340	1500000	1600000	2.0
contig_3340	1600000	1693742	2.0
contig_3341	100000	200000	1.0
contig_3341	400000	500000	1.0
contig_3341	500000	600000	2.0
contig_3342	0	100000	1.0
contig_3342	100000	139164	1.0
contig_3343	0	100000	4.0
contig_3343	100000	200000	3.0
contig_3343	200000	300000	1.0
contig_3343	300000	400000	2.0
contig_3343	500000	600000	1.0
contig_3343	600000	700000	6.0
contig_3343	700000	800000	2.0
contig_3343	1000000	1095652	5.0
contig_3344	0	100000	1.0
contig_3344	200000	252137	1.0
contig_3345	0	100000	5.0
contig_3345	100000	200000	5.0
contig_3345	200000	300000	1.0
contig_3345	300000	400000	1.0
contig_3345	400000	500000	1.0
contig_3345	600000	700000	2.0
contig_3345	700000	800000	1.0
contig_3345	800000	900000	1.0
contig_3345	900000	1000000	1.0
contig_3345	1000000	1100000	2.0
contig_3345	1100000	1200000	4.0
contig_3345	1200000	1300000	3.0
contig_3345	1300000	1400000	1.0
contig_3345	1400000	1500000	1.0
contig_3345	1500000	1600000	4.0
contig_3345	1600000	1700000	1.0
contig_3345	1700000	1800000	1.0
contig_3345	1800000	1900000	1.0
contig_3345	1900000	2000000	5.0
contig_3345	2000000	2100000	2.0
contig_3345	2200000	2300000	1.0
contig_3345	2300000	2400000	4.0
contig_3345	2400000	2500000	6.0
contig_3345	2500000	2600000	1.0
contig_3345	2600000	2700000	2.0
contig_3345	2800000	2900000	1.0
contig_3345	3000000	3100000	4.0
contig_3345	3100000	3200000	1.0
contig_3345	3200000	3300000	2.0
contig_3345	3300000	3400000	10.0
contig_3345	3400000	3438283	1.0
contig_3346	0	100000	5.0
contig_3346	100000	200000	3.0
contig_3346	200000	300000	2.0
contig_3346	300000	400000	4.0
contig_3346	400000	500000	2.0
contig_3346	500000	600000	2.0
contig_3346	600000	700000	5.0
contig_3346	700000	800000	3.0
contig_3346	800000	900000	1.0
contig_3346	1100000	1200000	2.0
contig_3346	1200000	1300000	1.0
contig_3346	1400000	1500000	1.0
contig_3346	1500000	1600000	2.0
contig_3346	1600000	1700000	4.0
contig_3346	1700000	1800000	5.0
contig_3346	1800000	1900000	8.0
contig_3346	1900000	2000000	3.0
contig_3346	2000000	2100000	3.0
contig_3346	2100000	2200000	4.0
contig_3346	2200000	2300000	2.0
contig_3346	2300000	2400000	3.0
contig_3346	2400000	2500000	1.0
contig_3346	2500000	2600000	5.0
contig_3346	2700000	2800000	2.0
contig_3346	2900000	3000000	1.0
contig_3346	3200000	3276392	3.0
contig_3347	0	100000	1.0
contig_3347	100000	196028	2.0
contig_3349	0	100000	3.0
contig_3349	100000	200000	5.0
contig_3349	200000	300000	3.0
contig_3349	300000	400000	3.0
contig_3349	400000	500000	1.0
contig_3349	500000	600000	1.0
contig_3349	600000	700000	2.0
contig_3349	700000	800000	1.0
contig_3349	800000	900000	1.0
contig_3349	1000000	1100000	4.0
contig_3349	1100000	1200000	2.0
contig_3349	1200000	1300000	2.0
contig_3349	1300000	1400000	1.0
contig_3349	1400000	1500000	2.0
contig_3349	1500000	1600000	2.0
contig_3349	1600000	1700000	1.0
contig_3349	1700000	1800000	2.0
contig_3349	1800000	1900000	2.0
contig_3349	1900000	2000000	1.0
contig_3349	2000000	2100000	1.0
contig_3349	2100000	2200000	1.0
contig_3349	2200000	2300000	4.0
contig_3349	2300000	2400000	1.0
contig_3349	2400000	2500000	10.0
contig_3349	2700000	2800000	3.0
contig_3349	2800000	2900000	3.0
contig_3349	2900000	3000000	1.0
contig_3349	3000000	3100000	3.0
contig_3349	3100000	3200000	8.0
contig_3349	3300000	3400000	1.0
contig_3349	3400000	3500000	1.0
contig_3349	3500000	3600000	2.0
contig_3349	3600000	3700000	4.0
contig_3349	3700000	3800000	2.0
contig_3349	3800000	3900000	4.0
contig_3349	3900000	4000000	4.0
contig_3349	4000000	4100000	7.0
contig_3349	4100000	4200000	3.0
contig_3349	4400000	4500000	1.0
contig_3349	4500000	4600000	8.0
contig_3349	4600000	4700000	5.0
contig_3349	4700000	4800000	3.0
contig_3349	4800000	4872648	3.0
contig_3350	0	100000	2.0
contig_3350	100000	200000	3.0
contig_3350	200000	213914	1.0
contig_3351	0	100000	1.0
contig_3351	300000	321035	1.0
contig_3352	0	100000	2.0
contig_3352	300000	322743	1.0
contig_3353	100000	200000	2.0
contig_3353	200000	300000	3.0
contig_3353	300000	400000	5.0
contig_3353	400000	500000	2.0
contig_3353	600000	700000	1.0
contig_3353	700000	800000	4.0
contig_3353	900000	963675	2.0
contig_3354	0	100000	3.0
contig_3354	100000	200000	7.0
contig_3354	200000	223924	1.0
contig_3355	0	100000	6.0
contig_3355	100000	200000	2.0
contig_3355	200000	300000	2.0
contig_3355	300000	400000	4.0
contig_3355	400000	500000	6.0
contig_3355	500000	600000	5.0
contig_3355	600000	615463	1.0
contig_3356	0	34782	3.0
contig_3358	0	100000	4.0
contig_3358	100000	200000	3.0
contig_3358	200000	300000	5.0
contig_3358	300000	400000	2.0
contig_3358	400000	500000	4.0
contig_3358	500000	600000	6.0
contig_3358	600000	700000	5.0
contig_3358	700000	800000	3.0
contig_3358	800000	900000	4.0
contig_3358	900000	942149	1.0
contig_3359	0	100000	4.0
contig_3359	100000	102170	2.0
contig_3360	100000	149954	1.0
contig_3361	0	97932	1.0
contig_3362	0	100000	2.0
contig_3362	100000	154805	1.0
contig_3363	100000	145315	1.0
contig_3364	100000	200000	1.0
contig_3365	0	100000	2.0
contig_3365	100000	133933	2.0
contig_3366	0	100000	1.0
contig_3366	100000	200000	2.0
contig_3366	300000	400000	2.0
contig_3366	400000	500000	3.0
contig_3366	500000	600000	3.0
contig_3366	600000	700000	1.0
contig_3366	700000	800000	2.0
contig_3366	800000	900000	1.0
contig_3366	900000	1000000	4.0
contig_3366	1000000	1100000	3.0
contig_3366	1100000	1200000	4.0
contig_3366	1200000	1300000	7.0
contig_3366	1300000	1400000	2.0
contig_3366	1400000	1413796	1.0
contig_3367	0	100000	3.0
contig_3367	200000	300000	1.0
contig_3367	300000	311707	2.0
contig_3368	0	100000	1.0
contig_3368	100000	200000	1.0
contig_3368	200000	300000	6.0
contig_3368	300000	400000	1.0
contig_3369	0	100000	1.0
contig_3369	100000	200000	1.0
contig_3369	200000	300000	1.0
contig_3369	300000	400000	4.0
contig_3369	500000	600000	1.0
contig_3369	600000	700000	2.0
contig_3369	700000	800000	2.0
contig_3369	800000	900000	2.0
contig_3369	1000000	1100000	2.0
contig_3369	1300000	1400000	1.0
contig_3369	1400000	1500000	1.0
contig_3369	1500000	1600000	1.0
contig_3369	1600000	1700000	2.0
contig_3369	1700000	1800000	1.0
contig_3369	1900000	1963605	1.0
contig_3370	0	100000	11.0
contig_3370	100000	200000	1.0
contig_3370	300000	400000	1.0
contig_3370	400000	500000	4.0
contig_3370	500000	600000	1.0
contig_3370	700000	800000	1.0
contig_3370	1100000	1200000	1.0
contig_3370	1300000	1400000	1.0
contig_3370	1400000	1500000	4.0
contig_3370	1500000	1600000	3.0
contig_3370	1600000	1700000	13.0
contig_3370	1700000	1800000	4.0
contig_3370	1800000	1900000	4.0
contig_3370	1900000	2000000	6.0
contig_3370	2000000	2100000	12.0
contig_3370	2100000	2200000	2.0
contig_3370	2300000	2400000	1.0
contig_3370	2500000	2600000	1.0
contig_3370	2600000	2700000	2.0
contig_3370	2700000	2800000	1.0
contig_3370	2800000	2900000	2.0
contig_3370	3100000	3200000	1.0
contig_3370	3200000	3300000	5.0
contig_3370	3300000	3400000	1.0
contig_3370	3600000	3700000	1.0
contig_3370	3800000	3874453	4.0
contig_3371	0	100000	4.0
contig_3371	100000	200000	4.0
contig_3371	200000	300000	2.0
contig_3371	300000	400000	1.0
contig_3371	400000	500000	3.0
contig_3371	500000	600000	6.0
contig_3371	600000	700000	6.0
contig_3371	700000	800000	4.0
contig_3371	800000	883793	4.0
contig_3372	100000	200000	1.0
contig_3372	200000	300000	3.0
contig_3372	400000	500000	1.0
contig_3372	500000	600000	3.0
contig_3372	600000	700000	3.0
contig_3372	700000	800000	3.0
contig_3372	800000	900000	4.0
contig_3372	900000	1000000	2.0
contig_3373	0	83801	2.0
contig_3374	100000	200000	2.0
contig_3374	200000	300000	1.0
contig_3374	300000	400000	2.0
contig_3374	500000	600000	2.0
contig_3374	600000	700000	4.0
contig_3374	700000	800000	2.0
contig_3374	800000	900000	4.0
contig_3374	900000	1000000	2.0
contig_3374	1000000	1100000	1.0
contig_3374	1100000	1200000	5.0
contig_3374	1200000	1300000	1.0
contig_3374	1300000	1400000	4.0
contig_3374	1400000	1500000	2.0
contig_3374	1600000	1700000	1.0
contig_3374	1800000	1900000	4.0
contig_3374	2000000	2100000	7.0
contig_3374	2100000	2200000	3.0
contig_3374	2200000	2300000	1.0
contig_3374	2300000	2400000	1.0
contig_3374	2400000	2500000	2.0
contig_3374	2500000	2600000	2.0
contig_3374	2600000	2700000	4.0
contig_3374	2700000	2771108	4.0
contig_3375	0	100000	1.0
contig_3375	100000	200000	4.0
contig_3375	200000	300000	2.0
contig_3375	300000	400000	3.0
contig_3375	400000	500000	2.0
contig_3375	500000	600000	1.0
contig_3375	600000	645632	2.0
contig_3376	0	100000	2.0
contig_3376	100000	200000	4.0
contig_3376	200000	300000	5.0
contig_3376	300000	400000	3.0
contig_3376	400000	500000	1.0
contig_3376	500000	600000	2.0
contig_3376	600000	700000	5.0
contig_3376	700000	800000	2.0
contig_3376	800000	900000	3.0
contig_3376	900000	1000000	7.0
contig_3376	1000000	1100000	2.0
contig_3376	1100000	1200000	5.0
contig_3376	1200000	1259409	6.0
contig_3377	0	100000	1.0
contig_3377	100000	141117	1.0
contig_3378	0	100000	2.0
contig_3378	100000	200000	1.0
contig_3378	200000	300000	7.0
contig_3378	300000	400000	2.0
contig_3378	400000	500000	2.0
contig_3378	500000	600000	2.0
contig_3378	600000	694089	4.0
contig_3379	0	100000	6.0
contig_3379	200000	300000	3.0
contig_3379	300000	400000	1.0
contig_3379	400000	500000	2.0
contig_3379	600000	700000	4.0
contig_3379	800000	900000	1.0
contig_3379	900000	1000000	4.0
contig_3379	1000000	1100000	3.0
contig_3379	1100000	1200000	1.0
contig_3379	1200000	1300000	1.0
contig_3379	1800000	1900000	1.0
contig_3379	1900000	2000000	1.0
contig_3379	2100000	2200000	3.0
contig_3379	2200000	2300000	3.0
contig_3379	2300000	2400000	2.0
contig_3380	0	100000	7.0
contig_3380	100000	200000	1.0
contig_3380	200000	300000	4.0
contig_3380	300000	400000	1.0
contig_3380	400000	480186	1.0
contig_3381	0	100000	3.0
contig_3381	100000	200000	2.0
contig_3381	200000	289334	1.0
contig_3382	0	70308	1.0
contig_3383	0	100000	2.0
contig_3383	100000	127944	1.0
contig_3384	0	100000	8.0
contig_3384	100000	142152	1.0
contig_3385	0	100000	2.0
contig_3385	100000	200000	1.0
contig_3385	200000	300000	1.0
contig_3385	500000	600000	1.0
contig_3385	600000	700000	1.0
contig_3385	700000	800000	4.0
contig_3385	800000	900000	2.0
contig_3385	900000	965372	2.0
contig_3386	0	100000	4.0
contig_3386	100000	200000	6.0
contig_3386	200000	290023	5.0
contig_3387	0	100000	5.0
contig_3387	100000	122619	1.0
contig_3388	0	100000	1.0
contig_3388	100000	200000	6.0
contig_3388	400000	500000	3.0
contig_3388	500000	600000	5.0
contig_3388	600000	700000	1.0
contig_3388	700000	800000	2.0
contig_3388	800000	900000	1.0
contig_3388	900000	1000000	4.0
contig_3388	1000000	1100000	3.0
contig_3388	1100000	1200000	2.0
contig_3388	1300000	1400000	1.0
contig_3388	1400000	1499927	1.0
contig_3389	0	100000	3.0
contig_3389	100000	200000	2.0
contig_3389	200000	300000	2.0
contig_3389	300000	400000	1.0
contig_3389	400000	500000	2.0
contig_3389	500000	600000	2.0
contig_3389	600000	700000	2.0
contig_3389	700000	800000	2.0
contig_3389	800000	900000	2.0
contig_3389	900000	1000000	1.0
contig_3389	1000000	1100000	1.0
contig_3389	1100000	1200000	3.0
contig_3389	1400000	1489109	2.0
contig_3390	0	100000	2.0
contig_3390	100000	110340	2.0
contig_3391	0	100000	1.0
contig_3391	200000	300000	1.0
contig_3391	300000	400000	1.0
contig_3391	500000	600000	1.0
contig_3391	600000	700000	1.0
contig_3391	700000	800000	3.0
contig_3391	800000	900000	2.0
contig_3391	1000000	1100000	2.0
contig_3391	1100000	1200000	1.0
contig_3391	1200000	1300000	4.0
contig_3391	1300000	1400000	1.0
contig_3391	1400000	1500000	2.0
contig_3391	1500000	1600000	4.0
contig_3391	1600000	1700000	1.0
contig_3391	1700000	1800000	2.0
contig_3391	2000000	2100000	1.0
contig_3391	2100000	2200000	3.0
contig_3391	2200000	2300000	4.0
contig_3391	2300000	2400000	1.0
contig_3391	2400000	2500000	1.0
contig_3391	2500000	2600000	1.0
contig_3391	2600000	2700000	1.0
contig_3391	2700000	2800000	2.0
contig_3391	2800000	2900000	4.0
contig_3391	2900000	3000000	2.0
contig_3391	3000000	3100000	1.0
contig_3391	3100000	3200000	2.0
contig_3391	3200000	3300000	1.0
contig_3391	3300000	3400000	2.0
contig_3391	3400000	3452846	1.0
contig_3392	200000	300000	2.0
contig_3392	300000	400000	2.0
contig_3392	400000	473148	1.0
contig_3393	0	100000	2.0
contig_3393	100000	200000	2.0
contig_3393	200000	300000	2.0
contig_3393	300000	400000	3.0
contig_3393	400000	500000	3.0
contig_3393	500000	600000	6.0
contig_3393	600000	700000	6.0
contig_3393	700000	800000	2.0
contig_3393	800000	900000	1.0
contig_3393	900000	1000000	2.0
contig_3393	1000000	1100000	3.0
contig_3393	1100000	1200000	4.0
contig_3393	1200000	1240996	1.0
contig_3394	0	100000	3.0
contig_3394	100000	103835	2.0
contig_3395	0	100000	1.0
contig_3395	100000	108016	1.0
contig_3396	0	74367	2.0
contig_3397	0	100000	1.0
contig_3397	300000	400000	1.0
contig_3397	400000	500000	2.0
contig_3397	600000	700000	1.0
contig_3397	700000	800000	1.0
contig_3397	800000	900000	2.0
contig_3397	900000	1000000	4.0
contig_3397	1000000	1100000	4.0
contig_3397	1100000	1200000	2.0
contig_3397	1200000	1251381	3.0
contig_3398	0	100000	3.0
contig_3398	100000	200000	2.0
contig_3398	200000	300000	3.0
contig_3398	500000	600000	2.0
contig_3398	600000	700000	2.0
contig_3398	700000	800000	4.0
contig_3398	800000	900000	1.0
contig_3398	900000	1000000	3.0
contig_3398	1000000	1100000	3.0
contig_3398	1100000	1200000	2.0
contig_3398	1300000	1400000	1.0
contig_3398	1600000	1700000	1.0
contig_3398	1700000	1800000	1.0
contig_3398	2100000	2200000	6.0
contig_3398	2200000	2300000	1.0
contig_3398	2500000	2600000	2.0
contig_3398	2700000	2800000	3.0
contig_3398	2800000	2900000	3.0
contig_3398	3000000	3100000	1.0
contig_3398	3100000	3200000	4.0
contig_3398	3200000	3300000	4.0
contig_3398	3500000	3584221	1.0
contig_3399	0	100000	5.0
contig_3399	100000	200000	2.0
contig_3399	200000	250676	1.0
contig_3400	0	100000	2.0
contig_3400	100000	200000	1.0
contig_3400	200000	300000	2.0
contig_3400	300000	400000	2.0
contig_3400	400000	500000	1.0
contig_3400	500000	600000	2.0
contig_3400	600000	700000	2.0
contig_3400	700000	800000	5.0
contig_3400	1000000	1100000	1.0
contig_3400	1100000	1200000	3.0
contig_3400	1200000	1300000	2.0
contig_3400	1300000	1400000	1.0
contig_3400	1400000	1500000	2.0
contig_3400	1500000	1561132	2.0
contig_3401	0	100000	5.0
contig_3401	200000	300000	4.0
contig_3401	400000	500000	1.0
contig_3401	500000	600000	2.0
contig_3401	600000	700000	1.0
contig_3401	700000	760341	2.0
contig_3402	0	100000	1.0
contig_3402	100000	200000	1.0
contig_3402	200000	300000	3.0
contig_3402	300000	400000	2.0
contig_3402	400000	500000	8.0
contig_3402	500000	600000	4.0
contig_3402	600000	700000	1.0
contig_3402	700000	800000	2.0
contig_3402	800000	900000	1.0
contig_3402	900000	1000000	1.0
contig_3402	1000000	1100000	1.0
contig_3402	1100000	1200000	1.0
contig_3402	1200000	1300000	1.0
contig_3402	1300000	1400000	3.0
contig_3402	1400000	1500000	2.0
contig_3402	1600000	1700000	1.0
contig_3402	1700000	1800000	4.0
contig_3402	1800000	1900000	6.0
contig_3402	1900000	2000000	4.0
contig_3402	2000000	2100000	3.0
contig_3402	2100000	2200000	1.0
contig_3402	2200000	2300000	2.0
contig_3402	2300000	2400000	5.0
contig_3402	2400000	2478868	4.0
contig_3403	0	100000	7.0
contig_3403	100000	185918	6.0
contig_3404	0	100000	2.0
contig_3404	100000	200000	1.0
contig_3404	500000	600000	4.0
contig_3404	600000	700000	1.0
contig_3404	800000	900000	1.0
contig_3404	1000000	1100000	1.0
contig_3404	1200000	1290470	6.0
contig_3405	0	100000	7.0
contig_3405	100000	200000	6.0
contig_3405	200000	300000	2.0
contig_3405	300000	400000	1.0
contig_3405	400000	500000	3.0
contig_3405	500000	600000	3.0
contig_3405	600000	700000	3.0
contig_3405	700000	800000	2.0
contig_3405	800000	900000	3.0
contig_3405	900000	1000000	1.0
contig_3405	1000000	1100000	1.0
contig_3405	1100000	1200000	3.0
contig_3405	1300000	1400000	1.0
contig_3405	1500000	1600000	7.0
contig_3405	1600000	1700000	3.0
contig_3405	1700000	1800000	1.0
contig_3405	1800000	1900000	4.0
contig_3405	1900000	2000000	6.0
contig_3405	2000000	2100000	1.0
contig_3405	2100000	2178739	2.0
contig_3406	0	100000	5.0
contig_3406	100000	126686	2.0
contig_3407	0	98833	1.0
contig_3408	100000	200000	1.0
contig_3408	200000	300000	4.0
contig_3408	300000	400000	4.0
contig_3408	400000	500000	3.0
contig_3408	500000	600000	1.0
contig_3408	600000	700000	3.0
contig_3408	700000	800000	9.0
contig_3408	800000	900000	1.0
contig_3408	1000000	1096092	1.0
contig_3409	0	100000	3.0
contig_3409	100000	118948	2.0
contig_3410	0	100000	4.0
contig_3410	100000	200000	3.0
contig_3410	200000	300000	4.0
contig_3410	300000	400000	2.0
contig_3410	400000	500000	4.0
contig_3410	500000	600000	7.0
contig_3410	600000	700000	1.0
contig_3410	700000	800000	3.0
contig_3410	800000	900000	1.0
contig_3410	900000	1000000	4.0
contig_3410	1000000	1100000	5.0
contig_3410	1200000	1300000	3.0
contig_3410	1300000	1346817	4.0
contig_3411	0	100000	2.0
contig_3411	100000	145365	2.0
contig_3412	0	100000	2.0
contig_3412	200000	300000	2.0
contig_3412	400000	500000	1.0
contig_3412	500000	541280	2.0
contig_3413	0	100000	1.0
contig_3413	100000	200000	7.0
contig_3413	200000	300000	5.0
contig_3413	300000	400000	2.0
contig_3413	400000	500000	2.0
contig_3413	500000	600000	1.0
contig_3413	600000	700000	2.0
contig_3413	700000	800000	5.0
contig_3413	800000	900000	3.0
contig_3413	900000	1000000	1.0
contig_3413	1000000	1100000	1.0
contig_3413	1100000	1200000	2.0
contig_3413	1200000	1300000	3.0
contig_3413	1400000	1500000	3.0
contig_3413	1800000	1900000	1.0
contig_3414	0	90736	1.0
contig_3415	0	100000	1.0
contig_3415	100000	196726	4.0
contig_3416	0	49148	1.0
contig_3417	0	100000	1.0
contig_3417	200000	206839	2.0
contig_3418	0	100000	4.0
contig_3418	100000	200000	3.0
contig_3418	200000	292675	1.0
contig_3419	100000	200000	1.0
contig_3419	200000	300000	1.0
contig_3419	300000	400000	1.0
contig_3419	400000	500000	1.0
contig_3419	500000	600000	1.0
contig_3419	800000	887880	2.0
contig_3420	0	100000	2.0
contig_3420	100000	200000	4.0
contig_3420	200000	241382	1.0
contig_3421	0	100000	1.0
contig_3421	100000	152616	4.0
contig_3422	0	68951	2.0
contig_3423	0	40285	1.0
contig_3424	0	100000	2.0
contig_3424	100000	200000	4.0
contig_3424	200000	300000	1.0
contig_3424	400000	500000	5.0
contig_3424	700000	721114	2.0
contig_3425	0	100000	4.0
contig_3425	100000	200000	1.0
contig_3425	200000	275764	2.0
contig_3426	100000	200000	1.0
contig_3426	200000	300000	1.0
contig_3426	300000	400000	8.0
contig_3426	400000	500000	2.0
contig_3426	500000	546197	4.0
contig_3427	0	100000	3.0
contig_3427	100000	151000	2.0
contig_3428	0	100000	1.0
contig_3428	100000	200000	2.0
contig_3428	200000	300000	2.0
contig_3428	400000	500000	1.0
contig_3428	700000	751257	1.0
contig_3429	0	73405	1.0
contig_3430	0	100000	1.0
contig_3430	100000	103575	2.0
contig_3431	0	100000	2.0
contig_3431	200000	300000	2.0
contig_3431	400000	500000	1.0
contig_3431	500000	600000	5.0
contig_3431	600000	700000	2.0
contig_3431	700000	800000	4.0
contig_3431	800000	900000	2.0
contig_3431	900000	1000000	2.0
contig_3431	1000000	1100000	2.0
contig_3431	1100000	1200000	7.0
contig_3431	1200000	1300000	5.0
contig_3431	1300000	1400000	1.0
contig_3431	1400000	1500000	4.0
contig_3431	1500000	1600000	2.0
contig_3431	1600000	1700000	1.0
contig_3431	1700000	1800000	2.0
contig_3431	1800000	1900000	5.0
contig_3431	1900000	2000000	1.0
contig_3431	2100000	2200000	2.0
contig_3431	2200000	2300000	1.0
contig_3431	2300000	2400000	2.0
contig_3431	2400000	2500000	1.0
contig_3431	2500000	2600000	2.0
contig_3431	2600000	2700000	2.0
contig_3431	2700000	2800000	3.0
contig_3431	2800000	2865574	2.0
contig_3432	0	63412	3.0
contig_3433	0	100000	1.0
contig_3433	100000	200000	1.0
contig_3433	200000	300000	3.0
contig_3433	400000	433474	1.0
contig_3434	0	100000	5.0
contig_3434	200000	300000	1.0
contig_3434	300000	400000	1.0
contig_3434	400000	500000	2.0
contig_3434	500000	573927	1.0
contig_3435	0	100000	3.0
contig_3435	100000	130416	3.0
contig_3436	0	100000	3.0
contig_3436	100000	200000	2.0
contig_3436	300000	331787	1.0
contig_3437	0	65077	9.0
contig_3438	0	95630	2.0
contig_3439	0	100000	1.0
contig_3439	100000	182736	2.0
contig_3440	0	100000	3.0
contig_3440	100000	139100	2.0
contig_3441	0	87309	4.0
contig_3442	0	100000	5.0
contig_3442	100000	200000	1.0
contig_3442	200000	204484	1.0
contig_3443	0	100000	2.0
contig_3444	0	100000	3.0
contig_3444	100000	200000	1.0
contig_3444	200000	300000	2.0
contig_3444	300000	400000	1.0
contig_3444	500000	600000	1.0
contig_3444	700000	800000	2.0
contig_3444	900000	1000000	1.0
contig_3444	1000000	1100000	2.0
contig_3444	1100000	1183074	3.0
contig_3445	0	100000	2.0
contig_3445	100000	200000	2.0
contig_3445	200000	300000	3.0
contig_3445	300000	400000	7.0
contig_3445	400000	500000	1.0
contig_3445	600000	700000	2.0
contig_3445	700000	751457	4.0
contig_3446	0	100000	2.0
contig_3446	100000	106842	1.0
contig_3447	0	100000	2.0
contig_3448	300000	400000	2.0
contig_3448	400000	500000	5.0
contig_3448	500000	600000	3.0
contig_3448	700000	800000	3.0
contig_3448	800000	900000	1.0
contig_3448	900000	1000000	2.0
contig_3448	1100000	1200000	3.0
contig_3448	1200000	1255690	5.0
contig_3449	0	100000	5.0
contig_3449	100000	100942	2.0
contig_3450	0	100000	2.0
contig_3450	100000	164433	2.0
contig_3451	0	100000	1.0
contig_3451	100000	200000	5.0
contig_3451	200000	300000	2.0
contig_3451	300000	331858	2.0
contig_3452	0	100000	1.0
contig_3452	200000	293340	4.0
contig_3453	0	100000	4.0
contig_3453	100000	200000	7.0
contig_3453	200000	284767	2.0
contig_3454	100000	200000	2.0
contig_3454	300000	400000	1.0
contig_3454	400000	489652	2.0
contig_3455	100000	143530	1.0
contig_3456	100000	166018	1.0
contig_3457	100000	200000	1.0
contig_3457	200000	227938	1.0
contig_3458	0	100000	3.0
contig_3458	100000	108083	1.0
contig_3459	0	96001	1.0
contig_3460	0	100000	11.0
contig_3460	100000	200000	2.0
contig_3460	300000	311233	1.0
contig_3461	0	92505	3.0
contig_3462	200000	245861	2.0
contig_3463	0	87933	3.0
contig_3464	0	100000	3.0
contig_3464	100000	142607	2.0
contig_3465	0	100000	1.0
contig_3465	100000	105232	1.0
contig_3466	0	100000	1.0
contig_3466	100000	200000	2.0
contig_3466	200000	297500	2.0
contig_3467	0	100000	1.0
contig_3467	100000	200000	5.0
contig_3467	200000	300000	2.0
contig_3467	300000	400000	1.0
contig_3467	400000	500000	5.0
contig_3467	500000	600000	2.0
contig_3467	600000	700000	1.0
contig_3467	800000	900000	1.0
contig_3467	1000000	1100000	6.0
contig_3467	1100000	1200000	3.0
contig_3467	1400000	1500000	1.0
contig_3467	1700000	1800000	2.0
contig_3467	1800000	1900000	3.0
contig_3467	1900000	2000000	3.0
contig_3467	2000000	2100000	2.0
contig_3467	2100000	2200000	3.0
contig_3467	2200000	2300000	1.0
contig_3467	2300000	2349463	1.0
contig_3468	0	15442	2.0
contig_3469	0	100000	1.0
contig_3469	100000	200000	1.0
contig_3469	200000	213511	1.0
contig_3470	0	100000	1.0
contig_3470	100000	200000	1.0
contig_3470	200000	300000	1.0
contig_3470	300000	400000	1.0
contig_3471	0	100000	6.0
contig_3471	100000	200000	2.0
contig_3471	200000	228667	1.0
contig_3472	0	88911	4.0
contig_3473	0	59553	3.0
contig_3474	100000	109569	1.0
contig_3475	0	100000	3.0
contig_3475	100000	200000	5.0
contig_3475	200000	223040	1.0
contig_3476	0	100000	1.0
contig_3476	100000	114613	1.0
contig_3477	100000	200000	1.0
contig_3477	200000	300000	4.0
contig_3477	300000	400000	1.0
contig_3477	400000	500000	2.0
contig_3477	500000	600000	1.0
contig_3477	600000	700000	2.0
contig_3477	700000	800000	2.0
contig_3477	800000	900000	2.0
contig_3477	900000	1000000	2.0
contig_3477	1000000	1100000	3.0
contig_3477	1200000	1259079	4.0
contig_3478	0	100000	5.0
contig_3478	100000	200000	3.0
contig_3478	200000	300000	2.0
contig_3478	300000	313107	1.0
contig_3479	100000	135495	1.0
contig_3480	0	100000	2.0
contig_3480	100000	200000	1.0
contig_3480	200000	270440	1.0
contig_3481	0	100000	4.0
contig_3481	100000	200000	10.0
contig_3481	200000	300000	2.0
contig_3481	300000	388056	2.0
contig_3482	0	100000	3.0
contig_3482	300000	400000	2.0
contig_3482	400000	500000	2.0
contig_3482	500000	600000	3.0
contig_3482	600000	700000	2.0
contig_3482	800000	900000	4.0
contig_3482	900000	1000000	3.0
contig_3482	1000000	1100000	1.0
contig_3482	1100000	1200000	3.0
contig_3482	1200000	1300000	1.0
contig_3482	1300000	1400000	4.0
contig_3482	1400000	1500000	1.0
contig_3482	1500000	1600000	6.0
contig_3482	1600000	1700000	1.0
contig_3482	1700000	1800000	1.0
contig_3482	1900000	2000000	1.0
contig_3482	2000000	2100000	3.0
contig_3482	2100000	2200000	2.0
contig_3482	2200000	2221913	2.0
contig_3483	0	100000	2.0
contig_3483	100000	185632	2.0
contig_3484	0	36585	2.0
contig_3485	200000	300000	2.0
contig_3485	400000	500000	1.0
contig_3485	500000	600000	4.0
contig_3485	700000	785726	1.0
contig_3486	0	100000	3.0
contig_3486	100000	200000	2.0
contig_3486	200000	300000	2.0
contig_3486	300000	400000	3.0
contig_3486	400000	407036	1.0
contig_3487	0	100000	4.0
contig_3487	100000	109417	1.0
contig_3488	0	100000	4.0
contig_3488	100000	200000	3.0
contig_3488	200000	300000	2.0
contig_3488	300000	400000	1.0
contig_3488	400000	500000	1.0
contig_3488	500000	600000	2.0
contig_3488	600000	700000	3.0
contig_3488	700000	800000	3.0
contig_3488	800000	900000	2.0
contig_3488	900000	1000000	3.0
contig_3488	1000000	1100000	1.0
contig_3488	1200000	1300000	1.0
contig_3488	1800000	1900000	1.0
contig_3488	2000000	2100000	2.0
contig_3488	2100000	2200000	3.0
contig_3488	2300000	2400000	1.0
contig_3488	2400000	2500000	1.0
contig_3488	2500000	2600000	3.0
contig_3488	2600000	2700000	2.0
contig_3488	2700000	2800000	3.0
contig_3488	2900000	3000000	2.0
contig_3488	3000000	3100000	3.0
contig_3488	3100000	3200000	7.0
contig_3488	3200000	3208279	1.0
contig_3489	0	100000	1.0
contig_3489	200000	300000	1.0
contig_3489	300000	388929	2.0
contig_3490	0	100000	1.0
contig_3490	200000	300000	1.0
contig_3490	300000	316946	1.0
contig_3492	100000	200000	1.0
contig_3492	200000	300000	2.0
contig_3492	300000	400000	4.0
contig_3492	500000	600000	1.0
contig_3492	600000	621220	3.0
contig_3493	0	100000	4.0
contig_3493	100000	168536	1.0
contig_3494	0	100000	6.0
contig_3494	100000	193954	3.0
contig_3495	0	100000	3.0
contig_3495	100000	200000	4.0
contig_3496	0	100000	2.0
contig_3496	100000	162370	3.0
contig_3497	0	100000	3.0
contig_3497	100000	200000	9.0
contig_3497	200000	300000	3.0
contig_3497	400000	500000	2.0
contig_3497	600000	700000	2.0
contig_3497	700000	800000	1.0
contig_3497	800000	900000	3.0
contig_3497	900000	1000000	2.0
contig_3497	1000000	1006232	1.0
contig_3498	0	100000	4.0
contig_3498	100000	112283	2.0
contig_3499	0	100000	3.0
contig_3499	200000	300000	1.0
contig_3499	300000	400000	1.0
contig_3499	400000	500000	2.0
contig_3499	500000	600000	2.0
contig_3499	600000	700000	6.0
contig_3499	700000	800000	1.0
contig_3499	800000	900000	1.0
contig_3499	1000000	1100000	1.0
contig_3499	1100000	1200000	2.0
contig_3499	1500000	1600000	1.0
contig_3499	1800000	1900000	1.0
contig_3499	1900000	2000000	1.0
contig_3499	2000000	2100000	1.0
contig_3499	2100000	2200000	1.0
contig_3499	2200000	2300000	3.0
contig_3499	2300000	2400000	1.0
contig_3499	2600000	2700000	2.0
contig_3499	2700000	2800000	2.0
contig_3499	3100000	3200000	2.0
contig_3499	3300000	3400000	3.0
contig_3499	3400000	3500000	3.0
contig_3499	3500000	3600000	2.0
contig_3499	4000000	4100000	1.0
contig_3499	4400000	4500000	1.0
contig_3499	4500000	4600000	2.0
contig_3499	4600000	4700000	1.0
contig_3499	4700000	4800000	1.0
contig_3499	4800000	4900000	2.0
contig_3499	4900000	5000000	2.0
contig_3499	5100000	5200000	5.0
contig_3499	5200000	5300000	2.0
contig_3499	5300000	5400000	3.0
contig_3499	5400000	5500000	3.0
contig_3499	5500000	5600000	3.0
contig_3499	5700000	5800000	1.0
contig_3499	5800000	5900000	5.0
contig_3499	5900000	6000000	4.0
contig_3499	6000000	6100000	2.0
contig_3499	6200000	6300000	3.0
contig_3499	6300000	6365239	2.0
contig_3501	0	100000	2.0
contig_3501	100000	200000	6.0
contig_3501	200000	300000	9.0
contig_3501	300000	400000	1.0
contig_3501	400000	500000	7.0
contig_3501	500000	600000	6.0
contig_3501	600000	700000	1.0
contig_3501	700000	800000	2.0
contig_3501	800000	900000	6.0
contig_3501	900000	1000000	1.0
contig_3501	1000000	1100000	3.0
contig_3501	1100000	1200000	1.0
contig_3501	1200000	1300000	5.0
contig_3501	1300000	1400000	2.0
contig_3501	1400000	1500000	5.0
contig_3501	1500000	1600000	3.0
contig_3501	1700000	1800000	3.0
contig_3501	1900000	2000000	3.0
contig_3501	2000000	2100000	1.0
contig_3501	2100000	2200000	2.0
contig_3501	2200000	2300000	5.0
contig_3501	2300000	2400000	1.0
contig_3501	2400000	2500000	3.0
contig_3501	2500000	2600000	3.0
contig_3501	2600000	2700000	6.0
contig_3501	2700000	2800000	2.0
contig_3501	2800000	2831721	1.0
contig_3502	0	100000	2.0
contig_3502	200000	300000	3.0
contig_3502	300000	400000	2.0
contig_3502	400000	500000	4.0
contig_3502	500000	562295	2.0
contig_3503	0	100000	1.0
contig_3503	100000	198006	3.0
contig_3504	0	100000	1.0
contig_3504	100000	119926	1.0
contig_3506	0	86632	1.0
contig_3507	0	100000	1.0
contig_3507	200000	296795	1.0
contig_3508	0	100000	2.0
contig_3508	200000	293518	1.0
contig_3509	0	73284	2.0
contig_3511	0	100000	2.0
contig_3511	100000	143713	5.0
contig_3512	0	100000	2.0
contig_3512	100000	116139	2.0
contig_3513	100000	112022	1.0
contig_3514	0	100000	2.0
contig_3514	100000	200000	2.0
contig_3514	200000	275638	1.0
contig_3515	0	100000	3.0
contig_3515	100000	200000	2.0
contig_3515	200000	228664	6.0
contig_3516	0	84512	4.0
contig_3517	0	96682	3.0
contig_3518	0	100000	3.0
contig_3518	100000	142096	1.0
contig_3519	0	32485	1.0
contig_3520	100000	200000	3.0
contig_3520	200000	300000	1.0
contig_3520	300000	385635	1.0
contig_3521	0	100000	36.0
contig_3521	100000	104906	1.0
contig_3522	0	76511	2.0
contig_3523	0	100000	5.0
contig_3523	100000	200000	3.0
contig_3523	200000	300000	1.0
contig_3523	400000	500000	2.0
contig_3523	500000	600000	3.0
contig_3523	600000	700000	1.0
contig_3523	700000	800000	2.0
contig_3523	800000	900000	4.0
contig_3523	900000	1000000	2.0
contig_3523	1000000	1100000	4.0
contig_3523	1100000	1200000	2.0
contig_3523	1200000	1300000	1.0
contig_3523	1300000	1400000	3.0
contig_3523	1400000	1409472	2.0
contig_3524	0	100000	1.0
contig_3524	100000	164407	2.0
contig_3525	0	100000	1.0
contig_3525	200000	224265	2.0
contig_3526	0	94197	2.0
contig_3527	100000	200000	1.0
contig_3528	0	100000	1.0
contig_3528	100000	200000	2.0
contig_3528	200000	300000	7.0
contig_3528	300000	379534	2.0
contig_3529	100000	200000	1.0
contig_3529	200000	300000	6.0
contig_3529	400000	500000	1.0
contig_3529	500000	600000	2.0
contig_3529	600000	700000	1.0
contig_3529	700000	800000	3.0
contig_3529	800000	900000	3.0
contig_3530	0	100000	9.0
contig_3530	100000	200000	6.0
contig_3530	200000	300000	1.0
contig_3530	300000	400000	3.0
contig_3530	400000	500000	1.0
contig_3530	500000	600000	1.0
contig_3530	600000	700000	4.0
contig_3530	700000	800000	3.0
contig_3530	900000	1000000	1.0
contig_3530	1000000	1100000	2.0
contig_3530	1100000	1200000	1.0
contig_3530	1200000	1300000	2.0
contig_3530	1300000	1400000	1.0
contig_3530	1400000	1500000	1.0
contig_3530	1500000	1600000	1.0
contig_3530	1600000	1700000	1.0
contig_3530	1700000	1800000	2.0
contig_3530	1800000	1900000	3.0
contig_3530	1900000	2000000	2.0
contig_3530	2000000	2100000	3.0
contig_3530	2100000	2107804	1.0
contig_3531	0	100000	2.0
contig_3531	200000	300000	5.0
contig_3531	300000	400000	1.0
contig_3531	400000	500000	1.0
contig_3531	500000	600000	1.0
contig_3531	700000	800000	1.0
contig_3531	800000	900000	1.0
contig_3531	900000	1000000	1.0
contig_3531	1000000	1099734	2.0
contig_3532	0	100000	3.0
contig_3532	100000	200000	2.0
contig_3532	400000	500000	2.0
contig_3532	500000	600000	5.0
contig_3532	600000	700000	2.0
contig_3532	700000	765026	1.0
contig_3533	0	100000	1.0
contig_3533	100000	116523	1.0
contig_3534	0	100000	3.0
contig_3534	100000	140340	1.0
contig_3535	100000	200000	2.0
contig_3535	200000	300000	2.0
contig_3535	300000	315330	1.0
contig_3536	0	100000	4.0
contig_3536	200000	300000	3.0
contig_3536	300000	400000	1.0
contig_3536	400000	500000	1.0
contig_3536	500000	600000	4.0
contig_3536	700000	800000	4.0
contig_3536	800000	845587	2.0
contig_3537	0	90760	3.0
contig_3538	0	100000	4.0
contig_3538	100000	125018	2.0
contig_3539	0	100000	1.0
contig_3539	100000	200000	6.0
contig_3539	200000	230420	1.0
contig_3540	0	100000	1.0
contig_3540	100000	200000	2.0
contig_3540	200000	300000	1.0
contig_3540	300000	400000	2.0
contig_3540	400000	500000	1.0
contig_3540	500000	600000	1.0
contig_3540	600000	700000	2.0
contig_3540	700000	800000	2.0
contig_3540	800000	900000	2.0
contig_3540	1000000	1100000	1.0
contig_3540	1400000	1474972	1.0
contig_3541	0	100000	1.0
contig_3541	200000	300000	1.0
contig_3541	300000	391561	1.0
contig_3542	0	100000	2.0
contig_3542	100000	200000	1.0
contig_3542	200000	300000	1.0
contig_3542	300000	400000	2.0
contig_3542	400000	500000	3.0
contig_3542	500000	600000	8.0
contig_3542	600000	700000	2.0
contig_3542	700000	800000	1.0
contig_3542	800000	900000	3.0
contig_3542	900000	1000000	1.0
contig_3542	1000000	1100000	1.0
contig_3542	1300000	1400000	1.0
contig_3542	2300000	2400000	1.0
contig_3542	2400000	2500000	1.0
contig_3542	2500000	2589574	4.0
contig_3543	0	100000	2.0
contig_3543	100000	200000	1.0
contig_3543	200000	274495	2.0
contig_3544	0	5514	1.0
contig_3545	0	100000	1.0
contig_3545	100000	200000	1.0
contig_3545	200000	300000	2.0
contig_3545	300000	400000	7.0
contig_3545	400000	500000	5.0
contig_3545	500000	600000	1.0
contig_3545	600000	700000	5.0
contig_3545	700000	800000	3.0
contig_3545	800000	900000	2.0
contig_3545	900000	1000000	1.0
contig_3545	1000000	1100000	3.0
contig_3545	1100000	1200000	1.0
contig_3545	1200000	1300000	2.0
contig_3545	1300000	1335583	2.0
contig_3546	0	100000	1.0
contig_3546	100000	103779	1.0
contig_3547	0	92680	2.0
contig_3548	100000	200000	3.0
contig_3548	200000	300000	2.0
contig_3548	300000	400000	3.0
contig_3548	400000	500000	3.0
contig_3548	500000	600000	3.0
contig_3548	600000	700000	1.0
contig_3549	0	100000	4.0
contig_3549	100000	166198	1.0
contig_3550	0	100000	2.0
contig_3550	100000	133476	2.0
contig_3551	100000	117143	1.0
contig_3552	0	100000	3.0
contig_3552	100000	200000	1.0
contig_3552	200000	300000	4.0
contig_3552	400000	500000	1.0
contig_3552	500000	523777	1.0
contig_3553	0	100000	1.0
contig_3553	100000	200000	1.0
contig_3553	200000	300000	2.0
contig_3553	300000	400000	1.0
contig_3553	400000	500000	2.0
contig_3553	500000	600000	1.0
contig_3553	600000	700000	1.0
contig_3553	700000	800000	4.0
contig_3553	800000	900000	1.0
contig_3553	900000	1000000	1.0
contig_3553	1000000	1100000	1.0
contig_3553	1100000	1200000	3.0
contig_3553	1200000	1300000	2.0
contig_3553	1300000	1400000	5.0
contig_3553	1400000	1500000	3.0
contig_3553	1500000	1600000	2.0
contig_3553	1600000	1700000	6.0
contig_3553	1700000	1800000	2.0
contig_3553	1800000	1900000	1.0
contig_3553	1900000	2000000	1.0
contig_3553	2000000	2100000	2.0
contig_3553	2100000	2200000	2.0
contig_3553	2200000	2300000	2.0
contig_3553	2300000	2400000	1.0
contig_3553	2500000	2560027	3.0
contig_3554	0	100000	2.0
contig_3554	100000	143153	1.0
contig_3555	0	37942	1.0
contig_3556	0	100000	2.0
contig_3556	200000	300000	3.0
contig_3556	300000	400000	1.0
contig_3556	500000	600000	2.0
contig_3556	600000	700000	4.0
contig_3556	700000	800000	2.0
contig_3556	1000000	1100000	2.0
contig_3556	1100000	1200000	4.0
contig_3556	1200000	1300000	2.0
contig_3556	1300000	1400000	1.0
contig_3556	1500000	1600000	1.0
contig_3556	1600000	1700000	3.0
contig_3556	1700000	1800000	3.0
contig_3556	1800000	1900000	2.0
contig_3556	1900000	2000000	2.0
contig_3556	2000000	2100000	3.0
contig_3556	2100000	2200000	6.0
contig_3556	2200000	2300000	4.0
contig_3556	2300000	2400000	2.0
contig_3556	2400000	2500000	6.0
contig_3556	2500000	2600000	1.0
contig_3556	2700000	2800000	1.0
contig_3556	2800000	2900000	1.0
contig_3556	2900000	3000000	2.0
contig_3556	3000000	3100000	4.0
contig_3556	3200000	3300000	1.0
contig_3556	3300000	3400000	3.0
contig_3556	3600000	3700000	3.0
contig_3556	3800000	3900000	3.0
contig_3556	4000000	4100000	1.0
contig_3556	4100000	4200000	3.0
contig_3556	4200000	4300000	2.0
contig_3556	4300000	4400000	1.0
contig_3556	4400000	4500000	2.0
contig_3556	4500000	4600000	2.0
contig_3556	4600000	4700000	2.0
contig_3556	4700000	4800000	1.0
contig_3556	4800000	4900000	4.0
contig_3556	4900000	5000000	3.0
contig_3556	5000000	5100000	1.0
contig_3556	5100000	5200000	1.0
contig_3556	5200000	5300000	1.0
contig_3556	5300000	5400000	1.0
contig_3557	0	100000	1.0
contig_3557	100000	200000	1.0
contig_3557	400000	500000	1.0
contig_3557	600000	700000	2.0
contig_3557	700000	800000	1.0
contig_3557	900000	1000000	1.0
contig_3557	1000000	1100000	1.0
contig_3557	1100000	1200000	2.0
contig_3557	1200000	1243884	1.0
contig_3558	0	100000	2.0
contig_3558	100000	200000	2.0
contig_3558	300000	400000	1.0
contig_3558	400000	500000	1.0
contig_3558	500000	600000	2.0
contig_3558	700000	800000	4.0
contig_3558	800000	900000	4.0
contig_3558	900000	1000000	1.0
contig_3558	1000000	1100000	1.0
contig_3558	1100000	1200000	1.0
contig_3558	1200000	1300000	2.0
contig_3558	1600000	1700000	2.0
contig_3558	1700000	1800000	4.0
contig_3558	1800000	1900000	3.0
contig_3558	1900000	2000000	1.0
contig_3558	2000000	2034712	2.0
contig_3559	0	100000	2.0
contig_3559	100000	200000	1.0
contig_3559	200000	300000	2.0
contig_3559	300000	384995	1.0
contig_3560	300000	400000	1.0
contig_3560	900000	1000000	1.0
contig_3560	1000000	1100000	1.0
contig_3560	1100000	1200000	1.0
contig_3560	1400000	1500000	2.0
contig_3560	1500000	1561328	1.0
contig_3561	100000	200000	1.0
contig_3561	300000	400000	1.0
contig_3562	0	100000	3.0
contig_3562	100000	200000	1.0
contig_3562	200000	283687	3.0
contig_3563	0	100000	2.0
contig_3563	100000	194808	2.0
contig_3564	200000	300000	1.0
contig_3564	300000	400000	2.0
contig_3564	400000	500000	2.0
contig_3565	0	100000	1.0
contig_3565	100000	200000	1.0
contig_3565	200000	300000	3.0
contig_3565	300000	338562	4.0
contig_3566	0	96460	2.0
contig_3567	0	100000	2.0
contig_3567	100000	168478	2.0
contig_3568	0	100000	3.0
contig_3568	100000	200000	4.0
contig_3568	300000	400000	3.0
contig_3568	400000	500000	1.0
contig_3568	500000	600000	1.0
contig_3568	600000	700000	4.0
contig_3568	700000	800000	1.0
contig_3568	800000	900000	4.0
contig_3568	900000	1000000	1.0
contig_3568	1000000	1100000	1.0
contig_3568	1100000	1200000	1.0
contig_3568	1200000	1300000	4.0
contig_3568	1300000	1400000	7.0
contig_3568	1400000	1500000	2.0
contig_3568	1500000	1600000	3.0
contig_3568	1600000	1700000	1.0
contig_3568	1700000	1800000	4.0
contig_3568	1800000	1900000	1.0
contig_3568	1900000	2000000	2.0
contig_3568	2000000	2011741	1.0
contig_3569	0	100000	3.0
contig_3569	100000	188703	2.0
contig_3570	0	100000	2.0
contig_3570	100000	200000	1.0
contig_3570	200000	300000	8.0
contig_3570	300000	400000	2.0
contig_3570	500000	600000	1.0
contig_3570	600000	700000	1.0
contig_3570	700000	800000	3.0
contig_3570	800000	900000	1.0
contig_3570	900000	1000000	6.0
contig_3570	1100000	1159700	2.0
contig_3571	0	90261	3.0
contig_3572	0	100000	3.0
contig_3572	100000	200000	3.0
contig_3572	200000	250334	4.0
contig_3573	0	100000	4.0
contig_3573	100000	200000	2.0
contig_3573	200000	300000	3.0
contig_3573	300000	400000	4.0
contig_3573	400000	500000	1.0
contig_3573	600000	698206	3.0
contig_3574	0	100000	6.0
contig_3574	100000	149903	1.0
contig_3575	0	94248	5.0
contig_3576	0	100000	2.0
contig_3576	100000	109164	1.0
contig_3577	0	100000	2.0
contig_3577	100000	200000	2.0
contig_3577	200000	300000	1.0
contig_3577	300000	392258	1.0
contig_3578	0	100000	3.0
contig_3578	100000	182766	5.0
contig_3579	0	100000	3.0
contig_3579	100000	167188	1.0
contig_3580	100000	200000	1.0
contig_3580	200000	300000	2.0
contig_3580	300000	400000	3.0
contig_3580	400000	500000	2.0
contig_3580	500000	600000	4.0
contig_3580	600000	700000	2.0
contig_3580	700000	770815	8.0
contig_3581	0	100000	2.0
contig_3581	100000	200000	1.0
contig_3581	200000	300000	1.0
contig_3581	300000	333853	1.0
contig_3582	0	100000	6.0
contig_3582	100000	114347	1.0
contig_3583	0	100000	1.0
contig_3583	100000	200000	2.0
contig_3583	200000	300000	1.0
contig_3583	300000	400000	1.0
contig_3583	400000	500000	4.0
contig_3584	0	100000	4.0
contig_3584	100000	200000	5.0
contig_3584	200000	263525	4.0
contig_3585	0	100000	1.0
contig_3585	100000	110817	2.0
contig_3586	0	26939	1.0
contig_3587	0	38233	1.0
contig_3588	0	100000	3.0
contig_3588	100000	122539	1.0
contig_3589	0	54029	2.0
contig_3591	0	100000	3.0
contig_3591	100000	183067	1.0
contig_3592	0	99763	1.0
contig_3593	0	100000	3.0
contig_3593	100000	200000	3.0
contig_3593	200000	300000	3.0
contig_3593	300000	400000	1.0
contig_3593	400000	500000	3.0
contig_3593	500000	600000	3.0
contig_3593	600000	617492	1.0
contig_3594	0	98389	4.0
contig_3595	0	100000	6.0
contig_3595	100000	200000	9.0
contig_3595	200000	300000	2.0
contig_3595	300000	400000	1.0
contig_3595	400000	500000	1.0
contig_3595	600000	700000	2.0
contig_3595	700000	800000	1.0
contig_3595	800000	900000	3.0
contig_3595	1100000	1200000	2.0
contig_3595	1200000	1243578	2.0
contig_3596	0	100000	8.0
contig_3596	100000	200000	3.0
contig_3596	300000	400000	3.0
contig_3596	500000	600000	3.0
contig_3596	600000	700000	2.0
contig_3596	700000	800000	3.0
contig_3596	800000	900000	2.0
contig_3596	900000	1000000	4.0
contig_3596	1000000	1100000	10.0
contig_3596	1100000	1200000	1.0
contig_3596	1200000	1300000	1.0
contig_3596	1300000	1400000	5.0
contig_3596	1400000	1500000	5.0
contig_3596	1500000	1600000	2.0
contig_3596	1600000	1636552	1.0
contig_3597	200000	300000	6.0
contig_3597	300000	400000	1.0
contig_3597	400000	500000	2.0
contig_3597	500000	600000	6.0
contig_3597	600000	700000	3.0
contig_3597	700000	800000	2.0
contig_3597	800000	900000	2.0
contig_3597	900000	1000000	2.0
contig_3597	1000000	1100000	1.0
contig_3597	1200000	1300000	1.0
contig_3598	0	100000	2.0
contig_3598	100000	200000	1.0
contig_3598	200000	260379	1.0
contig_3599	0	100000	6.0
contig_3599	100000	124641	1.0
contig_3600	0	100000	3.0
contig_3600	100000	200000	2.0
contig_3600	200000	300000	3.0
contig_3600	600000	700000	3.0
contig_3600	700000	800000	4.0
contig_3600	900000	1000000	2.0
contig_3600	1000000	1100000	1.0
contig_3600	1200000	1300000	2.0
contig_3600	1300000	1400000	2.0
contig_3600	1400000	1500000	3.0
contig_3600	1500000	1600000	6.0
contig_3600	1600000	1700000	5.0
contig_3600	1700000	1800000	2.0
contig_3600	1800000	1900000	3.0
contig_3600	1900000	2000000	2.0
contig_3600	2000000	2100000	1.0
contig_3600	2100000	2200000	1.0
contig_3600	2200000	2300000	4.0
contig_3600	2300000	2400000	1.0
contig_3600	2400000	2500000	2.0
contig_3601	0	100000	1.0
contig_3601	100000	200000	1.0
contig_3601	300000	400000	4.0
contig_3601	400000	403992	1.0
contig_3602	0	94925	2.0
contig_3603	100000	200000	1.0
contig_3603	200000	251610	4.0
contig_3604	0	100000	6.0
contig_3604	100000	200000	2.0
contig_3604	300000	400000	6.0
contig_3604	400000	410999	1.0
contig_3605	100000	143481	1.0
contig_3606	0	100000	5.0
contig_3606	100000	200000	2.0
contig_3606	200000	300000	3.0
contig_3606	400000	500000	1.0
contig_3607	0	100000	5.0
contig_3607	100000	143016	2.0
contig_3608	100000	200000	1.0
contig_3608	200000	300000	4.0
contig_3610	0	91900	2.0
contig_3611	0	100000	5.0
contig_3611	100000	151238	4.0
contig_3612	0	100000	2.0
contig_3612	100000	129466	4.0
contig_3613	0	100000	2.0
contig_3613	100000	157021	2.0
contig_3614	0	100000	2.0
contig_3614	100000	200000	4.0
contig_3614	200000	285877	4.0
contig_3615	100000	200000	4.0
contig_3615	200000	300000	1.0
contig_3615	300000	400000	2.0
contig_3615	400000	500000	1.0
contig_3615	500000	600000	2.0
contig_3615	600000	700000	2.0
contig_3615	700000	800000	1.0
contig_3615	800000	900000	5.0
contig_3615	900000	1000000	4.0
contig_3615	1000000	1100000	11.0
contig_3615	1100000	1145186	1.0
contig_3616	0	100000	2.0
contig_3616	100000	200000	2.0
contig_3616	200000	300000	1.0
contig_3616	300000	335224	2.0
contig_3617	0	100000	2.0
contig_3618	0	100000	5.0
contig_3618	100000	200000	2.0
contig_3618	200000	228005	1.0
contig_3619	0	40704	2.0
contig_3620	0	100000	2.0
contig_3620	100000	113238	1.0
contig_3621	0	100000	1.0
contig_3621	100000	101140	1.0
contig_3622	0	100000	4.0
contig_3622	100000	110951	2.0
contig_3623	0	100000	2.0
contig_3623	100000	138863	2.0
contig_3624	0	100000	2.0
contig_3624	100000	200000	3.0
contig_3624	200000	300000	3.0
contig_3624	300000	400000	1.0
contig_3624	400000	500000	5.0
contig_3624	500000	600000	1.0
contig_3624	600000	700000	3.0
contig_3624	700000	771334	1.0
contig_3625	0	50569	2.0
contig_3626	0	100000	7.0
contig_3626	100000	200000	1.0
contig_3626	200000	300000	3.0
contig_3626	300000	388211	3.0
contig_3627	0	100000	2.0
contig_3627	200000	276517	6.0
contig_3628	0	100000	1.0
contig_3628	100000	200000	2.0
contig_3628	200000	236749	2.0
contig_3629	0	58062	5.0
contig_3630	0	100000	5.0
contig_3630	100000	200000	2.0
contig_3630	200000	236207	2.0
contig_3631	0	100000	1.0
contig_3631	300000	400000	6.0
contig_3631	400000	500000	4.0
contig_3631	500000	600000	1.0
contig_3631	600000	700000	2.0
contig_3631	700000	800000	2.0
contig_3631	800000	900000	2.0
contig_3631	900000	1000000	4.0
contig_3631	1000000	1100000	1.0
contig_3631	1100000	1200000	3.0
contig_3631	1200000	1300000	1.0
contig_3631	1300000	1305616	1.0
contig_3632	0	100000	2.0
contig_3632	100000	200000	3.0
contig_3632	200000	300000	3.0
contig_3632	300000	400000	3.0
contig_3632	400000	411737	1.0
contig_3633	0	100000	1.0
contig_3633	100000	130292	3.0
contig_3634	0	98403	3.0
contig_3635	0	91996	6.0
contig_3636	0	100000	2.0
contig_3636	100000	200000	2.0
contig_3636	200000	300000	2.0
contig_3636	300000	400000	1.0
contig_3636	900000	999697	2.0
contig_3637	0	100000	1.0
contig_3637	100000	172050	6.0
contig_3638	0	100000	2.0
contig_3638	100000	146115	3.0
contig_3639	0	100000	3.0
contig_3639	100000	200000	2.0
contig_3639	200000	206688	1.0
contig_3640	0	100000	2.0
contig_3640	100000	200000	1.0
contig_3640	200000	227514	4.0
contig_3641	0	100000	2.0
contig_3642	0	100000	2.0
contig_3642	100000	171472	1.0
contig_3643	0	100000	6.0
contig_3643	100000	200000	4.0
contig_3643	200000	300000	6.0
contig_3643	300000	400000	1.0
contig_3643	400000	500000	1.0
contig_3643	500000	600000	3.0
contig_3643	600000	700000	9.0
contig_3643	700000	800000	6.0
contig_3643	800000	822863	1.0
contig_3644	0	100000	2.0
contig_3644	100000	200000	6.0
contig_3644	200000	300000	4.0
contig_3644	300000	400000	1.0
contig_3645	0	100000	3.0
contig_3645	100000	110629	1.0
contig_3646	0	81504	2.0
contig_3647	0	100000	5.0
contig_3647	100000	200000	1.0
contig_3647	200000	295041	5.0
contig_3648	0	100000	3.0
contig_3648	100000	200000	1.0
contig_3648	200000	300000	1.0
contig_3648	600000	700000	2.0
contig_3648	700000	800000	1.0
contig_3648	900000	1000000	1.0
contig_3648	1000000	1068681	1.0
contig_3649	0	100000	1.0
contig_3649	100000	199172	2.0
contig_3650	0	9556	4.0
contig_3651	0	64760	2.0
contig_3652	0	24681	1.0
contig_3653	0	100000	1.0
contig_3653	100000	200000	4.0
contig_3653	200000	241680	4.0
contig_3654	0	100000	5.0
contig_3654	100000	200000	1.0
contig_3654	200000	277756	4.0
contig_3655	0	100000	5.0
contig_3655	100000	116444	1.0
contig_3657	0	100000	1.0
contig_3657	300000	389904	3.0
contig_3658	0	100000	8.0
contig_3658	100000	200000	2.0
contig_3658	200000	300000	3.0
contig_3658	300000	400000	3.0
contig_3658	400000	500000	1.0
contig_3658	600000	626800	1.0
contig_3659	0	100000	3.0
contig_3659	100000	200000	2.0
contig_3659	200000	226720	1.0
contig_3660	0	93006	1.0
contig_3661	0	100000	3.0
contig_3661	100000	200000	1.0
contig_3661	200000	300000	1.0
contig_3661	300000	400000	2.0
contig_3661	400000	500000	2.0
contig_3661	500000	600000	4.0
contig_3661	600000	700000	2.0
contig_3661	700000	793450	8.0
contig_3662	100000	200000	5.0
contig_3662	200000	237072	1.0
contig_3663	0	100000	3.0
contig_3663	100000	200000	3.0
contig_3663	200000	300000	2.0
contig_3663	300000	320379	3.0
contig_3664	0	100000	9.0
contig_3664	100000	187551	1.0
contig_3665	0	93275	1.0
contig_3666	0	100000	3.0
contig_3666	100000	200000	6.0
contig_3666	200000	300000	1.0
contig_3666	300000	400000	4.0
contig_3666	500000	600000	1.0
contig_3666	800000	900000	5.0
contig_3666	900000	1000000	1.0
contig_3666	1000000	1100000	3.0
contig_3666	1100000	1200000	2.0
contig_3666	1200000	1300000	2.0
contig_3666	1300000	1400000	3.0
contig_3666	1500000	1600000	3.0
contig_3666	1600000	1700000	2.0
contig_3666	1700000	1800000	2.0
contig_3666	1800000	1900000	3.0
contig_3666	2000000	2020593	6.0
contig_3667	0	100000	2.0
contig_3667	100000	159874	3.0
contig_3668	0	100000	1.0
contig_3668	100000	190138	3.0
contig_3669	100000	121319	1.0
contig_3670	0	40885	3.0
contig_3671	0	68780	2.0
contig_3672	0	100000	3.0
contig_3672	100000	200000	3.0
contig_3672	200000	300000	5.0
contig_3672	300000	400000	2.0
contig_3673	100000	200000	5.0
contig_3673	200000	300000	5.0
contig_3673	300000	378871	3.0
contig_3674	0	100000	6.0
contig_3674	100000	200000	1.0
contig_3674	200000	300000	2.0
contig_3674	300000	400000	2.0
contig_3674	400000	409637	1.0
contig_3675	100000	200000	2.0
contig_3675	200000	300000	3.0
contig_3675	300000	358342	1.0
contig_3676	0	100000	1.0
contig_3676	100000	185653	4.0
contig_3677	0	100000	1.0
contig_3677	100000	151149	5.0
contig_3679	0	100000	2.0
contig_3679	100000	152789	1.0
contig_3681	100000	200000	1.0
contig_3681	200000	300000	1.0
contig_3681	300000	400000	3.0
contig_3681	400000	500000	1.0
contig_3682	0	100000	4.0
contig_3682	100000	200000	3.0
contig_3682	200000	253855	2.0
contig_3683	0	100000	6.0
contig_3683	100000	200000	5.0
contig_3683	200000	300000	2.0
contig_3683	300000	400000	1.0
contig_3683	400000	500000	2.0
contig_3683	700000	799309	2.0
contig_3684	100000	156103	3.0
contig_3685	0	100000	5.0
contig_3685	100000	200000	4.0
contig_3685	200000	300000	7.0
contig_3685	300000	355231	7.0
contig_3686	0	96103	1.0
contig_3687	0	100000	3.0
contig_3687	100000	181242	4.0
contig_3688	0	100000	3.0
contig_3688	100000	117877	1.0
contig_3689	0	100000	5.0
contig_3689	100000	157680	2.0
contig_3690	0	100000	1.0
contig_3690	200000	300000	1.0
contig_3690	400000	458461	2.0
contig_3691	100000	132936	2.0
contig_3692	100000	154057	1.0
contig_3693	0	64105	6.0
contig_3694	0	100000	1.0
contig_3694	100000	105689	1.0
contig_3695	0	100000	1.0
contig_3695	100000	182300	1.0
contig_3696	0	100000	2.0
contig_3696	100000	200000	4.0
contig_3696	200000	300000	3.0
contig_3696	300000	400000	1.0
contig_3696	400000	448645	2.0
contig_3697	0	100000	1.0
contig_3697	200000	300000	1.0
contig_3697	300000	400000	7.0
contig_3697	400000	500000	6.0
contig_3697	500000	600000	2.0
contig_3698	0	88519	4.0
contig_3699	0	100000	2.0
contig_3700	100000	144920	3.0
contig_3701	0	100000	1.0
contig_3701	100000	189198	1.0
contig_3702	100000	200000	1.0
contig_3702	200000	300000	2.0
contig_3702	400000	500000	1.0
contig_3702	500000	600000	4.0
contig_3702	600000	700000	1.0
contig_3702	1000000	1088713	2.0
contig_3703	100000	155817	4.0
contig_3704	0	100000	4.0
contig_3704	100000	174308	3.0
contig_3705	0	88042	4.0
contig_3706	0	100000	3.0
contig_3706	100000	200000	3.0
contig_3706	200000	239470	3.0
contig_3707	0	100000	3.0
contig_3707	100000	200000	1.0
contig_3707	200000	300000	4.0
contig_3707	300000	400000	3.0
contig_3707	400000	470779	7.0
contig_3708	100000	158488	4.0
contig_3709	0	100000	8.0
contig_3709	100000	122005	1.0
contig_3710	0	100000	1.0
contig_3710	100000	163743	2.0
contig_3711	0	100000	3.0
contig_3711	100000	200000	1.0
contig_3711	200000	300000	5.0
contig_3711	300000	359360	2.0
contig_3712	0	100000	1.0
contig_3712	100000	200000	1.0
contig_3712	300000	400000	1.0
contig_3712	800000	900000	1.0
contig_3712	1000000	1005834	1.0
contig_3713	0	82760	1.0
contig_3714	0	100000	4.0
contig_3714	100000	134983	1.0
contig_3715	0	100000	3.0
contig_3715	100000	200000	1.0
contig_3715	200000	300000	1.0
contig_3715	300000	400000	2.0
contig_3715	400000	500000	3.0
contig_3715	500000	537332	1.0
contig_3716	0	100000	3.0
contig_3716	100000	200000	4.0
contig_3716	200000	276859	4.0
contig_3717	0	3872	1.0
contig_3718	0	100000	4.0
contig_3718	100000	151672	2.0
contig_3719	0	100000	5.0
contig_3719	100000	108997	2.0
contig_3720	0	100000	2.0
contig_3720	100000	149712	4.0
contig_3721	0	100000	2.0
contig_3721	100000	142606	1.0
contig_3722	0	100000	1.0
contig_3722	100000	200000	1.0
contig_3722	200000	300000	2.0
contig_3722	300000	400000	1.0
contig_3722	500000	600000	2.0
contig_3722	600000	700000	4.0
contig_3722	700000	800000	3.0
contig_3722	800000	900000	4.0
contig_3722	900000	994390	4.0
contig_3723	0	100000	4.0
contig_3723	100000	200000	2.0
contig_3723	200000	300000	7.0
contig_3723	300000	400000	4.0
contig_3723	400000	496740	3.0
contig_3724	0	100000	3.0
contig_3724	100000	200000	2.0
contig_3724	200000	273994	2.0
contig_3725	0	58812	2.0
contig_3726	0	100000	1.0
contig_3726	100000	200000	6.0
contig_3726	200000	300000	2.0
contig_3726	300000	400000	1.0
contig_3726	400000	500000	4.0
contig_3726	500000	600000	2.0
contig_3726	700000	800000	1.0
contig_3726	800000	900000	2.0
contig_3726	900000	1000000	3.0
contig_3726	1000000	1100000	1.0
contig_3726	1100000	1200000	1.0
contig_3726	1400000	1500000	1.0
contig_3726	1500000	1600000	1.0
contig_3726	1600000	1700000	4.0
contig_3726	1800000	1900000	2.0
contig_3726	1900000	2000000	1.0
contig_3726	2000000	2100000	2.0
contig_3726	2100000	2200000	2.0
contig_3726	2200000	2300000	3.0
contig_3726	2300000	2307900	2.0
contig_3727	0	100000	4.0
contig_3727	100000	200000	1.0
contig_3727	200000	223559	1.0
contig_3728	0	94402	5.0
contig_3729	0	75705	1.0
contig_3730	0	100000	2.0
contig_3730	100000	200000	2.0
contig_3730	200000	300000	2.0
contig_3730	300000	312523	1.0
contig_3731	0	100000	2.0
contig_3731	400000	500000	1.0
contig_3731	500000	600000	5.0
contig_3731	600000	700000	1.0
contig_3731	800000	900000	1.0
contig_3731	900000	1000000	2.0
contig_3731	1000000	1100000	2.0
contig_3731	1200000	1300000	1.0
contig_3731	1300000	1400000	1.0
contig_3731	1500000	1600000	1.0
contig_3731	1600000	1700000	2.0
contig_3731	1700000	1800000	3.0
contig_3731	1800000	1900000	4.0
contig_3731	2000000	2100000	2.0
contig_3731	2200000	2300000	1.0
contig_3731	2400000	2500000	1.0
contig_3731	2600000	2700000	2.0
contig_3731	2700000	2800000	1.0
contig_3731	3000000	3100000	3.0
contig_3731	3100000	3200000	1.0
contig_3731	3200000	3300000	2.0
contig_3731	3300000	3400000	3.0
contig_3731	3400000	3500000	1.0
contig_3731	3600000	3632708	4.0
contig_3732	0	100000	2.0
contig_3732	100000	200000	1.0
contig_3732	400000	442265	1.0
contig_3733	0	100000	1.0
contig_3733	100000	194758	8.0
contig_3734	0	100000	2.0
contig_3734	100000	135998	1.0
contig_3735	0	93422	4.0
contig_3736	0	100000	1.0
contig_3736	100000	200000	1.0
contig_3736	300000	385874	3.0
contig_3737	0	100000	2.0
contig_3737	100000	150724	2.0
contig_3738	0	61780	1.0
contig_3739	0	100000	2.0
contig_3739	100000	116122	1.0
contig_3740	0	100000	2.0
contig_3740	100000	200000	1.0
contig_3740	200000	300000	2.0
contig_3740	400000	500000	1.0
contig_3740	500000	527668	1.0
contig_3741	0	80095	6.0
contig_3742	0	100000	1.0
contig_3742	100000	129608	1.0
contig_3743	0	100000	6.0
contig_3743	100000	130483	1.0
contig_3744	0	100000	2.0
contig_3744	100000	176661	5.0
contig_3745	0	100000	1.0
contig_3745	100000	200000	1.0
contig_3745	200000	248791	11.0
contig_3746	0	100000	3.0
contig_3746	100000	200000	1.0
contig_3746	200000	239115	3.0
contig_3747	0	9797	1.0
contig_3748	200000	300000	2.0
contig_3748	300000	400000	2.0
contig_3748	400000	500000	4.0
contig_3748	800000	900000	1.0
contig_3748	900000	1000000	3.0
contig_3748	1000000	1100000	1.0
contig_3748	1100000	1200000	1.0
contig_3748	1200000	1300000	3.0
contig_3748	1600000	1700000	3.0
contig_3748	1700000	1794163	2.0
contig_3749	0	100000	1.0
contig_3749	200000	300000	1.0
contig_3749	300000	400000	1.0
contig_3749	400000	500000	7.0
contig_3749	500000	591175	6.0
contig_3750	0	100000	1.0
contig_3750	100000	128975	1.0
contig_3751	0	91824	2.0
contig_3752	0	94139	2.0
contig_3753	0	83318	2.0
contig_3754	0	100000	7.0
contig_3754	100000	200000	6.0
contig_3754	200000	300000	2.0
contig_3754	300000	400000	1.0
contig_3754	400000	500000	1.0
contig_3754	500000	600000	3.0
contig_3754	600000	700000	2.0
contig_3754	700000	800000	3.0
contig_3754	800000	899269	10.0
contig_3755	100000	120672	1.0
contig_3756	0	100000	2.0
contig_3756	100000	200000	2.0
contig_3756	300000	400000	1.0
contig_3756	400000	500000	4.0
contig_3756	500000	600000	3.0
contig_3756	600000	700000	3.0
contig_3756	800000	900000	1.0
contig_3756	900000	946987	1.0
contig_3757	0	100000	4.0
contig_3757	100000	200000	2.0
contig_3758	0	100000	1.0
contig_3758	100000	118253	2.0
contig_3759	0	100000	2.0
contig_3759	100000	143594	3.0
contig_3760	0	100000	2.0
contig_3762	0	100000	9.0
contig_3762	100000	200000	13.0
contig_3762	200000	300000	9.0
contig_3762	300000	400000	12.0
contig_3762	400000	470454	16.0
contig_3763	0	100000	2.0
contig_3763	100000	200000	1.0
contig_3763	400000	424118	3.0
contig_3765	0	68917	2.0
contig_3766	100000	200000	1.0
contig_3766	200000	300000	2.0
contig_3766	300000	371586	2.0
contig_3767	0	100000	4.0
contig_3767	100000	200000	3.0
contig_3767	200000	300000	1.0
contig_3767	300000	400000	1.0
contig_3767	400000	460752	1.0
contig_3768	0	100000	1.0
contig_3769	0	100000	3.0
contig_3769	100000	144597	2.0
contig_3770	100000	200000	1.0
contig_3770	200000	300000	5.0
contig_3770	300000	400000	1.0
contig_3770	400000	476769	2.0
contig_3771	0	81962	5.0
contig_3772	200000	276086	3.0
contig_3773	0	100000	1.0
contig_3773	100000	200000	4.0
contig_3773	200000	268928	4.0
contig_3774	0	100000	2.0
contig_3774	100000	200000	3.0
contig_3774	200000	300000	3.0
contig_3774	300000	400000	1.0
contig_3774	400000	500000	1.0
contig_3774	500000	600000	2.0
contig_3774	600000	700000	1.0
contig_3774	700000	800000	3.0
contig_3774	800000	900000	5.0
contig_3774	900000	1000000	4.0
contig_3774	1000000	1100000	5.0
contig_3774	1100000	1200000	2.0
contig_3774	1200000	1300000	4.0
contig_3774	1300000	1400000	4.0
contig_3774	1400000	1500000	1.0
contig_3774	1600000	1700000	4.0
contig_3774	1700000	1800000	2.0
contig_3774	1900000	2000000	5.0
contig_3774	2200000	2300000	3.0
contig_3774	2300000	2400000	1.0
contig_3774	2400000	2482959	6.0
contig_3775	0	100000	4.0
contig_3775	100000	200000	2.0
contig_3775	200000	300000	3.0
contig_3775	400000	409656	1.0
contig_3776	0	100000	1.0
contig_3776	100000	200000	2.0
contig_3776	200000	210656	1.0
contig_3777	100000	200000	1.0
contig_3777	200000	298399	3.0
contig_3778	0	100000	1.0
contig_3778	100000	200000	2.0
contig_3778	200000	300000	2.0
contig_3778	300000	400000	5.0
contig_3778	400000	456333	3.0
contig_3779	200000	300000	1.0
contig_3779	500000	600000	2.0
contig_3779	600000	700000	3.0
contig_3779	700000	800000	4.0
contig_3779	1000000	1100000	1.0
contig_3779	1100000	1200000	1.0
contig_3779	1200000	1300000	5.0
contig_3779	1300000	1400000	1.0
contig_3779	1400000	1500000	3.0
contig_3779	1500000	1600000	3.0
contig_3779	1700000	1800000	2.0
contig_3779	1800000	1899470	5.0
contig_3780	0	100000	6.0
contig_3780	100000	181150	1.0
contig_3781	0	67545	2.0
contig_3782	0	100000	2.0
contig_3783	0	100000	4.0
contig_3783	100000	200000	1.0
contig_3783	200000	300000	2.0
contig_3783	300000	400000	2.0
contig_3783	400000	500000	1.0
contig_3783	500000	600000	2.0
contig_3783	600000	700000	2.0
contig_3783	700000	800000	5.0
contig_3783	800000	900000	5.0
contig_3783	900000	1000000	1.0
contig_3783	1000000	1100000	6.0
contig_3783	1100000	1200000	1.0
contig_3783	1400000	1500000	1.0
contig_3783	1500000	1600000	4.0
contig_3783	1600000	1644772	1.0
contig_3784	0	100000	4.0
contig_3784	100000	200000	2.0
contig_3784	200000	300000	1.0
contig_3784	300000	400000	1.0
contig_3784	400000	500000	3.0
contig_3784	500000	600000	4.0
contig_3784	600000	700000	1.0
contig_3784	700000	800000	1.0
contig_3784	900000	1000000	1.0
contig_3784	1000000	1100000	1.0
contig_3784	1100000	1200000	1.0
contig_3784	1200000	1206586	1.0
contig_3785	0	100000	4.0
contig_3785	100000	131651	1.0
contig_3786	0	100000	2.0
contig_3786	100000	200000	1.0
contig_3786	200000	300000	2.0
contig_3786	300000	400000	2.0
contig_3786	500000	594721	1.0
contig_3787	0	100000	1.0
contig_3787	100000	200000	4.0
contig_3787	200000	300000	1.0
contig_3787	300000	400000	2.0
contig_3788	0	96667	1.0
contig_3789	0	100000	1.0
contig_3789	100000	123216	1.0
contig_3790	0	100000	4.0
contig_3790	100000	200000	3.0
contig_3790	300000	400000	1.0
contig_3791	0	100000	3.0
contig_3791	100000	200000	1.0
contig_3791	200000	300000	1.0
contig_3791	300000	334901	3.0
contig_3792	0	100000	4.0
contig_3792	100000	200000	2.0
contig_3792	200000	300000	5.0
contig_3792	300000	400000	3.0
contig_3792	400000	500000	1.0
contig_3792	500000	600000	1.0
contig_3792	600000	651604	1.0
contig_3793	0	100000	1.0
contig_3793	100000	200000	1.0
contig_3793	200000	250198	1.0
contig_3794	0	100000	7.0
contig_3794	100000	103960	1.0
contig_3795	0	100000	2.0
contig_3795	100000	200000	2.0
contig_3795	200000	300000	3.0
contig_3795	300000	320228	2.0
contig_3796	0	100000	1.0
contig_3796	100000	200000	1.0
contig_3796	300000	400000	5.0
contig_3796	400000	444499	2.0
contig_3797	0	100000	3.0
contig_3797	100000	172378	4.0
contig_3798	0	100000	1.0
contig_3798	100000	200000	1.0
contig_3798	200000	300000	5.0
contig_3798	300000	400000	3.0
contig_3798	400000	434809	2.0
contig_3799	0	100000	5.0
contig_3799	300000	400000	4.0
contig_3799	400000	500000	5.0
contig_3799	500000	512280	1.0
contig_3800	200000	265841	1.0
contig_3801	0	100000	1.0
contig_3801	100000	200000	4.0
contig_3801	300000	400000	3.0
contig_3802	0	94185	1.0
contig_3803	0	100000	1.0
contig_3803	100000	200000	4.0
contig_3803	200000	217163	1.0
contig_3804	0	100000	4.0
contig_3804	100000	200000	1.0
contig_3804	200000	300000	4.0
contig_3804	300000	400000	2.0
contig_3804	400000	500000	3.0
contig_3804	500000	520171	1.0
contig_3805	0	92346	3.0
contig_3806	100000	200000	2.0
contig_3806	200000	300000	1.0
contig_3806	300000	333819	1.0
contig_3807	0	100000	3.0
contig_3807	100000	144518	1.0
contig_3808	0	99711	1.0
contig_3810	0	100000	5.0
contig_3810	200000	300000	1.0
contig_3810	300000	400000	2.0
contig_3810	400000	500000	4.0
contig_3810	500000	600000	3.0
contig_3810	600000	700000	2.0
contig_3810	800000	900000	3.0
contig_3810	900000	1000000	4.0
contig_3810	1000000	1100000	4.0
contig_3810	1300000	1400000	1.0
contig_3810	1400000	1500000	2.0
contig_3810	1500000	1600000	1.0
contig_3810	1600000	1700000	6.0
contig_3810	1700000	1800000	1.0
contig_3810	1800000	1850792	1.0
contig_3811	200000	300000	6.0
contig_3811	300000	383843	4.0
contig_3812	100000	154643	1.0
contig_3813	0	100000	5.0
contig_3813	100000	165106	2.0
contig_3814	0	80472	3.0
contig_3815	0	2205	2.0
contig_3816	0	100000	3.0
contig_3816	100000	132569	2.0
contig_3817	0	93128	1.0
contig_3818	0	100000	3.0
contig_3818	100000	171282	3.0
contig_3819	0	100000	10.0
contig_3819	100000	200000	2.0
contig_3819	200000	300000	1.0
contig_3819	400000	500000	1.0
contig_3819	500000	600000	5.0
contig_3819	600000	700000	4.0
contig_3819	700000	800000	5.0
contig_3819	900000	1000000	3.0
contig_3819	1000000	1100000	5.0
contig_3819	1100000	1200000	2.0
contig_3819	1200000	1300000	2.0
contig_3819	1300000	1400000	4.0
contig_3819	1400000	1500000	2.0
contig_3819	1500000	1600000	1.0
contig_3819	1600000	1700000	1.0
contig_3819	1700000	1800000	1.0
contig_3819	1900000	2000000	1.0
contig_3819	2000000	2100000	3.0
contig_3819	2100000	2200000	1.0
contig_3819	2200000	2265985	1.0
contig_3820	100000	103609	1.0
contig_3821	0	100000	5.0
contig_3821	100000	200000	1.0
contig_3821	200000	300000	5.0
contig_3821	300000	312592	1.0
contig_3822	0	100000	2.0
contig_3822	100000	200000	1.0
contig_3822	200000	259775	3.0
contig_3823	100000	200000	1.0
contig_3823	200000	300000	1.0
contig_3823	300000	400000	3.0
contig_3823	400000	500000	1.0
contig_3823	500000	600000	3.0
contig_3823	600000	700000	3.0
contig_3823	700000	800000	4.0
contig_3823	800000	900000	5.0
contig_3823	900000	1000000	4.0
contig_3823	1000000	1100000	4.0
contig_3823	1100000	1200000	1.0
contig_3823	1200000	1300000	1.0
contig_3823	1300000	1400000	3.0
contig_3823	1400000	1500000	1.0
contig_3823	1500000	1600000	1.0
contig_3823	1600000	1700000	1.0
contig_3823	2000000	2006073	1.0
contig_3824	0	100000	3.0
contig_3824	100000	200000	4.0
contig_3824	200000	300000	2.0
contig_3824	300000	329645	1.0
contig_3825	0	100000	3.0
contig_3825	100000	154432	2.0
contig_3826	0	76323	2.0
contig_3827	0	100000	1.0
contig_3827	100000	200000	2.0
contig_3827	200000	300000	5.0
contig_3827	300000	400000	2.0
contig_3827	400000	500000	3.0
contig_3827	500000	600000	1.0
contig_3827	600000	700000	2.0
contig_3827	700000	800000	1.0
contig_3827	900000	965523	6.0
contig_3828	0	100000	2.0
contig_3828	100000	200000	1.0
contig_3828	300000	400000	1.0
contig_3828	600000	700000	2.0
contig_3828	700000	738981	1.0
contig_3829	0	100000	8.0
contig_3829	100000	137392	1.0
contig_3830	0	100000	4.0
contig_3830	100000	139445	1.0
contig_3831	0	100000	4.0
contig_3831	200000	300000	1.0
contig_3831	300000	400000	5.0
contig_3831	400000	500000	3.0
contig_3831	500000	504732	1.0
contig_3832	0	100000	2.0
contig_3832	100000	200000	1.0
contig_3832	300000	400000	3.0
contig_3832	400000	500000	1.0
contig_3832	500000	554850	1.0
contig_3833	0	100000	6.0
contig_3833	100000	105815	2.0
contig_3834	0	100000	4.0
contig_3834	100000	200000	3.0
contig_3834	200000	300000	4.0
contig_3834	300000	400000	2.0
contig_3834	400000	500000	3.0
contig_3834	500000	600000	2.0
contig_3834	600000	700000	2.0
contig_3834	700000	800000	3.0
contig_3834	800000	900000	3.0
contig_3834	900000	1000000	1.0
contig_3834	1200000	1285464	2.0
contig_3835	0	100000	5.0
contig_3835	200000	300000	1.0
contig_3835	300000	400000	4.0
contig_3835	400000	484418	2.0
contig_3836	0	100000	2.0
contig_3836	100000	177528	1.0
contig_3837	0	100000	4.0
contig_3837	100000	200000	3.0
contig_3837	200000	205988	3.0
contig_3838	0	57754	1.0
contig_3839	100000	197430	2.0
contig_3840	100000	142420	1.0
contig_3842	0	100000	1.0
contig_3842	100000	200000	4.0
contig_3842	200000	210661	1.0
contig_3843	0	100000	3.0
contig_3843	100000	128900	1.0
contig_3844	0	100000	5.0
contig_3844	100000	200000	3.0
contig_3844	200000	237177	1.0
contig_3845	0	90130	3.0
contig_3846	100000	141859	2.0
contig_3847	0	100000	2.0
contig_3847	100000	163616	1.0
contig_3848	0	88094	1.0
contig_3849	0	100000	4.0
contig_3849	100000	200000	2.0
contig_3849	200000	300000	1.0
contig_3849	400000	500000	5.0
contig_3849	500000	600000	2.0
contig_3849	600000	648660	1.0
contig_3850	0	100000	7.0
contig_3850	100000	200000	3.0
contig_3850	200000	300000	3.0
contig_3850	300000	400000	2.0
contig_3850	400000	500000	5.0
contig_3850	500000	600000	11.0
contig_3850	600000	700000	3.0
contig_3850	700000	800000	7.0
contig_3850	800000	900000	5.0
contig_3850	900000	1000000	3.0
contig_3850	1000000	1097459	3.0
contig_3851	0	87810	1.0
contig_3852	0	100000	5.0
contig_3852	100000	200000	5.0
contig_3852	200000	300000	6.0
contig_3852	300000	400000	5.0
contig_3852	400000	500000	2.0
contig_3852	500000	600000	3.0
contig_3852	600000	700000	2.0
contig_3852	700000	800000	2.0
contig_3852	800000	900000	1.0
contig_3852	900000	1000000	1.0
contig_3852	1100000	1200000	1.0
contig_3852	1200000	1300000	1.0
contig_3852	1300000	1400000	4.0
contig_3852	1400000	1500000	1.0
contig_3852	1500000	1600000	1.0
contig_3852	1600000	1700000	2.0
contig_3852	1700000	1800000	4.0
contig_3852	1800000	1900000	2.0
contig_3852	1900000	2000000	2.0
contig_3852	2000000	2100000	3.0
contig_3852	2100000	2200000	5.0
contig_3852	2200000	2300000	8.0
contig_3852	2300000	2400000	4.0
contig_3852	2400000	2500000	1.0
contig_3852	2500000	2600000	1.0
contig_3852	2600000	2700000	1.0
contig_3852	2700000	2800000	1.0
contig_3852	2900000	3000000	1.0
contig_3852	3100000	3200000	2.0
contig_3852	3200000	3300000	3.0
contig_3852	3300000	3400000	4.0
contig_3852	3400000	3412594	1.0
contig_3853	0	100000	2.0
contig_3853	100000	200000	1.0
contig_3853	300000	400000	5.0
contig_3853	400000	417931	1.0
contig_3854	0	100000	2.0
contig_3854	100000	134722	3.0
contig_3855	0	100000	1.0
contig_3855	100000	147515	3.0
contig_3856	0	100000	4.0
contig_3856	100000	200000	3.0
contig_3856	200000	300000	3.0
contig_3856	300000	400000	5.0
contig_3856	400000	500000	10.0
contig_3856	500000	600000	1.0
contig_3856	600000	700000	2.0
contig_3856	700000	732558	4.0
contig_3857	200000	300000	1.0
contig_3857	300000	400000	1.0
contig_3857	500000	600000	5.0
contig_3857	600000	700000	5.0
contig_3857	700000	800000	1.0
contig_3857	800000	870492	1.0
contig_3858	0	96944	1.0
contig_3859	0	71059	4.0
contig_3860	0	100000	2.0
contig_3860	100000	163382	3.0
contig_3861	0	63980	1.0
contig_3862	0	100000	1.0
contig_3862	100000	200000	2.0
contig_3862	200000	300000	3.0
contig_3862	300000	400000	1.0
contig_3862	400000	500000	2.0
contig_3862	500000	600000	11.0
contig_3862	600000	700000	1.0
contig_3862	700000	800000	1.0
contig_3862	900000	1000000	4.0
contig_3862	1000000	1100000	1.0
contig_3862	1200000	1300000	2.0
contig_3862	1300000	1400000	3.0
contig_3862	1400000	1500000	1.0
contig_3862	1500000	1600000	1.0
contig_3862	1700000	1800000	1.0
contig_3862	1800000	1900000	2.0
contig_3863	0	100000	1.0
contig_3863	100000	200000	1.0
contig_3863	300000	400000	6.0
contig_3863	400000	500000	5.0
contig_3863	500000	600000	10.0
contig_3863	700000	800000	1.0
contig_3863	900000	1000000	1.0
contig_3863	1000000	1035311	1.0
contig_3864	100000	200000	1.0
contig_3864	200000	238422	2.0
contig_3865	100000	200000	1.0
contig_3865	300000	377431	2.0
contig_3867	0	91709	2.0
contig_3868	0	99714	2.0
contig_3869	0	100000	6.0
contig_3869	100000	200000	1.0
contig_3869	200000	284686	1.0
contig_3870	0	100000	2.0
contig_3870	200000	300000	2.0
contig_3870	300000	400000	2.0
contig_3870	400000	500000	3.0
contig_3870	500000	509300	1.0
contig_3871	0	100000	3.0
contig_3871	100000	135523	3.0
contig_3872	0	100000	1.0
contig_3873	0	100000	5.0
contig_3873	100000	110123	1.0
contig_3874	0	100000	3.0
contig_3874	100000	200000	2.0
contig_3874	200000	264427	1.0
contig_3875	0	100000	2.0
contig_3875	100000	155870	2.0
contig_3876	0	100000	1.0
contig_3876	100000	107091	1.0
contig_3877	0	100000	2.0
contig_3877	100000	200000	1.0
contig_3877	200000	300000	3.0
contig_3877	300000	400000	2.0
contig_3877	400000	500000	1.0
contig_3877	500000	600000	2.0
contig_3877	600000	700000	2.0
contig_3877	700000	800000	1.0
contig_3877	800000	900000	2.0
contig_3877	900000	1000000	1.0
contig_3877	1000000	1100000	6.0
contig_3877	1100000	1200000	12.0
contig_3877	1200000	1300000	3.0
contig_3877	1300000	1400000	1.0
contig_3877	1500000	1600000	3.0
contig_3877	1600000	1700000	3.0
contig_3877	1700000	1800000	1.0
contig_3877	1800000	1900000	1.0
contig_3877	1900000	2000000	1.0
contig_3877	2000000	2100000	1.0
contig_3877	2100000	2200000	1.0
contig_3877	2300000	2400000	1.0
contig_3877	2600000	2700000	1.0
contig_3877	2700000	2786730	5.0
contig_3878	0	100000	2.0
contig_3878	100000	200000	2.0
contig_3878	200000	228388	1.0
contig_3879	0	100000	3.0
contig_3879	100000	200000	4.0
contig_3879	200000	300000	1.0
contig_3879	300000	400000	3.0
contig_3879	400000	471820	4.0
contig_3880	0	100000	3.0
contig_3881	0	81498	3.0
contig_3882	0	100000	1.0
contig_3882	100000	200000	4.0
contig_3882	200000	273510	2.0
contig_3883	0	100000	1.0
contig_3883	100000	200000	2.0
contig_3883	200000	300000	1.0
contig_3883	300000	336935	1.0
contig_3884	0	100000	6.0
contig_3884	100000	200000	2.0
contig_3884	200000	214931	1.0
contig_3885	0	100000	1.0
contig_3885	100000	200000	6.0
contig_3885	200000	300000	5.0
contig_3885	300000	400000	2.0
contig_3885	400000	500000	2.0
contig_3885	500000	547490	2.0
contig_3886	0	100000	6.0
contig_3886	100000	200000	1.0
contig_3886	200000	240005	1.0
contig_3887	200000	300000	2.0
contig_3887	300000	400000	6.0
contig_3887	400000	401249	1.0
contig_3888	0	100000	1.0
contig_3888	100000	200000	3.0
contig_3888	200000	274578	6.0
contig_3889	0	100000	3.0
contig_3889	100000	200000	3.0
contig_3889	200000	210341	1.0
contig_3890	0	100000	4.0
contig_3890	100000	200000	1.0
contig_3890	200000	300000	1.0
contig_3890	300000	400000	1.0
contig_3890	400000	500000	3.0
contig_3890	500000	543411	1.0
contig_3891	0	92063	4.0
contig_3892	100000	200000	1.0
contig_3892	200000	300000	3.0
contig_3892	300000	400000	1.0
contig_3892	400000	460851	3.0
contig_3893	0	100000	1.0
contig_3893	100000	176279	1.0
contig_3894	200000	258815	1.0
contig_3895	0	58422	3.0
contig_3896	0	100000	6.0
contig_3896	100000	119927	1.0
contig_3897	0	100000	4.0
contig_3897	200000	276404	8.0
contig_3898	0	100000	2.0
contig_3898	100000	181869	1.0
contig_3899	0	100000	3.0
contig_3899	100000	200000	1.0
contig_3899	200000	300000	2.0
contig_3899	300000	400000	2.0
contig_3899	400000	471409	4.0
contig_3900	0	98674	6.0
contig_3901	0	100000	1.0
contig_3901	100000	190331	3.0
contig_3903	0	100000	2.0
contig_3903	200000	281101	1.0
contig_3904	0	100000	3.0
contig_3904	100000	197956	2.0
contig_3905	0	100000	2.0
contig_3905	100000	126554	2.0
contig_3906	0	100000	2.0
contig_3906	100000	200000	1.0
contig_3906	300000	400000	3.0
contig_3906	400000	500000	4.0
contig_3906	500000	600000	1.0
contig_3906	700000	800000	2.0
contig_3906	800000	900000	2.0
contig_3906	900000	1000000	2.0
contig_3906	1000000	1100000	2.0
contig_3906	1100000	1200000	3.0
contig_3906	1200000	1300000	1.0
contig_3906	1300000	1400000	5.0
contig_3906	1400000	1500000	1.0
contig_3906	1500000	1600000	1.0
contig_3906	1600000	1700000	2.0
contig_3906	1700000	1800000	4.0
contig_3906	1800000	1900000	2.0
contig_3906	1900000	2000000	2.0
contig_3906	2000000	2100000	7.0
contig_3906	2200000	2300000	2.0
contig_3906	2300000	2400000	1.0
contig_3906	2400000	2500000	1.0
contig_3906	2500000	2600000	1.0
contig_3906	2600000	2698986	1.0
contig_3907	0	100000	3.0
contig_3907	100000	200000	4.0
contig_3907	200000	300000	1.0
contig_3907	400000	429451	1.0
contig_3908	0	100000	2.0
contig_3908	100000	200000	1.0
contig_3908	200000	300000	1.0
contig_3908	300000	371835	2.0
contig_3909	0	100000	1.0
contig_3909	100000	200000	4.0
contig_3909	200000	279029	5.0
contig_3910	0	100000	2.0
contig_3910	100000	200000	1.0
contig_3910	200000	276326	1.0
contig_3911	0	100000	5.0
contig_3911	100000	200000	2.0
contig_3911	200000	223087	4.0
contig_3912	0	100000	2.0
contig_3912	100000	200000	6.0
contig_3912	200000	200240	1.0
contig_3913	0	100000	4.0
contig_3913	100000	200000	2.0
contig_3913	200000	300000	1.0
contig_3913	300000	400000	2.0
contig_3913	400000	500000	3.0
contig_3913	500000	600000	3.0
contig_3913	600000	661215	3.0
contig_3914	0	86492	2.0
contig_3915	0	100000	3.0
contig_3915	100000	200000	4.0
contig_3915	200000	300000	2.0
contig_3915	300000	400000	1.0
contig_3915	400000	500000	1.0
contig_3915	500000	600000	2.0
contig_3915	700000	800000	2.0
contig_3915	800000	900000	1.0
contig_3915	900000	1000000	1.0
contig_3915	1000000	1100000	3.0
contig_3915	1100000	1200000	2.0
contig_3915	1200000	1300000	5.0
contig_3915	1300000	1400000	7.0
contig_3915	1400000	1500000	1.0
contig_3915	1500000	1600000	3.0
contig_3915	1600000	1700000	4.0
contig_3915	1700000	1800000	8.0
contig_3915	1800000	1900000	3.0
contig_3915	1900000	2000000	3.0
contig_3915	2000000	2100000	1.0
contig_3915	2200000	2300000	5.0
contig_3915	2300000	2400000	2.0
contig_3915	2400000	2500000	2.0
contig_3915	2500000	2600000	6.0
contig_3915	2600000	2700000	5.0
contig_3915	2700000	2800000	1.0
contig_3915	2800000	2900000	5.0
contig_3915	2900000	3000000	1.0
contig_3915	3000000	3100000	6.0
contig_3915	3200000	3257882	4.0
contig_3916	0	100000	8.0
contig_3916	100000	187874	2.0
contig_3917	0	100000	4.0
contig_3917	100000	114527	3.0
contig_3918	0	100000	8.0
contig_3918	100000	200000	7.0
contig_3918	200000	300000	4.0
contig_3918	300000	356060	1.0
contig_3919	100000	125038	6.0
contig_3920	0	69941	2.0
contig_3921	0	100000	5.0
contig_3921	100000	200000	2.0
contig_3921	200000	300000	1.0
contig_3921	300000	400000	3.0
contig_3921	400000	500000	1.0
contig_3921	500000	513621	1.0
contig_3922	0	63889	2.0
contig_3923	0	100000	2.0
contig_3923	100000	105910	1.0
contig_3924	0	100000	5.0
contig_3924	100000	200000	2.0
contig_3924	200000	288608	5.0
contig_3925	0	100000	2.0
contig_3925	100000	129974	1.0
contig_3926	0	100000	2.0
contig_3926	100000	200000	5.0
contig_3926	200000	300000	3.0
contig_3926	300000	400000	2.0
contig_3926	500000	600000	4.0
contig_3926	600000	700000	7.0
contig_3926	700000	800000	2.0
contig_3926	800000	900000	6.0
contig_3926	900000	1000000	2.0
contig_3926	1000000	1100000	3.0
contig_3926	1100000	1200000	5.0
contig_3926	1200000	1300000	2.0
contig_3926	1300000	1400000	3.0
contig_3926	1400000	1500000	1.0
contig_3926	1500000	1600000	1.0
contig_3926	1600000	1700000	2.0
contig_3926	1700000	1800000	1.0
contig_3926	1800000	1900000	3.0
contig_3926	1900000	2000000	13.0
contig_3926	2000000	2100000	5.0
contig_3926	2100000	2200000	1.0
contig_3926	2200000	2300000	3.0
contig_3926	2300000	2337367	3.0
contig_3927	0	100000	2.0
contig_3927	100000	157562	4.0
contig_3928	0	100000	3.0
contig_3928	100000	154099	4.0
contig_3929	0	83956	7.0
contig_3930	0	100000	3.0
contig_3930	100000	200000	2.0
contig_3930	200000	287425	2.0
contig_3931	0	100000	2.0
contig_3931	100000	118473	2.0
contig_3932	0	100000	5.0
contig_3932	100000	200000	5.0
contig_3932	200000	282487	2.0
contig_3933	0	100000	5.0
contig_3933	100000	130706	1.0
contig_3934	0	100000	1.0
contig_3934	100000	200000	1.0
contig_3934	200000	300000	5.0
contig_3934	300000	400000	4.0
contig_3934	400000	500000	3.0
contig_3934	500000	600000	1.0
contig_3934	600000	700000	1.0
contig_3934	800000	900000	2.0
contig_3934	900000	1000000	2.0
contig_3934	1200000	1300000	3.0
contig_3934	1400000	1500000	3.0
contig_3934	1500000	1561536	3.0
contig_3935	0	100000	3.0
contig_3935	100000	200000	2.0
contig_3935	200000	300000	3.0
contig_3935	300000	366729	2.0
contig_3936	100000	200000	2.0
contig_3936	200000	300000	2.0
contig_3936	300000	335528	1.0
contig_3937	0	100000	1.0
contig_3937	100000	167550	4.0
contig_3938	0	100000	4.0
contig_3938	100000	200000	8.0
contig_3938	200000	251460	3.0
contig_3939	0	100000	1.0
contig_3939	100000	200000	5.0
contig_3939	200000	300000	4.0
contig_3939	300000	400000	3.0
contig_3939	400000	414623	1.0
contig_3940	0	100000	4.0
contig_3940	100000	200000	1.0
contig_3940	200000	222254	3.0
contig_3941	0	100000	6.0
contig_3941	100000	200000	3.0
contig_3941	200000	300000	2.0
contig_3941	300000	400000	5.0
contig_3941	400000	500000	3.0
contig_3941	600000	700000	2.0
contig_3941	700000	724863	1.0
contig_3942	0	100000	4.0
contig_3942	100000	200000	1.0
contig_3942	200000	300000	2.0
contig_3942	300000	400000	1.0
contig_3942	400000	451452	1.0
contig_3943	0	100000	3.0
contig_3943	100000	200000	5.0
contig_3943	200000	300000	5.0
contig_3943	300000	328996	1.0
contig_3944	0	100000	8.0
contig_3944	100000	200000	5.0
contig_3944	200000	300000	2.0
contig_3944	300000	400000	2.0
contig_3944	400000	500000	1.0
contig_3944	500000	600000	1.0
contig_3944	600000	700000	2.0
contig_3944	700000	800000	1.0
contig_3944	800000	899185	2.0
contig_3945	0	100000	1.0
contig_3945	100000	200000	2.0
contig_3945	200000	300000	5.0
contig_3945	400000	500000	5.0
contig_3945	500000	553904	1.0
contig_3946	0	100000	2.0
contig_3946	100000	139830	4.0
contig_3947	0	100000	2.0
contig_3947	100000	185855	4.0
contig_3948	0	100000	4.0
contig_3948	100000	200000	1.0
contig_3948	200000	300000	1.0
contig_3948	300000	400000	1.0
contig_3948	400000	500000	2.0
contig_3948	500000	600000	3.0
contig_3948	600000	700000	1.0
contig_3948	700000	800000	1.0
contig_3948	800000	900000	1.0
contig_3948	900000	1000000	1.0
contig_3948	1500000	1600000	1.0
contig_3948	1600000	1700000	2.0
contig_3948	1700000	1800000	1.0
contig_3948	2200000	2300000	1.0
contig_3948	2400000	2500000	2.0
contig_3948	2500000	2600000	2.0
contig_3948	2600000	2700000	1.0
contig_3948	2700000	2800000	2.0
contig_3948	2900000	2989326	4.0
contig_3949	0	100000	3.0
contig_3949	100000	108792	2.0
contig_3950	0	100000	2.0
contig_3950	100000	123661	6.0
contig_3951	0	100000	3.0
contig_3951	100000	200000	2.0
contig_3951	200000	223530	2.0
contig_3952	0	100000	2.0
contig_3952	100000	200000	4.0
contig_3952	200000	299510	2.0
contig_3953	0	100000	4.0
contig_3953	100000	200000	3.0
contig_3953	200000	265492	7.0
contig_3954	0	100000	4.0
contig_3954	100000	166245	2.0
contig_3955	0	100000	2.0
contig_3955	100000	192871	2.0
contig_3956	0	100000	1.0
contig_3956	100000	140451	2.0
contig_3957	0	68592	1.0
contig_3959	0	100000	2.0
contig_3959	100000	200000	7.0
contig_3959	200000	221693	1.0
contig_3960	0	100000	2.0
contig_3960	100000	200000	5.0
contig_3960	200000	201357	1.0
contig_3961	0	100000	2.0
contig_3961	100000	195189	3.0
contig_3962	0	100000	1.0
contig_3962	100000	200000	1.0
contig_3962	200000	300000	1.0
contig_3962	400000	500000	1.0
contig_3962	500000	600000	3.0
contig_3962	600000	700000	2.0
contig_3962	700000	800000	5.0
contig_3962	800000	900000	1.0
contig_3962	1300000	1400000	1.0
contig_3962	1400000	1500000	2.0
contig_3962	1500000	1600000	1.0
contig_3962	1600000	1700000	2.0
contig_3962	1700000	1800000	1.0
contig_3962	1800000	1900000	4.0
contig_3962	1900000	2000000	4.0
contig_3962	2000000	2100000	1.0
contig_3962	2300000	2400000	1.0
contig_3962	2400000	2500000	1.0
contig_3962	2500000	2600000	3.0
contig_3962	2600000	2645155	1.0
contig_3963	0	100000	1.0
contig_3963	100000	200000	1.0
contig_3963	200000	300000	2.0
contig_3963	300000	316013	1.0
contig_3964	0	100000	7.0
contig_3964	100000	142850	2.0
contig_3965	0	14010	1.0
contig_3966	0	100000	4.0
contig_3966	100000	154874	3.0
contig_3967	100000	178412	3.0
contig_3968	0	95412	2.0
contig_3969	0	100000	1.0
contig_3969	100000	137869	2.0
contig_3970	0	100000	8.0
contig_3970	200000	300000	1.0
contig_3970	500000	569646	2.0
contig_3971	0	100000	3.0
contig_3971	100000	200000	1.0
contig_3971	200000	204249	1.0
contig_3972	0	100000	5.0
contig_3972	100000	200000	8.0
contig_3972	200000	229464	3.0
contig_3973	0	100000	2.0
contig_3973	100000	200000	3.0
contig_3973	200000	300000	1.0
contig_3973	300000	400000	1.0
contig_3973	500000	500394	1.0
contig_3974	0	100000	2.0
contig_3974	100000	200000	4.0
contig_3974	200000	300000	4.0
contig_3974	300000	375246	4.0
contig_3975	0	100000	1.0
contig_3975	100000	178294	5.0
contig_3976	0	100000	5.0
contig_3976	100000	200000	4.0
contig_3976	200000	222140	1.0
contig_3977	0	100000	4.0
contig_3977	100000	198427	2.0
contig_3978	100000	200000	1.0
contig_3978	200000	300000	2.0
contig_3978	300000	399127	1.0
contig_3979	0	100000	4.0
contig_3979	100000	127148	2.0
contig_3980	0	100000	3.0
contig_3980	100000	200000	1.0
contig_3980	200000	239219	1.0
contig_3981	0	100000	1.0
contig_3981	100000	200000	2.0
contig_3981	200000	204686	2.0
contig_3983	0	100000	1.0
contig_3983	100000	200000	3.0
contig_3983	200000	216577	3.0
contig_3984	0	100000	2.0
contig_3984	100000	200000	3.0
contig_3984	200000	234213	2.0
contig_3985	0	95171	5.0
contig_3986	0	100000	2.0
contig_3986	100000	200000	1.0
contig_3987	0	100000	3.0
contig_3987	100000	200000	1.0
contig_3987	200000	213245	1.0
contig_3988	0	100000	2.0
contig_3988	100000	194790	8.0
contig_3989	0	100000	3.0
contig_3989	100000	200000	1.0
contig_3989	200000	300000	2.0
contig_3989	300000	400000	1.0
contig_3989	400000	500000	4.0
contig_3989	600000	700000	1.0
contig_3989	700000	796928	2.0
contig_3990	0	100000	3.0
contig_3990	100000	200000	4.0
contig_3991	0	98145	3.0
contig_3992	0	100000	1.0
contig_3992	100000	200000	6.0
contig_3992	200000	254671	3.0
contig_3993	0	48362	2.0
contig_3994	0	100000	2.0
contig_3994	100000	200000	2.0
contig_3994	200000	300000	2.0
contig_3994	300000	400000	2.0
contig_3994	400000	417827	1.0
contig_3995	0	100000	3.0
contig_3995	100000	153368	2.0
contig_3996	0	100000	2.0
contig_3996	100000	112632	1.0
contig_3997	0	100000	5.0
contig_3997	100000	200000	3.0
contig_3997	200000	300000	2.0
contig_3997	300000	377911	5.0
contig_3998	0	100000	3.0
contig_3998	100000	200000	3.0
contig_3998	200000	300000	2.0
contig_3998	300000	366311	3.0
contig_3999	0	100000	4.0
contig_3999	100000	183888	2.0
contig_4000	0	100000	5.0
contig_4000	100000	200000	7.0
contig_4000	200000	208111	1.0
contig_4001	0	100000	2.0
contig_4001	100000	200000	2.0
contig_4001	200000	300000	6.0
contig_4001	300000	400000	4.0
contig_4001	400000	500000	1.0
contig_4001	500000	600000	8.0
contig_4002	100000	200000	3.0
contig_4002	200000	300000	3.0
contig_4002	300000	400000	3.0
contig_4002	400000	500000	6.0
contig_4002	500000	600000	1.0
contig_4002	600000	644390	1.0
contig_4003	0	100000	5.0
contig_4003	100000	200000	1.0
contig_4003	200000	287048	3.0
contig_4004	0	92713	2.0
contig_4005	0	77096	3.0
contig_4006	0	100000	2.0
contig_4006	100000	200000	3.0
contig_4006	200000	300000	2.0
contig_4006	300000	400000	2.0
contig_4006	400000	500000	2.0
contig_4006	500000	557045	1.0
contig_4007	0	59643	3.0
contig_4008	0	100000	5.0
contig_4008	100000	113899	2.0
contig_4009	0	87118	3.0
contig_4010	0	100000	3.0
contig_4010	100000	114765	1.0
contig_4011	0	100000	4.0
contig_4011	100000	200000	1.0
contig_4011	200000	300000	2.0
contig_4011	300000	400000	1.0
contig_4011	400000	500000	1.0
contig_4011	500000	564329	4.0
contig_4012	100000	137408	1.0
contig_4013	100000	200000	1.0
contig_4013	200000	300000	2.0
contig_4013	300000	400000	2.0
contig_4013	400000	500000	1.0
contig_4013	600000	700000	1.0
contig_4013	700000	800000	2.0
contig_4013	800000	900000	1.0
contig_4013	900000	908285	1.0
contig_4014	0	100000	2.0
contig_4014	100000	129670	1.0
contig_4015	0	100000	3.0
contig_4015	100000	193263	3.0
contig_4016	0	13694	1.0
contig_4017	100000	141098	3.0
contig_4018	0	100000	1.0
contig_4018	100000	104738	1.0
contig_4019	0	100000	2.0
contig_4019	100000	200000	1.0
contig_4019	200000	300000	3.0
contig_4019	300000	302316	1.0
contig_4020	100000	200000	3.0
contig_4020	200000	286516	1.0
contig_4022	0	100000	2.0
contig_4022	100000	200000	2.0
contig_4022	200000	300000	3.0
contig_4022	300000	400000	1.0
contig_4022	400000	500000	1.0
contig_4022	500000	600000	1.0
contig_4022	600000	642962	1.0
contig_4023	0	100000	2.0
contig_4023	100000	200000	3.0
contig_4023	200000	300000	8.0
contig_4023	300000	400000	1.0
contig_4024	0	100000	11.0
contig_4024	100000	200000	1.0
contig_4024	200000	300000	4.0
contig_4024	300000	400000	4.0
contig_4024	400000	413924	2.0
contig_4025	0	100000	1.0
contig_4025	100000	200000	1.0
contig_4026	0	100000	3.0
contig_4026	100000	200000	3.0
contig_4026	200000	300000	9.0
contig_4026	300000	400000	2.0
contig_4026	400000	466949	5.0
contig_4027	0	55394	1.0
contig_4028	0	49644	3.0
contig_4029	0	100000	1.0
contig_4029	100000	200000	9.0
contig_4029	200000	204632	2.0
contig_4030	0	100000	5.0
contig_4030	100000	148674	1.0
contig_4031	0	100000	4.0
contig_4031	100000	160953	5.0
contig_4032	0	100000	3.0
contig_4032	100000	200000	4.0
contig_4032	200000	300000	1.0
contig_4032	300000	339695	2.0
contig_4033	0	100000	1.0
contig_4033	100000	200000	1.0
contig_4033	200000	287753	9.0
contig_4034	0	100000	2.0
contig_4034	100000	200000	1.0
contig_4034	200000	300000	2.0
contig_4034	300000	400000	1.0
contig_4034	400000	500000	3.0
contig_4034	500000	561298	2.0
contig_4035	0	100000	5.0
contig_4035	100000	193331	6.0
contig_4036	0	100000	2.0
contig_4036	100000	200000	1.0
contig_4036	200000	219518	1.0
contig_4037	200000	300000	4.0
contig_4037	300000	400000	1.0
contig_4037	400000	500000	6.0
contig_4037	500000	600000	4.0
contig_4037	600000	700000	1.0
contig_4037	900000	1000000	2.0
contig_4037	1000000	1100000	2.0
contig_4037	1100000	1200000	1.0
contig_4037	1200000	1300000	1.0
contig_4037	1300000	1400000	3.0
contig_4037	1400000	1500000	1.0
contig_4037	1500000	1600000	3.0
contig_4037	1600000	1700000	6.0
contig_4037	1700000	1800000	5.0
contig_4037	1800000	1900000	2.0
contig_4037	1900000	1997143	2.0
contig_4038	0	100000	5.0
contig_4038	100000	101252	1.0
contig_4039	0	100000	1.0
contig_4039	100000	200000	1.0
contig_4039	200000	300000	1.0
contig_4039	400000	440833	1.0
contig_4040	0	100000	2.0
contig_4040	100000	108679	2.0
contig_4041	0	100000	3.0
contig_4041	100000	200000	1.0
contig_4041	300000	400000	1.0
contig_4041	400000	500000	1.0
contig_4041	600000	700000	2.0
contig_4041	700000	721075	1.0
contig_4042	0	92696	2.0
contig_4043	0	100000	4.0
contig_4043	100000	198659	4.0
contig_4044	0	100000	1.0
contig_4044	100000	152396	4.0
contig_4045	0	100000	8.0
contig_4045	100000	112597	1.0
contig_4046	0	100000	3.0
contig_4046	100000	200000	10.0
contig_4046	200000	300000	9.0
contig_4046	300000	400000	5.0
contig_4046	400000	500000	1.0
contig_4046	600000	700000	2.0
contig_4046	700000	800000	1.0
contig_4046	900000	1000000	5.0
contig_4046	1000000	1100000	1.0
contig_4046	1100000	1200000	2.0
contig_4046	1200000	1300000	3.0
contig_4046	1300000	1400000	2.0
contig_4046	1400000	1500000	2.0
contig_4046	1500000	1600000	1.0
contig_4046	1600000	1700000	6.0
contig_4046	1700000	1800000	1.0
contig_4046	1800000	1858436	1.0
contig_4047	0	100000	7.0
contig_4047	100000	200000	2.0
contig_4047	200000	300000	1.0
contig_4047	300000	400000	2.0
contig_4047	400000	500000	4.0
contig_4047	500000	600000	1.0
contig_4047	600000	700000	4.0
contig_4047	700000	800000	3.0
contig_4047	800000	900000	2.0
contig_4047	900000	1000000	9.0
contig_4047	1000000	1100000	1.0
contig_4047	1100000	1102873	2.0
contig_4048	0	21340	5.0
contig_4049	100000	200000	3.0
contig_4049	200000	257656	4.0
contig_4050	0	100000	3.0
contig_4050	100000	200000	1.0
contig_4050	300000	400000	4.0
contig_4050	400000	433924	3.0
contig_4051	0	100000	1.0
contig_4051	100000	200000	2.0
contig_4051	200000	253673	1.0
contig_4052	0	100000	7.0
contig_4052	100000	132256	3.0
contig_4053	0	100000	3.0
contig_4053	100000	200000	1.0
contig_4053	200000	232828	1.0
contig_4054	0	100000	5.0
contig_4054	100000	157845	5.0
contig_4055	0	100000	1.0
contig_4055	100000	200000	4.0
contig_4055	200000	297012	3.0
contig_4056	0	100000	1.0
contig_4056	100000	162911	1.0
contig_4057	0	63303	3.0
contig_4058	0	100000	1.0
contig_4058	100000	200000	2.0
contig_4058	200000	300000	1.0
contig_4058	300000	315990	1.0
contig_4059	0	47612	5.0
contig_4060	0	100000	3.0
contig_4060	100000	200000	1.0
contig_4060	200000	300000	2.0
contig_4060	300000	311987	4.0
contig_4061	0	100000	3.0
contig_4061	200000	300000	4.0
contig_4061	300000	318047	1.0
contig_4062	0	100000	2.0
contig_4062	100000	162065	1.0
contig_4063	0	100000	5.0
contig_4063	100000	200000	1.0
contig_4063	200000	300000	5.0
contig_4063	300000	332789	1.0
contig_4064	0	100000	4.0
contig_4064	300000	374771	2.0
contig_4065	0	100000	1.0
contig_4065	100000	180803	2.0
contig_4066	0	100000	6.0
contig_4066	100000	200000	3.0
contig_4066	200000	207824	1.0
contig_4067	100000	200000	7.0
contig_4067	300000	400000	1.0
contig_4067	600000	700000	1.0
contig_4067	700000	800000	2.0
contig_4067	800000	900000	6.0
contig_4067	900000	1000000	5.0
contig_4067	1000000	1100000	1.0
contig_4067	1300000	1303712	2.0
contig_4068	0	100000	4.0
contig_4068	100000	200000	4.0
contig_4068	300000	400000	3.0
contig_4068	400000	470463	6.0
contig_4069	0	9644	1.0
contig_4070	200000	300000	2.0
contig_4070	300000	400000	2.0
contig_4070	400000	473000	3.0
contig_4071	0	100000	3.0
contig_4071	100000	187433	1.0
contig_4072	0	100000	3.0
contig_4072	100000	200000	1.0
contig_4073	0	100000	4.0
contig_4073	200000	300000	2.0
contig_4073	300000	400000	2.0
contig_4073	400000	500000	3.0
contig_4073	500000	592496	7.0
contig_4074	0	100000	3.0
contig_4074	100000	200000	1.0
contig_4075	0	100000	1.0
contig_4075	100000	200000	2.0
contig_4075	200000	300000	1.0
contig_4075	300000	337290	2.0
contig_4076	0	74820	3.0
contig_4077	0	100000	5.0
contig_4077	100000	200000	1.0
contig_4077	300000	372096	5.0
contig_4078	0	100000	4.0
contig_4078	100000	200000	2.0
contig_4078	200000	300000	5.0
contig_4078	300000	348942	4.0
contig_4079	0	100000	2.0
contig_4079	100000	200000	1.0
contig_4079	200000	300000	4.0
contig_4079	300000	400000	5.0
contig_4079	400000	417171	1.0
contig_4080	0	81425	2.0
contig_4081	0	100000	1.0
contig_4081	100000	200000	6.0
contig_4081	200000	269455	2.0
contig_4082	0	100000	2.0
contig_4082	100000	107707	1.0
contig_4083	0	100000	5.0
contig_4083	100000	200000	4.0
contig_4083	200000	227307	1.0
contig_4084	0	100000	1.0
contig_4084	100000	128369	3.0
contig_4085	0	100000	2.0
contig_4085	200000	300000	3.0
contig_4085	300000	313028	1.0
contig_4086	0	100000	1.0
contig_4086	100000	200000	6.0
contig_4086	200000	300000	7.0
contig_4086	300000	400000	1.0
contig_4086	400000	483297	4.0
contig_4087	0	100000	3.0
contig_4087	100000	114543	1.0
contig_4088	0	100000	1.0
contig_4089	100000	200000	1.0
contig_4089	200000	300000	6.0
contig_4089	300000	351042	1.0
contig_4090	0	69070	1.0
contig_4091	100000	124790	2.0
contig_4092	0	100000	3.0
contig_4092	100000	200000	3.0
contig_4092	200000	273201	3.0
contig_4093	0	100000	2.0
contig_4093	100000	200000	2.0
contig_4093	200000	300000	3.0
contig_4093	300000	400000	1.0
contig_4093	400000	500000	1.0
contig_4093	500000	576519	2.0
contig_4094	0	100000	3.0
contig_4094	200000	300000	6.0
contig_4094	300000	400000	3.0
contig_4094	400000	500000	3.0
contig_4094	500000	600000	3.0
contig_4094	600000	700000	3.0
contig_4094	700000	706730	1.0
contig_4095	0	100000	6.0
contig_4095	100000	200000	3.0
contig_4095	200000	300000	2.0
contig_4095	400000	500000	8.0
contig_4095	500000	550581	5.0
contig_4096	0	100000	2.0
contig_4096	300000	373968	3.0
contig_4097	0	100000	5.0
contig_4097	100000	200000	3.0
contig_4097	200000	300000	2.0
contig_4097	300000	400000	2.0
contig_4097	400000	500000	3.0
contig_4097	500000	600000	5.0
contig_4097	600000	700000	2.0
contig_4097	700000	748446	1.0
contig_4098	0	100000	3.0
contig_4098	200000	300000	1.0
contig_4098	300000	400000	1.0
contig_4098	500000	568638	3.0
contig_4099	0	100000	2.0
contig_4099	100000	200000	2.0
contig_4099	200000	300000	4.0
contig_4099	300000	400000	1.0
contig_4099	400000	500000	3.0
contig_4099	500000	600000	1.0
contig_4099	600000	700000	1.0
contig_4099	700000	800000	4.0
contig_4100	0	100000	2.0
contig_4100	100000	200000	3.0
contig_4100	200000	300000	2.0
contig_4100	300000	400000	4.0
contig_4100	400000	500000	1.0
contig_4100	600000	700000	2.0
contig_4100	700000	800000	2.0
contig_4100	800000	900000	3.0
contig_4100	900000	989730	1.0
contig_4101	0	100000	1.0
contig_4101	100000	200000	3.0
contig_4101	200000	300000	1.0
contig_4101	300000	354854	1.0
contig_4102	200000	300000	1.0
contig_4102	300000	400000	1.0
contig_4102	400000	500000	6.0
contig_4102	600000	700000	1.0
contig_4102	900000	1000000	1.0
contig_4102	1100000	1200000	1.0
contig_4102	1200000	1300000	3.0
contig_4102	1400000	1500000	1.0
contig_4102	1500000	1600000	2.0
contig_4102	1600000	1700000	2.0
contig_4102	1700000	1800000	6.0
contig_4102	1900000	2000000	1.0
contig_4102	2100000	2200000	3.0
contig_4102	2200000	2225906	2.0
contig_4103	0	100000	5.0
contig_4103	100000	200000	4.0
contig_4103	200000	300000	2.0
contig_4103	400000	500000	2.0
contig_4103	500000	600000	4.0
contig_4103	600000	700000	2.0
contig_4103	700000	755005	8.0
contig_4104	0	100000	1.0
contig_4104	100000	163152	1.0
contig_4106	0	100000	8.0
contig_4106	100000	200000	5.0
contig_4106	200000	270977	2.0
contig_4107	0	100000	2.0
contig_4107	100000	200000	6.0
contig_4107	300000	400000	8.0
contig_4107	400000	500000	1.0
contig_4107	500000	600000	2.0
contig_4107	600000	700000	7.0
contig_4107	700000	800000	3.0
contig_4107	800000	839911	1.0
contig_4108	0	72442	4.0
contig_4109	0	100000	2.0
contig_4109	100000	200000	5.0
contig_4109	200000	300000	2.0
contig_4109	300000	400000	1.0
contig_4109	500000	600000	1.0
contig_4110	0	100000	3.0
contig_4110	100000	200000	3.0
contig_4110	200000	300000	1.0
contig_4110	300000	400000	2.0
contig_4110	400000	500000	1.0
contig_4110	600000	681914	4.0
contig_4111	0	100000	8.0
contig_4111	200000	300000	1.0
contig_4111	300000	400000	1.0
contig_4111	600000	700000	1.0
contig_4112	100000	144440	2.0
contig_4113	0	100000	3.0
contig_4113	100000	200000	1.0
contig_4113	300000	400000	2.0
contig_4113	400000	500000	2.0
contig_4113	500000	523489	2.0
contig_4114	0	100000	2.0
contig_4114	100000	200000	2.0
contig_4114	200000	300000	3.0
contig_4114	300000	400000	1.0
contig_4114	400000	418731	1.0
contig_4115	0	99358	7.0
contig_4116	0	100000	2.0
contig_4116	100000	200000	1.0
contig_4116	500000	600000	2.0
contig_4116	700000	800000	1.0
contig_4117	100000	200000	3.0
contig_4117	300000	381603	1.0
contig_4118	0	56949	5.0
contig_4119	0	100000	2.0
contig_4119	100000	200000	2.0
contig_4119	200000	287106	3.0
contig_4121	0	100000	1.0
contig_4121	100000	200000	1.0
contig_4121	300000	400000	1.0
contig_4121	400000	500000	3.0
contig_4121	500000	541873	3.0
contig_4122	0	100000	1.0
contig_4122	200000	243478	2.0
contig_4123	0	100000	5.0
contig_4123	100000	200000	11.0
contig_4123	200000	300000	6.0
contig_4123	300000	314507	1.0
contig_4124	100000	200000	2.0
contig_4124	300000	400000	1.0
contig_4124	400000	460388	3.0
contig_4125	0	100000	8.0
contig_4125	100000	200000	7.0
contig_4125	200000	300000	4.0
contig_4125	300000	400000	8.0
contig_4125	400000	500000	4.0
contig_4125	500000	600000	1.0
contig_4125	700000	800000	2.0
contig_4125	800000	900000	4.0
contig_4125	900000	1000000	4.0
contig_4125	1000000	1100000	3.0
contig_4125	1100000	1200000	2.0
contig_4125	1200000	1300000	2.0
contig_4125	1300000	1385313	6.0
contig_4126	0	100000	5.0
contig_4126	100000	200000	3.0
contig_4126	200000	300000	1.0
contig_4126	300000	400000	2.0
contig_4126	400000	500000	3.0
contig_4126	500000	600000	4.0
contig_4126	600000	700000	1.0
contig_4126	700000	800000	1.0
contig_4126	800000	900000	2.0
contig_4126	900000	1000000	5.0
contig_4126	1000000	1100000	9.0
contig_4126	1100000	1200000	3.0
contig_4126	1200000	1300000	3.0
contig_4126	1500000	1600000	1.0
contig_4126	1700000	1800000	3.0
contig_4126	1800000	1900000	2.0
contig_4126	1900000	2000000	1.0
contig_4126	2000000	2100000	2.0
contig_4126	2100000	2200000	3.0
contig_4126	2300000	2400000	2.0
contig_4126	2400000	2500000	6.0
contig_4126	2500000	2600000	1.0
contig_4126	2600000	2700000	1.0
contig_4126	2700000	2800000	1.0
contig_4126	2800000	2900000	2.0
contig_4126	2900000	3000000	4.0
contig_4126	3000000	3100000	6.0
contig_4126	3100000	3200000	11.0
contig_4126	3200000	3300000	5.0
contig_4126	3300000	3400000	8.0
contig_4126	3400000	3500000	7.0
contig_4126	3600000	3700000	1.0
contig_4126	3700000	3800000	7.0
contig_4126	3800000	3900000	5.0
contig_4126	3900000	4000000	3.0
contig_4126	4000000	4100000	4.0
contig_4126	4100000	4200000	3.0
contig_4126	4200000	4300000	3.0
contig_4126	4300000	4400000	3.0
contig_4126	4400000	4500000	1.0
contig_4126	4500000	4545781	1.0
contig_4127	0	53871	1.0
contig_4128	0	100000	5.0
contig_4128	100000	200000	1.0
contig_4128	200000	300000	2.0
contig_4128	300000	400000	2.0
contig_4128	400000	419217	1.0
contig_4129	0	100000	7.0
contig_4129	100000	200000	2.0
contig_4129	200000	300000	1.0
contig_4129	300000	400000	1.0
contig_4129	400000	500000	7.0
contig_4129	500000	600000	1.0
contig_4129	600000	700000	4.0
contig_4129	700000	789046	3.0
contig_4130	0	100000	3.0
contig_4130	100000	200000	5.0
contig_4130	200000	300000	2.0
contig_4131	0	100000	3.0
contig_4131	100000	200000	1.0
contig_4131	200000	300000	4.0
contig_4131	300000	390269	3.0
contig_4132	0	100000	4.0
contig_4132	100000	200000	1.0
contig_4132	200000	300000	1.0
contig_4132	300000	400000	1.0
contig_4132	400000	459371	3.0
contig_4133	100000	200000	1.0
contig_4133	300000	400000	2.0
contig_4133	400000	500000	5.0
contig_4133	500000	600000	2.0
contig_4133	600000	700000	1.0
contig_4133	700000	800000	11.0
contig_4133	800000	900000	8.0
contig_4133	900000	1000000	3.0
contig_4133	1000000	1100000	3.0
contig_4133	1100000	1200000	3.0
contig_4133	1200000	1300000	2.0
contig_4133	1300000	1400000	1.0
contig_4133	1400000	1500000	4.0
contig_4133	1500000	1600000	1.0
contig_4133	1600000	1700000	3.0
contig_4133	1700000	1800000	1.0
contig_4133	1800000	1900000	3.0
contig_4133	1900000	2000000	1.0
contig_4133	2000000	2100000	1.0
contig_4133	2100000	2200000	1.0
contig_4133	2300000	2400000	6.0
contig_4133	2400000	2500000	1.0
contig_4133	2800000	2900000	2.0
contig_4133	2900000	3000000	2.0
contig_4133	3000000	3100000	3.0
contig_4133	3100000	3200000	5.0
contig_4133	3400000	3500000	4.0
contig_4133	3500000	3600000	1.0
contig_4133	3600000	3700000	4.0
contig_4133	3700000	3800000	2.0
contig_4133	3800000	3885785	5.0
contig_4134	0	100000	1.0
contig_4134	100000	200000	5.0
contig_4134	300000	400000	2.0
contig_4134	400000	500000	3.0
contig_4134	500000	600000	8.0
contig_4134	600000	700000	6.0
contig_4134	700000	800000	3.0
contig_4134	800000	853519	2.0
contig_4135	100000	200000	1.0
contig_4135	200000	300000	1.0
contig_4135	300000	400000	1.0
contig_4135	600000	700000	2.0
contig_4135	700000	800000	4.0
contig_4135	800000	900000	4.0
contig_4135	900000	914280	1.0
contig_4136	0	100000	6.0
contig_4136	100000	200000	1.0
contig_4136	200000	300000	4.0
contig_4136	300000	400000	3.0
contig_4136	400000	500000	2.0
contig_4136	500000	600000	1.0
contig_4136	600000	700000	2.0
contig_4136	700000	800000	2.0
contig_4136	800000	900000	3.0
contig_4136	900000	1000000	3.0
contig_4136	1000000	1100000	5.0
contig_4136	1100000	1200000	2.0
contig_4136	1200000	1300000	2.0
contig_4136	1300000	1400000	2.0
contig_4136	1400000	1483708	6.0
contig_4137	0	100000	6.0
contig_4137	100000	200000	7.0
contig_4137	200000	300000	1.0
contig_4137	300000	400000	1.0
contig_4137	400000	500000	12.0
contig_4137	500000	600000	3.0
contig_4137	600000	700000	3.0
contig_4137	700000	800000	2.0
contig_4137	800000	900000	3.0
contig_4137	900000	932825	3.0
