NC_088201.1	0	100000	4.0
NC_088201.1	100000	200000	2.0
NC_088201.1	200000	300000	3.0
NC_088201.1	300000	400000	1.0
NC_088201.1	400000	500000	3.0
NC_088201.1	500000	600000	6.0
NC_088201.1	600000	700000	4.0
NC_088201.1	700000	800000	2.0
NC_088201.1	800000	900000	4.0
NC_088201.1	900000	1000000	6.0
NC_088201.1	1000000	1100000	3.0
NC_088201.1	1100000	1200000	8.0
NC_088201.1	1200000	1300000	11.0
NC_088201.1	1300000	1400000	1.0
NC_088201.1	1400000	1500000	3.0
NC_088201.1	1500000	1600000	5.0
NC_088201.1	1600000	1700000	11.0
NC_088201.1	1700000	1800000	8.0
NC_088201.1	1800000	1900000	3.0
NC_088201.1	1900000	2000000	3.0
NC_088201.1	2000000	2100000	3.0
NC_088201.1	2100000	2200000	2.0
NC_088201.1	2300000	2400000	1.0
NC_088201.1	2600000	2700000	4.0
NC_088201.1	2700000	2800000	7.0
NC_088201.1	2800000	2900000	1.0
NC_088201.1	2900000	3000000	6.0
NC_088201.1	3000000	3100000	3.0
NC_088201.1	3200000	3300000	2.0
NC_088201.1	3300000	3400000	1.0
NC_088201.1	3400000	3500000	4.0
NC_088201.1	3500000	3600000	5.0
NC_088201.1	3600000	3700000	5.0
NC_088201.1	3700000	3800000	3.0
NC_088201.1	3800000	3900000	5.0
NC_088201.1	3900000	4000000	7.0
NC_088201.1	4000000	4100000	6.0
NC_088201.1	4100000	4200000	4.0
NC_088201.1	4200000	4300000	8.0
NC_088201.1	4300000	4400000	4.0
NC_088201.1	4400000	4500000	4.0
NC_088201.1	4500000	4600000	7.0
NC_088201.1	4600000	4700000	6.0
NC_088201.1	4800000	4900000	2.0
NC_088201.1	4700000	4800000	1.0
NC_088201.1	4900000	5000000	5.0
NC_088201.1	5000000	5100000	3.0
NC_088201.1	5100000	5200000	3.0
NC_088201.1	5200000	5300000	4.0
NC_088201.1	5300000	5400000	10.0
NC_088201.1	5400000	5500000	3.0
NC_088201.1	5500000	5600000	1.0
NC_088201.1	5600000	5700000	4.0
NC_088201.1	5700000	5800000	5.0
NC_088201.1	5800000	5900000	2.0
NC_088201.1	5900000	6000000	4.0
NC_088201.1	6000000	6100000	7.0
NC_088201.1	6100000	6200000	8.0
NC_088201.1	6200000	6300000	2.0
NC_088201.1	6600000	6700000	1.0
NC_088201.1	6800000	6900000	4.0
NC_088201.1	6900000	7000000	1.0
NC_088201.1	7200000	7300000	1.0
NC_088201.1	7300000	7400000	1.0
NC_088201.1	7400000	7500000	2.0
NC_088201.1	7500000	7600000	8.0
NC_088201.1	7600000	7700000	1.0
NC_088201.1	7700000	7800000	6.0
NC_088201.1	7800000	7900000	2.0
NC_088201.1	7900000	8000000	2.0
NC_088201.1	8200000	8300000	1.0
NC_088201.1	8300000	8400000	1.0
NC_088201.1	8500000	8600000	1.0
NC_088201.1	8600000	8700000	1.0
NC_088201.1	9000000	9100000	3.0
NC_088201.1	9200000	9300000	2.0
NC_088201.1	9300000	9400000	2.0
NC_088201.1	9400000	9500000	3.0
NC_088201.1	9500000	9600000	4.0
NC_088201.1	9600000	9700000	6.0
NC_088201.1	9700000	9800000	2.0
NC_088201.1	9800000	9900000	5.0
NC_088201.1	9900000	10000000	8.0
NC_088201.1	10100000	10200000	1.0
NC_088201.1	10500000	10600000	2.0
NC_088201.1	10300000	10400000	1.0
NC_088201.1	10700000	10800000	2.0
NC_088201.1	10800000	10900000	1.0
NC_088201.1	10900000	11000000	5.0
NC_088201.1	11000000	11100000	1.0
NC_088201.1	11200000	11300000	2.0
NC_088201.1	11300000	11400000	5.0
NC_088201.1	11500000	11600000	5.0
NC_088201.1	11600000	11700000	3.0
NC_088201.1	11700000	11800000	2.0
NC_088201.1	11800000	11900000	2.0
NC_088201.1	11900000	12000000	5.0
NC_088201.1	12000000	12100000	3.0
NC_088201.1	12100000	12200000	3.0
NC_088201.1	12200000	12300000	3.0
NC_088201.1	12300000	12400000	3.0
NC_088201.1	12400000	12500000	3.0
NC_088201.1	12500000	12600000	4.0
NC_088201.1	12600000	12700000	1.0
NC_088201.1	12800000	12900000	1.0
NC_088201.1	13000000	13100000	1.0
NC_088201.1	13100000	13200000	4.0
NC_088201.1	13200000	13300000	9.0
NC_088201.1	13300000	13400000	1.0
NC_088201.1	13500000	13600000	1.0
NC_088201.1	14000000	14100000	3.0
NC_088201.1	14100000	14200000	2.0
NC_088201.1	14500000	14600000	1.0
NC_088201.1	14700000	14800000	1.0
NC_088201.1	14900000	15000000	1.0
NC_088201.1	15300000	15400000	1.0
NC_088201.1	15500000	15600000	4.0
NC_088201.1	15600000	15700000	3.0
NC_088201.1	15800000	15900000	2.0
NC_088201.1	15900000	16000000	1.0
NC_088201.1	16000000	16100000	4.0
NC_088201.1	16100000	16200000	1.0
NC_088201.1	16200000	16300000	1.0
NC_088201.1	16300000	16400000	1.0
NC_088201.1	16400000	16500000	1.0
NC_088201.1	16500000	16600000	1.0
NC_088201.1	16700000	16800000	1.0
NC_088201.1	16800000	16900000	2.0
NC_088201.1	16900000	17000000	2.0
NC_088201.1	17100000	17200000	1.0
NC_088201.1	17300000	17400000	3.0
NC_088201.1	17500000	17600000	2.0
NC_088201.1	17900000	18000000	2.0
NC_088201.1	18000000	18100000	5.0
NC_088201.1	18100000	18200000	5.0
NC_088201.1	18200000	18300000	2.0
NC_088201.1	18300000	18400000	1.0
NC_088201.1	18400000	18500000	1.0
NC_088201.1	18500000	18600000	4.0
NC_088201.1	18600000	18700000	3.0
NC_088201.1	18700000	18800000	4.0
NC_088201.1	18800000	18900000	3.0
NC_088201.1	18900000	19000000	2.0
NC_088201.1	19100000	19200000	1.0
NC_088201.1	19200000	19300000	2.0
NC_088201.1	19300000	19400000	3.0
NC_088201.1	19400000	19500000	2.0
NC_088201.1	19500000	19600000	1.0
NC_088201.1	19600000	19700000	1.0
NC_088201.1	19700000	19800000	1.0
NC_088201.1	20000000	20100000	1.0
NC_088201.1	19800000	19900000	1.0
NC_088201.1	20200000	20300000	1.0
NC_088201.1	20400000	20500000	1.0
NC_088201.1	20600000	20700000	2.0
NC_088201.1	20700000	20800000	2.0
NC_088201.1	20900000	21000000	1.0
NC_088201.1	21000000	21100000	4.0
NC_088201.1	21100000	21200000	3.0
NC_088201.1	21200000	21300000	1.0
NC_088201.1	21400000	21500000	1.0
NC_088201.1	21500000	21600000	2.0
NC_088201.1	21600000	21700000	2.0
NC_088201.1	21700000	21800000	7.0
NC_088201.1	21800000	21900000	6.0
NC_088201.1	21900000	22000000	2.0
NC_088201.1	22000000	22100000	1.0
NC_088201.1	22100000	22200000	2.0
NC_088201.1	22200000	22300000	6.0
NC_088201.1	22300000	22400000	1.0
NC_088201.1	22400000	22500000	2.0
NC_088201.1	22500000	22600000	6.0
NC_088201.1	22600000	22700000	1.0
NC_088201.1	22700000	22800000	1.0
NC_088201.1	22800000	22900000	1.0
NC_088201.1	22900000	23000000	1.0
NC_088201.1	23000000	23100000	9.0
NC_088201.1	23100000	23200000	1.0
NC_088201.1	23300000	23400000	4.0
NC_088201.1	23400000	23500000	1.0
NC_088201.1	23500000	23600000	1.0
NC_088201.1	23600000	23700000	1.0
NC_088201.1	23700000	23800000	2.0
NC_088201.1	23800000	23900000	2.0
NC_088201.1	24000000	24100000	1.0
NC_088201.1	24100000	24200000	5.0
NC_088201.1	24200000	24300000	4.0
NC_088201.1	24300000	24400000	3.0
NC_088201.1	24500000	24600000	1.0
NC_088201.1	24700000	24800000	3.0
NC_088201.1	24800000	24900000	2.0
NC_088201.1	24900000	25000000	1.0
NC_088201.1	25100000	25200000	2.0
NC_088201.1	25200000	25300000	3.0
NC_088201.1	25300000	25400000	1.0
NC_088201.1	25500000	25600000	2.0
NC_088201.1	25600000	25700000	1.0
NC_088201.1	25700000	25800000	4.0
NC_088201.1	25800000	25900000	5.0
NC_088201.1	25900000	26000000	4.0
NC_088201.1	26000000	26100000	3.0
NC_088201.1	26100000	26200000	4.0
NC_088201.1	26200000	26300000	2.0
NC_088201.1	26300000	26400000	2.0
NC_088201.1	26400000	26500000	3.0
NC_088201.1	26600000	26700000	4.0
NC_088201.1	26500000	26600000	1.0
NC_088201.1	26700000	26800000	4.0
NC_088201.1	26800000	26900000	4.0
NC_088201.1	26900000	27000000	4.0
NC_088201.1	27000000	27100000	3.0
NC_088201.1	27100000	27200000	3.0
NC_088201.1	27300000	27400000	3.0
NC_088201.1	27400000	27500000	3.0
NC_088201.1	27500000	27600000	2.0
NC_088201.1	27600000	27700000	2.0
NC_088201.1	27700000	27800000	6.0
NC_088201.1	27800000	27900000	4.0
NC_088201.1	27900000	28000000	3.0
NC_088201.1	28000000	28100000	4.0
NC_088201.1	28100000	28200000	1.0
NC_088201.1	28200000	28300000	1.0
NC_088201.1	28300000	28400000	6.0
NC_088201.1	28400000	28500000	4.0
NC_088201.1	28500000	28600000	2.0
NC_088201.1	28600000	28700000	5.0
NC_088201.1	28700000	28800000	3.0
NC_088201.1	28800000	28900000	3.0
NC_088201.1	28900000	29000000	2.0
NC_088201.1	29000000	29100000	2.0
NC_088201.1	29100000	29200000	3.0
NC_088201.1	29200000	29300000	1.0
NC_088201.1	29300000	29400000	2.0
NC_088201.1	29400000	29500000	3.0
NC_088201.1	29500000	29600000	6.0
NC_088201.1	29600000	29700000	2.0
NC_088201.1	29700000	29800000	1.0
NC_088201.1	29800000	29900000	2.0
NC_088201.1	29900000	30000000	1.0
NC_088201.1	30000000	30100000	1.0
NC_088201.1	30100000	30200000	4.0
NC_088201.1	30200000	30300000	6.0
NC_088201.1	30300000	30400000	4.0
NC_088201.1	30400000	30500000	5.0
NC_088201.1	30600000	30700000	1.0
NC_088201.1	30700000	30800000	3.0
NC_088201.1	30800000	30900000	4.0
NC_088201.1	30900000	31000000	2.0
NC_088201.1	31000000	31100000	1.0
NC_088201.1	31100000	31200000	5.0
NC_088201.1	31200000	31300000	4.0
NC_088201.1	31300000	31400000	4.0
NC_088201.1	31400000	31500000	9.0
NC_088201.1	31500000	31600000	3.0
NC_088201.1	31600000	31700000	3.0
NC_088201.1	31700000	31800000	1.0
NC_088201.1	32000000	32100000	3.0
NC_088201.1	32100000	32200000	4.0
NC_088201.1	32200000	32300000	2.0
NC_088201.1	32300000	32400000	1.0
NC_088201.1	32400000	32500000	4.0
NC_088201.1	32500000	32600000	6.0
NC_088201.1	32600000	32700000	3.0
NC_088201.1	32700000	32800000	3.0
NC_088201.1	32800000	32900000	1.0
NC_088201.1	32900000	33000000	4.0
NC_088201.1	33000000	33100000	6.0
NC_088201.1	33100000	33200000	2.0
NC_088201.1	33200000	33300000	3.0
NC_088201.1	33300000	33400000	3.0
NC_088201.1	33400000	33500000	3.0
NC_088201.1	33500000	33600000	2.0
NC_088201.1	33600000	33700000	4.0
NC_088201.1	33700000	33800000	5.0
NC_088201.1	33800000	33900000	1.0
NC_088201.1	33900000	34000000	4.0
NC_088201.1	34000000	34100000	4.0
NC_088201.1	34100000	34200000	1.0
NC_088201.1	34200000	34300000	1.0
NC_088201.1	34500000	34600000	1.0
NC_088201.1	34700000	34800000	4.0
NC_088201.1	34800000	34900000	6.0
NC_088201.1	34900000	35000000	5.0
NC_088201.1	35000000	35100000	1.0
NC_088201.1	35300000	35400000	1.0
NC_088201.1	35600000	35700000	1.0
NC_088201.1	35700000	35800000	2.0
NC_088201.1	35800000	35900000	11.0
NC_088201.1	35900000	36000000	3.0
NC_088201.1	36000000	36100000	2.0
NC_088201.1	36200000	36300000	3.0
NC_088201.1	36300000	36400000	3.0
NC_088201.1	36400000	36500000	3.0
NC_088201.1	36500000	36600000	2.0
NC_088201.1	36600000	36700000	3.0
NC_088201.1	36700000	36800000	1.0
NC_088201.1	36800000	36900000	4.0
NC_088201.1	36900000	37000000	3.0
NC_088201.1	37000000	37100000	2.0
NC_088201.1	37100000	37200000	1.0
NC_088201.1	37300000	37400000	1.0
NC_088201.1	37700000	37800000	1.0
NC_088201.1	38000000	38100000	3.0
NC_088201.1	38100000	38200000	2.0
NC_088201.1	38200000	38300000	1.0
NC_088201.1	38400000	38500000	1.0
NC_088201.1	38700000	38800000	1.0
NC_088201.1	38900000	39000000	1.0
NC_088201.1	39000000	39100000	5.0
NC_088201.1	39100000	39200000	1.0
NC_088201.1	39400000	39500000	1.0
NC_088201.1	39600000	39700000	1.0
NC_088201.1	39900000	40000000	3.0
NC_088201.1	40000000	40100000	4.0
NC_088201.1	40100000	40200000	5.0
NC_088201.1	40200000	40300000	1.0
NC_088201.1	40300000	40400000	1.0
NC_088201.1	40400000	40500000	2.0
NC_088201.1	40500000	40600000	4.0
NC_088201.1	40600000	40700000	4.0
NC_088201.1	40700000	40800000	2.0
NC_088201.1	40800000	40900000	3.0
NC_088201.1	40900000	41000000	2.0
NC_088201.1	41000000	41100000	3.0
NC_088201.1	41100000	41200000	2.0
NC_088201.1	41200000	41300000	2.0
NC_088201.1	41300000	41400000	2.0
NC_088201.1	41400000	41500000	3.0
NC_088201.1	41500000	41600000	4.0
NC_088201.1	41600000	41700000	1.0
NC_088201.1	41700000	41800000	2.0
NC_088201.1	41800000	41900000	2.0
NC_088201.1	41900000	42000000	2.0
NC_088201.1	42000000	42100000	4.0
NC_088201.1	42100000	42200000	5.0
NC_088201.1	42200000	42300000	1.0
NC_088201.1	42300000	42400000	1.0
NC_088201.1	42400000	42500000	1.0
NC_088201.1	42500000	42600000	2.0
NC_088201.1	42600000	42700000	1.0
NC_088201.1	42800000	42900000	1.0
NC_088201.1	43500000	43600000	1.0
NC_088201.1	43600000	43700000	2.0
NC_088201.1	43700000	43800000	1.0
NC_088201.1	43900000	44000000	1.0
NC_088201.1	44100000	44200000	1.0
NC_088201.1	44200000	44300000	2.0
NC_088201.1	44400000	44500000	1.0
NC_088201.1	44500000	44600000	2.0
NC_088201.1	44600000	44700000	5.0
NC_088201.1	44700000	44800000	4.0
NC_088201.1	44800000	44900000	2.0
NC_088201.1	44900000	45000000	3.0
NC_088201.1	45000000	45100000	2.0
NC_088201.1	45100000	45200000	3.0
NC_088201.1	45200000	45300000	6.0
NC_088201.1	45300000	45400000	1.0
NC_088201.1	45400000	45500000	3.0
NC_088201.1	45500000	45600000	4.0
NC_088201.1	45600000	45700000	2.0
NC_088201.1	46100000	46200000	1.0
NC_088201.1	45700000	45800000	1.0
NC_088201.1	46400000	46500000	3.0
NC_088201.1	46800000	46900000	3.0
NC_088201.1	46900000	47000000	2.0
NC_088201.1	47000000	47100000	2.0
NC_088201.1	47100000	47200000	3.0
NC_088201.1	47200000	47300000	2.0
NC_088201.1	47300000	47400000	1.0
NC_088201.1	47400000	47500000	1.0
NC_088201.1	47500000	47600000	4.0
NC_088201.1	47600000	47700000	1.0
NC_088201.1	47700000	47800000	2.0
NC_088201.1	47800000	47900000	2.0
NC_088201.1	47900000	48000000	1.0
NC_088201.1	48000000	48100000	4.0
NC_088201.1	48100000	48200000	7.0
NC_088201.1	48200000	48300000	1.0
NC_088201.1	48300000	48400000	2.0
NC_088201.1	48400000	48500000	3.0
NC_088201.1	48500000	48600000	5.0
NC_088201.1	48600000	48700000	4.0
NC_088201.1	48700000	48800000	3.0
NC_088201.1	48800000	48900000	2.0
NC_088201.1	48900000	49000000	6.0
NC_088201.1	49000000	49100000	1.0
NC_088201.1	49100000	49200000	2.0
NC_088201.1	49200000	49300000	3.0
NC_088201.1	49300000	49400000	2.0
NC_088201.1	49400000	49500000	3.0
NC_088201.1	49500000	49600000	4.0
NC_088201.1	49600000	49700000	4.0
NC_088201.1	49800000	49900000	3.0
NC_088201.1	49900000	50000000	5.0
NC_088201.1	50000000	50100000	5.0
NC_088201.1	50100000	50200000	6.0
NC_088201.1	50200000	50300000	1.0
NC_088201.1	50300000	50400000	1.0
NC_088201.1	50400000	50500000	2.0
NC_088201.1	50500000	50600000	3.0
NC_088201.1	50600000	50700000	3.0
NC_088201.1	50700000	50800000	1.0
NC_088201.1	50800000	50900000	3.0
NC_088201.1	51000000	51100000	1.0
NC_088201.1	51100000	51200000	1.0
NC_088201.1	51500000	51600000	1.0
NC_088201.1	51600000	51700000	2.0
NC_088201.1	51700000	51800000	3.0
NC_088201.1	51800000	51900000	1.0
NC_088201.1	51900000	52000000	2.0
NC_088201.1	52300000	52400000	2.0
NC_088201.1	52400000	52500000	1.0
NC_088201.1	52800000	52900000	1.0
NC_088201.1	52600000	52700000	1.0
NC_088201.1	52900000	53000000	1.0
NC_088201.1	53100000	53200000	1.0
NC_088201.1	53200000	53300000	1.0
NC_088201.1	53300000	53400000	1.0
NC_088201.1	53400000	53500000	2.0
NC_088201.1	53800000	53900000	4.0
NC_088201.1	54100000	54200000	3.0
NC_088201.1	54500000	54600000	1.0
NC_088201.1	55000000	55100000	1.0
NC_088201.1	55400000	55500000	1.0
NC_088201.1	55800000	55900000	4.0
NC_088201.1	56000000	56100000	3.0
NC_088201.1	56100000	56200000	1.0
NC_088201.1	56200000	56300000	4.0
NC_088201.1	56300000	56400000	4.0
NC_088201.1	56400000	56500000	3.0
NC_088201.1	56500000	56600000	1.0
NC_088201.1	56600000	56700000	1.0
NC_088201.1	56700000	56800000	1.0
NC_088201.1	56800000	56900000	1.0
NC_088201.1	56900000	57000000	1.0
NC_088201.1	57000000	57100000	2.0
NC_088201.1	57600000	57700000	2.0
NC_088201.1	58100000	58200000	2.0
NC_088201.1	58200000	58300000	1.0
NC_088201.1	58300000	58400000	3.0
NC_088201.1	58400000	58500000	1.0
NC_088201.1	58500000	58600000	2.0
NC_088201.1	58700000	58800000	1.0
NC_088201.1	58800000	58900000	6.0
NC_088201.1	58900000	59000000	3.0
NC_088201.1	59000000	59100000	3.0
NC_088201.1	59100000	59200000	2.0
NC_088201.1	59200000	59300000	2.0
NC_088201.1	59300000	59400000	1.0
NC_088201.1	59400000	59500000	3.0
NC_088201.1	59500000	59600000	1.0
NC_088201.1	59600000	59700000	1.0
NC_088201.1	59800000	59900000	1.0
NC_088201.1	60000000	60100000	1.0
NC_088201.1	60500000	60600000	1.0
NC_088201.1	60300000	60400000	1.0
NC_088201.1	60400000	60500000	1.0
NC_088201.1	60800000	60900000	1.0
NC_088201.1	60900000	61000000	2.0
NC_088201.1	61000000	61100000	1.0
NC_088201.1	61100000	61200000	1.0
NC_088201.1	61200000	61300000	4.0
NC_088201.1	61300000	61400000	3.0
NC_088201.1	61400000	61500000	1.0
NC_088201.1	61500000	61600000	2.0
NC_088201.1	61600000	61700000	5.0
NC_088201.1	61700000	61800000	3.0
NC_088201.1	61800000	61900000	2.0
NC_088201.1	61900000	62000000	2.0
NC_088201.1	62000000	62100000	4.0
NC_088201.1	62100000	62200000	2.0
NC_088201.1	62200000	62300000	4.0
NC_088201.1	62300000	62400000	1.0
NC_088201.1	62400000	62500000	6.0
NC_088201.1	62500000	62600000	3.0
NC_088201.1	62600000	62700000	2.0
NC_088201.1	62700000	62800000	1.0
NC_088201.1	62800000	62900000	2.0
NC_088201.1	62900000	63000000	1.0
NC_088201.1	63000000	63100000	5.0
NC_088201.1	63100000	63200000	2.0
NC_088201.1	63200000	63300000	3.0
NC_088201.1	63300000	63400000	3.0
NC_088201.1	63400000	63500000	1.0
NC_088201.1	63500000	63600000	2.0
NC_088201.1	63900000	64000000	1.0
NC_088201.1	64000000	64100000	2.0
NC_088201.1	64100000	64200000	1.0
NC_088201.1	64200000	64300000	2.0
NC_088201.1	64300000	64400000	4.0
NC_088201.1	64400000	64500000	4.0
NC_088201.1	64500000	64600000	2.0
NC_088201.1	64600000	64700000	1.0
NC_088201.1	65000000	65100000	2.0
NC_088201.1	65100000	65200000	5.0
NC_088201.1	65200000	65300000	2.0
NC_088201.1	65300000	65400000	2.0
NC_088201.1	65400000	65500000	2.0
NC_088201.1	65600000	65700000	1.0
NC_088201.1	65700000	65800000	3.0
NC_088201.1	65800000	65900000	3.0
NC_088201.1	66000000	66100000	1.0
NC_088201.1	66100000	66200000	2.0
NC_088201.1	66200000	66300000	1.0
NC_088201.1	66300000	66400000	4.0
NC_088201.1	66400000	66500000	3.0
NC_088201.1	66500000	66600000	2.0
NC_088201.1	66600000	66700000	1.0
NC_088201.1	66700000	66800000	4.0
NC_088201.1	66800000	66900000	2.0
NC_088201.1	66900000	67000000	5.0
NC_088201.1	67200000	67300000	1.0
NC_088201.1	67300000	67400000	1.0
NC_088201.1	67400000	67500000	2.0
NC_088201.1	67500000	67600000	1.0
NC_088201.1	67800000	67900000	2.0
NC_088201.1	67900000	68000000	4.0
NC_088201.1	68000000	68100000	1.0
NC_088201.1	68100000	68200000	2.0
NC_088201.1	68200000	68300000	4.0
NC_088201.1	68300000	68400000	1.0
NC_088201.1	68400000	68500000	2.0
NC_088201.1	68500000	68600000	2.0
NC_088201.1	68600000	68700000	2.0
NC_088201.1	68700000	68800000	3.0
NC_088201.1	68800000	68900000	3.0
NC_088201.1	68900000	69000000	2.0
NC_088201.1	69000000	69100000	2.0
NC_088201.1	69100000	69200000	2.0
NC_088201.1	69200000	69300000	2.0
NC_088201.1	69300000	69400000	1.0
NC_088201.1	69400000	69500000	2.0
NC_088201.1	69500000	69600000	1.0
NC_088201.1	69700000	69800000	1.0
NC_088201.1	69800000	69900000	1.0
NC_088201.1	69900000	70000000	2.0
NC_088201.1	70100000	70200000	2.0
NC_088201.1	70200000	70300000	6.0
NC_088201.1	70300000	70400000	2.0
NC_088201.1	70400000	70500000	2.0
NC_088201.1	70500000	70600000	3.0
NC_088201.1	70600000	70700000	2.0
NC_088201.1	70800000	70900000	2.0
NC_088201.1	71000000	71100000	2.0
NC_088201.1	71300000	71400000	1.0
NC_088201.1	71400000	71500000	2.0
NC_088201.1	71600000	71700000	1.0
NC_088201.1	71800000	71900000	1.0
NC_088201.1	72200000	72300000	1.0
NC_088201.1	72400000	72500000	3.0
NC_088201.1	72500000	72600000	5.0
NC_088201.1	72600000	72700000	1.0
NC_088201.1	72700000	72800000	3.0
NC_088201.1	72800000	72900000	4.0
NC_088201.1	72900000	73000000	2.0
NC_088201.1	73000000	73100000	3.0
NC_088201.1	73100000	73200000	1.0
NC_088201.1	73300000	73400000	4.0
NC_088201.1	73400000	73500000	1.0
NC_088201.1	73500000	73600000	2.0
NC_088201.1	73600000	73700000	3.0
NC_088201.1	73700000	73800000	2.0
NC_088201.1	73800000	73900000	1.0
NC_088201.1	73900000	74000000	1.0
NC_088201.1	74200000	74300000	5.0
NC_088201.1	74400000	74500000	4.0
NC_088201.1	74500000	74600000	2.0
NC_088201.1	74600000	74700000	3.0
NC_088201.1	74700000	74800000	2.0
NC_088201.1	74800000	74900000	3.0
NC_088201.1	74900000	75000000	2.0
NC_088201.1	75100000	75200000	3.0
NC_088201.1	75200000	75300000	1.0
NC_088201.1	75300000	75400000	4.0
NC_088201.1	75400000	75500000	2.0
NC_088201.1	75500000	75600000	1.0
NC_088201.1	75700000	75800000	1.0
NC_088201.1	75800000	75900000	2.0
NC_088201.1	75900000	76000000	1.0
NC_088201.1	76000000	76100000	1.0
NC_088201.1	76100000	76200000	2.0
NC_088201.1	76200000	76300000	1.0
NC_088201.1	76300000	76400000	3.0
NC_088201.1	76400000	76500000	5.0
NC_088201.1	76600000	76700000	3.0
NC_088201.1	76700000	76800000	3.0
NC_088201.1	76800000	76900000	3.0
NC_088201.1	76900000	77000000	1.0
NC_088201.1	77000000	77100000	1.0
NC_088201.1	77100000	77200000	7.0
NC_088201.1	77200000	77300000	5.0
NC_088201.1	77300000	77400000	1.0
NC_088201.1	77400000	77500000	1.0
NC_088201.1	77500000	77600000	1.0
NC_088201.1	77600000	77700000	6.0
NC_088201.1	77700000	77800000	1.0
NC_088201.1	77800000	77900000	3.0
NC_088201.1	77900000	78000000	2.0
NC_088201.1	78000000	78100000	4.0
NC_088201.1	78100000	78200000	4.0
NC_088201.1	78200000	78300000	3.0
NC_088201.1	78400000	78500000	1.0
NC_088201.1	78500000	78600000	2.0
NC_088201.1	78600000	78700000	1.0
NC_088201.1	78700000	78800000	1.0
NC_088201.1	78800000	78900000	1.0
NC_088201.1	78900000	79000000	1.0
NC_088201.1	79100000	79200000	1.0
NC_088201.1	79300000	79400000	2.0
NC_088201.1	79500000	79600000	3.0
NC_088201.1	79600000	79700000	1.0
NC_088201.1	79700000	79800000	1.0
NC_088201.1	79800000	79900000	1.0
NC_088201.1	79900000	80000000	1.0
NC_088201.1	80000000	80100000	2.0
NC_088201.1	80200000	80300000	2.0
NC_088201.1	80300000	80400000	2.0
NC_088201.1	80400000	80500000	1.0
NC_088201.1	80500000	80600000	2.0
NC_088201.1	80600000	80700000	2.0
NC_088201.1	80800000	80900000	1.0
NC_088201.1	80900000	81000000	2.0
NC_088201.1	81000000	81100000	3.0
NC_088201.1	81100000	81200000	3.0
NC_088201.1	81200000	81300000	2.0
NC_088201.1	81300000	81400000	1.0
NC_088201.1	81400000	81500000	3.0
NC_088201.1	81800000	81900000	1.0
NC_088201.1	82100000	82200000	1.0
NC_088201.1	82200000	82300000	2.0
NC_088201.1	82300000	82400000	1.0
NC_088201.1	82500000	82600000	1.0
NC_088201.1	82800000	82900000	1.0
NC_088201.1	82900000	83000000	2.0
NC_088201.1	83100000	83200000	2.0
NC_088201.1	83200000	83300000	2.0
NC_088201.1	83300000	83400000	5.0
NC_088201.1	83500000	83600000	1.0
NC_088201.1	83600000	83700000	1.0
NC_088201.1	83800000	83900000	1.0
NC_088201.1	83900000	84000000	1.0
NC_088201.1	84000000	84100000	1.0
NC_088201.1	84100000	84200000	1.0
NC_088201.1	84200000	84300000	1.0
NC_088201.1	84400000	84500000	1.0
NC_088201.1	84700000	84800000	1.0
NC_088201.1	84900000	85000000	1.0
NC_088201.1	84800000	84900000	1.0
NC_088201.1	85000000	85100000	1.0
NC_088201.1	85400000	85500000	3.0
NC_088201.1	85600000	85700000	1.0
NC_088201.1	85700000	85800000	1.0
NC_088201.1	85800000	85900000	2.0
NC_088201.1	86000000	86100000	3.0
NC_088201.1	86100000	86200000	3.0
NC_088201.1	86200000	86300000	1.0
NC_088201.1	86500000	86600000	1.0
NC_088201.1	86600000	86700000	1.0
NC_088201.1	86700000	86800000	4.0
NC_088201.1	86900000	87000000	2.0
NC_088201.1	87000000	87100000	2.0
NC_088201.1	87100000	87200000	1.0
NC_088201.1	87300000	87400000	1.0
NC_088201.1	87800000	87900000	2.0
NC_088201.1	87900000	88000000	3.0
NC_088201.1	88000000	88100000	2.0
NC_088201.1	88100000	88200000	1.0
NC_088201.1	88200000	88300000	3.0
NC_088201.1	88300000	88400000	1.0
NC_088201.1	88400000	88500000	2.0
NC_088201.1	88600000	88700000	3.0
NC_088201.1	88700000	88800000	1.0
NC_088201.1	88900000	89000000	4.0
NC_088201.1	89000000	89100000	3.0
NC_088201.1	89100000	89200000	2.0
NC_088201.1	89200000	89300000	3.0
NC_088201.1	89300000	89400000	1.0
NC_088201.1	89400000	89500000	1.0
NC_088201.1	89500000	89600000	2.0
NC_088201.1	89600000	89700000	3.0
NC_088201.1	89700000	89800000	2.0
NC_088201.1	89800000	89900000	5.0
NC_088201.1	90000000	90100000	3.0
NC_088201.1	90100000	90200000	4.0
NC_088201.1	90200000	90300000	1.0
NC_088201.1	90300000	90400000	3.0
NC_088201.1	90500000	90600000	1.0
NC_088201.1	90600000	90700000	2.0
NC_088201.1	90700000	90800000	3.0
NC_088201.1	91000000	91100000	6.0
NC_088201.1	91100000	91200000	1.0
NC_088201.1	91200000	91300000	2.0
NC_088201.1	91300000	91400000	3.0
NC_088201.1	91400000	91500000	2.0
NC_088201.1	91500000	91600000	2.0
NC_088201.1	91600000	91700000	10.0
NC_088201.1	91700000	91800000	1.0
NC_088201.1	91800000	91900000	1.0
NC_088201.1	92000000	92100000	4.0
NC_088201.1	92200000	92300000	1.0
NC_088201.1	92300000	92400000	1.0
NC_088201.1	92400000	92500000	3.0
NC_088201.1	92500000	92600000	1.0
NC_088201.1	92600000	92700000	4.0
NC_088201.1	92700000	92800000	1.0
NC_088201.1	93100000	93200000	1.0
NC_088201.1	93500000	93600000	2.0
NC_088201.1	93600000	93700000	2.0
NC_088201.1	93700000	93800000	1.0
NC_088201.1	93800000	93900000	3.0
NC_088201.1	93900000	94000000	2.0
NC_088201.1	94000000	94100000	2.0
NC_088201.1	94100000	94200000	1.0
NC_088201.1	94200000	94300000	1.0
NC_088201.1	94300000	94400000	1.0
NC_088201.1	94400000	94500000	1.0
NC_088201.1	94500000	94600000	3.0
NC_088201.1	94600000	94700000	2.0
NC_088201.1	94700000	94800000	1.0
NC_088201.1	94800000	94900000	1.0
NC_088201.1	94900000	95000000	1.0
NC_088201.1	95100000	95200000	1.0
NC_088201.1	95200000	95300000	2.0
NC_088201.1	95300000	95400000	2.0
NC_088201.1	95400000	95500000	2.0
NC_088201.1	95600000	95700000	1.0
NC_088201.1	96000000	96100000	1.0
NC_088201.1	96100000	96200000	1.0
NC_088201.1	96200000	96300000	4.0
NC_088201.1	96300000	96400000	1.0
NC_088201.1	96400000	96500000	1.0
NC_088201.1	96500000	96600000	2.0
NC_088201.1	96600000	96700000	1.0
NC_088201.1	96700000	96800000	1.0
NC_088201.1	96800000	96900000	8.0
NC_088201.1	96900000	97000000	1.0
NC_088201.1	97000000	97100000	3.0
NC_088201.1	97100000	97200000	1.0
NC_088201.1	97200000	97300000	2.0
NC_088201.1	97300000	97400000	1.0
NC_088201.1	97400000	97500000	2.0
NC_088201.1	97500000	97600000	1.0
NC_088201.1	97700000	97800000	1.0
NC_088201.1	97800000	97900000	1.0
NC_088201.1	97900000	98000000	1.0
NC_088201.1	98000000	98100000	1.0
NC_088201.1	98100000	98200000	1.0
NC_088201.1	98200000	98300000	3.0
NC_088201.1	98300000	98400000	1.0
NC_088201.1	98400000	98500000	1.0
NC_088201.1	98600000	98700000	1.0
NC_088201.1	98500000	98600000	1.0
NC_088201.1	98700000	98800000	2.0
NC_088201.1	98800000	98900000	1.0
NC_088201.1	98900000	99000000	1.0
NC_088201.1	99100000	99200000	3.0
NC_088201.1	99200000	99300000	1.0
NC_088201.1	99300000	99400000	1.0
NC_088201.1	99400000	99500000	1.0
NC_088201.1	99500000	99600000	1.0
NC_088201.1	99600000	99700000	1.0
NC_088201.1	99800000	99900000	1.0
NC_088201.1	99900000	100000000	2.0
NC_088201.1	100000000	100100000	2.0
NC_088201.1	100100000	100200000	2.0
NC_088201.1	100200000	100300000	3.0
NC_088201.1	100300000	100400000	2.0
NC_088201.1	100500000	100600000	1.0
NC_088201.1	100600000	100700000	2.0
NC_088201.1	100700000	100800000	2.0
NC_088201.1	100800000	100900000	5.0
NC_088201.1	101100000	101200000	1.0
NC_088201.1	101300000	101400000	2.0
NC_088201.1	101400000	101500000	1.0
NC_088201.1	101500000	101600000	1.0
NC_088201.1	101600000	101700000	2.0
NC_088201.1	101900000	102000000	1.0
NC_088201.1	102000000	102100000	2.0
NC_088201.1	102200000	102300000	1.0
NC_088201.1	102300000	102400000	2.0
NC_088201.1	102400000	102500000	4.0
NC_088201.1	102500000	102600000	5.0
NC_088201.1	102600000	102700000	1.0
NC_088201.1	102700000	102800000	1.0
NC_088201.1	102800000	102900000	1.0
NC_088201.1	102900000	103000000	3.0
NC_088201.1	103000000	103100000	3.0
NC_088201.1	103100000	103200000	2.0
NC_088201.1	103200000	103300000	2.0
NC_088201.1	103300000	103400000	2.0
NC_088201.1	103400000	103500000	1.0
NC_088201.1	103500000	103600000	4.0
NC_088201.1	103600000	103700000	2.0
NC_088201.1	103700000	103800000	1.0
NC_088201.1	103800000	103900000	2.0
NC_088201.1	103900000	104000000	2.0
NC_088201.1	104000000	104100000	3.0
NC_088201.1	104100000	104200000	2.0
NC_088201.1	104200000	104300000	1.0
NC_088201.1	104300000	104400000	1.0
NC_088201.1	104400000	104500000	1.0
NC_088201.1	104600000	104700000	2.0
NC_088201.1	104700000	104800000	2.0
NC_088201.1	104800000	104900000	3.0
NC_088201.1	104900000	105000000	1.0
NC_088201.1	105000000	105100000	1.0
NC_088201.1	105100000	105200000	5.0
NC_088201.1	105200000	105300000	2.0
NC_088201.1	105300000	105400000	3.0
NC_088201.1	105600000	105700000	1.0
NC_088201.1	105700000	105800000	1.0
NC_088201.1	105800000	105900000	3.0
NC_088201.1	105900000	106000000	1.0
NC_088201.1	106000000	106100000	2.0
NC_088201.1	106100000	106200000	2.0
NC_088201.1	106300000	106400000	1.0
NC_088201.1	106500000	106600000	1.0
NC_088201.1	106600000	106700000	2.0
NC_088201.1	106700000	106800000	1.0
NC_088201.1	107100000	107200000	1.0
NC_088201.1	107300000	107400000	1.0
NC_088201.1	107400000	107500000	1.0
NC_088201.1	107600000	107700000	1.0
NC_088201.1	107800000	107900000	2.0
NC_088201.1	107900000	108000000	1.0
NC_088201.1	108000000	108100000	2.0
NC_088201.1	108100000	108200000	1.0
NC_088201.1	108300000	108400000	2.0
NC_088201.1	108400000	108500000	1.0
NC_088201.1	108600000	108700000	3.0
NC_088201.1	108700000	108800000	3.0
NC_088201.1	108800000	108900000	4.0
NC_088201.1	108900000	109000000	3.0
NC_088201.1	109000000	109100000	5.0
NC_088201.1	109100000	109200000	2.0
NC_088201.1	109200000	109300000	1.0
NC_088201.1	109500000	109600000	1.0
NC_088201.1	109600000	109700000	4.0
NC_088201.1	109700000	109800000	3.0
NC_088201.1	109800000	109900000	1.0
NC_088201.1	109900000	110000000	1.0
NC_088201.1	110000000	110100000	1.0
NC_088201.1	110100000	110200000	3.0
NC_088201.1	110600000	110700000	2.0
NC_088201.1	110800000	110900000	1.0
NC_088201.1	110900000	111000000	1.0
NC_088201.1	111000000	111100000	4.0
NC_088201.1	111100000	111200000	3.0
NC_088201.1	111200000	111300000	2.0
NC_088201.1	111300000	111400000	2.0
NC_088201.1	111400000	111500000	1.0
NC_088201.1	111500000	111600000	1.0
NC_088201.1	111600000	111700000	1.0
NC_088201.1	111700000	111800000	4.0
NC_088201.1	111800000	111900000	1.0
NC_088201.1	112000000	112100000	5.0
NC_088201.1	112200000	112300000	1.0
NC_088201.1	112300000	112400000	4.0
NC_088201.1	112400000	112500000	1.0
NC_088201.1	112500000	112600000	2.0
NC_088201.1	112600000	112700000	2.0
NC_088201.1	112700000	112800000	2.0
NC_088201.1	112900000	113000000	1.0
NC_088201.1	113100000	113200000	1.0
NC_088201.1	113200000	113300000	1.0
NC_088201.1	113400000	113500000	2.0
NC_088201.1	113500000	113600000	1.0
NC_088201.1	113600000	113700000	1.0
NC_088201.1	113700000	113800000	2.0
NC_088201.1	113900000	114000000	1.0
NC_088201.1	114200000	114300000	1.0
NC_088201.1	114300000	114400000	1.0
NC_088201.1	114500000	114600000	1.0
NC_088201.1	114600000	114700000	1.0
NC_088201.1	114700000	114800000	2.0
NC_088201.1	114900000	115000000	1.0
NC_088201.1	115100000	115200000	3.0
NC_088201.1	115500000	115600000	1.0
NC_088201.1	115600000	115700000	2.0
NC_088201.1	115800000	115900000	3.0
NC_088201.1	115900000	116000000	1.0
NC_088201.1	116100000	116200000	1.0
NC_088201.1	116300000	116400000	1.0
NC_088201.1	116400000	116500000	1.0
NC_088201.1	116800000	116900000	1.0
NC_088201.1	117100000	117200000	3.0
NC_088201.1	117200000	117300000	2.0
NC_088201.1	117300000	117400000	1.0
NC_088201.1	117400000	117500000	2.0
NC_088201.1	117500000	117600000	1.0
NC_088201.1	117600000	117700000	2.0
NC_088201.1	117700000	117800000	1.0
NC_088201.1	117800000	117900000	1.0
NC_088201.1	118000000	118100000	3.0
NC_088201.1	118100000	118200000	3.0
NC_088201.1	118200000	118300000	1.0
NC_088201.1	118300000	118400000	1.0
NC_088201.1	118500000	118600000	1.0
NC_088201.1	118600000	118700000	1.0
NC_088201.1	118700000	118800000	2.0
NC_088201.1	118800000	118900000	1.0
NC_088201.1	119000000	119100000	1.0
NC_088201.1	119100000	119200000	1.0
NC_088201.1	119200000	119300000	1.0
NC_088201.1	119300000	119400000	4.0
NC_088201.1	119500000	119600000	1.0
NC_088201.1	119600000	119700000	3.0
NC_088201.1	119700000	119800000	2.0
NC_088201.1	119800000	119900000	2.0
NC_088201.1	119900000	120000000	2.0
NC_088201.1	120100000	120200000	2.0
NC_088201.1	120200000	120300000	1.0
NC_088201.1	120300000	120400000	4.0
NC_088201.1	120500000	120600000	1.0
NC_088201.1	120600000	120700000	1.0
NC_088201.1	120700000	120800000	2.0
NC_088201.1	121200000	121300000	2.0
NC_088201.1	121300000	121400000	2.0
NC_088201.1	121400000	121500000	7.0
NC_088201.1	121500000	121600000	3.0
NC_088201.1	121600000	121700000	1.0
NC_088201.1	121700000	121800000	1.0
NC_088201.1	121900000	122000000	1.0
NC_088201.1	122000000	122100000	1.0
NC_088201.1	122100000	122200000	3.0
NC_088201.1	122300000	122400000	2.0
NC_088201.1	122500000	122600000	3.0
NC_088201.1	122600000	122700000	1.0
NC_088201.1	122700000	122800000	1.0
NC_088201.1	123000000	123100000	3.0
NC_088201.1	123100000	123200000	1.0
NC_088201.1	123200000	123300000	2.0
NC_088201.1	123400000	123500000	2.0
NC_088201.1	123600000	123700000	2.0
NC_088201.1	124200000	124300000	1.0
NC_088201.1	124300000	124400000	1.0
NC_088201.1	124400000	124500000	2.0
NC_088201.1	124500000	124600000	1.0
NC_088201.1	124600000	124700000	3.0
NC_088201.1	124700000	124800000	1.0
NC_088201.1	125000000	125100000	1.0
NC_088201.1	125200000	125300000	1.0
NC_088201.1	125400000	125500000	1.0
NC_088201.1	125600000	125700000	1.0
NC_088201.1	125700000	125800000	1.0
NC_088201.1	126000000	126100000	1.0
NC_088201.1	126100000	126200000	2.0
NC_088201.1	126200000	126300000	2.0
NC_088201.1	126300000	126400000	2.0
NC_088201.1	126600000	126700000	1.0
NC_088201.1	126700000	126800000	1.0
NC_088201.1	126800000	126900000	3.0
NC_088201.1	126900000	127000000	1.0
NC_088201.1	127000000	127100000	1.0
NC_088201.1	127200000	127300000	3.0
NC_088201.1	127300000	127400000	1.0
NC_088201.1	127400000	127500000	1.0
NC_088201.1	127500000	127600000	1.0
NC_088201.1	127700000	127800000	5.0
NC_088201.1	127800000	127900000	4.0
NC_088201.1	127900000	128000000	3.0
NC_088201.1	128000000	128100000	1.0
NC_088201.1	128100000	128200000	1.0
NC_088201.1	128200000	128300000	1.0
NC_088201.1	128300000	128400000	1.0
NC_088201.1	128400000	128500000	1.0
NC_088201.1	128500000	128600000	4.0
NC_088201.1	128700000	128800000	1.0
NC_088201.1	128800000	128900000	2.0
NC_088201.1	128900000	129000000	1.0
NC_088201.1	129000000	129100000	3.0
NC_088201.1	129100000	129200000	1.0
NC_088201.1	129200000	129300000	2.0
NC_088201.1	129500000	129600000	2.0
NC_088201.1	129800000	129900000	1.0
NC_088201.1	129900000	130000000	1.0
NC_088201.1	130100000	130200000	1.0
NC_088201.1	130300000	130400000	1.0
NC_088201.1	130400000	130500000	1.0
NC_088201.1	130500000	130600000	3.0
NC_088201.1	130600000	130700000	2.0
NC_088201.1	130700000	130800000	1.0
NC_088201.1	130900000	131000000	1.0
NC_088201.1	131100000	131200000	2.0
NC_088201.1	131200000	131300000	1.0
NC_088201.1	131300000	131400000	2.0
NC_088201.1	131400000	131500000	1.0
NC_088201.1	131500000	131600000	1.0
NC_088201.1	131600000	131700000	1.0
NC_088201.1	131700000	131800000	2.0
NC_088201.1	131800000	131900000	3.0
NC_088201.1	132000000	132100000	1.0
NC_088201.1	131900000	132000000	1.0
NC_088201.1	132400000	132500000	2.0
NC_088201.1	132500000	132600000	2.0
NC_088201.1	132600000	132700000	2.0
NC_088201.1	132900000	133000000	1.0
NC_088201.1	133000000	133100000	4.0
NC_088201.1	133100000	133200000	1.0
NC_088201.1	133200000	133300000	1.0
NC_088201.1	133400000	133500000	1.0
NC_088201.1	133500000	133600000	1.0
NC_088201.1	133600000	133700000	1.0
NC_088201.1	133700000	133800000	1.0
NC_088201.1	133900000	134000000	2.0
NC_088201.1	134000000	134100000	1.0
NC_088201.1	134100000	134200000	1.0
NC_088201.1	134200000	134300000	2.0
NC_088201.1	134300000	134400000	1.0
NC_088201.1	134500000	134600000	2.0
NC_088201.1	134600000	134700000	1.0
NC_088201.1	134700000	134800000	1.0
NC_088201.1	134800000	134900000	2.0
NC_088201.1	134900000	135000000	1.0
NC_088201.1	135000000	135100000	3.0
NC_088201.1	135100000	135200000	2.0
NC_088201.1	135200000	135300000	1.0
NC_088201.1	135300000	135400000	1.0
NC_088201.1	135400000	135500000	3.0
NC_088201.1	135500000	135600000	1.0
NC_088201.1	135800000	135900000	1.0
NC_088201.1	135900000	136000000	1.0
NC_088201.1	136000000	136100000	1.0
NC_088201.1	136100000	136200000	5.0
NC_088201.1	136200000	136300000	2.0
NC_088201.1	136300000	136400000	5.0
NC_088201.1	136400000	136500000	1.0
NC_088201.1	136500000	136600000	1.0
NC_088201.1	136600000	136700000	2.0
NC_088201.1	136700000	136800000	4.0
NC_088201.1	136800000	136900000	2.0
NC_088201.1	137000000	137100000	1.0
NC_088201.1	137100000	137200000	1.0
NC_088201.1	137300000	137400000	2.0
NC_088201.1	137400000	137500000	2.0
NC_088201.1	137500000	137600000	3.0
NC_088201.1	137600000	137700000	1.0
NC_088201.1	137700000	137800000	1.0
NC_088201.1	137800000	137900000	1.0
NC_088201.1	138000000	138100000	1.0
NC_088201.1	138200000	138300000	2.0
NC_088201.1	138300000	138400000	2.0
NC_088201.1	138400000	138500000	1.0
NC_088201.1	138600000	138700000	4.0
NC_088201.1	138700000	138800000	3.0
NC_088201.1	138800000	138900000	2.0
NC_088201.1	138900000	139000000	1.0
NC_088201.1	139000000	139100000	1.0
NC_088201.1	139100000	139200000	3.0
NC_088201.1	139300000	139400000	1.0
NC_088201.1	139400000	139500000	1.0
NC_088201.1	139500000	139600000	1.0
NC_088201.1	139600000	139700000	1.0
NC_088201.1	139800000	139900000	1.0
NC_088201.1	139900000	140000000	2.0
NC_088201.1	140100000	140200000	2.0
NC_088201.1	140200000	140300000	1.0
NC_088201.1	140500000	140600000	3.0
NC_088201.1	140600000	140700000	4.0
NC_088201.1	140700000	140800000	1.0
NC_088201.1	140800000	140900000	1.0
NC_088201.1	140900000	141000000	1.0
NC_088201.1	141000000	141100000	3.0
NC_088201.1	141100000	141200000	1.0
NC_088201.1	141200000	141300000	4.0
NC_088201.1	141400000	141500000	1.0
NC_088201.1	141500000	141600000	1.0
NC_088201.1	141700000	141800000	1.0
NC_088201.1	141800000	141900000	2.0
NC_088201.1	142000000	142100000	3.0
NC_088201.1	142100000	142200000	3.0
NC_088201.1	142200000	142300000	2.0
NC_088201.1	142300000	142400000	2.0
NC_088201.1	142500000	142600000	4.0
NC_088201.1	142600000	142700000	2.0
NC_088201.1	142700000	142800000	5.0
NC_088201.1	142800000	142900000	3.0
NC_088201.1	142900000	143000000	1.0
NC_088201.1	143200000	143300000	2.0
NC_088201.1	143100000	143200000	2.0
NC_088201.1	143300000	143400000	2.0
NC_088201.1	143400000	143500000	1.0
NC_088201.1	143500000	143600000	1.0
NC_088201.1	143600000	143700000	2.0
NC_088201.1	143700000	143800000	1.0
NC_088201.1	143800000	143900000	2.0
NC_088201.1	144000000	144100000	1.0
NC_088201.1	144100000	144200000	1.0
NC_088201.1	144200000	144300000	4.0
NC_088201.1	144400000	144500000	2.0
NC_088201.1	144500000	144600000	1.0
NC_088201.1	144600000	144700000	3.0
NC_088201.1	144700000	144800000	1.0
NC_088201.1	144800000	144900000	5.0
NC_088201.1	145200000	145300000	1.0
NC_088201.1	145400000	145500000	2.0
NC_088201.1	145700000	145800000	2.0
NC_088201.1	145900000	146000000	1.0
NC_088201.1	146000000	146100000	1.0
NC_088201.1	146300000	146400000	2.0
NC_088201.1	146400000	146500000	1.0
NC_088201.1	146600000	146700000	2.0
NC_088201.1	146800000	146900000	2.0
NC_088201.1	146900000	147000000	1.0
NC_088201.1	147100000	147200000	2.0
NC_088201.1	147200000	147300000	2.0
NC_088201.1	147300000	147400000	1.0
NC_088201.1	147400000	147500000	2.0
NC_088201.1	147500000	147600000	1.0
NC_088201.1	147700000	147800000	2.0
NC_088201.1	147800000	147900000	1.0
NC_088201.1	147900000	148000000	2.0
NC_088201.1	148000000	148100000	2.0
NC_088201.1	148100000	148200000	1.0
NC_088201.1	148200000	148300000	1.0
NC_088201.1	148300000	148400000	1.0
NC_088201.1	148400000	148500000	4.0
NC_088201.1	148500000	148600000	2.0
NC_088201.1	148800000	148900000	1.0
NC_088201.1	148900000	149000000	2.0
NC_088201.1	149000000	149100000	3.0
NC_088201.1	149100000	149200000	3.0
NC_088201.1	149300000	149400000	4.0
NC_088201.1	149200000	149300000	1.0
NC_088201.1	149400000	149500000	1.0
NC_088201.1	149500000	149600000	3.0
NC_088201.1	149600000	149700000	1.0
NC_088201.1	149800000	149900000	2.0
NC_088201.1	149900000	150000000	1.0
NC_088201.1	150000000	150100000	1.0
NC_088201.1	150300000	150400000	1.0
NC_088201.1	150500000	150600000	2.0
NC_088201.1	150600000	150700000	1.0
NC_088201.1	150800000	150900000	1.0
NC_088201.1	150900000	151000000	1.0
NC_088201.1	151100000	151200000	4.0
NC_088201.1	151200000	151300000	1.0
NC_088201.1	151700000	151800000	3.0
NC_088201.1	151800000	151900000	1.0
NC_088201.1	151900000	152000000	2.0
NC_088201.1	152000000	152100000	1.0
NC_088201.1	152100000	152200000	2.0
NC_088201.1	152500000	152600000	1.0
NC_088201.1	152800000	152900000	2.0
NC_088201.1	152900000	153000000	1.0
NC_088201.1	153000000	153100000	1.0
NC_088201.1	153200000	153300000	1.0
NC_088201.1	153300000	153400000	1.0
NC_088201.1	153400000	153500000	2.0
NC_088201.1	153500000	153600000	3.0
NC_088201.1	153600000	153700000	4.0
NC_088201.1	153700000	153800000	1.0
NC_088201.1	153800000	153900000	4.0
NC_088201.1	154000000	154100000	1.0
NC_088201.1	154300000	154400000	4.0
NC_088201.1	154500000	154600000	4.0
NC_088201.1	154600000	154700000	1.0
NC_088201.1	154700000	154800000	2.0
NC_088201.1	154800000	154900000	3.0
NC_088201.1	154900000	155000000	1.0
NC_088201.1	155000000	155100000	3.0
NC_088201.1	155100000	155200000	1.0
NC_088201.1	155200000	155300000	2.0
NC_088201.1	155600000	155700000	1.0
NC_088201.1	155800000	155900000	1.0
NC_088201.1	155900000	156000000	2.0
NC_088201.1	156000000	156100000	1.0
NC_088201.1	156100000	156200000	4.0
NC_088201.1	156200000	156300000	3.0
NC_088201.1	156300000	156400000	2.0
NC_088201.1	156400000	156500000	1.0
NC_088201.1	156500000	156600000	1.0
NC_088201.1	156600000	156700000	3.0
NC_088201.1	156700000	156800000	1.0
NC_088201.1	156800000	156900000	1.0
NC_088201.1	156900000	157000000	1.0
NC_088201.1	157000000	157100000	3.0
NC_088201.1	157300000	157400000	1.0
NC_088201.1	157400000	157500000	2.0
NC_088201.1	157500000	157600000	3.0
NC_088201.1	157600000	157700000	2.0
NC_088201.1	157700000	157800000	5.0
NC_088201.1	157800000	157900000	2.0
NC_088201.1	157900000	158000000	2.0
NC_088201.1	158200000	158300000	3.0
NC_088201.1	158300000	158400000	4.0
NC_088201.1	158400000	158500000	2.0
NC_088201.1	158600000	158700000	5.0
NC_088201.1	158700000	158800000	1.0
NC_088201.1	158800000	158900000	2.0
NC_088201.1	158900000	159000000	1.0
NC_088201.1	159000000	159100000	2.0
NC_088201.1	159200000	159300000	2.0
NC_088201.1	159400000	159500000	1.0
NC_088201.1	159500000	159600000	2.0
NC_088201.1	159600000	159700000	2.0
NC_088201.1	159700000	159800000	2.0
NC_088201.1	159800000	159900000	1.0
NC_088201.1	159900000	160000000	2.0
NC_088201.1	160000000	160100000	2.0
NC_088201.1	160100000	160200000	1.0
NC_088201.1	160200000	160300000	3.0
NC_088201.1	160300000	160400000	1.0
NC_088201.1	160400000	160500000	1.0
NC_088201.1	160500000	160600000	2.0
NC_088201.1	160600000	160700000	2.0
NC_088201.1	160800000	160900000	2.0
NC_088201.1	160900000	161000000	1.0
NC_088201.1	161000000	161100000	2.0
NC_088201.1	161200000	161300000	1.0
NC_088201.1	161300000	161400000	1.0
NC_088201.1	161400000	161500000	3.0
NC_088201.1	161500000	161600000	1.0
NC_088201.1	161600000	161700000	3.0
NC_088201.1	161700000	161800000	1.0
NC_088201.1	161800000	161900000	1.0
NC_088201.1	161900000	162000000	1.0
NC_088201.1	162000000	162100000	3.0
NC_088201.1	162100000	162200000	3.0
NC_088201.1	162200000	162300000	3.0
NC_088201.1	162500000	162600000	1.0
NC_088201.1	162600000	162700000	1.0
NC_088201.1	162700000	162800000	3.0
NC_088201.1	162900000	163000000	4.0
NC_088201.1	163000000	163100000	3.0
NC_088201.1	163100000	163200000	3.0
NC_088201.1	163200000	163300000	2.0
NC_088201.1	163300000	163400000	2.0
NC_088201.1	163400000	163500000	3.0
NC_088201.1	163500000	163600000	2.0
NC_088201.1	163600000	163700000	2.0
NC_088201.1	163700000	163800000	1.0
NC_088201.1	163800000	163900000	3.0
NC_088201.1	163900000	164000000	1.0
NC_088201.1	164000000	164100000	1.0
NC_088201.1	164100000	164200000	1.0
NC_088201.1	164200000	164300000	1.0
NC_088201.1	164300000	164400000	1.0
NC_088201.1	164500000	164600000	4.0
NC_088201.1	164600000	164700000	5.0
NC_088201.1	164700000	164800000	1.0
NC_088201.1	164800000	164900000	3.0
NC_088201.1	164900000	165000000	1.0
NC_088201.1	165000000	165100000	7.0
NC_088201.1	165100000	165200000	3.0
NC_088201.1	165200000	165300000	4.0
NC_088201.1	165300000	165400000	9.0
NC_088201.1	165400000	165500000	5.0
NC_088201.1	165500000	165600000	1.0
NC_088201.1	165600000	165700000	6.0
NC_088201.1	165700000	165800000	6.0
NC_088201.1	165800000	165900000	2.0
NC_088201.1	165900000	166000000	3.0
NC_088201.1	166400000	166500000	2.0
NC_088201.1	166500000	166600000	1.0
NC_088201.1	166600000	166700000	2.0
NC_088201.1	166700000	166800000	2.0
NC_088201.1	166800000	166900000	2.0
NC_088201.1	167000000	167100000	1.0
NC_088201.1	167200000	167300000	1.0
NC_088201.1	167300000	167400000	1.0
NC_088201.1	167400000	167500000	2.0
NC_088201.1	167500000	167600000	4.0
NC_088201.1	167600000	167700000	1.0
NC_088201.1	167700000	167800000	4.0
NC_088201.1	167800000	167900000	3.0
NC_088201.1	168000000	168100000	2.0
NC_088201.1	168100000	168200000	6.0
NC_088201.1	168200000	168300000	4.0
NC_088201.1	168300000	168400000	2.0
NC_088201.1	168500000	168600000	6.0
NC_088201.1	168600000	168700000	3.0
NC_088201.1	168700000	168800000	2.0
NC_088201.1	168800000	168900000	2.0
NC_088201.1	168900000	169000000	2.0
NC_088201.1	169000000	169100000	2.0
NC_088201.1	169100000	169200000	2.0
NC_088201.1	169200000	169300000	2.0
NC_088201.1	169300000	169400000	2.0
NC_088201.1	169500000	169600000	3.0
NC_088201.1	169600000	169700000	2.0
NC_088201.1	169700000	169800000	2.0
NC_088201.1	169800000	169900000	1.0
NC_088201.1	169900000	170000000	2.0
NC_088201.1	170100000	170200000	4.0
NC_088201.1	170200000	170300000	6.0
NC_088201.1	170300000	170400000	3.0
NC_088201.1	170400000	170500000	1.0
NC_088201.1	170600000	170700000	1.0
NC_088201.1	170700000	170800000	3.0
NC_088201.1	170800000	170900000	3.0
NC_088201.1	170900000	171000000	2.0
NC_088201.1	171100000	171200000	1.0
NC_088201.1	171200000	171300000	2.0
NC_088201.1	171300000	171400000	2.0
NC_088201.1	171400000	171500000	2.0
NC_088201.1	171500000	171600000	1.0
NC_088201.1	171600000	171700000	2.0
NC_088201.1	171700000	171800000	1.0
NC_088201.1	171900000	172000000	1.0
NC_088201.1	172100000	172200000	1.0
NC_088201.1	172200000	172300000	1.0
NC_088201.1	172300000	172400000	2.0
NC_088201.1	172400000	172500000	2.0
NC_088201.1	172500000	172600000	1.0
NC_088201.1	172600000	172700000	4.0
NC_088201.1	172700000	172800000	2.0
NC_088201.1	172800000	172900000	1.0
NC_088201.1	173200000	173300000	5.0
NC_088201.1	173300000	173400000	2.0
NC_088201.1	173800000	173900000	1.0
NC_088201.1	174000000	174100000	2.0
NC_088201.1	174100000	174200000	1.0
NC_088201.1	174200000	174300000	4.0
NC_088201.1	174300000	174400000	5.0
NC_088201.1	174400000	174500000	1.0
NC_088201.1	174500000	174600000	3.0
NC_088201.1	175000000	175100000	1.0
NC_088201.1	175200000	175300000	1.0
NC_088201.1	175500000	175600000	3.0
NC_088201.1	175600000	175700000	1.0
NC_088201.1	175800000	175900000	1.0
NC_088201.1	175900000	176000000	4.0
NC_088201.1	176200000	176300000	3.0
NC_088201.1	176500000	176600000	4.0
NC_088201.1	176700000	176800000	1.0
NC_088201.1	176800000	176900000	2.0
NC_088201.1	176900000	177000000	2.0
NC_088201.1	177000000	177100000	2.0
NC_088201.1	177100000	177200000	1.0
NC_088201.1	177200000	177300000	2.0
NC_088201.1	177300000	177400000	2.0
NC_088201.1	177400000	177500000	1.0
NC_088201.1	177700000	177800000	3.0
NC_088201.1	177900000	178000000	8.0
NC_088201.1	178000000	178100000	1.0
NC_088201.1	178100000	178200000	6.0
NC_088201.1	178200000	178300000	6.0
NC_088201.1	178300000	178400000	1.0
NC_088201.1	178900000	179000000	4.0
NC_088201.1	179000000	179100000	2.0
NC_088201.1	179100000	179200000	5.0
NC_088201.1	179200000	179300000	1.0
NC_088201.1	179300000	179400000	4.0
NC_088201.1	179500000	179600000	4.0
NC_088201.1	179600000	179700000	4.0
NC_088201.1	179900000	180000000	3.0
NC_088201.1	180200000	180300000	1.0
NC_088201.1	180300000	180400000	3.0
NC_088201.1	180400000	180500000	2.0
NC_088201.1	180500000	180600000	1.0
NC_088201.1	180600000	180700000	1.0
NC_088201.1	180700000	180800000	2.0
NC_088201.1	180800000	180900000	2.0
NC_088201.1	180900000	181000000	3.0
NC_088201.1	181000000	181100000	2.0
NC_088201.1	181100000	181200000	1.0
NC_088201.1	181200000	181300000	2.0
NC_088201.1	181300000	181400000	2.0
NC_088201.1	181400000	181500000	1.0
NC_088201.1	181500000	181600000	3.0
NC_088201.1	181700000	181800000	1.0
NC_088201.1	181800000	181900000	3.0
NC_088201.1	181900000	182000000	3.0
NC_088201.1	182000000	182100000	3.0
NC_088201.1	182100000	182200000	1.0
NC_088201.1	182200000	182300000	4.0
NC_088201.1	182300000	182400000	4.0
NC_088201.1	182500000	182600000	1.0
NC_088201.1	182600000	182700000	4.0
NC_088201.1	182700000	182800000	3.0
NC_088201.1	182800000	182900000	3.0
NC_088201.1	183100000	183200000	1.0
NC_088201.1	183200000	183300000	1.0
NC_088201.1	183300000	183400000	2.0
NC_088201.1	183400000	183500000	2.0
NC_088201.1	183500000	183600000	2.0
NC_088201.1	183600000	183700000	2.0
NC_088201.1	183800000	183900000	2.0
NC_088201.1	183900000	184000000	4.0
NC_088201.1	184000000	184100000	1.0
NC_088201.1	184100000	184200000	2.0
NC_088201.1	184400000	184500000	1.0
NC_088201.1	184500000	184600000	1.0
NC_088201.1	184600000	184700000	2.0
NC_088201.1	184700000	184800000	1.0
NC_088201.1	185000000	185100000	1.0
NC_088201.1	185100000	185200000	1.0
NC_088201.1	185200000	185300000	1.0
NC_088201.1	185300000	185400000	2.0
NC_088201.1	185400000	185500000	4.0
NC_088201.1	185500000	185600000	1.0
NC_088201.1	185600000	185700000	1.0
NC_088201.1	185800000	185900000	1.0
NC_088201.1	185700000	185800000	1.0
NC_088201.1	185900000	186000000	1.0
NC_088201.1	186000000	186100000	1.0
NC_088201.1	186100000	186200000	2.0
NC_088201.1	186200000	186300000	3.0
NC_088201.1	186300000	186400000	1.0
NC_088201.1	186400000	186500000	2.0
NC_088201.1	186500000	186600000	1.0
NC_088201.1	186600000	186700000	1.0
NC_088201.1	186900000	187000000	2.0
NC_088201.1	187100000	187200000	1.0
NC_088201.1	187200000	187300000	2.0
NC_088201.1	187300000	187400000	2.0
NC_088201.1	187400000	187500000	2.0
NC_088201.1	187500000	187600000	1.0
NC_088201.1	187600000	187700000	2.0
NC_088201.1	187700000	187800000	1.0
NC_088201.1	187800000	187900000	1.0
NC_088201.1	187900000	188000000	2.0
NC_088201.1	188200000	188300000	3.0
NC_088201.1	188300000	188400000	3.0
NC_088201.1	188400000	188500000	1.0
NC_088201.1	188500000	188600000	1.0
NC_088201.1	188600000	188700000	1.0
NC_088201.1	188700000	188800000	3.0
NC_088201.1	188900000	189000000	2.0
NC_088201.1	189000000	189100000	3.0
NC_088201.1	189100000	189200000	2.0
NC_088201.1	189200000	189300000	1.0
NC_088201.1	189300000	189400000	4.0
NC_088201.1	189400000	189500000	5.0
NC_088201.1	189500000	189600000	1.0
NC_088201.1	189700000	189800000	5.0
NC_088201.1	189600000	189700000	1.0
NC_088201.1	189800000	189900000	2.0
NC_088201.1	189900000	190000000	2.0
NC_088201.1	190000000	190100000	2.0
NC_088201.1	190100000	190200000	1.0
NC_088201.1	190500000	190600000	1.0
NC_088201.1	190600000	190700000	2.0
NC_088201.1	190700000	190800000	5.0
NC_088201.1	190800000	190900000	3.0
NC_088201.1	190900000	191000000	1.0
NC_088201.1	191100000	191200000	1.0
NC_088201.1	191200000	191300000	2.0
NC_088201.1	191300000	191400000	1.0
NC_088201.1	191500000	191600000	2.0
NC_088201.1	191600000	191700000	2.0
NC_088201.1	191700000	191800000	1.0
NC_088201.1	191800000	191900000	4.0
NC_088201.1	191900000	192000000	2.0
NC_088201.1	192000000	192100000	2.0
NC_088201.1	192100000	192200000	4.0
NC_088201.1	192200000	192300000	2.0
NC_088201.1	192300000	192400000	3.0
NC_088201.1	192400000	192500000	2.0
NC_088201.1	192500000	192600000	4.0
NC_088201.1	192600000	192700000	1.0
NC_088201.1	193000000	193100000	1.0
NC_088201.1	193100000	193200000	1.0
NC_088201.1	193700000	193800000	1.0
NC_088201.1	193800000	193900000	4.0
NC_088201.1	193900000	194000000	1.0
NC_088201.1	194100000	194200000	3.0
NC_088201.1	194000000	194100000	1.0
NC_088201.1	194200000	194300000	2.0
NC_088201.1	194300000	194400000	1.0
NC_088201.1	194400000	194500000	1.0
NC_088201.1	194500000	194600000	3.0
NC_088201.1	194600000	194700000	1.0
NC_088201.1	194700000	194800000	1.0
NC_088201.1	194800000	194900000	1.0
NC_088201.1	194900000	195000000	4.0
NC_088201.1	195000000	195100000	1.0
NC_088201.1	195500000	195600000	1.0
NC_088201.1	195600000	195700000	3.0
NC_088201.1	195700000	195800000	1.0
NC_088201.1	195900000	196000000	1.0
NC_088201.1	196100000	196200000	1.0
NC_088201.1	196000000	196100000	1.0
NC_088201.1	196300000	196400000	1.0
NC_088201.1	196500000	196600000	1.0
NC_088201.1	196600000	196700000	3.0
NC_088201.1	196800000	196900000	2.0
NC_088201.1	196900000	197000000	2.0
NC_088201.1	197100000	197200000	4.0
NC_088201.1	197300000	197400000	1.0
NC_088201.1	197500000	197600000	1.0
NC_088201.1	197900000	198000000	3.0
NC_088201.1	198000000	198100000	2.0
NC_088201.1	198100000	198200000	1.0
NC_088201.1	198300000	198400000	1.0
NC_088201.1	198400000	198500000	1.0
NC_088201.1	198500000	198600000	2.0
NC_088201.1	198700000	198800000	2.0
NC_088201.1	198800000	198900000	5.0
NC_088201.1	198900000	199000000	5.0
NC_088201.1	199000000	199100000	4.0
NC_088201.1	199200000	199300000	3.0
NC_088201.1	199300000	199400000	1.0
NC_088201.1	199600000	199700000	2.0
NC_088201.1	199500000	199600000	1.0
NC_088201.1	199700000	199800000	2.0
NC_088201.1	199800000	199900000	3.0
NC_088201.1	200000000	200100000	2.0
NC_088201.1	200200000	200300000	4.0
NC_088201.1	200400000	200500000	2.0
NC_088201.1	200600000	200700000	1.0
NC_088201.1	200700000	200800000	1.0
NC_088201.1	200900000	201000000	1.0
NC_088201.1	201000000	201100000	2.0
NC_088201.1	201300000	201400000	1.0
NC_088201.1	201400000	201500000	2.0
NC_088201.1	201600000	201700000	1.0
NC_088201.1	201700000	201800000	1.0
NC_088201.1	201800000	201900000	2.0
NC_088201.1	202000000	202100000	2.0
NC_088201.1	202100000	202200000	1.0
NC_088201.1	202200000	202300000	1.0
NC_088201.1	202300000	202400000	1.0
NC_088201.1	202400000	202500000	3.0
NC_088201.1	202500000	202600000	3.0
NC_088201.1	202600000	202700000	2.0
NC_088201.1	202700000	202800000	2.0
NC_088201.1	202900000	203000000	2.0
NC_088201.1	203000000	203100000	1.0
NC_088201.1	203100000	203200000	5.0
NC_088201.1	203200000	203300000	2.0
NC_088201.1	203400000	203500000	3.0
NC_088201.1	203600000	203700000	1.0
NC_088201.1	203700000	203800000	4.0
NC_088201.1	203800000	203900000	3.0
NC_088201.1	203900000	204000000	4.0
NC_088201.1	204000000	204100000	1.0
NC_088201.1	204100000	204200000	1.0
NC_088201.1	204200000	204300000	1.0
NC_088201.1	204400000	204500000	1.0
NC_088201.1	204500000	204600000	4.0
NC_088201.1	204600000	204700000	4.0
NC_088201.1	204800000	204900000	1.0
NC_088201.1	205000000	205100000	1.0
NC_088201.1	205300000	205400000	1.0
NC_088201.1	205400000	205500000	2.0
NC_088201.1	205500000	205600000	1.0
NC_088201.1	205700000	205800000	1.0
NC_088201.1	205900000	206000000	2.0
NC_088201.1	206000000	206100000	1.0
NC_088201.1	206100000	206200000	1.0
NC_088201.1	206200000	206300000	1.0
NC_088201.1	206300000	206400000	1.0
NC_088201.1	206400000	206500000	3.0
NC_088201.1	206600000	206700000	2.0
NC_088201.1	206800000	206900000	1.0
NC_088201.1	206900000	207000000	1.0
NC_088201.1	207000000	207100000	1.0
NC_088201.1	207100000	207200000	2.0
NC_088201.1	207300000	207400000	1.0
NC_088201.1	207400000	207500000	2.0
NC_088201.1	207500000	207600000	2.0
NC_088201.1	207600000	207700000	1.0
NC_088201.1	208000000	208100000	1.0
NC_088201.1	208300000	208400000	4.0
NC_088201.1	208200000	208300000	2.0
NC_088201.1	208600000	208700000	3.0
NC_088201.1	208700000	208800000	3.0
NC_088201.1	208800000	208900000	1.0
NC_088201.1	208900000	209000000	1.0
NC_088201.1	209000000	209100000	2.0
NC_088201.1	209300000	209400000	2.0
NC_088201.1	209400000	209500000	1.0
NC_088201.1	209500000	209600000	2.0
NC_088201.1	209700000	209800000	1.0
NC_088201.1	209800000	209900000	1.0
NC_088201.1	209900000	210000000	1.0
NC_088201.1	210000000	210100000	1.0
NC_088201.1	210100000	210200000	2.0
NC_088201.1	210200000	210300000	1.0
NC_088201.1	210300000	210400000	4.0
NC_088201.1	210400000	210500000	2.0
NC_088201.1	210500000	210600000	2.0
NC_088201.1	210600000	210700000	1.0
NC_088201.1	210800000	210900000	1.0
NC_088201.1	211000000	211100000	1.0
NC_088201.1	211200000	211300000	1.0
NC_088201.1	211300000	211400000	2.0
NC_088201.1	211400000	211500000	1.0
NC_088201.1	211600000	211700000	4.0
NC_088201.1	211700000	211800000	1.0
NC_088201.1	211800000	211900000	2.0
NC_088201.1	212000000	212100000	1.0
NC_088201.1	212200000	212300000	2.0
NC_088201.1	212400000	212500000	1.0
NC_088201.1	212500000	212600000	1.0
NC_088201.1	212600000	212700000	2.0
NC_088201.1	212700000	212800000	2.0
NC_088201.1	212800000	212900000	1.0
NC_088201.1	212900000	213000000	1.0
NC_088201.1	213000000	213100000	1.0
NC_088201.1	213100000	213200000	2.0
NC_088201.1	213300000	213400000	1.0
NC_088201.1	213500000	213600000	3.0
NC_088201.1	213800000	213900000	2.0
NC_088201.1	213600000	213700000	1.0
NC_088201.1	214000000	214100000	1.0
NC_088201.1	214100000	214200000	1.0
NC_088201.1	214200000	214300000	2.0
NC_088201.1	214400000	214500000	1.0
NC_088201.1	214500000	214600000	3.0
NC_088201.1	214700000	214800000	1.0
NC_088201.1	214600000	214700000	2.0
NC_088201.1	215000000	215100000	1.0
NC_088201.1	215100000	215200000	3.0
NC_088201.1	215200000	215300000	4.0
NC_088201.1	215300000	215400000	3.0
NC_088201.1	215400000	215500000	3.0
NC_088201.1	215500000	215600000	1.0
NC_088201.1	215700000	215800000	1.0
NC_088201.1	215800000	215900000	2.0
NC_088201.1	216100000	216200000	1.0
NC_088201.1	216300000	216400000	1.0
NC_088201.1	216400000	216500000	2.0
NC_088201.1	216800000	216900000	1.0
NC_088201.1	216900000	217000000	2.0
NC_088201.1	217000000	217100000	2.0
NC_088201.1	217200000	217300000	2.0
NC_088201.1	217300000	217400000	1.0
NC_088201.1	217400000	217500000	1.0
NC_088201.1	217500000	217600000	1.0
NC_088201.1	217600000	217700000	2.0
NC_088201.1	217700000	217800000	1.0
NC_088201.1	217800000	217900000	1.0
NC_088201.1	217900000	218000000	2.0
NC_088201.1	218300000	218400000	1.0
NC_088201.1	218400000	218500000	3.0
NC_088201.1	218600000	218700000	1.0
NC_088201.1	219000000	219100000	1.0
NC_088201.1	219200000	219300000	1.0
NC_088201.1	219300000	219400000	1.0
NC_088201.1	219400000	219500000	2.0
NC_088201.1	219500000	219600000	1.0
NC_088201.1	219600000	219700000	2.0
NC_088201.1	219700000	219800000	3.0
NC_088201.1	219800000	219900000	2.0
NC_088201.1	219900000	220000000	1.0
NC_088201.1	220000000	220100000	1.0
NC_088201.1	220100000	220200000	1.0
NC_088201.1	220200000	220300000	1.0
NC_088201.1	220300000	220400000	1.0
NC_088201.1	220500000	220600000	3.0
NC_088201.1	220800000	220900000	2.0
NC_088201.1	220900000	221000000	1.0
NC_088201.1	221000000	221100000	1.0
NC_088201.1	221100000	221200000	3.0
NC_088201.1	221200000	221300000	2.0
NC_088201.1	221300000	221400000	1.0
NC_088201.1	221400000	221500000	2.0
NC_088201.1	221500000	221600000	3.0
NC_088201.1	221600000	221700000	4.0
NC_088201.1	221700000	221800000	2.0
NC_088201.1	221800000	221900000	1.0
NC_088201.1	222000000	222100000	1.0
NC_088201.1	222100000	222200000	1.0
NC_088201.1	222300000	222400000	1.0
NC_088201.1	222500000	222600000	2.0
NC_088201.1	222600000	222700000	1.0
NC_088201.1	222900000	223000000	1.0
NC_088201.1	223000000	223100000	3.0
NC_088201.1	223100000	223200000	1.0
NC_088201.1	223200000	223300000	4.0
NC_088201.1	223300000	223400000	3.0
NC_088201.1	223500000	223600000	1.0
NC_088201.1	223600000	223700000	1.0
NC_088201.1	223700000	223800000	1.0
NC_088201.1	223800000	223900000	1.0
NC_088201.1	223900000	224000000	1.0
NC_088201.1	224000000	224100000	2.0
NC_088201.1	224200000	224300000	2.0
NC_088201.1	224800000	224900000	2.0
NC_088201.1	224900000	225000000	1.0
NC_088201.1	225000000	225100000	1.0
NC_088201.1	225100000	225200000	3.0
NC_088201.1	225200000	225300000	4.0
NC_088201.1	225400000	225500000	3.0
NC_088201.1	225600000	225700000	1.0
NC_088201.1	225700000	225800000	1.0
NC_088201.1	225800000	225900000	1.0
NC_088201.1	226100000	226200000	1.0
NC_088201.1	226000000	226100000	1.0
NC_088201.1	226500000	226600000	1.0
NC_088201.1	226600000	226700000	3.0
NC_088201.1	226700000	226800000	2.0
NC_088201.1	226800000	226900000	1.0
NC_088201.1	226900000	227000000	1.0
NC_088201.1	227000000	227100000	2.0
NC_088201.1	227100000	227200000	2.0
NC_088201.1	227200000	227300000	1.0
NC_088201.1	227300000	227400000	2.0
NC_088201.1	227400000	227500000	2.0
NC_088201.1	227600000	227700000	2.0
NC_088201.1	227700000	227800000	1.0
NC_088201.1	227800000	227900000	1.0
NC_088201.1	227900000	228000000	1.0
NC_088201.1	228000000	228100000	2.0
NC_088201.1	228200000	228300000	3.0
NC_088201.1	228300000	228400000	1.0
NC_088201.1	228400000	228500000	4.0
NC_088201.1	228500000	228600000	6.0
NC_088201.1	228600000	228700000	1.0
NC_088201.1	228700000	228800000	4.0
NC_088201.1	228800000	228900000	2.0
NC_088201.1	229000000	229100000	2.0
NC_088201.1	229100000	229200000	1.0
NC_088201.1	229200000	229300000	1.0
NC_088201.1	229300000	229400000	1.0
NC_088201.1	229400000	229500000	2.0
NC_088201.1	229500000	229600000	1.0
NC_088201.1	229700000	229800000	2.0
NC_088201.1	229800000	229900000	2.0
NC_088201.1	229900000	230000000	2.0
NC_088201.1	230200000	230300000	3.0
NC_088201.1	230400000	230500000	3.0
NC_088201.1	230600000	230700000	1.0
NC_088201.1	230800000	230900000	1.0
NC_088201.1	230900000	231000000	3.0
NC_088201.1	231000000	231100000	1.0
NC_088201.1	231500000	231600000	2.0
NC_088201.1	231600000	231700000	1.0
NC_088201.1	231700000	231800000	2.0
NC_088201.1	231800000	231900000	1.0
NC_088201.1	231900000	232000000	3.0
NC_088201.1	232000000	232100000	1.0
NC_088201.1	232100000	232200000	3.0
NC_088201.1	232200000	232300000	3.0
NC_088201.1	232300000	232400000	2.0
NC_088201.1	232400000	232500000	1.0
NC_088201.1	232600000	232700000	3.0
NC_088201.1	232700000	232800000	4.0
NC_088201.1	232900000	233000000	1.0
NC_088201.1	233000000	233100000	3.0
NC_088201.1	233100000	233200000	1.0
NC_088201.1	233300000	233400000	1.0
NC_088201.1	233500000	233600000	1.0
NC_088201.1	233600000	233700000	1.0
NC_088201.1	233800000	233900000	2.0
NC_088201.1	233900000	234000000	2.0
NC_088201.1	234000000	234100000	1.0
NC_088201.1	234100000	234200000	2.0
NC_088201.1	234200000	234300000	1.0
NC_088201.1	234300000	234400000	1.0
NC_088201.1	234600000	234700000	1.0
NC_088201.1	234700000	234800000	2.0
NC_088201.1	234800000	234900000	1.0
NC_088201.1	235000000	235100000	4.0
NC_088201.1	235100000	235200000	1.0
NC_088201.1	235200000	235300000	1.0
NC_088201.1	235300000	235400000	5.0
NC_088201.1	235400000	235500000	2.0
NC_088201.1	235500000	235594051	12.0
NC_088202.1	0	100000	1.0
NC_088202.1	100000	200000	1.0
NC_088202.1	300000	400000	3.0
NC_088202.1	400000	500000	3.0
NC_088202.1	600000	700000	5.0
NC_088202.1	700000	800000	4.0
NC_088202.1	800000	900000	2.0
NC_088202.1	900000	1000000	2.0
NC_088202.1	1000000	1100000	2.0
NC_088202.1	1100000	1200000	3.0
NC_088202.1	1300000	1400000	2.0
NC_088202.1	1500000	1600000	5.0
NC_088202.1	1600000	1700000	1.0
NC_088202.1	1700000	1800000	1.0
NC_088202.1	2100000	2200000	1.0
NC_088202.1	2000000	2100000	1.0
NC_088202.1	2800000	2900000	2.0
NC_088202.1	3100000	3200000	1.0
NC_088202.1	3200000	3300000	4.0
NC_088202.1	3400000	3500000	3.0
NC_088202.1	3500000	3600000	1.0
NC_088202.1	3700000	3800000	1.0
NC_088202.1	3800000	3900000	1.0
NC_088202.1	3900000	4000000	3.0
NC_088202.1	4000000	4100000	1.0
NC_088202.1	4100000	4200000	2.0
NC_088202.1	4200000	4300000	2.0
NC_088202.1	4400000	4500000	2.0
NC_088202.1	4600000	4700000	2.0
NC_088202.1	4800000	4900000	3.0
NC_088202.1	4900000	5000000	3.0
NC_088202.1	5000000	5100000	4.0
NC_088202.1	5100000	5200000	3.0
NC_088202.1	5200000	5300000	1.0
NC_088202.1	5300000	5400000	2.0
NC_088202.1	5400000	5500000	3.0
NC_088202.1	5500000	5600000	3.0
NC_088202.1	5600000	5700000	2.0
NC_088202.1	5700000	5800000	5.0
NC_088202.1	5800000	5900000	1.0
NC_088202.1	5900000	6000000	2.0
NC_088202.1	6000000	6100000	4.0
NC_088202.1	6100000	6200000	2.0
NC_088202.1	6200000	6300000	1.0
NC_088202.1	6300000	6400000	1.0
NC_088202.1	6400000	6500000	2.0
NC_088202.1	6500000	6600000	3.0
NC_088202.1	6600000	6700000	2.0
NC_088202.1	6700000	6800000	1.0
NC_088202.1	6900000	7000000	1.0
NC_088202.1	7100000	7200000	1.0
NC_088202.1	7200000	7300000	3.0
NC_088202.1	7400000	7500000	1.0
NC_088202.1	7500000	7600000	1.0
NC_088202.1	7600000	7700000	4.0
NC_088202.1	7800000	7900000	3.0
NC_088202.1	7900000	8000000	1.0
NC_088202.1	8000000	8100000	2.0
NC_088202.1	8100000	8200000	1.0
NC_088202.1	8200000	8300000	1.0
NC_088202.1	8300000	8400000	1.0
NC_088202.1	8400000	8500000	1.0
NC_088202.1	8600000	8700000	3.0
NC_088202.1	8700000	8800000	1.0
NC_088202.1	8900000	9000000	1.0
NC_088202.1	9000000	9100000	1.0
NC_088202.1	9100000	9200000	1.0
NC_088202.1	9200000	9300000	4.0
NC_088202.1	9300000	9400000	5.0
NC_088202.1	9400000	9500000	1.0
NC_088202.1	9600000	9700000	3.0
NC_088202.1	9800000	9900000	1.0
NC_088202.1	9900000	10000000	2.0
NC_088202.1	10000000	10100000	5.0
NC_088202.1	10100000	10200000	3.0
NC_088202.1	10200000	10300000	1.0
NC_088202.1	10300000	10400000	1.0
NC_088202.1	10400000	10500000	2.0
NC_088202.1	10500000	10600000	2.0
NC_088202.1	10600000	10700000	1.0
NC_088202.1	10700000	10800000	2.0
NC_088202.1	10800000	10900000	1.0
NC_088202.1	10900000	11000000	3.0
NC_088202.1	11100000	11200000	1.0
NC_088202.1	11200000	11300000	2.0
NC_088202.1	11300000	11400000	1.0
NC_088202.1	11400000	11500000	1.0
NC_088202.1	11500000	11600000	1.0
NC_088202.1	11700000	11800000	1.0
NC_088202.1	11800000	11900000	1.0
NC_088202.1	11900000	12000000	4.0
NC_088202.1	12000000	12100000	1.0
NC_088202.1	12100000	12200000	2.0
NC_088202.1	12200000	12300000	2.0
NC_088202.1	12300000	12400000	2.0
NC_088202.1	12400000	12500000	1.0
NC_088202.1	12500000	12600000	1.0
NC_088202.1	12700000	12800000	1.0
NC_088202.1	13200000	13300000	1.0
NC_088202.1	13300000	13400000	1.0
NC_088202.1	13400000	13500000	1.0
NC_088202.1	13500000	13600000	1.0
NC_088202.1	13600000	13700000	2.0
NC_088202.1	13700000	13800000	1.0
NC_088202.1	13900000	14000000	3.0
NC_088202.1	14000000	14100000	2.0
NC_088202.1	14100000	14200000	2.0
NC_088202.1	14200000	14300000	1.0
NC_088202.1	14300000	14400000	4.0
NC_088202.1	14400000	14500000	1.0
NC_088202.1	14700000	14800000	1.0
NC_088202.1	14800000	14900000	2.0
NC_088202.1	15100000	15200000	1.0
NC_088202.1	15200000	15300000	1.0
NC_088202.1	15400000	15500000	2.0
NC_088202.1	15500000	15600000	1.0
NC_088202.1	15600000	15700000	2.0
NC_088202.1	15700000	15800000	2.0
NC_088202.1	15800000	15900000	1.0
NC_088202.1	15900000	16000000	1.0
NC_088202.1	16000000	16100000	3.0
NC_088202.1	16100000	16200000	3.0
NC_088202.1	16300000	16400000	1.0
NC_088202.1	16500000	16600000	1.0
NC_088202.1	16800000	16900000	1.0
NC_088202.1	16700000	16800000	2.0
NC_088202.1	16900000	17000000	1.0
NC_088202.1	17000000	17100000	3.0
NC_088202.1	17400000	17500000	1.0
NC_088202.1	17800000	17900000	2.0
NC_088202.1	17900000	18000000	1.0
NC_088202.1	18000000	18100000	1.0
NC_088202.1	18200000	18300000	1.0
NC_088202.1	18400000	18500000	3.0
NC_088202.1	18700000	18800000	1.0
NC_088202.1	18800000	18900000	1.0
NC_088202.1	18900000	19000000	1.0
NC_088202.1	19000000	19100000	3.0
NC_088202.1	19100000	19200000	2.0
NC_088202.1	19200000	19300000	3.0
NC_088202.1	19300000	19400000	5.0
NC_088202.1	19500000	19600000	2.0
NC_088202.1	19600000	19700000	2.0
NC_088202.1	19800000	19900000	1.0
NC_088202.1	20000000	20100000	1.0
NC_088202.1	20300000	20400000	3.0
NC_088202.1	20400000	20500000	1.0
NC_088202.1	20500000	20600000	2.0
NC_088202.1	20700000	20800000	3.0
NC_088202.1	20800000	20900000	1.0
NC_088202.1	20900000	21000000	1.0
NC_088202.1	21000000	21100000	2.0
NC_088202.1	21100000	21200000	1.0
NC_088202.1	21200000	21300000	1.0
NC_088202.1	21300000	21400000	1.0
NC_088202.1	21400000	21500000	1.0
NC_088202.1	21600000	21700000	2.0
NC_088202.1	21700000	21800000	2.0
NC_088202.1	21800000	21900000	2.0
NC_088202.1	21900000	22000000	2.0
NC_088202.1	22000000	22100000	2.0
NC_088202.1	22100000	22200000	3.0
NC_088202.1	22200000	22300000	3.0
NC_088202.1	22300000	22400000	1.0
NC_088202.1	22400000	22500000	2.0
NC_088202.1	22800000	22900000	1.0
NC_088202.1	23000000	23100000	3.0
NC_088202.1	23300000	23400000	2.0
NC_088202.1	23400000	23500000	3.0
NC_088202.1	23700000	23800000	2.0
NC_088202.1	23900000	24000000	1.0
NC_088202.1	24000000	24100000	2.0
NC_088202.1	24200000	24300000	2.0
NC_088202.1	24300000	24400000	1.0
NC_088202.1	24400000	24500000	2.0
NC_088202.1	24500000	24600000	3.0
NC_088202.1	24600000	24700000	2.0
NC_088202.1	24800000	24900000	1.0
NC_088202.1	25000000	25100000	1.0
NC_088202.1	25100000	25200000	1.0
NC_088202.1	25300000	25400000	1.0
NC_088202.1	25500000	25600000	1.0
NC_088202.1	25400000	25500000	1.0
NC_088202.1	25600000	25700000	3.0
NC_088202.1	25700000	25800000	2.0
NC_088202.1	25900000	26000000	1.0
NC_088202.1	26000000	26100000	3.0
NC_088202.1	26100000	26200000	1.0
NC_088202.1	26200000	26300000	5.0
NC_088202.1	26300000	26400000	2.0
NC_088202.1	26400000	26500000	1.0
NC_088202.1	26500000	26600000	2.0
NC_088202.1	26600000	26700000	2.0
NC_088202.1	26700000	26800000	2.0
NC_088202.1	26800000	26900000	1.0
NC_088202.1	26900000	27000000	3.0
NC_088202.1	27000000	27100000	1.0
NC_088202.1	27100000	27200000	2.0
NC_088202.1	27200000	27300000	3.0
NC_088202.1	27300000	27400000	3.0
NC_088202.1	27400000	27500000	2.0
NC_088202.1	27500000	27600000	2.0
NC_088202.1	27600000	27700000	1.0
NC_088202.1	27700000	27800000	6.0
NC_088202.1	27800000	27900000	2.0
NC_088202.1	28000000	28100000	1.0
NC_088202.1	28100000	28200000	3.0
NC_088202.1	28200000	28300000	3.0
NC_088202.1	28300000	28400000	1.0
NC_088202.1	28400000	28500000	3.0
NC_088202.1	28500000	28600000	2.0
NC_088202.1	28600000	28700000	2.0
NC_088202.1	28700000	28800000	3.0
NC_088202.1	28800000	28900000	1.0
NC_088202.1	28900000	29000000	1.0
NC_088202.1	29000000	29100000	4.0
NC_088202.1	29100000	29200000	2.0
NC_088202.1	29200000	29300000	1.0
NC_088202.1	29300000	29400000	1.0
NC_088202.1	29400000	29500000	1.0
NC_088202.1	29500000	29600000	5.0
NC_088202.1	29600000	29700000	3.0
NC_088202.1	29700000	29800000	1.0
NC_088202.1	29800000	29900000	2.0
NC_088202.1	29900000	30000000	1.0
NC_088202.1	30000000	30100000	1.0
NC_088202.1	30300000	30400000	1.0
NC_088202.1	30600000	30700000	1.0
NC_088202.1	30800000	30900000	4.0
NC_088202.1	31000000	31100000	2.0
NC_088202.1	31100000	31200000	4.0
NC_088202.1	31200000	31300000	2.0
NC_088202.1	31300000	31400000	1.0
NC_088202.1	31400000	31500000	3.0
NC_088202.1	31500000	31600000	1.0
NC_088202.1	31600000	31700000	2.0
NC_088202.1	31700000	31800000	5.0
NC_088202.1	31800000	31900000	2.0
NC_088202.1	31900000	32000000	5.0
NC_088202.1	32000000	32100000	2.0
NC_088202.1	32100000	32200000	3.0
NC_088202.1	32200000	32300000	1.0
NC_088202.1	32300000	32400000	3.0
NC_088202.1	32400000	32500000	4.0
NC_088202.1	32500000	32600000	1.0
NC_088202.1	32600000	32700000	1.0
NC_088202.1	32700000	32800000	1.0
NC_088202.1	32900000	33000000	3.0
NC_088202.1	33100000	33200000	2.0
NC_088202.1	33200000	33300000	1.0
NC_088202.1	33300000	33400000	1.0
NC_088202.1	33400000	33500000	1.0
NC_088202.1	33500000	33600000	1.0
NC_088202.1	33600000	33700000	1.0
NC_088202.1	34000000	34100000	1.0
NC_088202.1	34300000	34400000	1.0
NC_088202.1	34400000	34500000	1.0
NC_088202.1	34500000	34600000	1.0
NC_088202.1	34600000	34700000	2.0
NC_088202.1	35000000	35100000	1.0
NC_088202.1	35400000	35500000	1.0
NC_088202.1	35500000	35600000	1.0
NC_088202.1	35600000	35700000	2.0
NC_088202.1	35700000	35800000	4.0
NC_088202.1	35800000	35900000	3.0
NC_088202.1	35900000	36000000	2.0
NC_088202.1	36000000	36100000	3.0
NC_088202.1	36100000	36200000	2.0
NC_088202.1	36200000	36300000	3.0
NC_088202.1	36400000	36500000	3.0
NC_088202.1	36600000	36700000	3.0
NC_088202.1	36800000	36900000	1.0
NC_088202.1	37000000	37100000	3.0
NC_088202.1	37100000	37200000	3.0
NC_088202.1	37500000	37600000	2.0
NC_088202.1	37900000	38000000	1.0
NC_088202.1	38000000	38100000	1.0
NC_088202.1	38200000	38300000	1.0
NC_088202.1	38300000	38400000	1.0
NC_088202.1	38400000	38500000	1.0
NC_088202.1	38600000	38700000	2.0
NC_088202.1	38900000	39000000	4.0
NC_088202.1	39100000	39200000	1.0
NC_088202.1	39200000	39300000	1.0
NC_088202.1	39300000	39400000	1.0
NC_088202.1	39400000	39500000	1.0
NC_088202.1	39500000	39600000	4.0
NC_088202.1	39600000	39700000	1.0
NC_088202.1	39700000	39800000	2.0
NC_088202.1	39800000	39900000	2.0
NC_088202.1	39900000	40000000	2.0
NC_088202.1	40000000	40100000	1.0
NC_088202.1	40100000	40200000	2.0
NC_088202.1	40200000	40300000	3.0
NC_088202.1	40300000	40400000	4.0
NC_088202.1	40400000	40500000	1.0
NC_088202.1	40600000	40700000	2.0
NC_088202.1	40800000	40900000	1.0
NC_088202.1	41000000	41100000	3.0
NC_088202.1	41200000	41300000	1.0
NC_088202.1	41300000	41400000	1.0
NC_088202.1	41400000	41500000	1.0
NC_088202.1	41500000	41600000	2.0
NC_088202.1	41700000	41800000	2.0
NC_088202.1	41800000	41900000	3.0
NC_088202.1	41900000	42000000	1.0
NC_088202.1	42000000	42100000	3.0
NC_088202.1	42100000	42200000	3.0
NC_088202.1	42200000	42300000	2.0
NC_088202.1	42300000	42400000	1.0
NC_088202.1	42400000	42500000	3.0
NC_088202.1	42500000	42600000	2.0
NC_088202.1	42600000	42700000	2.0
NC_088202.1	42900000	43000000	1.0
NC_088202.1	43200000	43300000	3.0
NC_088202.1	43300000	43400000	2.0
NC_088202.1	43400000	43500000	3.0
NC_088202.1	43500000	43600000	1.0
NC_088202.1	43600000	43700000	1.0
NC_088202.1	43700000	43800000	3.0
NC_088202.1	43800000	43900000	1.0
NC_088202.1	43900000	44000000	3.0
NC_088202.1	44100000	44200000	1.0
NC_088202.1	44300000	44400000	1.0
NC_088202.1	44200000	44300000	1.0
NC_088202.1	44500000	44600000	1.0
NC_088202.1	44600000	44700000	1.0
NC_088202.1	44700000	44800000	4.0
NC_088202.1	45000000	45100000	1.0
NC_088202.1	45400000	45500000	1.0
NC_088202.1	45600000	45700000	1.0
NC_088202.1	45900000	46000000	2.0
NC_088202.1	46100000	46200000	1.0
NC_088202.1	46200000	46300000	5.0
NC_088202.1	46300000	46400000	1.0
NC_088202.1	46400000	46500000	7.0
NC_088202.1	46500000	46600000	3.0
NC_088202.1	46600000	46700000	2.0
NC_088202.1	46700000	46800000	3.0
NC_088202.1	46800000	46900000	3.0
NC_088202.1	47000000	47100000	4.0
NC_088202.1	47100000	47200000	2.0
NC_088202.1	47200000	47300000	4.0
NC_088202.1	47300000	47400000	3.0
NC_088202.1	47400000	47500000	4.0
NC_088202.1	47500000	47600000	3.0
NC_088202.1	47800000	47900000	1.0
NC_088202.1	47900000	48000000	3.0
NC_088202.1	48000000	48100000	2.0
NC_088202.1	48100000	48200000	3.0
NC_088202.1	48800000	48900000	3.0
NC_088202.1	49100000	49200000	1.0
NC_088202.1	49200000	49300000	3.0
NC_088202.1	49300000	49400000	1.0
NC_088202.1	49400000	49500000	1.0
NC_088202.1	49500000	49600000	2.0
NC_088202.1	49600000	49700000	1.0
NC_088202.1	49800000	49900000	1.0
NC_088202.1	49900000	50000000	2.0
NC_088202.1	50000000	50100000	2.0
NC_088202.1	50100000	50200000	2.0
NC_088202.1	50300000	50400000	3.0
NC_088202.1	50400000	50500000	1.0
NC_088202.1	50500000	50600000	2.0
NC_088202.1	50600000	50700000	1.0
NC_088202.1	50800000	50900000	1.0
NC_088202.1	50900000	51000000	2.0
NC_088202.1	51000000	51100000	3.0
NC_088202.1	51100000	51200000	4.0
NC_088202.1	51200000	51300000	2.0
NC_088202.1	51300000	51400000	5.0
NC_088202.1	51400000	51500000	1.0
NC_088202.1	51600000	51700000	7.0
NC_088202.1	51700000	51800000	1.0
NC_088202.1	51800000	51900000	1.0
NC_088202.1	51900000	52000000	1.0
NC_088202.1	52000000	52100000	2.0
NC_088202.1	52200000	52300000	1.0
NC_088202.1	52500000	52600000	1.0
NC_088202.1	53000000	53100000	2.0
NC_088202.1	53100000	53200000	2.0
NC_088202.1	53200000	53300000	2.0
NC_088202.1	53300000	53400000	5.0
NC_088202.1	53400000	53500000	2.0
NC_088202.1	53500000	53600000	2.0
NC_088202.1	53600000	53700000	2.0
NC_088202.1	53700000	53800000	1.0
NC_088202.1	53800000	53900000	1.0
NC_088202.1	54000000	54100000	4.0
NC_088202.1	54100000	54200000	2.0
NC_088202.1	54200000	54300000	3.0
NC_088202.1	54300000	54400000	2.0
NC_088202.1	54400000	54500000	3.0
NC_088202.1	54500000	54600000	4.0
NC_088202.1	54600000	54700000	3.0
NC_088202.1	54700000	54800000	3.0
NC_088202.1	54800000	54900000	6.0
NC_088202.1	54900000	55000000	4.0
NC_088202.1	55000000	55100000	5.0
NC_088202.1	55100000	55200000	3.0
NC_088202.1	55200000	55300000	5.0
NC_088202.1	55300000	55400000	1.0
NC_088202.1	55400000	55500000	1.0
NC_088202.1	55500000	55600000	3.0
NC_088202.1	55600000	55700000	2.0
NC_088202.1	55700000	55800000	1.0
NC_088202.1	55800000	55900000	3.0
NC_088202.1	55900000	56000000	1.0
NC_088202.1	56000000	56100000	1.0
NC_088202.1	56100000	56200000	2.0
NC_088202.1	56400000	56500000	2.0
NC_088202.1	56500000	56600000	1.0
NC_088202.1	56600000	56700000	2.0
NC_088202.1	56700000	56800000	2.0
NC_088202.1	56800000	56900000	2.0
NC_088202.1	56900000	57000000	4.0
NC_088202.1	57000000	57100000	1.0
NC_088202.1	57100000	57200000	1.0
NC_088202.1	57200000	57300000	2.0
NC_088202.1	57300000	57400000	2.0
NC_088202.1	57400000	57500000	6.0
NC_088202.1	57500000	57600000	2.0
NC_088202.1	57600000	57700000	3.0
NC_088202.1	57700000	57800000	1.0
NC_088202.1	57900000	58000000	1.0
NC_088202.1	58200000	58300000	4.0
NC_088202.1	58300000	58400000	2.0
NC_088202.1	58400000	58500000	2.0
NC_088202.1	58500000	58600000	2.0
NC_088202.1	58600000	58700000	2.0
NC_088202.1	58700000	58800000	3.0
NC_088202.1	58800000	58900000	2.0
NC_088202.1	58900000	59000000	4.0
NC_088202.1	59000000	59100000	3.0
NC_088202.1	59100000	59200000	4.0
NC_088202.1	59200000	59300000	3.0
NC_088202.1	59400000	59500000	2.0
NC_088202.1	59500000	59600000	2.0
NC_088202.1	59900000	60000000	1.0
NC_088202.1	59700000	59800000	1.0
NC_088202.1	60100000	60200000	1.0
NC_088202.1	60200000	60300000	1.0
NC_088202.1	60400000	60500000	1.0
NC_088202.1	60500000	60600000	1.0
NC_088202.1	60600000	60700000	3.0
NC_088202.1	60700000	60800000	2.0
NC_088202.1	60800000	60900000	1.0
NC_088202.1	60900000	61000000	2.0
NC_088202.1	61000000	61100000	1.0
NC_088202.1	61100000	61200000	2.0
NC_088202.1	61300000	61400000	3.0
NC_088202.1	61400000	61500000	1.0
NC_088202.1	61500000	61600000	3.0
NC_088202.1	61600000	61700000	2.0
NC_088202.1	61700000	61800000	2.0
NC_088202.1	61900000	62000000	1.0
NC_088202.1	62100000	62200000	1.0
NC_088202.1	62400000	62500000	1.0
NC_088202.1	62500000	62600000	4.0
NC_088202.1	62700000	62800000	1.0
NC_088202.1	62800000	62900000	2.0
NC_088202.1	62900000	63000000	3.0
NC_088202.1	63000000	63100000	1.0
NC_088202.1	63100000	63200000	3.0
NC_088202.1	63200000	63300000	4.0
NC_088202.1	63300000	63400000	5.0
NC_088202.1	63400000	63500000	1.0
NC_088202.1	63600000	63700000	2.0
NC_088202.1	63700000	63800000	2.0
NC_088202.1	63800000	63900000	1.0
NC_088202.1	63900000	64000000	2.0
NC_088202.1	64100000	64200000	1.0
NC_088202.1	64200000	64300000	1.0
NC_088202.1	64300000	64400000	1.0
NC_088202.1	64400000	64500000	3.0
NC_088202.1	64500000	64600000	2.0
NC_088202.1	64600000	64700000	1.0
NC_088202.1	64700000	64800000	4.0
NC_088202.1	64800000	64900000	3.0
NC_088202.1	64900000	65000000	2.0
NC_088202.1	65000000	65100000	4.0
NC_088202.1	65100000	65200000	4.0
NC_088202.1	65300000	65400000	3.0
NC_088202.1	65400000	65500000	2.0
NC_088202.1	65500000	65600000	3.0
NC_088202.1	65600000	65700000	2.0
NC_088202.1	65700000	65800000	1.0
NC_088202.1	65800000	65900000	1.0
NC_088202.1	65900000	66000000	1.0
NC_088202.1	66000000	66100000	2.0
NC_088202.1	66100000	66200000	1.0
NC_088202.1	66500000	66600000	3.0
NC_088202.1	66600000	66700000	3.0
NC_088202.1	66700000	66800000	1.0
NC_088202.1	66800000	66900000	3.0
NC_088202.1	67100000	67200000	1.0
NC_088202.1	67300000	67400000	2.0
NC_088202.1	67500000	67600000	1.0
NC_088202.1	67700000	67800000	2.0
NC_088202.1	67800000	67900000	1.0
NC_088202.1	67900000	68000000	2.0
NC_088202.1	68000000	68100000	2.0
NC_088202.1	68100000	68200000	2.0
NC_088202.1	68200000	68300000	1.0
NC_088202.1	68300000	68400000	6.0
NC_088202.1	68400000	68500000	2.0
NC_088202.1	68500000	68600000	2.0
NC_088202.1	68600000	68700000	1.0
NC_088202.1	68700000	68800000	3.0
NC_088202.1	68800000	68900000	2.0
NC_088202.1	68900000	69000000	1.0
NC_088202.1	69000000	69100000	1.0
NC_088202.1	69100000	69200000	1.0
NC_088202.1	69300000	69400000	3.0
NC_088202.1	69400000	69500000	2.0
NC_088202.1	69500000	69600000	6.0
NC_088202.1	69600000	69700000	1.0
NC_088202.1	69700000	69800000	1.0
NC_088202.1	70000000	70100000	2.0
NC_088202.1	69800000	69900000	2.0
NC_088202.1	70100000	70200000	1.0
NC_088202.1	70300000	70400000	1.0
NC_088202.1	70400000	70500000	2.0
NC_088202.1	70500000	70600000	5.0
NC_088202.1	70700000	70800000	1.0
NC_088202.1	70900000	71000000	1.0
NC_088202.1	71100000	71200000	1.0
NC_088202.1	71300000	71400000	1.0
NC_088202.1	71800000	71900000	1.0
NC_088202.1	72300000	72400000	1.0
NC_088202.1	72400000	72500000	1.0
NC_088202.1	72500000	72600000	4.0
NC_088202.1	72700000	72800000	1.0
NC_088202.1	73000000	73100000	1.0
NC_088202.1	73200000	73300000	1.0
NC_088202.1	73300000	73400000	2.0
NC_088202.1	73400000	73500000	3.0
NC_088202.1	73500000	73600000	2.0
NC_088202.1	73700000	73800000	1.0
NC_088202.1	73800000	73900000	3.0
NC_088202.1	73900000	74000000	4.0
NC_088202.1	74100000	74200000	1.0
NC_088202.1	74200000	74300000	2.0
NC_088202.1	74300000	74400000	3.0
NC_088202.1	74400000	74500000	1.0
NC_088202.1	74500000	74600000	1.0
NC_088202.1	74600000	74700000	2.0
NC_088202.1	74700000	74800000	4.0
NC_088202.1	74900000	75000000	1.0
NC_088202.1	75000000	75100000	1.0
NC_088202.1	75100000	75200000	1.0
NC_088202.1	75300000	75400000	1.0
NC_088202.1	75400000	75500000	3.0
NC_088202.1	75500000	75600000	3.0
NC_088202.1	75600000	75700000	1.0
NC_088202.1	75700000	75800000	1.0
NC_088202.1	75800000	75900000	2.0
NC_088202.1	75900000	76000000	1.0
NC_088202.1	76000000	76100000	1.0
NC_088202.1	76200000	76300000	4.0
NC_088202.1	76400000	76500000	1.0
NC_088202.1	76500000	76600000	4.0
NC_088202.1	76600000	76700000	2.0
NC_088202.1	76700000	76800000	1.0
NC_088202.1	76900000	77000000	1.0
NC_088202.1	77000000	77100000	2.0
NC_088202.1	77300000	77400000	1.0
NC_088202.1	77400000	77500000	1.0
NC_088202.1	77600000	77700000	1.0
NC_088202.1	77500000	77600000	1.0
NC_088202.1	77800000	77900000	2.0
NC_088202.1	77900000	78000000	2.0
NC_088202.1	78000000	78100000	1.0
NC_088202.1	78100000	78200000	4.0
NC_088202.1	78200000	78300000	2.0
NC_088202.1	78300000	78400000	1.0
NC_088202.1	78400000	78500000	5.0
NC_088202.1	78500000	78600000	2.0
NC_088202.1	78600000	78700000	3.0
NC_088202.1	78700000	78800000	4.0
NC_088202.1	78800000	78900000	1.0
NC_088202.1	78900000	79000000	1.0
NC_088202.1	79000000	79100000	2.0
NC_088202.1	79100000	79200000	3.0
NC_088202.1	79200000	79300000	5.0
NC_088202.1	79500000	79600000	5.0
NC_088202.1	79600000	79700000	1.0
NC_088202.1	79900000	80000000	3.0
NC_088202.1	80000000	80100000	3.0
NC_088202.1	80100000	80200000	3.0
NC_088202.1	80400000	80500000	1.0
NC_088202.1	80900000	81000000	1.0
NC_088202.1	81000000	81100000	3.0
NC_088202.1	81100000	81200000	2.0
NC_088202.1	81200000	81300000	1.0
NC_088202.1	81400000	81500000	1.0
NC_088202.1	81900000	82000000	1.0
NC_088202.1	82000000	82100000	1.0
NC_088202.1	82100000	82200000	1.0
NC_088202.1	82200000	82300000	2.0
NC_088202.1	82400000	82500000	3.0
NC_088202.1	82500000	82600000	4.0
NC_088202.1	82700000	82800000	1.0
NC_088202.1	82800000	82900000	1.0
NC_088202.1	82900000	83000000	3.0
NC_088202.1	83000000	83100000	2.0
NC_088202.1	83100000	83200000	1.0
NC_088202.1	83200000	83300000	1.0
NC_088202.1	83300000	83400000	1.0
NC_088202.1	83600000	83700000	1.0
NC_088202.1	83700000	83800000	1.0
NC_088202.1	83900000	84000000	3.0
NC_088202.1	84100000	84200000	1.0
NC_088202.1	84200000	84300000	2.0
NC_088202.1	84300000	84400000	2.0
NC_088202.1	84400000	84500000	2.0
NC_088202.1	84500000	84600000	1.0
NC_088202.1	84600000	84700000	3.0
NC_088202.1	84700000	84800000	6.0
NC_088202.1	84900000	85000000	1.0
NC_088202.1	85100000	85200000	2.0
NC_088202.1	85200000	85300000	3.0
NC_088202.1	85300000	85400000	2.0
NC_088202.1	85400000	85500000	3.0
NC_088202.1	85500000	85600000	1.0
NC_088202.1	85600000	85700000	1.0
NC_088202.1	85700000	85800000	1.0
NC_088202.1	85900000	86000000	4.0
NC_088202.1	86000000	86100000	1.0
NC_088202.1	86100000	86200000	3.0
NC_088202.1	86200000	86300000	2.0
NC_088202.1	86300000	86400000	1.0
NC_088202.1	86400000	86500000	3.0
NC_088202.1	86500000	86600000	3.0
NC_088202.1	86600000	86700000	3.0
NC_088202.1	86700000	86800000	6.0
NC_088202.1	86800000	86900000	2.0
NC_088202.1	86900000	87000000	3.0
NC_088202.1	87000000	87100000	5.0
NC_088202.1	87100000	87200000	2.0
NC_088202.1	87300000	87400000	1.0
NC_088202.1	87600000	87700000	2.0
NC_088202.1	87700000	87800000	1.0
NC_088202.1	87800000	87900000	6.0
NC_088202.1	87900000	88000000	4.0
NC_088202.1	88000000	88100000	1.0
NC_088202.1	88100000	88200000	1.0
NC_088202.1	88400000	88500000	1.0
NC_088202.1	88600000	88700000	5.0
NC_088202.1	88700000	88800000	5.0
NC_088202.1	88800000	88900000	1.0
NC_088202.1	88900000	89000000	4.0
NC_088202.1	89000000	89100000	4.0
NC_088202.1	89100000	89200000	3.0
NC_088202.1	89200000	89300000	1.0
NC_088202.1	89300000	89400000	1.0
NC_088202.1	89400000	89500000	1.0
NC_088202.1	89700000	89800000	4.0
NC_088202.1	89800000	89900000	7.0
NC_088202.1	89900000	90000000	1.0
NC_088202.1	90000000	90100000	2.0
NC_088202.1	90100000	90200000	6.0
NC_088202.1	90200000	90300000	1.0
NC_088202.1	90300000	90400000	4.0
NC_088202.1	90400000	90500000	7.0
NC_088202.1	90500000	90600000	2.0
NC_088202.1	90600000	90700000	3.0
NC_088202.1	90700000	90800000	4.0
NC_088202.1	90800000	90900000	1.0
NC_088202.1	90900000	91000000	1.0
NC_088202.1	91000000	91100000	1.0
NC_088202.1	91200000	91300000	2.0
NC_088202.1	91300000	91400000	1.0
NC_088202.1	91600000	91700000	2.0
NC_088202.1	91700000	91800000	2.0
NC_088202.1	91800000	91900000	2.0
NC_088202.1	91900000	92000000	1.0
NC_088202.1	92000000	92100000	3.0
NC_088202.1	92100000	92200000	3.0
NC_088202.1	92300000	92400000	1.0
NC_088202.1	92200000	92300000	1.0
NC_088202.1	92600000	92700000	4.0
NC_088202.1	92700000	92800000	2.0
NC_088202.1	92800000	92900000	3.0
NC_088202.1	92900000	93000000	2.0
NC_088202.1	93000000	93100000	1.0
NC_088202.1	93300000	93400000	1.0
NC_088202.1	93400000	93500000	1.0
NC_088202.1	93600000	93700000	2.0
NC_088202.1	93700000	93800000	6.0
NC_088202.1	93800000	93900000	1.0
NC_088202.1	93900000	94000000	1.0
NC_088202.1	94300000	94400000	1.0
NC_088202.1	94700000	94800000	1.0
NC_088202.1	94800000	94900000	1.0
NC_088202.1	94900000	95000000	3.0
NC_088202.1	95100000	95200000	4.0
NC_088202.1	95200000	95300000	3.0
NC_088202.1	95300000	95400000	3.0
NC_088202.1	95500000	95600000	1.0
NC_088202.1	95600000	95700000	1.0
NC_088202.1	95700000	95800000	3.0
NC_088202.1	95800000	95900000	2.0
NC_088202.1	95900000	96000000	1.0
NC_088202.1	96000000	96100000	2.0
NC_088202.1	96100000	96200000	2.0
NC_088202.1	96200000	96300000	2.0
NC_088202.1	96400000	96500000	1.0
NC_088202.1	96600000	96700000	1.0
NC_088202.1	96900000	97000000	1.0
NC_088202.1	97000000	97100000	3.0
NC_088202.1	97300000	97400000	1.0
NC_088202.1	97700000	97800000	1.0
NC_088202.1	98100000	98200000	4.0
NC_088202.1	98200000	98300000	2.0
NC_088202.1	98300000	98400000	2.0
NC_088202.1	98400000	98500000	4.0
NC_088202.1	98500000	98600000	3.0
NC_088202.1	98600000	98700000	2.0
NC_088202.1	98700000	98800000	2.0
NC_088202.1	98800000	98900000	3.0
NC_088202.1	98900000	99000000	1.0
NC_088202.1	99000000	99100000	2.0
NC_088202.1	99100000	99200000	2.0
NC_088202.1	99300000	99400000	1.0
NC_088202.1	99400000	99500000	1.0
NC_088202.1	99700000	99800000	2.0
NC_088202.1	100100000	100200000	1.0
NC_088202.1	99900000	100000000	1.0
NC_088202.1	100300000	100400000	2.0
NC_088202.1	100400000	100500000	1.0
NC_088202.1	100500000	100600000	2.0
NC_088202.1	100600000	100700000	2.0
NC_088202.1	100700000	100800000	2.0
NC_088202.1	100800000	100900000	1.0
NC_088202.1	101000000	101100000	4.0
NC_088202.1	101200000	101300000	1.0
NC_088202.1	101400000	101500000	1.0
NC_088202.1	101500000	101600000	3.0
NC_088202.1	101600000	101700000	2.0
NC_088202.1	101700000	101800000	2.0
NC_088202.1	101900000	102000000	1.0
NC_088202.1	102000000	102100000	2.0
NC_088202.1	102100000	102200000	2.0
NC_088202.1	102200000	102300000	3.0
NC_088202.1	102300000	102400000	1.0
NC_088202.1	102400000	102500000	2.0
NC_088202.1	102500000	102600000	1.0
NC_088202.1	102600000	102700000	1.0
NC_088202.1	102700000	102800000	3.0
NC_088202.1	102800000	102900000	4.0
NC_088202.1	102900000	103000000	3.0
NC_088202.1	103000000	103100000	2.0
NC_088202.1	103100000	103200000	4.0
NC_088202.1	103200000	103300000	7.0
NC_088202.1	103400000	103500000	1.0
NC_088202.1	103700000	103800000	2.0
NC_088202.1	103800000	103900000	1.0
NC_088202.1	103900000	104000000	2.0
NC_088202.1	104000000	104100000	1.0
NC_088202.1	104100000	104200000	2.0
NC_088202.1	104200000	104300000	3.0
NC_088202.1	104300000	104400000	1.0
NC_088202.1	104600000	104700000	1.0
NC_088202.1	104700000	104800000	2.0
NC_088202.1	104800000	104900000	3.0
NC_088202.1	104900000	105000000	1.0
NC_088202.1	105000000	105100000	1.0
NC_088202.1	105100000	105200000	2.0
NC_088202.1	105200000	105300000	3.0
NC_088202.1	105300000	105400000	2.0
NC_088202.1	105500000	105600000	2.0
NC_088202.1	105600000	105700000	1.0
NC_088202.1	105700000	105800000	3.0
NC_088202.1	105900000	106000000	1.0
NC_088202.1	106100000	106200000	3.0
NC_088202.1	106200000	106300000	3.0
NC_088202.1	106300000	106400000	1.0
NC_088202.1	106400000	106500000	3.0
NC_088202.1	106500000	106600000	2.0
NC_088202.1	106600000	106700000	2.0
NC_088202.1	106700000	106800000	2.0
NC_088202.1	106800000	106900000	2.0
NC_088202.1	106900000	107000000	1.0
NC_088202.1	107100000	107200000	2.0
NC_088202.1	107200000	107300000	1.0
NC_088202.1	107400000	107500000	1.0
NC_088202.1	107500000	107600000	3.0
NC_088202.1	107600000	107700000	1.0
NC_088202.1	107700000	107800000	1.0
NC_088202.1	107900000	108000000	1.0
NC_088202.1	108000000	108100000	1.0
NC_088202.1	108100000	108200000	1.0
NC_088202.1	108200000	108300000	1.0
NC_088202.1	108300000	108400000	1.0
NC_088202.1	108400000	108500000	2.0
NC_088202.1	108600000	108700000	1.0
NC_088202.1	108700000	108800000	2.0
NC_088202.1	108800000	108900000	2.0
NC_088202.1	109000000	109100000	1.0
NC_088202.1	110100000	110200000	1.0
NC_088202.1	109300000	109400000	1.0
NC_088202.1	110300000	110400000	5.0
NC_088202.1	110400000	110500000	6.0
NC_088202.1	110500000	110600000	3.0
NC_088202.1	110900000	111000000	1.0
NC_088202.1	111000000	111100000	1.0
NC_088202.1	111100000	111200000	2.0
NC_088202.1	111300000	111400000	1.0
NC_088202.1	111400000	111500000	1.0
NC_088202.1	111500000	111600000	2.0
NC_088202.1	111600000	111700000	1.0
NC_088202.1	111900000	112000000	1.0
NC_088202.1	112000000	112100000	3.0
NC_088202.1	112100000	112200000	1.0
NC_088202.1	112300000	112400000	1.0
NC_088202.1	112500000	112600000	1.0
NC_088202.1	112800000	112900000	1.0
NC_088202.1	113400000	113500000	1.0
NC_088202.1	113700000	113800000	1.0
NC_088202.1	114200000	114300000	1.0
NC_088202.1	114300000	114400000	3.0
NC_088202.1	114400000	114500000	2.0
NC_088202.1	114500000	114600000	1.0
NC_088202.1	114600000	114700000	1.0
NC_088202.1	114800000	114900000	2.0
NC_088202.1	114900000	115000000	1.0
NC_088202.1	115000000	115100000	1.0
NC_088202.1	115300000	115400000	1.0
NC_088202.1	115400000	115500000	1.0
NC_088202.1	115700000	115800000	1.0
NC_088202.1	115800000	115900000	1.0
NC_088202.1	116000000	116100000	1.0
NC_088202.1	116200000	116300000	2.0
NC_088202.1	116300000	116400000	4.0
NC_088202.1	116500000	116600000	1.0
NC_088202.1	116600000	116700000	2.0
NC_088202.1	116700000	116800000	1.0
NC_088202.1	116800000	116900000	1.0
NC_088202.1	116900000	117000000	1.0
NC_088202.1	117000000	117100000	4.0
NC_088202.1	117100000	117200000	1.0
NC_088202.1	117200000	117300000	1.0
NC_088202.1	117300000	117400000	1.0
NC_088202.1	117400000	117500000	1.0
NC_088202.1	117600000	117700000	2.0
NC_088202.1	117700000	117800000	2.0
NC_088202.1	117800000	117900000	1.0
NC_088202.1	117900000	118000000	2.0
NC_088202.1	118100000	118200000	1.0
NC_088202.1	118000000	118100000	1.0
NC_088202.1	118300000	118400000	1.0
NC_088202.1	118400000	118500000	3.0
NC_088202.1	118500000	118600000	1.0
NC_088202.1	118600000	118700000	2.0
NC_088202.1	118700000	118800000	1.0
NC_088202.1	118800000	118900000	1.0
NC_088202.1	119000000	119100000	1.0
NC_088202.1	119100000	119200000	1.0
NC_088202.1	119300000	119400000	1.0
NC_088202.1	119400000	119500000	1.0
NC_088202.1	119500000	119600000	7.0
NC_088202.1	119600000	119700000	5.0
NC_088202.1	119700000	119800000	2.0
NC_088202.1	119800000	119900000	2.0
NC_088202.1	119900000	120000000	2.0
NC_088202.1	120000000	120100000	2.0
NC_088202.1	120100000	120200000	2.0
NC_088202.1	120200000	120300000	2.0
NC_088202.1	120300000	120400000	4.0
NC_088202.1	120400000	120500000	2.0
NC_088202.1	120500000	120600000	2.0
NC_088202.1	120600000	120700000	1.0
NC_088202.1	120700000	120800000	1.0
NC_088202.1	120900000	121000000	1.0
NC_088202.1	121000000	121100000	1.0
NC_088202.1	121100000	121200000	2.0
NC_088202.1	121200000	121300000	2.0
NC_088202.1	121300000	121400000	1.0
NC_088202.1	121400000	121500000	4.0
NC_088202.1	121600000	121700000	1.0
NC_088202.1	121700000	121800000	3.0
NC_088202.1	121900000	122000000	2.0
NC_088202.1	122000000	122100000	1.0
NC_088202.1	122200000	122300000	1.0
NC_088202.1	122300000	122400000	1.0
NC_088202.1	122500000	122600000	1.0
NC_088202.1	122600000	122700000	2.0
NC_088202.1	123000000	123100000	1.0
NC_088202.1	123300000	123400000	2.0
NC_088202.1	123400000	123500000	3.0
NC_088202.1	123500000	123600000	2.0
NC_088202.1	123700000	123800000	1.0
NC_088202.1	123800000	123900000	3.0
NC_088202.1	123900000	124000000	2.0
NC_088202.1	124000000	124100000	2.0
NC_088202.1	124100000	124200000	5.0
NC_088202.1	124200000	124300000	4.0
NC_088202.1	124400000	124500000	2.0
NC_088202.1	124600000	124700000	1.0
NC_088202.1	124700000	124800000	1.0
NC_088202.1	125000000	125100000	2.0
NC_088202.1	125300000	125400000	2.0
NC_088202.1	125800000	125900000	1.0
NC_088202.1	126000000	126100000	1.0
NC_088202.1	126300000	126400000	1.0
NC_088202.1	126600000	126700000	3.0
NC_088202.1	126700000	126800000	3.0
NC_088202.1	126800000	126900000	4.0
NC_088202.1	126900000	127000000	2.0
NC_088202.1	127100000	127200000	1.0
NC_088202.1	128000000	128100000	1.0
NC_088202.1	128100000	128200000	1.0
NC_088202.1	128200000	128300000	5.0
NC_088202.1	128300000	128400000	1.0
NC_088202.1	128400000	128500000	1.0
NC_088202.1	128500000	128600000	1.0
NC_088202.1	128600000	128700000	2.0
NC_088202.1	128700000	128800000	3.0
NC_088202.1	128800000	128900000	7.0
NC_088202.1	128900000	129000000	1.0
NC_088202.1	129000000	129100000	3.0
NC_088202.1	129100000	129200000	4.0
NC_088202.1	129200000	129300000	4.0
NC_088202.1	129300000	129400000	4.0
NC_088202.1	129400000	129500000	8.0
NC_088202.1	129500000	129600000	3.0
NC_088202.1	129600000	129700000	3.0
NC_088202.1	129700000	129800000	2.0
NC_088202.1	129900000	130000000	1.0
NC_088202.1	130100000	130200000	3.0
NC_088202.1	130200000	130300000	3.0
NC_088202.1	130600000	130700000	1.0
NC_088202.1	130800000	130900000	2.0
NC_088202.1	130900000	131000000	5.0
NC_088202.1	131100000	131200000	1.0
NC_088202.1	131000000	131100000	2.0
NC_088202.1	131300000	131400000	4.0
NC_088202.1	131400000	131500000	3.0
NC_088202.1	131500000	131600000	4.0
NC_088202.1	131600000	131700000	7.0
NC_088202.1	131900000	132000000	1.0
NC_088202.1	132000000	132100000	3.0
NC_088202.1	132100000	132200000	3.0
NC_088202.1	132200000	132300000	3.0
NC_088202.1	132300000	132400000	1.0
NC_088202.1	132600000	132700000	1.0
NC_088202.1	132700000	132800000	1.0
NC_088202.1	132800000	132900000	4.0
NC_088202.1	132900000	133000000	2.0
NC_088202.1	133000000	133100000	4.0
NC_088202.1	133100000	133200000	5.0
NC_088202.1	133200000	133300000	1.0
NC_088202.1	133300000	133400000	1.0
NC_088202.1	133400000	133500000	6.0
NC_088202.1	133500000	133600000	1.0
NC_088202.1	133700000	133800000	2.0
NC_088202.1	134000000	134100000	1.0
NC_088202.1	134100000	134200000	1.0
NC_088202.1	134400000	134500000	1.0
NC_088202.1	134600000	134700000	5.0
NC_088202.1	134700000	134800000	3.0
NC_088202.1	134900000	135000000	1.0
NC_088202.1	135100000	135200000	2.0
NC_088202.1	135200000	135300000	2.0
NC_088202.1	135300000	135400000	3.0
NC_088202.1	135400000	135500000	3.0
NC_088202.1	135600000	135700000	1.0
NC_088202.1	135800000	135900000	1.0
NC_088202.1	136000000	136100000	2.0
NC_088202.1	136100000	136200000	9.0
NC_088202.1	136200000	136300000	3.0
NC_088202.1	136300000	136400000	10.0
NC_088202.1	136400000	136500000	3.0
NC_088202.1	136500000	136600000	2.0
NC_088202.1	136600000	136700000	2.0
NC_088202.1	136800000	136900000	3.0
NC_088202.1	136900000	137000000	3.0
NC_088202.1	137000000	137100000	7.0
NC_088202.1	137100000	137200000	4.0
NC_088202.1	137200000	137300000	1.0
NC_088202.1	137500000	137600000	3.0
NC_088202.1	137900000	138000000	3.0
NC_088202.1	138000000	138100000	2.0
NC_088202.1	138100000	138200000	1.0
NC_088202.1	138200000	138300000	6.0
NC_088202.1	138300000	138400000	8.0
NC_088202.1	138400000	138500000	4.0
NC_088202.1	138500000	138600000	2.0
NC_088202.1	138700000	138800000	1.0
NC_088202.1	138900000	139000000	1.0
NC_088202.1	139000000	139100000	2.0
NC_088202.1	139100000	139200000	2.0
NC_088202.1	139200000	139300000	5.0
NC_088202.1	139300000	139400000	2.0
NC_088202.1	139400000	139500000	1.0
NC_088202.1	139500000	139600000	5.0
NC_088202.1	139600000	139700000	1.0
NC_088202.1	139800000	139900000	2.0
NC_088202.1	139900000	140000000	2.0
NC_088202.1	140000000	140100000	1.0
NC_088202.1	140100000	140200000	1.0
NC_088202.1	140200000	140300000	4.0
NC_088202.1	140300000	140400000	2.0
NC_088202.1	140400000	140500000	2.0
NC_088202.1	140500000	140600000	5.0
NC_088202.1	140600000	140700000	2.0
NC_088202.1	140700000	140800000	2.0
NC_088202.1	140800000	140900000	1.0
NC_088202.1	140900000	141000000	2.0
NC_088202.1	141000000	141100000	1.0
NC_088202.1	141200000	141300000	1.0
NC_088202.1	141300000	141400000	3.0
NC_088202.1	141400000	141500000	1.0
NC_088202.1	141600000	141700000	1.0
NC_088202.1	141700000	141800000	4.0
NC_088202.1	141800000	141900000	3.0
NC_088202.1	141900000	142000000	1.0
NC_088202.1	142000000	142100000	3.0
NC_088202.1	142100000	142200000	5.0
NC_088202.1	142200000	142300000	8.0
NC_088202.1	142300000	142400000	4.0
NC_088202.1	142400000	142500000	7.0
NC_088202.1	142500000	142600000	5.0
NC_088202.1	142600000	142700000	1.0
NC_088202.1	142700000	142800000	1.0
NC_088202.1	142800000	142900000	4.0
NC_088202.1	142900000	143000000	1.0
NC_088202.1	143000000	143100000	7.0
NC_088202.1	143100000	143200000	4.0
NC_088202.1	143600000	143700000	1.0
NC_088202.1	143800000	143900000	1.0
NC_088202.1	144100000	144200000	1.0
NC_088202.1	144200000	144300000	1.0
NC_088202.1	144300000	144400000	2.0
NC_088202.1	144400000	144500000	1.0
NC_088202.1	144500000	144600000	1.0
NC_088202.1	144700000	144800000	2.0
NC_088202.1	144800000	144900000	1.0
NC_088202.1	144900000	145000000	2.0
NC_088202.1	145000000	145100000	1.0
NC_088202.1	145100000	145200000	5.0
NC_088202.1	145200000	145300000	6.0
NC_088202.1	145300000	145400000	4.0
NC_088202.1	145400000	145500000	5.0
NC_088202.1	145500000	145600000	7.0
NC_088202.1	145600000	145700000	1.0
NC_088202.1	145700000	145800000	1.0
NC_088202.1	145800000	145900000	1.0
NC_088202.1	145900000	146000000	4.0
NC_088202.1	146000000	146100000	5.0
NC_088202.1	146100000	146200000	5.0
NC_088202.1	146200000	146300000	6.0
NC_088202.1	146300000	146400000	5.0
NC_088202.1	146400000	146500000	4.0
NC_088202.1	146500000	146600000	3.0
NC_088202.1	146600000	146700000	3.0
NC_088202.1	146700000	146800000	1.0
NC_088202.1	146800000	146900000	4.0
NC_088202.1	147000000	147100000	1.0
NC_088202.1	147100000	147200000	1.0
NC_088202.1	147300000	147400000	2.0
NC_088202.1	147400000	147500000	3.0
NC_088202.1	147500000	147600000	4.0
NC_088202.1	147600000	147700000	4.0
NC_088202.1	147700000	147800000	2.0
NC_088202.1	147800000	147900000	4.0
NC_088202.1	147900000	148000000	1.0
NC_088202.1	148100000	148200000	2.0
NC_088202.1	148500000	148600000	6.0
NC_088202.1	148600000	148700000	6.0
NC_088202.1	148700000	148800000	2.0
NC_088202.1	148800000	148900000	3.0
NC_088202.1	148900000	149000000	6.0
NC_088202.1	149000000	149100000	4.0
NC_088202.1	149100000	149200000	6.0
NC_088202.1	149200000	149300000	2.0
NC_088202.1	149800000	149900000	1.0
NC_088202.1	150000000	150100000	1.0
NC_088202.1	150100000	150200000	2.0
NC_088202.1	150200000	150260747	1.0
NC_088203.1	0	100000	5.0
NC_088203.1	100000	200000	1.0
NC_088203.1	200000	300000	2.0
NC_088203.1	300000	400000	9.0
NC_088203.1	400000	500000	1.0
NC_088203.1	500000	600000	4.0
NC_088203.1	600000	700000	11.0
NC_088203.1	700000	800000	3.0
NC_088203.1	800000	900000	1.0
NC_088203.1	900000	1000000	4.0
NC_088203.1	1300000	1400000	3.0
NC_088203.1	1400000	1500000	8.0
NC_088203.1	1500000	1600000	3.0
NC_088203.1	1600000	1700000	1.0
NC_088203.1	1700000	1800000	4.0
NC_088203.1	1800000	1900000	11.0
NC_088203.1	1900000	2000000	4.0
NC_088203.1	2000000	2100000	5.0
NC_088203.1	2100000	2200000	3.0
NC_088203.1	2300000	2400000	2.0
NC_088203.1	2400000	2500000	1.0
NC_088203.1	2500000	2600000	1.0
NC_088203.1	2800000	2900000	2.0
NC_088203.1	2900000	3000000	1.0
NC_088203.1	3100000	3200000	1.0
NC_088203.1	3300000	3400000	1.0
NC_088203.1	3400000	3500000	6.0
NC_088203.1	3500000	3600000	3.0
NC_088203.1	3600000	3700000	6.0
NC_088203.1	3700000	3800000	2.0
NC_088203.1	3900000	4000000	1.0
NC_088203.1	4000000	4100000	1.0
NC_088203.1	4100000	4200000	1.0
NC_088203.1	4200000	4300000	6.0
NC_088203.1	4300000	4400000	2.0
NC_088203.1	4400000	4500000	1.0
NC_088203.1	4500000	4600000	3.0
NC_088203.1	4600000	4700000	3.0
NC_088203.1	4800000	4900000	1.0
NC_088203.1	5000000	5100000	1.0
NC_088203.1	5100000	5200000	4.0
NC_088203.1	5200000	5300000	5.0
NC_088203.1	5500000	5600000	6.0
NC_088203.1	5400000	5500000	1.0
NC_088203.1	5600000	5700000	5.0
NC_088203.1	5700000	5800000	3.0
NC_088203.1	5800000	5900000	3.0
NC_088203.1	5900000	6000000	7.0
NC_088203.1	6000000	6100000	6.0
NC_088203.1	6100000	6200000	1.0
NC_088203.1	6200000	6300000	1.0
NC_088203.1	6400000	6500000	1.0
NC_088203.1	6500000	6600000	3.0
NC_088203.1	6600000	6700000	1.0
NC_088203.1	6700000	6800000	1.0
NC_088203.1	6800000	6900000	3.0
NC_088203.1	6900000	7000000	12.0
NC_088203.1	7100000	7200000	1.0
NC_088203.1	7300000	7400000	3.0
NC_088203.1	7400000	7500000	12.0
NC_088203.1	7700000	7800000	1.0
NC_088203.1	7500000	7600000	1.0
NC_088203.1	7900000	8000000	6.0
NC_088203.1	8000000	8100000	3.0
NC_088203.1	8300000	8400000	1.0
NC_088203.1	8200000	8300000	1.0
NC_088203.1	8400000	8500000	1.0
NC_088203.1	8500000	8600000	3.0
NC_088203.1	8600000	8700000	5.0
NC_088203.1	8700000	8800000	6.0
NC_088203.1	8800000	8900000	10.0
NC_088203.1	8900000	9000000	13.0
NC_088203.1	9000000	9100000	11.0
NC_088203.1	9100000	9200000	2.0
NC_088203.1	9200000	9300000	9.0
NC_088203.1	9300000	9400000	6.0
NC_088203.1	9400000	9500000	1.0
NC_088203.1	9500000	9600000	8.0
NC_088203.1	9600000	9700000	5.0
NC_088203.1	9700000	9800000	7.0
NC_088203.1	9800000	9900000	1.0
NC_088203.1	9900000	10000000	4.0
NC_088203.1	10000000	10100000	4.0
NC_088203.1	10100000	10200000	3.0
NC_088203.1	10200000	10300000	10.0
NC_088203.1	10300000	10400000	7.0
NC_088203.1	10400000	10500000	4.0
NC_088203.1	10500000	10600000	4.0
NC_088203.1	10600000	10700000	7.0
NC_088203.1	10700000	10800000	7.0
NC_088203.1	10800000	10900000	10.0
NC_088203.1	10900000	11000000	7.0
NC_088203.1	11000000	11100000	1.0
NC_088203.1	11300000	11400000	2.0
NC_088203.1	11400000	11500000	6.0
NC_088203.1	11500000	11600000	7.0
NC_088203.1	11600000	11700000	2.0
NC_088203.1	11800000	11900000	1.0
NC_088203.1	12000000	12100000	5.0
NC_088203.1	12100000	12200000	4.0
NC_088203.1	12200000	12300000	4.0
NC_088203.1	12400000	12500000	2.0
NC_088203.1	12500000	12600000	2.0
NC_088203.1	12600000	12700000	2.0
NC_088203.1	12700000	12800000	2.0
NC_088203.1	12800000	12900000	8.0
NC_088203.1	12900000	13000000	5.0
NC_088203.1	13000000	13100000	8.0
NC_088203.1	13100000	13200000	8.0
NC_088203.1	13200000	13300000	4.0
NC_088203.1	13300000	13400000	3.0
NC_088203.1	13400000	13500000	2.0
NC_088203.1	13500000	13600000	1.0
NC_088203.1	13600000	13700000	7.0
NC_088203.1	13700000	13800000	7.0
NC_088203.1	13800000	13900000	5.0
NC_088203.1	13900000	14000000	4.0
NC_088203.1	14000000	14100000	1.0
NC_088203.1	14100000	14200000	5.0
NC_088203.1	14200000	14300000	2.0
NC_088203.1	14300000	14400000	2.0
NC_088203.1	14400000	14500000	10.0
NC_088203.1	14500000	14600000	2.0
NC_088203.1	14600000	14700000	4.0
NC_088203.1	14700000	14800000	4.0
NC_088203.1	14800000	14900000	4.0
NC_088203.1	15000000	15100000	2.0
NC_088203.1	15200000	15300000	1.0
NC_088203.1	15300000	15400000	3.0
NC_088203.1	15400000	15500000	1.0
NC_088203.1	15500000	15600000	1.0
NC_088203.1	15700000	15800000	3.0
NC_088203.1	15800000	15900000	8.0
NC_088203.1	15900000	16000000	6.0
NC_088203.1	16000000	16100000	9.0
NC_088203.1	16100000	16200000	1.0
NC_088203.1	16200000	16300000	1.0
NC_088203.1	16300000	16400000	1.0
NC_088203.1	16400000	16500000	1.0
NC_088203.1	16600000	16700000	2.0
NC_088203.1	16700000	16800000	4.0
NC_088203.1	16800000	16900000	2.0
NC_088203.1	16900000	17000000	1.0
NC_088203.1	17000000	17100000	3.0
NC_088203.1	17100000	17200000	8.0
NC_088203.1	17200000	17300000	9.0
NC_088203.1	17300000	17400000	2.0
NC_088203.1	17400000	17500000	1.0
NC_088203.1	17500000	17600000	1.0
NC_088203.1	17600000	17700000	2.0
NC_088203.1	17800000	17900000	2.0
NC_088203.1	17900000	18000000	3.0
NC_088203.1	18000000	18100000	3.0
NC_088203.1	18200000	18300000	2.0
NC_088203.1	18300000	18400000	6.0
NC_088203.1	18400000	18500000	4.0
NC_088203.1	18600000	18700000	1.0
NC_088203.1	18900000	19000000	1.0
NC_088203.1	19000000	19100000	3.0
NC_088203.1	19100000	19200000	4.0
NC_088203.1	19200000	19300000	1.0
NC_088203.1	19300000	19400000	2.0
NC_088203.1	19600000	19700000	1.0
NC_088203.1	19400000	19500000	1.0
NC_088203.1	19800000	19900000	2.0
NC_088203.1	19900000	20000000	1.0
NC_088203.1	20100000	20200000	1.0
NC_088203.1	20200000	20300000	2.0
NC_088203.1	20300000	20400000	3.0
NC_088203.1	20700000	20800000	1.0
NC_088203.1	20400000	20500000	1.0
NC_088203.1	21000000	21100000	3.0
NC_088203.1	21200000	21300000	2.0
NC_088203.1	21100000	21200000	3.0
NC_088203.1	21300000	21400000	1.0
NC_088203.1	21400000	21500000	2.0
NC_088203.1	21500000	21600000	4.0
NC_088203.1	21700000	21800000	2.0
NC_088203.1	21800000	21900000	2.0
NC_088203.1	21900000	22000000	3.0
NC_088203.1	22000000	22100000	1.0
NC_088203.1	22300000	22400000	1.0
NC_088203.1	22100000	22200000	1.0
NC_088203.1	22400000	22500000	2.0
NC_088203.1	22500000	22600000	5.0
NC_088203.1	22600000	22700000	4.0
NC_088203.1	22700000	22800000	4.0
NC_088203.1	22800000	22900000	2.0
NC_088203.1	22900000	23000000	2.0
NC_088203.1	23000000	23100000	5.0
NC_088203.1	23100000	23200000	2.0
NC_088203.1	23200000	23300000	1.0
NC_088203.1	23300000	23400000	3.0
NC_088203.1	23500000	23600000	2.0
NC_088203.1	23600000	23700000	1.0
NC_088203.1	23700000	23800000	2.0
NC_088203.1	23800000	23900000	1.0
NC_088203.1	23900000	24000000	2.0
NC_088203.1	24000000	24100000	1.0
NC_088203.1	24100000	24200000	2.0
NC_088203.1	24200000	24300000	2.0
NC_088203.1	24400000	24500000	2.0
NC_088203.1	24600000	24700000	2.0
NC_088203.1	24800000	24900000	5.0
NC_088203.1	24900000	25000000	1.0
NC_088203.1	25000000	25100000	1.0
NC_088203.1	25200000	25300000	6.0
NC_088203.1	25300000	25400000	2.0
NC_088203.1	25400000	25500000	2.0
NC_088203.1	25500000	25600000	2.0
NC_088203.1	25600000	25700000	5.0
NC_088203.1	25700000	25800000	4.0
NC_088203.1	25800000	25900000	2.0
NC_088203.1	25900000	26000000	5.0
NC_088203.1	26000000	26100000	3.0
NC_088203.1	26100000	26200000	2.0
NC_088203.1	26200000	26300000	4.0
NC_088203.1	26300000	26400000	4.0
NC_088203.1	26400000	26500000	3.0
NC_088203.1	26500000	26600000	1.0
NC_088203.1	26600000	26700000	1.0
NC_088203.1	26700000	26800000	4.0
NC_088203.1	26800000	26900000	2.0
NC_088203.1	26900000	27000000	1.0
NC_088203.1	27200000	27300000	1.0
NC_088203.1	27500000	27600000	2.0
NC_088203.1	27600000	27700000	2.0
NC_088203.1	27700000	27800000	1.0
NC_088203.1	27800000	27900000	3.0
NC_088203.1	27900000	28000000	3.0
NC_088203.1	28000000	28100000	3.0
NC_088203.1	28100000	28200000	1.0
NC_088203.1	28200000	28300000	3.0
NC_088203.1	28300000	28400000	1.0
NC_088203.1	28400000	28500000	2.0
NC_088203.1	28500000	28600000	4.0
NC_088203.1	28600000	28700000	4.0
NC_088203.1	28700000	28800000	3.0
NC_088203.1	28800000	28900000	2.0
NC_088203.1	28900000	29000000	4.0
NC_088203.1	29000000	29100000	8.0
NC_088203.1	29100000	29200000	2.0
NC_088203.1	29200000	29300000	2.0
NC_088203.1	29300000	29400000	2.0
NC_088203.1	29400000	29500000	2.0
NC_088203.1	29600000	29700000	2.0
NC_088203.1	29700000	29800000	1.0
NC_088203.1	29800000	29900000	2.0
NC_088203.1	29900000	30000000	2.0
NC_088203.1	30000000	30100000	1.0
NC_088203.1	30200000	30300000	2.0
NC_088203.1	30300000	30400000	2.0
NC_088203.1	30400000	30500000	1.0
NC_088203.1	30500000	30600000	2.0
NC_088203.1	30600000	30700000	5.0
NC_088203.1	30700000	30800000	1.0
NC_088203.1	30800000	30900000	6.0
NC_088203.1	30900000	31000000	2.0
NC_088203.1	31000000	31100000	2.0
NC_088203.1	31100000	31200000	2.0
NC_088203.1	31200000	31300000	2.0
NC_088203.1	31300000	31400000	2.0
NC_088203.1	31400000	31500000	1.0
NC_088203.1	31500000	31600000	3.0
NC_088203.1	31600000	31700000	2.0
NC_088203.1	31700000	31800000	4.0
NC_088203.1	31800000	31900000	2.0
NC_088203.1	31900000	32000000	1.0
NC_088203.1	32000000	32100000	2.0
NC_088203.1	32100000	32200000	2.0
NC_088203.1	32200000	32300000	3.0
NC_088203.1	32300000	32400000	1.0
NC_088203.1	32400000	32500000	1.0
NC_088203.1	32500000	32600000	2.0
NC_088203.1	32600000	32700000	1.0
NC_088203.1	32700000	32800000	4.0
NC_088203.1	32800000	32900000	1.0
NC_088203.1	33000000	33100000	3.0
NC_088203.1	33100000	33200000	2.0
NC_088203.1	33200000	33300000	2.0
NC_088203.1	33300000	33400000	1.0
NC_088203.1	33500000	33600000	2.0
NC_088203.1	33600000	33700000	2.0
NC_088203.1	33700000	33800000	1.0
NC_088203.1	33800000	33900000	1.0
NC_088203.1	33900000	34000000	3.0
NC_088203.1	34100000	34200000	3.0
NC_088203.1	34200000	34300000	3.0
NC_088203.1	34400000	34500000	4.0
NC_088203.1	34500000	34600000	1.0
NC_088203.1	34600000	34700000	3.0
NC_088203.1	34800000	34900000	4.0
NC_088203.1	34900000	35000000	1.0
NC_088203.1	35000000	35100000	1.0
NC_088203.1	35100000	35200000	1.0
NC_088203.1	35200000	35300000	2.0
NC_088203.1	35600000	35700000	2.0
NC_088203.1	35800000	35900000	1.0
NC_088203.1	35900000	36000000	4.0
NC_088203.1	36100000	36200000	4.0
NC_088203.1	36200000	36300000	2.0
NC_088203.1	36400000	36500000	1.0
NC_088203.1	36500000	36600000	6.0
NC_088203.1	36600000	36700000	2.0
NC_088203.1	36700000	36800000	2.0
NC_088203.1	36800000	36900000	1.0
NC_088203.1	36900000	37000000	2.0
NC_088203.1	37000000	37100000	2.0
NC_088203.1	37100000	37200000	1.0
NC_088203.1	37200000	37300000	3.0
NC_088203.1	37300000	37400000	1.0
NC_088203.1	37500000	37600000	1.0
NC_088203.1	37600000	37700000	3.0
NC_088203.1	37700000	37800000	3.0
NC_088203.1	37900000	38000000	1.0
NC_088203.1	38000000	38100000	1.0
NC_088203.1	38100000	38200000	1.0
NC_088203.1	38300000	38400000	1.0
NC_088203.1	38400000	38500000	3.0
NC_088203.1	38500000	38600000	2.0
NC_088203.1	38600000	38700000	1.0
NC_088203.1	38700000	38800000	2.0
NC_088203.1	38800000	38900000	2.0
NC_088203.1	39000000	39100000	3.0
NC_088203.1	39100000	39200000	3.0
NC_088203.1	39200000	39300000	1.0
NC_088203.1	39400000	39500000	1.0
NC_088203.1	39500000	39600000	3.0
NC_088203.1	39600000	39700000	2.0
NC_088203.1	39900000	40000000	1.0
NC_088203.1	40000000	40100000	6.0
NC_088203.1	40100000	40200000	2.0
NC_088203.1	40200000	40300000	4.0
NC_088203.1	40300000	40400000	2.0
NC_088203.1	40400000	40500000	1.0
NC_088203.1	40500000	40600000	1.0
NC_088203.1	40600000	40700000	1.0
NC_088203.1	40700000	40800000	2.0
NC_088203.1	40800000	40900000	1.0
NC_088203.1	40900000	41000000	2.0
NC_088203.1	41100000	41200000	3.0
NC_088203.1	41200000	41300000	1.0
NC_088203.1	41300000	41400000	1.0
NC_088203.1	41400000	41500000	2.0
NC_088203.1	41500000	41600000	6.0
NC_088203.1	41600000	41700000	1.0
NC_088203.1	41700000	41800000	3.0
NC_088203.1	41800000	41900000	2.0
NC_088203.1	41900000	42000000	2.0
NC_088203.1	42000000	42100000	3.0
NC_088203.1	42200000	42300000	3.0
NC_088203.1	42300000	42400000	1.0
NC_088203.1	42400000	42500000	1.0
NC_088203.1	42600000	42700000	5.0
NC_088203.1	42800000	42900000	4.0
NC_088203.1	42900000	43000000	2.0
NC_088203.1	43000000	43100000	2.0
NC_088203.1	43100000	43200000	3.0
NC_088203.1	43200000	43300000	4.0
NC_088203.1	43300000	43400000	2.0
NC_088203.1	43400000	43500000	1.0
NC_088203.1	43500000	43600000	5.0
NC_088203.1	43800000	43900000	3.0
NC_088203.1	43900000	44000000	2.0
NC_088203.1	44200000	44300000	1.0
NC_088203.1	44300000	44400000	1.0
NC_088203.1	44400000	44500000	2.0
NC_088203.1	44600000	44700000	1.0
NC_088203.1	44900000	45000000	1.0
NC_088203.1	45000000	45100000	1.0
NC_088203.1	45100000	45200000	2.0
NC_088203.1	45200000	45300000	3.0
NC_088203.1	45300000	45400000	2.0
NC_088203.1	45500000	45600000	1.0
NC_088203.1	45400000	45500000	1.0
NC_088203.1	45600000	45700000	2.0
NC_088203.1	45700000	45800000	1.0
NC_088203.1	45900000	46000000	1.0
NC_088203.1	46000000	46100000	1.0
NC_088203.1	46200000	46300000	3.0
NC_088203.1	46300000	46400000	2.0
NC_088203.1	46400000	46500000	1.0
NC_088203.1	46500000	46600000	4.0
NC_088203.1	46600000	46700000	1.0
NC_088203.1	46700000	46800000	1.0
NC_088203.1	46900000	47000000	3.0
NC_088203.1	47200000	47300000	1.0
NC_088203.1	47300000	47400000	1.0
NC_088203.1	47400000	47500000	1.0
NC_088203.1	47500000	47600000	1.0
NC_088203.1	47600000	47700000	2.0
NC_088203.1	47700000	47800000	1.0
NC_088203.1	47800000	47900000	1.0
NC_088203.1	48100000	48200000	1.0
NC_088203.1	48300000	48400000	2.0
NC_088203.1	48700000	48800000	2.0
NC_088203.1	48900000	49000000	1.0
NC_088203.1	49000000	49100000	3.0
NC_088203.1	49300000	49400000	1.0
NC_088203.1	49600000	49700000	2.0
NC_088203.1	49900000	50000000	2.0
NC_088203.1	49800000	49900000	1.0
NC_088203.1	50200000	50300000	2.0
NC_088203.1	50600000	50700000	2.0
NC_088203.1	50900000	51000000	1.0
NC_088203.1	51000000	51100000	3.0
NC_088203.1	51100000	51200000	2.0
NC_088203.1	51500000	51600000	1.0
NC_088203.1	51600000	51700000	2.0
NC_088203.1	51700000	51800000	3.0
NC_088203.1	52100000	52200000	2.0
NC_088203.1	52200000	52300000	1.0
NC_088203.1	52300000	52400000	1.0
NC_088203.1	52400000	52500000	1.0
NC_088203.1	52500000	52600000	3.0
NC_088203.1	52600000	52700000	2.0
NC_088203.1	52700000	52800000	2.0
NC_088203.1	52800000	52900000	1.0
NC_088203.1	52900000	53000000	1.0
NC_088203.1	53000000	53100000	1.0
NC_088203.1	53100000	53200000	2.0
NC_088203.1	53200000	53300000	3.0
NC_088203.1	53300000	53400000	1.0
NC_088203.1	53400000	53500000	2.0
NC_088203.1	53600000	53700000	1.0
NC_088203.1	53500000	53600000	1.0
NC_088203.1	53700000	53800000	1.0
NC_088203.1	53800000	53900000	2.0
NC_088203.1	53900000	54000000	1.0
NC_088203.1	54100000	54200000	4.0
NC_088203.1	54000000	54100000	1.0
NC_088203.1	54300000	54400000	2.0
NC_088203.1	54400000	54500000	3.0
NC_088203.1	54500000	54600000	2.0
NC_088203.1	54600000	54700000	3.0
NC_088203.1	54700000	54800000	2.0
NC_088203.1	54800000	54900000	3.0
NC_088203.1	55200000	55300000	2.0
NC_088203.1	55300000	55400000	1.0
NC_088203.1	55400000	55500000	2.0
NC_088203.1	55500000	55600000	3.0
NC_088203.1	55600000	55700000	2.0
NC_088203.1	55900000	56000000	3.0
NC_088203.1	56000000	56100000	1.0
NC_088203.1	56300000	56400000	2.0
NC_088203.1	56500000	56600000	2.0
NC_088203.1	56600000	56700000	4.0
NC_088203.1	56700000	56800000	2.0
NC_088203.1	56800000	56900000	3.0
NC_088203.1	56900000	57000000	1.0
NC_088203.1	57100000	57200000	3.0
NC_088203.1	57200000	57300000	2.0
NC_088203.1	57300000	57400000	1.0
NC_088203.1	57500000	57600000	1.0
NC_088203.1	57700000	57800000	3.0
NC_088203.1	57800000	57900000	1.0
NC_088203.1	58000000	58100000	2.0
NC_088203.1	58100000	58200000	2.0
NC_088203.1	58200000	58300000	2.0
NC_088203.1	58300000	58400000	3.0
NC_088203.1	58400000	58500000	1.0
NC_088203.1	58500000	58600000	4.0
NC_088203.1	58600000	58700000	1.0
NC_088203.1	58700000	58800000	2.0
NC_088203.1	58900000	59000000	2.0
NC_088203.1	59000000	59100000	2.0
NC_088203.1	59100000	59200000	2.0
NC_088203.1	59300000	59400000	1.0
NC_088203.1	59400000	59500000	1.0
NC_088203.1	59500000	59600000	4.0
NC_088203.1	59600000	59700000	1.0
NC_088203.1	59700000	59800000	1.0
NC_088203.1	59800000	59900000	1.0
NC_088203.1	59900000	60000000	3.0
NC_088203.1	60000000	60100000	1.0
NC_088203.1	60100000	60200000	3.0
NC_088203.1	60200000	60300000	3.0
NC_088203.1	60300000	60400000	4.0
NC_088203.1	60600000	60700000	1.0
NC_088203.1	60700000	60800000	1.0
NC_088203.1	60800000	60900000	2.0
NC_088203.1	61000000	61100000	1.0
NC_088203.1	61100000	61200000	3.0
NC_088203.1	61200000	61300000	1.0
NC_088203.1	61500000	61600000	1.0
NC_088203.1	61700000	61800000	3.0
NC_088203.1	61800000	61900000	2.0
NC_088203.1	61900000	62000000	2.0
NC_088203.1	62000000	62100000	2.0
NC_088203.1	62100000	62200000	4.0
NC_088203.1	62200000	62300000	2.0
NC_088203.1	62300000	62400000	2.0
NC_088203.1	62400000	62500000	3.0
NC_088203.1	62900000	63000000	1.0
NC_088203.1	62700000	62800000	1.0
NC_088203.1	63000000	63100000	1.0
NC_088203.1	63100000	63200000	1.0
NC_088203.1	63300000	63400000	3.0
NC_088203.1	63400000	63500000	3.0
NC_088203.1	63500000	63600000	2.0
NC_088203.1	63800000	63900000	1.0
NC_088203.1	64000000	64100000	2.0
NC_088203.1	64200000	64300000	2.0
NC_088203.1	64600000	64700000	2.0
NC_088203.1	64800000	64900000	2.0
NC_088203.1	65200000	65300000	3.0
NC_088203.1	64900000	65000000	1.0
NC_088203.1	65100000	65200000	1.0
NC_088203.1	65300000	65400000	2.0
NC_088203.1	65500000	65600000	1.0
NC_088203.1	65600000	65700000	1.0
NC_088203.1	65700000	65800000	5.0
NC_088203.1	65800000	65900000	3.0
NC_088203.1	66000000	66100000	2.0
NC_088203.1	66100000	66200000	2.0
NC_088203.1	66200000	66300000	5.0
NC_088203.1	66300000	66400000	1.0
NC_088203.1	66400000	66500000	3.0
NC_088203.1	66500000	66600000	3.0
NC_088203.1	66700000	66800000	1.0
NC_088203.1	66800000	66900000	2.0
NC_088203.1	66900000	67000000	1.0
NC_088203.1	67000000	67100000	1.0
NC_088203.1	67300000	67400000	1.0
NC_088203.1	67200000	67300000	1.0
NC_088203.1	67500000	67600000	1.0
NC_088203.1	67700000	67800000	1.0
NC_088203.1	67800000	67900000	1.0
NC_088203.1	68000000	68100000	1.0
NC_088203.1	68100000	68200000	1.0
NC_088203.1	68200000	68300000	1.0
NC_088203.1	68300000	68400000	2.0
NC_088203.1	68500000	68600000	1.0
NC_088203.1	68700000	68800000	2.0
NC_088203.1	68900000	69000000	1.0
NC_088203.1	69000000	69100000	3.0
NC_088203.1	69100000	69200000	3.0
NC_088203.1	69300000	69400000	3.0
NC_088203.1	69400000	69500000	1.0
NC_088203.1	69500000	69600000	2.0
NC_088203.1	69600000	69700000	2.0
NC_088203.1	69700000	69800000	1.0
NC_088203.1	69800000	69900000	2.0
NC_088203.1	69900000	70000000	2.0
NC_088203.1	70000000	70100000	1.0
NC_088203.1	70100000	70200000	1.0
NC_088203.1	70300000	70400000	1.0
NC_088203.1	70400000	70500000	1.0
NC_088203.1	70500000	70600000	5.0
NC_088203.1	70600000	70700000	5.0
NC_088203.1	70800000	70900000	3.0
NC_088203.1	70900000	71000000	1.0
NC_088203.1	71000000	71100000	1.0
NC_088203.1	71100000	71200000	1.0
NC_088203.1	71200000	71300000	1.0
NC_088203.1	71300000	71400000	1.0
NC_088203.1	71600000	71700000	2.0
NC_088203.1	71700000	71800000	2.0
NC_088203.1	71800000	71900000	3.0
NC_088203.1	71900000	72000000	6.0
NC_088203.1	72100000	72200000	1.0
NC_088203.1	72200000	72300000	3.0
NC_088203.1	72700000	72800000	3.0
NC_088203.1	72800000	72900000	2.0
NC_088203.1	72900000	73000000	1.0
NC_088203.1	73100000	73200000	1.0
NC_088203.1	73200000	73300000	2.0
NC_088203.1	73300000	73400000	6.0
NC_088203.1	73400000	73500000	3.0
NC_088203.1	73600000	73700000	2.0
NC_088203.1	73700000	73800000	5.0
NC_088203.1	73800000	73900000	6.0
NC_088203.1	73900000	74000000	1.0
NC_088203.1	74000000	74100000	2.0
NC_088203.1	74100000	74200000	2.0
NC_088203.1	74200000	74300000	5.0
NC_088203.1	74500000	74600000	2.0
NC_088203.1	74600000	74700000	2.0
NC_088203.1	74700000	74800000	3.0
NC_088203.1	74800000	74900000	3.0
NC_088203.1	74900000	75000000	3.0
NC_088203.1	75000000	75100000	8.0
NC_088203.1	75100000	75200000	5.0
NC_088203.1	75200000	75300000	4.0
NC_088203.1	75300000	75400000	4.0
NC_088203.1	75400000	75500000	1.0
NC_088203.1	75500000	75600000	1.0
NC_088203.1	75600000	75700000	3.0
NC_088203.1	75700000	75800000	3.0
NC_088203.1	75800000	75900000	2.0
NC_088203.1	75900000	76000000	3.0
NC_088203.1	76000000	76100000	2.0
NC_088203.1	76100000	76200000	8.0
NC_088203.1	76200000	76300000	4.0
NC_088203.1	76400000	76500000	6.0
NC_088203.1	76500000	76600000	2.0
NC_088203.1	76600000	76700000	1.0
NC_088203.1	76700000	76800000	3.0
NC_088203.1	76800000	76900000	1.0
NC_088203.1	76900000	77000000	3.0
NC_088203.1	77000000	77100000	3.0
NC_088203.1	77100000	77200000	4.0
NC_088203.1	77200000	77300000	2.0
NC_088203.1	77300000	77400000	2.0
NC_088203.1	77400000	77500000	8.0
NC_088203.1	77500000	77600000	4.0
NC_088203.1	77600000	77700000	2.0
NC_088203.1	77700000	77800000	2.0
NC_088203.1	77800000	77900000	1.0
NC_088203.1	78000000	78100000	1.0
NC_088203.1	78100000	78200000	1.0
NC_088203.1	78200000	78300000	3.0
NC_088203.1	78300000	78400000	1.0
NC_088203.1	78400000	78500000	1.0
NC_088203.1	78900000	79000000	1.0
NC_088203.1	79100000	79200000	3.0
NC_088203.1	79200000	79300000	2.0
NC_088203.1	79300000	79400000	1.0
NC_088203.1	79500000	79600000	1.0
NC_088203.1	79900000	80000000	1.0
NC_088203.1	80100000	80200000	1.0
NC_088203.1	80200000	80300000	1.0
NC_088203.1	80300000	80400000	1.0
NC_088203.1	80600000	80700000	2.0
NC_088203.1	80700000	80800000	1.0
NC_088203.1	80800000	80900000	3.0
NC_088203.1	80900000	81000000	1.0
NC_088203.1	81000000	81100000	1.0
NC_088203.1	81100000	81200000	1.0
NC_088203.1	81200000	81300000	3.0
NC_088203.1	81300000	81400000	1.0
NC_088203.1	81400000	81500000	1.0
NC_088203.1	81900000	82000000	1.0
NC_088203.1	82200000	82300000	2.0
NC_088203.1	82300000	82400000	1.0
NC_088203.1	82600000	82700000	1.0
NC_088203.1	82800000	82900000	2.0
NC_088203.1	82900000	83000000	2.0
NC_088203.1	83000000	83100000	2.0
NC_088203.1	83200000	83300000	4.0
NC_088203.1	83300000	83400000	2.0
NC_088203.1	83400000	83500000	2.0
NC_088203.1	83500000	83600000	3.0
NC_088203.1	83600000	83700000	3.0
NC_088203.1	83700000	83800000	2.0
NC_088203.1	83800000	83900000	1.0
NC_088203.1	84200000	84300000	1.0
NC_088203.1	84500000	84600000	3.0
NC_088203.1	84600000	84700000	3.0
NC_088203.1	84700000	84800000	5.0
NC_088203.1	84800000	84900000	5.0
NC_088203.1	84900000	85000000	1.0
NC_088203.1	85000000	85100000	3.0
NC_088203.1	85100000	85200000	1.0
NC_088203.1	85300000	85400000	2.0
NC_088203.1	85400000	85500000	2.0
NC_088203.1	85500000	85600000	4.0
NC_088203.1	85600000	85700000	9.0
NC_088203.1	85700000	85800000	7.0
NC_088203.1	85800000	85900000	4.0
NC_088203.1	85900000	86000000	2.0
NC_088203.1	86000000	86100000	2.0
NC_088203.1	86100000	86200000	3.0
NC_088203.1	86400000	86500000	2.0
NC_088203.1	86600000	86700000	1.0
NC_088203.1	86800000	86900000	2.0
NC_088203.1	87000000	87100000	1.0
NC_088203.1	87100000	87200000	2.0
NC_088203.1	87200000	87300000	1.0
NC_088203.1	87400000	87500000	1.0
NC_088203.1	87500000	87600000	1.0
NC_088203.1	87600000	87700000	3.0
NC_088203.1	87700000	87800000	2.0
NC_088203.1	87800000	87900000	2.0
NC_088203.1	88100000	88200000	2.0
NC_088203.1	88200000	88300000	2.0
NC_088203.1	88400000	88500000	1.0
NC_088203.1	88600000	88700000	1.0
NC_088203.1	88700000	88800000	2.0
NC_088203.1	88800000	88900000	1.0
NC_088203.1	88900000	89000000	3.0
NC_088203.1	89000000	89100000	1.0
NC_088203.1	89100000	89200000	1.0
NC_088203.1	89400000	89500000	1.0
NC_088203.1	89600000	89700000	5.0
NC_088203.1	89700000	89800000	4.0
NC_088203.1	89800000	89900000	1.0
NC_088203.1	89900000	90000000	5.0
NC_088203.1	90000000	90100000	1.0
NC_088203.1	90400000	90500000	1.0
NC_088203.1	90700000	90800000	2.0
NC_088203.1	90800000	90900000	1.0
NC_088203.1	90900000	91000000	2.0
NC_088203.1	91000000	91100000	12.0
NC_088203.1	91100000	91200000	2.0
NC_088203.1	91200000	91300000	7.0
NC_088203.1	91300000	91400000	3.0
NC_088203.1	91900000	92000000	1.0
NC_088203.1	91600000	91700000	1.0
NC_088203.1	91700000	91800000	1.0
NC_088203.1	91800000	91900000	1.0
NC_088203.1	92000000	92100000	1.0
NC_088203.1	92200000	92300000	3.0
NC_088203.1	92300000	92400000	3.0
NC_088203.1	92400000	92500000	1.0
NC_088203.1	92700000	92800000	1.0
NC_088203.1	92600000	92700000	2.0
NC_088203.1	92800000	92900000	1.0
NC_088203.1	93000000	93100000	1.0
NC_088203.1	93100000	93200000	2.0
NC_088203.1	93200000	93300000	1.0
NC_088203.1	93300000	93400000	1.0
NC_088203.1	93500000	93600000	4.0
NC_088203.1	93600000	93700000	3.0
NC_088203.1	93700000	93800000	1.0
NC_088203.1	93800000	93900000	1.0
NC_088203.1	94000000	94100000	1.0
NC_088203.1	94100000	94200000	2.0
NC_088203.1	94300000	94400000	2.0
NC_088203.1	94400000	94500000	3.0
NC_088203.1	94500000	94600000	2.0
NC_088203.1	94700000	94800000	1.0
NC_088203.1	95000000	95100000	4.0
NC_088203.1	95100000	95200000	4.0
NC_088203.1	95300000	95400000	1.0
NC_088203.1	95400000	95500000	5.0
NC_088203.1	95500000	95600000	6.0
NC_088203.1	95600000	95700000	1.0
NC_088203.1	95700000	95800000	6.0
NC_088203.1	95800000	95900000	1.0
NC_088203.1	95900000	96000000	2.0
NC_088203.1	96000000	96100000	2.0
NC_088203.1	96100000	96200000	6.0
NC_088203.1	96200000	96300000	5.0
NC_088203.1	96300000	96400000	10.0
NC_088203.1	96400000	96500000	8.0
NC_088203.1	96500000	96600000	10.0
NC_088203.1	96600000	96700000	10.0
NC_088203.1	96700000	96800000	5.0
NC_088203.1	96800000	96900000	1.0
NC_088203.1	96900000	97000000	1.0
NC_088203.1	97000000	97100000	1.0
NC_088203.1	97100000	97200000	2.0
NC_088203.1	97200000	97300000	1.0
NC_088203.1	97300000	97400000	1.0
NC_088203.1	97500000	97600000	1.0
NC_088203.1	97600000	97700000	1.0
NC_088203.1	97700000	97800000	1.0
NC_088203.1	98200000	98300000	2.0
NC_088203.1	98300000	98400000	1.0
NC_088203.1	98600000	98700000	1.0
NC_088203.1	98700000	98800000	2.0
NC_088203.1	98800000	98900000	2.0
NC_088203.1	98900000	99000000	4.0
NC_088203.1	99000000	99100000	4.0
NC_088203.1	99100000	99200000	1.0
NC_088203.1	99200000	99300000	4.0
NC_088203.1	99300000	99400000	3.0
NC_088203.1	99400000	99500000	2.0
NC_088203.1	99500000	99600000	6.0
NC_088203.1	99600000	99700000	7.0
NC_088203.1	99700000	99800000	6.0
NC_088203.1	99800000	99900000	5.0
NC_088203.1	99900000	100000000	1.0
NC_088203.1	100100000	100200000	6.0
NC_088203.1	100200000	100300000	12.0
NC_088203.1	100300000	100400000	2.0
NC_088203.1	100600000	100700000	1.0
NC_088203.1	100900000	101000000	1.0
NC_088203.1	101000000	101100000	1.0
NC_088203.1	101200000	101300000	2.0
NC_088203.1	101600000	101700000	1.0
NC_088203.1	101300000	101400000	3.0
NC_088203.1	101400000	101500000	2.0
NC_088203.1	101900000	102000000	1.0
NC_088203.1	102100000	102200000	2.0
NC_088203.1	102200000	102300000	2.0
NC_088203.1	102300000	102400000	3.0
NC_088203.1	102400000	102500000	8.0
NC_088203.1	102500000	102600000	6.0
NC_088203.1	102600000	102700000	5.0
NC_088203.1	102700000	102800000	1.0
NC_088203.1	102800000	102900000	6.0
NC_088203.1	102900000	103000000	3.0
NC_088203.1	103100000	103200000	5.0
NC_088203.1	103200000	103300000	1.0
NC_088203.1	103300000	103400000	12.0
NC_088203.1	103400000	103500000	2.0
NC_088203.1	103500000	103600000	5.0
NC_088203.1	103600000	103700000	3.0
NC_088203.1	103700000	103800000	8.0
NC_088203.1	103800000	103900000	2.0
NC_088203.1	103900000	104000000	4.0
NC_088203.1	104100000	104200000	3.0
NC_088203.1	104200000	104300000	1.0
NC_088203.1	104300000	104400000	1.0
NC_088203.1	104600000	104700000	1.0
NC_088203.1	104900000	105000000	1.0
NC_088203.1	105000000	105100000	1.0
NC_088203.1	105400000	105500000	1.0
NC_088203.1	105500000	105600000	5.0
NC_088203.1	105600000	105700000	5.0
NC_088203.1	105700000	105800000	2.0
NC_088203.1	105800000	105900000	3.0
NC_088203.1	105900000	106000000	2.0
NC_088203.1	106000000	106100000	1.0
NC_088203.1	106100000	106200000	8.0
NC_088203.1	106200000	106300000	4.0
NC_088203.1	106300000	106400000	7.0
NC_088203.1	106400000	106500000	7.0
NC_088203.1	106600000	106700000	1.0
NC_088203.1	106800000	106900000	1.0
NC_088203.1	106900000	107000000	6.0
NC_088203.1	107000000	107100000	3.0
NC_088203.1	107100000	107200000	4.0
NC_088203.1	107200000	107300000	4.0
NC_088203.1	107300000	107400000	1.0
NC_088203.1	107400000	107500000	2.0
NC_088203.1	107500000	107600000	1.0
NC_088203.1	107600000	107700000	1.0
NC_088203.1	107700000	107800000	2.0
NC_088203.1	107800000	107900000	2.0
NC_088203.1	107900000	108000000	9.0
NC_088203.1	108000000	108100000	4.0
NC_088203.1	108100000	108200000	5.0
NC_088203.1	108200000	108300000	1.0
NC_088203.1	108400000	108500000	1.0
NC_088204.1	0	100000	3.0
NC_088204.1	100000	200000	2.0
NC_088204.1	300000	400000	5.0
NC_088204.1	400000	500000	10.0
NC_088204.1	500000	600000	5.0
NC_088204.1	600000	700000	5.0
NC_088204.1	700000	800000	5.0
NC_088204.1	800000	900000	8.0
NC_088204.1	900000	1000000	7.0
NC_088204.1	1000000	1100000	4.0
NC_088204.1	1100000	1200000	3.0
NC_088204.1	1200000	1300000	8.0
NC_088204.1	1300000	1400000	8.0
NC_088204.1	1400000	1500000	5.0
NC_088204.1	1500000	1600000	3.0
NC_088204.1	1600000	1700000	7.0
NC_088204.1	1700000	1800000	1.0
NC_088204.1	1800000	1900000	2.0
NC_088204.1	1900000	2000000	8.0
NC_088204.1	2000000	2100000	2.0
NC_088204.1	2100000	2200000	1.0
NC_088204.1	2200000	2300000	5.0
NC_088204.1	2300000	2400000	4.0
NC_088204.1	2500000	2600000	1.0
NC_088204.1	2800000	2900000	4.0
NC_088204.1	2900000	3000000	6.0
NC_088204.1	3000000	3100000	6.0
NC_088204.1	3100000	3200000	5.0
NC_088204.1	3200000	3300000	21.0
NC_088204.1	3300000	3400000	12.0
NC_088204.1	3400000	3500000	9.0
NC_088204.1	3500000	3600000	1.0
NC_088204.1	3600000	3700000	5.0
NC_088204.1	3700000	3800000	5.0
NC_088204.1	3800000	3900000	9.0
NC_088204.1	3900000	4000000	6.0
NC_088204.1	4000000	4100000	6.0
NC_088204.1	4100000	4200000	7.0
NC_088204.1	4200000	4300000	5.0
NC_088204.1	4300000	4400000	4.0
NC_088204.1	4400000	4500000	7.0
NC_088204.1	4500000	4600000	12.0
NC_088204.1	4600000	4700000	8.0
NC_088204.1	4700000	4800000	9.0
NC_088204.1	4800000	4900000	1.0
NC_088204.1	5100000	5200000	1.0
NC_088204.1	5200000	5300000	6.0
NC_088204.1	5300000	5400000	9.0
NC_088204.1	5400000	5500000	12.0
NC_088204.1	5500000	5600000	11.0
NC_088204.1	5700000	5800000	4.0
NC_088204.1	5800000	5900000	6.0
NC_088204.1	5900000	6000000	12.0
NC_088204.1	6000000	6100000	8.0
NC_088204.1	6100000	6200000	6.0
NC_088204.1	6200000	6300000	4.0
NC_088204.1	6300000	6400000	2.0
NC_088204.1	6600000	6700000	3.0
NC_088204.1	6500000	6600000	1.0
NC_088204.1	7000000	7100000	1.0
NC_088204.1	7200000	7300000	3.0
NC_088204.1	7100000	7200000	1.0
NC_088204.1	7300000	7400000	9.0
NC_088204.1	7400000	7500000	4.0
NC_088204.1	7500000	7600000	2.0
NC_088204.1	7600000	7700000	2.0
NC_088204.1	7700000	7800000	8.0
NC_088204.1	7800000	7900000	6.0
NC_088204.1	7900000	8000000	1.0
NC_088204.1	8000000	8100000	11.0
NC_088204.1	8100000	8200000	6.0
NC_088204.1	8200000	8300000	7.0
NC_088204.1	8300000	8400000	6.0
NC_088204.1	8400000	8500000	2.0
NC_088204.1	8500000	8600000	14.0
NC_088204.1	8600000	8700000	9.0
NC_088204.1	8700000	8800000	12.0
NC_088204.1	8800000	8900000	1.0
NC_088204.1	9000000	9100000	2.0
NC_088204.1	9100000	9200000	13.0
NC_088204.1	9200000	9300000	12.0
NC_088204.1	9300000	9400000	9.0
NC_088204.1	9400000	9500000	3.0
NC_088204.1	9500000	9600000	9.0
NC_088204.1	9600000	9700000	6.0
NC_088204.1	9700000	9800000	1.0
NC_088204.1	9900000	10000000	1.0
NC_088204.1	10200000	10300000	1.0
NC_088204.1	10300000	10400000	3.0
NC_088204.1	10400000	10500000	1.0
NC_088204.1	10700000	10800000	1.0
NC_088204.1	10600000	10700000	2.0
NC_088204.1	10800000	10900000	3.0
NC_088204.1	11000000	11100000	1.0
NC_088204.1	11200000	11300000	1.0
NC_088204.1	11300000	11400000	4.0
NC_088204.1	11400000	11500000	4.0
NC_088204.1	11500000	11600000	8.0
NC_088204.1	11600000	11700000	8.0
NC_088204.1	11700000	11800000	8.0
NC_088204.1	11800000	11900000	3.0
NC_088204.1	11900000	12000000	1.0
NC_088204.1	12000000	12100000	2.0
NC_088204.1	12100000	12200000	1.0
NC_088204.1	12200000	12300000	2.0
NC_088204.1	12300000	12400000	3.0
NC_088204.1	12400000	12500000	1.0
NC_088204.1	12500000	12600000	5.0
NC_088204.1	12600000	12700000	3.0
NC_088204.1	12700000	12800000	9.0
NC_088204.1	12800000	12900000	3.0
NC_088204.1	12900000	13000000	3.0
NC_088204.1	13200000	13300000	5.0
NC_088204.1	13300000	13400000	9.0
NC_088204.1	13400000	13500000	5.0
NC_088204.1	13500000	13600000	7.0
NC_088204.1	13600000	13700000	3.0
NC_088204.1	13700000	13800000	1.0
NC_088204.1	13900000	14000000	4.0
NC_088204.1	14000000	14100000	1.0
NC_088204.1	14100000	14200000	2.0
NC_088204.1	14200000	14300000	7.0
NC_088204.1	14300000	14400000	6.0
NC_088204.1	14400000	14500000	2.0
NC_088204.1	14600000	14700000	2.0
NC_088204.1	14800000	14900000	1.0
NC_088204.1	14900000	15000000	4.0
NC_088204.1	15000000	15100000	9.0
NC_088204.1	15100000	15200000	5.0
NC_088204.1	15200000	15300000	2.0
NC_088204.1	15300000	15400000	1.0
NC_088204.1	15400000	15500000	6.0
NC_088204.1	15500000	15600000	2.0
NC_088204.1	15600000	15700000	5.0
NC_088204.1	15700000	15800000	8.0
NC_088204.1	15800000	15900000	5.0
NC_088204.1	15900000	16000000	11.0
NC_088204.1	16000000	16100000	3.0
NC_088204.1	16100000	16200000	3.0
NC_088204.1	16400000	16500000	1.0
NC_088204.1	16500000	16600000	1.0
NC_088204.1	16600000	16700000	1.0
NC_088204.1	16700000	16800000	2.0
NC_088204.1	16800000	16900000	1.0
NC_088204.1	16900000	17000000	1.0
NC_088204.1	17300000	17400000	1.0
NC_088204.1	17400000	17500000	1.0
NC_088204.1	17500000	17600000	2.0
NC_088204.1	17600000	17700000	1.0
NC_088204.1	17700000	17800000	4.0
NC_088204.1	18000000	18100000	1.0
NC_088204.1	18300000	18400000	10.0
NC_088204.1	18400000	18500000	7.0
NC_088204.1	18500000	18600000	4.0
NC_088204.1	18800000	18900000	1.0
NC_088204.1	18900000	19000000	3.0
NC_088204.1	19000000	19100000	6.0
NC_088204.1	19100000	19200000	3.0
NC_088204.1	19200000	19300000	5.0
NC_088204.1	19300000	19400000	9.0
NC_088204.1	19400000	19500000	6.0
NC_088204.1	19600000	19700000	2.0
NC_088204.1	19700000	19800000	2.0
NC_088204.1	19800000	19900000	6.0
NC_088204.1	19900000	20000000	3.0
NC_088204.1	20000000	20100000	1.0
NC_088204.1	20100000	20200000	1.0
NC_088204.1	20200000	20300000	2.0
NC_088204.1	20300000	20400000	2.0
NC_088204.1	20400000	20500000	6.0
NC_088204.1	20500000	20600000	4.0
NC_088204.1	20600000	20700000	3.0
NC_088204.1	20700000	20800000	1.0
NC_088204.1	20800000	20900000	1.0
NC_088204.1	20900000	21000000	2.0
NC_088204.1	21000000	21100000	2.0
NC_088204.1	21100000	21200000	4.0
NC_088204.1	21200000	21300000	6.0
NC_088204.1	21300000	21400000	6.0
NC_088204.1	21400000	21500000	1.0
NC_088204.1	21500000	21600000	1.0
NC_088204.1	21600000	21700000	3.0
NC_088204.1	21800000	21900000	2.0
NC_088204.1	21900000	22000000	3.0
NC_088204.1	22000000	22100000	1.0
NC_088204.1	22100000	22200000	2.0
NC_088204.1	22400000	22500000	1.0
NC_088204.1	22700000	22800000	2.0
NC_088204.1	23400000	23500000	3.0
NC_088204.1	22800000	22900000	1.0
NC_088204.1	22900000	23000000	1.0
NC_088204.1	23000000	23100000	1.0
NC_088204.1	23200000	23300000	1.0
NC_088204.1	23300000	23400000	1.0
NC_088204.1	23500000	23600000	1.0
NC_088204.1	23600000	23700000	1.0
NC_088204.1	23700000	23800000	1.0
NC_088204.1	23800000	23900000	1.0
NC_088204.1	24000000	24100000	1.0
NC_088204.1	24100000	24200000	1.0
NC_088204.1	24200000	24300000	5.0
NC_088204.1	24300000	24400000	2.0
NC_088204.1	24400000	24500000	1.0
NC_088204.1	24500000	24600000	2.0
NC_088204.1	24800000	24900000	4.0
NC_088204.1	24900000	25000000	3.0
NC_088204.1	25000000	25100000	5.0
NC_088204.1	25100000	25200000	6.0
NC_088204.1	25200000	25300000	5.0
NC_088204.1	25300000	25400000	1.0
NC_088204.1	25600000	25700000	3.0
NC_088204.1	25700000	25800000	4.0
NC_088204.1	25800000	25900000	3.0
NC_088204.1	25900000	26000000	2.0
NC_088204.1	26000000	26100000	3.0
NC_088204.1	26100000	26200000	2.0
NC_088204.1	26200000	26300000	2.0
NC_088204.1	26500000	26600000	1.0
NC_088204.1	26600000	26700000	2.0
NC_088204.1	26700000	26800000	3.0
NC_088204.1	26800000	26900000	3.0
NC_088204.1	27000000	27100000	2.0
NC_088204.1	27100000	27200000	2.0
NC_088204.1	27200000	27300000	2.0
NC_088204.1	27300000	27400000	1.0
NC_088204.1	27400000	27500000	3.0
NC_088204.1	27500000	27600000	1.0
NC_088204.1	27700000	27800000	2.0
NC_088204.1	27800000	27900000	4.0
NC_088204.1	27900000	28000000	1.0
NC_088204.1	28100000	28200000	1.0
NC_088204.1	28200000	28300000	2.0
NC_088204.1	28300000	28400000	3.0
NC_088204.1	28400000	28500000	2.0
NC_088204.1	28600000	28700000	3.0
NC_088204.1	28700000	28800000	3.0
NC_088204.1	28800000	28900000	2.0
NC_088204.1	28900000	29000000	1.0
NC_088204.1	29000000	29100000	1.0
NC_088204.1	29100000	29200000	2.0
NC_088204.1	29200000	29300000	1.0
NC_088204.1	29300000	29400000	1.0
NC_088204.1	29400000	29500000	3.0
NC_088204.1	29500000	29600000	2.0
NC_088204.1	29600000	29700000	2.0
NC_088204.1	29700000	29800000	3.0
NC_088204.1	29800000	29900000	3.0
NC_088204.1	29900000	30000000	2.0
NC_088204.1	30100000	30200000	2.0
NC_088204.1	30300000	30400000	2.0
NC_088204.1	30400000	30500000	3.0
NC_088204.1	30500000	30600000	4.0
NC_088204.1	30600000	30700000	2.0
NC_088204.1	30700000	30800000	2.0
NC_088204.1	30800000	30900000	4.0
NC_088204.1	30900000	31000000	6.0
NC_088204.1	31000000	31100000	1.0
NC_088204.1	31100000	31200000	2.0
NC_088204.1	31200000	31300000	4.0
NC_088204.1	31300000	31400000	1.0
NC_088204.1	31500000	31600000	2.0
NC_088204.1	31600000	31700000	3.0
NC_088204.1	31700000	31800000	1.0
NC_088204.1	31900000	32000000	2.0
NC_088204.1	32000000	32100000	2.0
NC_088204.1	32100000	32200000	1.0
NC_088204.1	32200000	32300000	2.0
NC_088204.1	32300000	32400000	1.0
NC_088204.1	32600000	32700000	2.0
NC_088204.1	32700000	32800000	2.0
NC_088204.1	33000000	33100000	3.0
NC_088204.1	33100000	33200000	2.0
NC_088204.1	33200000	33300000	1.0
NC_088204.1	33300000	33400000	2.0
NC_088204.1	33600000	33700000	4.0
NC_088204.1	33700000	33800000	1.0
NC_088204.1	33900000	34000000	1.0
NC_088204.1	34200000	34300000	2.0
NC_088204.1	34300000	34400000	2.0
NC_088204.1	34400000	34500000	4.0
NC_088204.1	34500000	34600000	1.0
NC_088204.1	34700000	34800000	2.0
NC_088204.1	34600000	34700000	2.0
NC_088204.1	34900000	35000000	1.0
NC_088204.1	35000000	35100000	2.0
NC_088204.1	35100000	35200000	1.0
NC_088204.1	35200000	35300000	2.0
NC_088204.1	35300000	35400000	2.0
NC_088204.1	35400000	35500000	3.0
NC_088204.1	35500000	35600000	2.0
NC_088204.1	35600000	35700000	4.0
NC_088204.1	35700000	35800000	3.0
NC_088204.1	35800000	35900000	1.0
NC_088204.1	35900000	36000000	2.0
NC_088204.1	36000000	36100000	1.0
NC_088204.1	36300000	36400000	4.0
NC_088204.1	36400000	36500000	2.0
NC_088204.1	36500000	36600000	1.0
NC_088204.1	36600000	36700000	1.0
NC_088204.1	36800000	36900000	1.0
NC_088204.1	36900000	37000000	1.0
NC_088204.1	37000000	37100000	1.0
NC_088204.1	37200000	37300000	1.0
NC_088204.1	37300000	37400000	2.0
NC_088204.1	37600000	37700000	2.0
NC_088204.1	37800000	37900000	3.0
NC_088204.1	37900000	38000000	2.0
NC_088204.1	38100000	38200000	1.0
NC_088204.1	38200000	38300000	1.0
NC_088204.1	38400000	38500000	2.0
NC_088204.1	38500000	38600000	2.0
NC_088204.1	38700000	38800000	6.0
NC_088204.1	38800000	38900000	2.0
NC_088204.1	38900000	39000000	3.0
NC_088204.1	39000000	39100000	1.0
NC_088204.1	39100000	39200000	3.0
NC_088204.1	39300000	39400000	2.0
NC_088204.1	39500000	39600000	4.0
NC_088204.1	39700000	39800000	2.0
NC_088204.1	40200000	40300000	1.0
NC_088204.1	39800000	39900000	1.0
NC_088204.1	40000000	40100000	1.0
NC_088204.1	40100000	40200000	1.0
NC_088204.1	40400000	40500000	1.0
NC_088204.1	40600000	40700000	3.0
NC_088204.1	40700000	40800000	1.0
NC_088204.1	40800000	40900000	2.0
NC_088204.1	41100000	41200000	1.0
NC_088204.1	41200000	41300000	1.0
NC_088204.1	41300000	41400000	1.0
NC_088204.1	41400000	41500000	2.0
NC_088204.1	41500000	41600000	2.0
NC_088204.1	41600000	41700000	3.0
NC_088204.1	41700000	41800000	1.0
NC_088204.1	42000000	42100000	2.0
NC_088204.1	42400000	42500000	1.0
NC_088204.1	42300000	42400000	1.0
NC_088204.1	42600000	42700000	3.0
NC_088204.1	42700000	42800000	1.0
NC_088204.1	42900000	43000000	1.0
NC_088204.1	43200000	43300000	1.0
NC_088204.1	43300000	43400000	1.0
NC_088204.1	43500000	43600000	3.0
NC_088204.1	43600000	43700000	4.0
NC_088204.1	43700000	43800000	2.0
NC_088204.1	43800000	43900000	1.0
NC_088204.1	44000000	44100000	1.0
NC_088204.1	44200000	44300000	1.0
NC_088204.1	44300000	44400000	2.0
NC_088204.1	44400000	44500000	1.0
NC_088204.1	44500000	44600000	1.0
NC_088204.1	44600000	44700000	3.0
NC_088204.1	44900000	45000000	2.0
NC_088204.1	44700000	44800000	1.0
NC_088204.1	44800000	44900000	1.0
NC_088204.1	45000000	45100000	1.0
NC_088204.1	45400000	45500000	3.0
NC_088204.1	45500000	45600000	1.0
NC_088204.1	45600000	45700000	3.0
NC_088204.1	45700000	45800000	3.0
NC_088204.1	45800000	45900000	1.0
NC_088204.1	45900000	46000000	5.0
NC_088204.1	46000000	46100000	1.0
NC_088204.1	46100000	46200000	3.0
NC_088204.1	46400000	46500000	2.0
NC_088204.1	46700000	46800000	1.0
NC_088204.1	46900000	47000000	2.0
NC_088204.1	47100000	47200000	1.0
NC_088204.1	47200000	47300000	2.0
NC_088204.1	47400000	47500000	1.0
NC_088204.1	47800000	47900000	2.0
NC_088204.1	48200000	48300000	1.0
NC_088204.1	48400000	48500000	3.0
NC_088204.1	48500000	48600000	1.0
NC_088204.1	48600000	48700000	1.0
NC_088204.1	48800000	48900000	1.0
NC_088204.1	48900000	49000000	2.0
NC_088204.1	49000000	49100000	2.0
NC_088204.1	49100000	49200000	2.0
NC_088204.1	49200000	49300000	2.0
NC_088204.1	49300000	49400000	2.0
NC_088204.1	49500000	49600000	1.0
NC_088204.1	49600000	49700000	2.0
NC_088204.1	49700000	49800000	2.0
NC_088204.1	49800000	49900000	2.0
NC_088204.1	50000000	50100000	3.0
NC_088204.1	50100000	50200000	3.0
NC_088204.1	50200000	50300000	2.0
NC_088204.1	50300000	50400000	4.0
NC_088204.1	50400000	50500000	3.0
NC_088204.1	50500000	50600000	2.0
NC_088204.1	50600000	50700000	1.0
NC_088204.1	50700000	50800000	1.0
NC_088204.1	50800000	50900000	1.0
NC_088204.1	50900000	51000000	4.0
NC_088204.1	51100000	51200000	1.0
NC_088204.1	51200000	51300000	1.0
NC_088204.1	51300000	51400000	1.0
NC_088204.1	51600000	51700000	4.0
NC_088204.1	51700000	51800000	2.0
NC_088204.1	51800000	51900000	2.0
NC_088204.1	51900000	52000000	3.0
NC_088204.1	52000000	52100000	2.0
NC_088204.1	52200000	52300000	1.0
NC_088204.1	52300000	52400000	3.0
NC_088204.1	52400000	52500000	2.0
NC_088204.1	52600000	52700000	1.0
NC_088204.1	52800000	52900000	1.0
NC_088204.1	53000000	53100000	1.0
NC_088204.1	53100000	53200000	2.0
NC_088204.1	53200000	53300000	1.0
NC_088204.1	53400000	53500000	1.0
NC_088204.1	53500000	53600000	1.0
NC_088204.1	53600000	53700000	2.0
NC_088204.1	53700000	53800000	2.0
NC_088204.1	53800000	53900000	2.0
NC_088204.1	53900000	54000000	4.0
NC_088204.1	54200000	54300000	2.0
NC_088204.1	54400000	54500000	2.0
NC_088204.1	54500000	54600000	1.0
NC_088204.1	54600000	54700000	1.0
NC_088204.1	54700000	54800000	3.0
NC_088204.1	54800000	54900000	5.0
NC_088204.1	54900000	55000000	3.0
NC_088204.1	55000000	55100000	5.0
NC_088204.1	55100000	55200000	8.0
NC_088204.1	55200000	55300000	3.0
NC_088204.1	55300000	55400000	1.0
NC_088204.1	55400000	55500000	2.0
NC_088204.1	55500000	55600000	4.0
NC_088204.1	55600000	55700000	1.0
NC_088204.1	55700000	55800000	3.0
NC_088204.1	55800000	55900000	3.0
NC_088204.1	55900000	56000000	4.0
NC_088204.1	56100000	56200000	5.0
NC_088204.1	56200000	56300000	2.0
NC_088204.1	56300000	56400000	1.0
NC_088204.1	56400000	56500000	2.0
NC_088204.1	56500000	56600000	3.0
NC_088204.1	56600000	56700000	2.0
NC_088204.1	56700000	56800000	1.0
NC_088204.1	56800000	56900000	5.0
NC_088204.1	56900000	57000000	1.0
NC_088204.1	57000000	57100000	1.0
NC_088204.1	57100000	57200000	3.0
NC_088204.1	57200000	57300000	2.0
NC_088204.1	57400000	57500000	1.0
NC_088204.1	57500000	57600000	2.0
NC_088204.1	57900000	58000000	2.0
NC_088204.1	58300000	58400000	2.0
NC_088204.1	58500000	58600000	3.0
NC_088204.1	58600000	58700000	3.0
NC_088204.1	58700000	58800000	2.0
NC_088204.1	58900000	59000000	4.0
NC_088204.1	59100000	59200000	1.0
NC_088204.1	59200000	59300000	1.0
NC_088204.1	59400000	59500000	3.0
NC_088204.1	59500000	59600000	2.0
NC_088204.1	59600000	59700000	2.0
NC_088204.1	59700000	59800000	2.0
NC_088204.1	59900000	60000000	4.0
NC_088204.1	60000000	60100000	3.0
NC_088204.1	60100000	60200000	3.0
NC_088204.1	60200000	60300000	1.0
NC_088204.1	60300000	60400000	1.0
NC_088204.1	60400000	60500000	6.0
NC_088204.1	60500000	60600000	2.0
NC_088204.1	60600000	60700000	3.0
NC_088204.1	60700000	60800000	2.0
NC_088204.1	60800000	60900000	2.0
NC_088204.1	60900000	61000000	2.0
NC_088204.1	61000000	61100000	8.0
NC_088204.1	61100000	61200000	3.0
NC_088204.1	61200000	61300000	3.0
NC_088204.1	61300000	61400000	4.0
NC_088204.1	61400000	61500000	2.0
NC_088204.1	61500000	61600000	3.0
NC_088204.1	61600000	61700000	2.0
NC_088204.1	61700000	61800000	5.0
NC_088204.1	61800000	61900000	3.0
NC_088204.1	61900000	62000000	3.0
NC_088204.1	62000000	62100000	4.0
NC_088204.1	62100000	62200000	2.0
NC_088204.1	62200000	62300000	3.0
NC_088204.1	62300000	62400000	4.0
NC_088204.1	62400000	62500000	2.0
NC_088204.1	62500000	62600000	1.0
NC_088204.1	62600000	62700000	3.0
NC_088204.1	62700000	62800000	1.0
NC_088204.1	62800000	62900000	4.0
NC_088204.1	62900000	63000000	2.0
NC_088204.1	63000000	63100000	5.0
NC_088204.1	63100000	63200000	4.0
NC_088204.1	63200000	63300000	5.0
NC_088204.1	63300000	63400000	1.0
NC_088204.1	63400000	63500000	4.0
NC_088204.1	63500000	63600000	1.0
NC_088204.1	63600000	63700000	1.0
NC_088204.1	63800000	63900000	1.0
NC_088204.1	64000000	64100000	1.0
NC_088204.1	64200000	64300000	2.0
NC_088204.1	64300000	64400000	7.0
NC_088204.1	64400000	64500000	2.0
NC_088204.1	64500000	64600000	3.0
NC_088204.1	64600000	64700000	1.0
NC_088204.1	64700000	64800000	1.0
NC_088204.1	64900000	65000000	4.0
NC_088204.1	65000000	65100000	3.0
NC_088204.1	65100000	65200000	5.0
NC_088204.1	65200000	65300000	5.0
NC_088204.1	65300000	65400000	3.0
NC_088204.1	65400000	65500000	2.0
NC_088204.1	65500000	65600000	3.0
NC_088204.1	65600000	65700000	2.0
NC_088204.1	65700000	65800000	3.0
NC_088204.1	65800000	65900000	2.0
NC_088204.1	65900000	66000000	7.0
NC_088204.1	66000000	66100000	5.0
NC_088204.1	66100000	66200000	6.0
NC_088204.1	66200000	66300000	6.0
NC_088204.1	66300000	66400000	10.0
NC_088204.1	66400000	66500000	1.0
NC_088204.1	66500000	66600000	1.0
NC_088204.1	66600000	66700000	6.0
NC_088204.1	66700000	66800000	3.0
NC_088204.1	66800000	66900000	2.0
NC_088204.1	67000000	67100000	3.0
NC_088204.1	67100000	67200000	1.0
NC_088204.1	67300000	67400000	1.0
NC_088204.1	67400000	67500000	1.0
NC_088204.1	67500000	67600000	3.0
NC_088204.1	67600000	67700000	1.0
NC_088204.1	67700000	67800000	1.0
NC_088204.1	67800000	67900000	1.0
NC_088204.1	67900000	68000000	1.0
NC_088204.1	68000000	68100000	4.0
NC_088204.1	68100000	68200000	8.0
NC_088204.1	68200000	68300000	2.0
NC_088204.1	68300000	68400000	2.0
NC_088204.1	68500000	68600000	1.0
NC_088204.1	68800000	68900000	5.0
NC_088204.1	68900000	69000000	2.0
NC_088204.1	69000000	69100000	2.0
NC_088204.1	69100000	69200000	2.0
NC_088204.1	69300000	69400000	1.0
NC_088204.1	69400000	69500000	2.0
NC_088204.1	69500000	69600000	2.0
NC_088204.1	69600000	69700000	3.0
NC_088204.1	69700000	69800000	3.0
NC_088204.1	69800000	69900000	4.0
NC_088204.1	69900000	70000000	2.0
NC_088204.1	70000000	70100000	3.0
NC_088204.1	70100000	70200000	2.0
NC_088204.1	70200000	70300000	4.0
NC_088204.1	70300000	70400000	2.0
NC_088204.1	70400000	70500000	3.0
NC_088204.1	70500000	70600000	3.0
NC_088204.1	70700000	70800000	3.0
NC_088204.1	70900000	71000000	2.0
NC_088204.1	71000000	71100000	4.0
NC_088204.1	71100000	71200000	7.0
NC_088204.1	71200000	71300000	5.0
NC_088204.1	71400000	71500000	1.0
NC_088204.1	71300000	71400000	1.0
NC_088204.1	71600000	71700000	4.0
NC_088204.1	71700000	71800000	5.0
NC_088204.1	71800000	71900000	1.0
NC_088204.1	71900000	72000000	1.0
NC_088204.1	72000000	72100000	6.0
NC_088204.1	72100000	72200000	2.0
NC_088204.1	72200000	72300000	8.0
NC_088204.1	72300000	72400000	4.0
NC_088204.1	72400000	72500000	6.0
NC_088204.1	72500000	72600000	3.0
NC_088204.1	72600000	72700000	5.0
NC_088204.1	72700000	72800000	4.0
NC_088204.1	72800000	72900000	4.0
NC_088204.1	72900000	73000000	1.0
NC_088204.1	73000000	73100000	4.0
NC_088204.1	73100000	73200000	4.0
NC_088204.1	73200000	73300000	1.0
NC_088204.1	73300000	73400000	1.0
NC_088204.1	73500000	73600000	1.0
NC_088204.1	73800000	73900000	2.0
NC_088204.1	73900000	74000000	5.0
NC_088204.1	74000000	74100000	1.0
NC_088204.1	74200000	74300000	1.0
NC_088204.1	74400000	74500000	2.0
NC_088204.1	74600000	74700000	3.0
NC_088204.1	74700000	74800000	2.0
NC_088204.1	74800000	74900000	1.0
NC_088204.1	74900000	75000000	5.0
NC_088204.1	75000000	75100000	3.0
NC_088204.1	75100000	75200000	1.0
NC_088204.1	75200000	75300000	2.0
NC_088204.1	75300000	75400000	1.0
NC_088204.1	75400000	75500000	1.0
NC_088204.1	75500000	75600000	4.0
NC_088204.1	75700000	75800000	2.0
NC_088204.1	75800000	75900000	1.0
NC_088204.1	75900000	76000000	3.0
NC_088204.1	76000000	76100000	4.0
NC_088204.1	76200000	76300000	2.0
NC_088204.1	76100000	76200000	1.0
NC_088204.1	76400000	76500000	7.0
NC_088204.1	76500000	76600000	8.0
NC_088204.1	76600000	76700000	13.0
NC_088204.1	76700000	76800000	8.0
NC_088204.1	76800000	76900000	7.0
NC_088204.1	76900000	77000000	7.0
NC_088204.1	77000000	77100000	4.0
NC_088204.1	77100000	77200000	3.0
NC_088204.1	77200000	77300000	8.0
NC_088204.1	77300000	77400000	2.0
NC_088204.1	77400000	77500000	10.0
NC_088204.1	77500000	77600000	2.0
NC_088204.1	77600000	77700000	4.0
NC_088204.1	77700000	77800000	2.0
NC_088204.1	77800000	77900000	2.0
NC_088204.1	77900000	78000000	5.0
NC_088204.1	78000000	78100000	9.0
NC_088204.1	78100000	78200000	9.0
NC_088204.1	78200000	78300000	9.0
NC_088204.1	78300000	78400000	9.0
NC_088204.1	78400000	78500000	3.0
NC_088204.1	78500000	78600000	1.0
NC_088204.1	78600000	78700000	9.0
NC_088204.1	78700000	78800000	1.0
NC_088204.1	78800000	78900000	4.0
NC_088204.1	78900000	79000000	2.0
NC_088204.1	79000000	79100000	6.0
NC_088204.1	79100000	79200000	3.0
NC_088204.1	79200000	79300000	2.0
NC_088204.1	79300000	79400000	1.0
NC_088204.1	79400000	79500000	4.0
NC_088204.1	79500000	79600000	7.0
NC_088204.1	79600000	79700000	4.0
NC_088204.1	79700000	79800000	2.0
NC_088204.1	79800000	79900000	5.0
NC_088204.1	79900000	80000000	1.0
NC_088204.1	80000000	80100000	2.0
NC_088204.1	80100000	80200000	2.0
NC_088204.1	80200000	80300000	1.0
NC_088204.1	80300000	80400000	8.0
NC_088204.1	80400000	80500000	4.0
NC_088204.1	80500000	80600000	1.0
NC_088204.1	80600000	80700000	5.0
NC_088204.1	80700000	80800000	9.0
NC_088204.1	80800000	80900000	1.0
NC_088204.1	80900000	81000000	7.0
NC_088204.1	81000000	81100000	8.0
NC_088204.1	81100000	81200000	3.0
NC_088204.1	81200000	81300000	3.0
NC_088204.1	81300000	81400000	5.0
NC_088204.1	81400000	81500000	3.0
NC_088204.1	81500000	81600000	4.0
NC_088204.1	81700000	81800000	1.0
NC_088204.1	81800000	81900000	4.0
NC_088204.1	81900000	82000000	7.0
NC_088204.1	82000000	82100000	5.0
NC_088204.1	82100000	82200000	8.0
NC_088204.1	82200000	82300000	6.0
NC_088204.1	82300000	82400000	8.0
NC_088204.1	82400000	82500000	5.0
NC_088204.1	82500000	82600000	5.0
NC_088204.1	82600000	82700000	5.0
NC_088204.1	82700000	82800000	2.0
NC_088204.1	82800000	82900000	12.0
NC_088204.1	82900000	83000000	8.0
NC_088204.1	83000000	83100000	3.0
NC_088204.1	83100000	83200000	5.0
NC_088204.1	83200000	83300000	1.0
NC_088204.1	83300000	83400000	14.0
NC_088204.1	83400000	83500000	4.0
NC_088204.1	83500000	83600000	8.0
NC_088204.1	83600000	83700000	4.0
NC_088204.1	83700000	83766521	2.0
NC_088205.1	0	100000	2.0
NC_088205.1	100000	200000	2.0
NC_088205.1	200000	300000	2.0
NC_088205.1	400000	500000	1.0
NC_088205.1	500000	600000	5.0
NC_088205.1	600000	700000	9.0
NC_088205.1	700000	800000	2.0
NC_088205.1	800000	900000	2.0
NC_088205.1	900000	1000000	5.0
NC_088205.1	1000000	1100000	3.0
NC_088205.1	1100000	1200000	3.0
NC_088205.1	1200000	1300000	4.0
NC_088205.1	1300000	1400000	2.0
NC_088205.1	1500000	1600000	1.0
NC_088205.1	1700000	1800000	1.0
NC_088205.1	1900000	2000000	1.0
NC_088205.1	2100000	2200000	1.0
NC_088205.1	2300000	2400000	1.0
NC_088205.1	2400000	2500000	1.0
NC_088205.1	2500000	2600000	2.0
NC_088205.1	2600000	2700000	5.0
NC_088205.1	2700000	2800000	3.0
NC_088205.1	2800000	2900000	9.0
NC_088205.1	2900000	3000000	5.0
NC_088205.1	3000000	3100000	7.0
NC_088205.1	3300000	3400000	1.0
NC_088205.1	3400000	3500000	1.0
NC_088205.1	3700000	3800000	1.0
NC_088205.1	3900000	4000000	1.0
NC_088205.1	4100000	4200000	2.0
NC_088205.1	4500000	4600000	1.0
NC_088205.1	4600000	4700000	1.0
NC_088205.1	4900000	5000000	2.0
NC_088205.1	5300000	5400000	1.0
NC_088205.1	5200000	5300000	1.0
NC_088205.1	5400000	5500000	1.0
NC_088205.1	5600000	5700000	1.0
NC_088205.1	5800000	5900000	1.0
NC_088205.1	6000000	6100000	3.0
NC_088205.1	6100000	6200000	2.0
NC_088205.1	6200000	6300000	2.0
NC_088205.1	6300000	6400000	2.0
NC_088205.1	6500000	6600000	1.0
NC_088205.1	6400000	6500000	1.0
NC_088205.1	6600000	6700000	1.0
NC_088205.1	6700000	6800000	3.0
NC_088205.1	6800000	6900000	9.0
NC_088205.1	6900000	7000000	16.0
NC_088205.1	7000000	7100000	18.0
NC_088205.1	7100000	7200000	10.0
NC_088205.1	7200000	7300000	5.0
NC_088205.1	7300000	7400000	2.0
NC_088205.1	7400000	7500000	10.0
NC_088205.1	7500000	7600000	3.0
NC_088205.1	7600000	7700000	2.0
NC_088205.1	7700000	7800000	5.0
NC_088205.1	7800000	7900000	3.0
NC_088205.1	7900000	8000000	4.0
NC_088205.1	8000000	8100000	5.0
NC_088205.1	8100000	8200000	10.0
NC_088205.1	8200000	8300000	5.0
NC_088205.1	8300000	8400000	5.0
NC_088205.1	8400000	8500000	4.0
NC_088205.1	8500000	8600000	1.0
NC_088205.1	8700000	8800000	2.0
NC_088205.1	8800000	8900000	4.0
NC_088205.1	8900000	9000000	2.0
NC_088205.1	9000000	9100000	4.0
NC_088205.1	9100000	9200000	2.0
NC_088205.1	9200000	9300000	8.0
NC_088205.1	9300000	9400000	4.0
NC_088205.1	9500000	9600000	2.0
NC_088205.1	9600000	9700000	1.0
NC_088205.1	9800000	9900000	2.0
NC_088205.1	10000000	10100000	4.0
NC_088205.1	10100000	10200000	1.0
NC_088205.1	10300000	10400000	1.0
NC_088205.1	10800000	10900000	1.0
NC_088205.1	10900000	11000000	6.0
NC_088205.1	11000000	11100000	4.0
NC_088205.1	11100000	11200000	6.0
NC_088205.1	11200000	11300000	5.0
NC_088205.1	11300000	11400000	4.0
NC_088205.1	11400000	11500000	5.0
NC_088205.1	11500000	11600000	3.0
NC_088205.1	11700000	11800000	1.0
NC_088205.1	11900000	12000000	2.0
NC_088205.1	12000000	12100000	1.0
NC_088205.1	12100000	12200000	2.0
NC_088205.1	12200000	12300000	6.0
NC_088205.1	12300000	12400000	3.0
NC_088205.1	12400000	12500000	9.0
NC_088205.1	12500000	12600000	6.0
NC_088205.1	12600000	12700000	4.0
NC_088205.1	12700000	12800000	5.0
NC_088205.1	12800000	12900000	6.0
NC_088205.1	12900000	13000000	6.0
NC_088205.1	13000000	13100000	8.0
NC_088205.1	13100000	13200000	9.0
NC_088205.1	13200000	13300000	7.0
NC_088205.1	13300000	13400000	6.0
NC_088205.1	13400000	13500000	1.0
NC_088205.1	13500000	13600000	1.0
NC_088205.1	13900000	14000000	2.0
NC_088205.1	13800000	13900000	2.0
NC_088205.1	14000000	14100000	2.0
NC_088205.1	14200000	14300000	1.0
NC_088205.1	14500000	14600000	1.0
NC_088205.1	14600000	14700000	1.0
NC_088205.1	14700000	14800000	1.0
NC_088205.1	14900000	15000000	4.0
NC_088205.1	15000000	15100000	3.0
NC_088205.1	15100000	15200000	3.0
NC_088205.1	15200000	15300000	8.0
NC_088205.1	15300000	15400000	4.0
NC_088205.1	15400000	15500000	2.0
NC_088205.1	15500000	15600000	5.0
NC_088205.1	15600000	15700000	1.0
NC_088205.1	15800000	15900000	1.0
NC_088205.1	16000000	16100000	1.0
NC_088205.1	16200000	16300000	2.0
NC_088205.1	16400000	16500000	3.0
NC_088205.1	16500000	16600000	2.0
NC_088205.1	16700000	16800000	1.0
NC_088205.1	16800000	16900000	1.0
NC_088205.1	16900000	17000000	2.0
NC_088205.1	17000000	17100000	6.0
NC_088205.1	17100000	17200000	5.0
NC_088205.1	17200000	17300000	2.0
NC_088205.1	17300000	17400000	4.0
NC_088205.1	17400000	17500000	1.0
NC_088205.1	17500000	17600000	7.0
NC_088205.1	17800000	17900000	7.0
NC_088205.1	17700000	17800000	4.0
NC_088205.1	17900000	18000000	2.0
NC_088205.1	18000000	18100000	1.0
NC_088205.1	18300000	18400000	2.0
NC_088205.1	18500000	18600000	3.0
NC_088205.1	18600000	18700000	3.0
NC_088205.1	18700000	18800000	1.0
NC_088205.1	19000000	19100000	2.0
NC_088205.1	19100000	19200000	4.0
NC_088205.1	19200000	19300000	3.0
NC_088205.1	19300000	19400000	3.0
NC_088205.1	19400000	19500000	3.0
NC_088205.1	19500000	19600000	2.0
NC_088205.1	19600000	19700000	1.0
NC_088205.1	19800000	19900000	5.0
NC_088205.1	19900000	20000000	2.0
NC_088205.1	20000000	20100000	3.0
NC_088205.1	20100000	20200000	2.0
NC_088205.1	20200000	20300000	3.0
NC_088205.1	20300000	20400000	1.0
NC_088205.1	20400000	20500000	2.0
NC_088205.1	20500000	20600000	1.0
NC_088205.1	20600000	20700000	2.0
NC_088205.1	20700000	20800000	2.0
NC_088205.1	20800000	20900000	1.0
NC_088205.1	21000000	21100000	2.0
NC_088205.1	20900000	21000000	1.0
NC_088205.1	21100000	21200000	4.0
NC_088205.1	21200000	21300000	6.0
NC_088205.1	21300000	21400000	2.0
NC_088205.1	21400000	21500000	6.0
NC_088205.1	21500000	21600000	3.0
NC_088205.1	21600000	21700000	1.0
NC_088205.1	21700000	21800000	1.0
NC_088205.1	21800000	21900000	1.0
NC_088205.1	21900000	22000000	5.0
NC_088205.1	22000000	22100000	3.0
NC_088205.1	22100000	22200000	6.0
NC_088205.1	22200000	22300000	2.0
NC_088205.1	22300000	22400000	1.0
NC_088205.1	22400000	22500000	1.0
NC_088205.1	22600000	22700000	1.0
NC_088205.1	22800000	22900000	1.0
NC_088205.1	23000000	23100000	1.0
NC_088205.1	23500000	23600000	1.0
NC_088205.1	23600000	23700000	1.0
NC_088205.1	23900000	24000000	5.0
NC_088205.1	24000000	24100000	6.0
NC_088205.1	24100000	24200000	3.0
NC_088205.1	24400000	24500000	2.0
NC_088205.1	24600000	24700000	1.0
NC_088205.1	24800000	24900000	3.0
NC_088205.1	24900000	25000000	1.0
NC_088205.1	25100000	25200000	2.0
NC_088205.1	25200000	25300000	2.0
NC_088205.1	25400000	25500000	3.0
NC_088205.1	25600000	25700000	2.0
NC_088205.1	25700000	25800000	1.0
NC_088205.1	25800000	25900000	2.0
NC_088205.1	25900000	26000000	3.0
NC_088205.1	26000000	26100000	2.0
NC_088205.1	26100000	26200000	3.0
NC_088205.1	26400000	26500000	1.0
NC_088205.1	26500000	26600000	2.0
NC_088205.1	26900000	27000000	2.0
NC_088205.1	26600000	26700000	2.0
NC_088205.1	27000000	27100000	1.0
NC_088205.1	27200000	27300000	1.0
NC_088205.1	27300000	27400000	4.0
NC_088205.1	27400000	27500000	3.0
NC_088205.1	27500000	27600000	2.0
NC_088205.1	27700000	27800000	3.0
NC_088205.1	27800000	27900000	2.0
NC_088205.1	27900000	28000000	1.0
NC_088205.1	28000000	28100000	2.0
NC_088205.1	28100000	28200000	2.0
NC_088205.1	28200000	28300000	2.0
NC_088205.1	28300000	28400000	2.0
NC_088205.1	28600000	28700000	2.0
NC_088205.1	28700000	28800000	2.0
NC_088205.1	28900000	29000000	1.0
NC_088205.1	29000000	29100000	2.0
NC_088205.1	29100000	29200000	1.0
NC_088205.1	29200000	29300000	1.0
NC_088205.1	29300000	29400000	3.0
NC_088205.1	29500000	29600000	2.0
NC_088205.1	29600000	29700000	1.0
NC_088205.1	29700000	29800000	2.0
NC_088205.1	29800000	29900000	1.0
NC_088205.1	29900000	30000000	1.0
NC_088205.1	30200000	30300000	1.0
NC_088205.1	30400000	30500000	4.0
NC_088205.1	30700000	30800000	4.0
NC_088205.1	30600000	30700000	1.0
NC_088205.1	30800000	30900000	2.0
NC_088205.1	30900000	31000000	3.0
NC_088205.1	31000000	31100000	1.0
NC_088205.1	31200000	31300000	1.0
NC_088205.1	31400000	31500000	1.0
NC_088205.1	31500000	31600000	3.0
NC_088205.1	31600000	31700000	2.0
NC_088205.1	31700000	31800000	2.0
NC_088205.1	31800000	31900000	1.0
NC_088205.1	31900000	32000000	3.0
NC_088205.1	32000000	32100000	2.0
NC_088205.1	32100000	32200000	4.0
NC_088205.1	32200000	32300000	2.0
NC_088205.1	32300000	32400000	3.0
NC_088205.1	32400000	32500000	2.0
NC_088205.1	32500000	32600000	4.0
NC_088205.1	32800000	32900000	1.0
NC_088205.1	32900000	33000000	1.0
NC_088205.1	33000000	33100000	2.0
NC_088205.1	33200000	33300000	3.0
NC_088205.1	33600000	33700000	4.0
NC_088205.1	33700000	33800000	1.0
NC_088205.1	33800000	33900000	1.0
NC_088205.1	33900000	34000000	1.0
NC_088205.1	34000000	34100000	2.0
NC_088205.1	34100000	34200000	1.0
NC_088205.1	34200000	34300000	1.0
NC_088205.1	34300000	34400000	2.0
NC_088205.1	34400000	34500000	3.0
NC_088205.1	34500000	34600000	2.0
NC_088205.1	34600000	34700000	4.0
NC_088205.1	34700000	34800000	1.0
NC_088205.1	34900000	35000000	2.0
NC_088205.1	35000000	35100000	2.0
NC_088205.1	35100000	35200000	2.0
NC_088205.1	35200000	35300000	3.0
NC_088205.1	35300000	35400000	1.0
NC_088205.1	35400000	35500000	3.0
NC_088205.1	35500000	35600000	1.0
NC_088205.1	35600000	35700000	1.0
NC_088205.1	35700000	35800000	2.0
NC_088205.1	35800000	35900000	1.0
NC_088205.1	35900000	36000000	3.0
NC_088205.1	36000000	36100000	2.0
NC_088205.1	36100000	36200000	1.0
NC_088205.1	36200000	36300000	3.0
NC_088205.1	36300000	36400000	2.0
NC_088205.1	36500000	36600000	2.0
NC_088205.1	36600000	36700000	3.0
NC_088205.1	36700000	36800000	1.0
NC_088205.1	36800000	36900000	2.0
NC_088205.1	36900000	37000000	1.0
NC_088205.1	37000000	37100000	2.0
NC_088205.1	37100000	37200000	2.0
NC_088205.1	37300000	37400000	2.0
NC_088205.1	37400000	37500000	5.0
NC_088205.1	37500000	37600000	4.0
NC_088205.1	37600000	37700000	2.0
NC_088205.1	37700000	37800000	2.0
NC_088205.1	37800000	37900000	1.0
NC_088205.1	37900000	38000000	1.0
NC_088205.1	38000000	38100000	2.0
NC_088205.1	38100000	38200000	1.0
NC_088205.1	38200000	38300000	2.0
NC_088205.1	38300000	38400000	1.0
NC_088205.1	38400000	38500000	3.0
NC_088205.1	38500000	38600000	2.0
NC_088205.1	38600000	38700000	5.0
NC_088205.1	38700000	38800000	1.0
NC_088205.1	38900000	39000000	3.0
NC_088205.1	39000000	39100000	2.0
NC_088205.1	39100000	39200000	3.0
NC_088205.1	39300000	39400000	1.0
NC_088205.1	39200000	39300000	1.0
NC_088205.1	39400000	39500000	2.0
NC_088205.1	39500000	39600000	2.0
NC_088205.1	39600000	39700000	1.0
NC_088205.1	39700000	39800000	1.0
NC_088205.1	39800000	39900000	1.0
NC_088205.1	39900000	40000000	2.0
NC_088205.1	40000000	40100000	2.0
NC_088205.1	40100000	40200000	2.0
NC_088205.1	40300000	40400000	2.0
NC_088205.1	40400000	40500000	1.0
NC_088205.1	40800000	40900000	1.0
NC_088205.1	41000000	41100000	1.0
NC_088205.1	41200000	41300000	1.0
NC_088205.1	41300000	41400000	1.0
NC_088205.1	41400000	41500000	1.0
NC_088205.1	41600000	41700000	1.0
NC_088205.1	41700000	41800000	2.0
NC_088205.1	41800000	41900000	1.0
NC_088205.1	41900000	42000000	1.0
NC_088205.1	42000000	42100000	1.0
NC_088205.1	42100000	42200000	1.0
NC_088205.1	42200000	42300000	1.0
NC_088205.1	42300000	42400000	1.0
NC_088205.1	42400000	42500000	1.0
NC_088205.1	42500000	42600000	2.0
NC_088205.1	42600000	42700000	1.0
NC_088205.1	42700000	42800000	6.0
NC_088205.1	42800000	42900000	3.0
NC_088205.1	42900000	43000000	1.0
NC_088205.1	43000000	43100000	1.0
NC_088205.1	43100000	43200000	1.0
NC_088205.1	43200000	43300000	2.0
NC_088205.1	43300000	43400000	1.0
NC_088205.1	43500000	43600000	1.0
NC_088205.1	43600000	43700000	3.0
NC_088205.1	43700000	43800000	1.0
NC_088205.1	43900000	44000000	2.0
NC_088205.1	44000000	44100000	2.0
NC_088205.1	44100000	44200000	3.0
NC_088205.1	44200000	44300000	2.0
NC_088205.1	44400000	44500000	1.0
NC_088205.1	44600000	44700000	1.0
NC_088205.1	44700000	44800000	1.0
NC_088205.1	44800000	44900000	1.0
NC_088205.1	44900000	45000000	2.0
NC_088205.1	45100000	45200000	2.0
NC_088205.1	45200000	45300000	2.0
NC_088205.1	45300000	45400000	1.0
NC_088205.1	45500000	45600000	2.0
NC_088205.1	45600000	45700000	1.0
NC_088205.1	45700000	45800000	4.0
NC_088205.1	45900000	46000000	1.0
NC_088205.1	46000000	46100000	2.0
NC_088205.1	46100000	46200000	4.0
NC_088205.1	46500000	46600000	1.0
NC_088205.1	46600000	46700000	1.0
NC_088205.1	46700000	46800000	5.0
NC_088205.1	46900000	47000000	1.0
NC_088205.1	47300000	47400000	2.0
NC_088205.1	47700000	47800000	2.0
NC_088205.1	47800000	47900000	1.0
NC_088205.1	47900000	48000000	2.0
NC_088205.1	48000000	48100000	1.0
NC_088205.1	48100000	48200000	2.0
NC_088205.1	48200000	48300000	2.0
NC_088205.1	48300000	48400000	2.0
NC_088205.1	48400000	48500000	2.0
NC_088205.1	48500000	48600000	3.0
NC_088205.1	48600000	48700000	2.0
NC_088205.1	48700000	48800000	2.0
NC_088205.1	48900000	49000000	1.0
NC_088205.1	49000000	49100000	2.0
NC_088205.1	49100000	49200000	1.0
NC_088205.1	49200000	49300000	6.0
NC_088205.1	49300000	49400000	2.0
NC_088205.1	49400000	49500000	2.0
NC_088205.1	49600000	49700000	2.0
NC_088205.1	49700000	49800000	2.0
NC_088205.1	49800000	49900000	4.0
NC_088205.1	49900000	50000000	1.0
NC_088205.1	50100000	50200000	1.0
NC_088205.1	50200000	50300000	1.0
NC_088205.1	50300000	50400000	2.0
NC_088205.1	50400000	50500000	1.0
NC_088205.1	50600000	50700000	1.0
NC_088205.1	50700000	50800000	2.0
NC_088205.1	50900000	51000000	1.0
NC_088205.1	51100000	51200000	2.0
NC_088205.1	51200000	51300000	1.0
NC_088205.1	51300000	51400000	1.0
NC_088205.1	51400000	51500000	3.0
NC_088205.1	51500000	51600000	2.0
NC_088205.1	51600000	51700000	1.0
NC_088205.1	51700000	51800000	3.0
NC_088205.1	51900000	52000000	1.0
NC_088205.1	52000000	52100000	3.0
NC_088205.1	52200000	52300000	1.0
NC_088205.1	52400000	52500000	1.0
NC_088205.1	52300000	52400000	2.0
NC_088205.1	52500000	52600000	3.0
NC_088205.1	52800000	52900000	1.0
NC_088205.1	52700000	52800000	1.0
NC_088205.1	52900000	53000000	1.0
NC_088205.1	53100000	53200000	2.0
NC_088205.1	53200000	53300000	3.0
NC_088205.1	53400000	53500000	1.0
NC_088205.1	53700000	53800000	1.0
NC_088205.1	53800000	53900000	1.0
NC_088205.1	53900000	54000000	2.0
NC_088205.1	54000000	54100000	2.0
NC_088205.1	54100000	54200000	2.0
NC_088205.1	54400000	54500000	1.0
NC_088205.1	54600000	54700000	2.0
NC_088205.1	54700000	54800000	3.0
NC_088205.1	55100000	55200000	1.0
NC_088205.1	54800000	54900000	1.0
NC_088205.1	55000000	55100000	2.0
NC_088205.1	55400000	55500000	1.0
NC_088205.1	55500000	55600000	1.0
NC_088205.1	55600000	55700000	1.0
NC_088205.1	55700000	55800000	2.0
NC_088205.1	55900000	56000000	1.0
NC_088205.1	56200000	56300000	2.0
NC_088205.1	56300000	56400000	1.0
NC_088205.1	56400000	56500000	2.0
NC_088205.1	56500000	56600000	1.0
NC_088205.1	56700000	56800000	4.0
NC_088205.1	56800000	56900000	2.0
NC_088205.1	56900000	57000000	2.0
NC_088205.1	57000000	57100000	1.0
NC_088205.1	57200000	57300000	3.0
NC_088205.1	57300000	57400000	2.0
NC_088205.1	57500000	57600000	1.0
NC_088205.1	57600000	57700000	4.0
NC_088205.1	57700000	57800000	1.0
NC_088205.1	57800000	57900000	3.0
NC_088205.1	57900000	58000000	1.0
NC_088205.1	58000000	58100000	2.0
NC_088205.1	58100000	58200000	1.0
NC_088205.1	58200000	58300000	3.0
NC_088205.1	58300000	58400000	4.0
NC_088205.1	58400000	58500000	5.0
NC_088205.1	58500000	58600000	2.0
NC_088205.1	58600000	58700000	2.0
NC_088205.1	58800000	58900000	1.0
NC_088205.1	58900000	59000000	3.0
NC_088205.1	59000000	59100000	2.0
NC_088205.1	59100000	59200000	2.0
NC_088205.1	59200000	59300000	3.0
NC_088205.1	59300000	59400000	5.0
NC_088205.1	59400000	59500000	2.0
NC_088205.1	59500000	59600000	1.0
NC_088205.1	59600000	59700000	1.0
NC_088205.1	59700000	59800000	1.0
NC_088205.1	59800000	59900000	1.0
NC_088205.1	59900000	60000000	1.0
NC_088205.1	60000000	60100000	1.0
NC_088205.1	60200000	60300000	1.0
NC_088205.1	60400000	60500000	1.0
NC_088205.1	60500000	60600000	1.0
NC_088205.1	60600000	60700000	3.0
NC_088205.1	60700000	60800000	4.0
NC_088205.1	60800000	60900000	2.0
NC_088205.1	61000000	61100000	2.0
NC_088205.1	61200000	61300000	1.0
NC_088205.1	61300000	61400000	5.0
NC_088205.1	61400000	61500000	2.0
NC_088205.1	61500000	61600000	2.0
NC_088205.1	61600000	61700000	4.0
NC_088205.1	61800000	61900000	3.0
NC_088205.1	61900000	62000000	1.0
NC_088205.1	62000000	62100000	1.0
NC_088205.1	62100000	62200000	1.0
NC_088205.1	62400000	62500000	1.0
NC_088205.1	62300000	62400000	1.0
NC_088205.1	62500000	62600000	1.0
NC_088205.1	62700000	62800000	1.0
NC_088205.1	63000000	63100000	1.0
NC_088205.1	63400000	63500000	1.0
NC_088205.1	63700000	63800000	1.0
NC_088205.1	63900000	64000000	1.0
NC_088205.1	64400000	64500000	3.0
NC_088205.1	64500000	64600000	7.0
NC_088205.1	64600000	64700000	4.0
NC_088205.1	64700000	64800000	1.0
NC_088205.1	64900000	65000000	3.0
NC_088205.1	65100000	65200000	1.0
NC_088205.1	65300000	65400000	1.0
NC_088205.1	65500000	65600000	6.0
NC_088205.1	65600000	65700000	1.0
NC_088205.1	65700000	65800000	2.0
NC_088205.1	65800000	65900000	7.0
NC_088205.1	65900000	66000000	2.0
NC_088205.1	66000000	66100000	2.0
NC_088205.1	66100000	66200000	6.0
NC_088205.1	66200000	66300000	1.0
NC_088205.1	66400000	66500000	1.0
NC_088205.1	66600000	66700000	3.0
NC_088205.1	66500000	66600000	3.0
NC_088205.1	66700000	66800000	3.0
NC_088205.1	66800000	66900000	5.0
NC_088205.1	66900000	67000000	2.0
NC_088205.1	67100000	67200000	1.0
NC_088205.1	67200000	67300000	3.0
NC_088205.1	67400000	67500000	1.0
NC_088205.1	67500000	67600000	1.0
NC_088205.1	67700000	67800000	1.0
NC_088205.1	67800000	67900000	1.0
NC_088205.1	67900000	68000000	2.0
NC_088205.1	68000000	68100000	6.0
NC_088205.1	68100000	68200000	1.0
NC_088205.1	68200000	68300000	3.0
NC_088205.1	68300000	68400000	1.0
NC_088205.1	68400000	68500000	4.0
NC_088205.1	68500000	68600000	5.0
NC_088205.1	68600000	68700000	3.0
NC_088205.1	68700000	68800000	1.0
NC_088205.1	68800000	68900000	1.0
NC_088205.1	68900000	69000000	8.0
NC_088205.1	69000000	69100000	7.0
NC_088205.1	69100000	69200000	1.0
NC_088205.1	69500000	69600000	2.0
NC_088205.1	69700000	69800000	3.0
NC_088205.1	69800000	69900000	1.0
NC_088205.1	69900000	70000000	5.0
NC_088205.1	70100000	70200000	1.0
NC_088205.1	70300000	70400000	3.0
NC_088205.1	70400000	70500000	6.0
NC_088205.1	70500000	70600000	10.0
NC_088205.1	70600000	70700000	6.0
NC_088205.1	70900000	71000000	2.0
NC_088205.1	71100000	71200000	1.0
NC_088205.1	71200000	71300000	7.0
NC_088205.1	71300000	71400000	3.0
NC_088205.1	71600000	71700000	1.0
NC_088205.1	71500000	71600000	1.0
NC_088205.1	71900000	72000000	6.0
NC_088205.1	72000000	72100000	7.0
NC_088205.1	72200000	72300000	2.0
NC_088205.1	72100000	72200000	1.0
NC_088205.1	72400000	72500000	2.0
NC_088205.1	72500000	72600000	7.0
NC_088205.1	72600000	72700000	6.0
NC_088205.1	72700000	72800000	6.0
NC_088205.1	72800000	72900000	4.0
NC_088205.1	72900000	73000000	3.0
NC_088205.1	73000000	73100000	5.0
NC_088205.1	73200000	73300000	2.0
NC_088205.1	73300000	73400000	1.0
NC_088205.1	73400000	73500000	3.0
NC_088205.1	73500000	73600000	1.0
NC_088205.1	73600000	73700000	7.0
NC_088205.1	73700000	73800000	5.0
NC_088205.1	73800000	73900000	4.0
NC_088205.1	73900000	74000000	3.0
NC_088205.1	74000000	74100000	6.0
NC_088205.1	74100000	74200000	6.0
NC_088205.1	74200000	74300000	5.0
NC_088205.1	74300000	74400000	7.0
NC_088205.1	74500000	74600000	4.0
NC_088205.1	74600000	74700000	1.0
NC_088205.1	74700000	74800000	2.0
NC_088205.1	74800000	74900000	1.0
NC_088205.1	74900000	75000000	1.0
NC_088205.1	75000000	75100000	1.0
NC_088205.1	75100000	75200000	1.0
NC_088205.1	75200000	75300000	6.0
NC_088205.1	75300000	75400000	5.0
NC_088205.1	75400000	75500000	6.0
NC_088205.1	75500000	75600000	7.0
NC_088205.1	75600000	75700000	9.0
NC_088205.1	75700000	75800000	9.0
NC_088205.1	75800000	75900000	11.0
NC_088205.1	75900000	76000000	1.0
NC_088205.1	76400000	76500000	1.0
NC_088205.1	76600000	76700000	1.0
NC_088205.1	76700000	76800000	1.0
NC_088205.1	76800000	76900000	6.0
NC_088205.1	76900000	77000000	3.0
NC_088205.1	77100000	77200000	1.0
NC_088205.1	77300000	77400000	1.0
NC_088205.1	77800000	77900000	3.0
NC_088205.1	77900000	78000000	1.0
NC_088205.1	78100000	78200000	4.0
NC_088205.1	78200000	78300000	3.0
NC_088205.1	78300000	78400000	2.0
NC_088205.1	78600000	78700000	1.0
NC_088205.1	78700000	78800000	6.0
NC_088205.1	78800000	78900000	1.0
NC_088205.1	78900000	79000000	3.0
NC_088205.1	79000000	79100000	4.0
NC_088205.1	79100000	79200000	12.0
NC_088205.1	79300000	79400000	2.0
NC_088205.1	79200000	79300000	4.0
NC_088205.1	79400000	79500000	17.0
NC_088205.1	79500000	79600000	9.0
NC_088205.1	79600000	79700000	10.0
NC_088205.1	79700000	79800000	2.0
NC_088205.1	79800000	79900000	6.0
NC_088205.1	79900000	80000000	8.0
NC_088205.1	80100000	80200000	1.0
NC_088205.1	80000000	80100000	1.0
NC_088205.1	80200000	80300000	4.0
NC_088205.1	80300000	80400000	2.0
NC_088205.1	80400000	80500000	4.0
NC_088205.1	80500000	80600000	1.0
NC_088205.1	80600000	80700000	5.0
NC_088205.1	80700000	80800000	7.0
NC_088205.1	80800000	80900000	2.0
NC_088205.1	80900000	81000000	1.0
NC_088205.1	81100000	81200000	1.0
NC_088205.1	81200000	81300000	1.0
NC_088205.1	81300000	81400000	1.0
NC_088205.1	81400000	81500000	1.0
NC_088205.1	81500000	81600000	2.0
NC_088205.1	81600000	81700000	2.0
NC_088205.1	81700000	81800000	6.0
NC_088205.1	81800000	81900000	7.0
NC_088205.1	82000000	82100000	2.0
NC_088205.1	82200000	82300000	1.0
NC_088205.1	82300000	82400000	1.0
NC_088205.1	82400000	82500000	3.0
NC_088205.1	82500000	82600000	2.0
NC_088205.1	82600000	82700000	5.0
NC_088205.1	82700000	82800000	12.0
NC_088205.1	82800000	82900000	4.0
NC_088205.1	82900000	83000000	7.0
NC_088205.1	83000000	83100000	9.0
NC_088205.1	83100000	83200000	5.0
NC_088205.1	83200000	83300000	10.0
NC_088205.1	83300000	83400000	7.0
NC_088205.1	83400000	83500000	2.0
NC_088205.1	83500000	83600000	10.0
NC_088205.1	83600000	83700000	3.0
NC_088205.1	83700000	83800000	3.0
NC_088205.1	83800000	83900000	6.0
NC_088205.1	83900000	84000000	14.0
NC_088205.1	84000000	84100000	9.0
NC_088205.1	84100000	84200000	11.0
NC_088205.1	84200000	84300000	13.0
NC_088205.1	84300000	84400000	5.0
NC_088205.1	84400000	84435845	1.0
NC_088206.1	0	100000	5.0
NC_088206.1	100000	200000	1.0
NC_088206.1	200000	300000	2.0
NC_088206.1	300000	400000	5.0
NC_088206.1	400000	500000	1.0
NC_088206.1	500000	600000	2.0
NC_088206.1	600000	700000	1.0
NC_088206.1	700000	800000	11.0
NC_088206.1	800000	900000	6.0
NC_088206.1	900000	1000000	3.0
NC_088206.1	1000000	1100000	1.0
NC_088206.1	1100000	1200000	4.0
NC_088206.1	1200000	1300000	6.0
NC_088206.1	1300000	1400000	8.0
NC_088206.1	1400000	1500000	6.0
NC_088206.1	1500000	1600000	6.0
NC_088206.1	1600000	1700000	2.0
NC_088206.1	1800000	1900000	7.0
NC_088206.1	1900000	2000000	6.0
NC_088206.1	2000000	2100000	2.0
NC_088206.1	2100000	2200000	2.0
NC_088206.1	2200000	2300000	5.0
NC_088206.1	2300000	2400000	3.0
NC_088206.1	2500000	2600000	1.0
NC_088206.1	2600000	2700000	3.0
NC_088206.1	2700000	2800000	3.0
NC_088206.1	3000000	3100000	3.0
NC_088206.1	3100000	3200000	3.0
NC_088206.1	3200000	3300000	1.0
NC_088206.1	3300000	3400000	3.0
NC_088206.1	3400000	3500000	4.0
NC_088206.1	3500000	3600000	9.0
NC_088206.1	3600000	3700000	8.0
NC_088206.1	3700000	3800000	5.0
NC_088206.1	3800000	3900000	7.0
NC_088206.1	3900000	4000000	2.0
NC_088206.1	4000000	4100000	2.0
NC_088206.1	4100000	4200000	2.0
NC_088206.1	4200000	4300000	1.0
NC_088206.1	4300000	4400000	2.0
NC_088206.1	4400000	4500000	7.0
NC_088206.1	4500000	4600000	12.0
NC_088206.1	4600000	4700000	11.0
NC_088206.1	4700000	4800000	7.0
NC_088206.1	4800000	4900000	4.0
NC_088206.1	4900000	5000000	13.0
NC_088206.1	5000000	5100000	5.0
NC_088206.1	5100000	5200000	8.0
NC_088206.1	5200000	5300000	2.0
NC_088206.1	5300000	5400000	2.0
NC_088206.1	5400000	5500000	1.0
NC_088206.1	5500000	5600000	1.0
NC_088206.1	5800000	5900000	2.0
NC_088206.1	5600000	5700000	1.0
NC_088206.1	5700000	5800000	5.0
NC_088206.1	5900000	6000000	1.0
NC_088206.1	6000000	6100000	1.0
NC_088206.1	6200000	6300000	1.0
NC_088206.1	6100000	6200000	1.0
NC_088206.1	6300000	6400000	1.0
NC_088206.1	6400000	6500000	4.0
NC_088206.1	6500000	6600000	1.0
NC_088206.1	7000000	7100000	1.0
NC_088206.1	7100000	7200000	6.0
NC_088206.1	7200000	7300000	7.0
NC_088206.1	7300000	7400000	6.0
NC_088206.1	7400000	7500000	5.0
NC_088206.1	7500000	7600000	5.0
NC_088206.1	7600000	7700000	8.0
NC_088206.1	7700000	7800000	5.0
NC_088206.1	7800000	7900000	2.0
NC_088206.1	8100000	8200000	2.0
NC_088206.1	8000000	8100000	1.0
NC_088206.1	8200000	8300000	3.0
NC_088206.1	8300000	8400000	6.0
NC_088206.1	8400000	8500000	2.0
NC_088206.1	8500000	8600000	2.0
NC_088206.1	8700000	8800000	1.0
NC_088206.1	8800000	8900000	3.0
NC_088206.1	8900000	9000000	1.0
NC_088206.1	9000000	9100000	3.0
NC_088206.1	9100000	9200000	5.0
NC_088206.1	9200000	9300000	4.0
NC_088206.1	9300000	9400000	1.0
NC_088206.1	9500000	9600000	3.0
NC_088206.1	9800000	9900000	1.0
NC_088206.1	10100000	10200000	4.0
NC_088206.1	10300000	10400000	2.0
NC_088206.1	10200000	10300000	1.0
NC_088206.1	10500000	10600000	2.0
NC_088206.1	10600000	10700000	1.0
NC_088206.1	10700000	10800000	8.0
NC_088206.1	10800000	10900000	6.0
NC_088206.1	10900000	11000000	2.0
NC_088206.1	11000000	11100000	5.0
NC_088206.1	11100000	11200000	3.0
NC_088206.1	11200000	11300000	4.0
NC_088206.1	11300000	11400000	9.0
NC_088206.1	11400000	11500000	1.0
NC_088206.1	11500000	11600000	6.0
NC_088206.1	11600000	11700000	2.0
NC_088206.1	11700000	11800000	8.0
NC_088206.1	11800000	11900000	3.0
NC_088206.1	12000000	12100000	2.0
NC_088206.1	11900000	12000000	1.0
NC_088206.1	12100000	12200000	2.0
NC_088206.1	12200000	12300000	2.0
NC_088206.1	12300000	12400000	3.0
NC_088206.1	12400000	12500000	2.0
NC_088206.1	12500000	12600000	1.0
NC_088206.1	12600000	12700000	1.0
NC_088206.1	12700000	12800000	5.0
NC_088206.1	12800000	12900000	1.0
NC_088206.1	12900000	13000000	13.0
NC_088206.1	13000000	13100000	8.0
NC_088206.1	13100000	13200000	9.0
NC_088206.1	13200000	13300000	6.0
NC_088206.1	13300000	13400000	1.0
NC_088206.1	13400000	13500000	3.0
NC_088206.1	13500000	13600000	5.0
NC_088206.1	13600000	13700000	2.0
NC_088206.1	13700000	13800000	6.0
NC_088206.1	13800000	13900000	5.0
NC_088206.1	13900000	14000000	3.0
NC_088206.1	14000000	14100000	1.0
NC_088206.1	14100000	14200000	1.0
NC_088206.1	14200000	14300000	1.0
NC_088206.1	14300000	14400000	2.0
NC_088206.1	14400000	14500000	3.0
NC_088206.1	14500000	14600000	12.0
NC_088206.1	14600000	14700000	8.0
NC_088206.1	14700000	14800000	5.0
NC_088206.1	14800000	14900000	2.0
NC_088206.1	14900000	15000000	3.0
NC_088206.1	15000000	15100000	8.0
NC_088206.1	15200000	15300000	1.0
NC_088206.1	15300000	15400000	2.0
NC_088206.1	15500000	15600000	2.0
NC_088206.1	15600000	15700000	3.0
NC_088206.1	15700000	15800000	6.0
NC_088206.1	15800000	15900000	9.0
NC_088206.1	15900000	16000000	1.0
NC_088206.1	16000000	16100000	3.0
NC_088206.1	16100000	16200000	1.0
NC_088206.1	16300000	16400000	3.0
NC_088206.1	16400000	16500000	9.0
NC_088206.1	16500000	16600000	10.0
NC_088206.1	16600000	16700000	3.0
NC_088206.1	16900000	17000000	2.0
NC_088206.1	17000000	17100000	2.0
NC_088206.1	17100000	17200000	5.0
NC_088206.1	17200000	17300000	4.0
NC_088206.1	17400000	17500000	3.0
NC_088206.1	17600000	17700000	1.0
NC_088206.1	17500000	17600000	1.0
NC_088206.1	17700000	17800000	1.0
NC_088206.1	17800000	17900000	1.0
NC_088206.1	18000000	18100000	5.0
NC_088206.1	18100000	18200000	9.0
NC_088206.1	18300000	18400000	4.0
NC_088206.1	18400000	18500000	1.0
NC_088206.1	18500000	18600000	4.0
NC_088206.1	18600000	18700000	1.0
NC_088206.1	18700000	18800000	5.0
NC_088206.1	18800000	18900000	2.0
NC_088206.1	18900000	19000000	6.0
NC_088206.1	19000000	19100000	8.0
NC_088206.1	19200000	19300000	5.0
NC_088206.1	19300000	19400000	4.0
NC_088206.1	19400000	19500000	10.0
NC_088206.1	19500000	19600000	3.0
NC_088206.1	19600000	19700000	2.0
NC_088206.1	19700000	19800000	2.0
NC_088206.1	19900000	20000000	3.0
NC_088206.1	20000000	20100000	7.0
NC_088206.1	20100000	20200000	4.0
NC_088206.1	20200000	20300000	1.0
NC_088206.1	20300000	20400000	1.0
NC_088206.1	20400000	20500000	3.0
NC_088206.1	20500000	20600000	5.0
NC_088206.1	20600000	20700000	1.0
NC_088206.1	20900000	21000000	5.0
NC_088206.1	21000000	21100000	6.0
NC_088206.1	21100000	21200000	1.0
NC_088206.1	21200000	21300000	3.0
NC_088206.1	21300000	21400000	4.0
NC_088206.1	21400000	21500000	2.0
NC_088206.1	21500000	21600000	1.0
NC_088206.1	21600000	21700000	2.0
NC_088206.1	21700000	21800000	1.0
NC_088206.1	21800000	21900000	1.0
NC_088206.1	21900000	22000000	3.0
NC_088206.1	22100000	22200000	1.0
NC_088206.1	22300000	22400000	1.0
NC_088206.1	22500000	22600000	3.0
NC_088206.1	22600000	22700000	1.0
NC_088206.1	22800000	22900000	2.0
NC_088206.1	23000000	23100000	2.0
NC_088206.1	23100000	23200000	4.0
NC_088206.1	23300000	23400000	4.0
NC_088206.1	23400000	23500000	4.0
NC_088206.1	23500000	23600000	4.0
NC_088206.1	23700000	23800000	1.0
NC_088206.1	23800000	23900000	1.0
NC_088206.1	23900000	24000000	4.0
NC_088206.1	24000000	24100000	2.0
NC_088206.1	24100000	24200000	2.0
NC_088206.1	24200000	24300000	2.0
NC_088206.1	24300000	24400000	5.0
NC_088206.1	24400000	24500000	3.0
NC_088206.1	24500000	24600000	2.0
NC_088206.1	24600000	24700000	2.0
NC_088206.1	24700000	24800000	3.0
NC_088206.1	24800000	24900000	5.0
NC_088206.1	24900000	25000000	1.0
NC_088206.1	25000000	25100000	2.0
NC_088206.1	25100000	25200000	2.0
NC_088206.1	25200000	25300000	1.0
NC_088206.1	25300000	25400000	3.0
NC_088206.1	25500000	25600000	2.0
NC_088206.1	25600000	25700000	1.0
NC_088206.1	25700000	25800000	6.0
NC_088206.1	25800000	25900000	4.0
NC_088206.1	25900000	26000000	2.0
NC_088206.1	26000000	26100000	2.0
NC_088206.1	26100000	26200000	1.0
NC_088206.1	26200000	26300000	1.0
NC_088206.1	26300000	26400000	1.0
NC_088206.1	26400000	26500000	1.0
NC_088206.1	26500000	26600000	3.0
NC_088206.1	26600000	26700000	2.0
NC_088206.1	26700000	26800000	1.0
NC_088206.1	26900000	27000000	5.0
NC_088206.1	27000000	27100000	4.0
NC_088206.1	27100000	27200000	1.0
NC_088206.1	27200000	27300000	1.0
NC_088206.1	27300000	27400000	2.0
NC_088206.1	27500000	27600000	2.0
NC_088206.1	27600000	27700000	1.0
NC_088206.1	27700000	27800000	3.0
NC_088206.1	28000000	28100000	1.0
NC_088206.1	28100000	28200000	2.0
NC_088206.1	28200000	28300000	6.0
NC_088206.1	28300000	28400000	1.0
NC_088206.1	28400000	28500000	4.0
NC_088206.1	28600000	28700000	1.0
NC_088206.1	28700000	28800000	1.0
NC_088206.1	28800000	28900000	2.0
NC_088206.1	28900000	29000000	1.0
NC_088206.1	29000000	29100000	4.0
NC_088206.1	29100000	29200000	2.0
NC_088206.1	29200000	29300000	2.0
NC_088206.1	29300000	29400000	4.0
NC_088206.1	29400000	29500000	1.0
NC_088206.1	29600000	29700000	1.0
NC_088206.1	29700000	29800000	2.0
NC_088206.1	29800000	29900000	2.0
NC_088206.1	29900000	30000000	2.0
NC_088206.1	30200000	30300000	1.0
NC_088206.1	30300000	30400000	3.0
NC_088206.1	30400000	30500000	1.0
NC_088206.1	30600000	30700000	1.0
NC_088206.1	30800000	30900000	1.0
NC_088206.1	31100000	31200000	6.0
NC_088206.1	31200000	31300000	2.0
NC_088206.1	31300000	31400000	3.0
NC_088206.1	31400000	31500000	2.0
NC_088206.1	31600000	31700000	1.0
NC_088206.1	31700000	31800000	5.0
NC_088206.1	31800000	31900000	1.0
NC_088206.1	31900000	32000000	1.0
NC_088206.1	32000000	32100000	5.0
NC_088206.1	32200000	32300000	1.0
NC_088206.1	32300000	32400000	4.0
NC_088206.1	32400000	32500000	1.0
NC_088206.1	32500000	32600000	1.0
NC_088206.1	32600000	32700000	2.0
NC_088206.1	32700000	32800000	1.0
NC_088206.1	32800000	32900000	2.0
NC_088206.1	32900000	33000000	5.0
NC_088206.1	33000000	33100000	2.0
NC_088206.1	33100000	33200000	1.0
NC_088206.1	33300000	33400000	2.0
NC_088206.1	33400000	33500000	1.0
NC_088206.1	33500000	33600000	1.0
NC_088206.1	33700000	33800000	2.0
NC_088206.1	33800000	33900000	2.0
NC_088206.1	33900000	34000000	1.0
NC_088206.1	34000000	34100000	1.0
NC_088206.1	34100000	34200000	1.0
NC_088206.1	34300000	34400000	1.0
NC_088206.1	34400000	34500000	1.0
NC_088206.1	34500000	34600000	1.0
NC_088206.1	34600000	34700000	1.0
NC_088206.1	34700000	34800000	1.0
NC_088206.1	34800000	34900000	1.0
NC_088206.1	34900000	35000000	2.0
NC_088206.1	35000000	35100000	4.0
NC_088206.1	35100000	35200000	3.0
NC_088206.1	35200000	35300000	3.0
NC_088206.1	35300000	35400000	1.0
NC_088206.1	35400000	35500000	2.0
NC_088206.1	35500000	35600000	1.0
NC_088206.1	35600000	35700000	2.0
NC_088206.1	35700000	35800000	2.0
NC_088206.1	35800000	35900000	1.0
NC_088206.1	36000000	36100000	1.0
NC_088206.1	36100000	36200000	1.0
NC_088206.1	36200000	36300000	1.0
NC_088206.1	36500000	36600000	1.0
NC_088206.1	36600000	36700000	1.0
NC_088206.1	36800000	36900000	2.0
NC_088206.1	36900000	37000000	2.0
NC_088206.1	37000000	37100000	1.0
NC_088206.1	37200000	37300000	1.0
NC_088206.1	37300000	37400000	1.0
NC_088206.1	37500000	37600000	2.0
NC_088206.1	37800000	37900000	2.0
NC_088206.1	37900000	38000000	1.0
NC_088206.1	38000000	38100000	1.0
NC_088206.1	38100000	38200000	2.0
NC_088206.1	38200000	38300000	1.0
NC_088206.1	38400000	38500000	1.0
NC_088206.1	38600000	38700000	1.0
NC_088206.1	38700000	38800000	2.0
NC_088206.1	38800000	38900000	1.0
NC_088206.1	39100000	39200000	1.0
NC_088206.1	39200000	39300000	2.0
NC_088206.1	39300000	39400000	2.0
NC_088206.1	39400000	39500000	4.0
NC_088206.1	39600000	39700000	1.0
NC_088206.1	39700000	39800000	1.0
NC_088206.1	39900000	40000000	1.0
NC_088206.1	40000000	40100000	1.0
NC_088206.1	40200000	40300000	2.0
NC_088206.1	40300000	40400000	1.0
NC_088206.1	40400000	40500000	1.0
NC_088206.1	40500000	40600000	3.0
NC_088206.1	40600000	40700000	1.0
NC_088206.1	40700000	40800000	3.0
NC_088206.1	40800000	40900000	2.0
NC_088206.1	40900000	41000000	3.0
NC_088206.1	41000000	41100000	1.0
NC_088206.1	41100000	41200000	1.0
NC_088206.1	41200000	41300000	1.0
NC_088206.1	41300000	41400000	1.0
NC_088206.1	41400000	41500000	2.0
NC_088206.1	41800000	41900000	2.0
NC_088206.1	41700000	41800000	1.0
NC_088206.1	41900000	42000000	1.0
NC_088206.1	42000000	42100000	1.0
NC_088206.1	42200000	42300000	1.0
NC_088206.1	42300000	42400000	3.0
NC_088206.1	42500000	42600000	1.0
NC_088206.1	42600000	42700000	1.0
NC_088206.1	42800000	42900000	1.0
NC_088206.1	42900000	43000000	1.0
NC_088206.1	43000000	43100000	2.0
NC_088206.1	43100000	43200000	1.0
NC_088206.1	43300000	43400000	1.0
NC_088206.1	43500000	43600000	1.0
NC_088206.1	43600000	43700000	2.0
NC_088206.1	43700000	43800000	1.0
NC_088206.1	43800000	43900000	2.0
NC_088206.1	44000000	44100000	3.0
NC_088206.1	44200000	44300000	4.0
NC_088206.1	44400000	44500000	5.0
NC_088206.1	44500000	44600000	2.0
NC_088206.1	44700000	44800000	3.0
NC_088206.1	44900000	45000000	2.0
NC_088206.1	45000000	45100000	4.0
NC_088206.1	45100000	45200000	1.0
NC_088206.1	45200000	45300000	2.0
NC_088206.1	45300000	45400000	2.0
NC_088206.1	45400000	45500000	4.0
NC_088206.1	45500000	45600000	2.0
NC_088206.1	45700000	45800000	1.0
NC_088206.1	45800000	45900000	2.0
NC_088206.1	46000000	46100000	4.0
NC_088206.1	46100000	46200000	4.0
NC_088206.1	46200000	46300000	2.0
NC_088206.1	46300000	46400000	3.0
NC_088206.1	46400000	46500000	1.0
NC_088206.1	46500000	46600000	2.0
NC_088206.1	46600000	46700000	6.0
NC_088206.1	46700000	46800000	2.0
NC_088206.1	46900000	47000000	1.0
NC_088206.1	47000000	47100000	1.0
NC_088206.1	47100000	47200000	1.0
NC_088206.1	47200000	47300000	3.0
NC_088206.1	47300000	47400000	3.0
NC_088206.1	47400000	47500000	2.0
NC_088206.1	47500000	47600000	2.0
NC_088206.1	47600000	47700000	2.0
NC_088206.1	47700000	47800000	2.0
NC_088206.1	47900000	48000000	1.0
NC_088206.1	47800000	47900000	1.0
NC_088206.1	48000000	48100000	2.0
NC_088206.1	48100000	48200000	4.0
NC_088206.1	48200000	48300000	2.0
NC_088206.1	48300000	48400000	2.0
NC_088206.1	48400000	48500000	3.0
NC_088206.1	48500000	48600000	3.0
NC_088206.1	48600000	48700000	4.0
NC_088206.1	48700000	48800000	2.0
NC_088206.1	48800000	48900000	2.0
NC_088206.1	48900000	49000000	1.0
NC_088206.1	49000000	49100000	1.0
NC_088206.1	49200000	49300000	1.0
NC_088206.1	49500000	49600000	1.0
NC_088206.1	49800000	49900000	6.0
NC_088206.1	49900000	50000000	7.0
NC_088206.1	50000000	50100000	2.0
NC_088206.1	50100000	50200000	2.0
NC_088206.1	50200000	50300000	1.0
NC_088206.1	50300000	50400000	3.0
NC_088206.1	50400000	50500000	2.0
NC_088206.1	50500000	50600000	3.0
NC_088206.1	50600000	50700000	5.0
NC_088206.1	50800000	50900000	2.0
NC_088206.1	51000000	51100000	2.0
NC_088206.1	51200000	51300000	3.0
NC_088206.1	51400000	51500000	2.0
NC_088206.1	51500000	51600000	2.0
NC_088206.1	51600000	51700000	1.0
NC_088206.1	51700000	51800000	3.0
NC_088206.1	51800000	51900000	1.0
NC_088206.1	52000000	52100000	1.0
NC_088206.1	52100000	52200000	3.0
NC_088206.1	52200000	52300000	5.0
NC_088206.1	52300000	52400000	2.0
NC_088206.1	52400000	52500000	1.0
NC_088206.1	52600000	52700000	1.0
NC_088206.1	52700000	52800000	2.0
NC_088206.1	52800000	52900000	3.0
NC_088206.1	52900000	53000000	2.0
NC_088206.1	53000000	53100000	2.0
NC_088206.1	53100000	53200000	1.0
NC_088206.1	53200000	53300000	5.0
NC_088206.1	53300000	53400000	2.0
NC_088206.1	53400000	53500000	5.0
NC_088206.1	53500000	53600000	5.0
NC_088206.1	53600000	53700000	4.0
NC_088206.1	53700000	53800000	3.0
NC_088206.1	53800000	53900000	1.0
NC_088206.1	53900000	54000000	1.0
NC_088206.1	54000000	54100000	4.0
NC_088206.1	54100000	54200000	5.0
NC_088206.1	54200000	54300000	11.0
NC_088206.1	54300000	54400000	7.0
NC_088206.1	54400000	54500000	3.0
NC_088206.1	54500000	54600000	2.0
NC_088206.1	54600000	54700000	1.0
NC_088206.1	54700000	54800000	1.0
NC_088206.1	54800000	54900000	4.0
NC_088206.1	55100000	55200000	1.0
NC_088206.1	55300000	55400000	1.0
NC_088206.1	55400000	55500000	2.0
NC_088206.1	55500000	55600000	3.0
NC_088206.1	55600000	55700000	4.0
NC_088206.1	55700000	55800000	6.0
NC_088206.1	55800000	55900000	4.0
NC_088206.1	55900000	56000000	2.0
NC_088206.1	56000000	56100000	3.0
NC_088206.1	56100000	56200000	1.0
NC_088206.1	56200000	56300000	1.0
NC_088206.1	56300000	56400000	5.0
NC_088206.1	56400000	56500000	2.0
NC_088206.1	56500000	56600000	4.0
NC_088206.1	56600000	56700000	1.0
NC_088206.1	56700000	56800000	1.0
NC_088206.1	56900000	57000000	3.0
NC_088206.1	57000000	57100000	4.0
NC_088206.1	57100000	57200000	5.0
NC_088206.1	57200000	57300000	5.0
NC_088206.1	57300000	57400000	3.0
NC_088206.1	57400000	57500000	1.0
NC_088206.1	57500000	57600000	1.0
NC_088206.1	57600000	57700000	1.0
NC_088206.1	57700000	57800000	2.0
NC_088206.1	57900000	58000000	1.0
NC_088206.1	58200000	58300000	1.0
NC_088206.1	58300000	58400000	7.0
NC_088206.1	58400000	58500000	4.0
NC_088206.1	58500000	58600000	4.0
NC_088206.1	58600000	58700000	2.0
NC_088206.1	58700000	58800000	5.0
NC_088206.1	58900000	59000000	3.0
NC_088206.1	59000000	59100000	4.0
NC_088206.1	59100000	59200000	3.0
NC_088206.1	59200000	59300000	4.0
NC_088206.1	59300000	59400000	1.0
NC_088206.1	59600000	59700000	5.0
NC_088206.1	59700000	59800000	3.0
NC_088206.1	59800000	59900000	4.0
NC_088206.1	59900000	60000000	6.0
NC_088206.1	60000000	60100000	6.0
NC_088206.1	60100000	60200000	2.0
NC_088206.1	60200000	60300000	4.0
NC_088206.1	60300000	60400000	3.0
NC_088206.1	60400000	60500000	1.0
NC_088206.1	60500000	60600000	3.0
NC_088206.1	60600000	60700000	1.0
NC_088206.1	60700000	60800000	1.0
NC_088206.1	61000000	61100000	1.0
NC_088206.1	61100000	61200000	3.0
NC_088206.1	61200000	61300000	5.0
NC_088206.1	61300000	61400000	8.0
NC_088206.1	61400000	61500000	4.0
NC_088206.1	61500000	61600000	6.0
NC_088206.1	61600000	61700000	4.0
NC_088206.1	61800000	61900000	1.0
NC_088206.1	61900000	62000000	4.0
NC_088206.1	62000000	62100000	9.0
NC_088206.1	62100000	62200000	4.0
NC_088206.1	62200000	62300000	6.0
NC_088206.1	62300000	62400000	3.0
NC_088206.1	62500000	62600000	1.0
NC_088206.1	62600000	62700000	4.0
NC_088206.1	62700000	62800000	9.0
NC_088206.1	62800000	62900000	4.0
NC_088206.1	62900000	63000000	10.0
NC_088206.1	63000000	63100000	13.0
NC_088206.1	63100000	63200000	9.0
NC_088206.1	63200000	63300000	7.0
NC_088206.1	63300000	63400000	8.0
NC_088206.1	63400000	63500000	5.0
NC_088206.1	63600000	63700000	2.0
NC_088206.1	63700000	63800000	1.0
NC_088206.1	63800000	63900000	6.0
NC_088206.1	63900000	64000000	10.0
NC_088206.1	64000000	64100000	8.0
NC_088206.1	64100000	64200000	5.0
NC_088206.1	64200000	64300000	8.0
NC_088206.1	64300000	64400000	4.0
NC_088206.1	64400000	64500000	4.0
NC_088206.1	64500000	64600000	1.0
NC_088206.1	64600000	64700000	3.0
NC_088206.1	64700000	64800000	3.0
NC_088206.1	64800000	64900000	2.0
NC_088206.1	64900000	65000000	2.0
NC_088206.1	65000000	65100000	5.0
NC_088206.1	65100000	65200000	5.0
NC_088206.1	65200000	65300000	1.0
NC_088206.1	65300000	65400000	4.0
NC_088206.1	65400000	65500000	8.0
NC_088206.1	65500000	65600000	8.0
NC_088206.1	65600000	65700000	3.0
NC_088206.1	65700000	65800000	3.0
NC_088206.1	65800000	65900000	3.0
NC_088206.1	65900000	66000000	3.0
NC_088206.1	66000000	66100000	2.0
NC_088206.1	66100000	66200000	6.0
NC_088206.1	66200000	66300000	7.0
NC_088206.1	66300000	66400000	3.0
NC_088206.1	66500000	66600000	1.0
NC_088206.1	66600000	66700000	6.0
NC_088206.1	66700000	66800000	5.0
NC_088206.1	66800000	66900000	6.0
NC_088206.1	66900000	67000000	6.0
NC_088206.1	67000000	67100000	12.0
NC_088206.1	67100000	67200000	9.0
NC_088206.1	67200000	67300000	1.0
NC_088206.1	67300000	67400000	2.0
NC_088206.1	67400000	67500000	6.0
NC_088206.1	67500000	67600000	1.0
NC_088206.1	67600000	67700000	2.0
NC_088206.1	67700000	67800000	5.0
NC_088206.1	67800000	67900000	9.0
NC_088206.1	67900000	68000000	9.0
NC_088206.1	68000000	68100000	14.0
NC_088206.1	68100000	68200000	6.0
NC_088206.1	68200000	68300000	3.0
NC_088206.1	68300000	68400000	1.0
NC_088206.1	68400000	68500000	6.0
NC_088206.1	68500000	68600000	15.0
NC_088206.1	68600000	68700000	7.0
NC_088206.1	68700000	68800000	8.0
NC_088206.1	68800000	68900000	5.0
NC_088206.1	68900000	69000000	6.0
NC_088206.1	69000000	69100000	2.0
NC_088206.1	69200000	69300000	3.0
NC_088206.1	69300000	69400000	7.0
NC_088206.1	69400000	69500000	2.0
NC_088206.1	69500000	69600000	3.0
NC_088206.1	69600000	69700000	12.0
NC_088206.1	69700000	69800000	5.0
NC_088206.1	69800000	69900000	5.0
NC_088206.1	69900000	70000000	5.0
NC_088206.1	70000000	70100000	2.0
NC_088206.1	70200000	70300000	1.0
NC_088206.1	70300000	70400000	5.0
NC_088206.1	70400000	70500000	4.0
NC_088206.1	70500000	70600000	7.0
NC_088206.1	70600000	70700000	6.0
NC_088206.1	70700000	70800000	1.0
NC_088206.1	70800000	70900000	1.0
NC_088206.1	70900000	71000000	10.0
NC_088206.1	71000000	71100000	10.0
NC_088206.1	71100000	71200000	2.0
NC_088206.1	71200000	71300000	4.0
NC_088206.1	71300000	71400000	1.0
NC_088206.1	71500000	71600000	1.0
NC_088206.1	71800000	71900000	1.0
NC_088206.1	72000000	72100000	2.0
NC_088206.1	72100000	72200000	6.0
NC_088206.1	72200000	72300000	6.0
NC_088206.1	72300000	72400000	1.0
NC_088206.1	72400000	72500000	2.0
NC_088206.1	72500000	72600000	3.0
NC_088206.1	72600000	72700000	2.0
NC_088206.1	72700000	72800000	3.0
NC_088206.1	72800000	72900000	6.0
NC_088206.1	72900000	73000000	6.0
NC_088206.1	73000000	73100000	5.0
NC_088206.1	73100000	73200000	10.0
NC_088206.1	73200000	73300000	6.0
NC_088206.1	73300000	73400000	1.0
NC_088206.1	73400000	73500000	11.0
NC_088206.1	73500000	73600000	4.0
NC_088206.1	73600000	73700000	6.0
NC_088206.1	73700000	73800000	8.0
NC_088206.1	73800000	73900000	8.0
NC_088206.1	73900000	74000000	8.0
NC_088206.1	74000000	74100000	10.0
NC_088206.1	74100000	74200000	9.0
NC_088206.1	74200000	74300000	3.0
NC_088206.1	74300000	74400000	10.0
NC_088206.1	74400000	74500000	3.0
NC_088206.1	74500000	74562524	4.0
NC_088207.1	100000	200000	1.0
NC_088207.1	200000	300000	3.0
NC_088207.1	400000	500000	1.0
NC_088207.1	500000	600000	1.0
NC_088207.1	700000	800000	5.0
NC_088207.1	1000000	1100000	1.0
NC_088207.1	1100000	1200000	1.0
NC_088207.1	1200000	1300000	1.0
NC_088207.1	1300000	1400000	1.0
NC_088207.1	1400000	1500000	3.0
NC_088207.1	1800000	1900000	2.0
NC_088207.1	1900000	2000000	4.0
NC_088207.1	2400000	2500000	1.0
NC_088207.1	2500000	2600000	1.0
NC_088207.1	2600000	2700000	3.0
NC_088207.1	2700000	2800000	1.0
NC_088207.1	3100000	3200000	1.0
NC_088207.1	3300000	3400000	3.0
NC_088207.1	3400000	3500000	1.0
NC_088207.1	3500000	3600000	2.0
NC_088207.1	3600000	3700000	1.0
NC_088207.1	3700000	3800000	2.0
NC_088207.1	3900000	4000000	1.0
NC_088207.1	4000000	4100000	1.0
NC_088207.1	4100000	4200000	1.0
NC_088207.1	4200000	4300000	2.0
NC_088207.1	4500000	4600000	3.0
NC_088207.1	4600000	4700000	1.0
NC_088207.1	5000000	5100000	1.0
NC_088207.1	5100000	5200000	1.0
NC_088207.1	5200000	5300000	1.0
NC_088207.1	5300000	5400000	3.0
NC_088207.1	5500000	5600000	2.0
NC_088207.1	5600000	5700000	2.0
NC_088207.1	5700000	5800000	2.0
NC_088207.1	5800000	5900000	1.0
NC_088207.1	6000000	6100000	1.0
NC_088207.1	6100000	6200000	2.0
NC_088207.1	6200000	6300000	1.0
NC_088207.1	6300000	6400000	2.0
NC_088207.1	6500000	6600000	1.0
NC_088207.1	6600000	6700000	1.0
NC_088207.1	6900000	7000000	1.0
NC_088207.1	7000000	7100000	2.0
NC_088207.1	7100000	7200000	1.0
NC_088207.1	7200000	7300000	2.0
NC_088207.1	7300000	7400000	2.0
NC_088207.1	7400000	7500000	3.0
NC_088207.1	7500000	7600000	1.0
NC_088207.1	7800000	7900000	1.0
NC_088207.1	7700000	7800000	1.0
NC_088207.1	8000000	8100000	1.0
NC_088207.1	8100000	8200000	1.0
NC_088207.1	8200000	8300000	4.0
NC_088207.1	8300000	8400000	1.0
NC_088207.1	8400000	8500000	3.0
NC_088207.1	8600000	8700000	2.0
NC_088207.1	8700000	8800000	1.0
NC_088207.1	8800000	8900000	2.0
NC_088207.1	8900000	9000000	1.0
NC_088207.1	9100000	9200000	1.0
NC_088207.1	9200000	9300000	1.0
NC_088207.1	9400000	9500000	1.0
NC_088207.1	9500000	9600000	2.0
NC_088207.1	9600000	9700000	5.0
NC_088207.1	9700000	9800000	1.0
NC_088207.1	9800000	9900000	1.0
NC_088207.1	9900000	10000000	1.0
NC_088207.1	10000000	10100000	1.0
NC_088207.1	10100000	10200000	4.0
NC_088207.1	10200000	10300000	4.0
NC_088207.1	10300000	10400000	1.0
NC_088207.1	10400000	10500000	3.0
NC_088207.1	10500000	10600000	1.0
NC_088207.1	10600000	10700000	1.0
NC_088207.1	10700000	10800000	3.0
NC_088207.1	10800000	10900000	2.0
NC_088207.1	10900000	11000000	2.0
NC_088207.1	11000000	11100000	2.0
NC_088207.1	11100000	11200000	4.0
NC_088207.1	11300000	11400000	4.0
NC_088207.1	11400000	11500000	1.0
NC_088207.1	11500000	11600000	4.0
NC_088207.1	11600000	11700000	2.0
NC_088207.1	11700000	11800000	1.0
NC_088207.1	11800000	11900000	1.0
NC_088207.1	11900000	12000000	1.0
NC_088207.1	12000000	12100000	1.0
NC_088207.1	12200000	12300000	2.0
NC_088207.1	12300000	12400000	4.0
NC_088207.1	12400000	12500000	3.0
NC_088207.1	12500000	12600000	4.0
NC_088207.1	12700000	12800000	2.0
NC_088207.1	12800000	12900000	1.0
NC_088207.1	12900000	13000000	3.0
NC_088207.1	13000000	13100000	2.0
NC_088207.1	13100000	13200000	1.0
NC_088207.1	13200000	13300000	2.0
NC_088207.1	13300000	13400000	2.0
NC_088207.1	13400000	13500000	1.0
NC_088207.1	13700000	13800000	2.0
NC_088207.1	13800000	13900000	2.0
NC_088207.1	14000000	14100000	1.0
NC_088207.1	14100000	14200000	3.0
NC_088207.1	14200000	14300000	4.0
NC_088207.1	14300000	14400000	3.0
NC_088207.1	14400000	14500000	4.0
NC_088207.1	14500000	14600000	2.0
NC_088207.1	14700000	14800000	1.0
NC_088207.1	14800000	14900000	1.0
NC_088207.1	14900000	15000000	2.0
NC_088207.1	15000000	15100000	3.0
NC_088207.1	15100000	15200000	1.0
NC_088207.1	15200000	15300000	3.0
NC_088207.1	15300000	15400000	2.0
NC_088207.1	15400000	15500000	3.0
NC_088207.1	15500000	15600000	3.0
NC_088207.1	15600000	15700000	3.0
NC_088207.1	15700000	15800000	2.0
NC_088207.1	15800000	15900000	3.0
NC_088207.1	15900000	16000000	1.0
NC_088207.1	16000000	16100000	5.0
NC_088207.1	16100000	16200000	2.0
NC_088207.1	16200000	16300000	3.0
NC_088207.1	16300000	16400000	2.0
NC_088207.1	16400000	16500000	2.0
NC_088207.1	16500000	16600000	2.0
NC_088207.1	16600000	16700000	2.0
NC_088207.1	16700000	16800000	1.0
NC_088207.1	16800000	16900000	4.0
NC_088207.1	16900000	17000000	1.0
NC_088207.1	17000000	17100000	5.0
NC_088207.1	17100000	17200000	3.0
NC_088207.1	17300000	17400000	1.0
NC_088207.1	17400000	17500000	4.0
NC_088207.1	17500000	17600000	7.0
NC_088207.1	17600000	17700000	4.0
NC_088207.1	17700000	17800000	5.0
NC_088207.1	17800000	17900000	3.0
NC_088207.1	17900000	18000000	5.0
NC_088207.1	18100000	18200000	2.0
NC_088207.1	18200000	18300000	3.0
NC_088207.1	18300000	18400000	3.0
NC_088207.1	18400000	18500000	4.0
NC_088207.1	18500000	18600000	1.0
NC_088207.1	18700000	18800000	1.0
NC_088207.1	18600000	18700000	1.0
NC_088207.1	18800000	18900000	2.0
NC_088207.1	18900000	19000000	1.0
NC_088207.1	19000000	19100000	1.0
NC_088207.1	19100000	19200000	1.0
NC_088207.1	19200000	19300000	1.0
NC_088207.1	19300000	19400000	1.0
NC_088207.1	19400000	19500000	1.0
NC_088207.1	19500000	19600000	3.0
NC_088207.1	19600000	19700000	3.0
NC_088207.1	19700000	19800000	3.0
NC_088207.1	19800000	19900000	6.0
NC_088207.1	19900000	20000000	3.0
NC_088207.1	20000000	20100000	4.0
NC_088207.1	20100000	20200000	3.0
NC_088207.1	20200000	20300000	4.0
NC_088207.1	20300000	20400000	4.0
NC_088207.1	20400000	20500000	5.0
NC_088207.1	20500000	20600000	1.0
NC_088207.1	20600000	20700000	2.0
NC_088207.1	20700000	20800000	1.0
NC_088207.1	20800000	20900000	1.0
NC_088207.1	20900000	21000000	2.0
NC_088207.1	21000000	21100000	4.0
NC_088207.1	21100000	21200000	6.0
NC_088207.1	21200000	21300000	6.0
NC_088207.1	21300000	21400000	6.0
NC_088207.1	21400000	21500000	1.0
NC_088207.1	21500000	21600000	1.0
NC_088207.1	21600000	21700000	3.0
NC_088207.1	21700000	21800000	2.0
NC_088207.1	21900000	22000000	1.0
NC_088207.1	22000000	22100000	1.0
NC_088207.1	22100000	22200000	2.0
NC_088207.1	22200000	22300000	4.0
NC_088207.1	22300000	22400000	3.0
NC_088207.1	22400000	22500000	4.0
NC_088207.1	22600000	22700000	1.0
NC_088207.1	22500000	22600000	1.0
NC_088207.1	22700000	22800000	1.0
NC_088207.1	22800000	22900000	1.0
NC_088207.1	22900000	23000000	8.0
NC_088207.1	23000000	23100000	3.0
NC_088207.1	23100000	23200000	1.0
NC_088207.1	23200000	23300000	2.0
NC_088207.1	23300000	23400000	1.0
NC_088207.1	23400000	23500000	2.0
NC_088207.1	23500000	23600000	6.0
NC_088207.1	23600000	23700000	3.0
NC_088207.1	23700000	23800000	3.0
NC_088207.1	23800000	23900000	3.0
NC_088207.1	23900000	24000000	4.0
NC_088207.1	24000000	24100000	2.0
NC_088207.1	24300000	24400000	1.0
NC_088207.1	24600000	24700000	1.0
NC_088207.1	24700000	24800000	3.0
NC_088207.1	24800000	24900000	4.0
NC_088207.1	24900000	25000000	1.0
NC_088207.1	25000000	25100000	5.0
NC_088207.1	25100000	25200000	4.0
NC_088207.1	25200000	25300000	3.0
NC_088207.1	25300000	25400000	2.0
NC_088207.1	25400000	25500000	5.0
NC_088207.1	25500000	25600000	4.0
NC_088207.1	25700000	25800000	4.0
NC_088207.1	25800000	25900000	5.0
NC_088207.1	25900000	26000000	2.0
NC_088207.1	26000000	26100000	4.0
NC_088207.1	26100000	26200000	6.0
NC_088207.1	26200000	26300000	4.0
NC_088207.1	26300000	26400000	5.0
NC_088207.1	26400000	26500000	2.0
NC_088207.1	26500000	26600000	4.0
NC_088207.1	26900000	27000000	1.0
NC_088207.1	27000000	27100000	4.0
NC_088207.1	27300000	27400000	5.0
NC_088207.1	27400000	27500000	2.0
NC_088207.1	27500000	27600000	1.0
NC_088207.1	27700000	27800000	1.0
NC_088207.1	27600000	27700000	1.0
NC_088207.1	27900000	28000000	2.0
NC_088207.1	28100000	28200000	6.0
NC_088207.1	28200000	28300000	2.0
NC_088207.1	28400000	28500000	1.0
NC_088207.1	28500000	28600000	6.0
NC_088207.1	28600000	28700000	1.0
NC_088207.1	28700000	28800000	1.0
NC_088207.1	28800000	28900000	1.0
NC_088207.1	28900000	29000000	1.0
NC_088207.1	29000000	29100000	3.0
NC_088207.1	29100000	29200000	1.0
NC_088207.1	29200000	29300000	3.0
NC_088207.1	29300000	29400000	12.0
NC_088207.1	29400000	29500000	9.0
NC_088207.1	29500000	29600000	8.0
NC_088207.1	29600000	29700000	5.0
NC_088207.1	29700000	29800000	2.0
NC_088207.1	29800000	29900000	2.0
NC_088207.1	29900000	30000000	4.0
NC_088207.1	30000000	30100000	3.0
NC_088207.1	30100000	30200000	1.0
NC_088207.1	30300000	30400000	2.0
NC_088207.1	30400000	30500000	7.0
NC_088207.1	30500000	30600000	4.0
NC_088207.1	30600000	30700000	8.0
NC_088207.1	30700000	30800000	3.0
NC_088207.1	30900000	31000000	2.0
NC_088207.1	31000000	31100000	2.0
NC_088207.1	31100000	31200000	5.0
NC_088207.1	31200000	31300000	9.0
NC_088207.1	31300000	31400000	5.0
NC_088207.1	31400000	31500000	3.0
NC_088207.1	31500000	31600000	4.0
NC_088207.1	31600000	31700000	10.0
NC_088207.1	31700000	31800000	3.0
NC_088207.1	31800000	31900000	5.0
NC_088207.1	31900000	32000000	5.0
NC_088207.1	32000000	32100000	1.0
NC_088207.1	32100000	32200000	2.0
NC_088207.1	32300000	32400000	1.0
NC_088207.1	32400000	32500000	5.0
NC_088207.1	32500000	32600000	6.0
NC_088207.1	32600000	32700000	1.0
NC_088207.1	32700000	32800000	2.0
NC_088207.1	32800000	32900000	4.0
NC_088207.1	32900000	33000000	2.0
NC_088207.1	33000000	33100000	2.0
NC_088207.1	33100000	33200000	2.0
NC_088207.1	33200000	33300000	7.0
NC_088207.1	33300000	33400000	6.0
NC_088207.1	33400000	33500000	7.0
NC_088207.1	33500000	33600000	1.0
NC_088207.1	34000000	34100000	1.0
NC_088207.1	34200000	34300000	2.0
NC_088207.1	34300000	34400000	2.0
NC_088207.1	34400000	34500000	1.0
NC_088207.1	34500000	34600000	1.0
NC_088207.1	34700000	34800000	2.0
NC_088207.1	34800000	34900000	5.0
NC_088207.1	34900000	35000000	5.0
NC_088207.1	35000000	35100000	3.0
NC_088207.1	35200000	35300000	4.0
NC_088207.1	35300000	35400000	2.0
NC_088207.1	35500000	35600000	1.0
NC_088207.1	35800000	35900000	1.0
NC_088207.1	35900000	36000000	1.0
NC_088207.1	36000000	36100000	7.0
NC_088207.1	36100000	36200000	3.0
NC_088207.1	36200000	36300000	1.0
NC_088207.1	36400000	36500000	4.0
NC_088207.1	36500000	36600000	1.0
NC_088207.1	36600000	36700000	1.0
NC_088207.1	36700000	36800000	3.0
NC_088207.1	36800000	36900000	8.0
NC_088207.1	36900000	37000000	7.0
NC_088207.1	37000000	37100000	7.0
NC_088207.1	37100000	37200000	2.0
NC_088207.1	37200000	37300000	2.0
NC_088207.1	37300000	37400000	6.0
NC_088207.1	37400000	37500000	3.0
NC_088207.1	37500000	37600000	3.0
NC_088207.1	37600000	37700000	12.0
NC_088207.1	37700000	37800000	7.0
NC_088207.1	37800000	37900000	5.0
NC_088207.1	37900000	38000000	5.0
NC_088207.1	38000000	38100000	7.0
NC_088207.1	38100000	38200000	5.0
NC_088207.1	38200000	38300000	7.0
NC_088207.1	38300000	38400000	5.0
NC_088207.1	38400000	38500000	5.0
NC_088207.1	38500000	38600000	4.0
NC_088207.1	38600000	38700000	6.0
NC_088207.1	38700000	38800000	5.0
NC_088207.1	39000000	39100000	1.0
NC_088207.1	39100000	39200000	1.0
NC_088207.1	39200000	39300000	1.0
NC_088207.1	39300000	39400000	7.0
NC_088207.1	39400000	39500000	10.0
NC_088207.1	39500000	39600000	4.0
NC_088207.1	39600000	39700000	5.0
NC_088207.1	39700000	39800000	8.0
NC_088207.1	39800000	39900000	4.0
NC_088207.1	39900000	40000000	6.0
NC_088207.1	40000000	40100000	3.0
NC_088207.1	40100000	40200000	1.0
NC_088207.1	40300000	40400000	1.0
NC_088207.1	40400000	40500000	2.0
NC_088207.1	40500000	40600000	1.0
NC_088207.1	40600000	40700000	4.0
NC_088207.1	40700000	40800000	3.0
NC_088207.1	40800000	40900000	3.0
NC_088207.1	40900000	41000000	3.0
NC_088207.1	41000000	41100000	3.0
NC_088207.1	41200000	41300000	4.0
NC_088207.1	41400000	41500000	2.0
NC_088207.1	41500000	41600000	1.0
NC_088207.1	41600000	41700000	1.0
NC_088207.1	41800000	41900000	1.0
NC_088207.1	41700000	41800000	1.0
NC_088207.1	41900000	42000000	2.0
NC_088207.1	42000000	42100000	3.0
NC_088207.1	42100000	42200000	7.0
NC_088207.1	42400000	42500000	2.0
NC_088207.1	42600000	42700000	3.0
NC_088207.1	42700000	42800000	7.0
NC_088207.1	42800000	42900000	1.0
NC_088207.1	42900000	43000000	2.0
NC_088207.1	43000000	43100000	5.0
NC_088207.1	43100000	43200000	2.0
NC_088207.1	43200000	43300000	8.0
NC_088207.1	43300000	43400000	2.0
NC_088207.1	43400000	43500000	4.0
NC_088207.1	43500000	43600000	6.0
NC_088207.1	43600000	43700000	6.0
NC_088207.1	43700000	43800000	5.0
NC_088207.1	43800000	43900000	5.0
NC_088207.1	44000000	44100000	1.0
NC_088207.1	44100000	44200000	3.0
NC_088207.1	44200000	44300000	7.0
NC_088207.1	44300000	44400000	7.0
NC_088207.1	44400000	44500000	2.0
NC_088207.1	44500000	44600000	7.0
NC_088207.1	44600000	44700000	12.0
NC_088207.1	44700000	44800000	9.0
NC_088207.1	44800000	44900000	9.0
NC_088207.1	45000000	45100000	1.0
NC_088207.1	45200000	45300000	1.0
NC_088207.1	45300000	45400000	6.0
NC_088207.1	45400000	45500000	2.0
NC_088207.1	45500000	45600000	1.0
NC_088207.1	45600000	45700000	3.0
NC_088207.1	45700000	45800000	7.0
NC_088207.1	45800000	45900000	5.0
NC_088207.1	45900000	46000000	10.0
NC_088207.1	46000000	46100000	5.0
NC_088207.1	46100000	46200000	8.0
NC_088207.1	46200000	46300000	6.0
NC_088207.1	46400000	46500000	5.0
NC_088207.1	46500000	46600000	3.0
NC_088207.1	46600000	46700000	2.0
NC_088207.1	46800000	46900000	1.0
NC_088207.1	46700000	46800000	1.0
NC_088207.1	46900000	47000000	3.0
NC_088207.1	47000000	47100000	2.0
NC_088207.1	47100000	47200000	8.0
NC_088207.1	47200000	47300000	4.0
NC_088207.1	47300000	47400000	4.0
NC_088207.1	47400000	47500000	3.0
NC_088207.1	47500000	47600000	4.0
NC_088207.1	47600000	47700000	2.0
NC_088207.1	47700000	47800000	1.0
NC_088207.1	47800000	47900000	2.0
NC_088207.1	47900000	48000000	1.0
NC_088207.1	48000000	48100000	5.0
NC_088207.1	48100000	48200000	5.0
NC_088207.1	48200000	48300000	3.0
NC_088207.1	48300000	48400000	8.0
NC_088207.1	48400000	48500000	7.0
NC_088207.1	48500000	48600000	1.0
NC_088207.1	48600000	48700000	3.0
NC_088207.1	48700000	48800000	5.0
NC_088207.1	48800000	48900000	4.0
NC_088207.1	48900000	49000000	6.0
NC_088207.1	49000000	49100000	8.0
NC_088207.1	49100000	49200000	4.0
NC_088207.1	49200000	49300000	3.0
NC_088207.1	49300000	49400000	9.0
NC_088207.1	49400000	49500000	3.0
NC_088207.1	49500000	49600000	8.0
NC_088207.1	49600000	49700000	8.0
NC_088207.1	49700000	49800000	9.0
NC_088207.1	49800000	49900000	9.0
NC_088207.1	49900000	50000000	6.0
NC_088207.1	50000000	50100000	4.0
NC_088207.1	50100000	50200000	3.0
NC_088207.1	50200000	50300000	6.0
NC_088207.1	50300000	50400000	3.0
NC_088207.1	50400000	50500000	6.0
NC_088207.1	50500000	50600000	2.0
NC_088207.1	50600000	50700000	5.0
NC_088207.1	50700000	50800000	3.0
NC_088207.1	50800000	50900000	1.0
NC_088207.1	50900000	51000000	8.0
NC_088207.1	51000000	51100000	10.0
NC_088207.1	51100000	51200000	4.0
NC_088207.1	51200000	51300000	4.0
NC_088207.1	51300000	51400000	1.0
NC_088207.1	51400000	51500000	1.0
NC_088207.1	51500000	51600000	1.0
NC_088207.1	51600000	51700000	6.0
NC_088207.1	51700000	51800000	8.0
NC_088207.1	51800000	51900000	9.0
NC_088207.1	51900000	52000000	12.0
NC_088207.1	52000000	52100000	6.0
NC_088207.1	52100000	52200000	9.0
NC_088207.1	52200000	52300000	4.0
NC_088207.1	52300000	52400000	3.0
NC_088207.1	52400000	52500000	4.0
NC_088207.1	52500000	52600000	3.0
NC_088207.1	52700000	52800000	1.0
NC_088207.1	52800000	52900000	3.0
NC_088207.1	52900000	53000000	3.0
NC_088207.1	53000000	53100000	2.0
NC_088207.1	53100000	53200000	11.0
NC_088207.1	53200000	53300000	11.0
NC_088207.1	53300000	53400000	4.0
NC_088207.1	53400000	53500000	5.0
NC_088207.1	53500000	53600000	8.0
NC_088207.1	53600000	53700000	2.0
NC_088207.1	53800000	53900000	4.0
NC_088207.1	53900000	54000000	6.0
NC_088207.1	54000000	54100000	5.0
NC_088207.1	54100000	54200000	4.0
NC_088207.1	54200000	54300000	4.0
NC_088207.1	54300000	54400000	2.0
NC_088207.1	54400000	54500000	2.0
NC_088207.1	54600000	54700000	5.0
NC_088207.1	54700000	54800000	5.0
NC_088207.1	54800000	54900000	1.0
NC_088207.1	54900000	55000000	7.0
NC_088207.1	55000000	55100000	6.0
NC_088207.1	55100000	55200000	8.0
NC_088207.1	55200000	55300000	3.0
NC_088207.1	55300000	55400000	3.0
NC_088207.1	55500000	55600000	4.0
NC_088207.1	55400000	55500000	2.0
NC_088207.1	55600000	55700000	1.0
NC_088207.1	55700000	55800000	2.0
NC_088207.1	55800000	55900000	2.0
NC_088207.1	55900000	56000000	12.0
NC_088207.1	56000000	56100000	9.0
NC_088207.1	56100000	56200000	9.0
NC_088207.1	56200000	56300000	6.0
NC_088207.1	56300000	56400000	10.0
NC_088207.1	56400000	56500000	4.0
NC_088207.1	56500000	56600000	2.0
NC_088207.1	56700000	56800000	3.0
NC_088207.1	56800000	56900000	4.0
NC_088207.1	56900000	57000000	4.0
NC_088207.1	57000000	57100000	4.0
NC_088207.1	57100000	57200000	3.0
NC_088207.1	57200000	57300000	2.0
NC_088207.1	57300000	57400000	2.0
NC_088207.1	57400000	57500000	4.0
NC_088207.1	57500000	57600000	4.0
NC_088207.1	57600000	57700000	4.0
NC_088207.1	57700000	57800000	3.0
NC_088207.1	57800000	57900000	8.0
NC_088207.1	57900000	58000000	1.0
NC_088207.1	58000000	58100000	1.0
NC_088207.1	58100000	58200000	2.0
NC_088207.1	58300000	58400000	2.0
NC_088207.1	58200000	58300000	1.0
NC_088207.1	58400000	58500000	2.0
NC_088207.1	58500000	58600000	1.0
NC_088207.1	58600000	58700000	6.0
NC_088207.1	58700000	58800000	5.0
NC_088207.1	58800000	58900000	2.0
NC_088207.1	58900000	59000000	2.0
NC_088207.1	59000000	59100000	11.0
NC_088207.1	59100000	59200000	6.0
NC_088207.1	59200000	59300000	3.0
NC_088207.1	59300000	59400000	2.0
NC_088207.1	59400000	59500000	2.0
NC_088207.1	59500000	59509462	1.0
NC_088208.1	0	100000	3.0
NC_088208.1	100000	200000	1.0
NC_088208.1	300000	400000	1.0
NC_088208.1	400000	500000	2.0
NC_088208.1	500000	600000	1.0
NC_088208.1	600000	700000	2.0
NC_088208.1	700000	800000	1.0
NC_088208.1	800000	900000	1.0
NC_088208.1	900000	1000000	1.0
NC_088208.1	1000000	1100000	1.0
NC_088208.1	1300000	1400000	1.0
NC_088208.1	1500000	1600000	1.0
NC_088208.1	1600000	1700000	1.0
NC_088208.1	1800000	1900000	1.0
NC_088208.1	1900000	2000000	1.0
NC_088208.1	2000000	2100000	1.0
NC_088208.1	2100000	2200000	3.0
NC_088208.1	2200000	2300000	2.0
NC_088208.1	2300000	2400000	1.0
NC_088208.1	2400000	2500000	3.0
NC_088208.1	2500000	2600000	1.0
NC_088208.1	2600000	2700000	1.0
NC_088208.1	2700000	2800000	4.0
NC_088208.1	2800000	2900000	4.0
NC_088208.1	2900000	3000000	3.0
NC_088208.1	3000000	3100000	1.0
NC_088208.1	3200000	3300000	2.0
NC_088208.1	3300000	3400000	2.0
NC_088208.1	3500000	3600000	2.0
NC_088208.1	3600000	3700000	2.0
NC_088208.1	3700000	3800000	4.0
NC_088208.1	3800000	3900000	1.0
NC_088208.1	4000000	4100000	2.0
NC_088208.1	3900000	4000000	1.0
NC_088208.1	4100000	4200000	4.0
NC_088208.1	4200000	4300000	5.0
NC_088208.1	4300000	4400000	1.0
NC_088208.1	4400000	4500000	2.0
NC_088208.1	4500000	4600000	1.0
NC_088208.1	4700000	4800000	2.0
NC_088208.1	4800000	4900000	2.0
NC_088208.1	4900000	5000000	1.0
NC_088208.1	5000000	5100000	5.0
NC_088208.1	5100000	5200000	1.0
NC_088208.1	5200000	5300000	1.0
NC_088208.1	5500000	5600000	2.0
NC_088208.1	5600000	5700000	1.0
NC_088208.1	5700000	5800000	2.0
NC_088208.1	5800000	5900000	1.0
NC_088208.1	5900000	6000000	2.0
NC_088208.1	6000000	6100000	4.0
NC_088208.1	6100000	6200000	6.0
NC_088208.1	6200000	6300000	3.0
NC_088208.1	6300000	6400000	2.0
NC_088208.1	6500000	6600000	2.0
NC_088208.1	6600000	6700000	2.0
NC_088208.1	6700000	6800000	1.0
NC_088208.1	6900000	7000000	2.0
NC_088208.1	7000000	7100000	3.0
NC_088208.1	7100000	7200000	3.0
NC_088208.1	7300000	7400000	3.0
NC_088208.1	7400000	7500000	2.0
NC_088208.1	7500000	7600000	3.0
NC_088208.1	7600000	7700000	2.0
NC_088208.1	7800000	7900000	1.0
NC_088208.1	7900000	8000000	1.0
NC_088208.1	8000000	8100000	1.0
NC_088208.1	8100000	8200000	1.0
NC_088208.1	8300000	8400000	1.0
NC_088208.1	8400000	8500000	2.0
NC_088208.1	8500000	8600000	1.0
NC_088208.1	8600000	8700000	1.0
NC_088208.1	8800000	8900000	3.0
NC_088208.1	8900000	9000000	1.0
NC_088208.1	9000000	9100000	2.0
NC_088208.1	9100000	9200000	2.0
NC_088208.1	9200000	9300000	1.0
NC_088208.1	9500000	9600000	2.0
NC_088208.1	9700000	9800000	1.0
NC_088208.1	9800000	9900000	2.0
NC_088208.1	9900000	10000000	1.0
NC_088208.1	10000000	10100000	2.0
NC_088208.1	10100000	10200000	4.0
NC_088208.1	10200000	10300000	4.0
NC_088208.1	10300000	10400000	1.0
NC_088208.1	10400000	10500000	1.0
NC_088208.1	10500000	10600000	1.0
NC_088208.1	10700000	10800000	3.0
NC_088208.1	10800000	10900000	2.0
NC_088208.1	10900000	11000000	3.0
NC_088208.1	11000000	11100000	2.0
NC_088208.1	11200000	11300000	1.0
NC_088208.1	11400000	11500000	3.0
NC_088208.1	11500000	11600000	3.0
NC_088208.1	11700000	11800000	2.0
NC_088208.1	11800000	11900000	1.0
NC_088208.1	11900000	12000000	3.0
NC_088208.1	12000000	12100000	1.0
NC_088208.1	12100000	12200000	3.0
NC_088208.1	12200000	12300000	1.0
NC_088208.1	12400000	12500000	6.0
NC_088208.1	12500000	12600000	1.0
NC_088208.1	12600000	12700000	2.0
NC_088208.1	12700000	12800000	3.0
NC_088208.1	12800000	12900000	2.0
NC_088208.1	12900000	13000000	1.0
NC_088208.1	13000000	13100000	1.0
NC_088208.1	13100000	13200000	2.0
NC_088208.1	13200000	13300000	2.0
NC_088208.1	13300000	13400000	4.0
NC_088208.1	13500000	13600000	3.0
NC_088208.1	13600000	13700000	3.0
NC_088208.1	13700000	13800000	2.0
NC_088208.1	13800000	13900000	1.0
NC_088208.1	13900000	14000000	5.0
NC_088208.1	14000000	14100000	1.0
NC_088208.1	14200000	14300000	2.0
NC_088208.1	14300000	14400000	4.0
NC_088208.1	14400000	14500000	4.0
NC_088208.1	14500000	14600000	2.0
NC_088208.1	14600000	14700000	2.0
NC_088208.1	14700000	14800000	3.0
NC_088208.1	14800000	14900000	5.0
NC_088208.1	14900000	15000000	2.0
NC_088208.1	15000000	15100000	1.0
NC_088208.1	15100000	15200000	1.0
NC_088208.1	15200000	15300000	3.0
NC_088208.1	15300000	15400000	4.0
NC_088208.1	15400000	15500000	5.0
NC_088208.1	15500000	15600000	3.0
NC_088208.1	15700000	15800000	1.0
NC_088208.1	15800000	15900000	1.0
NC_088208.1	15900000	16000000	3.0
NC_088208.1	16000000	16100000	1.0
NC_088208.1	16100000	16200000	1.0
NC_088208.1	16200000	16300000	2.0
NC_088208.1	16400000	16500000	1.0
NC_088208.1	16500000	16600000	3.0
NC_088208.1	16600000	16700000	2.0
NC_088208.1	16700000	16800000	4.0
NC_088208.1	16800000	16900000	3.0
NC_088208.1	16900000	17000000	7.0
NC_088208.1	17000000	17100000	2.0
NC_088208.1	17100000	17200000	7.0
NC_088208.1	17200000	17300000	3.0
NC_088208.1	17300000	17400000	4.0
NC_088208.1	17400000	17500000	1.0
NC_088208.1	17500000	17600000	4.0
NC_088208.1	17600000	17700000	1.0
NC_088208.1	17700000	17800000	1.0
NC_088208.1	17800000	17900000	5.0
NC_088208.1	17900000	18000000	4.0
NC_088208.1	18000000	18100000	3.0
NC_088208.1	18100000	18200000	4.0
NC_088208.1	18200000	18300000	4.0
NC_088208.1	18300000	18400000	4.0
NC_088208.1	18400000	18500000	5.0
NC_088208.1	18500000	18600000	5.0
NC_088208.1	18600000	18700000	1.0
NC_088208.1	18800000	18900000	1.0
NC_088208.1	18700000	18800000	2.0
NC_088208.1	18900000	19000000	2.0
NC_088208.1	19000000	19100000	3.0
NC_088208.1	19100000	19200000	4.0
NC_088208.1	19200000	19300000	3.0
NC_088208.1	19300000	19400000	6.0
NC_088208.1	19400000	19500000	4.0
NC_088208.1	19500000	19600000	4.0
NC_088208.1	19600000	19700000	4.0
NC_088208.1	19700000	19800000	2.0
NC_088208.1	19800000	19900000	3.0
NC_088208.1	19900000	20000000	9.0
NC_088208.1	20200000	20300000	1.0
NC_088208.1	20300000	20400000	5.0
NC_088208.1	20400000	20500000	4.0
NC_088208.1	20500000	20600000	2.0
NC_088208.1	20600000	20700000	1.0
NC_088208.1	20700000	20800000	4.0
NC_088208.1	20800000	20900000	2.0
NC_088208.1	20900000	21000000	2.0
NC_088208.1	21000000	21100000	5.0
NC_088208.1	21100000	21200000	4.0
NC_088208.1	21200000	21300000	1.0
NC_088208.1	21300000	21400000	3.0
NC_088208.1	21400000	21500000	6.0
NC_088208.1	21500000	21600000	3.0
NC_088208.1	21600000	21700000	8.0
NC_088208.1	21700000	21800000	3.0
NC_088208.1	21800000	21900000	2.0
NC_088208.1	21900000	22000000	4.0
NC_088208.1	22000000	22100000	2.0
NC_088208.1	22100000	22200000	3.0
NC_088208.1	22200000	22300000	6.0
NC_088208.1	22300000	22400000	6.0
NC_088208.1	22400000	22500000	4.0
NC_088208.1	22500000	22600000	5.0
NC_088208.1	22600000	22700000	7.0
NC_088208.1	22700000	22800000	1.0
NC_088208.1	22900000	23000000	1.0
NC_088208.1	23100000	23200000	3.0
NC_088208.1	23200000	23300000	4.0
NC_088208.1	23300000	23400000	3.0
NC_088208.1	23400000	23500000	4.0
NC_088208.1	23500000	23600000	1.0
NC_088208.1	23600000	23700000	2.0
NC_088208.1	23700000	23800000	3.0
NC_088208.1	23900000	24000000	1.0
NC_088208.1	24100000	24200000	1.0
NC_088208.1	24300000	24400000	1.0
NC_088208.1	24400000	24500000	2.0
NC_088208.1	24500000	24600000	2.0
NC_088208.1	24600000	24700000	4.0
NC_088208.1	24700000	24800000	8.0
NC_088208.1	24900000	25000000	1.0
NC_088208.1	25100000	25200000	1.0
NC_088208.1	25200000	25300000	5.0
NC_088208.1	25300000	25400000	3.0
NC_088208.1	25400000	25500000	1.0
NC_088208.1	25500000	25600000	1.0
NC_088208.1	25600000	25700000	2.0
NC_088208.1	25700000	25800000	2.0
NC_088208.1	25800000	25900000	3.0
NC_088208.1	25900000	26000000	4.0
NC_088208.1	26000000	26100000	1.0
NC_088208.1	26200000	26300000	1.0
NC_088208.1	26500000	26600000	3.0
NC_088208.1	26600000	26700000	2.0
NC_088208.1	26800000	26900000	1.0
NC_088208.1	26700000	26800000	2.0
NC_088208.1	26900000	27000000	4.0
NC_088208.1	27000000	27100000	14.0
NC_088208.1	27100000	27200000	11.0
NC_088208.1	27200000	27300000	5.0
NC_088208.1	27300000	27400000	9.0
NC_088208.1	27400000	27500000	1.0
NC_088208.1	27500000	27600000	2.0
NC_088208.1	27700000	27800000	2.0
NC_088208.1	27800000	27900000	2.0
NC_088208.1	27900000	28000000	5.0
NC_088208.1	28000000	28100000	2.0
NC_088208.1	28100000	28200000	1.0
NC_088208.1	28200000	28300000	1.0
NC_088208.1	28300000	28400000	11.0
NC_088208.1	28400000	28500000	6.0
NC_088208.1	28500000	28600000	1.0
NC_088208.1	28600000	28700000	6.0
NC_088208.1	28700000	28800000	4.0
NC_088208.1	28800000	28900000	7.0
NC_088208.1	28900000	29000000	12.0
NC_088208.1	29000000	29100000	2.0
NC_088208.1	29100000	29200000	1.0
NC_088208.1	29300000	29400000	1.0
NC_088208.1	29500000	29600000	10.0
NC_088208.1	29600000	29700000	5.0
NC_088208.1	29700000	29800000	3.0
NC_088208.1	29800000	29900000	1.0
NC_088208.1	29900000	30000000	3.0
NC_088208.1	30000000	30100000	7.0
NC_088208.1	30200000	30300000	3.0
NC_088208.1	30400000	30500000	8.0
NC_088208.1	30500000	30600000	1.0
NC_088208.1	30600000	30700000	4.0
NC_088208.1	30700000	30800000	6.0
NC_088208.1	30800000	30900000	8.0
NC_088208.1	30900000	31000000	5.0
NC_088208.1	31000000	31100000	12.0
NC_088208.1	31100000	31200000	8.0
NC_088208.1	31200000	31300000	7.0
NC_088208.1	31300000	31400000	12.0
NC_088208.1	31400000	31500000	7.0
NC_088208.1	31500000	31600000	11.0
NC_088208.1	31700000	31800000	1.0
NC_088208.1	31800000	31900000	3.0
NC_088208.1	31900000	32000000	7.0
NC_088208.1	32000000	32100000	4.0
NC_088208.1	32100000	32200000	4.0
NC_088208.1	32300000	32400000	1.0
NC_088208.1	32700000	32800000	1.0
NC_088208.1	32800000	32900000	3.0
NC_088208.1	32900000	33000000	9.0
NC_088208.1	33000000	33100000	5.0
NC_088208.1	33100000	33200000	1.0
NC_088208.1	33200000	33300000	2.0
NC_088208.1	33300000	33400000	7.0
NC_088208.1	33400000	33500000	1.0
NC_088208.1	33500000	33600000	3.0
NC_088208.1	33600000	33700000	1.0
NC_088208.1	33700000	33800000	6.0
NC_088208.1	33900000	34000000	1.0
NC_088208.1	34200000	34300000	9.0
NC_088208.1	34300000	34400000	14.0
NC_088208.1	34400000	34500000	10.0
NC_088208.1	34500000	34600000	9.0
NC_088208.1	34600000	34700000	10.0
NC_088208.1	34700000	34800000	10.0
NC_088208.1	34800000	34900000	4.0
NC_088208.1	34900000	35000000	6.0
NC_088208.1	35100000	35200000	1.0
NC_088208.1	35000000	35100000	4.0
NC_088208.1	35200000	35300000	1.0
NC_088208.1	35300000	35400000	4.0
NC_088208.1	35400000	35500000	1.0
NC_088208.1	35500000	35600000	14.0
NC_088208.1	35600000	35700000	9.0
NC_088208.1	35700000	35800000	2.0
NC_088208.1	35800000	35900000	4.0
NC_088208.1	35900000	36000000	1.0
NC_088208.1	36000000	36100000	1.0
NC_088208.1	36100000	36200000	6.0
NC_088208.1	36200000	36300000	13.0
NC_088208.1	36300000	36400000	1.0
NC_088208.1	36400000	36500000	2.0
NC_088208.1	36500000	36600000	9.0
NC_088208.1	36600000	36700000	5.0
NC_088208.1	36700000	36800000	9.0
NC_088208.1	36800000	36900000	6.0
NC_088208.1	36900000	37000000	10.0
NC_088208.1	37000000	37100000	1.0
NC_088208.1	37100000	37200000	2.0
NC_088208.1	37200000	37300000	1.0
NC_088208.1	37300000	37400000	10.0
NC_088208.1	37400000	37500000	2.0
NC_088208.1	37500000	37600000	7.0
NC_088208.1	37600000	37700000	9.0
NC_088208.1	37700000	37800000	6.0
NC_088208.1	37800000	37900000	13.0
NC_088208.1	37900000	38000000	6.0
NC_088208.1	38000000	38100000	8.0
NC_088208.1	38200000	38300000	3.0
NC_088208.1	38100000	38200000	1.0
NC_088208.1	38300000	38400000	3.0
NC_088208.1	38400000	38500000	9.0
NC_088208.1	38500000	38600000	6.0
NC_088208.1	38600000	38700000	4.0
NC_088208.1	38700000	38800000	5.0
NC_088208.1	38800000	38900000	2.0
NC_088208.1	38900000	39000000	4.0
NC_088208.1	39000000	39100000	7.0
NC_088208.1	39100000	39200000	3.0
NC_088208.1	39300000	39400000	1.0
NC_088208.1	39400000	39500000	6.0
NC_088208.1	39500000	39600000	8.0
NC_088208.1	39600000	39700000	3.0
NC_088208.1	39700000	39800000	8.0
NC_088208.1	39800000	39900000	10.0
NC_088208.1	39900000	40000000	2.0
NC_088208.1	40000000	40100000	6.0
NC_088208.1	40100000	40200000	11.0
NC_088208.1	40200000	40300000	6.0
NC_088208.1	40300000	40400000	6.0
NC_088208.1	40400000	40500000	3.0
NC_088208.1	40500000	40600000	9.0
NC_088208.1	40600000	40700000	1.0
NC_088208.1	40700000	40800000	2.0
NC_088208.1	40800000	40900000	8.0
NC_088208.1	40900000	41000000	6.0
NC_088208.1	41000000	41100000	7.0
NC_088208.1	41100000	41200000	8.0
NC_088208.1	41200000	41300000	10.0
NC_088208.1	41300000	41400000	9.0
NC_088208.1	41400000	41500000	10.0
NC_088208.1	41500000	41600000	7.0
NC_088208.1	41600000	41700000	8.0
NC_088208.1	41700000	41800000	7.0
NC_088208.1	41800000	41900000	3.0
NC_088208.1	41900000	42000000	2.0
NC_088208.1	42000000	42043587	1.0
NC_088209.1	0	100000	2.0
NC_088209.1	100000	200000	3.0
NC_088209.1	200000	300000	1.0
NC_088209.1	400000	500000	5.0
NC_088209.1	500000	600000	2.0
NC_088209.1	600000	700000	1.0
NC_088209.1	700000	800000	2.0
NC_088209.1	800000	900000	1.0
NC_088209.1	900000	1000000	2.0
NC_088209.1	1200000	1300000	1.0
NC_088209.1	1300000	1400000	1.0
NC_088209.1	1400000	1500000	1.0
NC_088209.1	1500000	1600000	2.0
NC_088209.1	1600000	1700000	1.0
NC_088209.1	1700000	1800000	3.0
NC_088209.1	1800000	1900000	2.0
NC_088209.1	2100000	2200000	2.0
NC_088209.1	2200000	2300000	2.0
NC_088209.1	2300000	2400000	1.0
NC_088209.1	2400000	2500000	2.0
NC_088209.1	2500000	2600000	2.0
NC_088209.1	2600000	2700000	1.0
NC_088209.1	2800000	2900000	1.0
NC_088209.1	2900000	3000000	2.0
NC_088209.1	3000000	3100000	3.0
NC_088209.1	3100000	3200000	1.0
NC_088209.1	3200000	3300000	2.0
NC_088209.1	3300000	3400000	3.0
NC_088209.1	3400000	3500000	1.0
NC_088209.1	3500000	3600000	4.0
NC_088209.1	3600000	3700000	1.0
NC_088209.1	3700000	3800000	5.0
NC_088209.1	3800000	3900000	2.0
NC_088209.1	3900000	4000000	2.0
NC_088209.1	4000000	4100000	1.0
NC_088209.1	4100000	4200000	1.0
NC_088209.1	4200000	4300000	1.0
NC_088209.1	4400000	4500000	1.0
NC_088209.1	4500000	4600000	2.0
NC_088209.1	4600000	4700000	2.0
NC_088209.1	4700000	4800000	2.0
NC_088209.1	4800000	4900000	3.0
NC_088209.1	4900000	5000000	2.0
NC_088209.1	5000000	5100000	2.0
NC_088209.1	5100000	5200000	1.0
NC_088209.1	5300000	5400000	1.0
NC_088209.1	5400000	5500000	2.0
NC_088209.1	5500000	5600000	1.0
NC_088209.1	5600000	5700000	1.0
NC_088209.1	5700000	5800000	1.0
NC_088209.1	5800000	5900000	2.0
NC_088209.1	5900000	6000000	1.0
NC_088209.1	6200000	6300000	2.0
NC_088209.1	6500000	6600000	1.0
NC_088209.1	6600000	6700000	1.0
NC_088209.1	6900000	7000000	1.0
NC_088209.1	6700000	6800000	2.0
NC_088209.1	7200000	7300000	1.0
NC_088209.1	7300000	7400000	1.0
NC_088209.1	7500000	7600000	2.0
NC_088209.1	7600000	7700000	1.0
NC_088209.1	7700000	7800000	1.0
NC_088209.1	7800000	7900000	3.0
NC_088209.1	7900000	8000000	1.0
NC_088209.1	8000000	8100000	2.0
NC_088209.1	8100000	8200000	4.0
NC_088209.1	8400000	8500000	2.0
NC_088209.1	8500000	8600000	3.0
NC_088209.1	8600000	8700000	2.0
NC_088209.1	8700000	8800000	5.0
NC_088209.1	8800000	8900000	5.0
NC_088209.1	8900000	9000000	3.0
NC_088209.1	9000000	9100000	2.0
NC_088209.1	9100000	9200000	2.0
NC_088209.1	9300000	9400000	1.0
NC_088209.1	9500000	9600000	1.0
NC_088209.1	9600000	9700000	2.0
NC_088209.1	9900000	10000000	3.0
NC_088209.1	10000000	10100000	1.0
NC_088209.1	10200000	10300000	1.0
NC_088209.1	10300000	10400000	2.0
NC_088209.1	10400000	10500000	1.0
NC_088209.1	10500000	10600000	3.0
NC_088209.1	10600000	10700000	1.0
NC_088209.1	10700000	10800000	2.0
NC_088209.1	10800000	10900000	2.0
NC_088209.1	10900000	11000000	4.0
NC_088209.1	11100000	11200000	1.0
NC_088209.1	11200000	11300000	1.0
NC_088209.1	11400000	11500000	1.0
NC_088209.1	11500000	11600000	2.0
NC_088209.1	11700000	11800000	3.0
NC_088209.1	11900000	12000000	3.0
NC_088209.1	12000000	12100000	6.0
NC_088209.1	12100000	12200000	2.0
NC_088209.1	12200000	12300000	2.0
NC_088209.1	12300000	12400000	4.0
NC_088209.1	12400000	12500000	3.0
NC_088209.1	12500000	12600000	4.0
NC_088209.1	12600000	12700000	4.0
NC_088209.1	12700000	12800000	2.0
NC_088209.1	12800000	12900000	1.0
NC_088209.1	13000000	13100000	5.0
NC_088209.1	13100000	13200000	7.0
NC_088209.1	13200000	13300000	2.0
NC_088209.1	13300000	13400000	4.0
NC_088209.1	13400000	13500000	6.0
NC_088209.1	13500000	13600000	3.0
NC_088209.1	13600000	13700000	1.0
NC_088209.1	13700000	13800000	2.0
NC_088209.1	13800000	13900000	1.0
NC_088209.1	13900000	14000000	1.0
NC_088209.1	14000000	14100000	3.0
NC_088209.1	14100000	14200000	1.0
NC_088209.1	14200000	14300000	1.0
NC_088209.1	14300000	14400000	2.0
NC_088209.1	14400000	14500000	4.0
NC_088209.1	14500000	14600000	3.0
NC_088209.1	14600000	14700000	2.0
NC_088209.1	14700000	14800000	2.0
NC_088209.1	14800000	14900000	2.0
NC_088209.1	14900000	15000000	2.0
NC_088209.1	15000000	15100000	2.0
NC_088209.1	15100000	15200000	5.0
NC_088209.1	15200000	15300000	3.0
NC_088209.1	15300000	15400000	2.0
NC_088209.1	15400000	15500000	8.0
NC_088209.1	15500000	15600000	1.0
NC_088209.1	15600000	15700000	3.0
NC_088209.1	15700000	15800000	3.0
NC_088209.1	15800000	15900000	3.0
NC_088209.1	15900000	16000000	2.0
NC_088209.1	16000000	16100000	3.0
NC_088209.1	16100000	16200000	1.0
NC_088209.1	16200000	16300000	2.0
NC_088209.1	16300000	16400000	2.0
NC_088209.1	16400000	16500000	1.0
NC_088209.1	16500000	16600000	5.0
NC_088209.1	16600000	16700000	2.0
NC_088209.1	16700000	16800000	6.0
NC_088209.1	16800000	16900000	2.0
NC_088209.1	16900000	17000000	2.0
NC_088209.1	17000000	17100000	1.0
NC_088209.1	17100000	17200000	7.0
NC_088209.1	17200000	17300000	7.0
NC_088209.1	17300000	17400000	4.0
NC_088209.1	17400000	17500000	4.0
NC_088209.1	17500000	17600000	3.0
NC_088209.1	17600000	17700000	1.0
NC_088209.1	17800000	17900000	1.0
NC_088209.1	17900000	18000000	5.0
NC_088209.1	18000000	18100000	5.0
NC_088209.1	18100000	18200000	3.0
NC_088209.1	18200000	18300000	4.0
NC_088209.1	18300000	18400000	1.0
NC_088209.1	18500000	18600000	2.0
NC_088209.1	18600000	18700000	4.0
NC_088209.1	18700000	18800000	5.0
NC_088209.1	18800000	18900000	2.0
NC_088209.1	18900000	19000000	5.0
NC_088209.1	19300000	19400000	1.0
NC_088209.1	19500000	19600000	3.0
NC_088209.1	19600000	19700000	3.0
NC_088209.1	19700000	19800000	4.0
NC_088209.1	19800000	19900000	4.0
NC_088209.1	19900000	20000000	3.0
NC_088209.1	20000000	20100000	1.0
NC_088209.1	20100000	20200000	2.0
NC_088209.1	20200000	20300000	2.0
NC_088209.1	20300000	20400000	1.0
NC_088209.1	20500000	20600000	4.0
NC_088209.1	20700000	20800000	1.0
NC_088209.1	21100000	21200000	2.0
NC_088209.1	21200000	21300000	3.0
NC_088209.1	21300000	21400000	2.0
NC_088209.1	21400000	21500000	1.0
NC_088209.1	21500000	21600000	4.0
NC_088209.1	21600000	21700000	5.0
NC_088209.1	21700000	21800000	2.0
NC_088209.1	21800000	21900000	2.0
NC_088209.1	21900000	22000000	2.0
NC_088209.1	22000000	22100000	8.0
NC_088209.1	22100000	22200000	8.0
NC_088209.1	22200000	22300000	3.0
NC_088209.1	22300000	22400000	5.0
NC_088209.1	22400000	22500000	4.0
NC_088209.1	22500000	22600000	8.0
NC_088209.1	22600000	22700000	2.0
NC_088209.1	22700000	22800000	1.0
NC_088209.1	22800000	22900000	1.0
NC_088209.1	22900000	23000000	2.0
NC_088209.1	23000000	23100000	8.0
NC_088209.1	23100000	23200000	1.0
NC_088209.1	23200000	23300000	1.0
NC_088209.1	23300000	23400000	4.0
NC_088209.1	23400000	23500000	1.0
NC_088209.1	23500000	23600000	1.0
NC_088209.1	23600000	23700000	4.0
NC_088209.1	23700000	23800000	7.0
NC_088209.1	23800000	23900000	7.0
NC_088209.1	23900000	24000000	2.0
NC_088209.1	24000000	24100000	9.0
NC_088209.1	24100000	24200000	2.0
NC_088209.1	24200000	24300000	5.0
NC_088209.1	24400000	24500000	1.0
NC_088209.1	24500000	24600000	2.0
NC_088209.1	24600000	24700000	3.0
NC_088209.1	24900000	25000000	1.0
NC_088209.1	24700000	24800000	1.0
NC_088209.1	25000000	25100000	1.0
NC_088209.1	25100000	25200000	3.0
NC_088209.1	25200000	25300000	1.0
NC_088209.1	25300000	25400000	2.0
NC_088209.1	25500000	25600000	2.0
NC_088209.1	25400000	25500000	1.0
NC_088209.1	25700000	25800000	5.0
NC_088209.1	25800000	25900000	6.0
NC_088209.1	25900000	26000000	1.0
NC_088209.1	26000000	26100000	1.0
NC_088209.1	26100000	26200000	2.0
NC_088209.1	26300000	26400000	1.0
NC_088209.1	26400000	26500000	2.0
NC_088209.1	26500000	26600000	2.0
NC_088209.1	26600000	26700000	2.0
NC_088209.1	26700000	26800000	3.0
NC_088209.1	26800000	26900000	1.0
NC_088209.1	26900000	27000000	5.0
NC_088209.1	27000000	27100000	2.0
NC_088209.1	27300000	27400000	1.0
NC_088209.1	27500000	27600000	1.0
NC_088209.1	27600000	27700000	4.0
NC_088209.1	27700000	27800000	4.0
NC_088209.1	27800000	27900000	2.0
NC_088209.1	27900000	28000000	1.0
NC_088209.1	28000000	28100000	3.0
NC_088209.1	28200000	28300000	1.0
NC_088209.1	28300000	28400000	4.0
NC_088209.1	28400000	28500000	3.0
NC_088209.1	28500000	28600000	2.0
NC_088209.1	28600000	28700000	4.0
NC_088209.1	28700000	28800000	5.0
NC_088209.1	28900000	29000000	1.0
NC_088209.1	28800000	28900000	1.0
NC_088209.1	29000000	29100000	2.0
NC_088209.1	29100000	29200000	2.0
NC_088209.1	29200000	29300000	7.0
NC_088209.1	29300000	29400000	5.0
NC_088209.1	29400000	29500000	3.0
NC_088209.1	29500000	29600000	9.0
NC_088209.1	29600000	29700000	5.0
NC_088209.1	29700000	29800000	8.0
NC_088209.1	29800000	29900000	2.0
NC_088209.1	29900000	30000000	4.0
NC_088209.1	30000000	30100000	3.0
NC_088209.1	30100000	30200000	6.0
NC_088209.1	30200000	30300000	4.0
NC_088209.1	30300000	30400000	8.0
NC_088209.1	30400000	30500000	16.0
NC_088209.1	30500000	30600000	3.0
NC_088209.1	30600000	30700000	3.0
NC_088209.1	30700000	30800000	3.0
NC_088209.1	30800000	30900000	1.0
NC_088209.1	31000000	31100000	1.0
NC_088209.1	31100000	31200000	1.0
NC_088209.1	31200000	31300000	4.0
NC_088209.1	31300000	31400000	3.0
NC_088209.1	31400000	31500000	5.0
NC_088209.1	31600000	31700000	4.0
NC_088209.1	31500000	31600000	1.0
NC_088209.1	31700000	31800000	2.0
NC_088209.1	31800000	31900000	3.0
NC_088209.1	31900000	32000000	5.0
NC_088209.1	32000000	32100000	1.0
NC_088209.1	32200000	32300000	6.0
NC_088209.1	32300000	32400000	4.0
NC_088209.1	32400000	32500000	1.0
NC_088209.1	32500000	32600000	1.0
NC_088209.1	32600000	32700000	1.0
NC_088209.1	32800000	32900000	4.0
NC_088209.1	32900000	33000000	14.0
NC_088209.1	33000000	33100000	6.0
NC_088209.1	33100000	33200000	2.0
NC_088209.1	33500000	33600000	1.0
NC_088209.1	33600000	33700000	3.0
NC_088209.1	33700000	33800000	6.0
NC_088209.1	33800000	33900000	5.0
NC_088209.1	33900000	34000000	7.0
NC_088209.1	34000000	34100000	1.0
NC_088209.1	34100000	34200000	2.0
NC_088209.1	34300000	34400000	4.0
NC_088209.1	34400000	34500000	8.0
NC_088209.1	34500000	34600000	7.0
NC_088209.1	34600000	34700000	2.0
NC_088209.1	34700000	34800000	3.0
NC_088209.1	34800000	34900000	1.0
NC_088209.1	34900000	35000000	8.0
NC_088209.1	35000000	35100000	6.0
NC_088209.1	35100000	35200000	4.0
NC_088209.1	35200000	35300000	2.0
NC_088209.1	35300000	35400000	3.0
NC_088209.1	35400000	35500000	4.0
NC_088209.1	35500000	35600000	7.0
NC_088209.1	35600000	35700000	5.0
NC_088209.1	35700000	35800000	12.0
NC_088209.1	35800000	35900000	6.0
NC_088209.1	35900000	36000000	4.0
NC_088209.1	36000000	36100000	1.0
NC_088209.1	36100000	36200000	2.0
NC_088209.1	36300000	36400000	3.0
NC_088209.1	36500000	36600000	2.0
NC_088209.1	36600000	36700000	3.0
NC_088209.1	36700000	36800000	5.0
NC_088209.1	36800000	36900000	1.0
NC_088209.1	36900000	37000000	2.0
NC_088209.1	37000000	37100000	1.0
NC_088209.1	37100000	37200000	1.0
NC_088209.1	37200000	37300000	3.0
NC_088209.1	37300000	37400000	12.0
NC_088209.1	37500000	37600000	1.0
NC_088209.1	37700000	37800000	6.0
NC_088209.1	37800000	37900000	7.0
NC_088209.1	37900000	38000000	6.0
NC_088209.1	38000000	38100000	8.0
NC_088209.1	38100000	38200000	7.0
NC_088209.1	38200000	38300000	2.0
NC_088209.1	38500000	38600000	1.0
NC_088209.1	38600000	38700000	6.0
NC_088209.1	38700000	38800000	3.0
NC_088209.1	38800000	38900000	4.0
NC_088209.1	38900000	39000000	2.0
NC_088209.1	39000000	39100000	3.0
NC_088209.1	39100000	39200000	6.0
NC_088209.1	39200000	39300000	10.0
NC_088209.1	39300000	39400000	8.0
NC_088209.1	39400000	39500000	7.0
NC_088209.1	39500000	39600000	4.0
NC_088209.1	39700000	39800000	6.0
NC_088209.1	39800000	39900000	9.0
NC_088209.1	39900000	40000000	6.0
NC_088209.1	40000000	40100000	8.0
NC_088209.1	40100000	40200000	10.0
NC_088209.1	40200000	40300000	5.0
NC_088209.1	40300000	40400000	3.0
NC_088209.1	40400000	40500000	2.0
NC_088209.1	40500000	40600000	8.0
NC_088209.1	40600000	40700000	3.0
NC_088209.1	40700000	40800000	3.0
NC_088209.1	40800000	40900000	8.0
NC_088209.1	40900000	41000000	3.0
NC_088209.1	41000000	41100000	3.0
NC_088209.1	41100000	41200000	6.0
NC_088209.1	41200000	41300000	3.0
NC_088209.1	41400000	41500000	1.0
NC_088209.1	41600000	41700000	1.0
NC_088209.1	41700000	41800000	1.0
NC_088209.1	41800000	41900000	4.0
NC_088209.1	41900000	42000000	6.0
NC_088209.1	42000000	42100000	5.0
NC_088209.1	42100000	42200000	2.0
NC_088209.1	42200000	42300000	1.0
NC_088209.1	42300000	42400000	7.0
NC_088209.1	42400000	42500000	3.0
NC_088209.1	42500000	42600000	7.0
NC_088209.1	42600000	42700000	9.0
NC_088209.1	42700000	42800000	8.0
NC_088209.1	42800000	42900000	5.0
NC_088209.1	42900000	43000000	7.0
NC_088209.1	43000000	43100000	6.0
NC_088209.1	43100000	43200000	2.0
NC_088209.1	43300000	43400000	2.0
NC_088209.1	43400000	43500000	2.0
NC_088209.1	43500000	43600000	2.0
NC_088209.1	43600000	43700000	3.0
NC_088209.1	43700000	43800000	2.0
NC_088209.1	43900000	44000000	10.0
NC_088209.1	44000000	44100000	8.0
NC_088209.1	44100000	44200000	8.0
NC_088209.1	44200000	44300000	3.0
NC_088209.1	44300000	44400000	1.0
NC_088209.1	44400000	44500000	2.0
NC_088209.1	44500000	44600000	3.0
NC_088209.1	44600000	44700000	1.0
NC_088209.1	44700000	44800000	1.0
NC_088210.1	0	100000	1.0
NC_088210.1	100000	200000	1.0
NC_088210.1	300000	400000	5.0
NC_088210.1	500000	600000	1.0
NC_088210.1	700000	800000	2.0
NC_088210.1	1100000	1200000	1.0
NC_088210.1	1300000	1400000	2.0
NC_088210.1	1400000	1500000	2.0
NC_088210.1	1600000	1700000	1.0
NC_088210.1	1800000	1900000	1.0
NC_088210.1	1900000	2000000	4.0
NC_088210.1	2000000	2100000	1.0
NC_088210.1	2100000	2200000	2.0
NC_088210.1	2200000	2300000	1.0
NC_088210.1	2300000	2400000	2.0
NC_088210.1	2400000	2500000	3.0
NC_088210.1	2500000	2600000	2.0
NC_088210.1	2600000	2700000	2.0
NC_088210.1	2700000	2800000	2.0
NC_088210.1	2800000	2900000	2.0
NC_088210.1	2900000	3000000	1.0
NC_088210.1	3000000	3100000	4.0
NC_088210.1	3200000	3300000	1.0
NC_088210.1	3300000	3400000	1.0
NC_088210.1	3500000	3600000	2.0
NC_088210.1	3600000	3700000	1.0
NC_088210.1	3700000	3800000	1.0
NC_088210.1	3900000	4000000	2.0
NC_088210.1	4000000	4100000	1.0
NC_088210.1	4200000	4300000	1.0
NC_088210.1	4300000	4400000	1.0
NC_088210.1	4400000	4500000	4.0
NC_088210.1	4500000	4600000	2.0
NC_088210.1	4600000	4700000	2.0
NC_088210.1	4700000	4800000	1.0
NC_088210.1	4800000	4900000	2.0
NC_088210.1	4900000	5000000	3.0
NC_088210.1	5100000	5200000	1.0
NC_088210.1	5200000	5300000	2.0
NC_088210.1	5500000	5600000	1.0
NC_088210.1	5300000	5400000	1.0
NC_088210.1	5700000	5800000	1.0
NC_088210.1	5800000	5900000	2.0
NC_088210.1	5900000	6000000	5.0
NC_088210.1	6000000	6100000	1.0
NC_088210.1	6200000	6300000	2.0
NC_088210.1	6300000	6400000	1.0
NC_088210.1	6500000	6600000	2.0
NC_088210.1	6600000	6700000	1.0
NC_088210.1	6700000	6800000	1.0
NC_088210.1	6800000	6900000	1.0
NC_088210.1	6900000	7000000	2.0
NC_088210.1	7100000	7200000	1.0
NC_088210.1	7200000	7300000	2.0
NC_088210.1	7300000	7400000	2.0
NC_088210.1	7400000	7500000	2.0
NC_088210.1	7500000	7600000	3.0
NC_088210.1	7600000	7700000	2.0
NC_088210.1	7800000	7900000	1.0
NC_088210.1	7700000	7800000	1.0
NC_088210.1	7900000	8000000	1.0
NC_088210.1	8000000	8100000	6.0
NC_088210.1	8100000	8200000	3.0
NC_088210.1	8200000	8300000	3.0
NC_088210.1	8300000	8400000	2.0
NC_088210.1	8400000	8500000	1.0
NC_088210.1	8600000	8700000	3.0
NC_088210.1	8500000	8600000	1.0
NC_088210.1	8700000	8800000	4.0
NC_088210.1	8800000	8900000	5.0
NC_088210.1	8900000	9000000	4.0
NC_088210.1	9000000	9100000	4.0
NC_088210.1	9100000	9200000	2.0
NC_088210.1	9200000	9300000	5.0
NC_088210.1	9300000	9400000	3.0
NC_088210.1	9400000	9500000	1.0
NC_088210.1	9500000	9600000	1.0
NC_088210.1	9600000	9700000	3.0
NC_088210.1	9700000	9800000	2.0
NC_088210.1	9800000	9900000	1.0
NC_088210.1	10000000	10100000	3.0
NC_088210.1	10100000	10200000	2.0
NC_088210.1	10200000	10300000	5.0
NC_088210.1	10300000	10400000	4.0
NC_088210.1	10600000	10700000	1.0
NC_088210.1	11000000	11100000	1.0
NC_088210.1	11100000	11200000	2.0
NC_088210.1	11300000	11400000	1.0
NC_088210.1	11500000	11600000	1.0
NC_088210.1	11700000	11800000	4.0
NC_088210.1	11600000	11700000	2.0
NC_088210.1	11800000	11900000	5.0
NC_088210.1	11900000	12000000	1.0
NC_088210.1	12100000	12200000	1.0
NC_088210.1	12400000	12500000	1.0
NC_088210.1	12600000	12700000	1.0
NC_088210.1	13000000	13100000	1.0
NC_088210.1	13400000	13500000	2.0
NC_088210.1	13500000	13600000	2.0
NC_088210.1	13600000	13700000	5.0
NC_088210.1	13700000	13800000	12.0
NC_088210.1	13800000	13900000	6.0
NC_088210.1	13900000	14000000	4.0
NC_088210.1	14000000	14100000	8.0
NC_088210.1	14100000	14200000	15.0
NC_088210.1	14200000	14300000	8.0
NC_088210.1	14300000	14400000	8.0
NC_088210.1	14400000	14500000	5.0
NC_088210.1	14500000	14600000	2.0
NC_088210.1	14600000	14700000	3.0
NC_088210.1	14700000	14800000	3.0
NC_088210.1	14800000	14900000	4.0
NC_088210.1	15000000	15100000	4.0
NC_088210.1	15100000	15200000	4.0
NC_088210.1	15200000	15300000	6.0
NC_088210.1	15300000	15400000	2.0
NC_088210.1	15600000	15700000	5.0
NC_088210.1	15700000	15800000	4.0
NC_088210.1	15800000	15900000	6.0
NC_088210.1	15900000	16000000	7.0
NC_088210.1	16000000	16100000	3.0
NC_088210.1	16100000	16200000	5.0
NC_088210.1	16200000	16300000	5.0
NC_088210.1	16300000	16400000	6.0
NC_088210.1	16400000	16500000	9.0
NC_088210.1	16500000	16600000	7.0
NC_088210.1	16600000	16700000	4.0
NC_088210.1	16700000	16800000	2.0
NC_088210.1	16800000	16900000	6.0
NC_088210.1	16900000	17000000	7.0
NC_088210.1	17000000	17100000	1.0
NC_088210.1	17100000	17200000	4.0
NC_088210.1	17200000	17300000	8.0
NC_088210.1	17300000	17400000	2.0
NC_088210.1	17400000	17500000	3.0
NC_088210.1	17500000	17600000	4.0
NC_088210.1	17600000	17700000	2.0
NC_088210.1	17700000	17800000	3.0
NC_088210.1	17800000	17900000	1.0
NC_088210.1	18000000	18100000	1.0
NC_088210.1	18100000	18200000	1.0
NC_088210.1	18200000	18300000	11.0
NC_088210.1	18300000	18400000	3.0
NC_088210.1	18400000	18500000	4.0
NC_088210.1	18500000	18600000	7.0
NC_088210.1	18600000	18700000	8.0
NC_088210.1	18700000	18800000	8.0
NC_088210.1	18800000	18900000	8.0
NC_088210.1	18900000	19000000	15.0
NC_088210.1	19000000	19100000	18.0
NC_088210.1	19100000	19200000	8.0
NC_088210.1	19200000	19300000	12.0
NC_088210.1	19300000	19400000	7.0
NC_088210.1	19400000	19500000	12.0
NC_088210.1	19500000	19600000	9.0
NC_088210.1	19600000	19700000	14.0
NC_088210.1	19700000	19800000	10.0
NC_088210.1	19800000	19900000	8.0
NC_088210.1	19900000	20000000	5.0
NC_088210.1	20000000	20100000	7.0
NC_088210.1	20100000	20200000	13.0
NC_088210.1	20200000	20300000	6.0
NC_088210.1	20300000	20400000	3.0
NC_088210.1	20400000	20500000	1.0
NC_088210.1	20500000	20600000	5.0
NC_088210.1	20600000	20700000	6.0
NC_088210.1	20700000	20800000	2.0
NC_088210.1	20800000	20900000	10.0
NC_088210.1	20900000	21000000	10.0
NC_088210.1	21000000	21100000	9.0
NC_088210.1	21100000	21200000	3.0
NC_088210.1	21200000	21300000	7.0
NC_088210.1	21300000	21400000	10.0
NC_088210.1	21400000	21500000	5.0
NC_088210.1	21500000	21600000	4.0
NC_088210.1	21600000	21700000	1.0
NC_088210.1	21700000	21800000	7.0
NC_088210.1	21800000	21900000	11.0
NC_088210.1	21900000	22000000	5.0
NC_088210.1	22000000	22100000	7.0
NC_088210.1	22100000	22200000	11.0
NC_088210.1	22200000	22300000	9.0
NC_088210.1	22300000	22400000	3.0
NC_088210.1	22400000	22500000	5.0
NC_088210.1	22500000	22600000	6.0
NC_088210.1	22700000	22800000	1.0
NC_088210.1	22900000	23000000	5.0
NC_088210.1	23000000	23100000	1.0
NC_088210.1	23100000	23200000	4.0
NC_088210.1	23200000	23300000	3.0
NC_088210.1	23300000	23400000	7.0
NC_088210.1	23400000	23500000	2.0
NC_088210.1	23500000	23600000	7.0
NC_088210.1	23600000	23700000	10.0
NC_088210.1	23700000	23800000	10.0
NC_088210.1	23800000	23900000	6.0
NC_088210.1	23900000	24000000	5.0
NC_088210.1	24000000	24100000	1.0
NC_088210.1	24200000	24300000	3.0
NC_088210.1	24300000	24400000	1.0
NC_088210.1	24500000	24600000	1.0
NC_088210.1	24700000	24800000	6.0
NC_088210.1	24800000	24900000	3.0
NC_088210.1	24900000	25000000	5.0
NC_088210.1	25000000	25100000	16.0
NC_088210.1	25100000	25200000	8.0
NC_088210.1	25200000	25300000	3.0
NC_088210.1	25300000	25400000	10.0
NC_088210.1	25400000	25500000	7.0
NC_088210.1	25500000	25600000	9.0
NC_088210.1	25600000	25700000	7.0
NC_088210.1	25700000	25800000	8.0
NC_088210.1	25800000	25900000	5.0
NC_088210.1	25900000	26000000	1.0
NC_088210.1	26000000	26100000	3.0
NC_088210.1	26100000	26200000	4.0
NC_088210.1	26200000	26300000	1.0
NC_088210.1	26400000	26500000	2.0
NC_088210.1	26500000	26600000	2.0
NC_088210.1	26700000	26800000	1.0
NC_088210.1	26800000	26900000	2.0
NC_088210.1	26900000	27000000	7.0
NC_088210.1	27000000	27100000	4.0
NC_088210.1	27100000	27200000	2.0
NC_088210.1	27200000	27300000	3.0
NC_088210.1	27400000	27500000	1.0
NC_088210.1	27500000	27600000	1.0
NC_088210.1	27700000	27800000	4.0
NC_088210.1	27800000	27900000	14.0
NC_088210.1	27900000	28000000	9.0
NC_088210.1	28000000	28100000	10.0
NC_088210.1	28100000	28200000	6.0
NC_088210.1	28200000	28300000	3.0
NC_088210.1	28300000	28400000	5.0
NC_088210.1	28400000	28500000	5.0
NC_088210.1	28600000	28700000	2.0
NC_088210.1	28700000	28800000	4.0
NC_088210.1	28800000	28900000	6.0
NC_088210.1	28900000	29000000	1.0
NC_088210.1	29000000	29100000	4.0
NC_088210.1	29100000	29200000	1.0
NC_088210.1	29200000	29300000	1.0
NC_088210.1	29300000	29400000	4.0
NC_088210.1	29400000	29500000	2.0
NC_088210.1	29500000	29600000	3.0
NC_088210.1	29600000	29700000	5.0
NC_088210.1	29700000	29800000	1.0
NC_088210.1	29800000	29900000	1.0
NC_088210.1	30000000	30100000	3.0
NC_088210.1	30100000	30200000	13.0
NC_088210.1	30200000	30300000	4.0
NC_088210.1	30300000	30400000	5.0
NC_088210.1	30400000	30500000	2.0
NC_088210.1	30500000	30600000	6.0
NC_088210.1	30600000	30700000	3.0
NC_088210.1	30700000	30800000	1.0
NC_088210.1	30800000	30900000	2.0
NC_088210.1	30900000	31000000	3.0
NC_088210.1	31000000	31100000	6.0
NC_088210.1	31100000	31200000	11.0
NC_088210.1	31200000	31300000	5.0
NC_088210.1	31500000	31600000	3.0
NC_088210.1	31600000	31700000	7.0
NC_088210.1	31700000	31800000	7.0
NC_088210.1	31800000	31900000	4.0
NC_088210.1	31900000	32000000	3.0
NC_088210.1	32000000	32100000	8.0
NC_088210.1	32100000	32200000	4.0
NC_088210.1	32200000	32300000	6.0
NC_088210.1	32300000	32400000	3.0
NC_088210.1	32400000	32500000	1.0
NC_088210.1	32500000	32600000	3.0
NC_088210.1	32600000	32700000	4.0
NC_088210.1	32700000	32800000	9.0
NC_088210.1	32800000	32900000	7.0
NC_088210.1	33000000	33100000	1.0
NC_088210.1	33200000	33300000	3.0
NC_088210.1	33400000	33500000	2.0
NC_088210.1	33500000	33600000	1.0
NC_088210.1	33600000	33700000	7.0
NC_088210.1	33700000	33800000	1.0
NC_088210.1	33800000	33900000	3.0
NC_088210.1	33900000	34000000	8.0
NC_088210.1	34000000	34100000	5.0
NC_088210.1	34100000	34200000	3.0
NC_088210.1	34200000	34300000	1.0
NC_088210.1	34300000	34400000	1.0
NC_088210.1	34400000	34500000	1.0
NC_088210.1	34500000	34600000	3.0
NC_088210.1	34600000	34700000	4.0
NC_088210.1	34800000	34900000	1.0
NC_088210.1	35000000	35100000	3.0
NC_088210.1	35100000	35200000	7.0
NC_088210.1	35200000	35300000	3.0
NC_088210.1	35300000	35400000	1.0
NC_088210.1	35400000	35500000	3.0
NC_088210.1	35500000	35600000	11.0
NC_088210.1	35600000	35700000	7.0
NC_088210.1	35700000	35800000	1.0
NC_088210.1	35800000	35900000	1.0
NC_088210.1	35900000	36000000	1.0
NC_088210.1	36000000	36050367	4.0
NW_026999293.1	0	100000	2.0
NW_026999293.1	100000	200000	5.0
NW_026999293.1	200000	300000	4.0
NW_026999293.1	300000	400000	1.0
NW_026999293.1	400000	430824	3.0
NW_026999294.1	0	100000	4.0
NW_026999294.1	100000	200000	5.0
NW_026999294.1	200000	300000	1.0
NW_026999294.1	300000	400000	2.0
NW_026999294.1	400000	467143	1.0
NW_026999295.1	0	100000	1.0
NW_026999295.1	100000	200000	2.0
NW_026999295.1	200000	300000	1.0
NW_026999295.1	300000	400000	1.0
NW_026999295.1	400000	500000	1.0
NW_026999295.1	500000	600000	1.0
NW_026999295.1	600000	700000	2.0
NW_026999295.1	800000	900000	1.0
NW_026999295.1	1000000	1100000	2.0
NW_026999295.1	1100000	1200000	4.0
NW_026999295.1	1300000	1400000	1.0
NW_026999295.1	1400000	1500000	1.0
NW_026999295.1	1500000	1600000	2.0
NW_026999295.1	1600000	1700000	1.0
NW_026999295.1	1700000	1800000	3.0
NW_026999295.1	1900000	2000000	1.0
NW_026999295.1	2100000	2200000	1.0
NW_026999295.1	2400000	2500000	2.0
NW_026999295.1	2700000	2800000	1.0
NW_026999295.1	2800000	2900000	2.0
NW_026999295.1	3000000	3100000	2.0
NW_026999295.1	3100000	3200000	1.0
NW_026999295.1	3200000	3300000	2.0
NW_026999295.1	3400000	3500000	1.0
NW_026999295.1	3500000	3600000	3.0
NW_026999295.1	3600000	3700000	3.0
NW_026999295.1	3700000	3772853	3.0
NW_026999296.1	100000	200000	4.0
NW_026999296.1	200000	300000	2.0
NW_026999296.1	300000	393047	2.0
NW_026999297.1	0	100000	1.0
NW_026999297.1	100000	200000	3.0
NW_026999297.1	200000	300000	3.0
NW_026999297.1	400000	424336	1.0
NW_026999298.1	0	100000	2.0
NW_026999298.1	100000	200000	7.0
NW_026999298.1	200000	300000	1.0
NW_026999298.1	300000	400000	3.0
NW_026999298.1	400000	432923	1.0
NW_026999299.1	0	100000	3.0
NW_026999299.1	100000	200000	2.0
NW_026999299.1	200000	300000	2.0
NW_026999299.1	300000	381536	1.0
NW_026999300.1	0	100000	1.0
NW_026999300.1	200000	300000	2.0
NW_026999300.1	300000	393379	2.0
NW_026999301.1	0	100000	3.0
NW_026999301.1	100000	200000	3.0
NW_026999301.1	200000	300000	2.0
NW_026999301.1	300000	400000	1.0
NW_026999301.1	500000	600000	2.0
NW_026999301.1	600000	700000	2.0
NW_026999301.1	700000	800000	1.0
NW_026999301.1	800000	900000	1.0
NW_026999301.1	1000000	1100000	2.0
NW_026999301.1	1100000	1200000	1.0
NW_026999301.1	1200000	1300000	2.0
NW_026999301.1	1300000	1400000	6.0
NW_026999301.1	1500000	1600000	3.0
NW_026999301.1	1600000	1700000	2.0
NW_026999301.1	1700000	1800000	4.0
NW_026999301.1	1800000	1900000	3.0
NW_026999301.1	1900000	2000000	2.0
NW_026999301.1	2000000	2100000	1.0
NW_026999301.1	2100000	2200000	2.0
NW_026999301.1	2200000	2300000	3.0
NW_026999301.1	2300000	2400000	1.0
NW_026999301.1	2700000	2800000	1.0
NW_026999301.1	2800000	2900000	1.0
NW_026999301.1	3100000	3200000	1.0
NW_026999301.1	3200000	3300000	3.0
NW_026999301.1	3300000	3400000	2.0
NW_026999301.1	3400000	3500000	1.0
NW_026999301.1	3500000	3600000	1.0
NW_026999301.1	3600000	3700000	2.0
NW_026999301.1	3700000	3800000	2.0
NW_026999301.1	4000000	4100000	4.0
NW_026999301.1	4100000	4200000	2.0
NW_026999301.1	4200000	4300000	2.0
NW_026999301.1	4300000	4400000	2.0
NW_026999301.1	4400000	4500000	3.0
NW_026999301.1	4500000	4600000	6.0
NW_026999301.1	4600000	4681385	2.0
NW_026999302.1	0	100000	1.0
NW_026999302.1	100000	200000	1.0
NW_026999302.1	200000	300000	1.0
NW_026999302.1	300000	400000	1.0
NW_026999303.1	0	100000	1.0
NW_026999303.1	100000	200000	3.0
NW_026999303.1	200000	300000	2.0
NW_026999303.1	300000	395190	1.0
NW_026999304.1	0	100000	1.0
NW_026999304.1	100000	200000	1.0
NW_026999304.1	200000	300000	2.0
NW_026999304.1	300000	386169	2.0
NW_026999305.1	0	100000	2.0
NW_026999305.1	100000	200000	3.0
NW_026999305.1	200000	300000	1.0
NW_026999305.1	300000	303250	1.0
NW_026999306.1	100000	200000	1.0
NW_026999306.1	200000	300000	1.0
NW_026999306.1	300000	353100	2.0
NW_026999307.1	0	100000	1.0
NW_026999307.1	100000	200000	4.0
NW_026999307.1	200000	300000	3.0
NW_026999307.1	300000	400000	1.0
NW_026999307.1	400000	500000	5.0
NW_026999307.1	500000	600000	2.0
NW_026999307.1	600000	700000	3.0
NW_026999307.1	800000	900000	1.0
NW_026999307.1	900000	1000000	1.0
NW_026999307.1	1000000	1100000	5.0
NW_026999307.1	1100000	1200000	1.0
NW_026999307.1	1200000	1300000	2.0
NW_026999307.1	1300000	1400000	1.0
NW_026999307.1	1400000	1500000	1.0
NW_026999307.1	1600000	1700000	2.0
NW_026999307.1	1500000	1600000	1.0
NW_026999307.1	1700000	1800000	2.0
NW_026999307.1	1800000	1900000	4.0
NW_026999307.1	1900000	2000000	1.0
NW_026999307.1	2000000	2100000	2.0
NW_026999307.1	2100000	2200000	1.0
NW_026999307.1	2200000	2300000	1.0
NW_026999307.1	2300000	2400000	4.0
NW_026999307.1	2400000	2500000	1.0
NW_026999307.1	2500000	2600000	5.0
NW_026999307.1	2600000	2700000	2.0
NW_026999307.1	2800000	2900000	2.0
NW_026999307.1	2900000	3000000	3.0
NW_026999307.1	3200000	3300000	2.0
NW_026999307.1	3300000	3400000	2.0
NW_026999307.1	3400000	3500000	4.0
NW_026999307.1	3700000	3800000	2.0
NW_026999307.1	3800000	3900000	1.0
NW_026999307.1	3900000	4000000	4.0
NW_026999307.1	4000000	4100000	2.0
NW_026999307.1	4200000	4300000	1.0
NW_026999307.1	4300000	4400000	1.0
NW_026999307.1	4400000	4415139	1.0
NW_026999308.1	0	100000	4.0
NW_026999308.1	100000	200000	2.0
NW_026999308.1	200000	300000	1.0
NW_026999308.1	300000	341990	1.0
NW_026999309.1	100000	200000	4.0
NW_026999309.1	200000	300000	3.0
NW_026999309.1	300000	357187	2.0
NW_026999311.1	0	100000	2.0
NW_026999311.1	200000	215200	1.0
NW_026999312.1	0	100000	3.0
NW_026999312.1	100000	200000	2.0
NW_026999312.1	200000	300000	1.0
NW_026999312.1	300000	330603	1.0
NW_026999313.1	0	100000	1.0
NW_026999313.1	100000	200000	1.0
NW_026999313.1	200000	290933	2.0
NW_026999314.1	0	100000	4.0
NW_026999314.1	100000	200000	3.0
NW_026999314.1	300000	400000	5.0
NW_026999314.1	600000	700000	1.0
NW_026999314.1	700000	800000	1.0
NW_026999314.1	800000	900000	1.0
NW_026999314.1	900000	1000000	1.0
NW_026999314.1	1000000	1100000	1.0
NW_026999314.1	1200000	1300000	1.0
NW_026999314.1	1300000	1400000	4.0
NW_026999314.1	1400000	1500000	1.0
NW_026999314.1	1500000	1600000	2.0
NW_026999314.1	1600000	1700000	3.0
NW_026999314.1	1900000	2000000	1.0
NW_026999314.1	2100000	2200000	1.0
NW_026999314.1	2300000	2400000	1.0
NW_026999314.1	2400000	2500000	1.0
NW_026999314.1	2500000	2600000	1.0
NW_026999314.1	2600000	2700000	1.0
NW_026999314.1	2900000	3000000	1.0
NW_026999314.1	3000000	3100000	2.0
NW_026999314.1	3100000	3200000	3.0
NW_026999314.1	3200000	3300000	1.0
NW_026999314.1	3400000	3500000	1.0
NW_026999314.1	3500000	3600000	1.0
NW_026999314.1	3600000	3700000	1.0
NW_026999314.1	3800000	3900000	1.0
NW_026999314.1	3900000	4000000	1.0
NW_026999314.1	4000000	4100000	4.0
NW_026999314.1	4200000	4300000	2.0
NW_026999314.1	4300000	4340442	1.0
NW_026999315.1	0	100000	1.0
NW_026999315.1	200000	300000	1.0
NW_026999315.1	300000	325943	3.0
NW_026999316.1	100000	200000	1.0
NW_026999316.1	200000	256664	1.0
NW_026999317.1	0	100000	4.0
NW_026999318.1	100000	200000	1.0
NW_026999318.1	200000	300000	1.0
NW_026999318.1	300000	400000	1.0
NW_026999318.1	400000	500000	2.0
NW_026999318.1	500000	600000	1.0
NW_026999318.1	600000	700000	1.0
NW_026999318.1	700000	800000	1.0
NW_026999318.1	800000	900000	1.0
NW_026999318.1	1100000	1200000	4.0
NW_026999318.1	1200000	1300000	1.0
NW_026999318.1	1300000	1400000	3.0
NW_026999318.1	1400000	1500000	2.0
NW_026999318.1	1500000	1600000	2.0
NW_026999318.1	1600000	1700000	1.0
NW_026999318.1	1700000	1800000	1.0
NW_026999318.1	1800000	1900000	3.0
NW_026999318.1	1900000	2000000	3.0
NW_026999318.1	2000000	2100000	2.0
NW_026999318.1	2100000	2200000	7.0
NW_026999318.1	2200000	2300000	2.0
NW_026999318.1	2300000	2400000	1.0
NW_026999318.1	2400000	2500000	3.0
NW_026999318.1	2500000	2600000	3.0
NW_026999318.1	2700000	2800000	1.0
NW_026999318.1	2800000	2900000	2.0
NW_026999318.1	2900000	3000000	2.0
NW_026999318.1	3000000	3100000	2.0
NW_026999318.1	3100000	3200000	1.0
NW_026999318.1	3200000	3300000	2.0
NW_026999318.1	3300000	3400000	1.0
NW_026999318.1	3400000	3500000	1.0
NW_026999318.1	3500000	3600000	1.0
NW_026999318.1	3600000	3700000	1.0
NW_026999318.1	3700000	3800000	1.0
NW_026999318.1	3800000	3900000	1.0
NW_026999318.1	3900000	4000000	2.0
NW_026999318.1	4000000	4024962	2.0
NW_026999319.1	0	100000	3.0
NW_026999319.1	100000	200000	1.0
NW_026999319.1	200000	296505	2.0
NW_026999320.1	200000	300000	1.0
NW_026999320.1	500000	600000	1.0
NW_026999320.1	600000	700000	1.0
NW_026999320.1	800000	900000	1.0
NW_026999320.1	900000	1000000	1.0
NW_026999320.1	1100000	1200000	2.0
NW_026999320.1	1200000	1300000	1.0
NW_026999320.1	1300000	1400000	2.0
NW_026999320.1	1500000	1600000	1.0
NW_026999320.1	1700000	1800000	3.0
NW_026999320.1	1800000	1900000	1.0
NW_026999320.1	1900000	2000000	2.0
NW_026999320.1	2000000	2100000	1.0
NW_026999320.1	2300000	2400000	2.0
NW_026999320.1	2400000	2500000	3.0
NW_026999320.1	2700000	2800000	2.0
NW_026999320.1	2900000	3000000	1.0
NW_026999320.1	3000000	3100000	1.0
NW_026999320.1	3100000	3200000	4.0
NW_026999320.1	3200000	3300000	1.0
NW_026999320.1	3300000	3400000	1.0
NW_026999320.1	3400000	3500000	1.0
NW_026999320.1	3600000	3700000	2.0
NW_026999320.1	3700000	3800000	1.0
NW_026999320.1	3800000	3818218	1.0
NW_026999321.1	0	100000	2.0
NW_026999321.1	100000	200000	2.0
NW_026999321.1	200000	300000	1.0
NW_026999321.1	300000	307333	1.0
NW_026999322.1	0	100000	3.0
NW_026999322.1	100000	200000	1.0
NW_026999322.1	200000	273643	1.0
NW_026999323.1	0	100000	1.0
NW_026999323.1	100000	200000	2.0
NW_026999323.1	200000	269997	3.0
NW_026999324.1	0	100000	3.0
NW_026999324.1	200000	273927	1.0
NW_026999325.1	0	100000	1.0
NW_026999325.1	100000	200000	1.0
NW_026999326.1	0	100000	2.0
NW_026999326.1	500000	600000	2.0
NW_026999326.1	300000	400000	1.0
NW_026999326.1	400000	500000	1.0
NW_026999326.1	900000	1000000	1.0
NW_026999326.1	1000000	1100000	4.0
NW_026999326.1	1500000	1600000	1.0
NW_026999326.1	1600000	1700000	6.0
NW_026999326.1	1700000	1800000	4.0
NW_026999326.1	1800000	1900000	1.0
NW_026999326.1	1900000	2000000	3.0
NW_026999326.1	2000000	2100000	1.0
NW_026999326.1	2100000	2200000	1.0
NW_026999326.1	2200000	2300000	1.0
NW_026999326.1	2300000	2400000	4.0
NW_026999326.1	2400000	2500000	3.0
NW_026999326.1	2500000	2600000	5.0
NW_026999326.1	2600000	2700000	4.0
NW_026999326.1	2800000	2900000	1.0
NW_026999326.1	2900000	3000000	3.0
NW_026999326.1	3000000	3100000	1.0
NW_026999326.1	3300000	3400000	2.0
NW_026999326.1	3400000	3500000	3.0
NW_026999326.1	3500000	3600000	5.0
NW_026999326.1	3600000	3700000	4.0
NW_026999326.1	3700000	3784200	5.0
NW_026999327.1	0	100000	2.0
NW_026999327.1	100000	125874	1.0
NW_026999328.1	200000	242323	1.0
NW_026999329.1	0	100000	1.0
NW_026999329.1	100000	181602	1.0
NW_026999330.1	0	100000	1.0
NW_026999330.1	100000	200000	1.0
NW_026999331.1	0	12530	1.0
NW_026999332.1	0	100000	1.0
NW_026999332.1	100000	200000	1.0
NW_026999333.1	0	42946	2.0
NW_026999334.1	0	100000	2.0
NW_026999334.1	100000	200000	2.0
NW_026999334.1	300000	400000	1.0
NW_026999334.1	400000	500000	2.0
NW_026999334.1	500000	600000	1.0
NW_026999334.1	800000	900000	1.0
NW_026999334.1	900000	1000000	3.0
NW_026999334.1	1200000	1300000	1.0
NW_026999334.1	1300000	1400000	2.0
NW_026999334.1	1700000	1750522	1.0
NW_026999335.1	100000	197972	1.0
NW_026999336.1	100000	139242	2.0
NW_026999337.1	100000	200000	4.0
NW_026999337.1	200000	300000	2.0
NW_026999337.1	300000	400000	4.0
NW_026999337.1	400000	500000	1.0
NW_026999337.1	500000	600000	1.0
NW_026999337.1	900000	1000000	1.0
NW_026999337.1	800000	900000	1.0
NW_026999337.1	1100000	1200000	3.0
NW_026999337.1	1200000	1300000	1.0
NW_026999337.1	1700000	1800000	3.0
NW_026999337.1	1900000	2000000	1.0
NW_026999337.1	2100000	2200000	2.0
NW_026999337.1	2200000	2300000	1.0
NW_026999337.1	2300000	2400000	1.0
NW_026999337.1	2400000	2500000	1.0
NW_026999337.1	2800000	2900000	2.0
NW_026999337.1	2900000	2925348	2.0
NW_026999338.1	0	83080	2.0
NW_026999339.1	0	100000	1.0
NW_026999339.1	100000	132150	2.0
NW_026999340.1	0	100000	1.0
NW_026999340.1	100000	200000	1.0
NW_026999340.1	200000	300000	1.0
NW_026999340.1	300000	400000	1.0
NW_026999340.1	500000	600000	1.0
NW_026999340.1	600000	700000	5.0
NW_026999340.1	700000	800000	1.0
NW_026999340.1	800000	900000	1.0
NW_026999340.1	1000000	1100000	1.0
NW_026999340.1	1100000	1200000	1.0
NW_026999340.1	1200000	1300000	2.0
NW_026999340.1	1300000	1400000	1.0
NW_026999340.1	1400000	1500000	2.0
NW_026999340.1	1500000	1600000	1.0
NW_026999340.1	1600000	1700000	1.0
NW_026999340.1	1700000	1702011	1.0
NW_026999341.1	0	100000	2.0
NW_026999341.1	100000	172923	1.0
NW_026999342.1	0	100000	2.0
NW_026999342.1	100000	200000	2.0
NW_026999342.1	200000	300000	1.0
NW_026999342.1	300000	400000	2.0
NW_026999342.1	500000	600000	2.0
NW_026999342.1	1100000	1200000	2.0
NW_026999342.1	900000	1000000	3.0
NW_026999342.1	1000000	1100000	1.0
NW_026999342.1	1200000	1300000	1.0
NW_026999342.1	1500000	1600000	3.0
NW_026999342.1	1600000	1700000	1.0
NW_026999342.1	1800000	1900000	1.0
NW_026999342.1	1700000	1800000	1.0
NW_026999342.1	1900000	2000000	1.0
NW_026999342.1	2000000	2100000	4.0
NW_026999342.1	2100000	2200000	3.0
NW_026999342.1	2200000	2300000	1.0
NW_026999342.1	2400000	2500000	1.0
NW_026999342.1	2500000	2600000	3.0
NW_026999342.1	2600000	2700000	2.0
NW_026999342.1	2700000	2800000	1.0
NW_026999342.1	2800000	2900000	1.0
NW_026999342.1	2900000	3000000	1.0
NW_026999342.1	3000000	3100000	2.0
NW_026999342.1	3100000	3200000	4.0
NW_026999342.1	3200000	3300000	3.0
NW_026999342.1	3300000	3400000	2.0
NW_026999342.1	3400000	3500000	1.0
NW_026999342.1	3600000	3700000	2.0
NW_026999342.1	3700000	3734815	2.0
NW_026999343.1	0	100000	1.0
NW_026999343.1	100000	142587	2.0
NW_026999344.1	0	100000	1.0
NW_026999345.1	0	100000	1.0
NW_026999345.1	200000	300000	2.0
NW_026999345.1	400000	500000	2.0
NW_026999345.1	500000	600000	1.0
NW_026999345.1	600000	700000	1.0
NW_026999345.1	700000	800000	2.0
NW_026999345.1	900000	1000000	1.0
NW_026999345.1	1000000	1100000	1.0
NW_026999345.1	1100000	1200000	1.0
NW_026999345.1	1300000	1400000	1.0
NW_026999345.1	1500000	1600000	1.0
NW_026999345.1	1700000	1800000	2.0
NW_026999345.1	1800000	1900000	2.0
NW_026999345.1	2000000	2100000	5.0
NW_026999345.1	2100000	2200000	2.0
NW_026999345.1	2300000	2400000	1.0
NW_026999345.1	2400000	2500000	2.0
NW_026999345.1	2500000	2600000	3.0
NW_026999345.1	2600000	2700000	2.0
NW_026999345.1	2700000	2800000	1.0
NW_026999345.1	2800000	2818123	1.0
NW_026999346.1	0	100000	1.0
NW_026999346.1	200000	300000	2.0
NW_026999346.1	300000	400000	2.0
NW_026999346.1	400000	500000	1.0
NW_026999346.1	500000	600000	1.0
NW_026999346.1	600000	700000	1.0
NW_026999346.1	700000	800000	2.0
NW_026999346.1	800000	900000	3.0
NW_026999346.1	900000	1000000	4.0
NW_026999346.1	1000000	1100000	1.0
NW_026999346.1	1100000	1200000	5.0
NW_026999346.1	1200000	1300000	1.0
NW_026999346.1	1300000	1400000	2.0
NW_026999346.1	1400000	1500000	1.0
NW_026999346.1	1700000	1800000	1.0
NW_026999346.1	1800000	1900000	1.0
NW_026999346.1	1900000	2000000	1.0
NW_026999346.1	2000000	2100000	1.0
NW_026999346.1	2100000	2200000	1.0
NW_026999346.1	2300000	2400000	1.0
NW_026999346.1	2400000	2500000	1.0
NW_026999347.1	0	100000	1.0
NW_026999347.1	100000	108682	1.0
NW_026999348.1	0	100000	2.0
NW_026999348.1	100000	200000	6.0
NW_026999348.1	200000	300000	1.0
NW_026999348.1	300000	400000	5.0
NW_026999348.1	400000	500000	2.0
NW_026999348.1	500000	600000	1.0
NW_026999348.1	1000000	1100000	1.0
NW_026999348.1	1200000	1224571	1.0
NW_026999349.1	100000	112149	1.0
NW_026999350.1	0	87965	2.0
NW_026999351.1	0	100000	1.0
NW_026999351.1	200000	300000	1.0
NW_026999351.1	400000	500000	1.0
NW_026999351.1	500000	600000	2.0
NW_026999351.1	700000	800000	1.0
NW_026999351.1	800000	900000	1.0
NW_026999351.1	900000	1000000	1.0
NW_026999351.1	1100000	1200000	1.0
NW_026999351.1	1200000	1300000	1.0
NW_026999351.1	1300000	1400000	2.0
NW_026999351.1	1400000	1500000	4.0
NW_026999351.1	1500000	1600000	1.0
NW_026999351.1	1600000	1700000	1.0
NW_026999351.1	1700000	1800000	2.0
NW_026999351.1	1800000	1891068	2.0
NW_026999353.1	0	100000	1.0
NW_026999353.1	100000	200000	2.0
NW_026999353.1	200000	300000	2.0
NW_026999353.1	500000	600000	2.0
NW_026999353.1	600000	700000	3.0
NW_026999353.1	800000	900000	2.0
NW_026999353.1	900000	1000000	5.0
NW_026999353.1	1000000	1100000	1.0
NW_026999353.1	1200000	1300000	1.0
NW_026999353.1	1400000	1500000	1.0
NW_026999355.1	0	100000	1.0
NW_026999355.1	100000	200000	2.0
NW_026999355.1	200000	300000	5.0
NW_026999355.1	300000	400000	2.0
NW_026999355.1	400000	500000	4.0
NW_026999355.1	500000	600000	6.0
NW_026999355.1	600000	700000	5.0
NW_026999355.1	700000	800000	2.0
NW_026999355.1	800000	900000	2.0
NW_026999355.1	900000	1000000	2.0
NW_026999355.1	1100000	1200000	1.0
NW_026999355.1	1200000	1300000	1.0
NW_026999355.1	1300000	1400000	2.0
NW_026999355.1	1400000	1500000	3.0
NW_026999355.1	1500000	1600000	5.0
NW_026999357.1	100000	200000	1.0
NW_026999357.1	200000	300000	1.0
NW_026999357.1	400000	500000	3.0
NW_026999357.1	500000	600000	1.0
NW_026999357.1	600000	700000	1.0
NW_026999357.1	700000	800000	1.0
NW_026999357.1	900000	1000000	1.0
NW_026999357.1	1100000	1200000	2.0
NW_026999357.1	1200000	1300000	1.0
NW_026999357.1	1300000	1400000	3.0
NW_026999357.1	1400000	1500000	2.0
NW_026999357.1	1500000	1600000	3.0
NW_026999357.1	1600000	1628515	1.0
NW_026999359.1	0	100000	3.0
NW_026999359.1	100000	200000	3.0
NW_026999359.1	200000	300000	2.0
NW_026999359.1	400000	500000	2.0
NW_026999359.1	500000	600000	1.0
NW_026999359.1	700000	800000	1.0
NW_026999359.1	800000	900000	1.0
NW_026999359.1	1100000	1200000	5.0
NW_026999359.1	1200000	1300000	1.0
NW_026999359.1	1300000	1400000	2.0
NW_026999359.1	1500000	1548383	1.0
NW_026999361.1	0	100000	1.0
NW_026999361.1	100000	200000	3.0
NW_026999361.1	200000	300000	1.0
NW_026999361.1	300000	400000	1.0
NW_026999361.1	600000	700000	1.0
NW_026999361.1	700000	800000	1.0
NW_026999361.1	800000	900000	2.0
NW_026999361.1	1000000	1100000	1.0
NW_026999361.1	1200000	1300000	1.0
NW_026999361.1	1300000	1400000	2.0
NW_026999361.1	1400000	1484990	5.0
NW_026999362.1	0	80221	1.0
NW_026999363.1	0	77983	1.0
NW_026999364.1	0	32458	1.0
NW_026999366.1	100000	200000	3.0
NW_026999366.1	200000	300000	1.0
NW_026999366.1	300000	400000	2.0
NW_026999366.1	400000	500000	1.0
NW_026999366.1	500000	600000	2.0
NW_026999366.1	600000	700000	1.0
NW_026999366.1	700000	800000	2.0
NW_026999366.1	1000000	1100000	3.0
NW_026999366.1	1200000	1300000	2.0
NW_026999366.1	1100000	1200000	1.0
NW_026999366.1	1300000	1400000	1.0
NW_026999366.1	1400000	1487108	1.0
NW_026999367.1	0	100000	3.0
NW_026999367.1	100000	200000	1.0
NW_026999367.1	200000	300000	2.0
NW_026999367.1	300000	400000	2.0
NW_026999367.1	500000	600000	2.0
NW_026999367.1	600000	700000	1.0
NW_026999367.1	700000	800000	1.0
NW_026999367.1	900000	1000000	1.0
NW_026999367.1	1000000	1100000	2.0
NW_026999367.1	1100000	1200000	1.0
NW_026999367.1	1200000	1300000	1.0
NW_026999367.1	1300000	1396405	1.0
NW_026999368.1	0	65374	1.0
NW_026999369.1	0	100000	2.0
NW_026999369.1	100000	200000	1.0
NW_026999369.1	200000	300000	1.0
NW_026999369.1	300000	400000	2.0
NW_026999369.1	500000	600000	3.0
NW_026999369.1	600000	700000	1.0
NW_026999369.1	800000	900000	1.0
NW_026999369.1	1000000	1100000	1.0
NW_026999369.1	1200000	1289194	1.0
NW_026999370.1	0	18828	2.0
NW_026999371.1	200000	300000	1.0
NW_026999371.1	300000	400000	1.0
NW_026999371.1	600000	700000	1.0
NW_026999371.1	700000	800000	1.0
NW_026999371.1	800000	900000	1.0
NW_026999371.1	900000	1000000	2.0
NW_026999371.1	1000000	1100000	3.0
NW_026999371.1	1100000	1187936	2.0
NW_026999372.1	0	100000	1.0
NW_026999372.1	100000	200000	2.0
NW_026999372.1	200000	300000	3.0
NW_026999372.1	400000	500000	4.0
NW_026999372.1	500000	600000	1.0
NW_026999372.1	600000	700000	4.0
NW_026999372.1	800000	900000	1.0
NW_026999372.1	900000	1000000	1.0
NW_026999372.1	1100000	1183291	2.0
NW_026999374.1	0	100000	1.0
NW_026999374.1	100000	200000	2.0
NW_026999374.1	200000	300000	3.0
NW_026999374.1	300000	400000	1.0
NW_026999374.1	400000	500000	3.0
NW_026999374.1	500000	600000	3.0
NW_026999374.1	600000	700000	2.0
NW_026999374.1	700000	800000	5.0
NW_026999374.1	800000	900000	3.0
NW_026999374.1	900000	1000000	2.0
NW_026999374.1	1000000	1100000	3.0
NW_026999374.1	1100000	1172844	1.0
NW_026999376.1	0	100000	3.0
NW_026999376.1	100000	200000	2.0
NW_026999376.1	200000	300000	1.0
NW_026999376.1	300000	400000	1.0
NW_026999376.1	400000	500000	1.0
NW_026999376.1	500000	600000	1.0
NW_026999376.1	600000	700000	3.0
NW_026999376.1	700000	800000	1.0
NW_026999376.1	800000	900000	2.0
NW_026999376.1	900000	1000000	1.0
NW_026999376.1	1000000	1100000	4.0
NW_026999376.1	1100000	1133566	1.0
NW_026999378.1	0	100000	2.0
NW_026999378.1	100000	200000	2.0
NW_026999378.1	200000	300000	1.0
NW_026999378.1	300000	400000	4.0
NW_026999378.1	400000	500000	2.0
NW_026999378.1	500000	600000	3.0
NW_026999378.1	700000	800000	3.0
NW_026999378.1	800000	900000	1.0
NW_026999378.1	900000	1000000	2.0
NW_026999379.1	0	100000	2.0
NW_026999379.1	300000	400000	3.0
NW_026999379.1	500000	600000	1.0
NW_026999379.1	600000	700000	1.0
NW_026999379.1	700000	800000	1.0
NW_026999379.1	800000	900000	1.0
NW_026999379.1	900000	981798	1.0
NW_026999380.1	0	100000	1.0
NW_026999380.1	100000	200000	2.0
NW_026999380.1	200000	300000	4.0
NW_026999380.1	300000	400000	5.0
NW_026999380.1	400000	500000	3.0
NW_026999380.1	500000	600000	2.0
NW_026999380.1	600000	700000	2.0
NW_026999380.1	800000	900000	1.0
NW_026999380.1	900000	972309	2.0
NW_026999381.1	0	100000	6.0
NW_026999381.1	100000	200000	3.0
NW_026999381.1	200000	300000	3.0
NW_026999381.1	300000	400000	1.0
NW_026999381.1	400000	500000	2.0
NW_026999381.1	500000	600000	3.0
NW_026999381.1	700000	800000	8.0
NW_026999381.1	600000	700000	1.0
NW_026999381.1	900000	969382	3.0
NW_026999382.1	0	100000	2.0
NW_026999382.1	200000	300000	1.0
NW_026999382.1	500000	600000	2.0
NW_026999382.1	700000	800000	3.0
NW_026999382.1	800000	900000	5.0
NW_026999382.1	900000	969896	3.0
NW_026999383.1	0	100000	1.0
NW_026999383.1	100000	200000	1.0
NW_026999383.1	300000	400000	3.0
NW_026999383.1	400000	500000	1.0
NW_026999383.1	600000	700000	2.0
NW_026999383.1	900000	963158	3.0
NW_026999384.1	0	100000	1.0
NW_026999384.1	200000	300000	1.0
NW_026999384.1	300000	400000	2.0
NW_026999384.1	400000	500000	1.0
NW_026999384.1	500000	600000	1.0
NW_026999384.1	600000	700000	2.0
NW_026999384.1	700000	800000	1.0
NW_026999384.1	800000	900000	1.0
NW_026999384.1	900000	939736	2.0
NW_026999385.1	0	100000	1.0
NW_026999385.1	100000	200000	1.0
NW_026999385.1	200000	300000	2.0
NW_026999385.1	300000	400000	2.0
NW_026999385.1	400000	500000	2.0
NW_026999385.1	500000	600000	1.0
NW_026999385.1	600000	700000	4.0
NW_026999385.1	700000	800000	3.0
NW_026999385.1	800000	820497	1.0
NW_026999386.1	0	100000	3.0
NW_026999386.1	100000	200000	4.0
NW_026999386.1	200000	300000	1.0
NW_026999386.1	500000	600000	2.0
NW_026999386.1	700000	800000	1.0
NW_026999386.1	800000	812833	1.0
NW_026999387.1	0	100000	2.0
NW_026999387.1	100000	200000	3.0
NW_026999387.1	200000	300000	1.0
NW_026999387.1	400000	500000	1.0
NW_026999387.1	600000	700000	1.0
NW_026999387.1	700000	786370	1.0
NW_026999388.1	0	100000	6.0
NW_026999388.1	100000	200000	1.0
NW_026999388.1	200000	300000	1.0
NW_026999388.1	300000	400000	1.0
NW_026999388.1	400000	500000	1.0
NW_026999388.1	600000	694072	1.0
NW_026999389.1	0	100000	2.0
NW_026999389.1	200000	300000	1.0
NW_026999389.1	300000	400000	4.0
NW_026999389.1	500000	600000	1.0
NW_026999389.1	600000	686511	3.0
NW_026999390.1	200000	300000	1.0
NW_026999390.1	700000	703631	1.0
NW_026999391.1	0	100000	6.0
NW_026999391.1	100000	200000	2.0
NW_026999391.1	400000	500000	1.0
NW_026999391.1	500000	600000	2.0
NW_026999391.1	600000	640252	1.0
NW_026999392.1	100000	200000	1.0
NW_026999392.1	300000	400000	2.0
NW_026999392.1	500000	600000	4.0
NW_026999393.1	100000	200000	4.0
NW_026999393.1	200000	300000	3.0
NW_026999393.1	300000	400000	4.0
NW_026999393.1	400000	500000	1.0
NW_026999393.1	500000	578715	1.0
NW_026999394.1	0	100000	1.0
NW_026999394.1	100000	200000	5.0
NW_026999394.1	200000	300000	2.0
NW_026999394.1	300000	400000	4.0
NW_026999394.1	400000	500000	3.0
NW_026999394.1	500000	593652	1.0
NW_026999395.1	100000	200000	2.0
NW_026999395.1	200000	300000	1.0
NW_026999395.1	400000	500000	3.0
NW_026999395.1	500000	582163	3.0
NW_026999396.1	100000	200000	1.0
NW_026999396.1	200000	300000	1.0
NW_026999396.1	400000	500000	1.0
NW_026999396.1	500000	564130	2.0
NW_026999397.1	0	100000	1.0
NW_026999397.1	200000	300000	1.0
NW_026999397.1	400000	484660	2.0
NW_026999398.1	200000	300000	1.0
NW_026999398.1	300000	400000	2.0
NW_026999398.1	400000	480999	1.0
NW_026999399.1	100000	200000	4.0
NW_026999399.1	200000	300000	1.0
NW_026999399.1	300000	400000	1.0
NW_026999399.1	400000	465589	1.0
NW_026999400.1	0	100000	1.0
NW_026999400.1	100000	200000	1.0
NW_026999400.1	300000	400000	1.0
NW_026999400.1	400000	500000	9.0
NW_026999400.1	500000	600000	2.0
NW_026999400.1	600000	700000	5.0
NW_026999400.1	700000	800000	4.0
NW_026999400.1	800000	900000	9.0
NW_026999400.1	900000	1000000	9.0
NW_026999400.1	1000000	1100000	2.0
NW_026999400.1	1100000	1200000	3.0
NW_026999400.1	1200000	1300000	2.0
NW_026999400.1	1400000	1500000	1.0
NW_026999400.1	1300000	1400000	1.0
NW_026999400.1	1500000	1600000	2.0
NW_026999400.1	1600000	1700000	5.0
NW_026999400.1	1700000	1800000	4.0
NW_026999400.1	1900000	2000000	1.0
NW_026999400.1	2200000	2300000	1.0
NW_026999400.1	2300000	2400000	1.0
NW_026999400.1	2400000	2500000	5.0
NW_026999400.1	2500000	2600000	1.0
NW_026999400.1	2600000	2700000	1.0
NW_026999400.1	2900000	3000000	2.0
NW_026999400.1	3000000	3100000	3.0
NW_026999400.1	3100000	3200000	8.0
NW_026999400.1	3200000	3300000	4.0
NW_026999400.1	3300000	3400000	5.0
NW_026999400.1	3400000	3500000	2.0
NW_026999400.1	3500000	3525313	2.0
NW_026999401.1	0	100000	3.0
NW_026999401.1	100000	200000	5.0
NW_026999401.1	200000	300000	3.0
NW_026999401.1	300000	400000	2.0
NW_026999401.1	400000	500000	4.0
NW_026999401.1	900000	1000000	3.0
NW_026999401.1	1000000	1100000	2.0
NW_026999401.1	1100000	1200000	5.0
NW_026999401.1	1200000	1300000	1.0
NW_026999402.1	0	100000	6.0
NW_026999402.1	100000	200000	2.0
NW_026999402.1	200000	300000	1.0
NW_026999402.1	300000	400000	3.0
NW_026999402.1	400000	500000	1.0
NW_026999402.1	500000	600000	2.0
NW_026999402.1	600000	700000	4.0
NW_026999402.1	700000	800000	2.0
NW_026999402.1	800000	900000	1.0
NW_026999402.1	900000	1000000	8.0
NW_026999402.1	1000000	1100000	1.0
NW_026999402.1	1100000	1200000	3.0
NW_026999402.1	1200000	1300000	3.0
NW_026999402.1	1300000	1400000	3.0
NW_026999402.1	1400000	1500000	2.0
NW_026999402.1	1500000	1524913	1.0
NW_026999403.1	0	100000	1.0
NW_026999403.1	100000	200000	5.0
NW_026999403.1	200000	300000	4.0
NW_026999403.1	300000	400000	1.0
NW_026999403.1	400000	500000	1.0
NW_026999403.1	500000	600000	7.0
NW_026999403.1	600000	700000	3.0
NW_026999403.1	700000	800000	3.0
NW_026999403.1	800000	900000	4.0
NW_026999403.1	900000	986008	1.0
NW_026999404.1	0	100000	6.0
NW_026999404.1	100000	200000	3.0
NW_026999404.1	300000	400000	1.0
NW_026999404.1	400000	500000	5.0
NW_026999404.1	500000	600000	8.0
NW_026999404.1	600000	700000	5.0
NW_026999404.1	700000	800000	8.0
NW_026999404.1	800000	900000	2.0
NW_026999404.1	900000	1000000	1.0
NW_026999404.1	1000000	1100000	1.0
NW_026999404.1	1100000	1200000	4.0
NW_026999404.1	1200000	1300000	9.0
NW_026999404.1	1300000	1310357	1.0
NW_026999405.1	0	100000	3.0
NW_026999405.1	200000	300000	6.0
NW_026999405.1	300000	400000	3.0
NW_026999405.1	400000	500000	1.0
NW_026999405.1	500000	600000	2.0
NW_026999405.1	600000	700000	2.0
NW_026999405.1	700000	800000	4.0
NW_026999405.1	800000	900000	2.0
NW_026999405.1	1000000	1100000	1.0
NW_026999405.1	1100000	1154415	2.0
NW_026999406.1	100000	200000	1.0
NW_026999406.1	300000	400000	3.0
NW_026999406.1	500000	600000	1.0
NW_026999406.1	600000	700000	1.0
NW_026999406.1	700000	800000	1.0
NW_026999406.1	800000	900000	2.0
NW_026999406.1	900000	1000000	1.0
NW_026999406.1	1000000	1100000	1.0
NW_026999406.1	1100000	1101182	1.0
NW_026999407.1	0	100000	1.0
NW_026999407.1	100000	200000	3.0
NW_026999407.1	200000	300000	2.0
NW_026999407.1	300000	400000	4.0
NW_026999407.1	400000	500000	7.0
NW_026999407.1	500000	600000	2.0
NW_026999407.1	600000	700000	5.0
NW_026999407.1	700000	800000	1.0
NW_026999407.1	800000	900000	2.0
NW_026999407.1	900000	1000000	2.0
NW_026999407.1	1000000	1077150	2.0
NW_026999408.1	0	100000	7.0
NW_026999408.1	100000	200000	3.0
NW_026999408.1	200000	300000	3.0
NW_026999408.1	300000	400000	1.0
NW_026999408.1	400000	500000	2.0
NW_026999408.1	500000	600000	1.0
NW_026999408.1	600000	700000	5.0
NW_026999408.1	700000	800000	9.0
NW_026999408.1	800000	900000	2.0
NW_026999408.1	900000	1000000	6.0
NW_026999408.1	1000000	1048641	3.0
NW_026999409.1	0	100000	3.0
NW_026999409.1	100000	200000	1.0
NW_026999409.1	300000	400000	2.0
NW_026999409.1	400000	500000	1.0
NW_026999409.1	500000	600000	2.0
NW_026999409.1	600000	700000	1.0
NW_026999409.1	700000	800000	3.0
NW_026999409.1	800000	836954	1.0
NW_026999410.1	0	100000	1.0
NW_026999410.1	100000	200000	2.0
NW_026999410.1	200000	300000	1.0
NW_026999410.1	300000	400000	2.0
NW_026999410.1	400000	500000	2.0
NW_026999410.1	500000	600000	1.0
NW_026999410.1	600000	700000	1.0
NW_026999410.1	800000	825606	1.0
NW_026999411.1	0	100000	1.0
NW_026999411.1	200000	300000	6.0
NW_026999411.1	300000	400000	2.0
NW_026999411.1	400000	500000	1.0
NW_026999411.1	500000	600000	1.0
NW_026999411.1	700000	782144	1.0
NW_026999412.1	0	100000	1.0
NW_026999412.1	100000	200000	3.0
NW_026999412.1	200000	300000	2.0
NW_026999412.1	300000	400000	2.0
NW_026999412.1	400000	500000	4.0
NW_026999412.1	700000	733688	2.0
NW_026999413.1	0	100000	1.0
NW_026999413.1	100000	200000	2.0
NW_026999413.1	200000	300000	1.0
NW_026999413.1	300000	400000	3.0
NW_026999413.1	500000	600000	1.0
NW_026999414.1	0	100000	1.0
NW_026999414.1	100000	200000	3.0
NW_026999414.1	200000	300000	3.0
NW_026999414.1	300000	400000	3.0
NW_026999414.1	400000	500000	1.0
NW_026999414.1	600000	636089	2.0
NW_026999415.1	0	100000	4.0
NW_026999415.1	100000	200000	2.0
NW_026999415.1	200000	300000	3.0
NW_026999415.1	300000	400000	4.0
NW_026999415.1	400000	500000	1.0
NW_026999415.1	500000	600000	4.0
NW_026999415.1	600000	614402	1.0
NW_026999416.1	100000	200000	1.0
NW_026999416.1	200000	300000	3.0
NW_026999416.1	400000	494423	2.0
NW_026999417.1	200000	300000	2.0
NW_026999417.1	500000	597821	3.0
NW_026999418.1	0	100000	5.0
NW_026999418.1	100000	200000	6.0
NW_026999418.1	200000	300000	1.0
NW_026999418.1	300000	400000	1.0
NW_026999418.1	400000	500000	3.0
NW_026999418.1	500000	600000	3.0
NW_026999419.1	0	100000	1.0
NW_026999419.1	200000	300000	2.0
NW_026999419.1	300000	400000	5.0
NW_026999419.1	400000	500000	3.0
NW_026999419.1	500000	600000	6.0
NW_026999419.1	600000	612993	3.0
NW_026999420.1	200000	300000	2.0
NW_026999420.1	300000	369973	2.0
NW_026999421.1	0	100000	2.0
NW_026999421.1	100000	200000	4.0
NW_026999421.1	200000	300000	5.0
NW_026999421.1	300000	400000	7.0
NW_026999421.1	400000	500000	5.0
NW_026999421.1	500000	543647	2.0
NW_026999422.1	100000	200000	3.0
NW_026999422.1	200000	300000	4.0
NW_026999422.1	300000	400000	1.0
NW_026999422.1	400000	500000	5.0
NW_026999422.1	500000	546995	3.0
NW_026999423.1	0	100000	2.0
NW_026999423.1	100000	200000	2.0
NW_026999423.1	200000	300000	3.0
NW_026999423.1	300000	400000	5.0
NW_026999423.1	400000	500000	8.0
NW_026999423.1	500000	537621	4.0
NW_026999424.1	0	100000	3.0
NW_026999424.1	200000	300000	1.0
NW_026999424.1	300000	400000	2.0
NW_026999424.1	400000	500000	4.0
NW_026999424.1	500000	519454	1.0
NW_026999425.1	100000	200000	1.0
NW_026999425.1	300000	400000	1.0
NW_026999425.1	400000	480223	2.0
NW_026999426.1	0	100000	3.0
NW_026999426.1	100000	200000	5.0
NW_026999426.1	200000	300000	3.0
NW_026999426.1	300000	400000	2.0
NW_026999426.1	400000	488204	3.0
NW_026999427.1	0	100000	4.0
NW_026999427.1	100000	200000	2.0
NW_026999427.1	200000	300000	3.0
NW_026999427.1	300000	400000	3.0
NW_026999428.1	100000	200000	2.0
NW_026999428.1	300000	400000	3.0
NW_026999428.1	400000	462836	2.0
NW_026999429.1	0	100000	1.0
NW_026999429.1	100000	200000	1.0
NW_026999429.1	200000	300000	1.0
NW_026999429.1	300000	396212	6.0
NW_026999430.1	0	100000	1.0
NW_026999430.1	100000	200000	4.0
NW_026999430.1	200000	273777	1.0
NW_026999431.1	0	100000	1.0
NW_026999431.1	100000	200000	2.0
NW_026999431.1	200000	300000	1.0
NW_026999431.1	300000	400000	1.0
NW_026999431.1	400000	462342	1.0
NW_026999432.1	0	100000	3.0
NW_026999432.1	100000	200000	1.0
NW_026999432.1	200000	300000	1.0
NW_026999432.1	400000	443925	1.0
NW_026999433.1	0	100000	2.0
NW_026999433.1	100000	200000	1.0
NW_026999433.1	200000	300000	1.0
NW_026999433.1	300000	400000	3.0
NW_026999433.1	400000	439097	1.0
NW_026999434.1	0	100000	2.0
NW_026999434.1	200000	207346	1.0
NW_026999435.1	0	100000	1.0
NW_026999435.1	200000	300000	1.0
NW_026999436.1	0	100000	1.0
NW_026999436.1	200000	300000	1.0
NW_026999436.1	300000	336388	1.0
NW_026999437.1	0	100000	1.0
NW_026999437.1	100000	200000	1.0
NW_026999437.1	300000	373177	1.0
NW_026999438.1	0	100000	1.0
NW_026999438.1	100000	200000	1.0
NW_026999438.1	200000	300000	1.0
NW_026999439.1	100000	195557	2.0
NW_026999440.1	100000	200000	2.0
NW_026999440.1	200000	287788	3.0
NW_026999441.1	0	100000	2.0
NW_026999441.1	100000	200000	1.0
NW_026999441.1	300000	340071	1.0
NW_026999442.1	0	100000	4.0
NW_026999442.1	100000	200000	2.0
NW_026999442.1	200000	246464	2.0
NW_026999443.1	0	100000	1.0
NW_026999443.1	100000	200000	3.0
NW_026999443.1	200000	250648	5.0
NW_026999444.1	100000	191279	2.0
NW_026999445.1	0	100000	2.0
NW_026999445.1	100000	200000	2.0
NW_026999445.1	200000	300000	1.0
NW_026999446.1	0	100000	1.0
NW_026999446.1	100000	200000	3.0
NW_026999446.1	200000	300000	6.0
NW_026999447.1	0	100000	4.0
NW_026999447.1	100000	200000	2.0
NW_026999447.1	200000	247531	1.0
NW_026999448.1	0	100000	1.0
NW_026999448.1	100000	200000	1.0
NW_026999448.1	200000	293074	1.0
NW_026999449.1	0	100000	1.0
NW_026999449.1	100000	200000	4.0
NW_026999449.1	200000	274953	4.0
NW_026999450.1	0	100000	2.0
NW_026999450.1	100000	200000	1.0
NW_026999450.1	200000	222147	1.0
NW_026999451.1	0	100000	4.0
NW_026999451.1	100000	200000	2.0
NW_026999451.1	200000	284020	2.0
NW_026999452.1	0	100000	1.0
NW_026999452.1	100000	175309	2.0
NW_026999453.1	0	100000	1.0
NW_026999453.1	200000	286786	2.0
NW_026999454.1	0	100000	2.0
NW_026999454.1	100000	200000	1.0
NW_026999454.1	200000	300000	1.0
NW_026999454.1	300000	315572	1.0
NW_026999455.1	0	100000	1.0
NW_026999455.1	100000	200000	1.0
NW_026999455.1	200000	248788	2.0
NW_026999456.1	0	100000	7.0
NW_026999456.1	100000	200000	3.0
NW_026999456.1	200000	297616	2.0
NW_026999457.1	0	100000	1.0
NW_026999457.1	200000	254036	3.0
NW_026999458.1	0	100000	3.0
NW_026999458.1	100000	200000	1.0
NW_026999458.1	200000	264833	3.0
NW_026999459.1	0	100000	7.0
NW_026999459.1	100000	200000	2.0
NW_026999459.1	200000	286365	1.0
NW_026999460.1	0	100000	1.0
NW_026999460.1	100000	185743	2.0
NW_026999461.1	0	100000	3.0
NW_026999461.1	100000	200000	2.0
NW_026999461.1	200000	252843	2.0
NW_026999462.1	0	100000	3.0
NW_026999462.1	100000	200000	3.0
NW_026999462.1	200000	237747	1.0
NW_026999464.1	0	100000	4.0
NW_026999464.1	100000	176864	1.0
NW_026999465.1	0	100000	7.0
NW_026999465.1	100000	200000	3.0
NW_026999466.1	0	25161	1.0
NW_026999467.1	0	100000	3.0
NW_026999467.1	100000	161130	2.0
NW_026999468.1	0	100000	2.0
NW_026999468.1	100000	200000	1.0
NW_026999468.1	200000	206993	1.0
NW_026999470.1	0	100000	1.0
NW_026999470.1	100000	198075	4.0
NW_026999471.1	0	100000	1.0
NW_026999471.1	100000	171409	1.0
NW_026999472.1	100000	134189	1.0
NW_026999473.1	0	100000	2.0
NW_026999474.1	0	100000	1.0
NW_026999474.1	100000	173341	1.0
NW_026999475.1	0	46893	4.0
NW_026999476.1	0	100000	4.0
NW_026999476.1	100000	170744	3.0
NW_026999477.1	0	100000	3.0
NW_026999477.1	100000	159467	3.0
NW_026999478.1	0	100000	6.0
NW_026999478.1	100000	170992	6.0
NW_026999479.1	0	100000	3.0
NW_026999479.1	100000	116568	1.0
NW_026999480.1	0	100000	4.0
NW_026999480.1	100000	129304	1.0
NW_026999481.1	0	100000	2.0
NW_026999481.1	100000	155718	2.0
NW_026999482.1	0	100000	1.0
NW_026999482.1	100000	150952	1.0
NW_026999483.1	0	100000	2.0
NW_026999483.1	100000	151724	1.0
NW_026999485.1	0	100000	1.0
NW_026999486.1	100000	144312	3.0
NW_026999487.1	0	100000	2.0
NW_026999487.1	100000	146910	1.0
NW_026999488.1	0	75442	3.0
NW_026999489.1	0	69362	1.0
NW_026999491.1	0	100000	3.0
NW_026999492.1	0	100000	1.0
NW_026999492.1	100000	140237	5.0
NW_026999493.1	0	100000	1.0
NW_026999493.1	100000	119553	1.0
NW_026999494.1	0	100000	3.0
NW_026999494.1	100000	105629	1.0
NW_026999495.1	0	75874	1.0
NW_026999497.1	0	100000	12.0
NW_026999497.1	100000	126152	3.0
NW_026999502.1	0	64904	1.0
NW_026999503.1	0	100000	1.0
NW_026999503.1	100000	110540	1.0
NW_026999504.1	0	100000	2.0
NW_026999504.1	100000	117616	2.0
NW_026999505.1	0	96697	1.0
NW_026999508.1	0	96129	3.0
NW_026999509.1	0	94639	3.0
NW_026999511.1	100000	104327	1.0
NW_026999513.1	0	58091	1.0
NW_026999514.1	0	100000	3.0
NW_026999514.1	100000	104094	1.0
NW_026999515.1	0	94565	2.0
NW_026999516.1	0	52445	1.0
NW_026999517.1	0	65926	2.0
NW_026999518.1	0	75992	1.0
NW_026999521.1	0	85452	3.0
NW_026999522.1	0	84827	5.0
NW_026999523.1	0	33820	2.0
NW_026999524.1	0	78383	3.0
NW_026999525.1	0	66849	1.0
NW_026999527.1	0	88767	4.0
NW_026999528.1	0	44337	1.0
NW_026999529.1	0	87305	2.0
NW_026999531.1	0	83868	2.0
NW_026999532.1	0	85782	3.0
NW_026999533.1	0	68447	1.0
NW_026999534.1	0	29046	2.0
NW_026999536.1	0	77668	1.0
NW_026999537.1	0	79590	3.0
NW_026999538.1	0	70153	1.0
NW_026999539.1	0	63172	1.0
NW_026999540.1	0	26704	2.0
NW_026999541.1	0	60842	1.0
NW_026999542.1	0	48409	2.0
NW_026999545.1	0	57364	4.0
NW_026999546.1	0	58030	4.0
NW_026999548.1	0	59584	1.0
NW_026999549.1	0	42608	3.0
NW_026999550.1	0	10367	1.0
NW_026999552.1	0	67040	1.0
NW_026999555.1	0	67606	1.0
NW_026999557.1	0	21502	1.0
NW_026999558.1	0	20662	1.0
NW_026999559.1	0	44600	2.0
NW_026999560.1	0	62296	3.0
NW_026999561.1	0	65958	27.0
NW_026999562.1	0	27207	1.0
NW_026999563.1	0	58305	3.0
NW_026999564.1	0	58822	1.0
NW_026999565.1	0	35896	3.0
NW_026999567.1	0	34919	1.0
NW_026999569.1	0	58441	2.0
NW_026999572.1	0	9799	1.0
NW_026999573.1	0	28336	1.0
NW_026999574.1	0	59906	1.0
NW_026999575.1	0	28986	2.0
NW_026999576.1	0	35060	1.0
NW_026999578.1	0	2227	1.0
NW_026999580.1	0	44098	2.0
NW_026999581.1	0	8097	1.0
NW_026999582.1	0	22313	1.0
NW_026999583.1	0	35684	1.0
NW_026999584.1	0	50604	1.0
NW_026999585.1	0	52096	1.0
NW_026999586.1	0	48564	2.0
NW_026999590.1	0	34975	3.0
NW_026999591.1	0	49357	1.0
NW_026999593.1	0	12079	1.0
NW_026999594.1	0	45190	1.0
NW_026999596.1	0	25376	1.0
NW_026999597.1	0	30877	2.0
NW_026999598.1	0	22862	2.0
NW_026999600.1	0	17462	1.0
NW_026999603.1	0	27025	1.0
NW_026999604.1	0	26879	1.0
NW_026999608.1	0	3870	1.0
NW_026999612.1	0	29499	1.0
NW_026999613.1	0	24877	1.0
NW_026999617.1	0	33712	1.0
NW_026999622.1	0	21025	1.0
NW_026999623.1	0	22167	2.0
NW_026999625.1	0	29020	1.0
NW_026999630.1	0	12221	1.0
NW_026999635.1	0	8357	1.0
NW_026999636.1	0	18210	2.0
NW_026999642.1	0	8927	1.0
NW_026999646.1	0	13803	1.0
NW_026999648.1	0	17337	1.0
NW_026999651.1	0	16273	2.0
NW_026999653.1	0	16554	2.0
NW_026999654.1	0	15747	1.0
NW_026999657.1	0	10372	1.0
NC_039829.1	0	11882	13.0
