CM023459.1	0	100000	2.0
CM023459.1	600000	700000	1.0
CM023459.1	700000	800000	3.0
CM023459.1	800000	900000	1.0
CM023459.1	900000	1000000	1.0
CM023459.1	1000000	1100000	2.0
CM023459.1	1100000	1200000	3.0
CM023459.1	1300000	1400000	1.0
CM023459.1	1400000	1500000	1.0
CM023459.1	1500000	1600000	4.0
CM023459.1	1600000	1700000	1.0
CM023459.1	1700000	1800000	1.0
CM023459.1	1800000	1900000	1.0
CM023459.1	2100000	2200000	1.0
CM023459.1	2200000	2300000	2.0
CM023459.1	2300000	2400000	1.0
CM023459.1	2900000	3000000	3.0
CM023459.1	3000000	3100000	3.0
CM023459.1	3100000	3200000	2.0
CM023459.1	3400000	3500000	2.0
CM023459.1	3600000	3700000	1.0
CM023459.1	3800000	3900000	1.0
CM023459.1	4200000	4300000	2.0
CM023459.1	4300000	4400000	1.0
CM023459.1	4400000	4500000	1.0
CM023459.1	4700000	4800000	1.0
CM023459.1	4800000	4900000	3.0
CM023459.1	4900000	5000000	2.0
CM023459.1	5300000	5400000	2.0
CM023459.1	5600000	5700000	1.0
CM023459.1	6000000	6100000	1.0
CM023459.1	6100000	6200000	2.0
CM023459.1	6300000	6400000	1.0
CM023459.1	6700000	6800000	1.0
CM023459.1	6800000	6900000	1.0
CM023459.1	7000000	7100000	2.0
CM023459.1	7100000	7200000	1.0
CM023459.1	7200000	7300000	1.0
CM023459.1	7300000	7400000	4.0
CM023459.1	7400000	7500000	1.0
CM023459.1	7600000	7700000	3.0
CM023459.1	7700000	7800000	1.0
CM023459.1	7800000	7900000	4.0
CM023459.1	7900000	8000000	3.0
CM023459.1	8000000	8100000	3.0
CM023459.1	8100000	8200000	2.0
CM023459.1	8300000	8400000	1.0
CM023459.1	8500000	8600000	2.0
CM023459.1	8700000	8800000	3.0
CM023459.1	8800000	8900000	6.0
CM023459.1	8900000	9000000	1.0
CM023459.1	9000000	9100000	1.0
CM023459.1	9100000	9200000	1.0
CM023459.1	9200000	9300000	1.0
CM023459.1	9300000	9400000	1.0
CM023459.1	9500000	9600000	1.0
CM023459.1	9700000	9800000	1.0
CM023459.1	9800000	9900000	1.0
CM023459.1	10000000	10100000	1.0
CM023459.1	10200000	10300000	1.0
CM023459.1	10500000	10600000	3.0
CM023459.1	10600000	10700000	2.0
CM023459.1	11000000	11100000	1.0
CM023459.1	11200000	11300000	1.0
CM023459.1	11300000	11400000	2.0
CM023459.1	11400000	11500000	1.0
CM023459.1	11800000	11900000	1.0
CM023459.1	11900000	12000000	1.0
CM023459.1	12500000	12600000	1.0
CM023459.1	12700000	12800000	1.0
CM023459.1	12800000	12900000	1.0
CM023459.1	13200000	13300000	1.0
CM023459.1	13400000	13500000	3.0
CM023459.1	13500000	13600000	1.0
CM023459.1	13600000	13700000	2.0
CM023459.1	14100000	14200000	2.0
CM023459.1	14200000	14300000	1.0
CM023459.1	14500000	14600000	1.0
CM023459.1	14800000	14900000	1.0
CM023459.1	14900000	15000000	1.0
CM023459.1	15000000	15100000	2.0
CM023459.1	15100000	15200000	2.0
CM023459.1	15200000	15300000	2.0
CM023459.1	15300000	15400000	1.0
CM023459.1	15400000	15500000	1.0
CM023459.1	15500000	15600000	1.0
CM023459.1	15600000	15700000	1.0
CM023459.1	15700000	15800000	3.0
CM023459.1	15800000	15900000	5.0
CM023459.1	15900000	16000000	1.0
CM023459.1	16100000	16200000	1.0
CM023459.1	16200000	16300000	2.0
CM023459.1	16400000	16500000	2.0
CM023459.1	16600000	16700000	1.0
CM023459.1	16800000	16900000	1.0
CM023459.1	16900000	17000000	5.0
CM023459.1	17000000	17100000	1.0
CM023459.1	17300000	17400000	3.0
CM023459.1	17400000	17500000	3.0
CM023459.1	17700000	17800000	3.0
CM023459.1	17800000	17900000	2.0
CM023459.1	17900000	18000000	1.0
CM023459.1	18000000	18100000	1.0
CM023459.1	18100000	18200000	2.0
CM023459.1	18300000	18400000	1.0
CM023459.1	18500000	18600000	3.0
CM023459.1	18600000	18700000	2.0
CM023459.1	18700000	18800000	2.0
CM023459.1	18900000	19000000	1.0
CM023459.1	19000000	19100000	4.0
CM023459.1	19200000	19300000	1.0
CM023459.1	19300000	19400000	1.0
CM023459.1	19400000	19500000	2.0
CM023459.1	19900000	20000000	1.0
CM023459.1	20000000	20100000	1.0
CM023459.1	20200000	20300000	2.0
CM023459.1	20300000	20400000	1.0
CM023459.1	20600000	20700000	2.0
CM023459.1	20700000	20800000	1.0
CM023459.1	20800000	20900000	1.0
CM023459.1	20900000	21000000	1.0
CM023459.1	21100000	21200000	2.0
CM023459.1	21700000	21800000	1.0
CM023459.1	21800000	21900000	1.0
CM023459.1	21900000	22000000	2.0
CM023459.1	22100000	22200000	2.0
CM023459.1	22200000	22300000	1.0
CM023459.1	22300000	22400000	2.0
CM023459.1	22500000	22600000	1.0
CM023459.1	22600000	22700000	1.0
CM023459.1	22900000	23000000	1.0
CM023459.1	23000000	23100000	3.0
CM023459.1	23100000	23200000	5.0
CM023459.1	23200000	23300000	2.0
CM023459.1	23400000	23500000	1.0
CM023459.1	23600000	23700000	2.0
CM023459.1	23800000	23900000	3.0
CM023459.1	23900000	24000000	1.0
CM023459.1	24000000	24100000	1.0
CM023459.1	24300000	24400000	1.0
CM023459.1	24400000	24500000	2.0
CM023459.1	24600000	24700000	1.0
CM023459.1	25100000	25200000	1.0
CM023459.1	25500000	25600000	1.0
CM023459.1	25600000	25700000	1.0
CM023459.1	26000000	26100000	1.0
CM023459.1	26400000	26500000	1.0
CM023459.1	26500000	26600000	1.0
CM023459.1	26700000	26800000	1.0
CM023459.1	26900000	27000000	1.0
CM023459.1	27300000	27400000	1.0
CM023459.1	27500000	27600000	1.0
CM023459.1	27700000	27800000	1.0
CM023459.1	27800000	27900000	2.0
CM023459.1	27900000	28000000	2.0
CM023459.1	28100000	28200000	2.0
CM023459.1	28500000	28600000	1.0
CM023459.1	28700000	28800000	1.0
CM023459.1	28800000	28900000	1.0
CM023459.1	29000000	29100000	2.0
CM023459.1	29400000	29500000	1.0
CM023459.1	29500000	29600000	1.0
CM023459.1	29900000	30000000	4.0
CM023459.1	30100000	30200000	3.0
CM023459.1	30200000	30300000	1.0
CM023459.1	30400000	30500000	2.0
CM023459.1	30700000	30800000	5.0
CM023459.1	30900000	31000000	1.0
CM023459.1	31100000	31200000	3.0
CM023459.1	31200000	31300000	2.0
CM023459.1	31300000	31400000	2.0
CM023459.1	31400000	31500000	3.0
CM023459.1	31500000	31600000	3.0
CM023459.1	31700000	31800000	1.0
CM023459.1	31800000	31900000	3.0
CM023459.1	32200000	32300000	3.0
CM023459.1	32300000	32400000	1.0
CM023459.1	32600000	32700000	1.0
CM023459.1	32900000	33000000	1.0
CM023459.1	33500000	33600000	3.0
CM023459.1	33600000	33700000	2.0
CM023459.1	33800000	33900000	1.0
CM023459.1	33900000	34000000	3.0
CM023459.1	34100000	34200000	1.0
CM023459.1	34400000	34500000	2.0
CM023459.1	34500000	34600000	1.0
CM023459.1	34600000	34700000	1.0
CM023459.1	34700000	34800000	2.0
CM023459.1	35000000	35100000	1.0
CM023459.1	35200000	35300000	1.0
CM023459.1	35700000	35800000	2.0
CM023459.1	35800000	35900000	2.0
CM023459.1	36200000	36300000	1.0
CM023459.1	36300000	36400000	2.0
CM023459.1	36500000	36600000	3.0
CM023459.1	36600000	36700000	2.0
CM023459.1	36800000	36900000	1.0
CM023459.1	37000000	37100000	1.0
CM023459.1	37100000	37200000	2.0
CM023459.1	37400000	37500000	2.0
CM023459.1	37500000	37600000	1.0
CM023459.1	37600000	37700000	1.0
CM023459.1	37700000	37800000	1.0
CM023459.1	37900000	38000000	1.0
CM023459.1	38200000	38300000	1.0
CM023459.1	38400000	38500000	2.0
CM023459.1	38500000	38600000	1.0
CM023459.1	38600000	38700000	1.0
CM023459.1	38700000	38800000	2.0
CM023459.1	38800000	38900000	1.0
CM023459.1	39100000	39200000	2.0
CM023459.1	39400000	39500000	1.0
CM023459.1	39500000	39600000	1.0
CM023459.1	39600000	39700000	1.0
CM023459.1	40300000	40400000	1.0
CM023459.1	40500000	40600000	1.0
CM023459.1	40700000	40800000	1.0
CM023459.1	40900000	41000000	4.0
CM023459.1	41000000	41100000	1.0
CM023459.1	41700000	41800000	1.0
CM023459.1	42000000	42100000	1.0
CM023459.1	42200000	42300000	1.0
CM023459.1	42300000	42400000	2.0
CM023459.1	42400000	42500000	1.0
CM023459.1	42500000	42600000	1.0
CM023459.1	42600000	42700000	1.0
CM023459.1	42700000	42800000	3.0
CM023459.1	43000000	43100000	2.0
CM023459.1	43100000	43200000	5.0
CM023459.1	43200000	43300000	3.0
CM023459.1	43400000	43500000	1.0
CM023459.1	43500000	43600000	1.0
CM023459.1	43700000	43800000	2.0
CM023459.1	43800000	43900000	3.0
CM023459.1	43900000	44000000	2.0
CM023459.1	44000000	44100000	3.0
CM023459.1	44200000	44300000	1.0
CM023459.1	44300000	44400000	2.0
CM023459.1	44400000	44500000	1.0
CM023459.1	44600000	44700000	1.0
CM023459.1	44900000	45000000	2.0
CM023459.1	45200000	45300000	1.0
CM023459.1	45500000	45600000	2.0
CM023459.1	45900000	46000000	1.0
CM023459.1	46000000	46100000	5.0
CM023459.1	46400000	46500000	2.0
CM023459.1	46500000	46600000	3.0
CM023459.1	46600000	46700000	1.0
CM023459.1	47100000	47200000	5.0
CM023459.1	47300000	47400000	1.0
CM023459.1	47500000	47600000	1.0
CM023459.1	47800000	47900000	2.0
CM023459.1	48000000	48100000	1.0
CM023459.1	48100000	48200000	1.0
CM023459.1	48200000	48300000	1.0
CM023459.1	48300000	48400000	3.0
CM023459.1	48400000	48500000	1.0
CM023459.1	48500000	48600000	1.0
CM023459.1	48700000	48800000	2.0
CM023459.1	48800000	48900000	4.0
CM023459.1	48900000	49000000	1.0
CM023459.1	49100000	49200000	3.0
CM023459.1	49300000	49400000	1.0
CM023459.1	49500000	49600000	5.0
CM023459.1	49700000	49800000	2.0
CM023459.1	49900000	50000000	2.0
CM023459.1	50200000	50300000	1.0
CM023459.1	50300000	50400000	1.0
CM023459.1	50400000	50500000	1.0
CM023459.1	50700000	50800000	2.0
CM023459.1	51000000	51100000	3.0
CM023459.1	51200000	51300000	1.0
CM023459.1	51500000	51600000	1.0
CM023459.1	51600000	51700000	1.0
CM023459.1	52500000	52600000	1.0
CM023459.1	52600000	52700000	4.0
CM023459.1	52700000	52800000	2.0
CM023459.1	52800000	52900000	1.0
CM023459.1	52900000	53000000	1.0
CM023459.1	53000000	53100000	2.0
CM023459.1	53100000	53200000	1.0
CM023459.1	53300000	53400000	1.0
CM023459.1	53500000	53600000	1.0
CM023459.1	53600000	53700000	1.0
CM023459.1	53900000	54000000	1.0
CM023459.1	54100000	54200000	2.0
CM023459.1	54300000	54400000	1.0
CM023459.1	54400000	54500000	1.0
CM023459.1	54600000	54700000	1.0
CM023459.1	54900000	55000000	2.0
CM023459.1	55200000	55300000	2.0
CM023459.1	55500000	55600000	3.0
CM023459.1	55900000	56000000	2.0
CM023459.1	56000000	56100000	1.0
CM023459.1	56300000	56400000	1.0
CM023459.1	56400000	56500000	1.0
CM023459.1	56500000	56600000	3.0
CM023459.1	56800000	56900000	1.0
CM023459.1	56900000	57000000	2.0
CM023459.1	57000000	57100000	1.0
CM023459.1	57100000	57200000	2.0
CM023459.1	57300000	57400000	1.0
CM023459.1	57400000	57500000	3.0
CM023459.1	57500000	57600000	1.0
CM023459.1	57700000	57800000	1.0
CM023459.1	57800000	57900000	1.0
CM023459.1	57900000	58000000	2.0
CM023459.1	58000000	58100000	1.0
CM023459.1	58100000	58200000	1.0
CM023459.1	58400000	58500000	2.0
CM023459.1	58500000	58600000	1.0
CM023459.1	58600000	58700000	1.0
CM023459.1	58700000	58800000	5.0
CM023459.1	58800000	58900000	1.0
CM023459.1	58900000	59000000	2.0
CM023459.1	59000000	59100000	4.0
CM023459.1	59100000	59200000	1.0
CM023459.1	59200000	59300000	1.0
CM023459.1	59400000	59500000	2.0
CM023459.1	59600000	59700000	1.0
CM023459.1	59800000	59900000	1.0
CM023459.1	59900000	60000000	1.0
CM023459.1	60000000	60100000	1.0
CM023459.1	60200000	60300000	1.0
CM023459.1	60600000	60700000	1.0
CM023459.1	60700000	60800000	1.0
CM023459.1	61000000	61100000	1.0
CM023459.1	61100000	61200000	1.0
CM023459.1	61400000	61500000	1.0
CM023459.1	61700000	61800000	2.0
CM023459.1	62100000	62200000	4.0
CM023459.1	62300000	62400000	2.0
CM023459.1	62400000	62500000	2.0
CM023459.1	62500000	62600000	1.0
CM023459.1	62600000	62700000	2.0
CM023459.1	62700000	62800000	1.0
CM023459.1	62800000	62900000	2.0
CM023459.1	62900000	63000000	2.0
CM023459.1	63000000	63100000	3.0
CM023459.1	63100000	63200000	2.0
CM023459.1	63200000	63300000	1.0
CM023459.1	63300000	63400000	1.0
CM023459.1	63500000	63600000	1.0
CM023459.1	63800000	63900000	1.0
CM023459.1	63900000	64000000	1.0
CM023459.1	64100000	64200000	1.0
CM023459.1	64400000	64500000	1.0
CM023459.1	64500000	64600000	1.0
CM023459.1	64600000	64700000	1.0
CM023459.1	64900000	65000000	2.0
CM023459.1	65100000	65200000	2.0
CM023459.1	65300000	65400000	6.0
CM023459.1	65500000	65600000	1.0
CM023459.1	65700000	65800000	2.0
CM023459.1	65800000	65900000	1.0
CM023459.1	66000000	66100000	3.0
CM023459.1	66100000	66200000	2.0
CM023459.1	66200000	66300000	2.0
CM023459.1	66300000	66400000	1.0
CM023459.1	66400000	66500000	6.0
CM023459.1	66500000	66600000	6.0
CM023459.1	67100000	67200000	5.0
CM023459.1	67200000	67300000	2.0
CM023459.1	67300000	67400000	4.0
CM023459.1	67400000	67500000	1.0
CM023459.1	67500000	67600000	1.0
CM023459.1	67600000	67700000	2.0
CM023459.1	67700000	67800000	1.0
CM023459.1	67800000	67900000	1.0
CM023459.1	67900000	68000000	1.0
CM023459.1	68100000	68200000	9.0
CM023459.1	68200000	68300000	1.0
CM023459.1	68300000	68400000	1.0
CM023459.1	68400000	68500000	2.0
CM023459.1	68500000	68600000	1.0
CM023459.1	68600000	68700000	1.0
CM023459.1	68700000	68800000	1.0
CM023459.1	68800000	68900000	1.0
CM023459.1	68900000	69000000	1.0
CM023459.1	69300000	69400000	1.0
CM023459.1	69600000	69700000	2.0
CM023459.1	69700000	69800000	1.0
CM023459.1	69900000	70000000	5.0
CM023459.1	70000000	70100000	3.0
CM023459.1	70400000	70500000	2.0
CM023459.1	70500000	70600000	2.0
CM023459.1	70600000	70700000	3.0
CM023459.1	70700000	70800000	1.0
CM023459.1	70800000	70900000	1.0
CM023459.1	70900000	71000000	2.0
CM023459.1	71000000	71100000	1.0
CM023459.1	71100000	71200000	1.0
CM023459.1	71300000	71400000	3.0
CM023459.1	71400000	71500000	1.0
CM023459.1	71500000	71600000	1.0
CM023459.1	71600000	71700000	2.0
CM023459.1	71800000	71900000	4.0
CM023459.1	71900000	72000000	3.0
CM023459.1	72000000	72100000	1.0
CM023459.1	72100000	72200000	3.0
CM023459.1	72300000	72400000	2.0
CM023459.1	72400000	72500000	1.0
CM023459.1	72500000	72600000	3.0
CM023459.1	72600000	72700000	2.0
CM023459.1	72700000	72800000	4.0
CM023459.1	72800000	72900000	4.0
CM023459.1	72900000	73000000	4.0
CM023459.1	73000000	73100000	3.0
CM023459.1	73100000	73200000	1.0
CM023459.1	73200000	73300000	4.0
CM023459.1	73300000	73400000	1.0
CM023459.1	73500000	73600000	2.0
CM023459.1	73700000	73800000	1.0
CM023459.1	73900000	74000000	2.0
CM023459.1	74000000	74100000	10.0
CM023459.1	74100000	74200000	2.0
CM023459.1	74200000	74300000	3.0
CM023459.1	74300000	74400000	2.0
CM023459.1	74400000	74500000	2.0
CM023459.1	74500000	74600000	4.0
CM023459.1	74700000	74800000	1.0
CM023459.1	74900000	75000000	1.0
CM023459.1	75200000	75300000	2.0
CM023459.1	75500000	75600000	1.0
CM023459.1	75600000	75700000	1.0
CM023459.1	75800000	75900000	1.0
CM023459.1	75900000	76000000	1.0
CM023459.1	76000000	76100000	3.0
CM023459.1	76100000	76200000	3.0
CM023459.1	76200000	76300000	3.0
CM023459.1	76300000	76400000	4.0
CM023459.1	76400000	76500000	2.0
CM023459.1	76700000	76800000	1.0
CM023459.1	76800000	76900000	2.0
CM023459.1	76900000	77000000	2.0
CM023459.1	77100000	77200000	2.0
CM023459.1	77700000	77800000	1.0
CM023459.1	77800000	77900000	2.0
CM023459.1	77900000	78000000	4.0
CM023459.1	78000000	78100000	2.0
CM023459.1	78100000	78200000	2.0
CM023459.1	78200000	78300000	1.0
CM023459.1	78300000	78400000	2.0
CM023459.1	78500000	78600000	1.0
CM023459.1	78600000	78700000	3.0
CM023459.1	78900000	79000000	1.0
CM023459.1	79000000	79100000	1.0
CM023459.1	79100000	79200000	1.0
CM023459.1	79300000	79400000	1.0
CM023459.1	79800000	79900000	1.0
CM023459.1	80200000	80300000	1.0
CM023459.1	80500000	80600000	1.0
CM023459.1	80600000	80700000	1.0
CM023459.1	80800000	80900000	1.0
CM023459.1	81000000	81100000	3.0
CM023459.1	81100000	81200000	3.0
CM023459.1	81200000	81300000	3.0
CM023459.1	81500000	81600000	1.0
CM023459.1	81600000	81700000	1.0
CM023459.1	81800000	81900000	1.0
CM023459.1	81900000	82000000	2.0
CM023459.1	82000000	82100000	4.0
CM023459.1	82100000	82200000	1.0
CM023459.1	82400000	82500000	1.0
CM023459.1	82500000	82600000	1.0
CM023459.1	82600000	82700000	1.0
CM023459.1	82900000	83000000	1.0
CM023459.1	83100000	83200000	2.0
CM023459.1	83300000	83400000	1.0
CM023459.1	83500000	83600000	1.0
CM023459.1	83900000	84000000	4.0
CM023459.1	84000000	84100000	3.0
CM023459.1	84100000	84200000	2.0
CM023459.1	84200000	84300000	2.0
CM023459.1	84500000	84600000	1.0
CM023459.1	84600000	84700000	4.0
CM023459.1	85000000	85100000	4.0
CM023459.1	85100000	85200000	4.0
CM023459.1	85200000	85300000	2.0
CM023459.1	85500000	85600000	2.0
CM023459.1	85800000	85900000	1.0
CM023459.1	85900000	86000000	1.0
CM023459.1	86300000	86400000	2.0
CM023459.1	86400000	86500000	3.0
CM023459.1	86500000	86600000	3.0
CM023459.1	86600000	86700000	1.0
CM023459.1	86900000	87000000	1.0
CM023459.1	87300000	87400000	2.0
CM023459.1	87400000	87500000	5.0
CM023459.1	87500000	87600000	2.0
CM023459.1	87600000	87700000	1.0
CM023459.1	87800000	87900000	4.0
CM023459.1	87900000	88000000	4.0
CM023459.1	88000000	88100000	2.0
CM023459.1	88100000	88200000	2.0
CM023459.1	88200000	88300000	1.0
CM023459.1	88800000	88900000	1.0
CM023459.1	89200000	89300000	6.0
CM023459.1	89300000	89400000	4.0
CM023459.1	89400000	89500000	2.0
CM023459.1	89500000	89600000	4.0
CM023459.1	89600000	89700000	2.0
CM023459.1	89700000	89800000	1.0
CM023459.1	89800000	89900000	1.0
CM023459.1	90000000	90100000	8.0
CM023459.1	90100000	90200000	4.0
CM023459.1	90200000	90300000	1.0
CM023459.1	90300000	90400000	2.0
CM023459.1	90400000	90500000	1.0
CM023459.1	90500000	90600000	1.0
CM023459.1	90600000	90700000	1.0
CM023459.1	90900000	91000000	2.0
CM023459.1	91000000	91100000	2.0
CM023459.1	91100000	91200000	2.0
CM023459.1	91200000	91300000	2.0
CM023459.1	91400000	91500000	1.0
CM023459.1	91500000	91600000	1.0
CM023459.1	91600000	91700000	4.0
CM023459.1	91700000	91800000	2.0
CM023459.1	91800000	91900000	1.0
CM023459.1	92000000	92100000	1.0
CM023459.1	92100000	92200000	1.0
CM023459.1	92400000	92500000	1.0
CM023459.1	93200000	93300000	1.0
CM023459.1	93300000	93400000	1.0
CM023459.1	93400000	93500000	3.0
CM023459.1	93500000	93600000	1.0
CM023459.1	93600000	93700000	3.0
CM023459.1	93700000	93800000	2.0
CM023459.1	93800000	93900000	2.0
CM023459.1	93900000	94000000	3.0
CM023459.1	94100000	94200000	3.0
CM023459.1	94200000	94300000	2.0
CM023459.1	94300000	94400000	1.0
CM023459.1	94400000	94500000	6.0
CM023459.1	94500000	94600000	3.0
CM023459.1	94600000	94700000	1.0
CM023459.1	94700000	94800000	1.0
CM023459.1	94800000	94900000	3.0
CM023459.1	94900000	95000000	1.0
CM023459.1	95100000	95200000	2.0
CM023459.1	95400000	95500000	2.0
CM023459.1	95500000	95600000	1.0
CM023459.1	95600000	95700000	1.0
CM023459.1	95700000	95800000	2.0
CM023459.1	95800000	95900000	1.0
CM023459.1	96100000	96200000	1.0
CM023459.1	96200000	96300000	2.0
CM023459.1	96300000	96400000	1.0
CM023459.1	96400000	96500000	1.0
CM023459.1	97000000	97100000	2.0
CM023459.1	97300000	97400000	1.0
CM023459.1	97400000	97500000	2.0
CM023459.1	97500000	97600000	1.0
CM023459.1	97700000	97800000	2.0
CM023459.1	97800000	97900000	1.0
CM023459.1	97900000	98000000	1.0
CM023459.1	98000000	98100000	1.0
CM023459.1	98100000	98200000	1.0
CM023459.1	98300000	98400000	1.0
CM023459.1	98400000	98500000	4.0
CM023459.1	98500000	98600000	1.0
CM023459.1	98600000	98700000	4.0
CM023459.1	98700000	98800000	5.0
CM023459.1	98800000	98900000	2.0
CM023459.1	98900000	99000000	3.0
CM023459.1	99000000	99100000	3.0
CM023459.1	99100000	99200000	2.0
CM023459.1	99200000	99300000	5.0
CM023459.1	99300000	99400000	3.0
CM023459.1	99400000	99500000	3.0
CM023459.1	99500000	99600000	2.0
CM023459.1	99600000	99700000	3.0
CM023459.1	99700000	99800000	2.0
CM023459.1	99900000	100000000	1.0
CM023459.1	100000000	100100000	5.0
CM023459.1	100100000	100200000	4.0
CM023459.1	100200000	100300000	3.0
CM023459.1	100300000	100400000	1.0
CM023459.1	100500000	100600000	1.0
CM023459.1	100600000	100700000	1.0
CM023459.1	100800000	100900000	1.0
CM023459.1	101400000	101500000	1.0
CM023459.1	101600000	101700000	1.0
CM023459.1	101900000	102000000	1.0
CM023459.1	102000000	102100000	2.0
CM023459.1	102100000	102200000	2.0
CM023459.1	102400000	102500000	2.0
CM023459.1	102500000	102600000	5.0
CM023459.1	102600000	102700000	1.0
CM023459.1	102700000	102800000	1.0
CM023459.1	102800000	102900000	2.0
CM023459.1	102900000	103000000	1.0
CM023459.1	103000000	103100000	3.0
CM023459.1	103100000	103200000	4.0
CM023459.1	103200000	103300000	1.0
CM023459.1	103300000	103400000	2.0
CM023459.1	103400000	103500000	8.0
CM023459.1	103500000	103600000	6.0
CM023459.1	103600000	103700000	3.0
CM023459.1	103700000	103800000	1.0
CM023459.1	103800000	103900000	3.0
CM023459.1	103900000	104000000	5.0
CM023459.1	104000000	104100000	1.0
CM023459.1	104300000	104400000	1.0
CM023459.1	104400000	104500000	1.0
CM023459.1	104500000	104600000	2.0
CM023459.1	104900000	105000000	1.0
CM023459.1	105000000	105100000	3.0
CM023459.1	105100000	105200000	2.0
CM023459.1	105200000	105300000	3.0
CM023459.1	105300000	105400000	3.0
CM023459.1	105400000	105500000	4.0
CM023459.1	105500000	105600000	1.0
CM023459.1	105600000	105700000	1.0
CM023459.1	105700000	105800000	1.0
CM023459.1	105800000	105900000	1.0
CM023459.1	106200000	106300000	1.0
CM023459.1	106300000	106400000	3.0
CM023459.1	106500000	106600000	3.0
CM023459.1	106700000	106800000	2.0
CM023459.1	107200000	107300000	1.0
CM023459.1	107300000	107400000	4.0
CM023459.1	107500000	107600000	1.0
CM023459.1	107600000	107700000	1.0
CM023459.1	107700000	107800000	1.0
CM023459.1	107900000	108000000	1.0
CM023459.1	108200000	108300000	1.0
CM023459.1	108300000	108400000	2.0
CM023459.1	108400000	108500000	1.0
CM023459.1	108500000	108600000	3.0
CM023459.1	108600000	108700000	1.0
CM023459.1	108700000	108800000	3.0
CM023459.1	108900000	109000000	1.0
CM023459.1	109000000	109100000	1.0
CM023459.1	109100000	109200000	2.0
CM023459.1	109200000	109300000	2.0
CM023459.1	109300000	109400000	2.0
CM023459.1	109600000	109700000	1.0
CM023459.1	109700000	109800000	1.0
CM023459.1	109800000	109900000	1.0
CM023459.1	109900000	110000000	2.0
CM023459.1	110100000	110200000	1.0
CM023459.1	110300000	110400000	3.0
CM023459.1	110400000	110500000	1.0
CM023459.1	110500000	110600000	2.0
CM023459.1	110600000	110700000	2.0
CM023459.1	110700000	110800000	1.0
CM023459.1	110900000	111000000	1.0
CM023459.1	111000000	111100000	5.0
CM023459.1	111300000	111400000	1.0
CM023459.1	111400000	111500000	2.0
CM023459.1	112100000	112200000	2.0
CM023459.1	112300000	112400000	1.0
CM023459.1	113100000	113200000	2.0
CM023459.1	113200000	113300000	1.0
CM023459.1	113300000	113400000	1.0
CM023459.1	113400000	113500000	1.0
CM023459.1	113500000	113600000	2.0
CM023459.1	113600000	113700000	6.0
CM023459.1	113900000	114000000	1.0
CM023459.1	114000000	114100000	1.0
CM023459.1	114100000	114200000	6.0
CM023459.1	114200000	114300000	2.0
CM023459.1	114400000	114500000	1.0
CM023459.1	114500000	114600000	3.0
CM023459.1	114700000	114800000	1.0
CM023459.1	115100000	115200000	6.0
CM023459.1	115200000	115300000	1.0
CM023459.1	115300000	115400000	3.0
CM023459.1	115400000	115500000	3.0
CM023459.1	115500000	115600000	1.0
CM023459.1	115700000	115800000	1.0
CM023459.1	116200000	116300000	2.0
CM023459.1	116300000	116400000	4.0
CM023459.1	116400000	116500000	1.0
CM023459.1	116700000	116800000	4.0
CM023459.1	116800000	116900000	3.0
CM023459.1	116900000	117000000	2.0
CM023459.1	117000000	117100000	3.0
CM023459.1	117200000	117300000	6.0
CM023459.1	117300000	117400000	1.0
CM023459.1	117400000	117500000	2.0
CM023459.1	117500000	117600000	3.0
CM023459.1	117700000	117800000	2.0
CM023459.1	117800000	117900000	2.0
CM023459.1	118200000	118300000	2.0
CM023459.1	118600000	118700000	1.0
CM023459.1	119000000	119100000	1.0
CM023459.1	119300000	119400000	1.0
CM023459.1	119400000	119500000	1.0
CM023459.1	119600000	119700000	3.0
CM023459.1	119700000	119800000	1.0
CM023459.1	119800000	119900000	1.0
CM023459.1	119900000	120000000	1.0
CM023459.1	120000000	120100000	1.0
CM023459.1	120100000	120200000	2.0
CM023459.1	120300000	120400000	1.0
CM023459.1	120400000	120500000	6.0
CM023459.1	120500000	120600000	2.0
CM023459.1	120600000	120700000	5.0
CM023459.1	120700000	120800000	5.0
CM023459.1	120800000	120900000	4.0
CM023459.1	121000000	121100000	1.0
CM023459.1	121100000	121200000	2.0
CM023459.1	121200000	121300000	2.0
CM023459.1	121300000	121400000	3.0
CM023459.1	121500000	121600000	1.0
CM023459.1	122000000	122100000	1.0
CM023459.1	122300000	122400000	3.0
CM023459.1	122400000	122500000	4.0
CM023459.1	122700000	122800000	2.0
CM023459.1	122800000	122900000	2.0
CM023459.1	122900000	123000000	2.0
CM023459.1	123000000	123100000	2.0
CM023459.1	123200000	123300000	4.0
CM023459.1	123300000	123400000	1.0
CM023459.1	123400000	123500000	1.0
CM023459.1	123500000	123600000	5.0
CM023459.1	123600000	123700000	3.0
CM023459.1	123700000	123800000	8.0
CM023459.1	123900000	124000000	5.0
CM023459.1	124000000	124100000	4.0
CM023459.1	124100000	124200000	2.0
CM023459.1	124200000	124300000	2.0
CM023459.1	124400000	124500000	3.0
CM023459.1	124500000	124600000	2.0
CM023459.1	124600000	124700000	5.0
CM023459.1	124700000	124800000	3.0
CM023459.1	124800000	124900000	1.0
CM023459.1	125100000	125200000	1.0
CM023459.1	125200000	125300000	4.0
CM023459.1	125300000	125400000	1.0
CM023459.1	125400000	125500000	1.0
CM023459.1	125500000	125600000	1.0
CM023459.1	125800000	125900000	1.0
CM023459.1	125900000	126000000	1.0
CM023459.1	126000000	126100000	1.0
CM023459.1	126100000	126200000	2.0
CM023459.1	126200000	126300000	1.0
CM023459.1	126300000	126400000	1.0
CM023459.1	126400000	126500000	2.0
CM023459.1	126500000	126600000	3.0
CM023459.1	126600000	126700000	7.0
CM023459.1	126700000	126800000	3.0
CM023459.1	126800000	126900000	1.0
CM023459.1	126900000	127000000	1.0
CM023459.1	127000000	127100000	1.0
CM023459.1	127200000	127300000	2.0
CM023459.1	127300000	127400000	2.0
CM023459.1	127500000	127600000	3.0
CM023459.1	127600000	127700000	2.0
CM023459.1	127900000	128000000	3.0
CM023459.1	128000000	128100000	4.0
CM023459.1	128100000	128200000	1.0
CM023459.1	128800000	128900000	2.0
CM023459.1	129100000	129200000	1.0
CM023459.1	129300000	129400000	3.0
CM023459.1	129400000	129500000	4.0
CM023459.1	129500000	129600000	1.0
CM023459.1	129600000	129700000	3.0
CM023459.1	129800000	129900000	2.0
CM023459.1	130300000	130400000	3.0
CM023459.1	130400000	130500000	2.0
CM023459.1	130600000	130700000	2.0
CM023459.1	130800000	130900000	2.0
CM023459.1	130900000	131000000	1.0
CM023459.1	131100000	131200000	1.0
CM023459.1	131200000	131300000	2.0
CM023459.1	131300000	131400000	2.0
CM023459.1	131400000	131500000	2.0
CM023459.1	131500000	131600000	2.0
CM023459.1	131700000	131800000	2.0
CM023459.1	131800000	131900000	1.0
CM023459.1	132000000	132100000	4.0
CM023459.1	132100000	132200000	5.0
CM023459.1	132200000	132300000	3.0
CM023459.1	132300000	132400000	2.0
CM023459.1	132600000	132700000	1.0
CM023459.1	132700000	132800000	3.0
CM023459.1	132800000	132900000	5.0
CM023459.1	133400000	133500000	1.0
CM023459.1	133600000	133700000	1.0
CM023459.1	134100000	134200000	1.0
CM023459.1	134800000	134900000	3.0
CM023459.1	134900000	135000000	3.0
CM023459.1	135000000	135100000	2.0
CM023459.1	135100000	135200000	1.0
CM023459.1	135200000	135300000	2.0
CM023459.1	135800000	135900000	2.0
CM023459.1	135900000	136000000	2.0
CM023459.1	136000000	136100000	1.0
CM023459.1	136100000	136200000	4.0
CM023459.1	136200000	136300000	6.0
CM023459.1	136300000	136400000	1.0
CM023459.1	136400000	136500000	3.0
CM023459.1	136500000	136600000	2.0
CM023459.1	136700000	136800000	4.0
CM023459.1	136800000	136900000	1.0
CM023459.1	136900000	137000000	2.0
CM023459.1	137000000	137100000	4.0
CM023459.1	137100000	137200000	1.0
CM023459.1	137300000	137400000	3.0
CM023459.1	137400000	137500000	4.0
CM023459.1	137500000	137600000	1.0
CM023459.1	137600000	137700000	1.0
CM023459.1	138500000	138600000	3.0
CM023459.1	138900000	139000000	1.0
CM023459.1	139500000	139600000	1.0
CM023459.1	139800000	139900000	1.0
CM023459.1	139900000	140000000	1.0
CM023459.1	140800000	140900000	2.0
CM023459.1	140900000	141000000	2.0
CM023459.1	141200000	141300000	1.0
CM023459.1	141300000	141400000	2.0
CM023459.1	141400000	141500000	2.0
CM023459.1	141500000	141600000	1.0
CM023459.1	141800000	141900000	1.0
CM023459.1	141900000	142000000	1.0
CM023459.1	142000000	142100000	4.0
CM023459.1	142100000	142200000	1.0
CM023459.1	142200000	142300000	2.0
CM023459.1	142300000	142400000	2.0
CM023459.1	142400000	142500000	3.0
CM023459.1	142500000	142600000	1.0
CM023459.1	142600000	142700000	2.0
CM023459.1	142800000	142900000	1.0
CM023459.1	142900000	143000000	3.0
CM023459.1	143000000	143100000	3.0
CM023459.1	143100000	143200000	5.0
CM023459.1	143200000	143300000	5.0
CM023459.1	143300000	143400000	1.0
CM023459.1	143500000	143600000	2.0
CM023459.1	143600000	143700000	3.0
CM023459.1	143700000	143800000	1.0
CM023459.1	143800000	143900000	2.0
CM023459.1	143900000	144000000	2.0
CM023459.1	144000000	144100000	5.0
CM023459.1	144100000	144200000	3.0
CM023459.1	144200000	144300000	2.0
CM023459.1	144300000	144400000	1.0
CM023459.1	144400000	144500000	3.0
CM023459.1	144500000	144600000	3.0
CM023459.1	144600000	144700000	4.0
CM023459.1	144700000	144800000	3.0
CM023459.1	144800000	144900000	3.0
CM023459.1	144900000	145000000	4.0
CM023459.1	145000000	145100000	4.0
CM023459.1	145100000	145200000	4.0
CM023459.1	145200000	145300000	5.0
CM023459.1	145300000	145400000	2.0
CM023459.1	145500000	145600000	2.0
CM023459.1	145900000	146000000	1.0
CM023459.1	146000000	146100000	1.0
CM023459.1	146200000	146300000	3.0
CM023459.1	146300000	146400000	2.0
CM023459.1	146700000	146800000	5.0
CM023459.1	146900000	147000000	1.0
CM023459.1	147000000	147100000	1.0
CM023459.1	147200000	147300000	3.0
CM023459.1	147300000	147400000	1.0
CM023459.1	147500000	147600000	2.0
CM023459.1	147600000	147700000	3.0
CM023459.1	147700000	147800000	2.0
CM023459.1	147900000	148000000	1.0
CM023459.1	148000000	148100000	2.0
CM023459.1	148100000	148200000	1.0
CM023459.1	148200000	148300000	1.0
CM023459.1	148300000	148400000	2.0
CM023459.1	148600000	148700000	1.0
CM023459.1	149400000	149500000	2.0
CM023459.1	149500000	149600000	1.0
CM023459.1	149600000	149700000	2.0
CM023459.1	149700000	149800000	4.0
CM023459.1	149800000	149900000	2.0
CM023459.1	150100000	150200000	3.0
CM023459.1	150200000	150300000	1.0
CM023459.1	150300000	150400000	2.0
CM023459.1	150400000	150500000	3.0
CM023459.1	150500000	150600000	5.0
CM023459.1	150600000	150700000	10.0
CM023459.1	150800000	150900000	1.0
CM023459.1	150900000	151000000	2.0
CM023459.1	151000000	151100000	2.0
CM023459.1	151100000	151200000	1.0
CM023459.1	151200000	151300000	1.0
CM023459.1	151300000	151400000	3.0
CM023459.1	151400000	151500000	2.0
CM023459.1	151700000	151800000	4.0
CM023459.1	151800000	151900000	2.0
CM023459.1	151900000	152000000	1.0
CM023459.1	152000000	152100000	1.0
CM023459.1	152700000	152800000	1.0
CM023459.1	153300000	153400000	1.0
CM023459.1	153600000	153700000	1.0
CM023459.1	153700000	153800000	2.0
CM023459.1	153800000	153900000	4.0
CM023459.1	153900000	154000000	1.0
CM023459.1	154000000	154100000	1.0
CM023459.1	154100000	154200000	4.0
CM023459.1	154200000	154300000	1.0
CM023459.1	154300000	154400000	1.0
CM023459.1	154600000	154700000	2.0
CM023459.1	154700000	154800000	1.0
CM023459.1	154800000	154900000	1.0
CM023459.1	154900000	155000000	1.0
CM023459.1	155200000	155300000	4.0
CM023459.1	155300000	155400000	5.0
CM023459.1	155400000	155500000	2.0
CM023459.1	155500000	155600000	4.0
CM023459.1	155600000	155700000	1.0
CM023459.1	155800000	155900000	3.0
CM023459.1	156000000	156100000	1.0
CM023459.1	156300000	156400000	2.0
CM023459.1	156400000	156500000	4.0
CM023459.1	156500000	156600000	1.0
CM023459.1	156600000	156700000	2.0
CM023459.1	156700000	156800000	3.0
CM023459.1	157000000	157100000	3.0
CM023459.1	157100000	157200000	1.0
CM023459.1	157500000	157600000	2.0
CM023459.1	157600000	157700000	4.0
CM023459.1	157700000	157800000	5.0
CM023459.1	157800000	157900000	2.0
CM023459.1	157900000	158000000	2.0
CM023459.1	158100000	158200000	4.0
CM023459.1	158200000	158300000	3.0
CM023459.1	158300000	158400000	1.0
CM023459.1	158500000	158600000	2.0
CM023459.1	158600000	158700000	4.0
CM023459.1	158700000	158800000	3.0
CM023459.1	158800000	158900000	2.0
CM023459.1	158900000	159000000	3.0
CM023459.1	159000000	159100000	7.0
CM023459.1	159100000	159200000	6.0
CM023459.1	159200000	159300000	4.0
CM023459.1	159300000	159400000	3.0
CM023459.1	159400000	159500000	4.0
CM023459.1	159500000	159600000	2.0
CM023459.1	159600000	159700000	1.0
CM023459.1	159700000	159800000	1.0
CM023459.1	159800000	159900000	3.0
CM023459.1	159900000	160000000	3.0
CM023459.1	160000000	160100000	4.0
CM023459.1	160100000	160200000	3.0
CM023459.1	160300000	160400000	1.0
CM023459.1	160800000	160900000	1.0
CM023459.1	161000000	161100000	1.0
CM023459.1	161100000	161200000	2.0
CM023459.1	161300000	161400000	1.0
CM023459.1	161500000	161600000	1.0
CM023459.1	161900000	162000000	2.0
CM023459.1	162000000	162100000	1.0
CM023459.1	162100000	162200000	3.0
CM023459.1	162200000	162300000	2.0
CM023459.1	162400000	162500000	7.0
CM023459.1	162500000	162600000	2.0
CM023459.1	162600000	162700000	4.0
CM023459.1	162800000	162900000	3.0
CM023459.1	162900000	163000000	3.0
CM023459.1	163000000	163100000	1.0
CM023459.1	163300000	163400000	1.0
CM023459.1	163400000	163500000	2.0
CM023459.1	163500000	163600000	4.0
CM023459.1	163700000	163800000	1.0
CM023459.1	163800000	163900000	1.0
CM023459.1	164000000	164100000	4.0
CM023459.1	164100000	164200000	4.0
CM023459.1	164200000	164300000	1.0
CM023459.1	164300000	164400000	1.0
CM023459.1	164400000	164500000	3.0
CM023459.1	164500000	164600000	4.0
CM023459.1	164600000	164700000	6.0
CM023459.1	164700000	164800000	1.0
CM023459.1	164800000	164900000	1.0
CM023459.1	164900000	165000000	4.0
CM023459.1	165000000	165100000	1.0
CM023459.1	165100000	165200000	1.0
CM023459.1	165300000	165400000	1.0
CM023459.1	165400000	165500000	5.0
CM023459.1	165500000	165600000	4.0
CM023459.1	165600000	165700000	2.0
CM023459.1	165700000	165800000	3.0
CM023459.1	165800000	165900000	1.0
CM023459.1	165900000	166000000	1.0
CM023459.1	166000000	166100000	4.0
CM023459.1	166100000	166200000	4.0
CM023459.1	166400000	166500000	1.0
CM023459.1	166700000	166800000	1.0
CM023459.1	166800000	166900000	2.0
CM023459.1	166900000	167000000	1.0
CM023459.1	167100000	167200000	1.0
CM023459.1	167200000	167300000	4.0
CM023459.1	167300000	167400000	5.0
CM023459.1	167400000	167500000	1.0
CM023459.1	167500000	167600000	2.0
CM023459.1	167600000	167700000	1.0
CM023459.1	168000000	168100000	1.0
CM023459.1	168100000	168200000	2.0
CM023459.1	168200000	168300000	1.0
CM023459.1	168300000	168400000	2.0
CM023459.1	168400000	168500000	1.0
CM023459.1	168500000	168600000	1.0
CM023459.1	168700000	168800000	2.0
CM023459.1	168800000	168900000	4.0
CM023459.1	168900000	169000000	3.0
CM023459.1	169000000	169100000	3.0
CM023459.1	169100000	169200000	2.0
CM023459.1	169200000	169300000	3.0
CM023459.1	169300000	169400000	2.0
CM023459.1	169400000	169500000	6.0
CM023459.1	169500000	169600000	7.0
CM023459.1	169600000	169700000	8.0
CM023459.1	169700000	169800000	5.0
CM023459.1	169800000	169900000	3.0
CM023459.1	169900000	170000000	3.0
CM023459.1	170000000	170100000	5.0
CM023459.1	170200000	170300000	1.0
CM023459.1	170300000	170400000	1.0
CM023459.1	170400000	170500000	2.0
CM023459.1	170500000	170600000	4.0
CM023459.1	170600000	170700000	2.0
CM023459.1	170700000	170800000	3.0
CM023459.1	170800000	170900000	4.0
CM023459.1	170900000	171000000	1.0
CM023459.1	171000000	171100000	2.0
CM023459.1	171300000	171400000	7.0
CM023459.1	171500000	171600000	5.0
CM023459.1	171600000	171700000	2.0
CM023459.1	171700000	171800000	1.0
CM023459.1	172000000	172100000	1.0
CM023459.1	172200000	172300000	2.0
CM023459.1	172300000	172400000	1.0
CM023459.1	172700000	172800000	2.0
CM023459.1	172900000	173000000	1.0
CM023459.1	173600000	173700000	2.0
CM023459.1	173800000	173900000	3.0
CM023459.1	173900000	174000000	1.0
CM023459.1	174000000	174100000	5.0
CM023459.1	174200000	174300000	8.0
CM023459.1	174300000	174400000	3.0
CM023459.1	174700000	174800000	2.0
CM023459.1	174800000	174900000	1.0
CM023459.1	175000000	175100000	1.0
CM023459.1	175300000	175400000	1.0
CM023459.1	175500000	175600000	1.0
CM023459.1	175800000	175900000	4.0
CM023459.1	175900000	176000000	2.0
CM023459.1	176000000	176100000	2.0
CM023459.1	176100000	176200000	3.0
CM023459.1	176200000	176300000	4.0
CM023459.1	176300000	176400000	4.0
CM023459.1	176400000	176500000	1.0
CM023459.1	176500000	176600000	3.0
CM023459.1	176600000	176700000	1.0
CM023459.1	176700000	176800000	1.0
CM023459.1	176900000	177000000	2.0
CM023459.1	177100000	177200000	2.0
CM023459.1	177200000	177300000	2.0
CM023459.1	177300000	177400000	2.0
CM023459.1	177400000	177500000	1.0
CM023459.1	177500000	177600000	3.0
CM023459.1	177800000	177900000	2.0
CM023459.1	177900000	178000000	3.0
CM023459.1	178000000	178100000	3.0
CM023459.1	178100000	178200000	2.0
CM023459.1	178200000	178300000	2.0
CM023459.1	178300000	178400000	2.0
CM023459.1	178500000	178600000	1.0
CM023459.1	178600000	178700000	3.0
CM023459.1	178700000	178800000	1.0
CM023459.1	178800000	178900000	1.0
CM023459.1	178900000	179000000	1.0
CM023459.1	179000000	179100000	6.0
CM023459.1	179100000	179200000	1.0
CM023459.1	179400000	179500000	2.0
CM023459.1	179700000	179800000	3.0
CM023459.1	179800000	179900000	3.0
CM023459.1	179900000	180000000	1.0
CM023459.1	180000000	180100000	1.0
CM023459.1	180200000	180300000	1.0
CM023459.1	180300000	180400000	1.0
CM023459.1	180500000	180600000	1.0
CM023459.1	180700000	180800000	1.0
CM023459.1	180800000	180900000	1.0
CM023459.1	180900000	181000000	6.0
CM023459.1	181000000	181100000	3.0
CM023459.1	181100000	181200000	4.0
CM023459.1	181300000	181400000	3.0
CM023459.1	181400000	181500000	1.0
CM023459.1	181600000	181700000	2.0
CM023459.1	181700000	181800000	1.0
CM023459.1	181800000	181900000	1.0
CM023459.1	181900000	182000000	4.0
CM023459.1	182200000	182300000	2.0
CM023459.1	182300000	182400000	2.0
CM023459.1	182400000	182500000	1.0
CM023459.1	182500000	182600000	6.0
CM023459.1	182600000	182700000	5.0
CM023459.1	182700000	182800000	1.0
CM023459.1	182800000	182900000	1.0
CM023459.1	182900000	183000000	3.0
CM023459.1	183400000	183500000	1.0
CM023459.1	183700000	183800000	1.0
CM023459.1	183800000	183900000	4.0
CM023459.1	183900000	184000000	5.0
CM023459.1	184000000	184100000	3.0
CM023459.1	184100000	184200000	5.0
CM023459.1	184200000	184300000	3.0
CM023459.1	184300000	184400000	2.0
CM023459.1	184400000	184500000	4.0
CM023459.1	184500000	184600000	1.0
CM023459.1	184600000	184700000	1.0
CM023459.1	185100000	185200000	1.0
CM023459.1	185400000	185500000	2.0
CM023459.1	185500000	185600000	1.0
CM023459.1	186100000	186200000	1.0
CM023459.1	186300000	186400000	2.0
CM023459.1	186400000	186500000	3.0
CM023459.1	186500000	186600000	4.0
CM023459.1	186600000	186700000	1.0
CM023459.1	186700000	186800000	3.0
CM023459.1	186800000	186900000	2.0
CM023459.1	186900000	187000000	2.0
CM023459.1	187000000	187100000	3.0
CM023459.1	187100000	187200000	2.0
CM023459.1	187200000	187300000	2.0
CM023459.1	187300000	187400000	2.0
CM023459.1	187400000	187500000	1.0
CM023459.1	187500000	187600000	1.0
CM023459.1	187600000	187700000	4.0
CM023459.1	187700000	187800000	1.0
CM023459.1	187800000	187900000	4.0
CM023459.1	187900000	188000000	1.0
CM023459.1	188000000	188100000	1.0
CM023459.1	188100000	188200000	1.0
CM023459.1	188200000	188300000	1.0
CM023459.1	188300000	188400000	1.0
CM023459.1	188500000	188600000	2.0
CM023459.1	188700000	188800000	1.0
CM023459.1	188800000	188900000	4.0
CM023459.1	188900000	189000000	2.0
CM023459.1	189000000	189100000	2.0
CM023459.1	189100000	189200000	2.0
CM023459.1	189200000	189300000	3.0
CM023459.1	189600000	189700000	5.0
CM023459.1	189700000	189800000	2.0
CM023459.1	189800000	189900000	2.0
CM023459.1	189900000	190000000	1.0
CM023459.1	190400000	190500000	1.0
CM023459.1	190500000	190600000	1.0
CM023459.1	190600000	190700000	2.0
CM023459.1	190700000	190800000	1.0
CM023459.1	190800000	190900000	2.0
CM023459.1	190900000	191000000	4.0
CM023459.1	191000000	191100000	1.0
CM023459.1	191100000	191200000	4.0
CM023459.1	191200000	191300000	1.0
CM023459.1	191300000	191400000	2.0
CM023459.1	191500000	191600000	2.0
CM023459.1	191600000	191700000	3.0
CM023459.1	191700000	191800000	1.0
CM023459.1	191900000	192000000	3.0
CM023459.1	192000000	192100000	3.0
CM023459.1	192100000	192200000	3.0
CM023459.1	192200000	192300000	1.0
CM023459.1	192300000	192400000	2.0
CM023459.1	192500000	192600000	2.0
CM023459.1	192600000	192700000	1.0
CM023459.1	192700000	192800000	2.0
CM023459.1	192800000	192900000	4.0
CM023459.1	192900000	193000000	1.0
CM023459.1	193000000	193100000	1.0
CM023459.1	193100000	193200000	2.0
CM023459.1	193200000	193300000	3.0
CM023459.1	193300000	193400000	2.0
CM023459.1	193400000	193500000	1.0
CM023459.1	193700000	193800000	2.0
CM023459.1	193900000	194000000	1.0
CM023459.1	194000000	194100000	4.0
CM023459.1	194100000	194200000	2.0
CM023459.1	194200000	194300000	2.0
CM023459.1	194400000	194500000	1.0
CM023459.1	194500000	194600000	2.0
CM023459.1	194600000	194700000	3.0
CM023459.1	194700000	194800000	3.0
CM023459.1	195000000	195100000	4.0
CM023459.1	195100000	195200000	2.0
CM023459.1	195200000	195300000	5.0
CM023459.1	195500000	195600000	1.0
CM023459.1	195600000	195700000	1.0
CM023459.1	195700000	195800000	3.0
CM023459.1	195800000	195900000	2.0
CM023459.1	195900000	196000000	3.0
CM023459.1	196100000	196200000	3.0
CM023459.1	196200000	196300000	1.0
CM023459.1	196300000	196400000	1.0
CM023459.1	196400000	196500000	3.0
CM023459.1	196500000	196600000	3.0
CM023459.1	196600000	196700000	1.0
CM023459.1	196700000	196800000	1.0
CM023459.1	196800000	196900000	1.0
CM023459.1	196900000	197000000	2.0
CM023459.1	197200000	197300000	1.0
CM023459.1	197300000	197400000	5.0
CM023459.1	197400000	197500000	2.0
CM023459.1	197500000	197600000	2.0
CM023459.1	197600000	197700000	1.0
CM023459.1	197700000	197800000	3.0
CM023459.1	197800000	197900000	2.0
CM023459.1	197900000	198000000	1.0
CM023459.1	198000000	198100000	2.0
CM023459.1	198100000	198200000	1.0
CM023459.1	198200000	198300000	2.0
CM023459.1	198300000	198400000	2.0
CM023459.1	198400000	198500000	2.0
CM023459.1	198500000	198600000	1.0
CM023459.1	198600000	198700000	2.0
CM023459.1	198700000	198800000	1.0
CM023459.1	198800000	198900000	2.0
CM023459.1	198900000	199000000	2.0
CM023459.1	199100000	199200000	1.0
CM023459.1	199200000	199300000	4.0
CM023459.1	199300000	199400000	1.0
CM023459.1	199400000	199500000	2.0
CM023459.1	199500000	199600000	2.0
CM023459.1	199600000	199700000	2.0
CM023459.1	199700000	199800000	2.0
CM023459.1	199800000	199900000	1.0
CM023459.1	199900000	200000000	1.0
CM023459.1	200100000	200200000	3.0
CM023459.1	200200000	200300000	3.0
CM023459.1	200400000	200500000	3.0
CM023459.1	200500000	200600000	3.0
CM023459.1	200600000	200700000	1.0
CM023459.1	200700000	200800000	1.0
CM023459.1	201000000	201100000	1.0
CM023459.1	201100000	201200000	1.0
CM023459.1	201200000	201300000	3.0
CM023459.1	201300000	201400000	5.0
CM023459.1	201500000	201600000	4.0
CM023459.1	201600000	201700000	4.0
CM023459.1	201700000	201800000	2.0
CM023459.1	201800000	201900000	2.0
CM023459.1	201900000	202000000	1.0
CM023459.1	202000000	202100000	3.0
CM023459.1	202100000	202200000	4.0
CM023459.1	202200000	202300000	2.0
CM023459.1	202400000	202500000	3.0
CM023459.1	202500000	202600000	1.0
CM023459.1	202900000	203000000	1.0
CM023459.1	203200000	203300000	2.0
CM023459.1	203300000	203400000	2.0
CM023459.1	203400000	203500000	3.0
CM023459.1	203500000	203600000	5.0
CM023459.1	203600000	203700000	2.0
CM023459.1	203700000	203800000	4.0
CM023459.1	203800000	203900000	2.0
CM023459.1	203900000	204000000	3.0
CM023459.1	204000000	204100000	2.0
CM023459.1	204100000	204200000	2.0
CM023459.1	204200000	204300000	2.0
CM023459.1	204300000	204400000	2.0
CM023459.1	204400000	204500000	1.0
CM023459.1	204500000	204600000	5.0
CM023459.1	204600000	204700000	3.0
CM023459.1	204700000	204800000	4.0
CM023459.1	204800000	204900000	4.0
CM023459.1	204900000	205000000	5.0
CM023459.1	205000000	205100000	1.0
CM023459.1	205100000	205200000	2.0
CM023459.1	205500000	205600000	1.0
CM023459.1	205600000	205700000	3.0
CM023459.1	205700000	205800000	6.0
CM023459.1	205800000	205900000	4.0
CM023459.1	205900000	206000000	1.0
CM023459.1	206000000	206100000	2.0
CM023459.1	206200000	206300000	2.0
CM023459.1	206300000	206400000	2.0
CM023459.1	206400000	206500000	1.0
CM023459.1	206500000	206600000	1.0
CM023459.1	206700000	206800000	3.0
CM023459.1	206900000	207000000	3.0
CM023459.1	207000000	207100000	5.0
CM023459.1	207100000	207200000	3.0
CM023459.1	207200000	207300000	1.0
CM023459.1	207300000	207400000	2.0
CM023459.1	207400000	207500000	4.0
CM023459.1	207500000	207600000	1.0
CM023459.1	207600000	207700000	1.0
CM023459.1	207700000	207800000	1.0
CM023459.1	207800000	207900000	1.0
CM023459.1	207900000	208000000	1.0
CM023459.1	208000000	208100000	2.0
CM023459.1	208100000	208200000	2.0
CM023459.1	208200000	208300000	4.0
CM023459.1	208300000	208400000	3.0
CM023459.1	208400000	208500000	1.0
CM023459.1	208500000	208600000	2.0
CM023459.1	208600000	208700000	4.0
CM023459.1	208700000	208800000	2.0
CM023459.1	208800000	208900000	1.0
CM023459.1	208900000	209000000	5.0
CM023459.1	209000000	209100000	2.0
CM023459.1	209100000	209200000	2.0
CM023459.1	209300000	209400000	2.0
CM023459.1	209700000	209800000	2.0
CM023459.1	209800000	209900000	1.0
CM023459.1	209900000	210000000	4.0
CM023459.1	210000000	210100000	2.0
CM023459.1	210100000	210200000	6.0
CM023459.1	210200000	210300000	2.0
CM023459.1	210300000	210400000	6.0
CM023459.1	210400000	210500000	2.0
CM023459.1	210500000	210600000	3.0
CM023459.1	210700000	210800000	1.0
CM023459.1	210900000	211000000	2.0
CM023459.1	211000000	211100000	2.0
CM023459.1	211100000	211200000	2.0
CM023459.1	211200000	211300000	5.0
CM023459.1	211300000	211400000	3.0
CM023459.1	211400000	211500000	4.0
CM023459.1	211500000	211600000	1.0
CM023459.1	211600000	211700000	2.0
CM023459.1	211700000	211800000	1.0
CM023459.1	211800000	211900000	4.0
CM023459.1	211900000	212000000	1.0
CM023459.1	212000000	212100000	2.0
CM023459.1	212100000	212200000	5.0
CM023459.1	212200000	212300000	6.0
CM023459.1	212300000	212400000	3.0
CM023459.1	212400000	212500000	1.0
CM023459.1	212500000	212600000	1.0
CM023459.1	212700000	212800000	1.0
CM023459.1	212900000	213000000	1.0
CM023459.1	213400000	213500000	3.0
CM023459.1	213600000	213700000	2.0
CM023459.1	213800000	213900000	2.0
CM023459.1	213900000	214000000	5.0
CM023459.1	214000000	214100000	5.0
CM023459.1	214100000	214200000	3.0
CM023459.1	214300000	214400000	1.0
CM023459.1	214400000	214500000	6.0
CM023459.1	214500000	214600000	2.0
CM023459.1	214600000	214700000	2.0
CM023459.1	214700000	214800000	4.0
CM023459.1	214800000	214900000	1.0
CM023459.1	214900000	215000000	5.0
CM023459.1	215000000	215100000	1.0
CM023459.1	215100000	215200000	1.0
CM023459.1	215200000	215300000	1.0
CM023459.1	215400000	215500000	2.0
CM023459.1	215500000	215600000	2.0
CM023459.1	215600000	215700000	3.0
CM023459.1	215700000	215800000	3.0
CM023459.1	215800000	215900000	8.0
CM023459.1	215900000	216000000	1.0
CM023459.1	216000000	216100000	2.0
CM023459.1	216200000	216300000	1.0
CM023459.1	216500000	216600000	4.0
CM023459.1	216600000	216700000	4.0
CM023459.1	216800000	216900000	5.0
CM023459.1	216900000	217000000	3.0
CM023459.1	217000000	217100000	1.0
CM023459.1	217100000	217200000	1.0
CM023459.1	217200000	217300000	1.0
CM023459.1	217500000	217600000	1.0
CM023459.1	217800000	217900000	1.0
CM023459.1	217900000	218000000	2.0
CM023459.1	218000000	218100000	6.0
CM023459.1	218100000	218200000	4.0
CM023459.1	218400000	218500000	7.0
CM023459.1	218700000	218800000	2.0
CM023459.1	218800000	218900000	2.0
CM023459.1	218900000	219000000	1.0
CM023459.1	219000000	219100000	1.0
CM023459.1	219100000	219200000	5.0
CM023459.1	219300000	219400000	6.0
CM023459.1	219400000	219500000	1.0
CM023459.1	219500000	219600000	2.0
CM023459.1	219600000	219700000	2.0
CM023459.1	219700000	219800000	2.0
CM023459.1	220000000	220100000	1.0
CM023459.1	220100000	220200000	6.0
CM023459.1	220200000	220300000	6.0
CM023459.1	220300000	220400000	7.0
CM023459.1	220400000	220500000	2.0
CM023459.1	220500000	220600000	1.0
CM023459.1	220600000	220700000	1.0
CM023459.1	220700000	220800000	1.0
CM023459.1	220800000	220900000	4.0
CM023459.1	220900000	221000000	2.0
CM023459.1	221000000	221100000	3.0
CM023459.1	221100000	221200000	2.0
CM023459.1	221200000	221300000	2.0
CM023459.1	221400000	221500000	1.0
CM023459.1	221500000	221600000	1.0
CM023459.1	221700000	221800000	1.0
CM023459.1	221800000	221900000	3.0
CM023459.1	221900000	222000000	6.0
CM023459.1	222000000	222100000	4.0
CM023459.1	222100000	222200000	1.0
CM023459.1	222200000	222300000	2.0
CM023459.1	222300000	222400000	4.0
CM023459.1	222400000	222500000	4.0
CM023459.1	222500000	222600000	9.0
CM023459.1	222600000	222700000	3.0
CM023459.1	222700000	222800000	2.0
CM023459.1	223000000	223100000	1.0
CM023459.1	223100000	223200000	4.0
CM023459.1	223200000	223300000	2.0
CM023459.1	223400000	223500000	1.0
CM023459.1	223500000	223600000	2.0
CM023459.1	223700000	223800000	2.0
CM023459.1	223900000	224000000	3.0
CM023459.1	224000000	224100000	3.0
CM023459.1	224100000	224200000	2.0
CM023459.1	224200000	224300000	1.0
CM023459.1	224300000	224400000	4.0
CM023459.1	224400000	224500000	5.0
CM023459.1	224500000	224600000	4.0
CM023459.1	224600000	224700000	3.0
CM023459.1	224700000	224800000	1.0
CM023459.1	224800000	224900000	1.0
CM023459.1	224900000	225000000	4.0
CM023459.1	225000000	225100000	1.0
CM023459.1	225100000	225200000	2.0
CM023459.1	225200000	225300000	1.0
CM023459.1	225300000	225400000	2.0
CM023459.1	225400000	225500000	1.0
CM023459.1	225500000	225600000	1.0
CM023459.1	225600000	225700000	3.0
CM023459.1	225700000	225800000	1.0
CM023459.1	225800000	225900000	1.0
CM023459.1	225900000	226000000	2.0
CM023459.1	226000000	226100000	3.0
CM023459.1	226100000	226200000	3.0
CM023459.1	226200000	226300000	2.0
CM023459.1	226300000	226400000	3.0
CM023459.1	226400000	226500000	2.0
CM023459.1	226500000	226600000	3.0
CM023459.1	226700000	226800000	2.0
CM023459.1	226800000	226900000	2.0
CM023459.1	226900000	227000000	2.0
CM023459.1	227000000	227100000	2.0
CM023459.1	227100000	227200000	1.0
CM023459.1	227200000	227300000	4.0
CM023459.1	227300000	227400000	2.0
CM023459.1	227400000	227500000	2.0
CM023459.1	227500000	227600000	2.0
CM023459.1	227600000	227700000	1.0
CM023459.1	227700000	227800000	2.0
CM023459.1	227800000	227900000	2.0
CM023459.1	227900000	228000000	2.0
CM023459.1	228000000	228100000	1.0
CM023459.1	228200000	228300000	1.0
CM023459.1	228500000	228600000	2.0
CM023459.1	228700000	228800000	1.0
CM023459.1	228800000	228900000	2.0
CM023459.1	228900000	229000000	4.0
CM023459.1	229000000	229100000	3.0
CM023459.1	229200000	229300000	1.0
CM023459.1	229600000	229700000	1.0
CM023459.1	229800000	229900000	2.0
CM023459.1	229900000	230000000	1.0
CM023459.1	230000000	230100000	1.0
CM023459.1	230100000	230200000	3.0
CM023459.1	230200000	230300000	1.0
CM023459.1	230300000	230400000	3.0
CM023459.1	230400000	230500000	4.0
CM023459.1	230500000	230600000	2.0
CM023459.1	230600000	230700000	1.0
CM023459.1	230700000	230800000	1.0
CM023459.1	230900000	231000000	1.0
CM023459.1	231000000	231100000	3.0
CM023459.1	231100000	231200000	2.0
CM023459.1	231200000	231300000	1.0
CM023459.1	231300000	231400000	1.0
CM023459.1	231400000	231500000	1.0
CM023459.1	231600000	231700000	1.0
CM023459.1	231700000	231800000	1.0
CM023459.1	232200000	232300000	2.0
CM023459.1	232400000	232500000	1.0
CM023459.1	232500000	232600000	2.0
CM023459.1	232600000	232700000	1.0
CM023459.1	232700000	232800000	2.0
CM023459.1	232800000	232900000	3.0
CM023459.1	232900000	233000000	2.0
CM023459.1	233000000	233100000	1.0
CM023459.1	233200000	233300000	1.0
CM023459.1	233300000	233400000	2.0
CM023459.1	233400000	233500000	2.0
CM023459.1	233500000	233600000	1.0
CM023459.1	233600000	233700000	4.0
CM023459.1	233800000	233900000	2.0
CM023459.1	234000000	234100000	2.0
CM023459.1	234100000	234200000	1.0
CM023459.1	234200000	234300000	1.0
CM023459.1	234300000	234400000	2.0
CM023459.1	234400000	234500000	3.0
CM023459.1	234500000	234600000	2.0
CM023459.1	234600000	234700000	1.0
CM023459.1	234700000	234800000	1.0
CM023459.1	234800000	234900000	2.0
CM023459.1	234900000	235000000	2.0
CM023459.1	235300000	235400000	1.0
CM023459.1	235400000	235500000	3.0
CM023459.1	235500000	235600000	1.0
CM023459.1	235600000	235700000	4.0
CM023459.1	235800000	235900000	1.0
CM023459.1	235900000	236000000	1.0
CM023459.1	236000000	236100000	3.0
CM023459.1	236100000	236200000	2.0
CM023459.1	236600000	236700000	1.0
CM023459.1	237200000	237300000	8.0
CM023459.1	237300000	237400000	2.0
CM023459.1	237700000	237800000	2.0
CM023459.1	237800000	237900000	1.0
CM023459.1	237900000	238000000	2.0
CM023459.1	238000000	238100000	3.0
CM023459.1	238100000	238200000	3.0
CM023459.1	238200000	238300000	3.0
CM023459.1	238300000	238400000	3.0
CM023459.1	238400000	238500000	5.0
CM023459.1	238500000	238600000	1.0
CM023459.1	238700000	238800000	1.0
CM023459.1	238800000	238900000	1.0
CM023459.1	238900000	239000000	2.0
CM023459.1	239000000	239100000	4.0
CM023459.1	239100000	239200000	2.0
CM023459.1	239200000	239300000	3.0
CM023459.1	239300000	239400000	2.0
CM023459.1	239400000	239500000	1.0
CM023459.1	239500000	239600000	2.0
CM023459.1	239600000	239700000	1.0
CM023459.1	239700000	239800000	4.0
CM023459.1	239800000	239900000	3.0
CM023459.1	239900000	240000000	1.0
CM023459.1	240000000	240100000	3.0
CM023459.1	240100000	240200000	2.0
CM023459.1	240200000	240300000	1.0
CM023459.1	240300000	240400000	5.0
CM023459.1	240400000	240500000	2.0
CM023459.1	240500000	240600000	5.0
CM023459.1	240600000	240700000	2.0
CM023459.1	240700000	240800000	2.0
CM023459.1	240800000	240900000	5.0
CM023459.1	240900000	241000000	4.0
CM023459.1	241100000	241200000	1.0
CM023459.1	241500000	241600000	1.0
CM023459.1	241600000	241700000	4.0
CM023459.1	241700000	241800000	5.0
CM023459.1	241800000	241900000	2.0
CM023459.1	241900000	242000000	2.0
CM023459.1	242000000	242100000	5.0
CM023459.1	242100000	242200000	2.0
CM023459.1	242200000	242300000	6.0
CM023459.1	242300000	242400000	2.0
CM023459.1	242400000	242500000	2.0
CM023459.1	242500000	242600000	1.0
CM023459.1	242600000	242700000	5.0
CM023459.1	242700000	242800000	5.0
CM023459.1	242800000	242900000	5.0
CM023459.1	242900000	243000000	2.0
CM023459.1	243000000	243100000	1.0
CM023459.1	243300000	243400000	1.0
CM023459.1	243500000	243600000	3.0
CM023459.1	243600000	243700000	1.0
CM023459.1	243700000	243800000	2.0
CM023459.1	243800000	243900000	2.0
CM023459.1	244100000	244200000	2.0
CM023459.1	244300000	244400000	3.0
CM023459.1	244400000	244500000	1.0
CM023459.1	244500000	244600000	6.0
CM023459.1	244600000	244700000	6.0
CM023459.1	244700000	244800000	4.0
CM023459.1	244800000	244900000	5.0
CM023459.1	244900000	245000000	2.0
CM023459.1	245000000	245100000	1.0
CM023459.1	245100000	245200000	6.0
CM023459.1	245200000	245300000	1.0
CM023459.1	245600000	245700000	1.0
CM023459.1	245900000	246000000	2.0
CM023459.1	246000000	246100000	1.0
CM023459.1	246100000	246200000	2.0
CM023459.1	246200000	246300000	5.0
CM023459.1	246300000	246400000	1.0
CM023459.1	246400000	246500000	1.0
CM023459.1	246500000	246600000	1.0
CM023459.1	246600000	246700000	2.0
CM023459.1	246800000	246900000	1.0
CM023459.1	246900000	247000000	1.0
CM023459.1	247000000	247100000	2.0
CM023459.1	247100000	247200000	3.0
CM023459.1	247200000	247300000	1.0
CM023459.1	247300000	247400000	1.0
CM023459.1	247400000	247500000	1.0
CM023459.1	247500000	247600000	4.0
CM023459.1	247600000	247700000	3.0
CM023459.1	247700000	247800000	4.0
CM023459.1	247800000	247900000	2.0
CM023459.1	248000000	248100000	2.0
CM023459.1	248100000	248200000	2.0
CM023459.1	248300000	248400000	1.0
CM023459.1	248400000	248500000	4.0
CM023459.1	248500000	248600000	2.0
CM023459.1	248600000	248700000	2.0
CM023459.1	248700000	248800000	1.0
CM023459.1	248800000	248900000	2.0
CM023459.1	248900000	249000000	2.0
CM023459.1	249000000	249100000	1.0
CM023459.1	249100000	249200000	1.0
CM023459.1	249200000	249300000	3.0
CM023459.1	249300000	249400000	3.0
CM023459.1	249400000	249500000	1.0
CM023459.1	249500000	249600000	1.0
CM023459.1	249600000	249700000	4.0
CM023459.1	249700000	249800000	2.0
CM023459.1	249900000	250000000	3.0
CM023459.1	250000000	250100000	1.0
CM023459.1	250100000	250200000	2.0
CM023459.1	250200000	250300000	2.0
CM023459.1	250300000	250400000	2.0
CM023459.1	250400000	250500000	1.0
CM023459.1	250500000	250600000	1.0
CM023459.1	250600000	250700000	2.0
CM023459.1	251000000	251100000	1.0
CM023459.1	251400000	251500000	1.0
CM023459.1	251500000	251600000	3.0
CM023459.1	251800000	251900000	1.0
CM023459.1	252100000	252200000	1.0
CM023459.1	253000000	253100000	1.0
CM023459.1	253400000	253500000	1.0
CM023459.1	253500000	253600000	1.0
CM023459.1	253600000	253700000	1.0
CM023459.1	253800000	253900000	2.0
CM023459.1	253900000	254000000	1.0
CM023459.1	254000000	254100000	2.0
CM023459.1	254100000	254200000	1.0
CM023459.1	254200000	254300000	2.0
CM023459.1	254600000	254700000	1.0
CM023459.1	254700000	254800000	8.0
CM023459.1	254800000	254900000	7.0
CM023459.1	254900000	255000000	5.0
CM023459.1	255000000	255100000	1.0
CM023459.1	255100000	255200000	1.0
CM023459.1	255200000	255300000	2.0
CM023459.1	255400000	255500000	1.0
CM023459.1	255500000	255600000	2.0
CM023459.1	255600000	255700000	1.0
CM023459.1	255900000	256000000	1.0
CM023459.1	256000000	256100000	6.0
CM023459.1	256100000	256200000	1.0
CM023459.1	256200000	256300000	1.0
CM023459.1	256500000	256600000	1.0
CM023459.1	256700000	256800000	2.0
CM023459.1	256800000	256900000	2.0
CM023459.1	256900000	257000000	1.0
CM023459.1	257000000	257100000	3.0
CM023459.1	257100000	257200000	4.0
CM023459.1	257200000	257300000	3.0
CM023459.1	257300000	257400000	7.0
CM023459.1	257400000	257500000	5.0
CM023459.1	257500000	257600000	3.0
CM023459.1	257700000	257800000	2.0
CM023459.1	257800000	257900000	1.0
CM023459.1	258000000	258100000	3.0
CM023459.1	258200000	258300000	2.0
CM023459.1	258300000	258400000	3.0
CM023459.1	258400000	258500000	2.0
CM023459.1	258500000	258600000	1.0
CM023459.1	258600000	258700000	2.0
CM023459.1	258700000	258800000	8.0
CM023459.1	258800000	258900000	1.0
CM023459.1	258900000	259000000	4.0
CM023459.1	259000000	259100000	5.0
CM023459.1	259200000	259300000	1.0
CM023459.1	259300000	259400000	4.0
CM023459.1	259400000	259500000	5.0
CM023459.1	259500000	259600000	2.0
CM023459.1	259800000	259900000	1.0
CM023459.1	259900000	260000000	3.0
CM023459.1	260000000	260100000	4.0
CM023459.1	260100000	260200000	4.0
CM023459.1	260200000	260300000	1.0
CM023459.1	260300000	260400000	1.0
CM023459.1	260400000	260500000	2.0
CM023459.1	260600000	260700000	1.0
CM023459.1	260700000	260800000	2.0
CM023459.1	260800000	260900000	2.0
CM023459.1	260900000	261000000	2.0
CM023459.1	261000000	261100000	7.0
CM023459.1	261100000	261200000	5.0
CM023459.1	261200000	261300000	2.0
CM023459.1	261900000	262000000	3.0
CM023459.1	262100000	262200000	7.0
CM023459.1	262200000	262300000	2.0
CM023459.1	262300000	262400000	1.0
CM023459.1	262400000	262500000	5.0
CM023459.1	262500000	262600000	1.0
CM023459.1	262700000	262800000	1.0
CM023459.1	262800000	262900000	1.0
CM023459.1	262900000	263000000	1.0
CM023459.1	263000000	263100000	1.0
CM023459.1	263200000	263300000	2.0
CM023459.1	263300000	263400000	1.0
CM023459.1	263400000	263500000	2.0
CM023459.1	263500000	263600000	1.0
CM023459.1	263900000	264000000	2.0
CM023459.1	264000000	264100000	2.0
CM023459.1	264200000	264300000	1.0
CM023459.1	264300000	264400000	5.0
CM023459.1	264400000	264500000	2.0
CM023459.1	264500000	264600000	1.0
CM023459.1	264600000	264700000	2.0
CM023459.1	264700000	264800000	3.0
CM023459.1	265000000	265100000	1.0
CM023459.1	265100000	265200000	1.0
CM023459.1	265200000	265300000	3.0
CM023459.1	265300000	265400000	9.0
CM023459.1	265400000	265500000	1.0
CM023459.1	265600000	265700000	5.0
CM023459.1	265700000	265800000	4.0
CM023459.1	265800000	265900000	3.0
CM023459.1	265900000	266000000	1.0
CM023459.1	266100000	266200000	3.0
CM023459.1	266200000	266300000	3.0
CM023459.1	266300000	266400000	3.0
CM023459.1	266400000	266500000	1.0
CM023459.1	266500000	266600000	1.0
CM023459.1	266600000	266700000	2.0
CM023459.1	266800000	266900000	1.0
CM023459.1	266900000	267000000	5.0
CM023459.1	267000000	267100000	1.0
CM023459.1	267100000	267200000	2.0
CM023459.1	267300000	267400000	4.0
CM023459.1	267400000	267500000	5.0
CM023459.1	267500000	267600000	2.0
CM023459.1	267600000	267700000	4.0
CM023459.1	267700000	267800000	4.0
CM023459.1	267800000	267900000	2.0
CM023459.1	267900000	268000000	4.0
CM023459.1	268000000	268100000	1.0
CM023459.1	268100000	268200000	2.0
CM023459.1	268300000	268400000	1.0
CM023459.1	268400000	268500000	4.0
CM023459.1	268500000	268600000	2.0
CM023459.1	268600000	268700000	2.0
CM023459.1	268700000	268800000	2.0
CM023459.1	268800000	268900000	4.0
CM023459.1	268900000	269000000	1.0
CM023459.1	269100000	269200000	5.0
CM023459.1	269200000	269300000	2.0
CM023459.1	269300000	269400000	1.0
CM023459.1	269400000	269500000	2.0
CM023459.1	269500000	269600000	2.0
CM023459.1	269600000	269700000	1.0
CM023459.1	269800000	269900000	2.0
CM023459.1	269900000	270000000	2.0
CM023459.1	270300000	270400000	1.0
CM023459.1	270500000	270600000	1.0
CM023459.1	270600000	270700000	3.0
CM023459.1	270700000	270800000	4.0
CM023459.1	271100000	271200000	2.0
CM023459.1	271400000	271500000	1.0
CM023459.1	271500000	271600000	1.0
CM023459.1	271800000	271900000	6.0
CM023459.1	271900000	272000000	2.0
CM023459.1	272200000	272300000	1.0
CM023459.1	272300000	272400000	1.0
CM023459.1	272600000	272700000	2.0
CM023459.1	272800000	272900000	1.0
CM023459.1	272900000	273000000	3.0
CM023459.1	273000000	273100000	6.0
CM023459.1	273200000	273300000	1.0
CM023459.1	273300000	273400000	1.0
CM023459.1	273400000	273500000	1.0
CM023459.1	273500000	273600000	2.0
CM023459.1	273600000	273700000	1.0
CM023459.1	273700000	273800000	1.0
CM023459.1	273800000	273900000	1.0
CM023459.1	273900000	274000000	1.0
CM023459.1	274000000	274100000	1.0
CM023459.1	274100000	274200000	1.0
CM023459.1	274300000	274400000	1.0
CM023459.1	274400000	274500000	5.0
CM023459.1	274500000	274600000	2.0
CM023459.1	274700000	274800000	7.0
CM023459.1	274800000	274900000	1.0
CM023459.1	274900000	275000000	4.0
CM023459.1	275000000	275100000	2.0
CM023459.1	275100000	275200000	3.0
CM023459.1	275200000	275300000	4.0
CM023459.1	275400000	275500000	1.0
CM023459.1	275500000	275600000	2.0
CM023459.1	275600000	275700000	5.0
CM023459.1	275700000	275800000	2.0
CM023459.1	275800000	275900000	1.0
CM023459.1	275900000	276000000	1.0
CM023459.1	276100000	276200000	2.0
CM023459.1	276300000	276400000	4.0
CM023459.1	276400000	276500000	1.0
CM023459.1	276500000	276600000	4.0
CM023459.1	276600000	276700000	9.0
CM023459.1	276700000	276800000	1.0
CM023459.1	276800000	276900000	2.0
CM023459.1	276900000	277000000	1.0
CM023459.1	277100000	277200000	1.0
CM023459.1	277200000	277300000	1.0
CM023459.1	277600000	277700000	1.0
CM023459.1	277700000	277800000	1.0
CM023459.1	277800000	277900000	1.0
CM023459.1	277900000	278000000	1.0
CM023459.1	278000000	278100000	1.0
CM023459.1	278100000	278200000	3.0
CM023459.1	278200000	278300000	1.0
CM023459.1	278300000	278400000	1.0
CM023459.1	278400000	278500000	2.0
CM023459.1	278500000	278600000	2.0
CM023459.1	278700000	278800000	4.0
CM023459.1	278800000	278900000	1.0
CM023459.1	278900000	279000000	2.0
CM023459.1	279100000	279200000	1.0
CM023459.1	279200000	279300000	4.0
CM023459.1	279300000	279400000	1.0
CM023459.1	279400000	279500000	5.0
CM023459.1	279600000	279700000	3.0
CM023459.1	279800000	279900000	1.0
CM023459.1	279900000	280000000	1.0
CM023459.1	280100000	280200000	1.0
CM023459.1	280200000	280300000	3.0
CM023459.1	280300000	280400000	4.0
CM023459.1	280400000	280500000	3.0
CM023459.1	280500000	280600000	3.0
CM023459.1	280700000	280800000	2.0
CM023459.1	280800000	280900000	3.0
CM023459.1	280900000	281000000	1.0
CM023459.1	281000000	281100000	1.0
CM023459.1	281200000	281300000	1.0
CM023459.1	281600000	281700000	3.0
CM023459.1	281700000	281800000	2.0
CM023459.1	281800000	281900000	3.0
CM023459.1	281900000	282000000	5.0
CM023459.1	282000000	282100000	4.0
CM023459.1	282100000	282200000	2.0
CM023459.1	282200000	282300000	1.0
CM023459.1	282300000	282400000	3.0
CM023459.1	282400000	282500000	1.0
CM023459.1	282500000	282600000	2.0
CM023459.1	282600000	282700000	4.0
CM023459.1	282700000	282800000	2.0
CM023459.1	282900000	283000000	2.0
CM023459.1	283000000	283100000	1.0
CM023459.1	283100000	283200000	3.0
CM023459.1	283200000	283300000	1.0
CM023459.1	283300000	283400000	3.0
CM023459.1	283400000	283500000	2.0
CM023459.1	283500000	283600000	1.0
CM023459.1	283600000	283700000	1.0
CM023459.1	283700000	283800000	1.0
CM023459.1	283800000	283900000	1.0
CM023459.1	283900000	284000000	2.0
CM023459.1	284100000	284200000	2.0
CM023459.1	284200000	284300000	2.0
CM023459.1	284300000	284400000	1.0
CM023459.1	284400000	284500000	1.0
CM023459.1	284600000	284700000	1.0
CM023459.1	284700000	284800000	2.0
CM023459.1	284800000	284900000	3.0
CM023459.1	284900000	285000000	1.0
CM023459.1	285000000	285100000	1.0
CM023459.1	285100000	285200000	1.0
CM023459.1	285200000	285300000	2.0
CM023459.1	285700000	285800000	2.0
CM023459.1	285800000	285900000	1.0
CM023459.1	285900000	286000000	1.0
CM023459.1	286500000	286600000	2.0
CM023459.1	286600000	286700000	1.0
CM023459.1	286700000	286800000	1.0
CM023459.1	286900000	287000000	1.0
CM023459.1	287100000	287200000	1.0
CM023459.1	287300000	287400000	1.0
CM023459.1	287400000	287500000	2.0
CM023459.1	287500000	287600000	2.0
CM023459.1	287600000	287700000	1.0
CM023459.1	287700000	287800000	2.0
CM023459.1	287800000	287900000	2.0
CM023459.1	287900000	288000000	2.0
CM023459.1	288200000	288300000	4.0
CM023459.1	288300000	288400000	2.0
CM023459.1	288500000	288600000	1.0
CM023459.1	288600000	288700000	3.0
CM023459.1	288700000	288800000	1.0
CM023459.1	288800000	288900000	2.0
CM023459.1	288900000	289000000	1.0
CM023459.1	289200000	289300000	1.0
CM023459.1	289300000	289400000	4.0
CM023459.1	289400000	289500000	1.0
CM023459.1	289700000	289800000	3.0
CM023459.1	289800000	289900000	1.0
CM023459.1	289900000	290000000	4.0
CM023459.1	290000000	290100000	3.0
CM023459.1	290100000	290200000	3.0
CM023459.1	290200000	290300000	1.0
CM023459.1	290300000	290400000	1.0
CM023459.1	290500000	290600000	3.0
CM023459.1	290600000	290700000	3.0
CM023459.1	291000000	291100000	2.0
CM023459.1	291300000	291400000	2.0
CM023459.1	291400000	291500000	3.0
CM023459.1	291500000	291600000	1.0
CM023459.1	291700000	291800000	2.0
CM023459.1	291800000	291900000	4.0
CM023459.1	291900000	292000000	1.0
CM023459.1	292000000	292100000	5.0
CM023459.1	292100000	292200000	5.0
CM023459.1	292200000	292300000	4.0
CM023459.1	292300000	292400000	1.0
CM023459.1	292500000	292600000	2.0
CM023459.1	293000000	293100000	1.0
CM023459.1	293400000	293500000	1.0
CM023459.1	294200000	294300000	1.0
CM023459.1	294300000	294400000	1.0
CM023459.1	294600000	294700000	3.0
CM023459.1	294700000	294800000	1.0
CM023459.1	294900000	295000000	1.0
CM023459.1	295000000	295100000	1.0
CM023459.1	295100000	295200000	1.0
CM023459.1	295200000	295300000	1.0
CM023459.1	295300000	295400000	2.0
CM023459.1	295500000	295600000	1.0
CM023459.1	295700000	295800000	4.0
CM023459.1	295800000	295900000	1.0
CM023459.1	296000000	296100000	1.0
CM023459.1	296100000	296200000	4.0
CM023459.1	296300000	296400000	2.0
CM023459.1	296500000	296600000	4.0
CM023459.1	296600000	296700000	2.0
CM023459.1	296700000	296800000	6.0
CM023459.1	296800000	296900000	5.0
CM023459.1	296900000	297000000	4.0
CM023459.1	297000000	297100000	2.0
CM023459.1	297200000	297300000	4.0
CM023459.1	297300000	297400000	2.0
CM023459.1	297500000	297600000	1.0
CM023459.1	297600000	297700000	1.0
CM023459.1	297700000	297800000	1.0
CM023459.1	297900000	298000000	1.0
CM023459.1	298100000	298200000	3.0
CM023459.1	298200000	298300000	2.0
CM023459.1	298300000	298400000	1.0
CM023459.1	298400000	298500000	2.0
CM023459.1	298500000	298600000	3.0
CM023459.1	298600000	298700000	1.0
CM023459.1	298700000	298800000	7.0
CM023459.1	298800000	298900000	3.0
CM023459.1	299000000	299100000	6.0
CM023459.1	299100000	299200000	2.0
CM023459.1	299300000	299400000	3.0
CM023459.1	299400000	299500000	3.0
CM023459.1	299600000	299700000	1.0
CM023459.1	299800000	299900000	3.0
CM023459.1	299900000	300000000	1.0
CM023459.1	300000000	300100000	1.0
CM023459.1	300200000	300300000	2.0
CM023459.1	300300000	300400000	2.0
CM023459.1	300400000	300500000	1.0
CM023459.1	300500000	300600000	1.0
CM023459.1	301100000	301200000	1.0
CM023459.1	301300000	301400000	1.0
CM023459.1	301400000	301500000	1.0
CM023459.1	301600000	301700000	2.0
CM023459.1	301700000	301800000	1.0
CM023459.1	301800000	301900000	3.0
CM023459.1	301900000	302000000	1.0
CM023459.1	302000000	302100000	1.0
CM023459.1	302100000	302200000	3.0
CM023459.1	302200000	302300000	2.0
CM023459.1	302300000	302400000	1.0
CM023459.1	302500000	302600000	2.0
CM023459.1	302900000	303000000	1.0
CM023459.1	303000000	303100000	3.0
CM023459.1	303300000	303400000	8.0
CM023459.1	303400000	303500000	2.0
CM023459.1	303500000	303600000	5.0
CM023459.1	303600000	303700000	5.0
CM023459.1	303700000	303800000	3.0
CM023459.1	303900000	304000000	4.0
CM023459.1	304000000	304100000	5.0
CM023459.1	304100000	304200000	1.0
CM023459.1	304400000	304500000	2.0
CM023459.1	304500000	304600000	4.0
CM023459.1	304600000	304700000	5.0
CM023459.1	304700000	304800000	3.0
CM023459.1	304800000	304900000	1.0
CM023459.1	305100000	305200000	1.0
CM023459.1	305200000	305300000	1.0
CM023459.1	307000000	307100000	1.0
CM023459.1	307100000	307200000	2.0
CM023459.1	307300000	307400000	1.0
CM023459.1	307600000	307700000	1.0
CM023459.1	307800000	307900000	3.0
CM023459.1	307900000	308000000	3.0
CM023459.1	308100000	308200000	1.0
CM023459.1	308300000	308400000	4.0
CM023459.1	308400000	308500000	2.0
CM023459.1	308500000	308600000	6.0
CM023459.1	308600000	308700000	1.0
CM023459.1	308700000	308800000	1.0
CM023459.1	308800000	308900000	2.0
CM023459.1	308900000	309000000	2.0
CM023459.1	309000000	309100000	1.0
CM023459.1	309100000	309200000	1.0
CM023459.1	309200000	309300000	1.0
CM023459.1	309300000	309400000	3.0
CM023459.1	309600000	309700000	3.0
CM023459.1	309700000	309800000	2.0
CM023459.1	309800000	309900000	6.0
CM023459.1	309900000	310000000	1.0
CM023459.1	310000000	310100000	1.0
CM023459.1	310100000	310200000	1.0
CM023459.1	310200000	310300000	3.0
CM023459.1	310300000	310400000	3.0
CM023459.1	310400000	310500000	2.0
CM023459.1	310500000	310600000	4.0
CM023459.1	310600000	310700000	1.0
CM023459.1	310900000	311000000	1.0
CM023459.1	311000000	311100000	3.0
CM023459.1	311200000	311300000	1.0
CM023459.1	311300000	311400000	5.0
CM023459.1	311400000	311500000	5.0
CM023459.1	311500000	311600000	2.0
CM023459.1	311600000	311700000	2.0
CM023459.1	311800000	311900000	2.0
CM023459.1	312100000	312200000	1.0
CM023459.1	312400000	312500000	1.0
CM023459.1	312800000	312900000	2.0
CM023459.1	312900000	313000000	1.0
CM023459.1	313000000	313100000	1.0
CM023459.1	313100000	313200000	1.0
CM023459.1	313600000	313700000	1.0
CM023459.1	313700000	313800000	3.0
CM023459.1	314000000	314100000	1.0
CM023459.1	314200000	314300000	1.0
CM023459.1	314400000	314500000	1.0
CM023459.1	314700000	314800000	3.0
CM023459.1	314800000	314900000	1.0
CM023459.1	315000000	315100000	3.0
CM023459.1	315400000	315500000	1.0
CM023459.1	315800000	315900000	3.0
CM023459.1	315900000	316000000	4.0
CM023459.1	316000000	316100000	5.0
CM023459.1	316100000	316200000	2.0
CM023459.1	316200000	316300000	1.0
CM023459.1	316300000	316400000	1.0
CM023459.1	316400000	316500000	3.0
CM023459.1	316500000	316600000	4.0
CM023459.1	316800000	316900000	1.0
CM023459.1	317000000	317100000	4.0
CM023459.1	317100000	317200000	4.0
CM023459.1	317200000	317300000	1.0
CM023459.1	317300000	317400000	1.0
CM023459.1	317400000	317500000	6.0
CM023459.1	317500000	317600000	3.0
CM023459.1	317600000	317700000	3.0
CM023459.1	317700000	317800000	4.0
CM023459.1	317800000	317900000	1.0
CM023459.1	317900000	318000000	3.0
CM023459.1	318000000	318100000	2.0
CM023459.1	318100000	318200000	2.0
CM023459.1	318200000	318300000	7.0
CM023459.1	318300000	318400000	3.0
CM023459.1	318400000	318500000	5.0
CM023459.1	318500000	318600000	5.0
CM023459.1	318700000	318800000	3.0
CM023459.1	318800000	318900000	2.0
CM023459.1	318900000	319000000	4.0
CM023459.1	319000000	319100000	5.0
CM023459.1	319100000	319200000	6.0
CM023459.1	319200000	319300000	2.0
CM023459.1	319400000	319500000	1.0
CM023459.1	319500000	319600000	1.0
CM023459.1	319700000	319800000	2.0
CM023459.1	319800000	319900000	4.0
CM023459.1	320000000	320100000	1.0
CM023459.1	320100000	320200000	4.0
CM023459.1	320300000	320400000	2.0
CM023459.1	320500000	320600000	2.0
CM023459.1	320600000	320700000	2.0
CM023459.1	320700000	320800000	2.0
CM023459.1	320800000	320900000	1.0
CM023459.1	321600000	321700000	1.0
CM023459.1	321700000	321800000	2.0
CM023459.1	321800000	321900000	3.0
CM023459.1	321900000	322000000	2.0
CM023459.1	322000000	322100000	1.0
CM023459.1	322100000	322200000	2.0
CM023459.1	322200000	322300000	1.0
CM023459.1	322300000	322400000	3.0
CM023459.1	322400000	322500000	2.0
CM023459.1	322500000	322600000	1.0
CM023459.1	322600000	322700000	5.0
CM023459.1	322700000	322800000	1.0
CM023459.1	322800000	322900000	1.0
CM023459.1	322900000	323000000	3.0
CM023459.1	323000000	323100000	1.0
CM023459.1	323100000	323200000	1.0
CM023459.1	323200000	323300000	2.0
CM023459.1	323400000	323500000	1.0
CM023459.1	323500000	323600000	2.0
CM023459.1	323600000	323700000	2.0
CM023459.1	323700000	323800000	1.0
CM023459.1	323800000	323900000	1.0
CM023459.1	324000000	324100000	1.0
CM023459.1	324100000	324200000	1.0
CM023459.1	324500000	324561522	1.0
CM023460.1	100000	200000	1.0
CM023460.1	200000	300000	1.0
CM023460.1	600000	700000	2.0
CM023460.1	800000	900000	2.0
CM023460.1	1000000	1100000	4.0
CM023460.1	1100000	1200000	1.0
CM023460.1	1200000	1300000	2.0
CM023460.1	1300000	1400000	2.0
CM023460.1	1400000	1500000	2.0
CM023460.1	1500000	1600000	3.0
CM023460.1	1600000	1700000	3.0
CM023460.1	1700000	1800000	1.0
CM023460.1	1900000	2000000	2.0
CM023460.1	2000000	2100000	1.0
CM023460.1	2200000	2300000	1.0
CM023460.1	2400000	2500000	1.0
CM023460.1	2500000	2600000	5.0
CM023460.1	2600000	2700000	2.0
CM023460.1	2800000	2900000	1.0
CM023460.1	2900000	3000000	2.0
CM023460.1	3000000	3100000	1.0
CM023460.1	3100000	3200000	2.0
CM023460.1	3300000	3400000	2.0
CM023460.1	3400000	3500000	4.0
CM023460.1	3700000	3800000	1.0
CM023460.1	4700000	4800000	2.0
CM023460.1	5300000	5400000	1.0
CM023460.1	5400000	5500000	2.0
CM023460.1	5500000	5600000	1.0
CM023460.1	5700000	5800000	1.0
CM023460.1	5800000	5900000	1.0
CM023460.1	5900000	6000000	1.0
CM023460.1	6200000	6300000	1.0
CM023460.1	6600000	6700000	1.0
CM023460.1	6800000	6900000	2.0
CM023460.1	6900000	7000000	2.0
CM023460.1	7100000	7200000	2.0
CM023460.1	7200000	7300000	1.0
CM023460.1	7300000	7400000	2.0
CM023460.1	7400000	7500000	1.0
CM023460.1	7500000	7600000	4.0
CM023460.1	7600000	7700000	2.0
CM023460.1	7700000	7800000	1.0
CM023460.1	7900000	8000000	1.0
CM023460.1	8000000	8100000	2.0
CM023460.1	8100000	8200000	1.0
CM023460.1	8300000	8400000	3.0
CM023460.1	8500000	8600000	3.0
CM023460.1	8600000	8700000	4.0
CM023460.1	8700000	8800000	4.0
CM023460.1	8800000	8900000	1.0
CM023460.1	9000000	9100000	1.0
CM023460.1	9500000	9600000	1.0
CM023460.1	9600000	9700000	1.0
CM023460.1	9700000	9800000	2.0
CM023460.1	9800000	9900000	1.0
CM023460.1	10200000	10300000	1.0
CM023460.1	10300000	10400000	1.0
CM023460.1	10400000	10500000	2.0
CM023460.1	10700000	10800000	1.0
CM023460.1	11200000	11300000	1.0
CM023460.1	11300000	11400000	1.0
CM023460.1	12100000	12200000	1.0
CM023460.1	12200000	12300000	2.0
CM023460.1	12500000	12600000	2.0
CM023460.1	12900000	13000000	1.0
CM023460.1	13800000	13900000	1.0
CM023460.1	13900000	14000000	2.0
CM023460.1	14000000	14100000	1.0
CM023460.1	14100000	14200000	1.0
CM023460.1	14200000	14300000	2.0
CM023460.1	14500000	14600000	1.0
CM023460.1	14600000	14700000	1.0
CM023460.1	15000000	15100000	2.0
CM023460.1	15100000	15200000	1.0
CM023460.1	15700000	15800000	1.0
CM023460.1	15800000	15900000	1.0
CM023460.1	16000000	16100000	1.0
CM023460.1	16100000	16200000	1.0
CM023460.1	16200000	16300000	3.0
CM023460.1	16400000	16500000	1.0
CM023460.1	17000000	17100000	1.0
CM023460.1	17200000	17300000	1.0
CM023460.1	17300000	17400000	1.0
CM023460.1	17500000	17600000	3.0
CM023460.1	17600000	17700000	3.0
CM023460.1	17900000	18000000	1.0
CM023460.1	18000000	18100000	1.0
CM023460.1	18100000	18200000	1.0
CM023460.1	18800000	18900000	1.0
CM023460.1	19100000	19200000	1.0
CM023460.1	19200000	19300000	1.0
CM023460.1	19700000	19800000	1.0
CM023460.1	19800000	19900000	1.0
CM023460.1	20200000	20300000	1.0
CM023460.1	20500000	20600000	1.0
CM023460.1	20600000	20700000	1.0
CM023460.1	20700000	20800000	1.0
CM023460.1	20800000	20900000	2.0
CM023460.1	21000000	21100000	1.0
CM023460.1	21100000	21200000	1.0
CM023460.1	21400000	21500000	3.0
CM023460.1	21600000	21700000	3.0
CM023460.1	21700000	21800000	1.0
CM023460.1	21900000	22000000	3.0
CM023460.1	22000000	22100000	1.0
CM023460.1	22100000	22200000	1.0
CM023460.1	23400000	23500000	1.0
CM023460.1	24500000	24600000	2.0
CM023460.1	25100000	25200000	1.0
CM023460.1	25300000	25400000	1.0
CM023460.1	25500000	25600000	1.0
CM023460.1	25600000	25700000	2.0
CM023460.1	25800000	25900000	3.0
CM023460.1	25900000	26000000	4.0
CM023460.1	26000000	26100000	1.0
CM023460.1	26100000	26200000	1.0
CM023460.1	26700000	26800000	4.0
CM023460.1	26800000	26900000	2.0
CM023460.1	27100000	27200000	1.0
CM023460.1	27300000	27400000	1.0
CM023460.1	27600000	27700000	1.0
CM023460.1	27700000	27800000	1.0
CM023460.1	28000000	28100000	1.0
CM023460.1	28300000	28400000	1.0
CM023460.1	28400000	28500000	1.0
CM023460.1	28600000	28700000	1.0
CM023460.1	28700000	28800000	3.0
CM023460.1	28800000	28900000	1.0
CM023460.1	29000000	29100000	3.0
CM023460.1	29100000	29200000	1.0
CM023460.1	29200000	29300000	2.0
CM023460.1	29300000	29400000	3.0
CM023460.1	29500000	29600000	3.0
CM023460.1	29600000	29700000	1.0
CM023460.1	29700000	29800000	1.0
CM023460.1	29800000	29900000	1.0
CM023460.1	30300000	30400000	1.0
CM023460.1	30600000	30700000	4.0
CM023460.1	31100000	31200000	1.0
CM023460.1	31300000	31400000	1.0
CM023460.1	31500000	31600000	4.0
CM023460.1	31600000	31700000	2.0
CM023460.1	31800000	31900000	1.0
CM023460.1	31900000	32000000	2.0
CM023460.1	32100000	32200000	1.0
CM023460.1	32200000	32300000	1.0
CM023460.1	32400000	32500000	3.0
CM023460.1	32600000	32700000	3.0
CM023460.1	32700000	32800000	1.0
CM023460.1	32800000	32900000	1.0
CM023460.1	32900000	33000000	3.0
CM023460.1	33000000	33100000	2.0
CM023460.1	33100000	33200000	1.0
CM023460.1	33200000	33300000	2.0
CM023460.1	33300000	33400000	2.0
CM023460.1	33500000	33600000	5.0
CM023460.1	33600000	33700000	1.0
CM023460.1	33700000	33800000	3.0
CM023460.1	33900000	34000000	1.0
CM023460.1	34000000	34100000	2.0
CM023460.1	34200000	34300000	2.0
CM023460.1	34300000	34400000	1.0
CM023460.1	34400000	34500000	1.0
CM023460.1	34600000	34700000	1.0
CM023460.1	34700000	34800000	1.0
CM023460.1	34800000	34900000	1.0
CM023460.1	34900000	35000000	1.0
CM023460.1	35000000	35100000	1.0
CM023460.1	35200000	35300000	1.0
CM023460.1	35500000	35600000	2.0
CM023460.1	35600000	35700000	2.0
CM023460.1	35700000	35800000	1.0
CM023460.1	35800000	35900000	1.0
CM023460.1	35900000	36000000	3.0
CM023460.1	36100000	36200000	1.0
CM023460.1	36300000	36400000	1.0
CM023460.1	36500000	36600000	1.0
CM023460.1	36600000	36700000	1.0
CM023460.1	36800000	36900000	1.0
CM023460.1	36900000	37000000	1.0
CM023460.1	37100000	37200000	1.0
CM023460.1	37200000	37300000	1.0
CM023460.1	37300000	37400000	1.0
CM023460.1	37400000	37500000	1.0
CM023460.1	37500000	37600000	2.0
CM023460.1	37800000	37900000	1.0
CM023460.1	38100000	38200000	1.0
CM023460.1	38400000	38500000	1.0
CM023460.1	38500000	38600000	1.0
CM023460.1	38700000	38800000	1.0
CM023460.1	38800000	38900000	2.0
CM023460.1	38900000	39000000	1.0
CM023460.1	39200000	39300000	1.0
CM023460.1	39300000	39400000	1.0
CM023460.1	39700000	39800000	1.0
CM023460.1	40200000	40300000	2.0
CM023460.1	40300000	40400000	1.0
CM023460.1	40600000	40700000	2.0
CM023460.1	40800000	40900000	1.0
CM023460.1	40900000	41000000	1.0
CM023460.1	41100000	41200000	1.0
CM023460.1	41200000	41300000	2.0
CM023460.1	41300000	41400000	3.0
CM023460.1	41400000	41500000	2.0
CM023460.1	41500000	41600000	2.0
CM023460.1	41600000	41700000	3.0
CM023460.1	41700000	41800000	1.0
CM023460.1	41800000	41900000	2.0
CM023460.1	42200000	42300000	1.0
CM023460.1	42700000	42800000	2.0
CM023460.1	43600000	43700000	3.0
CM023460.1	43700000	43800000	1.0
CM023460.1	44200000	44300000	1.0
CM023460.1	44300000	44400000	1.0
CM023460.1	44600000	44700000	2.0
CM023460.1	44700000	44800000	4.0
CM023460.1	44800000	44900000	1.0
CM023460.1	44900000	45000000	1.0
CM023460.1	45200000	45300000	1.0
CM023460.1	45300000	45400000	1.0
CM023460.1	45500000	45600000	1.0
CM023460.1	45600000	45700000	1.0
CM023460.1	46100000	46200000	2.0
CM023460.1	46200000	46300000	3.0
CM023460.1	46300000	46400000	1.0
CM023460.1	46500000	46600000	1.0
CM023460.1	46600000	46700000	1.0
CM023460.1	46700000	46800000	1.0
CM023460.1	46800000	46900000	1.0
CM023460.1	47000000	47100000	1.0
CM023460.1	47600000	47700000	2.0
CM023460.1	48200000	48300000	2.0
CM023460.1	48700000	48800000	1.0
CM023460.1	48900000	49000000	2.0
CM023460.1	49000000	49100000	1.0
CM023460.1	49100000	49200000	2.0
CM023460.1	49200000	49300000	1.0
CM023460.1	49600000	49700000	2.0
CM023460.1	49800000	49900000	2.0
CM023460.1	49900000	50000000	2.0
CM023460.1	50000000	50100000	4.0
CM023460.1	50100000	50200000	1.0
CM023460.1	50200000	50300000	2.0
CM023460.1	50300000	50400000	4.0
CM023460.1	50500000	50600000	6.0
CM023460.1	50600000	50700000	4.0
CM023460.1	50800000	50900000	2.0
CM023460.1	50900000	51000000	1.0
CM023460.1	51000000	51100000	1.0
CM023460.1	51100000	51200000	1.0
CM023460.1	51200000	51300000	1.0
CM023460.1	51300000	51400000	2.0
CM023460.1	51400000	51500000	1.0
CM023460.1	51500000	51600000	1.0
CM023460.1	51600000	51700000	3.0
CM023460.1	51700000	51800000	1.0
CM023460.1	51800000	51900000	1.0
CM023460.1	51900000	52000000	3.0
CM023460.1	52000000	52100000	1.0
CM023460.1	52500000	52600000	1.0
CM023460.1	52600000	52700000	1.0
CM023460.1	52800000	52900000	1.0
CM023460.1	53000000	53100000	1.0
CM023460.1	53100000	53200000	2.0
CM023460.1	53200000	53300000	1.0
CM023460.1	53300000	53400000	1.0
CM023460.1	53600000	53700000	1.0
CM023460.1	53700000	53800000	1.0
CM023460.1	53900000	54000000	2.0
CM023460.1	54100000	54200000	1.0
CM023460.1	54300000	54400000	1.0
CM023460.1	54400000	54500000	1.0
CM023460.1	54500000	54600000	1.0
CM023460.1	54600000	54700000	1.0
CM023460.1	54700000	54800000	1.0
CM023460.1	54900000	55000000	2.0
CM023460.1	55200000	55300000	2.0
CM023460.1	55300000	55400000	1.0
CM023460.1	55400000	55500000	3.0
CM023460.1	55500000	55600000	3.0
CM023460.1	55600000	55700000	1.0
CM023460.1	55700000	55800000	1.0
CM023460.1	55800000	55900000	4.0
CM023460.1	55900000	56000000	1.0
CM023460.1	56100000	56200000	1.0
CM023460.1	56200000	56300000	2.0
CM023460.1	56400000	56500000	2.0
CM023460.1	56500000	56600000	3.0
CM023460.1	56600000	56700000	2.0
CM023460.1	56700000	56800000	2.0
CM023460.1	56800000	56900000	2.0
CM023460.1	56900000	57000000	1.0
CM023460.1	57000000	57100000	4.0
CM023460.1	57100000	57200000	2.0
CM023460.1	57200000	57300000	2.0
CM023460.1	57300000	57400000	1.0
CM023460.1	57400000	57500000	3.0
CM023460.1	57600000	57700000	3.0
CM023460.1	57700000	57800000	4.0
CM023460.1	57800000	57900000	3.0
CM023460.1	57900000	58000000	3.0
CM023460.1	58000000	58100000	2.0
CM023460.1	58300000	58400000	2.0
CM023460.1	58400000	58500000	2.0
CM023460.1	58600000	58700000	1.0
CM023460.1	58700000	58800000	1.0
CM023460.1	58800000	58900000	1.0
CM023460.1	59200000	59300000	1.0
CM023460.1	59300000	59400000	1.0
CM023460.1	59500000	59600000	1.0
CM023460.1	59600000	59700000	1.0
CM023460.1	60000000	60100000	1.0
CM023460.1	60400000	60500000	2.0
CM023460.1	60600000	60700000	1.0
CM023460.1	60900000	61000000	3.0
CM023460.1	61000000	61100000	1.0
CM023460.1	61200000	61300000	1.0
CM023460.1	61300000	61400000	1.0
CM023460.1	61400000	61500000	1.0
CM023460.1	61600000	61700000	1.0
CM023460.1	61800000	61900000	3.0
CM023460.1	61900000	62000000	2.0
CM023460.1	62000000	62100000	2.0
CM023460.1	62100000	62200000	6.0
CM023460.1	62300000	62400000	1.0
CM023460.1	62400000	62500000	2.0
CM023460.1	62800000	62900000	2.0
CM023460.1	62900000	63000000	1.0
CM023460.1	63100000	63200000	3.0
CM023460.1	63200000	63300000	3.0
CM023460.1	63300000	63400000	3.0
CM023460.1	63400000	63500000	1.0
CM023460.1	63500000	63600000	1.0
CM023460.1	63600000	63700000	2.0
CM023460.1	63700000	63800000	1.0
CM023460.1	63800000	63900000	1.0
CM023460.1	64000000	64100000	1.0
CM023460.1	64100000	64200000	1.0
CM023460.1	64200000	64300000	1.0
CM023460.1	64400000	64500000	4.0
CM023460.1	64500000	64600000	1.0
CM023460.1	64700000	64800000	1.0
CM023460.1	64900000	65000000	6.0
CM023460.1	65000000	65100000	2.0
CM023460.1	65100000	65200000	1.0
CM023460.1	65200000	65300000	1.0
CM023460.1	65300000	65400000	1.0
CM023460.1	65400000	65500000	1.0
CM023460.1	65700000	65800000	1.0
CM023460.1	66000000	66100000	1.0
CM023460.1	66100000	66200000	2.0
CM023460.1	66200000	66300000	1.0
CM023460.1	66300000	66400000	1.0
CM023460.1	66400000	66500000	2.0
CM023460.1	66700000	66800000	4.0
CM023460.1	67000000	67100000	1.0
CM023460.1	67100000	67200000	1.0
CM023460.1	67400000	67500000	1.0
CM023460.1	67500000	67600000	2.0
CM023460.1	67800000	67900000	2.0
CM023460.1	68000000	68100000	1.0
CM023460.1	68200000	68300000	2.0
CM023460.1	68300000	68400000	1.0
CM023460.1	68400000	68500000	1.0
CM023460.1	68700000	68800000	1.0
CM023460.1	68900000	69000000	1.0
CM023460.1	69000000	69100000	1.0
CM023460.1	69100000	69200000	1.0
CM023460.1	69200000	69300000	1.0
CM023460.1	69300000	69400000	1.0
CM023460.1	69400000	69500000	1.0
CM023460.1	69500000	69600000	2.0
CM023460.1	69600000	69700000	3.0
CM023460.1	69700000	69800000	1.0
CM023460.1	70000000	70100000	1.0
CM023460.1	70200000	70300000	4.0
CM023460.1	70400000	70500000	1.0
CM023460.1	70900000	71000000	1.0
CM023460.1	71000000	71100000	1.0
CM023460.1	71100000	71200000	1.0
CM023460.1	71200000	71300000	1.0
CM023460.1	71300000	71400000	1.0
CM023460.1	71400000	71500000	3.0
CM023460.1	71500000	71600000	4.0
CM023460.1	71900000	72000000	2.0
CM023460.1	72000000	72100000	1.0
CM023460.1	72100000	72200000	2.0
CM023460.1	72200000	72300000	2.0
CM023460.1	72500000	72600000	2.0
CM023460.1	72800000	72900000	1.0
CM023460.1	72900000	73000000	2.0
CM023460.1	73200000	73300000	1.0
CM023460.1	73500000	73600000	1.0
CM023460.1	73600000	73700000	2.0
CM023460.1	73700000	73800000	2.0
CM023460.1	73800000	73900000	5.0
CM023460.1	73900000	74000000	2.0
CM023460.1	74100000	74200000	1.0
CM023460.1	74200000	74300000	1.0
CM023460.1	74300000	74400000	3.0
CM023460.1	74400000	74500000	2.0
CM023460.1	74500000	74600000	1.0
CM023460.1	74600000	74700000	2.0
CM023460.1	74900000	75000000	1.0
CM023460.1	75000000	75100000	2.0
CM023460.1	75200000	75300000	2.0
CM023460.1	75300000	75400000	1.0
CM023460.1	75400000	75500000	1.0
CM023460.1	75500000	75600000	1.0
CM023460.1	75800000	75900000	1.0
CM023460.1	76100000	76200000	1.0
CM023460.1	77000000	77100000	2.0
CM023460.1	77100000	77200000	1.0
CM023460.1	77200000	77300000	2.0
CM023460.1	77300000	77400000	1.0
CM023460.1	77400000	77500000	2.0
CM023460.1	77700000	77800000	2.0
CM023460.1	78100000	78200000	1.0
CM023460.1	78400000	78500000	1.0
CM023460.1	78700000	78800000	2.0
CM023460.1	79200000	79300000	1.0
CM023460.1	79400000	79500000	1.0
CM023460.1	79600000	79700000	3.0
CM023460.1	79700000	79800000	1.0
CM023460.1	79800000	79900000	1.0
CM023460.1	79900000	80000000	1.0
CM023460.1	80000000	80100000	1.0
CM023460.1	80200000	80300000	1.0
CM023460.1	80300000	80400000	1.0
CM023460.1	80400000	80500000	1.0
CM023460.1	80500000	80600000	1.0
CM023460.1	80700000	80800000	2.0
CM023460.1	80800000	80900000	1.0
CM023460.1	81000000	81100000	3.0
CM023460.1	81100000	81200000	1.0
CM023460.1	81200000	81300000	1.0
CM023460.1	81500000	81600000	2.0
CM023460.1	81700000	81800000	1.0
CM023460.1	81800000	81900000	1.0
CM023460.1	81900000	82000000	1.0
CM023460.1	82000000	82100000	2.0
CM023460.1	82100000	82200000	1.0
CM023460.1	82200000	82300000	2.0
CM023460.1	82400000	82500000	1.0
CM023460.1	82500000	82600000	2.0
CM023460.1	82600000	82700000	2.0
CM023460.1	82700000	82800000	1.0
CM023460.1	82800000	82900000	1.0
CM023460.1	83100000	83200000	1.0
CM023460.1	83200000	83300000	3.0
CM023460.1	83300000	83400000	1.0
CM023460.1	83400000	83500000	1.0
CM023460.1	83500000	83600000	1.0
CM023460.1	83700000	83800000	3.0
CM023460.1	83800000	83900000	1.0
CM023460.1	84000000	84100000	2.0
CM023460.1	84100000	84200000	1.0
CM023460.1	84600000	84700000	1.0
CM023460.1	85100000	85200000	1.0
CM023460.1	85200000	85300000	1.0
CM023460.1	85300000	85400000	2.0
CM023460.1	85500000	85600000	1.0
CM023460.1	85600000	85700000	2.0
CM023460.1	85700000	85800000	2.0
CM023460.1	85900000	86000000	3.0
CM023460.1	86200000	86300000	1.0
CM023460.1	86300000	86400000	1.0
CM023460.1	86400000	86500000	2.0
CM023460.1	86600000	86700000	1.0
CM023460.1	86700000	86800000	1.0
CM023460.1	87100000	87200000	2.0
CM023460.1	87200000	87300000	1.0
CM023460.1	87300000	87400000	3.0
CM023460.1	87400000	87500000	3.0
CM023460.1	87500000	87600000	1.0
CM023460.1	87600000	87700000	2.0
CM023460.1	87700000	87800000	2.0
CM023460.1	87800000	87900000	2.0
CM023460.1	87900000	88000000	2.0
CM023460.1	88000000	88100000	1.0
CM023460.1	88100000	88200000	2.0
CM023460.1	88200000	88300000	1.0
CM023460.1	88400000	88500000	1.0
CM023460.1	88500000	88600000	1.0
CM023460.1	88600000	88700000	1.0
CM023460.1	88700000	88800000	3.0
CM023460.1	88800000	88900000	1.0
CM023460.1	88900000	89000000	2.0
CM023460.1	89000000	89100000	1.0
CM023460.1	89100000	89200000	1.0
CM023460.1	89400000	89500000	1.0
CM023460.1	89500000	89600000	2.0
CM023460.1	89600000	89700000	1.0
CM023460.1	89700000	89800000	1.0
CM023460.1	89900000	90000000	2.0
CM023460.1	90000000	90100000	2.0
CM023460.1	90100000	90200000	3.0
CM023460.1	90200000	90300000	2.0
CM023460.1	90300000	90400000	1.0
CM023460.1	90600000	90700000	2.0
CM023460.1	90700000	90800000	2.0
CM023460.1	90900000	91000000	1.0
CM023460.1	91200000	91300000	3.0
CM023460.1	91700000	91800000	2.0
CM023460.1	91800000	91900000	3.0
CM023460.1	91900000	92000000	4.0
CM023460.1	92000000	92100000	1.0
CM023460.1	92100000	92200000	2.0
CM023460.1	92200000	92300000	4.0
CM023460.1	92400000	92500000	2.0
CM023460.1	92500000	92600000	1.0
CM023460.1	92600000	92700000	1.0
CM023460.1	92800000	92900000	1.0
CM023460.1	92900000	93000000	1.0
CM023460.1	93000000	93100000	1.0
CM023460.1	93200000	93300000	1.0
CM023460.1	93300000	93400000	1.0
CM023460.1	93500000	93600000	1.0
CM023460.1	93600000	93700000	2.0
CM023460.1	93700000	93800000	1.0
CM023460.1	93800000	93900000	3.0
CM023460.1	93900000	94000000	2.0
CM023460.1	94000000	94100000	1.0
CM023460.1	94500000	94600000	1.0
CM023460.1	94700000	94800000	1.0
CM023460.1	94800000	94900000	3.0
CM023460.1	94900000	95000000	1.0
CM023460.1	95000000	95100000	3.0
CM023460.1	95300000	95400000	1.0
CM023460.1	95400000	95500000	2.0
CM023460.1	95500000	95600000	1.0
CM023460.1	95600000	95700000	1.0
CM023460.1	95700000	95800000	2.0
CM023460.1	95800000	95900000	2.0
CM023460.1	95900000	96000000	2.0
CM023460.1	96000000	96100000	3.0
CM023460.1	96200000	96300000	2.0
CM023460.1	96300000	96400000	2.0
CM023460.1	96800000	96900000	3.0
CM023460.1	96900000	97000000	2.0
CM023460.1	97000000	97100000	2.0
CM023460.1	97100000	97200000	5.0
CM023460.1	97200000	97300000	3.0
CM023460.1	97300000	97400000	1.0
CM023460.1	97500000	97600000	2.0
CM023460.1	97800000	97900000	2.0
CM023460.1	98000000	98100000	2.0
CM023460.1	98100000	98200000	1.0
CM023460.1	98300000	98400000	1.0
CM023460.1	98400000	98500000	1.0
CM023460.1	98500000	98600000	1.0
CM023460.1	98600000	98700000	1.0
CM023460.1	98700000	98800000	1.0
CM023460.1	98900000	99000000	3.0
CM023460.1	99000000	99100000	1.0
CM023460.1	99100000	99200000	2.0
CM023460.1	99200000	99300000	1.0
CM023460.1	99500000	99600000	1.0
CM023460.1	99600000	99700000	2.0
CM023460.1	99700000	99800000	3.0
CM023460.1	100100000	100200000	3.0
CM023460.1	100200000	100300000	2.0
CM023460.1	100300000	100400000	3.0
CM023460.1	100400000	100500000	3.0
CM023460.1	100600000	100700000	2.0
CM023460.1	100900000	101000000	1.0
CM023460.1	101000000	101100000	2.0
CM023460.1	101200000	101300000	3.0
CM023460.1	101300000	101400000	1.0
CM023460.1	101400000	101500000	2.0
CM023460.1	101500000	101600000	1.0
CM023460.1	101600000	101700000	1.0
CM023460.1	101800000	101900000	1.0
CM023460.1	101900000	102000000	1.0
CM023460.1	102000000	102100000	3.0
CM023460.1	102200000	102300000	2.0
CM023460.1	102300000	102400000	2.0
CM023460.1	102400000	102500000	1.0
CM023460.1	102500000	102600000	2.0
CM023460.1	102600000	102700000	2.0
CM023460.1	102800000	102900000	1.0
CM023460.1	103300000	103400000	1.0
CM023460.1	103400000	103500000	2.0
CM023460.1	104200000	104300000	1.0
CM023460.1	104900000	105000000	1.0
CM023460.1	105000000	105100000	1.0
CM023460.1	105100000	105200000	2.0
CM023460.1	105500000	105600000	1.0
CM023460.1	105700000	105800000	1.0
CM023460.1	105800000	105900000	4.0
CM023460.1	106000000	106100000	2.0
CM023460.1	106500000	106600000	1.0
CM023460.1	106600000	106700000	1.0
CM023460.1	106800000	106900000	1.0
CM023460.1	107000000	107100000	2.0
CM023460.1	107200000	107300000	1.0
CM023460.1	107300000	107400000	2.0
CM023460.1	107400000	107500000	2.0
CM023460.1	107500000	107600000	3.0
CM023460.1	107600000	107700000	1.0
CM023460.1	107700000	107800000	1.0
CM023460.1	107800000	107900000	1.0
CM023460.1	107900000	108000000	1.0
CM023460.1	108100000	108200000	1.0
CM023460.1	108200000	108300000	4.0
CM023460.1	108300000	108400000	1.0
CM023460.1	108600000	108700000	1.0
CM023460.1	108700000	108800000	1.0
CM023460.1	108800000	108900000	3.0
CM023460.1	108900000	109000000	2.0
CM023460.1	109000000	109100000	2.0
CM023460.1	109100000	109200000	2.0
CM023460.1	109200000	109300000	2.0
CM023460.1	109400000	109500000	1.0
CM023460.1	109500000	109600000	4.0
CM023460.1	109600000	109700000	2.0
CM023460.1	109800000	109900000	3.0
CM023460.1	110100000	110200000	1.0
CM023460.1	110200000	110300000	1.0
CM023460.1	110300000	110400000	1.0
CM023460.1	110400000	110500000	1.0
CM023460.1	110500000	110600000	1.0
CM023460.1	110900000	111000000	1.0
CM023460.1	111000000	111100000	1.0
CM023460.1	111100000	111200000	2.0
CM023460.1	111400000	111500000	2.0
CM023460.1	111500000	111600000	2.0
CM023460.1	111900000	112000000	4.0
CM023460.1	112000000	112100000	1.0
CM023460.1	112100000	112200000	1.0
CM023460.1	112200000	112300000	2.0
CM023460.1	112300000	112400000	1.0
CM023460.1	112400000	112500000	1.0
CM023460.1	112700000	112800000	2.0
CM023460.1	112900000	113000000	1.0
CM023460.1	113000000	113100000	2.0
CM023460.1	113200000	113300000	2.0
CM023460.1	113700000	113800000	1.0
CM023460.1	113800000	113900000	3.0
CM023460.1	114000000	114100000	1.0
CM023460.1	114200000	114300000	2.0
CM023460.1	114300000	114400000	1.0
CM023460.1	114400000	114500000	1.0
CM023460.1	114800000	114900000	1.0
CM023460.1	115000000	115100000	1.0
CM023460.1	115300000	115400000	2.0
CM023460.1	115500000	115600000	2.0
CM023460.1	115900000	116000000	1.0
CM023460.1	116100000	116200000	1.0
CM023460.1	116300000	116400000	1.0
CM023460.1	116400000	116500000	1.0
CM023460.1	116500000	116600000	1.0
CM023460.1	116600000	116700000	2.0
CM023460.1	116700000	116800000	5.0
CM023460.1	116800000	116900000	2.0
CM023460.1	116900000	117000000	1.0
CM023460.1	117100000	117200000	1.0
CM023460.1	117200000	117300000	2.0
CM023460.1	117900000	118000000	1.0
CM023460.1	118200000	118300000	3.0
CM023460.1	118800000	118900000	1.0
CM023460.1	118900000	119000000	1.0
CM023460.1	119500000	119600000	2.0
CM023460.1	120000000	120100000	1.0
CM023460.1	120100000	120200000	1.0
CM023460.1	120300000	120400000	1.0
CM023460.1	120400000	120500000	1.0
CM023460.1	120500000	120600000	1.0
CM023460.1	120800000	120900000	1.0
CM023460.1	121100000	121200000	1.0
CM023460.1	121300000	121400000	1.0
CM023460.1	121500000	121600000	1.0
CM023460.1	121600000	121700000	1.0
CM023460.1	121700000	121800000	1.0
CM023460.1	122000000	122100000	2.0
CM023460.1	122500000	122600000	2.0
CM023460.1	122600000	122700000	2.0
CM023460.1	122800000	122900000	1.0
CM023460.1	122900000	123000000	1.0
CM023460.1	123200000	123300000	1.0
CM023460.1	123400000	123500000	1.0
CM023460.1	123700000	123800000	1.0
CM023460.1	123800000	123900000	1.0
CM023460.1	123900000	124000000	1.0
CM023460.1	124200000	124300000	2.0
CM023460.1	124300000	124400000	1.0
CM023460.1	124400000	124500000	2.0
CM023460.1	124500000	124600000	1.0
CM023460.1	124700000	124800000	2.0
CM023460.1	124800000	124900000	2.0
CM023460.1	124900000	125000000	2.0
CM023460.1	125000000	125100000	2.0
CM023460.1	125100000	125200000	3.0
CM023460.1	125200000	125300000	2.0
CM023460.1	125300000	125400000	1.0
CM023460.1	125500000	125600000	1.0
CM023460.1	125600000	125700000	1.0
CM023460.1	125800000	125900000	1.0
CM023460.1	126600000	126700000	4.0
CM023460.1	126800000	126900000	2.0
CM023460.1	126900000	127000000	5.0
CM023460.1	127000000	127100000	2.0
CM023460.1	127200000	127300000	1.0
CM023460.1	127300000	127400000	3.0
CM023460.1	127500000	127600000	1.0
CM023460.1	128400000	128500000	1.0
CM023460.1	128500000	128600000	2.0
CM023460.1	128600000	128700000	1.0
CM023460.1	128700000	128800000	3.0
CM023460.1	128900000	129000000	3.0
CM023460.1	129100000	129200000	2.0
CM023460.1	129200000	129300000	2.0
CM023460.1	129400000	129500000	1.0
CM023460.1	129500000	129600000	2.0
CM023460.1	129600000	129700000	1.0
CM023460.1	129700000	129800000	1.0
CM023460.1	129800000	129900000	3.0
CM023460.1	129900000	130000000	1.0
CM023460.1	130000000	130100000	4.0
CM023460.1	130200000	130300000	3.0
CM023460.1	130300000	130400000	1.0
CM023460.1	130400000	130500000	1.0
CM023460.1	130500000	130600000	1.0
CM023460.1	130600000	130700000	4.0
CM023460.1	130700000	130800000	2.0
CM023460.1	130800000	130900000	1.0
CM023460.1	130900000	131000000	1.0
CM023460.1	131000000	131100000	2.0
CM023460.1	131100000	131200000	1.0
CM023460.1	131200000	131300000	3.0
CM023460.1	131300000	131400000	2.0
CM023460.1	131400000	131500000	1.0
CM023460.1	131600000	131700000	2.0
CM023460.1	131700000	131800000	1.0
CM023460.1	131800000	131900000	1.0
CM023460.1	132000000	132100000	1.0
CM023460.1	132100000	132200000	2.0
CM023460.1	132200000	132300000	2.0
CM023460.1	132600000	132700000	2.0
CM023460.1	132700000	132800000	2.0
CM023460.1	132800000	132900000	1.0
CM023460.1	133100000	133200000	1.0
CM023460.1	133700000	133800000	1.0
CM023460.1	133800000	133900000	1.0
CM023460.1	133900000	134000000	3.0
CM023460.1	134000000	134100000	3.0
CM023460.1	134100000	134200000	3.0
CM023460.1	134300000	134400000	3.0
CM023460.1	134400000	134500000	3.0
CM023460.1	134500000	134600000	1.0
CM023460.1	134700000	134800000	3.0
CM023460.1	134800000	134900000	2.0
CM023460.1	134900000	135000000	1.0
CM023460.1	135000000	135100000	2.0
CM023460.1	135200000	135300000	2.0
CM023460.1	135300000	135400000	1.0
CM023460.1	135400000	135500000	2.0
CM023460.1	135600000	135700000	1.0
CM023460.1	135700000	135800000	1.0
CM023460.1	135800000	135900000	1.0
CM023460.1	135900000	136000000	2.0
CM023460.1	136000000	136100000	1.0
CM023460.1	136200000	136300000	1.0
CM023460.1	136300000	136400000	1.0
CM023460.1	136400000	136500000	2.0
CM023460.1	136500000	136600000	1.0
CM023460.1	136600000	136700000	2.0
CM023460.1	136700000	136800000	2.0
CM023460.1	136800000	136900000	2.0
CM023460.1	137000000	137100000	1.0
CM023460.1	137100000	137200000	1.0
CM023460.1	137300000	137400000	1.0
CM023460.1	137500000	137600000	1.0
CM023460.1	137600000	137700000	1.0
CM023460.1	137800000	137900000	1.0
CM023460.1	137900000	138000000	1.0
CM023460.1	138300000	138400000	1.0
CM023460.1	138700000	138800000	1.0
CM023460.1	138800000	138900000	2.0
CM023460.1	139000000	139100000	3.0
CM023460.1	139200000	139300000	1.0
CM023460.1	139300000	139400000	1.0
CM023460.1	139500000	139600000	3.0
CM023460.1	139600000	139700000	1.0
CM023460.1	139800000	139900000	1.0
CM023460.1	139900000	140000000	1.0
CM023460.1	140300000	140400000	1.0
CM023460.1	140500000	140600000	1.0
CM023460.1	140600000	140700000	1.0
CM023460.1	141000000	141100000	2.0
CM023460.1	141400000	141500000	1.0
CM023460.1	141500000	141600000	1.0
CM023460.1	141600000	141700000	2.0
CM023460.1	141700000	141800000	1.0
CM023460.1	142300000	142400000	3.0
CM023460.1	142400000	142500000	3.0
CM023460.1	142500000	142600000	1.0
CM023460.1	142600000	142700000	1.0
CM023460.1	142700000	142800000	1.0
CM023460.1	142900000	143000000	1.0
CM023460.1	143000000	143100000	1.0
CM023460.1	143100000	143200000	1.0
CM023460.1	143200000	143300000	5.0
CM023460.1	143300000	143400000	2.0
CM023460.1	143400000	143500000	4.0
CM023460.1	143500000	143600000	1.0
CM023460.1	143600000	143700000	2.0
CM023460.1	143700000	143800000	1.0
CM023460.1	143800000	143900000	3.0
CM023460.1	143900000	144000000	1.0
CM023460.1	144000000	144100000	1.0
CM023460.1	144100000	144200000	1.0
CM023460.1	144200000	144300000	5.0
CM023460.1	144400000	144500000	1.0
CM023460.1	144500000	144600000	1.0
CM023460.1	144800000	144900000	1.0
CM023460.1	144900000	145000000	1.0
CM023460.1	145300000	145400000	1.0
CM023460.1	145400000	145500000	3.0
CM023460.1	145600000	145700000	3.0
CM023460.1	145700000	145800000	1.0
CM023460.1	145800000	145900000	1.0
CM023460.1	145900000	146000000	1.0
CM023460.1	146200000	146300000	2.0
CM023460.1	146300000	146400000	2.0
CM023460.1	146400000	146500000	1.0
CM023460.1	146700000	146800000	3.0
CM023460.1	147000000	147100000	1.0
CM023460.1	147100000	147200000	1.0
CM023460.1	147200000	147300000	2.0
CM023460.1	147300000	147400000	2.0
CM023460.1	147600000	147700000	2.0
CM023460.1	147700000	147800000	1.0
CM023460.1	147800000	147900000	4.0
CM023460.1	147900000	148000000	1.0
CM023460.1	148200000	148300000	1.0
CM023460.1	148300000	148400000	1.0
CM023460.1	148600000	148700000	2.0
CM023460.1	148700000	148800000	2.0
CM023460.1	148800000	148900000	3.0
CM023460.1	148900000	149000000	2.0
CM023460.1	149000000	149100000	1.0
CM023460.1	149100000	149200000	1.0
CM023460.1	149200000	149300000	3.0
CM023460.1	149300000	149400000	2.0
CM023460.1	149400000	149500000	2.0
CM023460.1	149500000	149600000	2.0
CM023460.1	149600000	149700000	2.0
CM023460.1	149700000	149800000	1.0
CM023460.1	149800000	149900000	1.0
CM023460.1	149900000	150000000	1.0
CM023460.1	150100000	150200000	1.0
CM023460.1	150200000	150300000	2.0
CM023460.1	150300000	150400000	1.0
CM023460.1	150400000	150500000	3.0
CM023460.1	150600000	150700000	1.0
CM023460.1	150800000	150900000	2.0
CM023460.1	151100000	151200000	1.0
CM023460.1	151700000	151800000	1.0
CM023460.1	151800000	151900000	1.0
CM023460.1	151900000	152000000	6.0
CM023460.1	152100000	152200000	2.0
CM023460.1	152200000	152300000	2.0
CM023460.1	152300000	152400000	2.0
CM023460.1	152600000	152700000	1.0
CM023460.1	153000000	153100000	1.0
CM023460.1	153100000	153200000	1.0
CM023460.1	153200000	153300000	3.0
CM023460.1	153300000	153400000	2.0
CM023460.1	153500000	153600000	2.0
CM023460.1	153600000	153700000	1.0
CM023460.1	153800000	153900000	1.0
CM023460.1	153900000	154000000	4.0
CM023460.1	154000000	154100000	3.0
CM023460.1	154200000	154300000	1.0
CM023460.1	154500000	154600000	3.0
CM023460.1	154700000	154800000	1.0
CM023460.1	154900000	155000000	1.0
CM023460.1	155000000	155100000	1.0
CM023460.1	155300000	155400000	1.0
CM023460.1	155600000	155700000	1.0
CM023460.1	155800000	155900000	1.0
CM023460.1	155900000	156000000	2.0
CM023460.1	156000000	156100000	2.0
CM023460.1	156300000	156400000	1.0
CM023460.1	156400000	156500000	1.0
CM023460.1	156500000	156600000	1.0
CM023460.1	156800000	156900000	1.0
CM023460.1	156900000	157000000	3.0
CM023460.1	157000000	157100000	3.0
CM023460.1	157200000	157300000	3.0
CM023460.1	157400000	157500000	1.0
CM023460.1	157500000	157600000	3.0
CM023460.1	157800000	157900000	1.0
CM023460.1	157900000	158000000	2.0
CM023460.1	158200000	158300000	1.0
CM023460.1	158300000	158400000	5.0
CM023460.1	158400000	158500000	1.0
CM023460.1	158500000	158600000	3.0
CM023460.1	158600000	158700000	3.0
CM023460.1	158700000	158800000	2.0
CM023460.1	158800000	158900000	1.0
CM023460.1	158900000	159000000	1.0
CM023460.1	159000000	159100000	1.0
CM023460.1	159100000	159200000	1.0
CM023460.1	159300000	159400000	1.0
CM023460.1	159600000	159700000	1.0
CM023460.1	159800000	159900000	1.0
CM023460.1	159900000	160000000	2.0
CM023460.1	160000000	160100000	1.0
CM023460.1	160100000	160200000	3.0
CM023460.1	160200000	160300000	1.0
CM023460.1	160400000	160500000	1.0
CM023460.1	160500000	160600000	1.0
CM023460.1	160600000	160700000	2.0
CM023460.1	160700000	160800000	1.0
CM023460.1	160800000	160900000	2.0
CM023460.1	161000000	161100000	3.0
CM023460.1	161100000	161200000	1.0
CM023460.1	161200000	161300000	1.0
CM023460.1	161300000	161400000	1.0
CM023460.1	161400000	161500000	1.0
CM023460.1	161700000	161800000	1.0
CM023460.1	162000000	162100000	1.0
CM023460.1	162100000	162200000	1.0
CM023460.1	162200000	162300000	1.0
CM023460.1	162300000	162400000	1.0
CM023460.1	162400000	162500000	1.0
CM023460.1	162500000	162600000	2.0
CM023460.1	162600000	162700000	2.0
CM023460.1	162700000	162800000	3.0
CM023460.1	163000000	163100000	3.0
CM023460.1	163200000	163300000	1.0
CM023460.1	163300000	163400000	3.0
CM023460.1	163400000	163500000	1.0
CM023460.1	163500000	163600000	4.0
CM023460.1	163600000	163700000	2.0
CM023460.1	163700000	163800000	1.0
CM023460.1	163800000	163900000	1.0
CM023460.1	163900000	164000000	3.0
CM023460.1	164000000	164100000	2.0
CM023460.1	164200000	164300000	1.0
CM023460.1	164300000	164400000	1.0
CM023460.1	164500000	164600000	5.0
CM023460.1	164600000	164700000	1.0
CM023460.1	164700000	164800000	1.0
CM023460.1	164800000	164900000	1.0
CM023460.1	164900000	165000000	1.0
CM023460.1	165100000	165200000	1.0
CM023460.1	165500000	165600000	1.0
CM023460.1	165700000	165800000	1.0
CM023460.1	166000000	166100000	1.0
CM023460.1	166200000	166300000	3.0
CM023460.1	166300000	166400000	3.0
CM023460.1	166400000	166500000	5.0
CM023460.1	166500000	166600000	2.0
CM023460.1	166600000	166700000	4.0
CM023460.1	166700000	166800000	2.0
CM023460.1	166800000	166900000	2.0
CM023460.1	166900000	167000000	2.0
CM023460.1	167000000	167100000	1.0
CM023460.1	167500000	167600000	2.0
CM023460.1	167800000	167900000	2.0
CM023460.1	167900000	168000000	1.0
CM023460.1	168000000	168100000	2.0
CM023460.1	168100000	168200000	4.0
CM023460.1	168200000	168300000	2.0
CM023460.1	168300000	168400000	1.0
CM023460.1	168400000	168500000	2.0
CM023460.1	168600000	168700000	3.0
CM023460.1	168700000	168800000	1.0
CM023460.1	168900000	169000000	1.0
CM023460.1	169000000	169100000	2.0
CM023460.1	169100000	169200000	1.0
CM023460.1	169200000	169300000	2.0
CM023460.1	169300000	169400000	1.0
CM023460.1	169400000	169500000	1.0
CM023460.1	169500000	169600000	3.0
CM023460.1	169600000	169700000	1.0
CM023460.1	169700000	169800000	1.0
CM023460.1	169900000	170000000	1.0
CM023460.1	170000000	170100000	1.0
CM023460.1	170100000	170200000	2.0
CM023460.1	170300000	170400000	2.0
CM023460.1	170400000	170500000	2.0
CM023460.1	170700000	170800000	1.0
CM023460.1	170800000	170900000	2.0
CM023460.1	170900000	171000000	1.0
CM023460.1	171000000	171100000	2.0
CM023460.1	171100000	171200000	1.0
CM023460.1	171300000	171400000	1.0
CM023460.1	171500000	171600000	6.0
CM023460.1	171600000	171700000	3.0
CM023460.1	171800000	171900000	1.0
CM023460.1	171900000	172000000	1.0
CM023460.1	172000000	172100000	3.0
CM023460.1	172100000	172200000	1.0
CM023460.1	172300000	172400000	2.0
CM023460.1	172400000	172500000	1.0
CM023460.1	172700000	172800000	1.0
CM023460.1	172800000	172900000	1.0
CM023460.1	173000000	173100000	5.0
CM023460.1	173400000	173500000	1.0
CM023460.1	173500000	173600000	2.0
CM023460.1	173600000	173700000	1.0
CM023460.1	173700000	173800000	1.0
CM023460.1	173800000	173900000	1.0
CM023460.1	174100000	174200000	1.0
CM023460.1	174300000	174400000	1.0
CM023460.1	174400000	174500000	1.0
CM023460.1	174600000	174700000	1.0
CM023460.1	174700000	174800000	3.0
CM023460.1	174800000	174900000	1.0
CM023460.1	175000000	175100000	2.0
CM023460.1	175100000	175200000	3.0
CM023460.1	175500000	175600000	1.0
CM023460.1	175600000	175700000	1.0
CM023460.1	175700000	175800000	1.0
CM023460.1	175900000	176000000	1.0
CM023460.1	176100000	176200000	3.0
CM023460.1	176200000	176300000	1.0
CM023460.1	176400000	176500000	1.0
CM023460.1	176700000	176800000	3.0
CM023460.1	176800000	176900000	2.0
CM023460.1	176900000	177000000	5.0
CM023460.1	177100000	177200000	3.0
CM023460.1	177200000	177300000	2.0
CM023460.1	177300000	177400000	1.0
CM023460.1	177500000	177600000	1.0
CM023460.1	177600000	177700000	1.0
CM023460.1	178000000	178100000	1.0
CM023460.1	178100000	178200000	4.0
CM023460.1	178200000	178300000	1.0
CM023460.1	178300000	178400000	2.0
CM023460.1	178700000	178800000	2.0
CM023460.1	179200000	179300000	1.0
CM023460.1	179300000	179400000	3.0
CM023460.1	179500000	179600000	1.0
CM023460.1	179600000	179700000	2.0
CM023460.1	179700000	179800000	1.0
CM023460.1	179900000	180000000	1.0
CM023460.1	180000000	180100000	1.0
CM023460.1	180100000	180200000	4.0
CM023460.1	180200000	180300000	4.0
CM023460.1	180300000	180400000	2.0
CM023460.1	180400000	180500000	3.0
CM023460.1	180500000	180600000	1.0
CM023460.1	180600000	180700000	1.0
CM023460.1	180700000	180800000	4.0
CM023460.1	180900000	181000000	2.0
CM023460.1	181000000	181100000	2.0
CM023460.1	181100000	181200000	1.0
CM023460.1	181300000	181400000	2.0
CM023460.1	181600000	181700000	1.0
CM023460.1	181900000	182000000	1.0
CM023460.1	182200000	182300000	1.0
CM023460.1	182400000	182500000	1.0
CM023460.1	182700000	182800000	2.0
CM023460.1	182800000	182900000	2.0
CM023460.1	182900000	183000000	2.0
CM023460.1	183000000	183100000	3.0
CM023460.1	183100000	183200000	2.0
CM023460.1	183200000	183300000	1.0
CM023460.1	183400000	183500000	1.0
CM023460.1	183500000	183600000	2.0
CM023460.1	183600000	183700000	1.0
CM023460.1	183700000	183800000	1.0
CM023460.1	183800000	183900000	2.0
CM023460.1	183900000	184000000	1.0
CM023460.1	184000000	184100000	2.0
CM023460.1	184100000	184200000	4.0
CM023460.1	184300000	184400000	3.0
CM023460.1	184500000	184600000	2.0
CM023460.1	184700000	184800000	1.0
CM023460.1	184800000	184900000	1.0
CM023460.1	184900000	185000000	1.0
CM023460.1	185100000	185200000	4.0
CM023460.1	185200000	185300000	3.0
CM023460.1	185300000	185400000	1.0
CM023460.1	185500000	185600000	3.0
CM023460.1	185700000	185800000	1.0
CM023460.1	185800000	185900000	4.0
CM023460.1	186000000	186100000	1.0
CM023460.1	186100000	186200000	3.0
CM023460.1	186600000	186700000	2.0
CM023460.1	186700000	186800000	1.0
CM023460.1	186800000	186900000	1.0
CM023460.1	186900000	187000000	1.0
CM023460.1	187400000	187500000	2.0
CM023460.1	187500000	187600000	3.0
CM023460.1	187600000	187700000	1.0
CM023460.1	187700000	187800000	2.0
CM023460.1	187800000	187900000	2.0
CM023460.1	187900000	188000000	3.0
CM023460.1	188000000	188100000	1.0
CM023460.1	188100000	188200000	2.0
CM023460.1	188200000	188300000	2.0
CM023460.1	188300000	188400000	2.0
CM023460.1	188400000	188500000	2.0
CM023460.1	188500000	188600000	2.0
CM023460.1	188600000	188700000	1.0
CM023460.1	188700000	188800000	1.0
CM023460.1	189000000	189100000	2.0
CM023460.1	189100000	189200000	1.0
CM023460.1	189200000	189300000	1.0
CM023460.1	189400000	189500000	1.0
CM023460.1	189500000	189600000	1.0
CM023460.1	189700000	189800000	1.0
CM023460.1	190500000	190600000	1.0
CM023460.1	190600000	190700000	1.0
CM023460.1	190700000	190800000	1.0
CM023460.1	191100000	191200000	1.0
CM023460.1	191600000	191700000	2.0
CM023460.1	191700000	191800000	1.0
CM023460.1	191800000	191900000	2.0
CM023460.1	191900000	192000000	3.0
CM023460.1	192000000	192100000	3.0
CM023460.1	192100000	192200000	2.0
CM023460.1	192200000	192300000	1.0
CM023460.1	192300000	192400000	1.0
CM023460.1	192500000	192600000	2.0
CM023460.1	192700000	192800000	2.0
CM023460.1	192900000	193000000	1.0
CM023460.1	193100000	193200000	1.0
CM023460.1	193200000	193300000	3.0
CM023460.1	193400000	193500000	2.0
CM023460.1	193500000	193600000	2.0
CM023460.1	193900000	194000000	1.0
CM023460.1	194000000	194100000	1.0
CM023460.1	194100000	194200000	1.0
CM023460.1	194200000	194300000	1.0
CM023460.1	194300000	194400000	1.0
CM023460.1	194500000	194600000	2.0
CM023460.1	194700000	194800000	1.0
CM023460.1	195000000	195100000	5.0
CM023460.1	195100000	195200000	2.0
CM023460.1	195400000	195500000	3.0
CM023460.1	195700000	195800000	1.0
CM023460.1	195800000	195900000	1.0
CM023460.1	196200000	196300000	2.0
CM023460.1	196900000	197000000	3.0
CM023460.1	197100000	197200000	2.0
CM023460.1	197200000	197300000	1.0
CM023460.1	197400000	197500000	2.0
CM023460.1	197500000	197600000	1.0
CM023460.1	197600000	197700000	1.0
CM023460.1	197700000	197800000	1.0
CM023460.1	197800000	197900000	1.0
CM023460.1	198200000	198300000	3.0
CM023460.1	198400000	198500000	1.0
CM023460.1	198500000	198600000	2.0
CM023460.1	198700000	198800000	1.0
CM023460.1	198800000	198900000	1.0
CM023460.1	198900000	199000000	2.0
CM023460.1	199000000	199100000	2.0
CM023460.1	199100000	199200000	5.0
CM023460.1	199300000	199400000	2.0
CM023460.1	199400000	199500000	2.0
CM023460.1	199500000	199600000	2.0
CM023460.1	199700000	199800000	1.0
CM023460.1	199800000	199900000	3.0
CM023460.1	199900000	200000000	3.0
CM023460.1	200000000	200100000	1.0
CM023460.1	200200000	200300000	2.0
CM023460.1	200300000	200400000	1.0
CM023460.1	200500000	200600000	1.0
CM023460.1	201400000	201500000	1.0
CM023460.1	201600000	201608508	1.0
CM023461.1	0	100000	1.0
CM023461.1	300000	400000	2.0
CM023461.1	500000	600000	3.0
CM023461.1	600000	700000	2.0
CM023461.1	700000	800000	2.0
CM023461.1	1000000	1100000	1.0
CM023461.1	1100000	1200000	1.0
CM023461.1	1300000	1400000	5.0
CM023461.1	1400000	1500000	1.0
CM023461.1	1500000	1600000	1.0
CM023461.1	1700000	1800000	1.0
CM023461.1	1900000	2000000	1.0
CM023461.1	2000000	2100000	1.0
CM023461.1	2100000	2200000	1.0
CM023461.1	2300000	2400000	3.0
CM023461.1	2400000	2500000	1.0
CM023461.1	2500000	2600000	2.0
CM023461.1	2600000	2700000	1.0
CM023461.1	2800000	2900000	1.0
CM023461.1	2900000	3000000	1.0
CM023461.1	3100000	3200000	1.0
CM023461.1	3200000	3300000	1.0
CM023461.1	3300000	3400000	1.0
CM023461.1	3500000	3600000	1.0
CM023461.1	3600000	3700000	1.0
CM023461.1	4000000	4100000	1.0
CM023461.1	4700000	4800000	1.0
CM023461.1	5100000	5200000	1.0
CM023461.1	5200000	5300000	1.0
CM023461.1	5300000	5400000	1.0
CM023461.1	5400000	5500000	1.0
CM023461.1	5600000	5700000	2.0
CM023461.1	6100000	6200000	1.0
CM023461.1	6200000	6300000	1.0
CM023461.1	6400000	6500000	2.0
CM023461.1	6500000	6600000	2.0
CM023461.1	6600000	6700000	2.0
CM023461.1	6700000	6800000	1.0
CM023461.1	7300000	7400000	1.0
CM023461.1	7400000	7500000	1.0
CM023461.1	7500000	7600000	1.0
CM023461.1	8400000	8500000	3.0
CM023461.1	8500000	8600000	2.0
CM023461.1	8600000	8700000	1.0
CM023461.1	8900000	9000000	2.0
CM023461.1	9000000	9100000	1.0
CM023461.1	9100000	9200000	1.0
CM023461.1	9400000	9500000	1.0
CM023461.1	10000000	10100000	2.0
CM023461.1	10100000	10200000	1.0
CM023461.1	10300000	10400000	2.0
CM023461.1	10400000	10500000	4.0
CM023461.1	10500000	10600000	1.0
CM023461.1	10900000	11000000	2.0
CM023461.1	11000000	11100000	1.0
CM023461.1	11100000	11200000	2.0
CM023461.1	11200000	11300000	1.0
CM023461.1	11300000	11400000	1.0
CM023461.1	11400000	11500000	1.0
CM023461.1	11500000	11600000	2.0
CM023461.1	11700000	11800000	1.0
CM023461.1	12000000	12100000	1.0
CM023461.1	12200000	12300000	1.0
CM023461.1	12500000	12600000	1.0
CM023461.1	12600000	12700000	1.0
CM023461.1	12700000	12800000	1.0
CM023461.1	13000000	13100000	2.0
CM023461.1	13100000	13200000	1.0
CM023461.1	13200000	13300000	1.0
CM023461.1	13300000	13400000	1.0
CM023461.1	13400000	13500000	1.0
CM023461.1	13500000	13600000	1.0
CM023461.1	13600000	13700000	1.0
CM023461.1	13700000	13800000	1.0
CM023461.1	14100000	14200000	1.0
CM023461.1	15000000	15100000	1.0
CM023461.1	15200000	15300000	1.0
CM023461.1	15500000	15600000	3.0
CM023461.1	15600000	15700000	5.0
CM023461.1	15900000	16000000	2.0
CM023461.1	16400000	16500000	1.0
CM023461.1	16800000	16900000	1.0
CM023461.1	17500000	17600000	1.0
CM023461.1	17800000	17900000	1.0
CM023461.1	18000000	18100000	1.0
CM023461.1	18200000	18300000	1.0
CM023461.1	18300000	18400000	2.0
CM023461.1	18400000	18500000	3.0
CM023461.1	18500000	18600000	1.0
CM023461.1	18600000	18700000	2.0
CM023461.1	18700000	18800000	1.0
CM023461.1	19200000	19300000	2.0
CM023461.1	19500000	19600000	1.0
CM023461.1	19700000	19800000	1.0
CM023461.1	19800000	19900000	1.0
CM023461.1	19900000	20000000	1.0
CM023461.1	20100000	20200000	2.0
CM023461.1	20300000	20400000	1.0
CM023461.1	20500000	20600000	3.0
CM023461.1	20600000	20700000	1.0
CM023461.1	20700000	20800000	1.0
CM023461.1	20900000	21000000	2.0
CM023461.1	21000000	21100000	2.0
CM023461.1	21100000	21200000	1.0
CM023461.1	21200000	21300000	3.0
CM023461.1	21300000	21400000	2.0
CM023461.1	21400000	21500000	3.0
CM023461.1	21500000	21600000	3.0
CM023461.1	21600000	21700000	3.0
CM023461.1	22000000	22100000	1.0
CM023461.1	22100000	22200000	6.0
CM023461.1	22200000	22300000	2.0
CM023461.1	22300000	22400000	1.0
CM023461.1	22400000	22500000	2.0
CM023461.1	22600000	22700000	3.0
CM023461.1	22900000	23000000	2.0
CM023461.1	23000000	23100000	1.0
CM023461.1	23300000	23400000	2.0
CM023461.1	23400000	23500000	1.0
CM023461.1	23700000	23800000	1.0
CM023461.1	23800000	23900000	2.0
CM023461.1	23900000	24000000	2.0
CM023461.1	24000000	24100000	1.0
CM023461.1	24100000	24200000	1.0
CM023461.1	24200000	24300000	3.0
CM023461.1	24400000	24500000	4.0
CM023461.1	24500000	24600000	1.0
CM023461.1	24800000	24900000	1.0
CM023461.1	24900000	25000000	2.0
CM023461.1	25300000	25400000	2.0
CM023461.1	25400000	25500000	1.0
CM023461.1	25500000	25600000	1.0
CM023461.1	25700000	25800000	1.0
CM023461.1	26200000	26300000	3.0
CM023461.1	26300000	26400000	1.0
CM023461.1	26400000	26500000	1.0
CM023461.1	26500000	26600000	2.0
CM023461.1	26600000	26700000	2.0
CM023461.1	26700000	26800000	1.0
CM023461.1	26900000	27000000	1.0
CM023461.1	27600000	27700000	1.0
CM023461.1	27700000	27800000	1.0
CM023461.1	27800000	27900000	2.0
CM023461.1	27900000	28000000	1.0
CM023461.1	28000000	28100000	1.0
CM023461.1	28100000	28200000	1.0
CM023461.1	28400000	28500000	1.0
CM023461.1	28800000	28900000	1.0
CM023461.1	28900000	29000000	1.0
CM023461.1	29200000	29300000	1.0
CM023461.1	29300000	29400000	1.0
CM023461.1	29500000	29600000	1.0
CM023461.1	29800000	29900000	1.0
CM023461.1	30200000	30300000	2.0
CM023461.1	30400000	30500000	2.0
CM023461.1	30500000	30600000	1.0
CM023461.1	30700000	30800000	3.0
CM023461.1	31200000	31300000	4.0
CM023461.1	31300000	31400000	2.0
CM023461.1	31400000	31500000	4.0
CM023461.1	31500000	31600000	2.0
CM023461.1	31600000	31700000	1.0
CM023461.1	31700000	31800000	1.0
CM023461.1	32300000	32400000	2.0
CM023461.1	32800000	32900000	3.0
CM023461.1	33100000	33200000	1.0
CM023461.1	33200000	33300000	1.0
CM023461.1	33300000	33400000	2.0
CM023461.1	33400000	33500000	1.0
CM023461.1	33800000	33900000	1.0
CM023461.1	33900000	34000000	1.0
CM023461.1	34000000	34100000	3.0
CM023461.1	34700000	34800000	1.0
CM023461.1	34800000	34900000	1.0
CM023461.1	35200000	35300000	2.0
CM023461.1	35300000	35400000	3.0
CM023461.1	35800000	35900000	5.0
CM023461.1	35900000	36000000	3.0
CM023461.1	36000000	36100000	3.0
CM023461.1	36100000	36200000	2.0
CM023461.1	37200000	37300000	1.0
CM023461.1	37600000	37700000	1.0
CM023461.1	37800000	37900000	1.0
CM023461.1	37900000	38000000	1.0
CM023461.1	38100000	38200000	1.0
CM023461.1	38200000	38300000	1.0
CM023461.1	38500000	38600000	1.0
CM023461.1	38600000	38700000	1.0
CM023461.1	39000000	39100000	1.0
CM023461.1	39100000	39200000	1.0
CM023461.1	39500000	39600000	1.0
CM023461.1	39600000	39700000	2.0
CM023461.1	39700000	39800000	2.0
CM023461.1	39900000	40000000	3.0
CM023461.1	40100000	40200000	1.0
CM023461.1	40200000	40300000	1.0
CM023461.1	40400000	40500000	3.0
CM023461.1	40500000	40600000	1.0
CM023461.1	40700000	40800000	2.0
CM023461.1	40900000	41000000	1.0
CM023461.1	41000000	41100000	1.0
CM023461.1	41100000	41200000	1.0
CM023461.1	41200000	41300000	3.0
CM023461.1	41300000	41400000	2.0
CM023461.1	41500000	41600000	1.0
CM023461.1	41600000	41700000	1.0
CM023461.1	41900000	42000000	1.0
CM023461.1	42000000	42100000	2.0
CM023461.1	42100000	42200000	2.0
CM023461.1	42300000	42400000	4.0
CM023461.1	42500000	42600000	4.0
CM023461.1	42600000	42700000	4.0
CM023461.1	42700000	42800000	1.0
CM023461.1	42800000	42900000	2.0
CM023461.1	42900000	43000000	3.0
CM023461.1	43000000	43100000	1.0
CM023461.1	43100000	43200000	1.0
CM023461.1	43300000	43400000	1.0
CM023461.1	43400000	43500000	4.0
CM023461.1	43700000	43800000	1.0
CM023461.1	43800000	43900000	2.0
CM023461.1	43900000	44000000	1.0
CM023461.1	44000000	44100000	2.0
CM023461.1	44100000	44200000	1.0
CM023461.1	44400000	44500000	2.0
CM023461.1	44600000	44700000	2.0
CM023461.1	44700000	44800000	1.0
CM023461.1	44900000	45000000	2.0
CM023461.1	45000000	45100000	2.0
CM023461.1	45100000	45200000	1.0
CM023461.1	45200000	45300000	1.0
CM023461.1	45300000	45400000	2.0
CM023461.1	45400000	45500000	2.0
CM023461.1	45600000	45700000	1.0
CM023461.1	45800000	45900000	1.0
CM023461.1	46000000	46100000	1.0
CM023461.1	46300000	46400000	1.0
CM023461.1	46400000	46500000	1.0
CM023461.1	46700000	46800000	1.0
CM023461.1	46800000	46900000	1.0
CM023461.1	46900000	47000000	1.0
CM023461.1	47300000	47400000	2.0
CM023461.1	47400000	47500000	2.0
CM023461.1	47500000	47600000	1.0
CM023461.1	47700000	47800000	1.0
CM023461.1	47900000	48000000	1.0
CM023461.1	48400000	48500000	2.0
CM023461.1	48700000	48800000	1.0
CM023461.1	49200000	49300000	1.0
CM023461.1	49300000	49400000	2.0
CM023461.1	49400000	49500000	1.0
CM023461.1	49500000	49600000	1.0
CM023461.1	49600000	49700000	1.0
CM023461.1	49700000	49800000	2.0
CM023461.1	49800000	49900000	5.0
CM023461.1	49900000	50000000	2.0
CM023461.1	50000000	50100000	1.0
CM023461.1	50100000	50200000	4.0
CM023461.1	50200000	50300000	1.0
CM023461.1	50300000	50400000	1.0
CM023461.1	50400000	50500000	2.0
CM023461.1	50600000	50700000	2.0
CM023461.1	50800000	50900000	2.0
CM023461.1	50900000	51000000	2.0
CM023461.1	51000000	51100000	3.0
CM023461.1	51100000	51200000	1.0
CM023461.1	51300000	51400000	1.0
CM023461.1	51500000	51600000	2.0
CM023461.1	51700000	51800000	2.0
CM023461.1	51800000	51900000	2.0
CM023461.1	51900000	52000000	1.0
CM023461.1	52000000	52100000	3.0
CM023461.1	52100000	52200000	3.0
CM023461.1	52200000	52300000	1.0
CM023461.1	52400000	52500000	1.0
CM023461.1	52500000	52600000	1.0
CM023461.1	52600000	52700000	1.0
CM023461.1	52700000	52800000	1.0
CM023461.1	53000000	53100000	1.0
CM023461.1	53300000	53400000	1.0
CM023461.1	53600000	53700000	1.0
CM023461.1	53700000	53800000	1.0
CM023461.1	53800000	53900000	1.0
CM023461.1	54100000	54200000	1.0
CM023461.1	54200000	54300000	1.0
CM023461.1	54400000	54500000	1.0
CM023461.1	54500000	54600000	1.0
CM023461.1	54700000	54800000	1.0
CM023461.1	54800000	54900000	2.0
CM023461.1	54900000	55000000	1.0
CM023461.1	55000000	55100000	2.0
CM023461.1	55200000	55300000	1.0
CM023461.1	55500000	55600000	3.0
CM023461.1	55600000	55700000	1.0
CM023461.1	56000000	56100000	1.0
CM023461.1	56300000	56400000	1.0
CM023461.1	56400000	56500000	1.0
CM023461.1	56500000	56600000	1.0
CM023461.1	56600000	56700000	2.0
CM023461.1	56700000	56800000	3.0
CM023461.1	56800000	56900000	1.0
CM023461.1	56900000	57000000	1.0
CM023461.1	57000000	57100000	1.0
CM023461.1	57100000	57200000	1.0
CM023461.1	57400000	57500000	1.0
CM023461.1	57700000	57800000	2.0
CM023461.1	58200000	58300000	1.0
CM023461.1	58300000	58400000	1.0
CM023461.1	58400000	58500000	1.0
CM023461.1	58500000	58600000	2.0
CM023461.1	58600000	58700000	1.0
CM023461.1	59000000	59100000	1.0
CM023461.1	59100000	59200000	1.0
CM023461.1	59200000	59300000	1.0
CM023461.1	59300000	59400000	4.0
CM023461.1	59500000	59600000	2.0
CM023461.1	59600000	59700000	2.0
CM023461.1	59700000	59800000	1.0
CM023461.1	59800000	59900000	1.0
CM023461.1	60000000	60100000	2.0
CM023461.1	60100000	60200000	1.0
CM023461.1	60200000	60300000	4.0
CM023461.1	60300000	60400000	2.0
CM023461.1	60500000	60600000	7.0
CM023461.1	60600000	60700000	4.0
CM023461.1	60700000	60800000	5.0
CM023461.1	60800000	60900000	1.0
CM023461.1	60900000	61000000	3.0
CM023461.1	61000000	61100000	2.0
CM023461.1	61100000	61200000	1.0
CM023461.1	61200000	61300000	1.0
CM023461.1	61300000	61400000	2.0
CM023461.1	61400000	61500000	2.0
CM023461.1	61500000	61600000	4.0
CM023461.1	61600000	61700000	4.0
CM023461.1	61700000	61800000	2.0
CM023461.1	61800000	61900000	7.0
CM023461.1	62100000	62200000	1.0
CM023461.1	62500000	62600000	2.0
CM023461.1	63200000	63300000	1.0
CM023461.1	63300000	63400000	1.0
CM023461.1	63700000	63800000	1.0
CM023461.1	64000000	64100000	1.0
CM023461.1	64400000	64500000	1.0
CM023461.1	64600000	64700000	1.0
CM023461.1	64700000	64800000	1.0
CM023461.1	64800000	64900000	1.0
CM023461.1	65400000	65500000	1.0
CM023461.1	65500000	65600000	4.0
CM023461.1	65900000	66000000	2.0
CM023461.1	66000000	66100000	1.0
CM023461.1	66500000	66600000	1.0
CM023461.1	66600000	66700000	1.0
CM023461.1	66700000	66800000	2.0
CM023461.1	66800000	66900000	2.0
CM023461.1	66900000	67000000	2.0
CM023461.1	67100000	67200000	2.0
CM023461.1	67200000	67300000	3.0
CM023461.1	67300000	67400000	4.0
CM023461.1	67400000	67500000	4.0
CM023461.1	67500000	67600000	2.0
CM023461.1	67600000	67700000	2.0
CM023461.1	68100000	68200000	2.0
CM023461.1	68200000	68300000	2.0
CM023461.1	68300000	68400000	4.0
CM023461.1	68400000	68500000	4.0
CM023461.1	68500000	68600000	4.0
CM023461.1	68600000	68700000	3.0
CM023461.1	68700000	68800000	3.0
CM023461.1	68800000	68900000	4.0
CM023461.1	68900000	69000000	1.0
CM023461.1	69200000	69300000	2.0
CM023461.1	69300000	69400000	3.0
CM023461.1	69400000	69500000	2.0
CM023461.1	69500000	69600000	1.0
CM023461.1	69700000	69800000	1.0
CM023461.1	69800000	69900000	5.0
CM023461.1	69900000	70000000	1.0
CM023461.1	70300000	70400000	1.0
CM023461.1	70600000	70700000	1.0
CM023461.1	70700000	70800000	1.0
CM023461.1	70800000	70900000	1.0
CM023461.1	70900000	71000000	2.0
CM023461.1	71000000	71100000	5.0
CM023461.1	71100000	71200000	4.0
CM023461.1	71300000	71400000	1.0
CM023461.1	71400000	71500000	3.0
CM023461.1	71500000	71600000	1.0
CM023461.1	71700000	71800000	3.0
CM023461.1	71800000	71900000	1.0
CM023461.1	71900000	72000000	1.0
CM023461.1	72000000	72100000	1.0
CM023461.1	72100000	72200000	5.0
CM023461.1	72200000	72300000	2.0
CM023461.1	72300000	72400000	1.0
CM023461.1	72400000	72500000	2.0
CM023461.1	72600000	72700000	1.0
CM023461.1	72700000	72800000	3.0
CM023461.1	72800000	72900000	2.0
CM023461.1	72900000	73000000	2.0
CM023461.1	73200000	73300000	1.0
CM023461.1	73500000	73600000	1.0
CM023461.1	73600000	73700000	8.0
CM023461.1	73700000	73800000	1.0
CM023461.1	73900000	74000000	6.0
CM023461.1	74000000	74100000	2.0
CM023461.1	74100000	74200000	1.0
CM023461.1	74200000	74300000	4.0
CM023461.1	74300000	74400000	5.0
CM023461.1	74400000	74500000	3.0
CM023461.1	74700000	74800000	3.0
CM023461.1	74800000	74900000	2.0
CM023461.1	74900000	75000000	7.0
CM023461.1	75000000	75100000	8.0
CM023461.1	75200000	75300000	5.0
CM023461.1	75300000	75400000	3.0
CM023461.1	75400000	75500000	2.0
CM023461.1	75500000	75600000	1.0
CM023461.1	75600000	75700000	4.0
CM023461.1	75700000	75800000	2.0
CM023461.1	75800000	75900000	9.0
CM023461.1	75900000	76000000	3.0
CM023461.1	76000000	76100000	2.0
CM023461.1	76100000	76200000	1.0
CM023461.1	76200000	76300000	2.0
CM023461.1	76300000	76400000	4.0
CM023461.1	76400000	76500000	4.0
CM023461.1	76700000	76800000	5.0
CM023461.1	76800000	76900000	5.0
CM023461.1	77200000	77300000	2.0
CM023461.1	77400000	77500000	2.0
CM023461.1	77500000	77600000	1.0
CM023461.1	77800000	77900000	1.0
CM023461.1	78000000	78100000	1.0
CM023461.1	78200000	78300000	1.0
CM023461.1	78300000	78400000	1.0
CM023461.1	78400000	78500000	1.0
CM023461.1	78700000	78800000	2.0
CM023461.1	78800000	78900000	3.0
CM023461.1	78900000	79000000	1.0
CM023461.1	79000000	79100000	3.0
CM023461.1	79100000	79200000	6.0
CM023461.1	79200000	79300000	2.0
CM023461.1	79300000	79400000	4.0
CM023461.1	79400000	79500000	3.0
CM023461.1	79500000	79600000	4.0
CM023461.1	79600000	79700000	2.0
CM023461.1	79700000	79800000	2.0
CM023461.1	79800000	79900000	2.0
CM023461.1	80000000	80100000	1.0
CM023461.1	80100000	80200000	2.0
CM023461.1	80300000	80400000	5.0
CM023461.1	80500000	80600000	2.0
CM023461.1	80600000	80700000	3.0
CM023461.1	80700000	80800000	1.0
CM023461.1	80800000	80900000	1.0
CM023461.1	81000000	81100000	2.0
CM023461.1	81200000	81300000	2.0
CM023461.1	81400000	81500000	2.0
CM023461.1	81500000	81600000	1.0
CM023461.1	81700000	81800000	5.0
CM023461.1	81900000	82000000	2.0
CM023461.1	82000000	82100000	1.0
CM023461.1	82300000	82400000	1.0
CM023461.1	82800000	82900000	1.0
CM023461.1	82900000	83000000	1.0
CM023461.1	83000000	83100000	1.0
CM023461.1	83100000	83200000	1.0
CM023461.1	83300000	83400000	4.0
CM023461.1	83400000	83500000	1.0
CM023461.1	83900000	84000000	1.0
CM023461.1	84100000	84200000	2.0
CM023461.1	84200000	84300000	2.0
CM023461.1	84500000	84600000	5.0
CM023461.1	84700000	84800000	1.0
CM023461.1	84800000	84900000	2.0
CM023461.1	85000000	85100000	1.0
CM023461.1	85200000	85300000	2.0
CM023461.1	85300000	85400000	5.0
CM023461.1	85400000	85500000	1.0
CM023461.1	85700000	85800000	1.0
CM023461.1	86100000	86200000	1.0
CM023461.1	86400000	86500000	2.0
CM023461.1	86600000	86700000	3.0
CM023461.1	86700000	86800000	1.0
CM023461.1	86800000	86900000	1.0
CM023461.1	87200000	87300000	2.0
CM023461.1	87300000	87400000	3.0
CM023461.1	87400000	87500000	3.0
CM023461.1	87700000	87800000	1.0
CM023461.1	87800000	87900000	3.0
CM023461.1	87900000	88000000	8.0
CM023461.1	88000000	88100000	3.0
CM023461.1	88100000	88200000	3.0
CM023461.1	88300000	88400000	3.0
CM023461.1	88400000	88500000	5.0
CM023461.1	88500000	88600000	1.0
CM023461.1	88600000	88700000	1.0
CM023461.1	88800000	88900000	3.0
CM023461.1	88900000	89000000	2.0
CM023461.1	89000000	89100000	2.0
CM023461.1	89400000	89500000	1.0
CM023461.1	89900000	90000000	1.0
CM023461.1	90000000	90100000	2.0
CM023461.1	90100000	90200000	1.0
CM023461.1	90200000	90300000	1.0
CM023461.1	90300000	90400000	1.0
CM023461.1	90400000	90500000	1.0
CM023461.1	90500000	90600000	1.0
CM023461.1	90800000	90900000	3.0
CM023461.1	91000000	91100000	1.0
CM023461.1	91100000	91200000	1.0
CM023461.1	91200000	91300000	1.0
CM023461.1	91300000	91400000	3.0
CM023461.1	91400000	91500000	1.0
CM023461.1	91500000	91600000	4.0
CM023461.1	91600000	91700000	2.0
CM023461.1	91700000	91800000	4.0
CM023461.1	91800000	91900000	2.0
CM023461.1	91900000	92000000	2.0
CM023461.1	92000000	92100000	3.0
CM023461.1	92200000	92300000	2.0
CM023461.1	92300000	92400000	1.0
CM023461.1	92400000	92500000	1.0
CM023461.1	92500000	92600000	1.0
CM023461.1	92700000	92800000	4.0
CM023461.1	92800000	92900000	2.0
CM023461.1	92900000	93000000	3.0
CM023461.1	93000000	93100000	1.0
CM023461.1	93100000	93200000	2.0
CM023461.1	93200000	93300000	1.0
CM023461.1	93300000	93400000	1.0
CM023461.1	93400000	93500000	4.0
CM023461.1	93500000	93600000	3.0
CM023461.1	93600000	93700000	3.0
CM023461.1	93700000	93800000	1.0
CM023461.1	93800000	93900000	5.0
CM023461.1	93900000	94000000	3.0
CM023461.1	94000000	94100000	1.0
CM023461.1	94100000	94200000	1.0
CM023461.1	94200000	94300000	2.0
CM023461.1	94300000	94400000	3.0
CM023461.1	94400000	94500000	4.0
CM023461.1	94600000	94700000	1.0
CM023461.1	94700000	94800000	1.0
CM023461.1	94800000	94900000	5.0
CM023461.1	94900000	95000000	3.0
CM023461.1	95000000	95100000	1.0
CM023461.1	95100000	95200000	4.0
CM023461.1	95400000	95500000	1.0
CM023461.1	95500000	95600000	2.0
CM023461.1	95600000	95700000	2.0
CM023461.1	95800000	95900000	1.0
CM023461.1	95900000	96000000	2.0
CM023461.1	96100000	96200000	2.0
CM023461.1	96200000	96300000	1.0
CM023461.1	96400000	96500000	2.0
CM023461.1	96500000	96600000	4.0
CM023461.1	96700000	96800000	2.0
CM023461.1	96800000	96900000	3.0
CM023461.1	96900000	97000000	4.0
CM023461.1	97000000	97100000	2.0
CM023461.1	97100000	97200000	4.0
CM023461.1	97200000	97300000	4.0
CM023461.1	97300000	97400000	3.0
CM023461.1	97400000	97500000	1.0
CM023461.1	97500000	97600000	2.0
CM023461.1	97600000	97700000	5.0
CM023461.1	97700000	97800000	4.0
CM023461.1	97800000	97900000	4.0
CM023461.1	97900000	98000000	3.0
CM023461.1	98000000	98100000	5.0
CM023461.1	98100000	98200000	5.0
CM023461.1	98300000	98400000	6.0
CM023461.1	98400000	98500000	3.0
CM023461.1	98500000	98600000	2.0
CM023461.1	98600000	98700000	1.0
CM023461.1	98700000	98800000	5.0
CM023461.1	98800000	98900000	5.0
CM023461.1	98900000	99000000	6.0
CM023461.1	99000000	99100000	4.0
CM023461.1	99100000	99200000	2.0
CM023461.1	99200000	99300000	1.0
CM023461.1	99300000	99400000	4.0
CM023461.1	99400000	99500000	7.0
CM023461.1	99500000	99600000	4.0
CM023461.1	99700000	99800000	1.0
CM023461.1	99800000	99900000	2.0
CM023461.1	99900000	100000000	2.0
CM023461.1	100000000	100100000	2.0
CM023461.1	100100000	100200000	4.0
CM023461.1	100200000	100300000	2.0
CM023461.1	100300000	100400000	1.0
CM023461.1	100400000	100500000	1.0
CM023461.1	100500000	100600000	3.0
CM023461.1	100800000	100900000	1.0
CM023461.1	101300000	101400000	1.0
CM023461.1	101500000	101600000	7.0
CM023461.1	101600000	101700000	4.0
CM023461.1	101700000	101800000	2.0
CM023461.1	101900000	102000000	1.0
CM023461.1	102000000	102100000	1.0
CM023461.1	102200000	102300000	1.0
CM023461.1	102300000	102400000	4.0
CM023461.1	102400000	102500000	2.0
CM023461.1	102500000	102600000	4.0
CM023461.1	102600000	102700000	3.0
CM023461.1	102900000	103000000	6.0
CM023461.1	103000000	103100000	1.0
CM023461.1	103100000	103200000	3.0
CM023461.1	103200000	103300000	4.0
CM023461.1	103300000	103400000	4.0
CM023461.1	103400000	103500000	4.0
CM023461.1	103500000	103600000	3.0
CM023461.1	103600000	103700000	1.0
CM023461.1	103700000	103800000	3.0
CM023461.1	103900000	104000000	1.0
CM023461.1	104100000	104200000	3.0
CM023461.1	104600000	104700000	5.0
CM023461.1	104700000	104800000	3.0
CM023461.1	104900000	105000000	1.0
CM023461.1	105100000	105200000	1.0
CM023461.1	106000000	106100000	1.0
CM023461.1	106200000	106300000	2.0
CM023461.1	106300000	106400000	4.0
CM023461.1	106400000	106500000	6.0
CM023461.1	106500000	106600000	8.0
CM023461.1	106600000	106700000	1.0
CM023461.1	106700000	106800000	4.0
CM023461.1	106800000	106900000	3.0
CM023461.1	106900000	107000000	3.0
CM023461.1	107000000	107100000	1.0
CM023461.1	107100000	107200000	1.0
CM023461.1	107200000	107300000	6.0
CM023461.1	107400000	107500000	1.0
CM023461.1	107500000	107600000	1.0
CM023461.1	107600000	107700000	5.0
CM023461.1	107900000	108000000	1.0
CM023461.1	108100000	108200000	4.0
CM023461.1	108200000	108300000	5.0
CM023461.1	108400000	108500000	2.0
CM023461.1	108500000	108600000	6.0
CM023461.1	108600000	108700000	5.0
CM023461.1	108700000	108800000	4.0
CM023461.1	108800000	108900000	2.0
CM023461.1	108900000	109000000	1.0
CM023461.1	109100000	109200000	1.0
CM023461.1	109200000	109300000	1.0
CM023461.1	109400000	109500000	4.0
CM023461.1	109500000	109600000	4.0
CM023461.1	109600000	109700000	6.0
CM023461.1	109700000	109800000	5.0
CM023461.1	109800000	109900000	2.0
CM023461.1	109900000	110000000	3.0
CM023461.1	110100000	110200000	3.0
CM023461.1	110200000	110300000	4.0
CM023461.1	110300000	110400000	7.0
CM023461.1	110400000	110500000	3.0
CM023461.1	110500000	110600000	2.0
CM023461.1	110600000	110700000	3.0
CM023461.1	110700000	110800000	4.0
CM023461.1	110800000	110900000	4.0
CM023461.1	111000000	111100000	2.0
CM023461.1	111200000	111300000	2.0
CM023461.1	111500000	111600000	1.0
CM023461.1	111600000	111700000	5.0
CM023461.1	111700000	111800000	2.0
CM023461.1	111900000	112000000	5.0
CM023461.1	112000000	112100000	3.0
CM023461.1	112100000	112200000	1.0
CM023461.1	112200000	112300000	5.0
CM023461.1	112300000	112400000	5.0
CM023461.1	112400000	112500000	2.0
CM023461.1	112500000	112600000	3.0
CM023461.1	112600000	112700000	2.0
CM023461.1	112700000	112800000	1.0
CM023461.1	112900000	113000000	1.0
CM023461.1	113000000	113100000	2.0
CM023461.1	113100000	113200000	2.0
CM023461.1	113200000	113300000	1.0
CM023461.1	113300000	113400000	1.0
CM023461.1	113400000	113500000	1.0
CM023461.1	113900000	114000000	1.0
CM023461.1	114000000	114100000	2.0
CM023461.1	114200000	114300000	3.0
CM023461.1	114300000	114400000	1.0
CM023461.1	114500000	114600000	2.0
CM023461.1	114600000	114700000	3.0
CM023461.1	114700000	114800000	3.0
CM023461.1	114800000	114900000	3.0
CM023461.1	114900000	115000000	5.0
CM023461.1	115000000	115100000	2.0
CM023461.1	115100000	115200000	2.0
CM023461.1	115200000	115300000	2.0
CM023461.1	115300000	115400000	6.0
CM023461.1	115400000	115500000	1.0
CM023461.1	115600000	115700000	2.0
CM023461.1	115800000	115900000	1.0
CM023461.1	116000000	116100000	1.0
CM023461.1	116100000	116200000	2.0
CM023461.1	116300000	116400000	1.0
CM023461.1	116400000	116500000	1.0
CM023461.1	116500000	116600000	2.0
CM023461.1	116600000	116700000	2.0
CM023461.1	116700000	116800000	1.0
CM023461.1	116800000	116900000	2.0
CM023461.1	117000000	117100000	1.0
CM023461.1	117100000	117200000	1.0
CM023461.1	117300000	117400000	1.0
CM023461.1	117500000	117600000	1.0
CM023461.1	117800000	117900000	2.0
CM023461.1	117900000	118000000	3.0
CM023461.1	118000000	118100000	6.0
CM023461.1	118100000	118200000	2.0
CM023461.1	118300000	118400000	3.0
CM023461.1	118400000	118500000	6.0
CM023461.1	118500000	118600000	2.0
CM023461.1	118700000	118800000	3.0
CM023461.1	118800000	118900000	7.0
CM023461.1	118900000	119000000	7.0
CM023461.1	119000000	119100000	2.0
CM023461.1	119100000	119200000	3.0
CM023461.1	119200000	119300000	2.0
CM023461.1	119600000	119700000	4.0
CM023461.1	119700000	119800000	1.0
CM023461.1	119900000	120000000	1.0
CM023461.1	120000000	120100000	1.0
CM023461.1	120500000	120600000	5.0
CM023461.1	120600000	120700000	2.0
CM023461.1	120700000	120800000	1.0
CM023461.1	120800000	120900000	5.0
CM023461.1	120900000	121000000	1.0
CM023461.1	121000000	121100000	1.0
CM023461.1	121100000	121200000	1.0
CM023461.1	121400000	121500000	3.0
CM023461.1	121500000	121600000	2.0
CM023461.1	121600000	121700000	5.0
CM023461.1	121700000	121800000	3.0
CM023461.1	121800000	121900000	1.0
CM023461.1	122200000	122300000	1.0
CM023461.1	122300000	122400000	1.0
CM023461.1	122400000	122500000	1.0
CM023461.1	122500000	122600000	1.0
CM023461.1	122600000	122700000	1.0
CM023461.1	123200000	123300000	1.0
CM023461.1	123300000	123400000	3.0
CM023461.1	123600000	123700000	1.0
CM023461.1	123700000	123800000	1.0
CM023461.1	124000000	124100000	1.0
CM023461.1	124300000	124400000	2.0
CM023461.1	124400000	124500000	4.0
CM023461.1	124600000	124700000	1.0
CM023461.1	125400000	125500000	1.0
CM023461.1	125500000	125600000	2.0
CM023461.1	125600000	125700000	5.0
CM023461.1	125700000	125800000	1.0
CM023461.1	125800000	125900000	1.0
CM023461.1	125900000	126000000	3.0
CM023461.1	126000000	126100000	2.0
CM023461.1	126100000	126200000	3.0
CM023461.1	126400000	126500000	1.0
CM023461.1	126500000	126600000	1.0
CM023461.1	126600000	126700000	3.0
CM023461.1	126700000	126800000	4.0
CM023461.1	126800000	126900000	5.0
CM023461.1	126900000	127000000	3.0
CM023461.1	127000000	127100000	3.0
CM023461.1	127100000	127200000	5.0
CM023461.1	127200000	127300000	7.0
CM023461.1	127300000	127400000	3.0
CM023461.1	127400000	127500000	1.0
CM023461.1	127500000	127600000	1.0
CM023461.1	127600000	127700000	1.0
CM023461.1	128000000	128100000	2.0
CM023461.1	128200000	128300000	5.0
CM023461.1	128300000	128400000	4.0
CM023461.1	128400000	128500000	4.0
CM023461.1	128500000	128600000	5.0
CM023461.1	128600000	128700000	4.0
CM023461.1	128700000	128800000	5.0
CM023461.1	128800000	128900000	8.0
CM023461.1	128900000	129000000	6.0
CM023461.1	129000000	129100000	3.0
CM023461.1	129100000	129200000	5.0
CM023461.1	129300000	129400000	1.0
CM023461.1	129400000	129500000	2.0
CM023461.1	129500000	129600000	2.0
CM023461.1	129600000	129700000	4.0
CM023461.1	129700000	129800000	6.0
CM023461.1	129800000	129900000	7.0
CM023461.1	129900000	130000000	2.0
CM023461.1	130000000	130100000	4.0
CM023461.1	130100000	130200000	1.0
CM023461.1	130200000	130300000	3.0
CM023461.1	130300000	130400000	3.0
CM023461.1	130400000	130500000	3.0
CM023461.1	130500000	130600000	4.0
CM023461.1	130600000	130700000	5.0
CM023461.1	130700000	130800000	4.0
CM023461.1	130800000	130900000	4.0
CM023461.1	130900000	131000000	4.0
CM023461.1	131000000	131100000	6.0
CM023461.1	131100000	131200000	4.0
CM023461.1	131200000	131300000	2.0
CM023461.1	131600000	131700000	1.0
CM023461.1	131700000	131800000	2.0
CM023461.1	131800000	131900000	3.0
CM023461.1	132000000	132100000	1.0
CM023461.1	132100000	132200000	1.0
CM023461.1	132400000	132500000	1.0
CM023461.1	132500000	132600000	1.0
CM023461.1	132600000	132700000	3.0
CM023461.1	132700000	132800000	3.0
CM023461.1	132800000	132900000	2.0
CM023461.1	132900000	133000000	4.0
CM023461.1	133000000	133100000	3.0
CM023461.1	133100000	133200000	3.0
CM023461.1	133200000	133300000	3.0
CM023461.1	133300000	133400000	1.0
CM023461.1	133400000	133500000	1.0
CM023461.1	133500000	133600000	2.0
CM023461.1	133600000	133700000	3.0
CM023461.1	133900000	134000000	2.0
CM023461.1	134000000	134100000	6.0
CM023461.1	134100000	134200000	1.0
CM023461.1	134200000	134300000	1.0
CM023461.1	134400000	134500000	3.0
CM023461.1	134600000	134700000	4.0
CM023461.1	134700000	134800000	2.0
CM023461.1	134800000	134900000	1.0
CM023461.1	134900000	135000000	1.0
CM023461.1	135000000	135100000	3.0
CM023461.1	135100000	135200000	2.0
CM023461.1	135200000	135300000	1.0
CM023461.1	135300000	135400000	3.0
CM023461.1	135400000	135500000	2.0
CM023461.1	135700000	135800000	1.0
CM023461.1	135800000	135900000	1.0
CM023461.1	135900000	136000000	2.0
CM023461.1	136000000	136100000	4.0
CM023461.1	136100000	136200000	1.0
CM023461.1	136200000	136300000	1.0
CM023461.1	136300000	136400000	3.0
CM023461.1	136400000	136500000	3.0
CM023461.1	136500000	136600000	5.0
CM023461.1	136900000	137000000	1.0
CM023461.1	137000000	137100000	6.0
CM023461.1	137100000	137200000	5.0
CM023461.1	137200000	137300000	1.0
CM023461.1	137300000	137400000	1.0
CM023461.1	137400000	137500000	4.0
CM023461.1	138100000	138200000	2.0
CM023461.1	138200000	138300000	1.0
CM023461.1	138400000	138500000	5.0
CM023461.1	138500000	138600000	1.0
CM023461.1	138600000	138700000	1.0
CM023461.1	138700000	138800000	5.0
CM023461.1	138800000	138900000	1.0
CM023461.1	139000000	139100000	1.0
CM023461.1	139500000	139600000	2.0
CM023461.1	139900000	140000000	1.0
CM023461.1	140100000	140200000	1.0
CM023461.1	140400000	140500000	5.0
CM023461.1	140500000	140600000	1.0
CM023461.1	140800000	140900000	1.0
CM023461.1	141200000	141300000	1.0
CM023461.1	141400000	141500000	2.0
CM023461.1	141500000	141600000	5.0
CM023461.1	141600000	141700000	4.0
CM023461.1	141700000	141800000	5.0
CM023461.1	141800000	141900000	1.0
CM023461.1	142200000	142300000	1.0
CM023461.1	142300000	142400000	4.0
CM023461.1	142400000	142500000	4.0
CM023461.1	142800000	142900000	1.0
CM023461.1	142900000	143000000	11.0
CM023461.1	143000000	143100000	2.0
CM023461.1	143100000	143200000	2.0
CM023461.1	143200000	143300000	3.0
CM023461.1	143300000	143400000	2.0
CM023461.1	143400000	143500000	4.0
CM023461.1	143500000	143600000	4.0
CM023461.1	143600000	143700000	2.0
CM023461.1	143700000	143800000	3.0
CM023461.1	143800000	143900000	1.0
CM023461.1	143900000	144000000	1.0
CM023461.1	144000000	144100000	1.0
CM023461.1	144100000	144200000	4.0
CM023461.1	144300000	144400000	2.0
CM023461.1	144400000	144500000	1.0
CM023461.1	144500000	144600000	1.0
CM023461.1	144600000	144700000	1.0
CM023461.1	145000000	145100000	2.0
CM023461.1	145300000	145400000	2.0
CM023461.1	145500000	145600000	2.0
CM023461.1	145600000	145700000	1.0
CM023461.1	145700000	145800000	1.0
CM023461.1	145800000	145900000	2.0
CM023461.1	145900000	146000000	1.0
CM023461.1	146000000	146100000	2.0
CM023461.1	146100000	146200000	1.0
CM023461.1	146200000	146300000	6.0
CM023461.1	146300000	146400000	4.0
CM023461.1	146400000	146500000	3.0
CM023461.1	146500000	146600000	3.0
CM023461.1	147100000	147200000	1.0
CM023461.1	147200000	147300000	1.0
CM023461.1	147300000	147400000	1.0
CM023461.1	147400000	147500000	2.0
CM023461.1	147500000	147600000	1.0
CM023461.1	147700000	147800000	3.0
CM023461.1	147800000	147900000	6.0
CM023461.1	147900000	148000000	3.0
CM023461.1	148000000	148100000	4.0
CM023461.1	148100000	148200000	6.0
CM023461.1	148200000	148300000	2.0
CM023461.1	148300000	148400000	1.0
CM023461.1	148400000	148500000	1.0
CM023461.1	148500000	148600000	4.0
CM023461.1	148800000	148900000	2.0
CM023461.1	148900000	149000000	1.0
CM023461.1	149000000	149100000	2.0
CM023461.1	149400000	149500000	1.0
CM023461.1	149600000	149700000	4.0
CM023461.1	149800000	149900000	2.0
CM023461.1	149900000	150000000	1.0
CM023461.1	150000000	150100000	2.0
CM023461.1	150100000	150200000	2.0
CM023461.1	150200000	150300000	1.0
CM023461.1	150300000	150400000	1.0
CM023461.1	150500000	150600000	2.0
CM023461.1	150800000	150900000	1.0
CM023461.1	151000000	151100000	1.0
CM023461.1	151700000	151800000	4.0
CM023461.1	151900000	152000000	2.0
CM023461.1	152100000	152200000	1.0
CM023461.1	152300000	152400000	3.0
CM023461.1	152400000	152500000	2.0
CM023461.1	152500000	152600000	1.0
CM023461.1	152900000	153000000	1.0
CM023461.1	153000000	153100000	1.0
CM023461.1	153100000	153200000	1.0
CM023461.1	153200000	153300000	1.0
CM023461.1	153300000	153400000	2.0
CM023461.1	153400000	153500000	1.0
CM023461.1	153700000	153800000	2.0
CM023461.1	153800000	153900000	3.0
CM023461.1	153900000	154000000	2.0
CM023461.1	154000000	154100000	1.0
CM023461.1	154200000	154300000	1.0
CM023461.1	154300000	154400000	2.0
CM023461.1	154400000	154500000	1.0
CM023461.1	154800000	154900000	1.0
CM023461.1	154900000	155000000	1.0
CM023461.1	155000000	155100000	2.0
CM023461.1	155200000	155300000	1.0
CM023461.1	155300000	155400000	1.0
CM023461.1	155500000	155600000	1.0
CM023461.1	155900000	156000000	1.0
CM023461.1	156500000	156600000	1.0
CM023461.1	156700000	156800000	1.0
CM023461.1	156800000	156900000	1.0
CM023461.1	157100000	157200000	1.0
CM023461.1	157200000	157300000	2.0
CM023461.1	157300000	157400000	3.0
CM023461.1	157400000	157500000	8.0
CM023461.1	157500000	157600000	1.0
CM023461.1	157600000	157700000	2.0
CM023461.1	157700000	157800000	1.0
CM023461.1	157800000	157900000	3.0
CM023461.1	157900000	158000000	2.0
CM023461.1	158000000	158100000	1.0
CM023461.1	158100000	158200000	2.0
CM023461.1	158200000	158300000	4.0
CM023461.1	158300000	158400000	1.0
CM023461.1	158500000	158600000	2.0
CM023461.1	158600000	158700000	2.0
CM023461.1	158700000	158800000	2.0
CM023461.1	158800000	158900000	3.0
CM023461.1	159000000	159100000	2.0
CM023461.1	159100000	159200000	2.0
CM023461.1	159200000	159300000	1.0
CM023461.1	159300000	159400000	3.0
CM023461.1	159600000	159700000	1.0
CM023461.1	159800000	159900000	2.0
CM023461.1	159900000	160000000	2.0
CM023461.1	160200000	160300000	2.0
CM023461.1	160400000	160500000	4.0
CM023461.1	160500000	160600000	1.0
CM023461.1	160600000	160700000	1.0
CM023461.1	160700000	160800000	1.0
CM023461.1	160800000	160900000	1.0
CM023461.1	160900000	161000000	1.0
CM023461.1	161000000	161100000	5.0
CM023461.1	161100000	161200000	2.0
CM023461.1	161200000	161300000	3.0
CM023461.1	161300000	161400000	2.0
CM023461.1	161400000	161500000	3.0
CM023461.1	161500000	161600000	2.0
CM023461.1	161600000	161700000	10.0
CM023461.1	161700000	161800000	4.0
CM023461.1	161800000	161900000	2.0
CM023461.1	161900000	162000000	3.0
CM023461.1	162000000	162100000	3.0
CM023461.1	162100000	162200000	1.0
CM023461.1	162200000	162300000	6.0
CM023461.1	162300000	162400000	3.0
CM023461.1	162500000	162600000	5.0
CM023461.1	162600000	162700000	4.0
CM023461.1	162700000	162800000	4.0
CM023461.1	162800000	162900000	4.0
CM023461.1	162900000	163000000	5.0
CM023461.1	163000000	163100000	9.0
CM023461.1	163100000	163200000	3.0
CM023461.1	163200000	163300000	1.0
CM023461.1	163300000	163400000	1.0
CM023461.1	163400000	163500000	1.0
CM023461.1	163500000	163600000	3.0
CM023461.1	163600000	163700000	6.0
CM023461.1	163700000	163800000	3.0
CM023461.1	163800000	163900000	5.0
CM023461.1	163900000	164000000	1.0
CM023461.1	164000000	164100000	2.0
CM023461.1	164100000	164200000	1.0
CM023461.1	164300000	164400000	2.0
CM023461.1	164400000	164500000	1.0
CM023461.1	164600000	164700000	2.0
CM023461.1	164700000	164800000	2.0
CM023461.1	164800000	164900000	1.0
CM023461.1	164900000	165000000	3.0
CM023461.1	165000000	165100000	3.0
CM023461.1	165200000	165300000	1.0
CM023461.1	165300000	165400000	1.0
CM023461.1	165400000	165500000	2.0
CM023461.1	165500000	165600000	4.0
CM023461.1	165600000	165700000	1.0
CM023461.1	165700000	165800000	6.0
CM023461.1	165800000	165900000	4.0
CM023461.1	165900000	166000000	2.0
CM023461.1	166000000	166100000	3.0
CM023461.1	166100000	166200000	2.0
CM023461.1	166200000	166300000	1.0
CM023461.1	166400000	166500000	1.0
CM023461.1	166500000	166600000	1.0
CM023461.1	166700000	166800000	1.0
CM023461.1	166800000	166900000	1.0
CM023461.1	166900000	167000000	3.0
CM023461.1	167000000	167100000	3.0
CM023461.1	167100000	167200000	5.0
CM023461.1	167200000	167300000	5.0
CM023461.1	167300000	167400000	3.0
CM023461.1	167400000	167500000	1.0
CM023461.1	167500000	167600000	2.0
CM023461.1	167600000	167700000	1.0
CM023461.1	167700000	167800000	5.0
CM023461.1	167800000	167900000	3.0
CM023461.1	167900000	168000000	4.0
CM023461.1	168000000	168100000	2.0
CM023461.1	168100000	168200000	3.0
CM023461.1	168200000	168300000	2.0
CM023461.1	168300000	168400000	7.0
CM023461.1	168400000	168500000	6.0
CM023461.1	168500000	168600000	6.0
CM023461.1	168600000	168700000	3.0
CM023461.1	168700000	168800000	1.0
CM023461.1	168800000	168900000	2.0
CM023461.1	168900000	169000000	2.0
CM023461.1	169000000	169100000	6.0
CM023461.1	169100000	169200000	4.0
CM023461.1	169200000	169300000	3.0
CM023461.1	169300000	169400000	7.0
CM023461.1	169600000	169700000	3.0
CM023461.1	169900000	170000000	9.0
CM023461.1	170300000	170400000	1.0
CM023461.1	170400000	170500000	1.0
CM023461.1	170500000	170600000	1.0
CM023461.1	170600000	170700000	1.0
CM023461.1	170700000	170800000	1.0
CM023461.1	170800000	170900000	1.0
CM023461.1	171000000	171100000	2.0
CM023461.1	171100000	171200000	1.0
CM023461.1	171200000	171300000	2.0
CM023461.1	171300000	171400000	3.0
CM023461.1	171600000	171700000	2.0
CM023461.1	171700000	171800000	1.0
CM023461.1	171800000	171900000	2.0
CM023461.1	171900000	172000000	4.0
CM023461.1	172200000	172300000	2.0
CM023461.1	172300000	172400000	5.0
CM023461.1	172400000	172500000	3.0
CM023461.1	172500000	172600000	2.0
CM023461.1	172600000	172700000	2.0
CM023461.1	172700000	172800000	1.0
CM023461.1	172800000	172900000	1.0
CM023461.1	172900000	173000000	1.0
CM023461.1	173000000	173100000	2.0
CM023461.1	173200000	173300000	1.0
CM023461.1	173800000	173900000	3.0
CM023461.1	174100000	174200000	2.0
CM023461.1	174200000	174300000	2.0
CM023461.1	174800000	174900000	1.0
CM023461.1	175000000	175100000	2.0
CM023461.1	175100000	175200000	4.0
CM023461.1	175200000	175300000	2.0
CM023461.1	175300000	175400000	4.0
CM023461.1	175400000	175500000	6.0
CM023461.1	175500000	175600000	4.0
CM023461.1	175600000	175700000	1.0
CM023461.1	175700000	175800000	1.0
CM023461.1	175800000	175900000	1.0
CM023461.1	176000000	176100000	2.0
CM023461.1	176100000	176200000	3.0
CM023461.1	176200000	176300000	3.0
CM023461.1	176300000	176400000	7.0
CM023461.1	176400000	176500000	2.0
CM023461.1	176500000	176600000	1.0
CM023461.1	176600000	176700000	4.0
CM023461.1	176700000	176800000	6.0
CM023461.1	176800000	176900000	2.0
CM023461.1	176900000	177000000	1.0
CM023461.1	177000000	177100000	3.0
CM023461.1	177100000	177200000	2.0
CM023461.1	177200000	177300000	5.0
CM023461.1	177300000	177400000	2.0
CM023461.1	177400000	177500000	5.0
CM023461.1	177600000	177700000	2.0
CM023461.1	177700000	177800000	1.0
CM023461.1	177800000	177900000	5.0
CM023461.1	177900000	178000000	2.0
CM023461.1	178000000	178100000	2.0
CM023461.1	178200000	178300000	2.0
CM023461.1	178300000	178400000	1.0
CM023461.1	178400000	178500000	3.0
CM023461.1	178500000	178600000	1.0
CM023461.1	178700000	178800000	1.0
CM023461.1	178800000	178900000	2.0
CM023461.1	178900000	179000000	2.0
CM023461.1	179000000	179100000	1.0
CM023461.1	179100000	179200000	2.0
CM023461.1	179200000	179300000	1.0
CM023461.1	179500000	179600000	3.0
CM023461.1	179600000	179700000	1.0
CM023461.1	179700000	179800000	7.0
CM023461.1	179800000	179900000	3.0
CM023461.1	179900000	180000000	3.0
CM023461.1	180000000	180100000	5.0
CM023461.1	180100000	180200000	1.0
CM023461.1	180200000	180300000	2.0
CM023461.1	180300000	180400000	2.0
CM023461.1	180400000	180500000	2.0
CM023461.1	180500000	180600000	1.0
CM023461.1	180600000	180700000	1.0
CM023461.1	180700000	180800000	1.0
CM023461.1	180800000	180900000	5.0
CM023461.1	181000000	181100000	1.0
CM023461.1	181400000	181500000	1.0
CM023461.1	181600000	181700000	1.0
CM023461.1	181800000	181900000	2.0
CM023461.1	181900000	182000000	1.0
CM023461.1	182000000	182100000	2.0
CM023461.1	182200000	182300000	1.0
CM023461.1	182300000	182400000	3.0
CM023461.1	182400000	182500000	2.0
CM023461.1	182500000	182600000	4.0
CM023461.1	182600000	182700000	7.0
CM023461.1	182800000	182900000	1.0
CM023461.1	183000000	183100000	2.0
CM023461.1	183100000	183200000	1.0
CM023461.1	183200000	183300000	3.0
CM023461.1	183300000	183400000	2.0
CM023461.1	183400000	183500000	2.0
CM023461.1	183500000	183600000	2.0
CM023461.1	183600000	183700000	2.0
CM023461.1	183700000	183800000	3.0
CM023461.1	183800000	183900000	4.0
CM023461.1	183900000	184000000	5.0
CM023461.1	184000000	184100000	2.0
CM023461.1	184100000	184200000	1.0
CM023461.1	184200000	184300000	1.0
CM023461.1	184400000	184500000	2.0
CM023461.1	184700000	184800000	3.0
CM023461.1	184800000	184900000	1.0
CM023461.1	185100000	185200000	2.0
CM023461.1	185200000	185300000	4.0
CM023461.1	185300000	185400000	6.0
CM023461.1	185400000	185500000	2.0
CM023461.1	185500000	185600000	5.0
CM023461.1	185600000	185700000	1.0
CM023461.1	185700000	185800000	1.0
CM023461.1	185900000	186000000	1.0
CM023461.1	186000000	186100000	2.0
CM023461.1	186100000	186200000	1.0
CM023461.1	186200000	186300000	1.0
CM023461.1	186400000	186500000	2.0
CM023461.1	186500000	186600000	2.0
CM023461.1	186700000	186800000	4.0
CM023461.1	186800000	186900000	5.0
CM023461.1	186900000	187000000	2.0
CM023461.1	187000000	187100000	2.0
CM023461.1	187200000	187300000	2.0
CM023461.1	187300000	187400000	3.0
CM023461.1	187400000	187500000	3.0
CM023461.1	187700000	187800000	1.0
CM023461.1	187800000	187900000	4.0
CM023461.1	187900000	188000000	4.0
CM023461.1	188000000	188100000	2.0
CM023461.1	188100000	188200000	2.0
CM023461.1	188200000	188300000	3.0
CM023461.1	188300000	188400000	9.0
CM023461.1	188700000	188800000	1.0
CM023461.1	189000000	189100000	1.0
CM023461.1	189100000	189200000	1.0
CM023461.1	189400000	189500000	2.0
CM023461.1	189500000	189600000	5.0
CM023461.1	189600000	189700000	2.0
CM023461.1	189900000	190000000	1.0
CM023461.1	190000000	190100000	1.0
CM023461.1	190500000	190600000	1.0
CM023461.1	190600000	190700000	1.0
CM023461.1	190700000	190800000	3.0
CM023461.1	190800000	190900000	1.0
CM023461.1	190900000	191000000	1.0
CM023461.1	191100000	191200000	4.0
CM023461.1	191200000	191300000	4.0
CM023461.1	191400000	191500000	6.0
CM023461.1	191500000	191600000	3.0
CM023461.1	191700000	191800000	3.0
CM023461.1	191800000	191900000	4.0
CM023461.1	192000000	192100000	2.0
CM023461.1	192300000	192400000	1.0
CM023461.1	192400000	192500000	1.0
CM023461.1	192500000	192600000	1.0
CM023461.1	192700000	192800000	2.0
CM023461.1	192800000	192900000	3.0
CM023461.1	192900000	193000000	2.0
CM023461.1	193000000	193100000	2.0
CM023461.1	193100000	193200000	1.0
CM023461.1	193200000	193300000	4.0
CM023461.1	193300000	193400000	5.0
CM023461.1	193400000	193500000	1.0
CM023461.1	193500000	193600000	1.0
CM023461.1	193700000	193800000	2.0
CM023461.1	193900000	194000000	2.0
CM023461.1	194000000	194100000	2.0
CM023461.1	194200000	194300000	2.0
CM023461.1	194300000	194400000	1.0
CM023461.1	194500000	194600000	2.0
CM023461.1	194600000	194700000	3.0
CM023461.1	194700000	194800000	5.0
CM023461.1	194800000	194900000	1.0
CM023461.1	194900000	195000000	3.0
CM023461.1	195200000	195300000	1.0
CM023461.1	195400000	195500000	1.0
CM023461.1	195700000	195800000	1.0
CM023461.1	195900000	196000000	2.0
CM023461.1	196100000	196200000	2.0
CM023461.1	196400000	196500000	1.0
CM023461.1	196500000	196600000	2.0
CM023461.1	196600000	196700000	1.0
CM023461.1	196700000	196800000	1.0
CM023461.1	196800000	196900000	1.0
CM023461.1	197100000	197200000	2.0
CM023461.1	197200000	197300000	3.0
CM023461.1	197300000	197400000	2.0
CM023461.1	197400000	197500000	2.0
CM023461.1	197500000	197600000	4.0
CM023461.1	197600000	197700000	2.0
CM023461.1	197700000	197800000	1.0
CM023461.1	197800000	197900000	1.0
CM023461.1	198200000	198300000	10.0
CM023461.1	198300000	198400000	1.0
CM023461.1	198400000	198500000	3.0
CM023461.1	198500000	198600000	1.0
CM023461.1	198700000	198800000	2.0
CM023461.1	199700000	199800000	1.0
CM023461.1	200100000	200200000	2.0
CM023461.1	200200000	200300000	2.0
CM023461.1	200500000	200600000	1.0
CM023461.1	200700000	200800000	2.0
CM023461.1	201700000	201800000	3.0
CM023461.1	201800000	201900000	2.0
CM023461.1	201900000	202000000	1.0
CM023461.1	202000000	202100000	4.0
CM023461.1	202100000	202200000	2.0
CM023461.1	202200000	202300000	1.0
CM023461.1	202300000	202400000	3.0
CM023461.1	202400000	202500000	3.0
CM023461.1	202600000	202700000	2.0
CM023461.1	202700000	202800000	1.0
CM023461.1	203300000	203400000	1.0
CM023461.1	203400000	203500000	1.0
CM023461.1	203500000	203600000	2.0
CM023461.1	203600000	203700000	2.0
CM023461.1	203800000	203900000	1.0
CM023461.1	203900000	204000000	2.0
CM023461.1	204200000	204300000	1.0
CM023461.1	204500000	204600000	1.0
CM023461.1	205100000	205200000	1.0
CM023461.1	205500000	205600000	1.0
CM023461.1	205600000	205700000	1.0
CM023461.1	205700000	205800000	4.0
CM023461.1	205800000	205900000	3.0
CM023461.1	205900000	206000000	1.0
CM023461.1	206000000	206100000	2.0
CM023461.1	206100000	206200000	3.0
CM023461.1	206200000	206300000	2.0
CM023461.1	206400000	206500000	2.0
CM023461.1	206500000	206600000	2.0
CM023461.1	206600000	206700000	2.0
CM023461.1	206700000	206800000	1.0
CM023461.1	206800000	206900000	2.0
CM023461.1	206900000	207000000	4.0
CM023461.1	207000000	207100000	1.0
CM023461.1	207300000	207400000	2.0
CM023461.1	207400000	207500000	3.0
CM023461.1	207500000	207600000	1.0
CM023461.1	207600000	207700000	4.0
CM023461.1	207700000	207800000	4.0
CM023461.1	207800000	207900000	1.0
CM023461.1	207900000	208000000	2.0
CM023461.1	208000000	208100000	3.0
CM023461.1	208100000	208200000	1.0
CM023461.1	208200000	208300000	3.0
CM023461.1	208300000	208400000	8.0
CM023461.1	208400000	208500000	1.0
CM023461.1	208500000	208600000	1.0
CM023461.1	208600000	208700000	4.0
CM023461.1	208700000	208800000	1.0
CM023461.1	208900000	209000000	1.0
CM023461.1	209000000	209100000	2.0
CM023461.1	209500000	209600000	1.0
CM023461.1	210100000	210200000	2.0
CM023461.1	210200000	210300000	6.0
CM023461.1	210300000	210400000	1.0
CM023461.1	210400000	210500000	1.0
CM023461.1	210600000	210700000	3.0
CM023461.1	210700000	210800000	3.0
CM023461.1	210800000	210900000	3.0
CM023461.1	210900000	211000000	2.0
CM023461.1	211000000	211100000	2.0
CM023461.1	211100000	211200000	1.0
CM023461.1	211200000	211300000	3.0
CM023461.1	211300000	211400000	2.0
CM023461.1	211500000	211600000	2.0
CM023461.1	211600000	211700000	5.0
CM023461.1	211700000	211800000	4.0
CM023461.1	211800000	211900000	1.0
CM023461.1	212000000	212100000	1.0
CM023461.1	212200000	212300000	1.0
CM023461.1	212300000	212400000	1.0
CM023461.1	212400000	212500000	4.0
CM023461.1	212500000	212600000	3.0
CM023461.1	212600000	212700000	4.0
CM023461.1	212700000	212800000	6.0
CM023461.1	212800000	212900000	3.0
CM023461.1	212900000	213000000	1.0
CM023461.1	213100000	213200000	3.0
CM023461.1	213400000	213500000	2.0
CM023461.1	213500000	213600000	1.0
CM023461.1	213600000	213700000	7.0
CM023461.1	213800000	213900000	3.0
CM023461.1	213900000	214000000	6.0
CM023461.1	214000000	214100000	4.0
CM023461.1	214100000	214200000	3.0
CM023461.1	214200000	214300000	2.0
CM023461.1	214300000	214400000	3.0
CM023461.1	214700000	214800000	1.0
CM023461.1	214800000	214900000	1.0
CM023461.1	214900000	215000000	1.0
CM023461.1	215000000	215100000	2.0
CM023461.1	215100000	215200000	2.0
CM023461.1	215200000	215300000	2.0
CM023461.1	215300000	215400000	1.0
CM023461.1	215400000	215500000	2.0
CM023461.1	215600000	215700000	2.0
CM023461.1	215700000	215800000	1.0
CM023461.1	216300000	216400000	1.0
CM023461.1	216700000	216800000	1.0
CM023461.1	216900000	217000000	1.0
CM023461.1	217600000	217700000	1.0
CM023461.1	217700000	217800000	1.0
CM023461.1	217800000	217900000	2.0
CM023461.1	217900000	218000000	1.0
CM023461.1	218000000	218100000	2.0
CM023461.1	218200000	218300000	1.0
CM023461.1	218400000	218500000	1.0
CM023461.1	218500000	218600000	1.0
CM023461.1	218700000	218800000	2.0
CM023461.1	218900000	219000000	2.0
CM023461.1	219500000	219600000	1.0
CM023461.1	219900000	220000000	1.0
CM023461.1	220000000	220100000	1.0
CM023461.1	220100000	220200000	1.0
CM023461.1	221000000	221100000	1.0
CM023461.1	221500000	221600000	1.0
CM023461.1	221700000	221800000	1.0
CM023461.1	222000000	222100000	1.0
CM023461.1	222100000	222200000	1.0
CM023461.1	222200000	222300000	1.0
CM023461.1	222400000	222500000	2.0
CM023461.1	222600000	222700000	1.0
CM023461.1	222900000	223000000	1.0
CM023461.1	223000000	223100000	3.0
CM023461.1	223300000	223400000	1.0
CM023461.1	223500000	223600000	1.0
CM023461.1	223700000	223800000	1.0
CM023461.1	224000000	224100000	4.0
CM023461.1	224200000	224300000	1.0
CM023461.1	224300000	224400000	2.0
CM023461.1	224400000	224500000	1.0
CM023461.1	224500000	224600000	1.0
CM023461.1	225200000	225300000	1.0
CM023461.1	226400000	226500000	1.0
CM023461.1	226500000	226600000	1.0
CM023461.1	226600000	226700000	2.0
CM023461.1	227000000	227100000	2.0
CM023461.1	227300000	227400000	1.0
CM023461.1	228000000	228100000	2.0
CM023461.1	228100000	228200000	3.0
CM023461.1	228600000	228700000	1.0
CM023461.1	228700000	228800000	1.0
CM023461.1	228800000	228900000	2.0
CM023461.1	229100000	229200000	1.0
CM023461.1	229200000	229300000	1.0
CM023461.1	229300000	229400000	1.0
CM023461.1	229600000	229700000	2.0
CM023461.1	229700000	229800000	3.0
CM023461.1	229800000	229900000	1.0
CM023461.1	229900000	230000000	1.0
CM023461.1	230200000	230300000	1.0
CM023461.1	230300000	230400000	2.0
CM023461.1	230400000	230500000	1.0
CM023461.1	230500000	230600000	2.0
CM023461.1	230600000	230700000	1.0
CM023461.1	230700000	230800000	2.0
CM023461.1	230800000	230900000	1.0
CM023461.1	231000000	231100000	1.0
CM023461.1	231100000	231200000	2.0
CM023461.1	231300000	231400000	2.0
CM023461.1	231500000	231600000	2.0
CM023461.1	231600000	231700000	1.0
CM023461.1	231800000	231900000	1.0
CM023461.1	231900000	232000000	2.0
CM023461.1	232100000	232200000	2.0
CM023461.1	232300000	232400000	1.0
CM023461.1	232400000	232500000	2.0
CM023461.1	232500000	232600000	1.0
CM023461.1	232600000	232700000	3.0
CM023461.1	232900000	233000000	1.0
CM023461.1	233100000	233200000	1.0
CM023461.1	233300000	233400000	1.0
CM023461.1	233400000	233500000	1.0
CM023461.1	233500000	233600000	1.0
CM023461.1	233800000	233900000	2.0
CM023461.1	234500000	234600000	1.0
CM023461.1	235000000	235100000	2.0
CM023461.1	235200000	235300000	1.0
CM023461.1	235700000	235800000	2.0
CM023461.1	235900000	236000000	2.0
CM023461.1	236300000	236400000	1.0
CM023461.1	236400000	236500000	1.0
CM023461.1	236500000	236600000	3.0
CM023461.1	236600000	236700000	3.0
CM023461.1	236700000	236800000	5.0
CM023461.1	236800000	236900000	7.0
CM023461.1	236900000	237000000	2.0
CM023461.1	237000000	237100000	1.0
CM023461.1	237100000	237200000	3.0
CM023461.1	237200000	237300000	2.0
CM023461.1	237900000	238000000	1.0
CM023461.1	238000000	238100000	2.0
CM023461.1	238100000	238200000	1.0
CM023461.1	238300000	238400000	4.0
CM023461.1	238400000	238468705	1.0
CM023462.1	1100000	1200000	1.0
CM023462.1	1300000	1400000	1.0
CM023462.1	1400000	1500000	1.0
CM023462.1	1500000	1600000	2.0
CM023462.1	1700000	1800000	2.0
CM023462.1	1900000	2000000	1.0
CM023462.1	2200000	2300000	1.0
CM023462.1	2400000	2500000	2.0
CM023462.1	3100000	3200000	1.0
CM023462.1	3200000	3300000	2.0
CM023462.1	3300000	3400000	2.0
CM023462.1	3500000	3600000	2.0
CM023462.1	3700000	3800000	1.0
CM023462.1	3800000	3900000	1.0
CM023462.1	3900000	4000000	1.0
CM023462.1	4000000	4100000	1.0
CM023462.1	4100000	4200000	2.0
CM023462.1	4200000	4300000	1.0
CM023462.1	4300000	4400000	2.0
CM023462.1	4400000	4500000	3.0
CM023462.1	4900000	5000000	3.0
CM023462.1	5000000	5100000	1.0
CM023462.1	5100000	5200000	2.0
CM023462.1	5200000	5300000	1.0
CM023462.1	5300000	5400000	3.0
CM023462.1	5600000	5700000	3.0
CM023462.1	5700000	5800000	2.0
CM023462.1	5800000	5900000	2.0
CM023462.1	6200000	6300000	4.0
CM023462.1	6400000	6500000	2.0
CM023462.1	6500000	6600000	2.0
CM023462.1	6600000	6700000	2.0
CM023462.1	6800000	6900000	2.0
CM023462.1	6900000	7000000	1.0
CM023462.1	7000000	7100000	1.0
CM023462.1	7300000	7400000	3.0
CM023462.1	7500000	7600000	1.0
CM023462.1	7600000	7700000	3.0
CM023462.1	8100000	8200000	2.0
CM023462.1	8200000	8300000	1.0
CM023462.1	8300000	8400000	1.0
CM023462.1	8400000	8500000	2.0
CM023462.1	8500000	8600000	3.0
CM023462.1	8900000	9000000	4.0
CM023462.1	9200000	9300000	1.0
CM023462.1	9300000	9400000	1.0
CM023462.1	9500000	9600000	3.0
CM023462.1	9600000	9700000	1.0
CM023462.1	9800000	9900000	3.0
CM023462.1	10100000	10200000	1.0
CM023462.1	10500000	10600000	3.0
CM023462.1	10600000	10700000	1.0
CM023462.1	10700000	10800000	1.0
CM023462.1	10800000	10900000	1.0
CM023462.1	10900000	11000000	2.0
CM023462.1	11100000	11200000	1.0
CM023462.1	11800000	11900000	1.0
CM023462.1	12000000	12100000	2.0
CM023462.1	12400000	12500000	1.0
CM023462.1	12500000	12600000	1.0
CM023462.1	12600000	12700000	2.0
CM023462.1	13100000	13200000	3.0
CM023462.1	13200000	13300000	1.0
CM023462.1	13800000	13900000	1.0
CM023462.1	14000000	14100000	2.0
CM023462.1	14800000	14900000	1.0
CM023462.1	15200000	15300000	1.0
CM023462.1	15500000	15600000	2.0
CM023462.1	15800000	15900000	1.0
CM023462.1	15900000	16000000	1.0
CM023462.1	16200000	16300000	2.0
CM023462.1	16300000	16400000	2.0
CM023462.1	16400000	16500000	2.0
CM023462.1	16600000	16700000	2.0
CM023462.1	16700000	16800000	2.0
CM023462.1	16800000	16900000	3.0
CM023462.1	17000000	17100000	1.0
CM023462.1	17200000	17300000	1.0
CM023462.1	17300000	17400000	2.0
CM023462.1	17600000	17700000	1.0
CM023462.1	17700000	17800000	2.0
CM023462.1	17800000	17900000	3.0
CM023462.1	18600000	18700000	1.0
CM023462.1	18700000	18800000	1.0
CM023462.1	18800000	18900000	5.0
CM023462.1	18900000	19000000	1.0
CM023462.1	19000000	19100000	2.0
CM023462.1	19100000	19200000	1.0
CM023462.1	19300000	19400000	3.0
CM023462.1	19900000	20000000	1.0
CM023462.1	20000000	20100000	1.0
CM023462.1	20200000	20300000	2.0
CM023462.1	20500000	20600000	3.0
CM023462.1	20600000	20700000	1.0
CM023462.1	21000000	21100000	4.0
CM023462.1	21100000	21200000	1.0
CM023462.1	21200000	21300000	1.0
CM023462.1	21300000	21400000	1.0
CM023462.1	21600000	21700000	1.0
CM023462.1	21700000	21800000	3.0
CM023462.1	21800000	21900000	2.0
CM023462.1	22000000	22100000	2.0
CM023462.1	22100000	22200000	3.0
CM023462.1	22300000	22400000	1.0
CM023462.1	22500000	22600000	1.0
CM023462.1	23200000	23300000	2.0
CM023462.1	23300000	23400000	3.0
CM023462.1	23400000	23500000	4.0
CM023462.1	23700000	23800000	1.0
CM023462.1	23800000	23900000	1.0
CM023462.1	23900000	24000000	1.0
CM023462.1	24000000	24100000	4.0
CM023462.1	24200000	24300000	1.0
CM023462.1	24300000	24400000	2.0
CM023462.1	24400000	24500000	1.0
CM023462.1	24500000	24600000	3.0
CM023462.1	24600000	24700000	3.0
CM023462.1	24700000	24800000	2.0
CM023462.1	25000000	25100000	2.0
CM023462.1	25100000	25200000	1.0
CM023462.1	25200000	25300000	1.0
CM023462.1	25300000	25400000	1.0
CM023462.1	25500000	25600000	3.0
CM023462.1	25700000	25800000	1.0
CM023462.1	25800000	25900000	1.0
CM023462.1	26000000	26100000	4.0
CM023462.1	26100000	26200000	3.0
CM023462.1	26200000	26300000	4.0
CM023462.1	26300000	26400000	6.0
CM023462.1	26400000	26500000	5.0
CM023462.1	26500000	26600000	6.0
CM023462.1	26600000	26700000	6.0
CM023462.1	26700000	26800000	1.0
CM023462.1	26800000	26900000	1.0
CM023462.1	26900000	27000000	6.0
CM023462.1	27000000	27100000	3.0
CM023462.1	27100000	27200000	3.0
CM023462.1	27200000	27300000	2.0
CM023462.1	27300000	27400000	1.0
CM023462.1	27400000	27500000	1.0
CM023462.1	27500000	27600000	1.0
CM023462.1	27600000	27700000	1.0
CM023462.1	27700000	27800000	2.0
CM023462.1	27800000	27900000	1.0
CM023462.1	27900000	28000000	2.0
CM023462.1	28100000	28200000	1.0
CM023462.1	28200000	28300000	1.0
CM023462.1	28300000	28400000	3.0
CM023462.1	28400000	28500000	1.0
CM023462.1	28700000	28800000	2.0
CM023462.1	28800000	28900000	3.0
CM023462.1	28900000	29000000	1.0
CM023462.1	29400000	29500000	1.0
CM023462.1	29900000	30000000	2.0
CM023462.1	30600000	30700000	1.0
CM023462.1	31500000	31600000	3.0
CM023462.1	31700000	31800000	1.0
CM023462.1	31800000	31900000	2.0
CM023462.1	32000000	32100000	1.0
CM023462.1	32100000	32200000	2.0
CM023462.1	32200000	32300000	4.0
CM023462.1	32300000	32400000	1.0
CM023462.1	32400000	32500000	1.0
CM023462.1	32500000	32600000	1.0
CM023462.1	32900000	33000000	2.0
CM023462.1	33000000	33100000	2.0
CM023462.1	33100000	33200000	1.0
CM023462.1	33300000	33400000	1.0
CM023462.1	33500000	33600000	1.0
CM023462.1	33700000	33800000	1.0
CM023462.1	34000000	34100000	1.0
CM023462.1	34300000	34400000	2.0
CM023462.1	35000000	35100000	1.0
CM023462.1	35500000	35600000	1.0
CM023462.1	35800000	35900000	1.0
CM023462.1	36200000	36300000	2.0
CM023462.1	36300000	36400000	1.0
CM023462.1	36400000	36500000	1.0
CM023462.1	36600000	36700000	2.0
CM023462.1	36900000	37000000	3.0
CM023462.1	37000000	37100000	2.0
CM023462.1	37100000	37200000	2.0
CM023462.1	37300000	37400000	2.0
CM023462.1	37400000	37500000	3.0
CM023462.1	37600000	37700000	3.0
CM023462.1	37700000	37800000	3.0
CM023462.1	38000000	38100000	1.0
CM023462.1	38100000	38200000	1.0
CM023462.1	38200000	38300000	1.0
CM023462.1	38300000	38400000	2.0
CM023462.1	38400000	38500000	1.0
CM023462.1	38700000	38800000	1.0
CM023462.1	39000000	39100000	1.0
CM023462.1	39300000	39400000	1.0
CM023462.1	39400000	39500000	1.0
CM023462.1	39500000	39600000	2.0
CM023462.1	39600000	39700000	1.0
CM023462.1	39700000	39800000	2.0
CM023462.1	40100000	40200000	1.0
CM023462.1	40200000	40300000	1.0
CM023462.1	40300000	40400000	1.0
CM023462.1	40400000	40500000	3.0
CM023462.1	40500000	40600000	1.0
CM023462.1	40700000	40800000	1.0
CM023462.1	40900000	41000000	1.0
CM023462.1	41000000	41100000	2.0
CM023462.1	41200000	41300000	1.0
CM023462.1	41300000	41400000	3.0
CM023462.1	41600000	41700000	1.0
CM023462.1	41700000	41800000	1.0
CM023462.1	41800000	41900000	4.0
CM023462.1	41900000	42000000	2.0
CM023462.1	42100000	42200000	2.0
CM023462.1	42200000	42300000	4.0
CM023462.1	42300000	42400000	4.0
CM023462.1	42400000	42500000	3.0
CM023462.1	42500000	42600000	1.0
CM023462.1	43200000	43300000	4.0
CM023462.1	43500000	43600000	1.0
CM023462.1	43700000	43800000	2.0
CM023462.1	43900000	44000000	1.0
CM023462.1	44000000	44100000	3.0
CM023462.1	44300000	44400000	2.0
CM023462.1	44400000	44500000	1.0
CM023462.1	44600000	44700000	2.0
CM023462.1	44700000	44800000	2.0
CM023462.1	44800000	44900000	5.0
CM023462.1	44900000	45000000	5.0
CM023462.1	45000000	45100000	6.0
CM023462.1	45100000	45200000	3.0
CM023462.1	45200000	45300000	3.0
CM023462.1	45300000	45400000	5.0
CM023462.1	45400000	45500000	3.0
CM023462.1	45500000	45600000	3.0
CM023462.1	45600000	45700000	3.0
CM023462.1	45700000	45800000	2.0
CM023462.1	45800000	45900000	4.0
CM023462.1	45900000	46000000	3.0
CM023462.1	46100000	46200000	1.0
CM023462.1	46200000	46300000	4.0
CM023462.1	46300000	46400000	3.0
CM023462.1	46400000	46500000	1.0
CM023462.1	46500000	46600000	1.0
CM023462.1	46900000	47000000	1.0
CM023462.1	47000000	47100000	1.0
CM023462.1	47100000	47200000	1.0
CM023462.1	47600000	47700000	2.0
CM023462.1	47700000	47800000	4.0
CM023462.1	47800000	47900000	5.0
CM023462.1	47900000	48000000	3.0
CM023462.1	48000000	48100000	2.0
CM023462.1	48100000	48200000	1.0
CM023462.1	48200000	48300000	1.0
CM023462.1	48300000	48400000	2.0
CM023462.1	48400000	48500000	4.0
CM023462.1	48500000	48600000	8.0
CM023462.1	48600000	48700000	4.0
CM023462.1	48900000	49000000	2.0
CM023462.1	49000000	49100000	3.0
CM023462.1	49100000	49200000	1.0
CM023462.1	49300000	49400000	1.0
CM023462.1	49400000	49500000	2.0
CM023462.1	49500000	49600000	3.0
CM023462.1	49600000	49700000	2.0
CM023462.1	50100000	50200000	2.0
CM023462.1	50200000	50300000	3.0
CM023462.1	50300000	50400000	2.0
CM023462.1	50400000	50500000	2.0
CM023462.1	50500000	50600000	4.0
CM023462.1	50600000	50700000	2.0
CM023462.1	50700000	50800000	2.0
CM023462.1	50800000	50900000	4.0
CM023462.1	50900000	51000000	2.0
CM023462.1	51000000	51100000	1.0
CM023462.1	51100000	51200000	2.0
CM023462.1	51200000	51300000	1.0
CM023462.1	51300000	51400000	6.0
CM023462.1	51400000	51500000	5.0
CM023462.1	51500000	51600000	4.0
CM023462.1	51600000	51700000	1.0
CM023462.1	51700000	51800000	1.0
CM023462.1	51800000	51900000	2.0
CM023462.1	52000000	52100000	2.0
CM023462.1	52700000	52800000	1.0
CM023462.1	53000000	53100000	1.0
CM023462.1	53100000	53200000	1.0
CM023462.1	53400000	53500000	1.0
CM023462.1	53600000	53700000	1.0
CM023462.1	53700000	53800000	1.0
CM023462.1	53900000	54000000	1.0
CM023462.1	54200000	54300000	1.0
CM023462.1	54300000	54400000	2.0
CM023462.1	54400000	54500000	11.0
CM023462.1	54500000	54600000	2.0
CM023462.1	55000000	55100000	3.0
CM023462.1	55100000	55200000	7.0
CM023462.1	55200000	55300000	7.0
CM023462.1	55300000	55400000	1.0
CM023462.1	55500000	55600000	5.0
CM023462.1	55600000	55700000	3.0
CM023462.1	55700000	55800000	3.0
CM023462.1	55800000	55900000	6.0
CM023462.1	55900000	56000000	2.0
CM023462.1	56100000	56200000	9.0
CM023462.1	56200000	56300000	5.0
CM023462.1	56400000	56500000	4.0
CM023462.1	56500000	56600000	3.0
CM023462.1	56600000	56700000	2.0
CM023462.1	56700000	56800000	5.0
CM023462.1	56800000	56900000	1.0
CM023462.1	56900000	57000000	1.0
CM023462.1	57000000	57100000	1.0
CM023462.1	57100000	57200000	1.0
CM023462.1	57200000	57300000	2.0
CM023462.1	57300000	57400000	1.0
CM023462.1	57400000	57500000	3.0
CM023462.1	57500000	57600000	4.0
CM023462.1	57600000	57700000	3.0
CM023462.1	57800000	57900000	1.0
CM023462.1	58000000	58100000	2.0
CM023462.1	58100000	58200000	1.0
CM023462.1	58200000	58300000	3.0
CM023462.1	58300000	58400000	5.0
CM023462.1	58400000	58500000	4.0
CM023462.1	58500000	58600000	1.0
CM023462.1	58700000	58800000	2.0
CM023462.1	58800000	58900000	1.0
CM023462.1	58900000	59000000	2.0
CM023462.1	59000000	59100000	4.0
CM023462.1	59100000	59200000	5.0
CM023462.1	59200000	59300000	8.0
CM023462.1	59400000	59500000	4.0
CM023462.1	59500000	59600000	1.0
CM023462.1	59700000	59800000	1.0
CM023462.1	59800000	59900000	3.0
CM023462.1	59900000	60000000	1.0
CM023462.1	60000000	60100000	1.0
CM023462.1	60500000	60600000	1.0
CM023462.1	60900000	61000000	3.0
CM023462.1	61000000	61100000	2.0
CM023462.1	61100000	61200000	4.0
CM023462.1	61200000	61300000	3.0
CM023462.1	61300000	61400000	6.0
CM023462.1	61400000	61500000	7.0
CM023462.1	61500000	61600000	5.0
CM023462.1	61600000	61700000	5.0
CM023462.1	61700000	61800000	9.0
CM023462.1	61800000	61900000	2.0
CM023462.1	61900000	62000000	4.0
CM023462.1	62000000	62100000	2.0
CM023462.1	62100000	62200000	1.0
CM023462.1	62300000	62400000	1.0
CM023462.1	62400000	62500000	6.0
CM023462.1	62600000	62700000	1.0
CM023462.1	62800000	62900000	1.0
CM023462.1	63100000	63200000	1.0
CM023462.1	63400000	63500000	2.0
CM023462.1	63800000	63900000	3.0
CM023462.1	63900000	64000000	3.0
CM023462.1	64000000	64100000	1.0
CM023462.1	64100000	64200000	1.0
CM023462.1	64200000	64300000	1.0
CM023462.1	64300000	64400000	4.0
CM023462.1	64400000	64500000	5.0
CM023462.1	64500000	64600000	6.0
CM023462.1	64600000	64700000	5.0
CM023462.1	64700000	64800000	4.0
CM023462.1	64800000	64900000	2.0
CM023462.1	64900000	65000000	8.0
CM023462.1	65000000	65100000	6.0
CM023462.1	65100000	65200000	6.0
CM023462.1	65200000	65300000	1.0
CM023462.1	65300000	65400000	3.0
CM023462.1	65400000	65500000	3.0
CM023462.1	65600000	65700000	2.0
CM023462.1	65700000	65800000	1.0
CM023462.1	65800000	65900000	1.0
CM023462.1	66000000	66100000	3.0
CM023462.1	66100000	66200000	1.0
CM023462.1	66200000	66300000	5.0
CM023462.1	66300000	66400000	1.0
CM023462.1	66500000	66600000	7.0
CM023462.1	66600000	66700000	3.0
CM023462.1	66700000	66800000	1.0
CM023462.1	66800000	66900000	3.0
CM023462.1	66900000	67000000	2.0
CM023462.1	67000000	67100000	2.0
CM023462.1	67100000	67200000	4.0
CM023462.1	67200000	67300000	2.0
CM023462.1	67300000	67400000	1.0
CM023462.1	67400000	67500000	9.0
CM023462.1	67500000	67600000	4.0
CM023462.1	67600000	67700000	1.0
CM023462.1	67700000	67800000	6.0
CM023462.1	67900000	68000000	4.0
CM023462.1	68000000	68100000	7.0
CM023462.1	68100000	68200000	2.0
CM023462.1	68200000	68300000	2.0
CM023462.1	68300000	68400000	1.0
CM023462.1	68400000	68500000	1.0
CM023462.1	68500000	68600000	1.0
CM023462.1	68600000	68700000	1.0
CM023462.1	68700000	68800000	3.0
CM023462.1	68800000	68900000	2.0
CM023462.1	68900000	69000000	3.0
CM023462.1	69000000	69100000	3.0
CM023462.1	69100000	69200000	3.0
CM023462.1	69200000	69300000	1.0
CM023462.1	69400000	69500000	3.0
CM023462.1	69500000	69600000	2.0
CM023462.1	69600000	69700000	2.0
CM023462.1	69700000	69800000	3.0
CM023462.1	69800000	69900000	1.0
CM023462.1	69900000	70000000	1.0
CM023462.1	70100000	70200000	2.0
CM023462.1	70200000	70300000	2.0
CM023462.1	70300000	70400000	1.0
CM023462.1	70500000	70600000	1.0
CM023462.1	70600000	70700000	2.0
CM023462.1	70700000	70800000	1.0
CM023462.1	70800000	70900000	2.0
CM023462.1	70900000	71000000	1.0
CM023462.1	71000000	71100000	1.0
CM023462.1	71100000	71200000	1.0
CM023462.1	71200000	71300000	4.0
CM023462.1	71300000	71400000	3.0
CM023462.1	71400000	71500000	3.0
CM023462.1	71500000	71600000	1.0
CM023462.1	71600000	71700000	4.0
CM023462.1	71700000	71800000	1.0
CM023462.1	71800000	71900000	3.0
CM023462.1	72200000	72300000	1.0
CM023462.1	72300000	72400000	4.0
CM023462.1	72400000	72500000	1.0
CM023462.1	72600000	72700000	1.0
CM023462.1	72700000	72800000	2.0
CM023462.1	72900000	73000000	1.0
CM023462.1	73100000	73200000	2.0
CM023462.1	73600000	73700000	3.0
CM023462.1	73800000	73900000	1.0
CM023462.1	73900000	74000000	1.0
CM023462.1	74000000	74100000	1.0
CM023462.1	74200000	74300000	1.0
CM023462.1	74400000	74500000	1.0
CM023462.1	75300000	75400000	1.0
CM023462.1	75800000	75900000	1.0
CM023462.1	76200000	76300000	1.0
CM023462.1	76700000	76800000	3.0
CM023462.1	76800000	76900000	2.0
CM023462.1	77100000	77200000	1.0
CM023462.1	77400000	77500000	1.0
CM023462.1	77500000	77600000	1.0
CM023462.1	77600000	77700000	1.0
CM023462.1	77700000	77800000	1.0
CM023462.1	78000000	78100000	1.0
CM023462.1	78100000	78200000	1.0
CM023462.1	78200000	78300000	1.0
CM023462.1	78400000	78500000	1.0
CM023462.1	78500000	78600000	1.0
CM023462.1	78700000	78800000	2.0
CM023462.1	78800000	78900000	2.0
CM023462.1	79000000	79100000	2.0
CM023462.1	79100000	79200000	3.0
CM023462.1	79200000	79300000	1.0
CM023462.1	79300000	79400000	2.0
CM023462.1	79500000	79600000	1.0
CM023462.1	80100000	80200000	1.0
CM023462.1	80300000	80400000	2.0
CM023462.1	80400000	80500000	4.0
CM023462.1	80500000	80600000	4.0
CM023462.1	80600000	80700000	5.0
CM023462.1	80700000	80800000	2.0
CM023462.1	80800000	80900000	1.0
CM023462.1	80900000	81000000	4.0
CM023462.1	81000000	81100000	1.0
CM023462.1	81100000	81200000	6.0
CM023462.1	81200000	81300000	3.0
CM023462.1	81300000	81400000	1.0
CM023462.1	81400000	81500000	1.0
CM023462.1	81500000	81600000	1.0
CM023462.1	81700000	81800000	1.0
CM023462.1	81900000	82000000	2.0
CM023462.1	82000000	82100000	2.0
CM023462.1	82100000	82200000	4.0
CM023462.1	82200000	82300000	3.0
CM023462.1	82300000	82400000	3.0
CM023462.1	82400000	82500000	1.0
CM023462.1	82500000	82600000	4.0
CM023462.1	82600000	82700000	7.0
CM023462.1	82700000	82800000	4.0
CM023462.1	82800000	82900000	1.0
CM023462.1	83000000	83100000	2.0
CM023462.1	83100000	83200000	2.0
CM023462.1	83200000	83300000	5.0
CM023462.1	83300000	83400000	7.0
CM023462.1	83400000	83500000	7.0
CM023462.1	83500000	83600000	5.0
CM023462.1	83600000	83700000	1.0
CM023462.1	83700000	83800000	3.0
CM023462.1	83800000	83900000	2.0
CM023462.1	83900000	84000000	3.0
CM023462.1	84000000	84100000	6.0
CM023462.1	84100000	84200000	1.0
CM023462.1	84200000	84300000	2.0
CM023462.1	84300000	84400000	2.0
CM023462.1	84400000	84500000	3.0
CM023462.1	84700000	84800000	1.0
CM023462.1	85400000	85500000	1.0
CM023462.1	86300000	86400000	3.0
CM023462.1	86700000	86800000	1.0
CM023462.1	87200000	87300000	1.0
CM023462.1	87300000	87400000	1.0
CM023462.1	87500000	87600000	3.0
CM023462.1	87600000	87700000	3.0
CM023462.1	87700000	87800000	2.0
CM023462.1	87800000	87900000	3.0
CM023462.1	87900000	88000000	2.0
CM023462.1	88000000	88100000	1.0
CM023462.1	88100000	88200000	2.0
CM023462.1	88200000	88300000	2.0
CM023462.1	88300000	88400000	1.0
CM023462.1	88400000	88500000	3.0
CM023462.1	88500000	88600000	3.0
CM023462.1	88600000	88700000	1.0
CM023462.1	88700000	88800000	4.0
CM023462.1	88800000	88900000	1.0
CM023462.1	88900000	89000000	1.0
CM023462.1	89000000	89100000	1.0
CM023462.1	89100000	89200000	3.0
CM023462.1	89200000	89300000	5.0
CM023462.1	89300000	89400000	3.0
CM023462.1	89500000	89600000	1.0
CM023462.1	89700000	89800000	1.0
CM023462.1	89800000	89900000	2.0
CM023462.1	89900000	90000000	4.0
CM023462.1	90000000	90100000	5.0
CM023462.1	90100000	90200000	1.0
CM023462.1	90400000	90500000	1.0
CM023462.1	90500000	90600000	2.0
CM023462.1	90600000	90700000	4.0
CM023462.1	90700000	90800000	1.0
CM023462.1	90800000	90900000	4.0
CM023462.1	91400000	91500000	2.0
CM023462.1	91500000	91600000	2.0
CM023462.1	91600000	91700000	5.0
CM023462.1	91700000	91800000	1.0
CM023462.1	91800000	91900000	2.0
CM023462.1	91900000	92000000	1.0
CM023462.1	92100000	92200000	2.0
CM023462.1	92200000	92300000	2.0
CM023462.1	92300000	92400000	2.0
CM023462.1	92400000	92500000	2.0
CM023462.1	92500000	92600000	6.0
CM023462.1	92600000	92700000	1.0
CM023462.1	92700000	92800000	1.0
CM023462.1	92800000	92900000	1.0
CM023462.1	92900000	93000000	2.0
CM023462.1	93100000	93200000	2.0
CM023462.1	93200000	93300000	2.0
CM023462.1	93300000	93400000	1.0
CM023462.1	93400000	93500000	3.0
CM023462.1	93500000	93600000	3.0
CM023462.1	93600000	93700000	1.0
CM023462.1	93700000	93800000	4.0
CM023462.1	93800000	93900000	2.0
CM023462.1	93900000	94000000	2.0
CM023462.1	94000000	94100000	1.0
CM023462.1	94100000	94200000	2.0
CM023462.1	94200000	94300000	1.0
CM023462.1	94300000	94400000	3.0
CM023462.1	94400000	94500000	3.0
CM023462.1	94500000	94600000	4.0
CM023462.1	94600000	94700000	2.0
CM023462.1	94800000	94900000	1.0
CM023462.1	94900000	95000000	1.0
CM023462.1	95100000	95200000	1.0
CM023462.1	95200000	95300000	1.0
CM023462.1	95300000	95400000	1.0
CM023462.1	95400000	95500000	3.0
CM023462.1	95500000	95600000	1.0
CM023462.1	95600000	95700000	1.0
CM023462.1	95700000	95800000	1.0
CM023462.1	96500000	96600000	1.0
CM023462.1	97200000	97300000	1.0
CM023462.1	97500000	97600000	1.0
CM023462.1	97600000	97700000	1.0
CM023462.1	97700000	97800000	1.0
CM023462.1	98100000	98200000	1.0
CM023462.1	98400000	98500000	1.0
CM023462.1	99000000	99100000	1.0
CM023462.1	99100000	99200000	1.0
CM023462.1	99300000	99400000	1.0
CM023462.1	99800000	99900000	1.0
CM023462.1	99900000	100000000	2.0
CM023462.1	100500000	100600000	1.0
CM023462.1	100600000	100700000	1.0
CM023462.1	100800000	100900000	1.0
CM023462.1	101000000	101100000	1.0
CM023462.1	101400000	101500000	1.0
CM023462.1	101600000	101700000	2.0
CM023462.1	101800000	101900000	1.0
CM023462.1	102000000	102100000	2.0
CM023462.1	102100000	102200000	2.0
CM023462.1	102200000	102300000	1.0
CM023462.1	102300000	102400000	3.0
CM023462.1	102400000	102500000	4.0
CM023462.1	102500000	102600000	5.0
CM023462.1	102600000	102700000	1.0
CM023462.1	102700000	102800000	5.0
CM023462.1	102800000	102900000	6.0
CM023462.1	103100000	103200000	2.0
CM023462.1	103200000	103300000	1.0
CM023462.1	103300000	103400000	6.0
CM023462.1	103500000	103600000	2.0
CM023462.1	103700000	103800000	1.0
CM023462.1	103800000	103900000	1.0
CM023462.1	104200000	104300000	1.0
CM023462.1	104300000	104400000	1.0
CM023462.1	104400000	104500000	2.0
CM023462.1	104500000	104600000	4.0
CM023462.1	104700000	104800000	2.0
CM023462.1	104800000	104900000	4.0
CM023462.1	104900000	105000000	2.0
CM023462.1	105100000	105200000	4.0
CM023462.1	105200000	105300000	3.0
CM023462.1	105300000	105400000	2.0
CM023462.1	105400000	105500000	5.0
CM023462.1	105500000	105600000	1.0
CM023462.1	105600000	105700000	5.0
CM023462.1	105800000	105900000	1.0
CM023462.1	105900000	106000000	2.0
CM023462.1	106000000	106100000	1.0
CM023462.1	106100000	106200000	2.0
CM023462.1	107200000	107300000	2.0
CM023462.1	107400000	107500000	1.0
CM023462.1	107500000	107600000	1.0
CM023462.1	107600000	107700000	1.0
CM023462.1	107700000	107800000	1.0
CM023462.1	108500000	108600000	1.0
CM023462.1	108600000	108700000	3.0
CM023462.1	108800000	108900000	1.0
CM023462.1	109000000	109100000	1.0
CM023462.1	109300000	109400000	2.0
CM023462.1	109400000	109500000	9.0
CM023462.1	109500000	109600000	2.0
CM023462.1	109600000	109700000	1.0
CM023462.1	109700000	109800000	1.0
CM023462.1	109800000	109900000	1.0
CM023462.1	109900000	110000000	1.0
CM023462.1	110100000	110200000	1.0
CM023462.1	110200000	110300000	1.0
CM023462.1	110300000	110400000	1.0
CM023462.1	110400000	110500000	1.0
CM023462.1	110600000	110700000	2.0
CM023462.1	110900000	111000000	1.0
CM023462.1	111300000	111400000	1.0
CM023462.1	111600000	111700000	3.0
CM023462.1	111700000	111800000	3.0
CM023462.1	111800000	111900000	2.0
CM023462.1	111900000	112000000	2.0
CM023462.1	112000000	112100000	4.0
CM023462.1	112100000	112200000	4.0
CM023462.1	112200000	112300000	5.0
CM023462.1	112300000	112400000	2.0
CM023462.1	112400000	112500000	2.0
CM023462.1	112500000	112600000	1.0
CM023462.1	112600000	112700000	2.0
CM023462.1	112700000	112800000	1.0
CM023462.1	112800000	112900000	4.0
CM023462.1	112900000	113000000	3.0
CM023462.1	113000000	113100000	2.0
CM023462.1	113200000	113300000	2.0
CM023462.1	113300000	113400000	4.0
CM023462.1	113600000	113700000	1.0
CM023462.1	113700000	113800000	1.0
CM023462.1	115000000	115100000	1.0
CM023462.1	115200000	115300000	1.0
CM023462.1	116000000	116100000	1.0
CM023462.1	116200000	116300000	1.0
CM023462.1	117100000	117200000	1.0
CM023462.1	117300000	117400000	1.0
CM023462.1	117500000	117600000	2.0
CM023462.1	117900000	118000000	2.0
CM023462.1	118100000	118200000	1.0
CM023462.1	118500000	118600000	2.0
CM023462.1	119000000	119100000	1.0
CM023462.1	119300000	119400000	1.0
CM023462.1	119500000	119600000	1.0
CM023462.1	119600000	119700000	1.0
CM023462.1	119700000	119800000	1.0
CM023462.1	120400000	120500000	1.0
CM023462.1	121300000	121400000	1.0
CM023462.1	121900000	122000000	3.0
CM023462.1	122300000	122400000	2.0
CM023462.1	122700000	122800000	2.0
CM023462.1	123300000	123400000	1.0
CM023462.1	123400000	123500000	1.0
CM023462.1	123500000	123600000	1.0
CM023462.1	124200000	124300000	2.0
CM023462.1	124600000	124700000	2.0
CM023462.1	124700000	124800000	2.0
CM023462.1	124800000	124900000	3.0
CM023462.1	124900000	125000000	2.0
CM023462.1	125000000	125100000	4.0
CM023462.1	125100000	125200000	2.0
CM023462.1	125200000	125300000	1.0
CM023462.1	125300000	125400000	2.0
CM023462.1	125500000	125600000	1.0
CM023462.1	125600000	125700000	2.0
CM023462.1	125700000	125800000	1.0
CM023462.1	125900000	126000000	1.0
CM023462.1	126000000	126100000	1.0
CM023462.1	126100000	126200000	1.0
CM023462.1	126200000	126300000	2.0
CM023462.1	126300000	126400000	3.0
CM023462.1	126400000	126500000	1.0
CM023462.1	126500000	126600000	1.0
CM023462.1	126600000	126700000	1.0
CM023462.1	126900000	127000000	1.0
CM023462.1	127100000	127200000	1.0
CM023462.1	127300000	127400000	1.0
CM023462.1	127400000	127500000	1.0
CM023462.1	127800000	127900000	2.0
CM023462.1	127900000	128000000	4.0
CM023462.1	128000000	128100000	1.0
CM023462.1	128100000	128200000	1.0
CM023462.1	128200000	128300000	1.0
CM023462.1	128400000	128500000	2.0
CM023462.1	128700000	128800000	2.0
CM023462.1	128800000	128900000	5.0
CM023462.1	128900000	129000000	4.0
CM023462.1	129000000	129100000	1.0
CM023462.1	129100000	129200000	2.0
CM023462.1	129200000	129300000	1.0
CM023462.1	129300000	129400000	1.0
CM023462.1	129400000	129500000	2.0
CM023462.1	129500000	129600000	1.0
CM023462.1	129600000	129700000	1.0
CM023462.1	129800000	129900000	2.0
CM023462.1	129900000	130000000	1.0
CM023462.1	130100000	130200000	2.0
CM023462.1	130200000	130300000	1.0
CM023462.1	130300000	130400000	2.0
CM023462.1	130400000	130500000	3.0
CM023462.1	130500000	130600000	3.0
CM023462.1	130600000	130700000	2.0
CM023462.1	130800000	130900000	4.0
CM023462.1	130900000	131000000	2.0
CM023462.1	131600000	131700000	1.0
CM023462.1	131900000	132000000	2.0
CM023462.1	132000000	132100000	1.0
CM023462.1	132100000	132200000	3.0
CM023462.1	132200000	132300000	2.0
CM023462.1	132400000	132500000	1.0
CM023462.1	133200000	133300000	1.0
CM023462.1	133300000	133400000	1.0
CM023462.1	133600000	133700000	4.0
CM023462.1	133800000	133900000	2.0
CM023462.1	134100000	134200000	1.0
CM023462.1	134200000	134300000	2.0
CM023462.1	134400000	134500000	1.0
CM023462.1	134500000	134600000	1.0
CM023462.1	134600000	134700000	2.0
CM023462.1	134700000	134800000	3.0
CM023462.1	134800000	134900000	2.0
CM023462.1	134900000	135000000	5.0
CM023462.1	135000000	135100000	3.0
CM023462.1	135100000	135200000	2.0
CM023462.1	135200000	135300000	1.0
CM023462.1	135400000	135500000	2.0
CM023462.1	135500000	135600000	1.0
CM023462.1	135700000	135800000	2.0
CM023462.1	135800000	135900000	1.0
CM023462.1	135900000	136000000	1.0
CM023462.1	136000000	136100000	1.0
CM023462.1	136300000	136400000	1.0
CM023462.1	136500000	136600000	3.0
CM023462.1	136700000	136800000	4.0
CM023462.1	136800000	136900000	1.0
CM023462.1	136900000	137000000	1.0
CM023462.1	137000000	137100000	1.0
CM023462.1	137100000	137200000	1.0
CM023462.1	137200000	137300000	3.0
CM023462.1	137300000	137400000	1.0
CM023462.1	137400000	137500000	2.0
CM023462.1	137500000	137600000	1.0
CM023462.1	137600000	137700000	1.0
CM023462.1	137700000	137800000	2.0
CM023462.1	137900000	138000000	1.0
CM023462.1	138000000	138100000	2.0
CM023462.1	138100000	138200000	2.0
CM023462.1	138400000	138500000	2.0
CM023462.1	138600000	138700000	3.0
CM023462.1	138700000	138800000	1.0
CM023462.1	138800000	138900000	2.0
CM023462.1	138900000	139000000	2.0
CM023462.1	139000000	139100000	5.0
CM023462.1	139100000	139200000	2.0
CM023462.1	139200000	139300000	1.0
CM023462.1	139400000	139500000	2.0
CM023462.1	139700000	139800000	1.0
CM023462.1	139900000	140000000	5.0
CM023462.1	140000000	140100000	1.0
CM023462.1	140100000	140200000	1.0
CM023462.1	140200000	140300000	1.0
CM023462.1	140300000	140400000	2.0
CM023462.1	140400000	140500000	1.0
CM023462.1	140500000	140600000	1.0
CM023462.1	140600000	140700000	5.0
CM023462.1	140700000	140800000	4.0
CM023462.1	140800000	140900000	4.0
CM023462.1	140900000	141000000	3.0
CM023462.1	141000000	141100000	3.0
CM023462.1	141100000	141200000	2.0
CM023462.1	141200000	141300000	8.0
CM023462.1	141300000	141400000	4.0
CM023462.1	141400000	141500000	1.0
CM023462.1	141600000	141700000	1.0
CM023462.1	141700000	141800000	1.0
CM023462.1	141800000	141900000	1.0
CM023462.1	141900000	142000000	1.0
CM023462.1	142100000	142200000	1.0
CM023462.1	142200000	142300000	2.0
CM023462.1	142300000	142400000	3.0
CM023462.1	142500000	142600000	2.0
CM023462.1	142600000	142700000	1.0
CM023462.1	142700000	142800000	3.0
CM023462.1	142800000	142900000	3.0
CM023462.1	142900000	143000000	1.0
CM023462.1	143000000	143100000	1.0
CM023462.1	143100000	143200000	1.0
CM023462.1	143200000	143300000	3.0
CM023462.1	143400000	143500000	3.0
CM023462.1	143500000	143600000	4.0
CM023462.1	143600000	143700000	1.0
CM023462.1	143700000	143800000	2.0
CM023462.1	143900000	144000000	3.0
CM023462.1	144000000	144100000	1.0
CM023462.1	144100000	144200000	1.0
CM023462.1	144200000	144300000	3.0
CM023462.1	144400000	144500000	2.0
CM023462.1	144500000	144600000	1.0
CM023462.1	144700000	144800000	4.0
CM023462.1	145100000	145200000	1.0
CM023462.1	145200000	145300000	2.0
CM023462.1	145300000	145400000	1.0
CM023462.1	145600000	145700000	2.0
CM023462.1	145700000	145800000	1.0
CM023462.1	145800000	145900000	1.0
CM023462.1	145900000	146000000	2.0
CM023462.1	146000000	146100000	2.0
CM023462.1	146100000	146200000	1.0
CM023462.1	146200000	146300000	2.0
CM023462.1	146500000	146600000	1.0
CM023462.1	146800000	146900000	1.0
CM023462.1	146900000	147000000	1.0
CM023462.1	147000000	147100000	1.0
CM023462.1	147200000	147300000	1.0
CM023462.1	147300000	147400000	2.0
CM023462.1	147400000	147500000	1.0
CM023462.1	147500000	147600000	4.0
CM023462.1	147700000	147800000	1.0
CM023462.1	147800000	147900000	2.0
CM023462.1	147900000	148000000	2.0
CM023462.1	148100000	148200000	2.0
CM023462.1	148300000	148400000	2.0
CM023462.1	148400000	148500000	2.0
CM023462.1	148600000	148700000	2.0
CM023462.1	148800000	148900000	1.0
CM023462.1	148900000	149000000	3.0
CM023462.1	149000000	149100000	2.0
CM023462.1	149100000	149200000	6.0
CM023462.1	149200000	149300000	2.0
CM023462.1	149300000	149400000	3.0
CM023462.1	149400000	149500000	1.0
CM023462.1	149500000	149600000	2.0
CM023462.1	149600000	149700000	2.0
CM023462.1	149700000	149800000	1.0
CM023462.1	149900000	150000000	2.0
CM023462.1	150100000	150200000	1.0
CM023462.1	150200000	150300000	1.0
CM023462.1	150600000	150700000	1.0
CM023462.1	151100000	151200000	1.0
CM023462.1	151800000	151900000	1.0
CM023462.1	151900000	152000000	1.0
CM023462.1	152400000	152500000	1.0
CM023462.1	152700000	152800000	5.0
CM023462.1	152800000	152900000	6.0
CM023462.1	152900000	153000000	6.0
CM023462.1	153000000	153100000	4.0
CM023462.1	153100000	153200000	1.0
CM023462.1	153300000	153400000	2.0
CM023462.1	153800000	153900000	2.0
CM023462.1	153900000	154000000	1.0
CM023462.1	154200000	154300000	1.0
CM023462.1	154300000	154400000	1.0
CM023462.1	154400000	154500000	1.0
CM023462.1	154500000	154600000	1.0
CM023462.1	155300000	155400000	2.0
CM023462.1	155500000	155600000	2.0
CM023462.1	155600000	155700000	1.0
CM023462.1	155900000	156000000	2.0
CM023462.1	156000000	156100000	1.0
CM023462.1	156400000	156500000	1.0
CM023462.1	156500000	156600000	2.0
CM023462.1	156600000	156700000	1.0
CM023462.1	156700000	156800000	3.0
CM023462.1	156800000	156900000	2.0
CM023462.1	157000000	157100000	3.0
CM023462.1	157200000	157300000	3.0
CM023462.1	157300000	157400000	3.0
CM023462.1	157500000	157600000	1.0
CM023462.1	157600000	157700000	2.0
CM023462.1	157700000	157800000	2.0
CM023462.1	157900000	158000000	2.0
CM023462.1	158100000	158200000	1.0
CM023462.1	158200000	158300000	2.0
CM023462.1	158300000	158400000	2.0
CM023462.1	158500000	158600000	1.0
CM023462.1	158900000	159000000	1.0
CM023462.1	159200000	159300000	1.0
CM023462.1	159600000	159700000	3.0
CM023462.1	159700000	159800000	2.0
CM023462.1	159800000	159900000	1.0
CM023462.1	160000000	160100000	1.0
CM023462.1	160100000	160200000	1.0
CM023462.1	160200000	160300000	1.0
CM023462.1	160900000	161000000	1.0
CM023462.1	161600000	161700000	1.0
CM023462.1	161800000	161900000	2.0
CM023462.1	162000000	162100000	2.0
CM023462.1	162300000	162400000	2.0
CM023462.1	162600000	162700000	1.0
CM023462.1	162700000	162800000	2.0
CM023462.1	163000000	163100000	1.0
CM023462.1	163200000	163300000	1.0
CM023462.1	163300000	163400000	1.0
CM023462.1	163900000	164000000	2.0
CM023462.1	164200000	164300000	2.0
CM023462.1	164800000	164900000	2.0
CM023462.1	164900000	165000000	2.0
CM023462.1	165400000	165500000	1.0
CM023462.1	165700000	165800000	2.0
CM023462.1	165800000	165900000	1.0
CM023462.1	166000000	166100000	1.0
CM023462.1	166400000	166500000	2.0
CM023462.1	166600000	166700000	2.0
CM023462.1	166700000	166800000	4.0
CM023462.1	166800000	166900000	1.0
CM023462.1	166900000	167000000	1.0
CM023462.1	167000000	167100000	1.0
CM023462.1	167100000	167200000	2.0
CM023462.1	167200000	167300000	1.0
CM023462.1	167300000	167400000	1.0
CM023462.1	167400000	167500000	2.0
CM023462.1	167500000	167600000	2.0
CM023462.1	167600000	167700000	2.0
CM023462.1	167900000	168000000	1.0
CM023462.1	168100000	168200000	1.0
CM023462.1	168200000	168300000	1.0
CM023462.1	168800000	168900000	1.0
CM023462.1	168900000	169000000	1.0
CM023462.1	169000000	169100000	1.0
CM023462.1	169100000	169200000	4.0
CM023462.1	169200000	169300000	5.0
CM023462.1	169300000	169400000	2.0
CM023462.1	169400000	169500000	1.0
CM023462.1	169500000	169600000	2.0
CM023462.1	169800000	169900000	1.0
CM023462.1	170200000	170300000	4.0
CM023462.1	170300000	170400000	3.0
CM023462.1	170500000	170600000	1.0
CM023462.1	170600000	170700000	1.0
CM023462.1	170700000	170800000	2.0
CM023462.1	170800000	170900000	3.0
CM023462.1	170900000	171000000	2.0
CM023462.1	171100000	171200000	1.0
CM023462.1	171500000	171600000	4.0
CM023462.1	171600000	171700000	6.0
CM023462.1	172000000	172100000	2.0
CM023462.1	172200000	172300000	2.0
CM023462.1	172300000	172400000	3.0
CM023462.1	172400000	172500000	1.0
CM023462.1	172500000	172600000	2.0
CM023462.1	172700000	172800000	2.0
CM023462.1	172800000	172900000	1.0
CM023462.1	172900000	173000000	1.0
CM023462.1	173000000	173100000	2.0
CM023462.1	173100000	173200000	1.0
CM023462.1	173700000	173800000	1.0
CM023462.1	174000000	174100000	1.0
CM023462.1	174400000	174500000	2.0
CM023462.1	174600000	174700000	3.0
CM023462.1	175000000	175100000	3.0
CM023462.1	175100000	175200000	2.0
CM023462.1	175200000	175300000	1.0
CM023462.1	175300000	175400000	3.0
CM023462.1	175600000	175700000	1.0
CM023462.1	175700000	175800000	2.0
CM023462.1	175800000	175900000	1.0
CM023462.1	175900000	176000000	1.0
CM023462.1	176000000	176100000	2.0
CM023462.1	176100000	176200000	1.0
CM023462.1	176200000	176300000	1.0
CM023462.1	176300000	176400000	1.0
CM023462.1	176400000	176500000	1.0
CM023462.1	176500000	176600000	1.0
CM023462.1	176800000	176900000	1.0
CM023462.1	177000000	177100000	1.0
CM023462.1	177100000	177200000	1.0
CM023462.1	177600000	177700000	1.0
CM023462.1	178000000	178100000	1.0
CM023462.1	178200000	178300000	1.0
CM023462.1	178300000	178400000	1.0
CM023462.1	178700000	178800000	1.0
CM023462.1	179400000	179500000	1.0
CM023462.1	179700000	179800000	2.0
CM023462.1	179800000	179900000	1.0
CM023462.1	180200000	180300000	1.0
CM023462.1	180300000	180400000	1.0
CM023462.1	181000000	181100000	2.0
CM023462.1	181200000	181300000	1.0
CM023462.1	181300000	181400000	1.0
CM023462.1	181400000	181500000	3.0
CM023462.1	181500000	181600000	4.0
CM023462.1	181600000	181700000	6.0
CM023462.1	181700000	181800000	2.0
CM023462.1	181800000	181900000	4.0
CM023462.1	181900000	182000000	5.0
CM023462.1	182000000	182100000	3.0
CM023462.1	182100000	182200000	2.0
CM023462.1	182200000	182300000	2.0
CM023462.1	182300000	182400000	2.0
CM023462.1	182400000	182500000	1.0
CM023462.1	182500000	182600000	3.0
CM023462.1	182600000	182700000	1.0
CM023462.1	182700000	182800000	1.0
CM023462.1	182800000	182900000	2.0
CM023462.1	182900000	183000000	3.0
CM023462.1	183200000	183300000	1.0
CM023462.1	183300000	183400000	1.0
CM023462.1	183700000	183800000	1.0
CM023462.1	183900000	184000000	1.0
CM023462.1	184500000	184600000	1.0
CM023462.1	184600000	184700000	1.0
CM023462.1	184700000	184800000	3.0
CM023462.1	185000000	185100000	1.0
CM023462.1	185500000	185600000	2.0
CM023462.1	185700000	185800000	2.0
CM023462.1	185900000	186000000	1.0
CM023462.1	186000000	186100000	1.0
CM023462.1	186200000	186300000	1.0
CM023462.1	186500000	186600000	1.0
CM023462.1	186700000	186800000	2.0
CM023462.1	187100000	187200000	3.0
CM023462.1	187200000	187300000	3.0
CM023462.1	187400000	187500000	1.0
CM023462.1	187700000	187800000	1.0
CM023462.1	187800000	187900000	2.0
CM023462.1	188200000	188300000	1.0
CM023462.1	188500000	188600000	3.0
CM023462.1	188600000	188700000	1.0
CM023462.1	188700000	188800000	1.0
CM023462.1	189000000	189100000	1.0
CM023462.1	189200000	189300000	1.0
CM023462.1	189300000	189400000	2.0
CM023462.1	189400000	189500000	1.0
CM023462.1	189500000	189600000	2.0
CM023462.1	189600000	189700000	1.0
CM023462.1	189800000	189900000	2.0
CM023462.1	190300000	190400000	1.0
CM023462.1	190400000	190500000	3.0
CM023462.1	190700000	190800000	1.0
CM023462.1	190900000	191000000	2.0
CM023462.1	191100000	191200000	2.0
CM023462.1	191200000	191300000	2.0
CM023462.1	191300000	191400000	3.0
CM023462.1	191400000	191500000	1.0
CM023462.1	191600000	191700000	1.0
CM023462.1	191700000	191800000	1.0
CM023462.1	191900000	192000000	1.0
CM023462.1	192100000	192200000	1.0
CM023462.1	192500000	192600000	3.0
CM023462.1	192600000	192700000	1.0
CM023462.1	192700000	192800000	3.0
CM023462.1	192900000	193000000	1.0
CM023462.1	193300000	193400000	2.0
CM023462.1	193700000	193800000	2.0
CM023462.1	193900000	194000000	2.0
CM023462.1	194200000	194300000	1.0
CM023462.1	194500000	194600000	1.0
CM023462.1	194600000	194700000	1.0
CM023462.1	194700000	194800000	3.0
CM023462.1	194800000	194900000	2.0
CM023462.1	194900000	195000000	4.0
CM023462.1	195000000	195100000	1.0
CM023462.1	195100000	195200000	3.0
CM023462.1	195300000	195400000	4.0
CM023462.1	195700000	195800000	2.0
CM023462.1	195800000	195900000	3.0
CM023462.1	196000000	196100000	4.0
CM023462.1	196100000	196200000	5.0
CM023462.1	196300000	196400000	1.0
CM023462.1	196400000	196500000	3.0
CM023462.1	196700000	196800000	2.0
CM023462.1	196900000	197000000	1.0
CM023462.1	197000000	197100000	2.0
CM023462.1	197300000	197400000	2.0
CM023462.1	197400000	197500000	1.0
CM023462.1	197500000	197600000	1.0
CM023462.1	197800000	197900000	1.0
CM023462.1	198300000	198400000	1.0
CM023462.1	198400000	198500000	2.0
CM023462.1	198500000	198600000	1.0
CM023462.1	198900000	199000000	1.0
CM023462.1	199000000	199100000	1.0
CM023462.1	199300000	199400000	1.0
CM023462.1	199800000	199900000	1.0
CM023462.1	199900000	200000000	1.0
CM023462.1	200500000	200600000	1.0
CM023462.1	200800000	200900000	2.0
CM023462.1	201500000	201600000	1.0
CM023462.1	201800000	201900000	3.0
CM023462.1	202000000	202100000	1.0
CM023462.1	202100000	202200000	1.0
CM023462.1	202300000	202400000	1.0
CM023462.1	202800000	202900000	1.0
CM023462.1	202900000	203000000	1.0
CM023462.1	203000000	203100000	1.0
CM023462.1	203100000	203200000	1.0
CM023462.1	203300000	203400000	1.0
CM023462.1	203500000	203600000	2.0
CM023462.1	203600000	203700000	1.0
CM023462.1	203700000	203800000	2.0
CM023462.1	203800000	203900000	2.0
CM023462.1	203900000	204000000	1.0
CM023462.1	204100000	204200000	2.0
CM023462.1	204200000	204300000	1.0
CM023462.1	204300000	204400000	1.0
CM023462.1	204500000	204600000	1.0
CM023462.1	204700000	204800000	1.0
CM023462.1	205000000	205100000	1.0
CM023462.1	205100000	205200000	1.0
CM023462.1	205700000	205800000	1.0
CM023462.1	206000000	206100000	1.0
CM023462.1	206200000	206300000	1.0
CM023462.1	206400000	206500000	2.0
CM023462.1	206800000	206900000	1.0
CM023462.1	207100000	207200000	1.0
CM023462.1	207600000	207700000	1.0
CM023462.1	207900000	208000000	1.0
CM023462.1	208000000	208100000	3.0
CM023462.1	208300000	208400000	3.0
CM023462.1	208500000	208600000	1.0
CM023462.1	208700000	208800000	3.0
CM023462.1	208800000	208900000	1.0
CM023462.1	209100000	209200000	1.0
CM023462.1	209300000	209400000	1.0
CM023462.1	209500000	209600000	1.0
CM023462.1	209700000	209800000	2.0
CM023462.1	210000000	210100000	3.0
CM023462.1	210100000	210200000	1.0
CM023462.1	210500000	210600000	1.0
CM023462.1	210600000	210700000	1.0
CM023462.1	210700000	210800000	10.0
CM023462.1	210800000	210900000	18.0
CM023462.1	211300000	211400000	3.0
CM023462.1	212600000	212700000	1.0
CM023462.1	212700000	212800000	1.0
CM023462.1	212900000	213000000	3.0
CM023462.1	213100000	213200000	1.0
CM023462.1	213200000	213300000	2.0
CM023462.1	213400000	213500000	2.0
CM023462.1	213500000	213600000	2.0
CM023462.1	213600000	213700000	1.0
CM023462.1	213700000	213800000	1.0
CM023462.1	213800000	213900000	2.0
CM023462.1	213900000	214000000	3.0
CM023462.1	214200000	214300000	3.0
CM023462.1	214500000	214600000	2.0
CM023462.1	214600000	214700000	1.0
CM023462.1	214700000	214800000	1.0
CM023462.1	215000000	215100000	2.0
CM023462.1	215200000	215300000	1.0
CM023462.1	215400000	215500000	1.0
CM023462.1	216100000	216200000	1.0
CM023462.1	216200000	216300000	1.0
CM023462.1	216300000	216400000	1.0
CM023462.1	216500000	216600000	1.0
CM023462.1	216600000	216700000	3.0
CM023462.1	216700000	216800000	1.0
CM023462.1	216800000	216900000	1.0
CM023462.1	217100000	217200000	1.0
CM023462.1	217200000	217300000	2.0
CM023462.1	217300000	217400000	1.0
CM023462.1	217500000	217600000	2.0
CM023462.1	217800000	217900000	1.0
CM023462.1	217900000	218000000	2.0
CM023462.1	218000000	218100000	2.0
CM023462.1	218300000	218357654	1.0
CM023463.1	0	100000	2.0
CM023463.1	300000	400000	4.0
CM023463.1	500000	600000	2.0
CM023463.1	600000	700000	4.0
CM023463.1	700000	800000	2.0
CM023463.1	900000	1000000	1.0
CM023463.1	1000000	1100000	3.0
CM023463.1	1100000	1200000	2.0
CM023463.1	1300000	1400000	1.0
CM023463.1	1400000	1500000	1.0
CM023463.1	1500000	1600000	4.0
CM023463.1	1600000	1700000	1.0
CM023463.1	1700000	1800000	1.0
CM023463.1	1800000	1900000	3.0
CM023463.1	1900000	2000000	1.0
CM023463.1	2100000	2200000	4.0
CM023463.1	2200000	2300000	1.0
CM023463.1	2300000	2400000	2.0
CM023463.1	2800000	2900000	1.0
CM023463.1	2900000	3000000	1.0
CM023463.1	3300000	3400000	1.0
CM023463.1	3500000	3600000	1.0
CM023463.1	3600000	3700000	2.0
CM023463.1	3700000	3800000	3.0
CM023463.1	3800000	3900000	1.0
CM023463.1	3900000	4000000	1.0
CM023463.1	4100000	4200000	2.0
CM023463.1	4200000	4300000	4.0
CM023463.1	4300000	4400000	1.0
CM023463.1	4400000	4500000	3.0
CM023463.1	4500000	4600000	1.0
CM023463.1	4800000	4900000	2.0
CM023463.1	5200000	5300000	2.0
CM023463.1	5300000	5400000	1.0
CM023463.1	5400000	5500000	3.0
CM023463.1	5600000	5700000	1.0
CM023463.1	5800000	5900000	1.0
CM023463.1	6000000	6100000	6.0
CM023463.1	6100000	6200000	5.0
CM023463.1	6200000	6300000	4.0
CM023463.1	6300000	6400000	2.0
CM023463.1	6400000	6500000	6.0
CM023463.1	6500000	6600000	4.0
CM023463.1	6700000	6800000	1.0
CM023463.1	6900000	7000000	1.0
CM023463.1	7000000	7100000	3.0
CM023463.1	7100000	7200000	6.0
CM023463.1	7300000	7400000	4.0
CM023463.1	7400000	7500000	4.0
CM023463.1	7500000	7600000	2.0
CM023463.1	7600000	7700000	3.0
CM023463.1	7700000	7800000	3.0
CM023463.1	7800000	7900000	5.0
CM023463.1	7900000	8000000	1.0
CM023463.1	8200000	8300000	1.0
CM023463.1	8300000	8400000	1.0
CM023463.1	8400000	8500000	1.0
CM023463.1	8600000	8700000	1.0
CM023463.1	8700000	8800000	1.0
CM023463.1	9000000	9100000	5.0
CM023463.1	9100000	9200000	3.0
CM023463.1	9200000	9300000	2.0
CM023463.1	9300000	9400000	8.0
CM023463.1	9400000	9500000	3.0
CM023463.1	10300000	10400000	1.0
CM023463.1	10500000	10600000	2.0
CM023463.1	10600000	10700000	4.0
CM023463.1	10700000	10800000	1.0
CM023463.1	10800000	10900000	3.0
CM023463.1	10900000	11000000	4.0
CM023463.1	11100000	11200000	1.0
CM023463.1	11300000	11400000	1.0
CM023463.1	11400000	11500000	1.0
CM023463.1	11600000	11700000	5.0
CM023463.1	11700000	11800000	3.0
CM023463.1	11800000	11900000	3.0
CM023463.1	11900000	12000000	2.0
CM023463.1	12000000	12100000	1.0
CM023463.1	12100000	12200000	2.0
CM023463.1	14100000	14200000	2.0
CM023463.1	14300000	14400000	1.0
CM023463.1	14400000	14500000	1.0
CM023463.1	14800000	14900000	1.0
CM023463.1	14900000	15000000	3.0
CM023463.1	15200000	15300000	1.0
CM023463.1	15300000	15400000	1.0
CM023463.1	15400000	15500000	2.0
CM023463.1	15500000	15600000	1.0
CM023463.1	15800000	15900000	2.0
CM023463.1	16100000	16200000	1.0
CM023463.1	16300000	16400000	1.0
CM023463.1	16400000	16500000	2.0
CM023463.1	16500000	16600000	1.0
CM023463.1	16600000	16700000	2.0
CM023463.1	17000000	17100000	3.0
CM023463.1	17200000	17300000	1.0
CM023463.1	17300000	17400000	1.0
CM023463.1	17400000	17500000	3.0
CM023463.1	17500000	17600000	5.0
CM023463.1	17600000	17700000	4.0
CM023463.1	17700000	17800000	7.0
CM023463.1	17800000	17900000	4.0
CM023463.1	17900000	18000000	10.0
CM023463.1	18000000	18100000	6.0
CM023463.1	18400000	18500000	3.0
CM023463.1	18500000	18600000	2.0
CM023463.1	18700000	18800000	1.0
CM023463.1	19000000	19100000	1.0
CM023463.1	19100000	19200000	1.0
CM023463.1	19200000	19300000	1.0
CM023463.1	19300000	19400000	3.0
CM023463.1	19400000	19500000	2.0
CM023463.1	19600000	19700000	3.0
CM023463.1	19700000	19800000	5.0
CM023463.1	19800000	19900000	7.0
CM023463.1	19900000	20000000	6.0
CM023463.1	20000000	20100000	3.0
CM023463.1	20100000	20200000	4.0
CM023463.1	20200000	20300000	3.0
CM023463.1	20300000	20400000	5.0
CM023463.1	20400000	20500000	4.0
CM023463.1	20500000	20600000	1.0
CM023463.1	20600000	20700000	5.0
CM023463.1	20800000	20900000	1.0
CM023463.1	20900000	21000000	1.0
CM023463.1	21200000	21300000	3.0
CM023463.1	21300000	21400000	3.0
CM023463.1	21400000	21500000	1.0
CM023463.1	21500000	21600000	1.0
CM023463.1	21600000	21700000	3.0
CM023463.1	21700000	21800000	6.0
CM023463.1	21800000	21900000	4.0
CM023463.1	22100000	22200000	1.0
CM023463.1	22200000	22300000	1.0
CM023463.1	22400000	22500000	1.0
CM023463.1	22500000	22600000	2.0
CM023463.1	22700000	22800000	2.0
CM023463.1	23000000	23100000	3.0
CM023463.1	23100000	23200000	1.0
CM023463.1	23200000	23300000	1.0
CM023463.1	23300000	23400000	4.0
CM023463.1	23400000	23500000	2.0
CM023463.1	23500000	23600000	2.0
CM023463.1	23600000	23700000	2.0
CM023463.1	23700000	23800000	2.0
CM023463.1	23800000	23900000	3.0
CM023463.1	23900000	24000000	3.0
CM023463.1	24000000	24100000	2.0
CM023463.1	24100000	24200000	4.0
CM023463.1	24200000	24300000	2.0
CM023463.1	24300000	24400000	5.0
CM023463.1	24400000	24500000	4.0
CM023463.1	24500000	24600000	1.0
CM023463.1	25000000	25100000	1.0
CM023463.1	25400000	25500000	3.0
CM023463.1	25500000	25600000	1.0
CM023463.1	25600000	25700000	1.0
CM023463.1	25700000	25800000	5.0
CM023463.1	25800000	25900000	4.0
CM023463.1	25900000	26000000	4.0
CM023463.1	26900000	27000000	2.0
CM023463.1	27000000	27100000	1.0
CM023463.1	27100000	27200000	2.0
CM023463.1	27300000	27400000	1.0
CM023463.1	27400000	27500000	1.0
CM023463.1	27500000	27600000	3.0
CM023463.1	27600000	27700000	2.0
CM023463.1	27700000	27800000	2.0
CM023463.1	27800000	27900000	1.0
CM023463.1	27900000	28000000	6.0
CM023463.1	28000000	28100000	3.0
CM023463.1	28100000	28200000	3.0
CM023463.1	28200000	28300000	1.0
CM023463.1	28300000	28400000	7.0
CM023463.1	28400000	28500000	5.0
CM023463.1	28500000	28600000	2.0
CM023463.1	28700000	28800000	2.0
CM023463.1	28900000	29000000	2.0
CM023463.1	29000000	29100000	3.0
CM023463.1	29100000	29200000	4.0
CM023463.1	29200000	29300000	1.0
CM023463.1	29300000	29400000	1.0
CM023463.1	29400000	29500000	2.0
CM023463.1	29600000	29700000	2.0
CM023463.1	29700000	29800000	2.0
CM023463.1	29800000	29900000	3.0
CM023463.1	29900000	30000000	4.0
CM023463.1	30000000	30100000	3.0
CM023463.1	30100000	30200000	1.0
CM023463.1	30200000	30300000	6.0
CM023463.1	30300000	30400000	7.0
CM023463.1	30400000	30500000	1.0
CM023463.1	30500000	30600000	2.0
CM023463.1	30600000	30700000	1.0
CM023463.1	30700000	30800000	3.0
CM023463.1	30800000	30900000	5.0
CM023463.1	30900000	31000000	3.0
CM023463.1	31000000	31100000	4.0
CM023463.1	31100000	31200000	3.0
CM023463.1	31300000	31400000	1.0
CM023463.1	31400000	31500000	2.0
CM023463.1	31700000	31800000	1.0
CM023463.1	31900000	32000000	1.0
CM023463.1	32000000	32100000	1.0
CM023463.1	32100000	32200000	2.0
CM023463.1	32300000	32400000	1.0
CM023463.1	32500000	32600000	2.0
CM023463.1	32600000	32700000	1.0
CM023463.1	33800000	33900000	1.0
CM023463.1	34100000	34200000	1.0
CM023463.1	34200000	34300000	2.0
CM023463.1	34400000	34500000	1.0
CM023463.1	34500000	34600000	1.0
CM023463.1	34600000	34700000	1.0
CM023463.1	34700000	34800000	5.0
CM023463.1	34800000	34900000	2.0
CM023463.1	35000000	35100000	6.0
CM023463.1	35100000	35200000	2.0
CM023463.1	35200000	35300000	2.0
CM023463.1	35300000	35400000	1.0
CM023463.1	35500000	35600000	3.0
CM023463.1	35700000	35800000	4.0
CM023463.1	35800000	35900000	3.0
CM023463.1	35900000	36000000	3.0
CM023463.1	36000000	36100000	7.0
CM023463.1	36100000	36200000	2.0
CM023463.1	36300000	36400000	4.0
CM023463.1	36400000	36500000	1.0
CM023463.1	36600000	36700000	2.0
CM023463.1	36700000	36800000	3.0
CM023463.1	36800000	36900000	4.0
CM023463.1	36900000	37000000	2.0
CM023463.1	37000000	37100000	1.0
CM023463.1	37100000	37200000	1.0
CM023463.1	37200000	37300000	1.0
CM023463.1	37300000	37400000	2.0
CM023463.1	37500000	37600000	1.0
CM023463.1	37600000	37700000	2.0
CM023463.1	37900000	38000000	2.0
CM023463.1	38000000	38100000	3.0
CM023463.1	38100000	38200000	1.0
CM023463.1	38300000	38400000	1.0
CM023463.1	38400000	38500000	2.0
CM023463.1	39000000	39100000	5.0
CM023463.1	39100000	39200000	1.0
CM023463.1	39200000	39300000	2.0
CM023463.1	39300000	39400000	1.0
CM023463.1	39500000	39600000	1.0
CM023463.1	39600000	39700000	3.0
CM023463.1	39700000	39800000	7.0
CM023463.1	39800000	39900000	3.0
CM023463.1	39900000	40000000	3.0
CM023463.1	40000000	40100000	2.0
CM023463.1	40100000	40200000	5.0
CM023463.1	40200000	40300000	2.0
CM023463.1	40300000	40400000	2.0
CM023463.1	40400000	40500000	4.0
CM023463.1	40500000	40600000	2.0
CM023463.1	40600000	40700000	3.0
CM023463.1	40800000	40900000	2.0
CM023463.1	40900000	41000000	1.0
CM023463.1	41000000	41100000	4.0
CM023463.1	41100000	41200000	1.0
CM023463.1	41200000	41300000	1.0
CM023463.1	41400000	41500000	1.0
CM023463.1	41500000	41600000	4.0
CM023463.1	41600000	41700000	1.0
CM023463.1	41800000	41900000	1.0
CM023463.1	41900000	42000000	2.0
CM023463.1	42000000	42100000	1.0
CM023463.1	42200000	42300000	1.0
CM023463.1	42300000	42400000	2.0
CM023463.1	42600000	42700000	2.0
CM023463.1	42800000	42900000	1.0
CM023463.1	42900000	43000000	1.0
CM023463.1	43000000	43100000	1.0
CM023463.1	43100000	43200000	1.0
CM023463.1	43200000	43300000	1.0
CM023463.1	43300000	43400000	1.0
CM023463.1	43400000	43500000	3.0
CM023463.1	43500000	43600000	3.0
CM023463.1	43600000	43700000	1.0
CM023463.1	43700000	43800000	2.0
CM023463.1	43800000	43900000	4.0
CM023463.1	43900000	44000000	1.0
CM023463.1	44000000	44100000	3.0
CM023463.1	44100000	44200000	2.0
CM023463.1	44200000	44300000	5.0
CM023463.1	44800000	44900000	1.0
CM023463.1	44900000	45000000	1.0
CM023463.1	45000000	45100000	2.0
CM023463.1	45100000	45200000	1.0
CM023463.1	45400000	45500000	2.0
CM023463.1	45700000	45800000	1.0
CM023463.1	45800000	45900000	1.0
CM023463.1	45900000	46000000	3.0
CM023463.1	46100000	46200000	2.0
CM023463.1	46900000	47000000	1.0
CM023463.1	47000000	47100000	1.0
CM023463.1	47200000	47300000	1.0
CM023463.1	47600000	47700000	2.0
CM023463.1	47700000	47800000	1.0
CM023463.1	47800000	47900000	3.0
CM023463.1	47900000	48000000	2.0
CM023463.1	48000000	48100000	2.0
CM023463.1	48100000	48200000	3.0
CM023463.1	48200000	48300000	3.0
CM023463.1	48300000	48400000	4.0
CM023463.1	48500000	48600000	1.0
CM023463.1	48600000	48700000	4.0
CM023463.1	48900000	49000000	2.0
CM023463.1	49000000	49100000	4.0
CM023463.1	49100000	49200000	3.0
CM023463.1	49200000	49300000	3.0
CM023463.1	49300000	49400000	3.0
CM023463.1	49400000	49500000	4.0
CM023463.1	49700000	49800000	2.0
CM023463.1	49800000	49900000	2.0
CM023463.1	49900000	50000000	1.0
CM023463.1	50000000	50100000	1.0
CM023463.1	50100000	50200000	1.0
CM023463.1	50200000	50300000	3.0
CM023463.1	50300000	50400000	1.0
CM023463.1	50400000	50500000	2.0
CM023463.1	50500000	50600000	2.0
CM023463.1	50600000	50700000	1.0
CM023463.1	50800000	50900000	1.0
CM023463.1	50900000	51000000	1.0
CM023463.1	51500000	51600000	2.0
CM023463.1	51600000	51700000	4.0
CM023463.1	51700000	51800000	3.0
CM023463.1	51800000	51900000	5.0
CM023463.1	51900000	52000000	5.0
CM023463.1	52000000	52100000	1.0
CM023463.1	52100000	52200000	3.0
CM023463.1	52200000	52300000	4.0
CM023463.1	52400000	52500000	2.0
CM023463.1	52600000	52700000	1.0
CM023463.1	52700000	52800000	1.0
CM023463.1	53100000	53200000	2.0
CM023463.1	53200000	53300000	1.0
CM023463.1	53300000	53400000	1.0
CM023463.1	53400000	53500000	1.0
CM023463.1	53700000	53800000	1.0
CM023463.1	54000000	54100000	1.0
CM023463.1	54300000	54400000	1.0
CM023463.1	54500000	54600000	1.0
CM023463.1	54600000	54700000	3.0
CM023463.1	54700000	54800000	1.0
CM023463.1	54800000	54900000	3.0
CM023463.1	54900000	55000000	1.0
CM023463.1	55000000	55100000	1.0
CM023463.1	55100000	55200000	1.0
CM023463.1	55200000	55300000	1.0
CM023463.1	55400000	55500000	4.0
CM023463.1	55500000	55600000	1.0
CM023463.1	55600000	55700000	1.0
CM023463.1	56500000	56600000	1.0
CM023463.1	57100000	57200000	1.0
CM023463.1	57300000	57400000	1.0
CM023463.1	57600000	57700000	2.0
CM023463.1	58000000	58100000	2.0
CM023463.1	58500000	58600000	2.0
CM023463.1	58900000	59000000	1.0
CM023463.1	59100000	59200000	2.0
CM023463.1	59300000	59400000	1.0
CM023463.1	59600000	59700000	1.0
CM023463.1	59700000	59800000	1.0
CM023463.1	60000000	60100000	1.0
CM023463.1	60100000	60200000	3.0
CM023463.1	60200000	60300000	5.0
CM023463.1	60300000	60400000	3.0
CM023463.1	60500000	60600000	1.0
CM023463.1	60600000	60700000	1.0
CM023463.1	60800000	60900000	3.0
CM023463.1	60900000	61000000	5.0
CM023463.1	61000000	61100000	5.0
CM023463.1	61100000	61200000	3.0
CM023463.1	61200000	61300000	2.0
CM023463.1	61400000	61500000	1.0
CM023463.1	61500000	61600000	1.0
CM023463.1	61600000	61700000	1.0
CM023463.1	61800000	61900000	2.0
CM023463.1	61900000	62000000	2.0
CM023463.1	62000000	62100000	2.0
CM023463.1	62100000	62200000	2.0
CM023463.1	62200000	62300000	2.0
CM023463.1	62500000	62600000	1.0
CM023463.1	62600000	62700000	2.0
CM023463.1	62700000	62800000	1.0
CM023463.1	62800000	62900000	2.0
CM023463.1	62900000	63000000	1.0
CM023463.1	63000000	63100000	1.0
CM023463.1	63100000	63200000	2.0
CM023463.1	63500000	63600000	1.0
CM023463.1	63700000	63800000	1.0
CM023463.1	63900000	64000000	1.0
CM023463.1	64100000	64200000	1.0
CM023463.1	64600000	64700000	2.0
CM023463.1	64700000	64800000	7.0
CM023463.1	64800000	64900000	1.0
CM023463.1	65100000	65200000	1.0
CM023463.1	65300000	65400000	2.0
CM023463.1	65800000	65900000	1.0
CM023463.1	65900000	66000000	1.0
CM023463.1	66200000	66300000	6.0
CM023463.1	66400000	66500000	2.0
CM023463.1	66500000	66600000	3.0
CM023463.1	66600000	66700000	5.0
CM023463.1	66700000	66800000	3.0
CM023463.1	66800000	66900000	3.0
CM023463.1	66900000	67000000	1.0
CM023463.1	67000000	67100000	3.0
CM023463.1	67100000	67200000	2.0
CM023463.1	67200000	67300000	1.0
CM023463.1	67400000	67500000	1.0
CM023463.1	67600000	67700000	1.0
CM023463.1	67800000	67900000	1.0
CM023463.1	67900000	68000000	1.0
CM023463.1	68000000	68100000	1.0
CM023463.1	68100000	68200000	2.0
CM023463.1	68300000	68400000	1.0
CM023463.1	68400000	68500000	1.0
CM023463.1	68500000	68600000	6.0
CM023463.1	68600000	68700000	2.0
CM023463.1	68700000	68800000	2.0
CM023463.1	69000000	69100000	1.0
CM023463.1	69100000	69200000	2.0
CM023463.1	69500000	69600000	2.0
CM023463.1	69600000	69700000	5.0
CM023463.1	69700000	69800000	1.0
CM023463.1	70000000	70100000	3.0
CM023463.1	70100000	70200000	1.0
CM023463.1	70400000	70500000	4.0
CM023463.1	70500000	70600000	4.0
CM023463.1	70600000	70700000	1.0
CM023463.1	70700000	70800000	5.0
CM023463.1	70800000	70900000	1.0
CM023463.1	70900000	71000000	5.0
CM023463.1	71000000	71100000	1.0
CM023463.1	71100000	71200000	3.0
CM023463.1	71200000	71300000	4.0
CM023463.1	71300000	71400000	3.0
CM023463.1	71400000	71500000	4.0
CM023463.1	71500000	71600000	1.0
CM023463.1	71600000	71700000	2.0
CM023463.1	71700000	71800000	2.0
CM023463.1	71800000	71900000	1.0
CM023463.1	71900000	72000000	1.0
CM023463.1	72100000	72200000	2.0
CM023463.1	72200000	72300000	1.0
CM023463.1	72300000	72400000	3.0
CM023463.1	72400000	72500000	2.0
CM023463.1	72600000	72700000	1.0
CM023463.1	72700000	72800000	1.0
CM023463.1	72900000	73000000	1.0
CM023463.1	73400000	73500000	1.0
CM023463.1	73500000	73600000	1.0
CM023463.1	73600000	73700000	1.0
CM023463.1	73900000	74000000	2.0
CM023463.1	74000000	74100000	2.0
CM023463.1	74100000	74200000	1.0
CM023463.1	74300000	74400000	1.0
CM023463.1	74400000	74500000	1.0
CM023463.1	74600000	74700000	1.0
CM023463.1	74800000	74900000	1.0
CM023463.1	74900000	75000000	1.0
CM023463.1	75300000	75400000	1.0
CM023463.1	75400000	75500000	1.0
CM023463.1	75600000	75700000	1.0
CM023463.1	75700000	75800000	2.0
CM023463.1	75800000	75900000	2.0
CM023463.1	75900000	76000000	1.0
CM023463.1	76000000	76100000	3.0
CM023463.1	76100000	76200000	2.0
CM023463.1	76200000	76300000	2.0
CM023463.1	76300000	76400000	4.0
CM023463.1	76400000	76500000	2.0
CM023463.1	76500000	76600000	6.0
CM023463.1	76600000	76700000	5.0
CM023463.1	76700000	76800000	1.0
CM023463.1	76800000	76900000	1.0
CM023463.1	76900000	77000000	3.0
CM023463.1	77000000	77100000	1.0
CM023463.1	77100000	77200000	2.0
CM023463.1	77200000	77300000	2.0
CM023463.1	77300000	77400000	1.0
CM023463.1	77700000	77800000	4.0
CM023463.1	77800000	77900000	1.0
CM023463.1	77900000	78000000	1.0
CM023463.1	78000000	78100000	1.0
CM023463.1	78300000	78400000	1.0
CM023463.1	78700000	78800000	1.0
CM023463.1	78800000	78900000	1.0
CM023463.1	79400000	79500000	1.0
CM023463.1	79500000	79600000	3.0
CM023463.1	79600000	79700000	1.0
CM023463.1	79800000	79900000	1.0
CM023463.1	80400000	80500000	1.0
CM023463.1	80500000	80600000	2.0
CM023463.1	80600000	80700000	2.0
CM023463.1	80700000	80800000	1.0
CM023463.1	81200000	81300000	1.0
CM023463.1	81700000	81800000	1.0
CM023463.1	81800000	81900000	1.0
CM023463.1	82600000	82700000	1.0
CM023463.1	82700000	82800000	1.0
CM023463.1	82800000	82900000	1.0
CM023463.1	82900000	83000000	2.0
CM023463.1	83100000	83200000	1.0
CM023463.1	83200000	83300000	2.0
CM023463.1	83400000	83500000	3.0
CM023463.1	83500000	83600000	5.0
CM023463.1	83600000	83700000	2.0
CM023463.1	83700000	83800000	4.0
CM023463.1	83800000	83900000	1.0
CM023463.1	83900000	84000000	6.0
CM023463.1	84000000	84100000	1.0
CM023463.1	84100000	84200000	3.0
CM023463.1	84300000	84400000	1.0
CM023463.1	84900000	85000000	1.0
CM023463.1	85600000	85700000	2.0
CM023463.1	86300000	86400000	1.0
CM023463.1	86400000	86500000	1.0
CM023463.1	86600000	86700000	1.0
CM023463.1	86700000	86800000	1.0
CM023463.1	87300000	87400000	2.0
CM023463.1	87400000	87500000	1.0
CM023463.1	87700000	87800000	4.0
CM023463.1	87800000	87900000	1.0
CM023463.1	87900000	88000000	4.0
CM023463.1	88000000	88100000	1.0
CM023463.1	88100000	88200000	1.0
CM023463.1	88200000	88300000	5.0
CM023463.1	88300000	88400000	2.0
CM023463.1	88400000	88500000	6.0
CM023463.1	88500000	88600000	2.0
CM023463.1	88600000	88700000	3.0
CM023463.1	88700000	88800000	4.0
CM023463.1	88800000	88900000	3.0
CM023463.1	88900000	89000000	2.0
CM023463.1	89000000	89100000	1.0
CM023463.1	89300000	89400000	1.0
CM023463.1	89400000	89500000	1.0
CM023463.1	89500000	89600000	2.0
CM023463.1	89600000	89700000	1.0
CM023463.1	89700000	89800000	4.0
CM023463.1	89800000	89900000	3.0
CM023463.1	89900000	90000000	1.0
CM023463.1	90000000	90100000	3.0
CM023463.1	90100000	90200000	3.0
CM023463.1	90200000	90300000	2.0
CM023463.1	90300000	90400000	3.0
CM023463.1	90400000	90500000	2.0
CM023463.1	90500000	90600000	3.0
CM023463.1	90600000	90700000	1.0
CM023463.1	90700000	90800000	5.0
CM023463.1	90800000	90900000	3.0
CM023463.1	90900000	91000000	4.0
CM023463.1	91000000	91100000	1.0
CM023463.1	91100000	91200000	2.0
CM023463.1	91200000	91300000	1.0
CM023463.1	91300000	91400000	2.0
CM023463.1	91700000	91800000	1.0
CM023463.1	91800000	91900000	1.0
CM023463.1	91900000	92000000	1.0
CM023463.1	92000000	92100000	1.0
CM023463.1	92500000	92600000	5.0
CM023463.1	92600000	92700000	1.0
CM023463.1	92700000	92800000	1.0
CM023463.1	92800000	92900000	1.0
CM023463.1	92900000	93000000	4.0
CM023463.1	93000000	93100000	1.0
CM023463.1	93200000	93300000	2.0
CM023463.1	93400000	93500000	1.0
CM023463.1	93500000	93600000	2.0
CM023463.1	93600000	93700000	2.0
CM023463.1	93700000	93800000	2.0
CM023463.1	93900000	94000000	2.0
CM023463.1	94000000	94100000	1.0
CM023463.1	94100000	94200000	1.0
CM023463.1	94200000	94300000	1.0
CM023463.1	94700000	94800000	2.0
CM023463.1	94800000	94900000	1.0
CM023463.1	94900000	95000000	2.0
CM023463.1	95200000	95300000	1.0
CM023463.1	95400000	95500000	2.0
CM023463.1	95500000	95600000	2.0
CM023463.1	95600000	95700000	1.0
CM023463.1	95700000	95800000	2.0
CM023463.1	95800000	95900000	5.0
CM023463.1	95900000	96000000	1.0
CM023463.1	96000000	96100000	1.0
CM023463.1	96100000	96200000	2.0
CM023463.1	96200000	96300000	1.0
CM023463.1	96300000	96400000	1.0
CM023463.1	96400000	96500000	2.0
CM023463.1	96500000	96600000	2.0
CM023463.1	96600000	96700000	3.0
CM023463.1	96700000	96800000	2.0
CM023463.1	96800000	96900000	1.0
CM023463.1	98100000	98200000	1.0
CM023463.1	98600000	98700000	1.0
CM023463.1	98800000	98900000	1.0
CM023463.1	98900000	99000000	2.0
CM023463.1	99000000	99100000	1.0
CM023463.1	99300000	99400000	2.0
CM023463.1	99400000	99500000	1.0
CM023463.1	99600000	99700000	1.0
CM023463.1	99900000	100000000	1.0
CM023463.1	100100000	100200000	1.0
CM023463.1	101000000	101100000	1.0
CM023463.1	101200000	101300000	2.0
CM023463.1	101300000	101400000	2.0
CM023463.1	101600000	101700000	3.0
CM023463.1	101800000	101900000	1.0
CM023463.1	101900000	102000000	1.0
CM023463.1	102000000	102100000	1.0
CM023463.1	102300000	102400000	1.0
CM023463.1	102700000	102800000	2.0
CM023463.1	102800000	102900000	1.0
CM023463.1	102900000	103000000	1.0
CM023463.1	103000000	103100000	4.0
CM023463.1	103100000	103200000	3.0
CM023463.1	103400000	103500000	3.0
CM023463.1	103500000	103600000	1.0
CM023463.1	103600000	103700000	3.0
CM023463.1	104000000	104100000	1.0
CM023463.1	104200000	104300000	1.0
CM023463.1	104400000	104500000	1.0
CM023463.1	104700000	104800000	1.0
CM023463.1	104800000	104900000	1.0
CM023463.1	104900000	105000000	2.0
CM023463.1	105000000	105100000	1.0
CM023463.1	105100000	105200000	2.0
CM023463.1	105200000	105300000	2.0
CM023463.1	105300000	105400000	1.0
CM023463.1	105500000	105600000	1.0
CM023463.1	105700000	105800000	1.0
CM023463.1	106100000	106200000	1.0
CM023463.1	106700000	106800000	1.0
CM023463.1	106800000	106900000	1.0
CM023463.1	107100000	107200000	1.0
CM023463.1	107200000	107300000	2.0
CM023463.1	107500000	107600000	1.0
CM023463.1	107600000	107700000	1.0
CM023463.1	107700000	107800000	2.0
CM023463.1	108000000	108100000	1.0
CM023463.1	108200000	108300000	1.0
CM023463.1	108300000	108400000	2.0
CM023463.1	108400000	108500000	1.0
CM023463.1	108900000	109000000	2.0
CM023463.1	109200000	109300000	2.0
CM023463.1	109600000	109700000	1.0
CM023463.1	109800000	109900000	1.0
CM023463.1	109900000	110000000	1.0
CM023463.1	110000000	110100000	1.0
CM023463.1	110100000	110200000	1.0
CM023463.1	110200000	110300000	1.0
CM023463.1	110300000	110400000	1.0
CM023463.1	110400000	110500000	1.0
CM023463.1	110600000	110700000	2.0
CM023463.1	110700000	110800000	1.0
CM023463.1	110800000	110900000	1.0
CM023463.1	110900000	111000000	1.0
CM023463.1	111100000	111200000	2.0
CM023463.1	111200000	111300000	6.0
CM023463.1	111300000	111400000	8.0
CM023463.1	111400000	111500000	1.0
CM023463.1	111500000	111600000	1.0
CM023463.1	111600000	111700000	2.0
CM023463.1	111700000	111800000	3.0
CM023463.1	111800000	111900000	2.0
CM023463.1	111900000	112000000	1.0
CM023463.1	112100000	112200000	2.0
CM023463.1	112400000	112500000	1.0
CM023463.1	112500000	112600000	4.0
CM023463.1	112600000	112700000	5.0
CM023463.1	112700000	112800000	8.0
CM023463.1	112800000	112900000	3.0
CM023463.1	112900000	113000000	1.0
CM023463.1	113000000	113100000	3.0
CM023463.1	113100000	113200000	2.0
CM023463.1	113200000	113300000	2.0
CM023463.1	113300000	113400000	2.0
CM023463.1	113400000	113500000	1.0
CM023463.1	113500000	113600000	1.0
CM023463.1	113600000	113700000	1.0
CM023463.1	113700000	113800000	1.0
CM023463.1	113800000	113900000	2.0
CM023463.1	113900000	114000000	2.0
CM023463.1	114000000	114100000	2.0
CM023463.1	114100000	114200000	6.0
CM023463.1	114200000	114300000	1.0
CM023463.1	114300000	114400000	2.0
CM023463.1	114400000	114500000	3.0
CM023463.1	114500000	114600000	4.0
CM023463.1	114600000	114700000	3.0
CM023463.1	114700000	114800000	2.0
CM023463.1	114800000	114900000	2.0
CM023463.1	114900000	115000000	2.0
CM023463.1	115000000	115100000	2.0
CM023463.1	115100000	115200000	1.0
CM023463.1	115300000	115400000	2.0
CM023463.1	115400000	115500000	2.0
CM023463.1	115500000	115600000	5.0
CM023463.1	115700000	115800000	1.0
CM023463.1	115800000	115900000	5.0
CM023463.1	116100000	116200000	2.0
CM023463.1	116200000	116300000	2.0
CM023463.1	116300000	116400000	2.0
CM023463.1	116400000	116500000	4.0
CM023463.1	116500000	116600000	3.0
CM023463.1	116700000	116800000	2.0
CM023463.1	117100000	117200000	1.0
CM023463.1	117400000	117500000	1.0
CM023463.1	117700000	117800000	3.0
CM023463.1	117800000	117900000	1.0
CM023463.1	117900000	118000000	4.0
CM023463.1	118000000	118100000	6.0
CM023463.1	118200000	118300000	1.0
CM023463.1	118300000	118400000	1.0
CM023463.1	118500000	118600000	1.0
CM023463.1	118700000	118800000	2.0
CM023463.1	118800000	118900000	3.0
CM023463.1	118900000	119000000	2.0
CM023463.1	119000000	119100000	2.0
CM023463.1	119200000	119300000	4.0
CM023463.1	119500000	119600000	1.0
CM023463.1	119600000	119700000	1.0
CM023463.1	120200000	120300000	1.0
CM023463.1	120400000	120500000	1.0
CM023463.1	121200000	121300000	1.0
CM023463.1	121500000	121600000	1.0
CM023463.1	121600000	121700000	1.0
CM023463.1	122400000	122500000	1.0
CM023463.1	122800000	122900000	1.0
CM023463.1	123800000	123900000	2.0
CM023463.1	124500000	124600000	1.0
CM023463.1	124900000	125000000	1.0
CM023463.1	125100000	125200000	1.0
CM023463.1	125400000	125500000	1.0
CM023463.1	125600000	125700000	1.0
CM023463.1	125700000	125800000	1.0
CM023463.1	125900000	126000000	1.0
CM023463.1	126300000	126400000	1.0
CM023463.1	126600000	126700000	1.0
CM023463.1	126700000	126800000	3.0
CM023463.1	126800000	126900000	1.0
CM023463.1	127000000	127100000	2.0
CM023463.1	127200000	127300000	1.0
CM023463.1	128100000	128200000	1.0
CM023463.1	128400000	128500000	1.0
CM023463.1	128500000	128600000	1.0
CM023463.1	128700000	128800000	1.0
CM023463.1	128800000	128900000	1.0
CM023463.1	129000000	129100000	2.0
CM023463.1	129500000	129600000	2.0
CM023463.1	129600000	129700000	1.0
CM023463.1	129700000	129800000	1.0
CM023463.1	129800000	129900000	5.0
CM023463.1	129900000	130000000	3.0
CM023463.1	130000000	130100000	3.0
CM023463.1	130100000	130200000	1.0
CM023463.1	130200000	130300000	2.0
CM023463.1	130300000	130400000	1.0
CM023463.1	130400000	130500000	1.0
CM023463.1	130500000	130600000	2.0
CM023463.1	130600000	130700000	1.0
CM023463.1	130700000	130800000	1.0
CM023463.1	130800000	130900000	1.0
CM023463.1	131000000	131100000	1.0
CM023463.1	131100000	131200000	2.0
CM023463.1	131200000	131300000	1.0
CM023463.1	131400000	131500000	1.0
CM023463.1	131500000	131600000	3.0
CM023463.1	131700000	131800000	1.0
CM023463.1	131800000	131900000	1.0
CM023463.1	131900000	132000000	1.0
CM023463.1	132000000	132100000	1.0
CM023463.1	132400000	132500000	1.0
CM023463.1	132500000	132600000	1.0
CM023463.1	132600000	132700000	1.0
CM023463.1	132700000	132800000	1.0
CM023463.1	132800000	132900000	4.0
CM023463.1	133300000	133400000	1.0
CM023463.1	133400000	133500000	3.0
CM023463.1	133500000	133600000	2.0
CM023463.1	133800000	133900000	3.0
CM023463.1	133900000	134000000	2.0
CM023463.1	134000000	134100000	3.0
CM023463.1	134100000	134200000	5.0
CM023463.1	134300000	134400000	2.0
CM023463.1	134400000	134500000	1.0
CM023463.1	134500000	134600000	1.0
CM023463.1	134600000	134700000	1.0
CM023463.1	134800000	134900000	1.0
CM023463.1	134900000	135000000	2.0
CM023463.1	135000000	135100000	6.0
CM023463.1	135100000	135200000	1.0
CM023463.1	135200000	135300000	1.0
CM023463.1	135300000	135400000	7.0
CM023463.1	135400000	135500000	4.0
CM023463.1	135500000	135600000	1.0
CM023463.1	135800000	135900000	2.0
CM023463.1	136000000	136100000	1.0
CM023463.1	136100000	136200000	1.0
CM023463.1	136200000	136300000	3.0
CM023463.1	136500000	136600000	2.0
CM023463.1	136600000	136700000	1.0
CM023463.1	136700000	136800000	1.0
CM023463.1	136800000	136900000	3.0
CM023463.1	137000000	137100000	1.0
CM023463.1	137100000	137200000	2.0
CM023463.1	137300000	137400000	2.0
CM023463.1	138000000	138100000	5.0
CM023463.1	138100000	138200000	3.0
CM023463.1	138500000	138600000	1.0
CM023463.1	139200000	139300000	1.0
CM023463.1	139300000	139400000	3.0
CM023463.1	139400000	139500000	2.0
CM023463.1	139500000	139600000	2.0
CM023463.1	139600000	139700000	2.0
CM023463.1	139700000	139800000	1.0
CM023463.1	139800000	139900000	2.0
CM023463.1	140000000	140100000	3.0
CM023463.1	140100000	140200000	1.0
CM023463.1	140300000	140400000	2.0
CM023463.1	140400000	140500000	2.0
CM023463.1	140500000	140600000	1.0
CM023463.1	140600000	140700000	1.0
CM023463.1	140700000	140800000	1.0
CM023463.1	141000000	141100000	1.0
CM023463.1	141200000	141300000	1.0
CM023463.1	141500000	141600000	1.0
CM023463.1	141600000	141700000	1.0
CM023463.1	141700000	141800000	2.0
CM023463.1	141800000	141900000	1.0
CM023463.1	141900000	142000000	1.0
CM023463.1	142300000	142400000	2.0
CM023463.1	142400000	142500000	1.0
CM023463.1	142500000	142600000	1.0
CM023463.1	142600000	142700000	1.0
CM023463.1	142700000	142800000	4.0
CM023463.1	143000000	143100000	1.0
CM023463.1	143100000	143200000	1.0
CM023463.1	143200000	143300000	2.0
CM023463.1	143300000	143400000	1.0
CM023463.1	143400000	143500000	4.0
CM023463.1	143700000	143800000	6.0
CM023463.1	143800000	143900000	2.0
CM023463.1	143900000	144000000	1.0
CM023463.1	144000000	144100000	1.0
CM023463.1	144200000	144300000	2.0
CM023463.1	144300000	144400000	1.0
CM023463.1	144500000	144600000	4.0
CM023463.1	144600000	144700000	1.0
CM023463.1	144700000	144800000	1.0
CM023463.1	144800000	144900000	5.0
CM023463.1	144900000	145000000	1.0
CM023463.1	145300000	145400000	1.0
CM023463.1	145400000	145500000	1.0
CM023463.1	145500000	145600000	1.0
CM023463.1	145800000	145900000	4.0
CM023463.1	145900000	146000000	1.0
CM023463.1	146000000	146100000	1.0
CM023463.1	146100000	146200000	1.0
CM023463.1	146300000	146400000	3.0
CM023463.1	147200000	147300000	1.0
CM023463.1	147600000	147700000	1.0
CM023463.1	147800000	147900000	2.0
CM023463.1	148000000	148100000	2.0
CM023463.1	148200000	148300000	1.0
CM023463.1	148300000	148400000	4.0
CM023463.1	148500000	148600000	3.0
CM023463.1	148700000	148800000	1.0
CM023463.1	149400000	149500000	1.0
CM023463.1	149500000	149600000	2.0
CM023463.1	149600000	149700000	1.0
CM023463.1	149900000	150000000	1.0
CM023463.1	150200000	150300000	1.0
CM023463.1	150300000	150400000	2.0
CM023463.1	150800000	150900000	1.0
CM023463.1	150900000	151000000	1.0
CM023463.1	151100000	151200000	3.0
CM023463.1	151200000	151300000	1.0
CM023463.1	151700000	151800000	1.0
CM023463.1	151800000	151900000	1.0
CM023463.1	151900000	152000000	2.0
CM023463.1	152300000	152400000	2.0
CM023463.1	152800000	152900000	2.0
CM023463.1	153000000	153100000	2.0
CM023463.1	153100000	153200000	1.0
CM023463.1	153800000	153900000	1.0
CM023463.1	153900000	154000000	1.0
CM023463.1	154000000	154100000	1.0
CM023463.1	154300000	154400000	1.0
CM023463.1	154400000	154500000	3.0
CM023463.1	154500000	154600000	1.0
CM023463.1	154600000	154700000	2.0
CM023463.1	154800000	154900000	1.0
CM023463.1	155000000	155100000	1.0
CM023463.1	155100000	155200000	3.0
CM023463.1	155200000	155300000	2.0
CM023463.1	155300000	155400000	2.0
CM023463.1	155400000	155500000	1.0
CM023463.1	155500000	155600000	2.0
CM023463.1	156000000	156100000	1.0
CM023463.1	156300000	156400000	1.0
CM023463.1	156700000	156800000	2.0
CM023463.1	156800000	156900000	1.0
CM023463.1	156900000	157000000	2.0
CM023463.1	157100000	157200000	3.0
CM023463.1	157200000	157300000	2.0
CM023463.1	157400000	157500000	2.0
CM023463.1	157600000	157700000	2.0
CM023463.1	157700000	157800000	1.0
CM023463.1	157800000	157900000	1.0
CM023463.1	157900000	158000000	1.0
CM023463.1	158500000	158600000	1.0
CM023463.1	158700000	158800000	1.0
CM023463.1	158800000	158900000	1.0
CM023463.1	158900000	159000000	1.0
CM023463.1	159000000	159100000	1.0
CM023463.1	159100000	159200000	1.0
CM023463.1	159300000	159400000	1.0
CM023463.1	159400000	159500000	2.0
CM023463.1	159500000	159600000	2.0
CM023463.1	159600000	159700000	3.0
CM023463.1	159700000	159800000	1.0
CM023463.1	159800000	159900000	1.0
CM023463.1	160000000	160100000	5.0
CM023463.1	160100000	160200000	2.0
CM023463.1	160300000	160400000	1.0
CM023463.1	160400000	160500000	1.0
CM023463.1	160500000	160600000	3.0
CM023463.1	160700000	160800000	1.0
CM023463.1	161700000	161800000	1.0
CM023463.1	162900000	163000000	1.0
CM023463.1	163200000	163300000	1.0
CM023463.1	164200000	164300000	1.0
CM023463.1	164300000	164400000	1.0
CM023463.1	164800000	164900000	1.0
CM023463.1	165000000	165100000	1.0
CM023463.1	165100000	165200000	3.0
CM023463.1	165500000	165600000	1.0
CM023463.1	165600000	165700000	4.0
CM023463.1	165700000	165800000	2.0
CM023463.1	165900000	166000000	2.0
CM023463.1	166000000	166100000	2.0
CM023463.1	166100000	166200000	2.0
CM023463.1	166200000	166300000	1.0
CM023463.1	166300000	166400000	3.0
CM023463.1	166400000	166500000	1.0
CM023463.1	166500000	166600000	1.0
CM023463.1	166700000	166800000	5.0
CM023463.1	166900000	167000000	2.0
CM023463.1	167100000	167200000	2.0
CM023463.1	167200000	167300000	2.0
CM023463.1	167300000	167400000	2.0
CM023463.1	167500000	167600000	1.0
CM023463.1	167600000	167700000	1.0
CM023463.1	167700000	167800000	2.0
CM023463.1	167800000	167900000	2.0
CM023463.1	168100000	168200000	1.0
CM023463.1	168300000	168400000	2.0
CM023463.1	168400000	168500000	1.0
CM023463.1	168500000	168600000	1.0
CM023463.1	168800000	168900000	2.0
CM023463.1	168900000	169000000	1.0
CM023463.1	169400000	169500000	2.0
CM023463.1	169500000	169600000	2.0
CM023463.1	169600000	169700000	1.0
CM023463.1	169900000	170000000	1.0
CM023463.1	170100000	170200000	1.0
CM023463.1	171300000	171400000	1.0
CM023463.1	171600000	171700000	2.0
CM023463.1	171700000	171800000	1.0
CM023463.1	172200000	172300000	1.0
CM023463.1	172300000	172400000	1.0
CM023463.1	172400000	172500000	4.0
CM023463.1	172500000	172600000	2.0
CM023463.1	172600000	172700000	2.0
CM023463.1	172800000	172900000	2.0
CM023463.1	172900000	173000000	3.0
CM023463.1	173000000	173100000	1.0
CM023463.1	173200000	173300000	1.0
CM023463.1	173300000	173400000	1.0
CM023463.1	173400000	173500000	1.0
CM023463.1	173500000	173600000	1.0
CM023463.1	173600000	173700000	1.0
CM023463.1	173900000	174000000	1.0
CM023463.1	174100000	174200000	1.0
CM023463.1	174200000	174300000	2.0
CM023463.1	174400000	174500000	4.0
CM023463.1	174700000	174800000	1.0
CM023463.1	175100000	175200000	1.0
CM023463.1	175200000	175300000	1.0
CM023463.1	175500000	175600000	4.0
CM023463.1	175600000	175700000	1.0
CM023463.1	175800000	175900000	1.0
CM023463.1	176300000	176400000	5.0
CM023463.1	176400000	176500000	2.0
CM023463.1	176600000	176700000	2.0
CM023463.1	176800000	176900000	1.0
CM023463.1	176900000	177000000	2.0
CM023463.1	177000000	177100000	3.0
CM023463.1	177300000	177400000	2.0
CM023463.1	177700000	177800000	1.0
CM023463.1	177800000	177900000	3.0
CM023463.1	177900000	178000000	1.0
CM023463.1	178000000	178100000	6.0
CM023463.1	178200000	178300000	1.0
CM023463.1	178300000	178400000	2.0
CM023463.1	178400000	178500000	1.0
CM023463.1	178500000	178600000	2.0
CM023463.1	178700000	178800000	1.0
CM023463.1	178800000	178900000	1.0
CM023463.1	179000000	179100000	1.0
CM023463.1	179100000	179200000	3.0
CM023463.1	179200000	179300000	3.0
CM023463.1	179300000	179400000	1.0
CM023463.1	179700000	179800000	1.0
CM023463.1	179800000	179900000	4.0
CM023463.1	180000000	180100000	1.0
CM023463.1	180100000	180200000	1.0
CM023463.1	180200000	180300000	2.0
CM023463.1	180300000	180400000	4.0
CM023463.1	180400000	180500000	2.0
CM023463.1	180500000	180600000	1.0
CM023463.1	180600000	180700000	4.0
CM023463.1	180800000	180900000	1.0
CM023463.1	180900000	181000000	1.0
CM023463.1	181100000	181200000	1.0
CM023463.1	181200000	181300000	3.0
CM023463.1	181400000	181500000	2.0
CM023463.1	181500000	181600000	2.0
CM023463.1	181900000	182000000	1.0
CM023463.1	182100000	182200000	1.0
CM023463.1	182400000	182500000	1.0
CM023463.1	182600000	182700000	1.0
CM023463.1	182700000	182800000	2.0
CM023463.1	182800000	182900000	1.0
CM023463.1	182900000	183000000	3.0
CM023463.1	183200000	183300000	1.0
CM023463.1	183400000	183500000	3.0
CM023463.1	183500000	183600000	2.0
CM023463.1	183600000	183700000	1.0
CM023463.1	184000000	184100000	1.0
CM023463.1	184100000	184200000	1.0
CM023463.1	184600000	184700000	1.0
CM023463.1	184900000	185000000	1.0
CM023463.1	185100000	185200000	1.0
CM023463.1	185400000	185500000	1.0
CM023463.1	185600000	185700000	1.0
CM023463.1	185900000	186000000	1.0
CM023463.1	186300000	186400000	2.0
CM023463.1	186400000	186500000	3.0
CM023463.1	186500000	186600000	3.0
CM023463.1	186600000	186700000	1.0
CM023463.1	186700000	186800000	2.0
CM023463.1	186800000	186900000	2.0
CM023463.1	186900000	187000000	2.0
CM023463.1	187100000	187200000	1.0
CM023463.1	187300000	187400000	4.0
CM023463.1	187400000	187500000	1.0
CM023463.1	187800000	187900000	3.0
CM023463.1	188500000	188600000	3.0
CM023463.1	188600000	188700000	1.0
CM023463.1	188700000	188800000	1.0
CM023463.1	189000000	189100000	1.0
CM023463.1	189100000	189200000	2.0
CM023463.1	189500000	189600000	2.0
CM023463.1	189800000	189900000	1.0
CM023463.1	189900000	190000000	1.0
CM023463.1	190000000	190100000	2.0
CM023463.1	190100000	190200000	1.0
CM023463.1	190400000	190500000	1.0
CM023463.1	190800000	190900000	1.0
CM023463.1	191200000	191300000	3.0
CM023463.1	191400000	191500000	2.0
CM023463.1	191500000	191600000	2.0
CM023463.1	191600000	191700000	1.0
CM023463.1	191700000	191800000	1.0
CM023463.1	192100000	192200000	2.0
CM023463.1	192300000	192400000	1.0
CM023463.1	192400000	192500000	2.0
CM023463.1	192500000	192600000	1.0
CM023463.1	192900000	193000000	1.0
CM023463.1	193400000	193500000	1.0
CM023463.1	193500000	193600000	1.0
CM023463.1	193800000	193900000	1.0
CM023463.1	193900000	194000000	1.0
CM023463.1	194200000	194300000	2.0
CM023463.1	194400000	194500000	1.0
CM023463.1	194600000	194700000	1.0
CM023463.1	194700000	194800000	1.0
CM023463.1	195000000	195100000	1.0
CM023463.1	195100000	195200000	1.0
CM023463.1	195200000	195300000	2.0
CM023463.1	195300000	195400000	2.0
CM023463.1	195400000	195500000	1.0
CM023463.1	195500000	195600000	1.0
CM023463.1	195600000	195700000	2.0
CM023463.1	195700000	195800000	3.0
CM023463.1	195800000	195900000	1.0
CM023463.1	195900000	196000000	3.0
CM023463.1	196200000	196300000	1.0
CM023463.1	196300000	196400000	2.0
CM023463.1	196400000	196500000	1.0
CM023463.1	196500000	196600000	1.0
CM023463.1	196600000	196700000	1.0
CM023463.1	196700000	196800000	1.0
CM023463.1	197000000	197100000	2.0
CM023463.1	197200000	197300000	1.0
CM023463.1	197400000	197500000	1.0
CM023463.1	197700000	197800000	2.0
CM023463.1	197800000	197900000	1.0
CM023463.1	198000000	198100000	2.0
CM023463.1	198100000	198200000	1.0
CM023463.1	198200000	198300000	1.0
CM023463.1	198300000	198400000	3.0
CM023463.1	198900000	199000000	4.0
CM023463.1	199500000	199600000	1.0
CM023463.1	199700000	199800000	1.0
CM023463.1	199900000	200000000	1.0
CM023463.1	200000000	200100000	1.0
CM023463.1	200400000	200500000	2.0
CM023463.1	201400000	201500000	2.0
CM023463.1	201500000	201600000	1.0
CM023463.1	201600000	201700000	1.0
CM023463.1	201700000	201800000	4.0
CM023463.1	201800000	201900000	1.0
CM023463.1	201900000	202000000	1.0
CM023463.1	202000000	202100000	1.0
CM023463.1	202100000	202200000	2.0
CM023463.1	202200000	202300000	4.0
CM023463.1	202500000	202600000	1.0
CM023463.1	202600000	202700000	2.0
CM023463.1	202700000	202800000	1.0
CM023463.1	202800000	202900000	1.0
CM023463.1	202900000	203000000	2.0
CM023463.1	203000000	203100000	1.0
CM023463.1	203100000	203200000	1.0
CM023463.1	203400000	203500000	1.0
CM023463.1	203500000	203600000	1.0
CM023463.1	203600000	203700000	3.0
CM023463.1	203800000	203900000	1.0
CM023463.1	203900000	204000000	1.0
CM023463.1	204000000	204100000	1.0
CM023463.1	204300000	204400000	1.0
CM023463.1	204400000	204500000	1.0
CM023463.1	204800000	204900000	3.0
CM023463.1	204900000	205000000	3.0
CM023463.1	205000000	205100000	3.0
CM023463.1	205300000	205400000	1.0
CM023463.1	205400000	205500000	1.0
CM023463.1	205500000	205600000	4.0
CM023463.1	206400000	206469400	2.0
CM023464.1	0	100000	2.0
CM023464.1	100000	200000	3.0
CM023464.1	300000	400000	1.0
CM023464.1	400000	500000	1.0
CM023464.1	500000	600000	1.0
CM023464.1	600000	700000	2.0
CM023464.1	800000	900000	1.0
CM023464.1	1200000	1300000	2.0
CM023464.1	1300000	1400000	1.0
CM023464.1	1400000	1500000	1.0
CM023464.1	1500000	1600000	1.0
CM023464.1	1600000	1700000	1.0
CM023464.1	1700000	1800000	2.0
CM023464.1	1800000	1900000	1.0
CM023464.1	1900000	2000000	3.0
CM023464.1	2000000	2100000	3.0
CM023464.1	2100000	2200000	1.0
CM023464.1	2200000	2300000	4.0
CM023464.1	2300000	2400000	1.0
CM023464.1	2400000	2500000	1.0
CM023464.1	2600000	2700000	1.0
CM023464.1	2700000	2800000	1.0
CM023464.1	2800000	2900000	3.0
CM023464.1	3000000	3100000	2.0
CM023464.1	3100000	3200000	1.0
CM023464.1	3200000	3300000	2.0
CM023464.1	3300000	3400000	3.0
CM023464.1	3400000	3500000	1.0
CM023464.1	3500000	3600000	1.0
CM023464.1	3600000	3700000	1.0
CM023464.1	3800000	3900000	1.0
CM023464.1	3900000	4000000	3.0
CM023464.1	4000000	4100000	1.0
CM023464.1	4200000	4300000	1.0
CM023464.1	4300000	4400000	1.0
CM023464.1	4600000	4700000	1.0
CM023464.1	4700000	4800000	1.0
CM023464.1	4900000	5000000	1.0
CM023464.1	5100000	5200000	1.0
CM023464.1	5400000	5500000	1.0
CM023464.1	5500000	5600000	1.0
CM023464.1	5600000	5700000	1.0
CM023464.1	5700000	5800000	2.0
CM023464.1	5800000	5900000	1.0
CM023464.1	5900000	6000000	1.0
CM023464.1	6100000	6200000	2.0
CM023464.1	6200000	6300000	1.0
CM023464.1	6400000	6500000	1.0
CM023464.1	6500000	6600000	1.0
CM023464.1	6600000	6700000	1.0
CM023464.1	6700000	6800000	1.0
CM023464.1	7000000	7100000	1.0
CM023464.1	7100000	7200000	7.0
CM023464.1	7300000	7400000	1.0
CM023464.1	8000000	8100000	1.0
CM023464.1	8100000	8200000	1.0
CM023464.1	8200000	8300000	1.0
CM023464.1	8700000	8800000	1.0
CM023464.1	9000000	9100000	1.0
CM023464.1	9600000	9700000	1.0
CM023464.1	9700000	9800000	1.0
CM023464.1	9800000	9900000	2.0
CM023464.1	9900000	10000000	2.0
CM023464.1	10000000	10100000	2.0
CM023464.1	10100000	10200000	4.0
CM023464.1	10200000	10300000	9.0
CM023464.1	10300000	10400000	2.0
CM023464.1	10600000	10700000	3.0
CM023464.1	10700000	10800000	4.0
CM023464.1	10800000	10900000	1.0
CM023464.1	10900000	11000000	3.0
CM023464.1	11000000	11100000	2.0
CM023464.1	11100000	11200000	2.0
CM023464.1	11200000	11300000	3.0
CM023464.1	11600000	11700000	1.0
CM023464.1	11800000	11900000	1.0
CM023464.1	11900000	12000000	2.0
CM023464.1	12000000	12100000	3.0
CM023464.1	12100000	12200000	1.0
CM023464.1	12200000	12300000	5.0
CM023464.1	12300000	12400000	3.0
CM023464.1	12700000	12800000	2.0
CM023464.1	12800000	12900000	3.0
CM023464.1	13100000	13200000	2.0
CM023464.1	13200000	13300000	1.0
CM023464.1	13300000	13400000	4.0
CM023464.1	13400000	13500000	1.0
CM023464.1	13500000	13600000	3.0
CM023464.1	13600000	13700000	5.0
CM023464.1	13700000	13800000	2.0
CM023464.1	13900000	14000000	1.0
CM023464.1	14000000	14100000	3.0
CM023464.1	14100000	14200000	4.0
CM023464.1	14200000	14300000	4.0
CM023464.1	14300000	14400000	3.0
CM023464.1	14400000	14500000	1.0
CM023464.1	14500000	14600000	1.0
CM023464.1	14600000	14700000	2.0
CM023464.1	14800000	14900000	3.0
CM023464.1	14900000	15000000	2.0
CM023464.1	15100000	15200000	1.0
CM023464.1	15400000	15500000	1.0
CM023464.1	15500000	15600000	1.0
CM023464.1	15600000	15700000	3.0
CM023464.1	15700000	15800000	1.0
CM023464.1	15800000	15900000	3.0
CM023464.1	15900000	16000000	6.0
CM023464.1	16000000	16100000	4.0
CM023464.1	16100000	16200000	4.0
CM023464.1	16200000	16300000	3.0
CM023464.1	16300000	16400000	1.0
CM023464.1	16400000	16500000	2.0
CM023464.1	16500000	16600000	3.0
CM023464.1	16600000	16700000	2.0
CM023464.1	16700000	16800000	5.0
CM023464.1	16900000	17000000	3.0
CM023464.1	17000000	17100000	1.0
CM023464.1	17100000	17200000	1.0
CM023464.1	17200000	17300000	3.0
CM023464.1	17300000	17400000	4.0
CM023464.1	17400000	17500000	4.0
CM023464.1	17500000	17600000	5.0
CM023464.1	17600000	17700000	3.0
CM023464.1	17700000	17800000	5.0
CM023464.1	17800000	17900000	1.0
CM023464.1	17900000	18000000	1.0
CM023464.1	18000000	18100000	1.0
CM023464.1	18500000	18600000	1.0
CM023464.1	18700000	18800000	1.0
CM023464.1	18800000	18900000	2.0
CM023464.1	18900000	19000000	5.0
CM023464.1	19000000	19100000	5.0
CM023464.1	19100000	19200000	2.0
CM023464.1	19200000	19300000	1.0
CM023464.1	19300000	19400000	5.0
CM023464.1	19400000	19500000	3.0
CM023464.1	19500000	19600000	1.0
CM023464.1	19600000	19700000	2.0
CM023464.1	19700000	19800000	3.0
CM023464.1	19800000	19900000	1.0
CM023464.1	19900000	20000000	1.0
CM023464.1	20000000	20100000	1.0
CM023464.1	20100000	20200000	1.0
CM023464.1	20200000	20300000	2.0
CM023464.1	20300000	20400000	5.0
CM023464.1	20600000	20700000	1.0
CM023464.1	20700000	20800000	4.0
CM023464.1	20800000	20900000	4.0
CM023464.1	20900000	21000000	2.0
CM023464.1	21000000	21100000	1.0
CM023464.1	21100000	21200000	4.0
CM023464.1	21200000	21300000	5.0
CM023464.1	21300000	21400000	4.0
CM023464.1	21400000	21500000	1.0
CM023464.1	21500000	21600000	2.0
CM023464.1	21800000	21900000	4.0
CM023464.1	21900000	22000000	1.0
CM023464.1	22000000	22100000	5.0
CM023464.1	22100000	22200000	1.0
CM023464.1	22200000	22300000	2.0
CM023464.1	22300000	22400000	6.0
CM023464.1	22400000	22500000	1.0
CM023464.1	22500000	22600000	4.0
CM023464.1	22600000	22700000	5.0
CM023464.1	22700000	22800000	3.0
CM023464.1	23100000	23200000	1.0
CM023464.1	23200000	23300000	1.0
CM023464.1	23500000	23600000	1.0
CM023464.1	23600000	23700000	1.0
CM023464.1	23700000	23800000	3.0
CM023464.1	23800000	23900000	2.0
CM023464.1	23900000	24000000	3.0
CM023464.1	24000000	24100000	4.0
CM023464.1	24100000	24200000	3.0
CM023464.1	24200000	24300000	1.0
CM023464.1	24300000	24400000	2.0
CM023464.1	24400000	24500000	4.0
CM023464.1	24500000	24600000	5.0
CM023464.1	24600000	24700000	5.0
CM023464.1	24700000	24800000	2.0
CM023464.1	24800000	24900000	2.0
CM023464.1	24900000	25000000	4.0
CM023464.1	25000000	25100000	5.0
CM023464.1	25100000	25200000	5.0
CM023464.1	25200000	25300000	6.0
CM023464.1	25300000	25400000	3.0
CM023464.1	25400000	25500000	4.0
CM023464.1	25500000	25600000	5.0
CM023464.1	25600000	25700000	2.0
CM023464.1	25700000	25800000	1.0
CM023464.1	26200000	26300000	2.0
CM023464.1	26300000	26400000	5.0
CM023464.1	26400000	26500000	1.0
CM023464.1	26800000	26900000	1.0
CM023464.1	27400000	27500000	1.0
CM023464.1	27500000	27600000	1.0
CM023464.1	27600000	27700000	2.0
CM023464.1	27700000	27800000	1.0
CM023464.1	27800000	27900000	1.0
CM023464.1	27900000	28000000	4.0
CM023464.1	28000000	28100000	3.0
CM023464.1	28100000	28200000	4.0
CM023464.1	28200000	28300000	1.0
CM023464.1	28400000	28500000	3.0
CM023464.1	28500000	28600000	3.0
CM023464.1	28600000	28700000	5.0
CM023464.1	28700000	28800000	1.0
CM023464.1	28800000	28900000	1.0
CM023464.1	28900000	29000000	1.0
CM023464.1	29300000	29400000	1.0
CM023464.1	29600000	29700000	6.0
CM023464.1	29700000	29800000	2.0
CM023464.1	30500000	30600000	1.0
CM023464.1	30600000	30700000	1.0
CM023464.1	30700000	30800000	5.0
CM023464.1	30800000	30900000	3.0
CM023464.1	30900000	31000000	1.0
CM023464.1	31000000	31100000	3.0
CM023464.1	31100000	31200000	2.0
CM023464.1	31200000	31300000	3.0
CM023464.1	31400000	31500000	1.0
CM023464.1	31500000	31600000	1.0
CM023464.1	31600000	31700000	7.0
CM023464.1	31800000	31900000	3.0
CM023464.1	31900000	32000000	1.0
CM023464.1	32100000	32200000	1.0
CM023464.1	32500000	32600000	3.0
CM023464.1	32600000	32700000	3.0
CM023464.1	32700000	32800000	5.0
CM023464.1	32800000	32900000	2.0
CM023464.1	32900000	33000000	1.0
CM023464.1	33000000	33100000	1.0
CM023464.1	33100000	33200000	1.0
CM023464.1	33400000	33500000	1.0
CM023464.1	33500000	33600000	1.0
CM023464.1	33700000	33800000	1.0
CM023464.1	33800000	33900000	4.0
CM023464.1	33900000	34000000	3.0
CM023464.1	34000000	34100000	3.0
CM023464.1	34100000	34200000	3.0
CM023464.1	34400000	34500000	2.0
CM023464.1	34900000	35000000	2.0
CM023464.1	35500000	35600000	1.0
CM023464.1	35600000	35700000	1.0
CM023464.1	35700000	35800000	3.0
CM023464.1	35800000	35900000	1.0
CM023464.1	35900000	36000000	6.0
CM023464.1	36000000	36100000	5.0
CM023464.1	36100000	36200000	3.0
CM023464.1	36200000	36300000	1.0
CM023464.1	36300000	36400000	4.0
CM023464.1	36400000	36500000	2.0
CM023464.1	36500000	36600000	2.0
CM023464.1	36800000	36900000	3.0
CM023464.1	37000000	37100000	5.0
CM023464.1	37100000	37200000	1.0
CM023464.1	37200000	37300000	2.0
CM023464.1	37300000	37400000	2.0
CM023464.1	37400000	37500000	2.0
CM023464.1	37500000	37600000	2.0
CM023464.1	37600000	37700000	1.0
CM023464.1	37700000	37800000	1.0
CM023464.1	37900000	38000000	2.0
CM023464.1	38000000	38100000	4.0
CM023464.1	38100000	38200000	2.0
CM023464.1	38200000	38300000	1.0
CM023464.1	38400000	38500000	3.0
CM023464.1	39000000	39100000	2.0
CM023464.1	39600000	39700000	2.0
CM023464.1	39700000	39800000	2.0
CM023464.1	39800000	39900000	1.0
CM023464.1	39900000	40000000	3.0
CM023464.1	40000000	40100000	1.0
CM023464.1	40100000	40200000	1.0
CM023464.1	40200000	40300000	4.0
CM023464.1	40300000	40400000	5.0
CM023464.1	40500000	40600000	1.0
CM023464.1	40700000	40800000	1.0
CM023464.1	40800000	40900000	2.0
CM023464.1	41100000	41200000	1.0
CM023464.1	41200000	41300000	3.0
CM023464.1	41300000	41400000	2.0
CM023464.1	41500000	41600000	1.0
CM023464.1	41600000	41700000	1.0
CM023464.1	41700000	41800000	1.0
CM023464.1	42200000	42300000	1.0
CM023464.1	42600000	42700000	1.0
CM023464.1	42700000	42800000	1.0
CM023464.1	43400000	43500000	1.0
CM023464.1	43500000	43600000	1.0
CM023464.1	43600000	43700000	1.0
CM023464.1	43900000	44000000	1.0
CM023464.1	44100000	44200000	2.0
CM023464.1	44200000	44300000	2.0
CM023464.1	44300000	44400000	3.0
CM023464.1	44400000	44500000	3.0
CM023464.1	44500000	44600000	2.0
CM023464.1	44600000	44700000	1.0
CM023464.1	44700000	44800000	1.0
CM023464.1	44800000	44900000	2.0
CM023464.1	44900000	45000000	1.0
CM023464.1	45000000	45100000	1.0
CM023464.1	45100000	45200000	3.0
CM023464.1	45200000	45300000	4.0
CM023464.1	45300000	45400000	1.0
CM023464.1	45600000	45700000	1.0
CM023464.1	45700000	45800000	4.0
CM023464.1	45800000	45900000	2.0
CM023464.1	45900000	46000000	2.0
CM023464.1	46000000	46100000	1.0
CM023464.1	46100000	46200000	1.0
CM023464.1	46300000	46400000	2.0
CM023464.1	46800000	46900000	2.0
CM023464.1	46900000	47000000	6.0
CM023464.1	47000000	47100000	4.0
CM023464.1	47100000	47200000	1.0
CM023464.1	47300000	47400000	3.0
CM023464.1	47400000	47500000	1.0
CM023464.1	47500000	47600000	1.0
CM023464.1	47600000	47700000	3.0
CM023464.1	47700000	47800000	2.0
CM023464.1	47800000	47900000	2.0
CM023464.1	47900000	48000000	6.0
CM023464.1	48000000	48100000	3.0
CM023464.1	48200000	48300000	1.0
CM023464.1	48300000	48400000	1.0
CM023464.1	48800000	48900000	3.0
CM023464.1	49000000	49100000	2.0
CM023464.1	49300000	49400000	2.0
CM023464.1	49400000	49500000	1.0
CM023464.1	49600000	49700000	1.0
CM023464.1	49700000	49800000	2.0
CM023464.1	49800000	49900000	3.0
CM023464.1	50100000	50200000	2.0
CM023464.1	50200000	50300000	1.0
CM023464.1	50800000	50900000	1.0
CM023464.1	51100000	51200000	1.0
CM023464.1	51200000	51300000	6.0
CM023464.1	51300000	51400000	1.0
CM023464.1	51400000	51500000	2.0
CM023464.1	51500000	51600000	3.0
CM023464.1	51600000	51700000	1.0
CM023464.1	51700000	51800000	3.0
CM023464.1	51800000	51900000	4.0
CM023464.1	51900000	52000000	3.0
CM023464.1	52000000	52100000	4.0
CM023464.1	52100000	52200000	7.0
CM023464.1	52200000	52300000	5.0
CM023464.1	52300000	52400000	2.0
CM023464.1	52500000	52600000	1.0
CM023464.1	52600000	52700000	1.0
CM023464.1	52700000	52800000	2.0
CM023464.1	52800000	52900000	2.0
CM023464.1	52900000	53000000	2.0
CM023464.1	53000000	53100000	8.0
CM023464.1	53100000	53200000	2.0
CM023464.1	53200000	53300000	2.0
CM023464.1	53300000	53400000	4.0
CM023464.1	53500000	53600000	1.0
CM023464.1	53600000	53700000	2.0
CM023464.1	54000000	54100000	1.0
CM023464.1	54800000	54900000	1.0
CM023464.1	55100000	55200000	1.0
CM023464.1	55500000	55600000	1.0
CM023464.1	55600000	55700000	1.0
CM023464.1	55700000	55800000	1.0
CM023464.1	56100000	56200000	2.0
CM023464.1	56200000	56300000	1.0
CM023464.1	56400000	56500000	1.0
CM023464.1	56600000	56700000	2.0
CM023464.1	56700000	56800000	7.0
CM023464.1	56800000	56900000	1.0
CM023464.1	56900000	57000000	4.0
CM023464.1	57000000	57100000	1.0
CM023464.1	57200000	57300000	1.0
CM023464.1	57300000	57400000	4.0
CM023464.1	57400000	57500000	2.0
CM023464.1	58300000	58400000	1.0
CM023464.1	58600000	58700000	1.0
CM023464.1	59100000	59200000	1.0
CM023464.1	59200000	59300000	1.0
CM023464.1	59300000	59400000	4.0
CM023464.1	59400000	59500000	3.0
CM023464.1	59700000	59800000	2.0
CM023464.1	59800000	59900000	1.0
CM023464.1	60400000	60500000	1.0
CM023464.1	60900000	61000000	2.0
CM023464.1	61100000	61200000	3.0
CM023464.1	61200000	61300000	1.0
CM023464.1	61300000	61400000	2.0
CM023464.1	61400000	61500000	1.0
CM023464.1	61500000	61600000	2.0
CM023464.1	61600000	61700000	1.0
CM023464.1	61700000	61800000	1.0
CM023464.1	61800000	61900000	2.0
CM023464.1	61900000	62000000	4.0
CM023464.1	62000000	62100000	2.0
CM023464.1	62100000	62200000	1.0
CM023464.1	62200000	62300000	2.0
CM023464.1	62300000	62400000	4.0
CM023464.1	62400000	62500000	3.0
CM023464.1	62500000	62600000	5.0
CM023464.1	62600000	62700000	3.0
CM023464.1	62700000	62800000	1.0
CM023464.1	63100000	63200000	2.0
CM023464.1	63300000	63400000	1.0
CM023464.1	63400000	63500000	2.0
CM023464.1	63500000	63600000	1.0
CM023464.1	63600000	63700000	2.0
CM023464.1	63700000	63800000	3.0
CM023464.1	63800000	63900000	1.0
CM023464.1	63900000	64000000	1.0
CM023464.1	64000000	64100000	2.0
CM023464.1	64100000	64200000	2.0
CM023464.1	64200000	64300000	1.0
CM023464.1	64300000	64400000	2.0
CM023464.1	64500000	64600000	2.0
CM023464.1	64600000	64700000	1.0
CM023464.1	64700000	64800000	1.0
CM023464.1	64800000	64900000	2.0
CM023464.1	65000000	65100000	4.0
CM023464.1	65100000	65200000	2.0
CM023464.1	65400000	65500000	1.0
CM023464.1	65500000	65600000	1.0
CM023464.1	65900000	66000000	1.0
CM023464.1	66000000	66100000	1.0
CM023464.1	66200000	66300000	4.0
CM023464.1	66300000	66400000	1.0
CM023464.1	66400000	66500000	4.0
CM023464.1	66500000	66600000	1.0
CM023464.1	66600000	66700000	1.0
CM023464.1	66700000	66800000	1.0
CM023464.1	66900000	67000000	3.0
CM023464.1	67000000	67100000	4.0
CM023464.1	67200000	67300000	3.0
CM023464.1	67300000	67400000	1.0
CM023464.1	67400000	67500000	2.0
CM023464.1	67500000	67600000	5.0
CM023464.1	67600000	67700000	3.0
CM023464.1	67800000	67900000	1.0
CM023464.1	68100000	68200000	1.0
CM023464.1	68300000	68400000	2.0
CM023464.1	68600000	68700000	1.0
CM023464.1	69000000	69100000	1.0
CM023464.1	69500000	69600000	2.0
CM023464.1	70200000	70300000	1.0
CM023464.1	70300000	70400000	1.0
CM023464.1	70600000	70700000	1.0
CM023464.1	71000000	71100000	1.0
CM023464.1	71300000	71400000	2.0
CM023464.1	71800000	71900000	4.0
CM023464.1	71900000	72000000	2.0
CM023464.1	72200000	72300000	2.0
CM023464.1	72400000	72500000	1.0
CM023464.1	73100000	73200000	4.0
CM023464.1	73200000	73300000	2.0
CM023464.1	73300000	73400000	1.0
CM023464.1	73400000	73500000	1.0
CM023464.1	73500000	73600000	1.0
CM023464.1	73600000	73700000	2.0
CM023464.1	73700000	73800000	2.0
CM023464.1	73800000	73900000	3.0
CM023464.1	73900000	74000000	4.0
CM023464.1	74000000	74100000	3.0
CM023464.1	74300000	74400000	1.0
CM023464.1	74400000	74500000	2.0
CM023464.1	74500000	74600000	2.0
CM023464.1	74600000	74700000	6.0
CM023464.1	74700000	74800000	1.0
CM023464.1	74800000	74900000	2.0
CM023464.1	74900000	75000000	3.0
CM023464.1	75200000	75300000	2.0
CM023464.1	75300000	75400000	1.0
CM023464.1	75400000	75500000	1.0
CM023464.1	76800000	76900000	2.0
CM023464.1	76900000	77000000	1.0
CM023464.1	77100000	77200000	1.0
CM023464.1	77300000	77400000	2.0
CM023464.1	77400000	77500000	2.0
CM023464.1	77600000	77700000	3.0
CM023464.1	77800000	77900000	1.0
CM023464.1	77900000	78000000	1.0
CM023464.1	78100000	78200000	1.0
CM023464.1	78300000	78400000	1.0
CM023464.1	79100000	79200000	1.0
CM023464.1	79300000	79400000	1.0
CM023464.1	79800000	79900000	1.0
CM023464.1	80800000	80900000	1.0
CM023464.1	81500000	81600000	1.0
CM023464.1	81600000	81700000	2.0
CM023464.1	82000000	82100000	1.0
CM023464.1	82300000	82400000	1.0
CM023464.1	83200000	83300000	1.0
CM023464.1	83300000	83400000	4.0
CM023464.1	83700000	83800000	1.0
CM023464.1	83800000	83900000	5.0
CM023464.1	83900000	84000000	1.0
CM023464.1	84100000	84200000	5.0
CM023464.1	84200000	84300000	4.0
CM023464.1	84300000	84400000	1.0
CM023464.1	84400000	84500000	2.0
CM023464.1	84500000	84600000	2.0
CM023464.1	84600000	84700000	1.0
CM023464.1	84700000	84800000	1.0
CM023464.1	84800000	84900000	4.0
CM023464.1	84900000	85000000	1.0
CM023464.1	85000000	85100000	2.0
CM023464.1	85100000	85200000	2.0
CM023464.1	85200000	85300000	3.0
CM023464.1	85300000	85400000	5.0
CM023464.1	85400000	85500000	1.0
CM023464.1	85600000	85700000	1.0
CM023464.1	85900000	86000000	6.0
CM023464.1	86000000	86100000	2.0
CM023464.1	86100000	86200000	2.0
CM023464.1	86400000	86500000	1.0
CM023464.1	86500000	86600000	3.0
CM023464.1	86600000	86700000	1.0
CM023464.1	86700000	86800000	3.0
CM023464.1	86800000	86900000	2.0
CM023464.1	86900000	87000000	3.0
CM023464.1	87200000	87300000	1.0
CM023464.1	87300000	87400000	2.0
CM023464.1	87400000	87500000	1.0
CM023464.1	87500000	87600000	1.0
CM023464.1	87600000	87700000	2.0
CM023464.1	87700000	87800000	3.0
CM023464.1	87800000	87900000	1.0
CM023464.1	87900000	88000000	5.0
CM023464.1	88000000	88100000	2.0
CM023464.1	88200000	88300000	4.0
CM023464.1	88300000	88400000	2.0
CM023464.1	88600000	88700000	2.0
CM023464.1	88800000	88900000	1.0
CM023464.1	89000000	89100000	1.0
CM023464.1	89300000	89400000	3.0
CM023464.1	90000000	90100000	2.0
CM023464.1	90100000	90200000	2.0
CM023464.1	90200000	90300000	1.0
CM023464.1	90300000	90400000	1.0
CM023464.1	90600000	90700000	5.0
CM023464.1	90800000	90900000	2.0
CM023464.1	90900000	91000000	1.0
CM023464.1	91000000	91100000	1.0
CM023464.1	91100000	91200000	1.0
CM023464.1	91200000	91300000	3.0
CM023464.1	91300000	91400000	1.0
CM023464.1	91400000	91500000	1.0
CM023464.1	91700000	91800000	2.0
CM023464.1	91800000	91900000	3.0
CM023464.1	91900000	92000000	1.0
CM023464.1	92000000	92100000	4.0
CM023464.1	92100000	92200000	1.0
CM023464.1	92300000	92400000	1.0
CM023464.1	92500000	92600000	1.0
CM023464.1	92600000	92700000	2.0
CM023464.1	92700000	92800000	1.0
CM023464.1	92800000	92900000	3.0
CM023464.1	92900000	93000000	6.0
CM023464.1	93000000	93100000	1.0
CM023464.1	93100000	93200000	4.0
CM023464.1	93200000	93300000	4.0
CM023464.1	93300000	93400000	1.0
CM023464.1	93400000	93500000	1.0
CM023464.1	93500000	93600000	1.0
CM023464.1	93600000	93700000	4.0
CM023464.1	93700000	93800000	1.0
CM023464.1	93800000	93900000	3.0
CM023464.1	93900000	94000000	3.0
CM023464.1	94000000	94100000	2.0
CM023464.1	94100000	94200000	2.0
CM023464.1	94200000	94300000	1.0
CM023464.1	94300000	94400000	1.0
CM023464.1	94400000	94500000	1.0
CM023464.1	94500000	94600000	1.0
CM023464.1	94700000	94800000	1.0
CM023464.1	94800000	94900000	1.0
CM023464.1	95000000	95100000	1.0
CM023464.1	95100000	95200000	2.0
CM023464.1	95400000	95500000	2.0
CM023464.1	95700000	95800000	1.0
CM023464.1	96200000	96300000	1.0
CM023464.1	96300000	96400000	1.0
CM023464.1	96500000	96600000	1.0
CM023464.1	96600000	96700000	2.0
CM023464.1	96900000	97000000	1.0
CM023464.1	98100000	98200000	1.0
CM023464.1	98200000	98300000	2.0
CM023464.1	98300000	98400000	1.0
CM023464.1	98500000	98600000	1.0
CM023464.1	98700000	98800000	1.0
CM023464.1	99100000	99200000	2.0
CM023464.1	99200000	99300000	1.0
CM023464.1	99400000	99500000	1.0
CM023464.1	99700000	99800000	2.0
CM023464.1	99800000	99900000	4.0
CM023464.1	99900000	100000000	1.0
CM023464.1	100000000	100100000	1.0
CM023464.1	100200000	100300000	1.0
CM023464.1	100300000	100400000	2.0
CM023464.1	100400000	100500000	5.0
CM023464.1	100500000	100600000	1.0
CM023464.1	100600000	100700000	4.0
CM023464.1	100700000	100800000	1.0
CM023464.1	100900000	101000000	1.0
CM023464.1	101200000	101300000	2.0
CM023464.1	101300000	101400000	1.0
CM023464.1	101400000	101500000	1.0
CM023464.1	101600000	101700000	1.0
CM023464.1	101700000	101800000	1.0
CM023464.1	101800000	101900000	1.0
CM023464.1	101900000	102000000	1.0
CM023464.1	102100000	102200000	1.0
CM023464.1	102200000	102300000	1.0
CM023464.1	102300000	102400000	1.0
CM023464.1	102400000	102500000	2.0
CM023464.1	102500000	102600000	1.0
CM023464.1	102800000	102900000	3.0
CM023464.1	103000000	103100000	1.0
CM023464.1	103200000	103300000	1.0
CM023464.1	103300000	103400000	1.0
CM023464.1	103400000	103500000	1.0
CM023464.1	103500000	103600000	1.0
CM023464.1	103800000	103900000	1.0
CM023464.1	103900000	104000000	1.0
CM023464.1	104100000	104200000	1.0
CM023464.1	104400000	104500000	1.0
CM023464.1	104500000	104600000	1.0
CM023464.1	104800000	104900000	2.0
CM023464.1	104900000	105000000	1.0
CM023464.1	105000000	105100000	1.0
CM023464.1	105300000	105400000	2.0
CM023464.1	105400000	105500000	4.0
CM023464.1	105600000	105700000	2.0
CM023464.1	106300000	106400000	1.0
CM023464.1	106400000	106500000	1.0
CM023464.1	106700000	106800000	1.0
CM023464.1	106800000	106900000	1.0
CM023464.1	107100000	107200000	1.0
CM023464.1	107200000	107300000	1.0
CM023464.1	107300000	107400000	1.0
CM023464.1	107600000	107700000	1.0
CM023464.1	107700000	107800000	1.0
CM023464.1	108000000	108100000	3.0
CM023464.1	108100000	108200000	2.0
CM023464.1	108200000	108300000	3.0
CM023464.1	108300000	108400000	3.0
CM023464.1	108400000	108500000	2.0
CM023464.1	108500000	108600000	2.0
CM023464.1	108600000	108700000	3.0
CM023464.1	108700000	108800000	1.0
CM023464.1	108900000	109000000	1.0
CM023464.1	109300000	109400000	1.0
CM023464.1	110500000	110600000	1.0
CM023464.1	110600000	110700000	1.0
CM023464.1	110800000	110900000	1.0
CM023464.1	110900000	111000000	1.0
CM023464.1	111100000	111200000	1.0
CM023464.1	111200000	111300000	1.0
CM023464.1	111800000	111900000	1.0
CM023464.1	112300000	112400000	1.0
CM023464.1	112800000	112900000	2.0
CM023464.1	112900000	113000000	2.0
CM023464.1	113100000	113200000	1.0
CM023464.1	113200000	113300000	2.0
CM023464.1	113600000	113700000	1.0
CM023464.1	114300000	114400000	2.0
CM023464.1	114400000	114500000	2.0
CM023464.1	114500000	114600000	2.0
CM023464.1	114700000	114800000	1.0
CM023464.1	114900000	115000000	1.0
CM023464.1	115400000	115500000	2.0
CM023464.1	115500000	115600000	1.0
CM023464.1	115600000	115700000	1.0
CM023464.1	115800000	115900000	1.0
CM023464.1	115900000	116000000	1.0
CM023464.1	116000000	116100000	1.0
CM023464.1	116100000	116200000	3.0
CM023464.1	116200000	116300000	6.0
CM023464.1	116300000	116400000	1.0
CM023464.1	116400000	116500000	4.0
CM023464.1	116500000	116600000	1.0
CM023464.1	116600000	116700000	3.0
CM023464.1	116800000	116900000	1.0
CM023464.1	116900000	117000000	2.0
CM023464.1	117000000	117100000	1.0
CM023464.1	117300000	117400000	2.0
CM023464.1	117400000	117500000	3.0
CM023464.1	117500000	117600000	2.0
CM023464.1	117600000	117700000	1.0
CM023464.1	117700000	117800000	1.0
CM023464.1	117800000	117900000	1.0
CM023464.1	118000000	118100000	4.0
CM023464.1	118100000	118200000	1.0
CM023464.1	118200000	118300000	2.0
CM023464.1	118300000	118400000	1.0
CM023464.1	118400000	118500000	2.0
CM023464.1	118500000	118600000	2.0
CM023464.1	118600000	118700000	2.0
CM023464.1	118900000	119000000	1.0
CM023464.1	119100000	119200000	2.0
CM023464.1	119400000	119500000	1.0
CM023464.1	119500000	119600000	1.0
CM023464.1	119700000	119800000	1.0
CM023464.1	119900000	120000000	4.0
CM023464.1	120000000	120100000	1.0
CM023464.1	121300000	121400000	1.0
CM023464.1	121400000	121500000	1.0
CM023464.1	121700000	121800000	2.0
CM023464.1	121800000	121900000	3.0
CM023464.1	121900000	122000000	3.0
CM023464.1	122000000	122100000	1.0
CM023464.1	122100000	122200000	3.0
CM023464.1	122200000	122300000	2.0
CM023464.1	122300000	122400000	2.0
CM023464.1	122400000	122500000	1.0
CM023464.1	122500000	122600000	2.0
CM023464.1	122600000	122700000	1.0
CM023464.1	122700000	122800000	5.0
CM023464.1	122900000	123000000	1.0
CM023464.1	123300000	123400000	1.0
CM023464.1	123400000	123500000	1.0
CM023464.1	123600000	123700000	2.0
CM023464.1	123900000	124000000	1.0
CM023464.1	124200000	124300000	1.0
CM023464.1	124400000	124500000	1.0
CM023464.1	124800000	124900000	1.0
CM023464.1	124900000	125000000	1.0
CM023464.1	125300000	125400000	3.0
CM023464.1	125400000	125500000	1.0
CM023464.1	125500000	125600000	1.0
CM023464.1	125700000	125800000	1.0
CM023464.1	126300000	126400000	1.0
CM023464.1	126400000	126500000	2.0
CM023464.1	126500000	126600000	2.0
CM023464.1	126600000	126700000	2.0
CM023464.1	127100000	127200000	1.0
CM023464.1	127200000	127300000	1.0
CM023464.1	127300000	127400000	1.0
CM023464.1	127400000	127500000	1.0
CM023464.1	127500000	127600000	3.0
CM023464.1	127600000	127700000	2.0
CM023464.1	127700000	127800000	2.0
CM023464.1	127800000	127900000	1.0
CM023464.1	128000000	128100000	1.0
CM023464.1	128200000	128300000	2.0
CM023464.1	128400000	128500000	2.0
CM023464.1	128500000	128600000	1.0
CM023464.1	128600000	128700000	1.0
CM023464.1	128700000	128800000	3.0
CM023464.1	129300000	129400000	1.0
CM023464.1	129400000	129500000	1.0
CM023464.1	129800000	129900000	1.0
CM023464.1	130000000	130100000	1.0
CM023464.1	130300000	130400000	2.0
CM023464.1	130600000	130700000	1.0
CM023464.1	130800000	130900000	3.0
CM023464.1	130900000	131000000	2.0
CM023464.1	131000000	131100000	3.0
CM023464.1	131100000	131200000	4.0
CM023464.1	131200000	131300000	4.0
CM023464.1	131300000	131400000	1.0
CM023464.1	131400000	131500000	1.0
CM023464.1	131500000	131600000	2.0
CM023464.1	131600000	131700000	1.0
CM023464.1	131700000	131800000	1.0
CM023464.1	131900000	132000000	2.0
CM023464.1	132000000	132100000	1.0
CM023464.1	132100000	132200000	1.0
CM023464.1	132200000	132300000	2.0
CM023464.1	132300000	132400000	2.0
CM023464.1	132400000	132500000	3.0
CM023464.1	132500000	132600000	1.0
CM023464.1	132800000	132900000	1.0
CM023464.1	132900000	133000000	3.0
CM023464.1	133100000	133200000	2.0
CM023464.1	133200000	133300000	2.0
CM023464.1	133300000	133400000	2.0
CM023464.1	133700000	133800000	2.0
CM023464.1	133800000	133900000	1.0
CM023464.1	134100000	134200000	1.0
CM023464.1	134300000	134400000	1.0
CM023464.1	134600000	134700000	1.0
CM023464.1	134700000	134800000	1.0
CM023464.1	134900000	135000000	2.0
CM023464.1	135000000	135100000	1.0
CM023464.1	135600000	135700000	1.0
CM023464.1	135700000	135800000	1.0
CM023464.1	135800000	135900000	1.0
CM023464.1	136000000	136100000	2.0
CM023464.1	136100000	136200000	1.0
CM023464.1	136200000	136300000	3.0
CM023464.1	136300000	136400000	1.0
CM023464.1	136400000	136500000	2.0
CM023464.1	136600000	136700000	1.0
CM023464.1	136700000	136800000	1.0
CM023464.1	136800000	136900000	2.0
CM023464.1	136900000	137000000	1.0
CM023464.1	137000000	137100000	1.0
CM023464.1	137400000	137500000	3.0
CM023464.1	137500000	137600000	3.0
CM023464.1	137600000	137700000	2.0
CM023464.1	137700000	137800000	4.0
CM023464.1	137800000	137900000	2.0
CM023464.1	137900000	138000000	3.0
CM023464.1	138000000	138100000	1.0
CM023464.1	138100000	138200000	2.0
CM023464.1	138200000	138300000	4.0
CM023464.1	138300000	138400000	7.0
CM023464.1	138600000	138700000	3.0
CM023464.1	138700000	138800000	3.0
CM023464.1	138800000	138900000	4.0
CM023464.1	138900000	139000000	2.0
CM023464.1	139000000	139100000	3.0
CM023464.1	139100000	139200000	3.0
CM023464.1	139200000	139300000	2.0
CM023464.1	139300000	139400000	2.0
CM023464.1	139400000	139500000	3.0
CM023464.1	139500000	139600000	2.0
CM023464.1	139600000	139700000	1.0
CM023464.1	139700000	139800000	1.0
CM023464.1	139900000	140000000	1.0
CM023464.1	140000000	140100000	2.0
CM023464.1	140200000	140300000	2.0
CM023464.1	140300000	140400000	2.0
CM023464.1	140500000	140600000	2.0
CM023464.1	140600000	140700000	3.0
CM023464.1	140900000	141000000	1.0
CM023464.1	141000000	141100000	1.0
CM023464.1	141200000	141300000	2.0
CM023464.1	141600000	141700000	2.0
CM023464.1	141700000	141800000	1.0
CM023464.1	141800000	141900000	4.0
CM023464.1	142000000	142100000	3.0
CM023464.1	142100000	142200000	1.0
CM023464.1	142200000	142300000	1.0
CM023464.1	142400000	142500000	2.0
CM023464.1	142500000	142600000	2.0
CM023464.1	142800000	142900000	1.0
CM023464.1	142900000	143000000	1.0
CM023464.1	143200000	143300000	1.0
CM023464.1	143500000	143600000	1.0
CM023464.1	143600000	143700000	2.0
CM023464.1	143700000	143800000	1.0
CM023464.1	143800000	143900000	2.0
CM023464.1	144000000	144100000	1.0
CM023464.1	144200000	144300000	1.0
CM023464.1	144400000	144500000	1.0
CM023464.1	144500000	144600000	3.0
CM023464.1	144600000	144700000	1.0
CM023464.1	144700000	144800000	5.0
CM023464.1	144800000	144900000	2.0
CM023464.1	145000000	145100000	1.0
CM023464.1	145100000	145200000	1.0
CM023464.1	145300000	145400000	2.0
CM023464.1	145400000	145500000	1.0
CM023464.1	145600000	145700000	1.0
CM023464.1	145700000	145800000	6.0
CM023464.1	145800000	145900000	1.0
CM023464.1	146200000	146300000	2.0
CM023464.1	146300000	146400000	2.0
CM023464.1	146600000	146700000	1.0
CM023464.1	146700000	146800000	1.0
CM023464.1	146800000	146900000	3.0
CM023464.1	146900000	147000000	2.0
CM023464.1	147000000	147100000	3.0
CM023464.1	147100000	147200000	5.0
CM023464.1	147200000	147300000	2.0
CM023464.1	147300000	147400000	2.0
CM023464.1	147400000	147500000	1.0
CM023464.1	147700000	147800000	3.0
CM023464.1	148000000	148100000	1.0
CM023464.1	148100000	148200000	2.0
CM023464.1	148200000	148300000	1.0
CM023464.1	148700000	148800000	1.0
CM023464.1	149000000	149100000	1.0
CM023464.1	149100000	149200000	1.0
CM023464.1	149200000	149300000	1.0
CM023464.1	149400000	149500000	1.0
CM023464.1	149600000	149700000	3.0
CM023464.1	149700000	149800000	1.0
CM023464.1	150100000	150200000	1.0
CM023464.1	150300000	150400000	4.0
CM023464.1	150500000	150600000	3.0
CM023464.1	150600000	150700000	2.0
CM023464.1	150700000	150800000	1.0
CM023464.1	150800000	150900000	1.0
CM023464.1	150900000	151000000	2.0
CM023464.1	151000000	151100000	2.0
CM023464.1	151300000	151400000	1.0
CM023464.1	151400000	151500000	2.0
CM023464.1	151500000	151600000	1.0
CM023464.1	151600000	151700000	1.0
CM023464.1	151700000	151800000	3.0
CM023464.1	152000000	152100000	1.0
CM023464.1	152400000	152500000	1.0
CM023464.1	152600000	152700000	1.0
CM023464.1	152700000	152800000	2.0
CM023464.1	153000000	153100000	3.0
CM023464.1	153100000	153200000	2.0
CM023464.1	153200000	153300000	4.0
CM023464.1	153500000	153600000	1.0
CM023464.1	153600000	153700000	3.0
CM023464.1	153900000	154000000	2.0
CM023464.1	154100000	154200000	1.0
CM023464.1	154300000	154400000	2.0
CM023464.1	154400000	154500000	1.0
CM023464.1	154600000	154700000	1.0
CM023464.1	154700000	154800000	3.0
CM023464.1	154800000	154900000	1.0
CM023464.1	155000000	155100000	1.0
CM023464.1	155200000	155300000	1.0
CM023464.1	155300000	155400000	1.0
CM023464.1	155700000	155800000	1.0
CM023464.1	155800000	155900000	1.0
CM023464.1	156200000	156300000	1.0
CM023464.1	156400000	156500000	2.0
CM023464.1	156500000	156600000	1.0
CM023464.1	156700000	156800000	1.0
CM023464.1	156900000	157000000	1.0
CM023464.1	157000000	157100000	1.0
CM023464.1	157200000	157300000	3.0
CM023464.1	157700000	157800000	1.0
CM023464.1	157800000	157900000	2.0
CM023464.1	158000000	158100000	1.0
CM023464.1	158100000	158200000	1.0
CM023464.1	158500000	158600000	1.0
CM023464.1	158700000	158800000	1.0
CM023464.1	158800000	158900000	1.0
CM023464.1	158900000	159000000	1.0
CM023464.1	159400000	159500000	2.0
CM023464.1	159600000	159700000	2.0
CM023464.1	160400000	160500000	1.0
CM023464.1	160700000	160800000	2.0
CM023464.1	160900000	161000000	1.0
CM023464.1	161000000	161100000	2.0
CM023464.1	161200000	161300000	1.0
CM023464.1	161300000	161400000	1.0
CM023464.1	161800000	161900000	1.0
CM023464.1	161900000	162000000	1.0
CM023464.1	162000000	162100000	2.0
CM023464.1	162200000	162300000	1.0
CM023464.1	162400000	162500000	1.0
CM023464.1	162500000	162600000	1.0
CM023464.1	162900000	163000000	1.0
CM023464.1	163000000	163100000	1.0
CM023464.1	163100000	163200000	1.0
CM023464.1	163400000	163500000	1.0
CM023464.1	163500000	163600000	1.0
CM023464.1	163800000	163900000	4.0
CM023464.1	163900000	164000000	1.0
CM023464.1	164000000	164100000	1.0
CM023464.1	164600000	164700000	2.0
CM023464.1	164700000	164800000	2.0
CM023464.1	164800000	164900000	2.0
CM023464.1	164900000	165000000	1.0
CM023464.1	165000000	165100000	1.0
CM023464.1	165200000	165300000	1.0
CM023464.1	165300000	165400000	2.0
CM023464.1	165900000	166000000	1.0
CM023464.1	166000000	166100000	2.0
CM023464.1	166100000	166200000	1.0
CM023464.1	166300000	166400000	2.0
CM023464.1	166400000	166500000	1.0
CM023464.1	166500000	166600000	3.0
CM023464.1	166600000	166700000	3.0
CM023464.1	166700000	166800000	3.0
CM023464.1	166800000	166900000	1.0
CM023464.1	166900000	167000000	3.0
CM023464.1	167000000	167100000	2.0
CM023464.1	167100000	167200000	4.0
CM023464.1	167300000	167400000	1.0
CM023464.1	167400000	167500000	3.0
CM023464.1	167500000	167600000	1.0
CM023464.1	167600000	167700000	1.0
CM023464.1	167700000	167800000	1.0
CM023464.1	167800000	167900000	1.0
CM023464.1	167900000	168000000	1.0
CM023464.1	168000000	168100000	1.0
CM023464.1	168100000	168200000	1.0
CM023464.1	168300000	168400000	1.0
CM023464.1	168500000	168600000	1.0
CM023464.1	168600000	168700000	2.0
CM023464.1	168700000	168800000	1.0
CM023464.1	168800000	168900000	3.0
CM023464.1	168900000	169000000	3.0
CM023464.1	169000000	169100000	1.0
CM023464.1	169300000	169400000	2.0
CM023464.1	169400000	169500000	2.0
CM023464.1	169500000	169600000	1.0
CM023464.1	169600000	169700000	2.0
CM023464.1	169800000	169900000	1.0
CM023464.1	169900000	170000000	1.0
CM023464.1	170100000	170200000	2.0
CM023464.1	170400000	170500000	1.0
CM023464.1	170600000	170700000	1.0
CM023464.1	170800000	170900000	2.0
CM023464.1	171000000	171100000	1.0
CM023464.1	171100000	171200000	1.0
CM023464.1	171200000	171300000	1.0
CM023464.1	171300000	171400000	1.0
CM023464.1	171600000	171700000	1.0
CM023464.1	172000000	172100000	1.0
CM023464.1	172100000	172200000	1.0
CM023464.1	172200000	172300000	1.0
CM023464.1	172500000	172600000	3.0
CM023464.1	172800000	172900000	1.0
CM023464.1	172900000	173000000	2.0
CM023464.1	173200000	173300000	1.0
CM023464.1	173300000	173400000	1.0
CM023464.1	173400000	173500000	2.0
CM023464.1	173600000	173700000	1.0
CM023464.1	174000000	174100000	4.0
CM023464.1	174300000	174400000	3.0
CM023464.1	174600000	174700000	1.0
CM023464.1	174800000	174900000	1.0
CM023464.1	174900000	175000000	1.0
CM023464.1	175200000	175300000	1.0
CM023464.1	175300000	175400000	1.0
CM023464.1	175400000	175500000	1.0
CM023464.1	175500000	175600000	1.0
CM023464.1	175700000	175800000	2.0
CM023464.1	175800000	175900000	3.0
CM023464.1	175900000	176000000	3.0
CM023464.1	176000000	176100000	3.0
CM023464.1	176100000	176200000	1.0
CM023464.1	176500000	176600000	2.0
CM023464.1	176700000	176800000	4.0
CM023464.1	176800000	176900000	1.0
CM023464.1	176900000	177000000	2.0
CM023464.1	177000000	177100000	1.0
CM023464.1	177100000	177200000	4.0
CM023464.1	177200000	177300000	1.0
CM023464.1	177300000	177400000	1.0
CM023464.1	177700000	177800000	1.0
CM023464.1	177900000	178000000	1.0
CM023464.1	178400000	178500000	1.0
CM023464.1	178800000	178900000	1.0
CM023464.1	178900000	179000000	2.0
CM023464.1	179000000	179100000	1.0
CM023464.1	179200000	179300000	3.0
CM023464.1	179700000	179800000	1.0
CM023464.1	179800000	179900000	1.0
CM023464.1	180200000	180300000	1.0
CM023464.1	180600000	180700000	3.0
CM023464.1	180700000	180800000	1.0
CM023464.1	180800000	180900000	1.0
CM023464.1	181100000	181200000	2.0
CM023464.1	181200000	181300000	1.0
CM023464.1	181300000	181400000	1.0
CM023464.1	181400000	181500000	2.0
CM023464.1	181500000	181600000	2.0
CM023464.1	181600000	181700000	1.0
CM023464.1	182300000	182400000	1.0
CM023464.1	182500000	182600000	1.0
CM023464.1	182900000	183000000	1.0
CM023464.1	183000000	183100000	1.0
CM023464.1	183100000	183200000	1.0
CM023464.1	183200000	183270538	1.0
CM023465.1	0	100000	2.0
CM023465.1	100000	200000	2.0
CM023465.1	300000	400000	3.0
CM023465.1	500000	600000	2.0
CM023465.1	600000	700000	1.0
CM023465.1	700000	800000	1.0
CM023465.1	800000	900000	3.0
CM023465.1	900000	1000000	2.0
CM023465.1	1000000	1100000	1.0
CM023465.1	1200000	1300000	1.0
CM023465.1	1400000	1500000	1.0
CM023465.1	1500000	1600000	5.0
CM023465.1	1600000	1700000	1.0
CM023465.1	1700000	1800000	3.0
CM023465.1	1800000	1900000	4.0
CM023465.1	1900000	2000000	4.0
CM023465.1	2100000	2200000	2.0
CM023465.1	2300000	2400000	1.0
CM023465.1	2400000	2500000	2.0
CM023465.1	2600000	2700000	3.0
CM023465.1	2800000	2900000	2.0
CM023465.1	2900000	3000000	2.0
CM023465.1	3000000	3100000	3.0
CM023465.1	3100000	3200000	1.0
CM023465.1	3200000	3300000	2.0
CM023465.1	3300000	3400000	3.0
CM023465.1	3400000	3500000	3.0
CM023465.1	3500000	3600000	1.0
CM023465.1	3600000	3700000	3.0
CM023465.1	3700000	3800000	3.0
CM023465.1	4000000	4100000	2.0
CM023465.1	4300000	4400000	2.0
CM023465.1	4400000	4500000	1.0
CM023465.1	4500000	4600000	1.0
CM023465.1	4600000	4700000	2.0
CM023465.1	5000000	5100000	1.0
CM023465.1	5700000	5800000	1.0
CM023465.1	5800000	5900000	2.0
CM023465.1	5900000	6000000	1.0
CM023465.1	6000000	6100000	2.0
CM023465.1	6400000	6500000	1.0
CM023465.1	6700000	6800000	1.0
CM023465.1	7500000	7600000	1.0
CM023465.1	7600000	7700000	1.0
CM023465.1	7700000	7800000	1.0
CM023465.1	7800000	7900000	2.0
CM023465.1	7900000	8000000	4.0
CM023465.1	8000000	8100000	1.0
CM023465.1	8100000	8200000	3.0
CM023465.1	8300000	8400000	1.0
CM023465.1	8400000	8500000	2.0
CM023465.1	8600000	8700000	3.0
CM023465.1	8800000	8900000	1.0
CM023465.1	9100000	9200000	1.0
CM023465.1	9200000	9300000	3.0
CM023465.1	9300000	9400000	3.0
CM023465.1	9400000	9500000	1.0
CM023465.1	9600000	9700000	1.0
CM023465.1	9800000	9900000	1.0
CM023465.1	10300000	10400000	1.0
CM023465.1	10400000	10500000	1.0
CM023465.1	10700000	10800000	1.0
CM023465.1	11400000	11500000	1.0
CM023465.1	11500000	11600000	2.0
CM023465.1	11900000	12000000	1.0
CM023465.1	12200000	12300000	1.0
CM023465.1	12300000	12400000	3.0
CM023465.1	12600000	12700000	2.0
CM023465.1	12800000	12900000	1.0
CM023465.1	13000000	13100000	1.0
CM023465.1	13300000	13400000	1.0
CM023465.1	13400000	13500000	2.0
CM023465.1	13600000	13700000	3.0
CM023465.1	13700000	13800000	1.0
CM023465.1	14000000	14100000	2.0
CM023465.1	14200000	14300000	1.0
CM023465.1	14300000	14400000	1.0
CM023465.1	14400000	14500000	1.0
CM023465.1	14500000	14600000	1.0
CM023465.1	14700000	14800000	1.0
CM023465.1	15000000	15100000	1.0
CM023465.1	15100000	15200000	1.0
CM023465.1	15300000	15400000	1.0
CM023465.1	15400000	15500000	1.0
CM023465.1	16400000	16500000	5.0
CM023465.1	16500000	16600000	2.0
CM023465.1	16700000	16800000	2.0
CM023465.1	16800000	16900000	2.0
CM023465.1	16900000	17000000	4.0
CM023465.1	17100000	17200000	1.0
CM023465.1	17200000	17300000	2.0
CM023465.1	17300000	17400000	2.0
CM023465.1	17400000	17500000	2.0
CM023465.1	17500000	17600000	1.0
CM023465.1	17700000	17800000	1.0
CM023465.1	18100000	18200000	3.0
CM023465.1	18200000	18300000	1.0
CM023465.1	18400000	18500000	2.0
CM023465.1	18500000	18600000	3.0
CM023465.1	18600000	18700000	3.0
CM023465.1	18700000	18800000	1.0
CM023465.1	18800000	18900000	4.0
CM023465.1	19200000	19300000	2.0
CM023465.1	19300000	19400000	1.0
CM023465.1	19400000	19500000	2.0
CM023465.1	19600000	19700000	3.0
CM023465.1	19900000	20000000	2.0
CM023465.1	20200000	20300000	1.0
CM023465.1	20400000	20500000	2.0
CM023465.1	20600000	20700000	5.0
CM023465.1	20700000	20800000	3.0
CM023465.1	20800000	20900000	1.0
CM023465.1	21000000	21100000	3.0
CM023465.1	21200000	21300000	1.0
CM023465.1	21300000	21400000	1.0
CM023465.1	21400000	21500000	1.0
CM023465.1	21500000	21600000	1.0
CM023465.1	21600000	21700000	3.0
CM023465.1	21700000	21800000	2.0
CM023465.1	21800000	21900000	5.0
CM023465.1	21900000	22000000	1.0
CM023465.1	22100000	22200000	1.0
CM023465.1	22200000	22300000	2.0
CM023465.1	22300000	22400000	2.0
CM023465.1	22500000	22600000	2.0
CM023465.1	22600000	22700000	3.0
CM023465.1	22700000	22800000	1.0
CM023465.1	22800000	22900000	5.0
CM023465.1	23000000	23100000	2.0
CM023465.1	23100000	23200000	1.0
CM023465.1	23200000	23300000	2.0
CM023465.1	23300000	23400000	1.0
CM023465.1	23400000	23500000	1.0
CM023465.1	23500000	23600000	3.0
CM023465.1	23600000	23700000	2.0
CM023465.1	24000000	24100000	3.0
CM023465.1	24100000	24200000	1.0
CM023465.1	24200000	24300000	1.0
CM023465.1	24300000	24400000	3.0
CM023465.1	24400000	24500000	1.0
CM023465.1	24500000	24600000	1.0
CM023465.1	24600000	24700000	1.0
CM023465.1	24700000	24800000	1.0
CM023465.1	24800000	24900000	2.0
CM023465.1	24900000	25000000	1.0
CM023465.1	26000000	26100000	1.0
CM023465.1	26100000	26200000	1.0
CM023465.1	26200000	26300000	1.0
CM023465.1	26300000	26400000	1.0
CM023465.1	26400000	26500000	1.0
CM023465.1	26700000	26800000	1.0
CM023465.1	27300000	27400000	1.0
CM023465.1	28000000	28100000	1.0
CM023465.1	28200000	28300000	1.0
CM023465.1	28300000	28400000	2.0
CM023465.1	28400000	28500000	1.0
CM023465.1	28500000	28600000	1.0
CM023465.1	29000000	29100000	1.0
CM023465.1	29200000	29300000	1.0
CM023465.1	29600000	29700000	3.0
CM023465.1	29800000	29900000	1.0
CM023465.1	29900000	30000000	2.0
CM023465.1	30100000	30200000	1.0
CM023465.1	30200000	30300000	1.0
CM023465.1	30300000	30400000	1.0
CM023465.1	30500000	30600000	1.0
CM023465.1	31100000	31200000	2.0
CM023465.1	31200000	31300000	1.0
CM023465.1	31300000	31400000	1.0
CM023465.1	31500000	31600000	1.0
CM023465.1	31600000	31700000	2.0
CM023465.1	31800000	31900000	1.0
CM023465.1	32000000	32100000	1.0
CM023465.1	32400000	32500000	1.0
CM023465.1	32600000	32700000	2.0
CM023465.1	32800000	32900000	2.0
CM023465.1	32900000	33000000	1.0
CM023465.1	33200000	33300000	1.0
CM023465.1	33300000	33400000	1.0
CM023465.1	33400000	33500000	4.0
CM023465.1	33700000	33800000	2.0
CM023465.1	33800000	33900000	1.0
CM023465.1	33900000	34000000	1.0
CM023465.1	34600000	34700000	1.0
CM023465.1	34800000	34900000	2.0
CM023465.1	35000000	35100000	1.0
CM023465.1	35400000	35500000	2.0
CM023465.1	35500000	35600000	2.0
CM023465.1	35800000	35900000	3.0
CM023465.1	35900000	36000000	1.0
CM023465.1	36100000	36200000	1.0
CM023465.1	36300000	36400000	1.0
CM023465.1	36400000	36500000	2.0
CM023465.1	36500000	36600000	1.0
CM023465.1	36600000	36700000	1.0
CM023465.1	36800000	36900000	1.0
CM023465.1	37200000	37300000	1.0
CM023465.1	37400000	37500000	1.0
CM023465.1	37600000	37700000	1.0
CM023465.1	37700000	37800000	1.0
CM023465.1	37800000	37900000	4.0
CM023465.1	37900000	38000000	1.0
CM023465.1	38000000	38100000	3.0
CM023465.1	38100000	38200000	1.0
CM023465.1	38300000	38400000	1.0
CM023465.1	38400000	38500000	1.0
CM023465.1	38500000	38600000	1.0
CM023465.1	38700000	38800000	3.0
CM023465.1	38800000	38900000	1.0
CM023465.1	38900000	39000000	1.0
CM023465.1	39000000	39100000	1.0
CM023465.1	39200000	39300000	1.0
CM023465.1	39500000	39600000	1.0
CM023465.1	39800000	39900000	1.0
CM023465.1	39900000	40000000	1.0
CM023465.1	40000000	40100000	2.0
CM023465.1	40100000	40200000	1.0
CM023465.1	40200000	40300000	1.0
CM023465.1	40400000	40500000	1.0
CM023465.1	40900000	41000000	1.0
CM023465.1	41000000	41100000	1.0
CM023465.1	41200000	41300000	5.0
CM023465.1	41300000	41400000	3.0
CM023465.1	41400000	41500000	1.0
CM023465.1	41500000	41600000	2.0
CM023465.1	41700000	41800000	2.0
CM023465.1	41800000	41900000	2.0
CM023465.1	42000000	42100000	4.0
CM023465.1	42100000	42200000	1.0
CM023465.1	42200000	42300000	1.0
CM023465.1	42300000	42400000	2.0
CM023465.1	42400000	42500000	2.0
CM023465.1	42500000	42600000	1.0
CM023465.1	42700000	42800000	1.0
CM023465.1	43100000	43200000	2.0
CM023465.1	43300000	43400000	1.0
CM023465.1	43900000	44000000	1.0
CM023465.1	44000000	44100000	3.0
CM023465.1	44100000	44200000	3.0
CM023465.1	44200000	44300000	1.0
CM023465.1	44400000	44500000	2.0
CM023465.1	44500000	44600000	1.0
CM023465.1	44600000	44700000	3.0
CM023465.1	44700000	44800000	1.0
CM023465.1	45200000	45300000	1.0
CM023465.1	45300000	45400000	1.0
CM023465.1	45400000	45500000	3.0
CM023465.1	45500000	45600000	2.0
CM023465.1	45600000	45700000	3.0
CM023465.1	45800000	45900000	1.0
CM023465.1	45900000	46000000	1.0
CM023465.1	46100000	46200000	1.0
CM023465.1	46200000	46300000	1.0
CM023465.1	46300000	46400000	1.0
CM023465.1	46500000	46600000	1.0
CM023465.1	46700000	46800000	2.0
CM023465.1	46900000	47000000	1.0
CM023465.1	47000000	47100000	1.0
CM023465.1	47200000	47300000	2.0
CM023465.1	47500000	47600000	1.0
CM023465.1	47600000	47700000	1.0
CM023465.1	47800000	47900000	1.0
CM023465.1	47900000	48000000	2.0
CM023465.1	48000000	48100000	1.0
CM023465.1	48100000	48200000	1.0
CM023465.1	48200000	48300000	2.0
CM023465.1	49100000	49200000	2.0
CM023465.1	49500000	49600000	1.0
CM023465.1	49700000	49800000	5.0
CM023465.1	49800000	49900000	1.0
CM023465.1	50200000	50300000	1.0
CM023465.1	50300000	50400000	1.0
CM023465.1	50700000	50800000	2.0
CM023465.1	50800000	50900000	2.0
CM023465.1	50900000	51000000	1.0
CM023465.1	51000000	51100000	1.0
CM023465.1	51100000	51200000	1.0
CM023465.1	51300000	51400000	1.0
CM023465.1	51500000	51600000	1.0
CM023465.1	51900000	52000000	2.0
CM023465.1	52200000	52300000	1.0
CM023465.1	52400000	52500000	3.0
CM023465.1	52600000	52700000	1.0
CM023465.1	52700000	52800000	2.0
CM023465.1	52800000	52900000	1.0
CM023465.1	52900000	53000000	2.0
CM023465.1	53000000	53100000	2.0
CM023465.1	53500000	53600000	1.0
CM023465.1	53600000	53700000	2.0
CM023465.1	53700000	53800000	3.0
CM023465.1	53800000	53900000	1.0
CM023465.1	54400000	54500000	1.0
CM023465.1	54700000	54800000	1.0
CM023465.1	55500000	55600000	1.0
CM023465.1	55600000	55700000	2.0
CM023465.1	55700000	55800000	4.0
CM023465.1	55800000	55900000	1.0
CM023465.1	55900000	56000000	2.0
CM023465.1	56000000	56100000	2.0
CM023465.1	56100000	56200000	2.0
CM023465.1	56200000	56300000	2.0
CM023465.1	56400000	56500000	1.0
CM023465.1	56600000	56700000	1.0
CM023465.1	56700000	56800000	1.0
CM023465.1	56800000	56900000	2.0
CM023465.1	57100000	57200000	3.0
CM023465.1	57200000	57300000	1.0
CM023465.1	57300000	57400000	2.0
CM023465.1	57500000	57600000	2.0
CM023465.1	57700000	57800000	1.0
CM023465.1	57800000	57900000	1.0
CM023465.1	57900000	58000000	1.0
CM023465.1	58000000	58100000	3.0
CM023465.1	58100000	58200000	1.0
CM023465.1	58600000	58700000	1.0
CM023465.1	58800000	58900000	2.0
CM023465.1	58900000	59000000	2.0
CM023465.1	59000000	59100000	1.0
CM023465.1	59100000	59200000	1.0
CM023465.1	59300000	59400000	1.0
CM023465.1	59500000	59600000	1.0
CM023465.1	59700000	59800000	1.0
CM023465.1	59800000	59900000	1.0
CM023465.1	60000000	60100000	6.0
CM023465.1	60100000	60200000	3.0
CM023465.1	60200000	60300000	4.0
CM023465.1	60300000	60400000	1.0
CM023465.1	60400000	60500000	2.0
CM023465.1	60500000	60600000	1.0
CM023465.1	60800000	60900000	1.0
CM023465.1	60900000	61000000	1.0
CM023465.1	61000000	61100000	2.0
CM023465.1	61100000	61200000	2.0
CM023465.1	61200000	61300000	3.0
CM023465.1	61300000	61400000	2.0
CM023465.1	61500000	61600000	2.0
CM023465.1	61600000	61700000	2.0
CM023465.1	61700000	61800000	5.0
CM023465.1	61800000	61900000	1.0
CM023465.1	62000000	62100000	3.0
CM023465.1	62100000	62200000	4.0
CM023465.1	62200000	62300000	2.0
CM023465.1	62400000	62500000	1.0
CM023465.1	62500000	62600000	1.0
CM023465.1	62600000	62700000	3.0
CM023465.1	62700000	62800000	2.0
CM023465.1	62900000	63000000	3.0
CM023465.1	63000000	63100000	2.0
CM023465.1	63100000	63200000	3.0
CM023465.1	63200000	63300000	5.0
CM023465.1	63300000	63400000	1.0
CM023465.1	63400000	63500000	6.0
CM023465.1	63500000	63600000	1.0
CM023465.1	63700000	63800000	1.0
CM023465.1	63800000	63900000	1.0
CM023465.1	63900000	64000000	2.0
CM023465.1	64000000	64100000	2.0
CM023465.1	64100000	64200000	5.0
CM023465.1	64200000	64300000	1.0
CM023465.1	64300000	64400000	1.0
CM023465.1	64400000	64500000	2.0
CM023465.1	64500000	64600000	4.0
CM023465.1	64600000	64700000	1.0
CM023465.1	64700000	64800000	1.0
CM023465.1	64800000	64900000	1.0
CM023465.1	64900000	65000000	2.0
CM023465.1	65300000	65400000	2.0
CM023465.1	65400000	65500000	1.0
CM023465.1	65500000	65600000	2.0
CM023465.1	65700000	65800000	1.0
CM023465.1	65900000	66000000	3.0
CM023465.1	66000000	66100000	1.0
CM023465.1	66100000	66200000	1.0
CM023465.1	66200000	66300000	1.0
CM023465.1	66300000	66400000	2.0
CM023465.1	66500000	66600000	1.0
CM023465.1	66700000	66800000	1.0
CM023465.1	66900000	67000000	2.0
CM023465.1	67000000	67100000	1.0
CM023465.1	67100000	67200000	1.0
CM023465.1	67200000	67300000	1.0
CM023465.1	67300000	67400000	1.0
CM023465.1	67400000	67500000	2.0
CM023465.1	67500000	67600000	1.0
CM023465.1	67600000	67700000	3.0
CM023465.1	67700000	67800000	1.0
CM023465.1	67800000	67900000	2.0
CM023465.1	68000000	68100000	1.0
CM023465.1	68200000	68300000	2.0
CM023465.1	68300000	68400000	3.0
CM023465.1	68400000	68500000	2.0
CM023465.1	68500000	68600000	2.0
CM023465.1	68600000	68700000	2.0
CM023465.1	68700000	68800000	2.0
CM023465.1	68800000	68900000	1.0
CM023465.1	69200000	69300000	1.0
CM023465.1	69300000	69400000	1.0
CM023465.1	69400000	69500000	3.0
CM023465.1	69800000	69900000	2.0
CM023465.1	70000000	70100000	2.0
CM023465.1	70100000	70200000	2.0
CM023465.1	70200000	70300000	1.0
CM023465.1	70300000	70400000	6.0
CM023465.1	70400000	70500000	5.0
CM023465.1	70500000	70600000	3.0
CM023465.1	70800000	70900000	2.0
CM023465.1	70900000	71000000	3.0
CM023465.1	71000000	71100000	3.0
CM023465.1	71200000	71300000	3.0
CM023465.1	71300000	71400000	1.0
CM023465.1	71600000	71700000	2.0
CM023465.1	71900000	72000000	1.0
CM023465.1	72200000	72300000	1.0
CM023465.1	72400000	72500000	1.0
CM023465.1	72500000	72600000	2.0
CM023465.1	72700000	72800000	1.0
CM023465.1	72900000	73000000	1.0
CM023465.1	73000000	73100000	1.0
CM023465.1	73200000	73300000	2.0
CM023465.1	73300000	73400000	1.0
CM023465.1	73400000	73500000	1.0
CM023465.1	73500000	73600000	2.0
CM023465.1	73600000	73700000	1.0
CM023465.1	73800000	73900000	1.0
CM023465.1	73900000	74000000	1.0
CM023465.1	74000000	74100000	1.0
CM023465.1	74100000	74200000	1.0
CM023465.1	74500000	74600000	3.0
CM023465.1	74800000	74900000	2.0
CM023465.1	75000000	75100000	1.0
CM023465.1	75400000	75500000	1.0
CM023465.1	75500000	75600000	1.0
CM023465.1	75900000	76000000	1.0
CM023465.1	76000000	76100000	3.0
CM023465.1	76100000	76200000	1.0
CM023465.1	76200000	76300000	1.0
CM023465.1	76300000	76400000	1.0
CM023465.1	76400000	76500000	2.0
CM023465.1	76600000	76700000	1.0
CM023465.1	76800000	76900000	1.0
CM023465.1	77000000	77100000	1.0
CM023465.1	77100000	77200000	1.0
CM023465.1	77300000	77400000	1.0
CM023465.1	77400000	77500000	1.0
CM023465.1	77600000	77700000	1.0
CM023465.1	77700000	77800000	2.0
CM023465.1	77800000	77900000	1.0
CM023465.1	78000000	78100000	1.0
CM023465.1	78400000	78500000	1.0
CM023465.1	78600000	78700000	2.0
CM023465.1	78700000	78800000	2.0
CM023465.1	78800000	78900000	1.0
CM023465.1	78900000	79000000	2.0
CM023465.1	79000000	79100000	1.0
CM023465.1	79500000	79600000	1.0
CM023465.1	79600000	79700000	1.0
CM023465.1	79700000	79800000	3.0
CM023465.1	79800000	79900000	2.0
CM023465.1	79900000	80000000	1.0
CM023465.1	80000000	80100000	1.0
CM023465.1	80100000	80200000	2.0
CM023465.1	80300000	80400000	4.0
CM023465.1	80400000	80500000	2.0
CM023465.1	80500000	80600000	5.0
CM023465.1	80800000	80900000	3.0
CM023465.1	80900000	81000000	1.0
CM023465.1	81400000	81500000	2.0
CM023465.1	81500000	81600000	1.0
CM023465.1	81700000	81800000	1.0
CM023465.1	81800000	81900000	2.0
CM023465.1	81900000	82000000	1.0
CM023465.1	82000000	82100000	1.0
CM023465.1	82100000	82200000	1.0
CM023465.1	82200000	82300000	2.0
CM023465.1	82400000	82500000	3.0
CM023465.1	82500000	82600000	2.0
CM023465.1	82600000	82700000	2.0
CM023465.1	82700000	82800000	5.0
CM023465.1	82800000	82900000	1.0
CM023465.1	82900000	83000000	1.0
CM023465.1	83000000	83100000	1.0
CM023465.1	83200000	83300000	1.0
CM023465.1	83300000	83400000	2.0
CM023465.1	83500000	83600000	1.0
CM023465.1	83600000	83700000	5.0
CM023465.1	83700000	83800000	2.0
CM023465.1	83800000	83900000	2.0
CM023465.1	83900000	84000000	5.0
CM023465.1	84200000	84300000	5.0
CM023465.1	84300000	84400000	1.0
CM023465.1	84400000	84500000	3.0
CM023465.1	84900000	85000000	1.0
CM023465.1	85000000	85100000	1.0
CM023465.1	85100000	85200000	1.0
CM023465.1	85200000	85300000	1.0
CM023465.1	85400000	85500000	2.0
CM023465.1	85500000	85600000	2.0
CM023465.1	85700000	85800000	1.0
CM023465.1	85800000	85900000	1.0
CM023465.1	85900000	86000000	4.0
CM023465.1	86000000	86100000	2.0
CM023465.1	86100000	86200000	5.0
CM023465.1	86200000	86300000	5.0
CM023465.1	86300000	86400000	2.0
CM023465.1	86400000	86500000	2.0
CM023465.1	86600000	86700000	1.0
CM023465.1	86700000	86800000	3.0
CM023465.1	86800000	86900000	2.0
CM023465.1	86900000	87000000	2.0
CM023465.1	87000000	87100000	1.0
CM023465.1	87400000	87500000	2.0
CM023465.1	87500000	87600000	1.0
CM023465.1	87600000	87700000	1.0
CM023465.1	87700000	87800000	3.0
CM023465.1	87800000	87900000	1.0
CM023465.1	88000000	88100000	3.0
CM023465.1	88200000	88300000	1.0
CM023465.1	88300000	88400000	1.0
CM023465.1	88400000	88500000	1.0
CM023465.1	88700000	88800000	1.0
CM023465.1	88800000	88900000	1.0
CM023465.1	89000000	89100000	1.0
CM023465.1	89300000	89400000	1.0
CM023465.1	89500000	89600000	3.0
CM023465.1	89900000	90000000	1.0
CM023465.1	90200000	90300000	1.0
CM023465.1	90500000	90600000	1.0
CM023465.1	90600000	90700000	1.0
CM023465.1	90900000	91000000	2.0
CM023465.1	91000000	91100000	1.0
CM023465.1	92300000	92400000	1.0
CM023465.1	92400000	92500000	1.0
CM023465.1	93100000	93200000	1.0
CM023465.1	93400000	93500000	4.0
CM023465.1	93900000	94000000	3.0
CM023465.1	94000000	94100000	2.0
CM023465.1	94100000	94200000	3.0
CM023465.1	94200000	94300000	1.0
CM023465.1	94300000	94400000	1.0
CM023465.1	94600000	94700000	5.0
CM023465.1	94700000	94800000	1.0
CM023465.1	94800000	94900000	1.0
CM023465.1	94900000	95000000	2.0
CM023465.1	95000000	95100000	1.0
CM023465.1	95100000	95200000	4.0
CM023465.1	95200000	95300000	3.0
CM023465.1	95700000	95800000	1.0
CM023465.1	95800000	95900000	3.0
CM023465.1	95900000	96000000	2.0
CM023465.1	96000000	96100000	2.0
CM023465.1	96100000	96200000	1.0
CM023465.1	96200000	96300000	1.0
CM023465.1	96300000	96400000	1.0
CM023465.1	96400000	96500000	1.0
CM023465.1	96500000	96600000	1.0
CM023465.1	96700000	96800000	1.0
CM023465.1	96800000	96900000	2.0
CM023465.1	96900000	97000000	3.0
CM023465.1	97000000	97100000	1.0
CM023465.1	97100000	97200000	1.0
CM023465.1	97600000	97700000	3.0
CM023465.1	97700000	97800000	3.0
CM023465.1	97800000	97900000	2.0
CM023465.1	97900000	98000000	1.0
CM023465.1	98000000	98100000	1.0
CM023465.1	98100000	98200000	3.0
CM023465.1	98200000	98300000	1.0
CM023465.1	98300000	98400000	1.0
CM023465.1	98400000	98500000	5.0
CM023465.1	98500000	98600000	3.0
CM023465.1	98600000	98700000	10.0
CM023465.1	98700000	98800000	4.0
CM023465.1	98800000	98900000	3.0
CM023465.1	98900000	99000000	2.0
CM023465.1	99100000	99200000	2.0
CM023465.1	99200000	99300000	5.0
CM023465.1	99300000	99400000	3.0
CM023465.1	99400000	99500000	3.0
CM023465.1	99800000	99900000	1.0
CM023465.1	99900000	100000000	3.0
CM023465.1	100200000	100300000	2.0
CM023465.1	100400000	100500000	1.0
CM023465.1	100500000	100600000	3.0
CM023465.1	100600000	100700000	3.0
CM023465.1	100700000	100800000	1.0
CM023465.1	100800000	100900000	1.0
CM023465.1	101000000	101100000	1.0
CM023465.1	101300000	101400000	2.0
CM023465.1	101400000	101500000	1.0
CM023465.1	101500000	101600000	3.0
CM023465.1	101600000	101700000	1.0
CM023465.1	101700000	101800000	1.0
CM023465.1	101800000	101900000	2.0
CM023465.1	102000000	102100000	1.0
CM023465.1	102100000	102200000	2.0
CM023465.1	102200000	102300000	2.0
CM023465.1	102700000	102800000	1.0
CM023465.1	102800000	102900000	5.0
CM023465.1	102900000	103000000	1.0
CM023465.1	103000000	103100000	1.0
CM023465.1	103300000	103400000	1.0
CM023465.1	103400000	103500000	1.0
CM023465.1	103700000	103800000	2.0
CM023465.1	104200000	104300000	1.0
CM023465.1	104400000	104500000	2.0
CM023465.1	104500000	104600000	1.0
CM023465.1	104600000	104700000	1.0
CM023465.1	104700000	104800000	1.0
CM023465.1	104800000	104900000	1.0
CM023465.1	104900000	105000000	2.0
CM023465.1	105000000	105100000	3.0
CM023465.1	105100000	105200000	2.0
CM023465.1	105200000	105300000	2.0
CM023465.1	105300000	105400000	4.0
CM023465.1	105400000	105500000	3.0
CM023465.1	105500000	105600000	2.0
CM023465.1	105600000	105700000	1.0
CM023465.1	105700000	105800000	4.0
CM023465.1	105800000	105900000	1.0
CM023465.1	105900000	106000000	3.0
CM023465.1	106000000	106100000	4.0
CM023465.1	106100000	106200000	1.0
CM023465.1	106200000	106300000	1.0
CM023465.1	106300000	106400000	1.0
CM023465.1	106400000	106500000	1.0
CM023465.1	106500000	106600000	3.0
CM023465.1	106700000	106800000	2.0
CM023465.1	106800000	106900000	2.0
CM023465.1	106900000	107000000	1.0
CM023465.1	107100000	107200000	1.0
CM023465.1	107200000	107300000	1.0
CM023465.1	107300000	107400000	1.0
CM023465.1	107400000	107500000	2.0
CM023465.1	107600000	107700000	1.0
CM023465.1	108000000	108100000	1.0
CM023465.1	108500000	108600000	1.0
CM023465.1	108600000	108700000	1.0
CM023465.1	108800000	108900000	1.0
CM023465.1	109200000	109300000	3.0
CM023465.1	109400000	109500000	1.0
CM023465.1	109500000	109600000	2.0
CM023465.1	109900000	110000000	2.0
CM023465.1	110000000	110100000	4.0
CM023465.1	110100000	110200000	7.0
CM023465.1	110200000	110300000	1.0
CM023465.1	110300000	110400000	1.0
CM023465.1	110400000	110500000	3.0
CM023465.1	110500000	110600000	4.0
CM023465.1	110600000	110700000	3.0
CM023465.1	110700000	110800000	1.0
CM023465.1	110800000	110900000	2.0
CM023465.1	111000000	111100000	1.0
CM023465.1	111200000	111300000	1.0
CM023465.1	111300000	111400000	1.0
CM023465.1	112100000	112200000	1.0
CM023465.1	112300000	112400000	1.0
CM023465.1	112400000	112500000	2.0
CM023465.1	112500000	112600000	3.0
CM023465.1	112700000	112800000	1.0
CM023465.1	112800000	112900000	1.0
CM023465.1	113000000	113100000	5.0
CM023465.1	113100000	113200000	2.0
CM023465.1	113200000	113300000	4.0
CM023465.1	113300000	113400000	3.0
CM023465.1	113400000	113500000	4.0
CM023465.1	113500000	113600000	2.0
CM023465.1	114100000	114200000	1.0
CM023465.1	114300000	114400000	1.0
CM023465.1	114500000	114600000	1.0
CM023465.1	114600000	114700000	3.0
CM023465.1	114700000	114800000	3.0
CM023465.1	114800000	114900000	3.0
CM023465.1	114900000	115000000	1.0
CM023465.1	115000000	115100000	2.0
CM023465.1	115200000	115300000	3.0
CM023465.1	115300000	115400000	2.0
CM023465.1	115400000	115500000	3.0
CM023465.1	115500000	115600000	2.0
CM023465.1	115600000	115700000	1.0
CM023465.1	115700000	115800000	2.0
CM023465.1	115800000	115900000	2.0
CM023465.1	115900000	116000000	2.0
CM023465.1	116000000	116100000	4.0
CM023465.1	116100000	116200000	2.0
CM023465.1	116200000	116300000	3.0
CM023465.1	116300000	116400000	2.0
CM023465.1	116400000	116500000	2.0
CM023465.1	116500000	116600000	3.0
CM023465.1	116600000	116700000	1.0
CM023465.1	116700000	116800000	1.0
CM023465.1	116800000	116900000	1.0
CM023465.1	117000000	117100000	2.0
CM023465.1	117100000	117200000	1.0
CM023465.1	117200000	117300000	1.0
CM023465.1	117300000	117400000	6.0
CM023465.1	117400000	117500000	3.0
CM023465.1	117500000	117600000	2.0
CM023465.1	117600000	117700000	1.0
CM023465.1	117700000	117800000	1.0
CM023465.1	117800000	117900000	3.0
CM023465.1	117900000	118000000	1.0
CM023465.1	118000000	118100000	1.0
CM023465.1	118100000	118200000	2.0
CM023465.1	118200000	118300000	3.0
CM023465.1	118300000	118400000	3.0
CM023465.1	118400000	118500000	2.0
CM023465.1	118500000	118600000	2.0
CM023465.1	118700000	118800000	1.0
CM023465.1	119100000	119200000	2.0
CM023465.1	119200000	119300000	1.0
CM023465.1	119300000	119400000	1.0
CM023465.1	119400000	119500000	3.0
CM023465.1	119500000	119600000	3.0
CM023465.1	119600000	119700000	2.0
CM023465.1	119900000	120000000	2.0
CM023465.1	120000000	120100000	5.0
CM023465.1	120100000	120200000	3.0
CM023465.1	120200000	120300000	2.0
CM023465.1	120400000	120500000	1.0
CM023465.1	120600000	120700000	4.0
CM023465.1	120700000	120800000	6.0
CM023465.1	120800000	120900000	4.0
CM023465.1	120900000	121000000	1.0
CM023465.1	121100000	121200000	1.0
CM023465.1	121800000	121900000	2.0
CM023465.1	121900000	122000000	2.0
CM023465.1	122000000	122100000	2.0
CM023465.1	122100000	122200000	2.0
CM023465.1	122200000	122300000	1.0
CM023465.1	122600000	122700000	1.0
CM023465.1	122700000	122800000	1.0
CM023465.1	122800000	122900000	1.0
CM023465.1	122900000	123000000	1.0
CM023465.1	123000000	123100000	4.0
CM023465.1	123100000	123200000	1.0
CM023465.1	123200000	123300000	2.0
CM023465.1	123400000	123500000	3.0
CM023465.1	123900000	124000000	5.0
CM023465.1	124000000	124100000	4.0
CM023465.1	124100000	124200000	1.0
CM023465.1	124300000	124400000	4.0
CM023465.1	124400000	124500000	3.0
CM023465.1	124500000	124600000	1.0
CM023465.1	124800000	124900000	2.0
CM023465.1	124900000	125000000	6.0
CM023465.1	125000000	125100000	2.0
CM023465.1	125100000	125200000	1.0
CM023465.1	125500000	125600000	3.0
CM023465.1	125600000	125700000	7.0
CM023465.1	126100000	126200000	3.0
CM023465.1	126200000	126300000	2.0
CM023465.1	126400000	126500000	1.0
CM023465.1	126500000	126600000	2.0
CM023465.1	126600000	126700000	8.0
CM023465.1	126700000	126800000	5.0
CM023465.1	126800000	126900000	3.0
CM023465.1	126900000	127000000	2.0
CM023465.1	127100000	127200000	1.0
CM023465.1	127200000	127300000	1.0
CM023465.1	127300000	127400000	3.0
CM023465.1	127400000	127500000	1.0
CM023465.1	127500000	127600000	1.0
CM023465.1	127600000	127700000	2.0
CM023465.1	127700000	127800000	1.0
CM023465.1	127800000	127900000	1.0
CM023465.1	127900000	128000000	2.0
CM023465.1	128000000	128100000	4.0
CM023465.1	128100000	128200000	2.0
CM023465.1	128300000	128400000	3.0
CM023465.1	128400000	128500000	1.0
CM023465.1	128700000	128800000	6.0
CM023465.1	128900000	129000000	2.0
CM023465.1	129000000	129100000	2.0
CM023465.1	129100000	129200000	1.0
CM023465.1	129400000	129500000	1.0
CM023465.1	129500000	129600000	1.0
CM023465.1	129600000	129700000	3.0
CM023465.1	129900000	130000000	1.0
CM023465.1	130000000	130100000	1.0
CM023465.1	130100000	130200000	2.0
CM023465.1	130200000	130300000	4.0
CM023465.1	130300000	130400000	3.0
CM023465.1	130400000	130500000	1.0
CM023465.1	130500000	130600000	1.0
CM023465.1	130600000	130700000	3.0
CM023465.1	130700000	130800000	3.0
CM023465.1	130900000	131000000	1.0
CM023465.1	131400000	131500000	1.0
CM023465.1	131600000	131700000	1.0
CM023465.1	131700000	131800000	2.0
CM023465.1	131800000	131900000	1.0
CM023465.1	131900000	132000000	6.0
CM023465.1	132000000	132100000	2.0
CM023465.1	132100000	132200000	1.0
CM023465.1	132200000	132300000	2.0
CM023465.1	132300000	132400000	2.0
CM023465.1	132400000	132500000	3.0
CM023465.1	132500000	132600000	3.0
CM023465.1	132700000	132800000	2.0
CM023465.1	132800000	132900000	1.0
CM023465.1	132900000	133000000	3.0
CM023465.1	133000000	133100000	1.0
CM023465.1	133100000	133200000	4.0
CM023465.1	133200000	133300000	2.0
CM023465.1	133300000	133400000	1.0
CM023465.1	134000000	134100000	2.0
CM023465.1	134400000	134500000	1.0
CM023465.1	134600000	134700000	1.0
CM023465.1	134700000	134800000	2.0
CM023465.1	134800000	134900000	1.0
CM023465.1	134900000	135000000	3.0
CM023465.1	135000000	135100000	1.0
CM023465.1	135200000	135300000	1.0
CM023465.1	135300000	135400000	2.0
CM023465.1	135400000	135500000	2.0
CM023465.1	135500000	135600000	1.0
CM023465.1	135600000	135700000	3.0
CM023465.1	135700000	135800000	3.0
CM023465.1	135800000	135900000	4.0
CM023465.1	135900000	136000000	1.0
CM023465.1	136000000	136100000	1.0
CM023465.1	136100000	136200000	3.0
CM023465.1	136200000	136300000	12.0
CM023465.1	136300000	136400000	1.0
CM023465.1	136400000	136500000	3.0
CM023465.1	136500000	136600000	4.0
CM023465.1	136600000	136700000	3.0
CM023465.1	136700000	136800000	2.0
CM023465.1	136800000	136900000	3.0
CM023465.1	136900000	137000000	3.0
CM023465.1	137000000	137100000	3.0
CM023465.1	137100000	137200000	1.0
CM023465.1	137200000	137300000	1.0
CM023465.1	137300000	137400000	2.0
CM023465.1	137500000	137600000	2.0
CM023465.1	137600000	137700000	5.0
CM023465.1	137900000	138000000	1.0
CM023465.1	138100000	138200000	4.0
CM023465.1	138200000	138300000	6.0
CM023465.1	138300000	138400000	1.0
CM023465.1	138400000	138500000	1.0
CM023465.1	138600000	138700000	1.0
CM023465.1	138700000	138800000	1.0
CM023465.1	138800000	138900000	2.0
CM023465.1	138900000	139000000	3.0
CM023465.1	139300000	139400000	1.0
CM023465.1	139400000	139500000	1.0
CM023465.1	139500000	139600000	2.0
CM023465.1	139600000	139700000	2.0
CM023465.1	139700000	139800000	1.0
CM023465.1	139800000	139900000	1.0
CM023465.1	139900000	140000000	1.0
CM023465.1	140000000	140100000	4.0
CM023465.1	140100000	140200000	7.0
CM023465.1	140200000	140300000	1.0
CM023465.1	140300000	140400000	6.0
CM023465.1	140600000	140700000	1.0
CM023465.1	140800000	140900000	2.0
CM023465.1	140900000	141000000	1.0
CM023465.1	141000000	141100000	1.0
CM023465.1	141100000	141200000	2.0
CM023465.1	141200000	141300000	3.0
CM023465.1	141400000	141500000	2.0
CM023465.1	141500000	141600000	3.0
CM023465.1	141600000	141700000	1.0
CM023465.1	141700000	141800000	1.0
CM023465.1	141900000	142000000	1.0
CM023465.1	142000000	142100000	1.0
CM023465.1	142100000	142200000	2.0
CM023465.1	142200000	142300000	5.0
CM023465.1	142300000	142400000	7.0
CM023465.1	142400000	142500000	1.0
CM023465.1	142500000	142600000	1.0
CM023465.1	142600000	142700000	1.0
CM023465.1	142900000	143000000	2.0
CM023465.1	143000000	143100000	2.0
CM023465.1	143100000	143200000	1.0
CM023465.1	143200000	143300000	5.0
CM023465.1	143400000	143500000	3.0
CM023465.1	143500000	143600000	2.0
CM023465.1	143700000	143800000	2.0
CM023465.1	143800000	143900000	3.0
CM023465.1	143900000	144000000	3.0
CM023465.1	144000000	144100000	2.0
CM023465.1	144100000	144200000	1.0
CM023465.1	144200000	144300000	2.0
CM023465.1	144300000	144400000	4.0
CM023465.1	144800000	144900000	4.0
CM023465.1	145000000	145100000	1.0
CM023465.1	145600000	145700000	3.0
CM023465.1	145700000	145800000	5.0
CM023465.1	145800000	145900000	2.0
CM023465.1	145900000	146000000	1.0
CM023465.1	146000000	146100000	2.0
CM023465.1	146100000	146200000	2.0
CM023465.1	146200000	146300000	1.0
CM023465.1	146300000	146400000	2.0
CM023465.1	146400000	146500000	1.0
CM023465.1	146500000	146600000	6.0
CM023465.1	146600000	146700000	4.0
CM023465.1	146700000	146800000	4.0
CM023465.1	146800000	146900000	5.0
CM023465.1	146900000	147000000	4.0
CM023465.1	147000000	147100000	1.0
CM023465.1	147100000	147200000	1.0
CM023465.1	147300000	147400000	6.0
CM023465.1	147400000	147500000	3.0
CM023465.1	147500000	147600000	6.0
CM023465.1	147600000	147700000	4.0
CM023465.1	147700000	147800000	5.0
CM023465.1	147800000	147900000	1.0
CM023465.1	148000000	148100000	1.0
CM023465.1	148100000	148200000	7.0
CM023465.1	148200000	148300000	11.0
CM023465.1	148300000	148400000	6.0
CM023465.1	148400000	148500000	6.0
CM023465.1	148500000	148600000	8.0
CM023465.1	148600000	148700000	6.0
CM023465.1	148700000	148800000	11.0
CM023465.1	148800000	148900000	2.0
CM023465.1	148900000	149000000	2.0
CM023465.1	149200000	149300000	1.0
CM023465.1	149600000	149700000	1.0
CM023465.1	149800000	149900000	4.0
CM023465.1	149900000	150000000	7.0
CM023465.1	150000000	150100000	5.0
CM023465.1	150100000	150200000	6.0
CM023465.1	150200000	150300000	1.0
CM023465.1	150300000	150400000	1.0
CM023465.1	150400000	150500000	1.0
CM023465.1	150500000	150600000	6.0
CM023465.1	150700000	150800000	2.0
CM023465.1	150800000	150900000	4.0
CM023465.1	150900000	151000000	1.0
CM023465.1	151000000	151100000	4.0
CM023465.1	151900000	152000000	4.0
CM023465.1	152000000	152100000	1.0
CM023465.1	152100000	152200000	6.0
CM023465.1	152200000	152300000	9.0
CM023465.1	152300000	152400000	4.0
CM023465.1	152400000	152500000	4.0
CM023465.1	152500000	152600000	2.0
CM023465.1	152600000	152700000	4.0
CM023465.1	152700000	152800000	1.0
CM023465.1	152800000	152900000	2.0
CM023465.1	153100000	153200000	1.0
CM023465.1	153200000	153300000	1.0
CM023465.1	153300000	153400000	1.0
CM023465.1	153500000	153600000	1.0
CM023465.1	153700000	153800000	1.0
CM023465.1	153800000	153900000	1.0
CM023465.1	153900000	154000000	4.0
CM023465.1	154000000	154100000	3.0
CM023465.1	154100000	154200000	4.0
CM023465.1	154400000	154500000	2.0
CM023465.1	154900000	155000000	1.0
CM023465.1	155100000	155200000	2.0
CM023465.1	155300000	155400000	5.0
CM023465.1	155400000	155500000	2.0
CM023465.1	155500000	155600000	1.0
CM023465.1	155600000	155700000	1.0
CM023465.1	155800000	155900000	2.0
CM023465.1	155900000	156000000	2.0
CM023465.1	156000000	156100000	4.0
CM023465.1	156100000	156200000	1.0
CM023465.1	156300000	156400000	1.0
CM023465.1	156600000	156700000	1.0
CM023465.1	156700000	156800000	11.0
CM023465.1	156800000	156900000	2.0
CM023465.1	156900000	157000000	1.0
CM023465.1	157000000	157100000	1.0
CM023465.1	157300000	157400000	1.0
CM023465.1	157600000	157700000	1.0
CM023465.1	157900000	158000000	3.0
CM023465.1	158100000	158200000	6.0
CM023465.1	158300000	158400000	6.0
CM023465.1	158500000	158600000	1.0
CM023465.1	159000000	159100000	1.0
CM023465.1	159300000	159400000	1.0
CM023465.1	159400000	159500000	1.0
CM023465.1	159500000	159600000	1.0
CM023465.1	159600000	159700000	4.0
CM023465.1	159700000	159800000	1.0
CM023465.1	159900000	160000000	1.0
CM023465.1	160000000	160100000	3.0
CM023465.1	160100000	160200000	2.0
CM023465.1	160200000	160300000	3.0
CM023465.1	160300000	160400000	2.0
CM023465.1	160400000	160500000	5.0
CM023465.1	160500000	160600000	3.0
CM023465.1	160600000	160700000	2.0
CM023465.1	160700000	160800000	4.0
CM023465.1	161000000	161100000	1.0
CM023465.1	161200000	161300000	2.0
CM023465.1	161300000	161400000	4.0
CM023465.1	161400000	161500000	3.0
CM023465.1	161500000	161600000	4.0
CM023465.1	161600000	161700000	1.0
CM023465.1	161800000	161900000	3.0
CM023465.1	161900000	162000000	7.0
CM023465.1	162000000	162100000	6.0
CM023465.1	162100000	162200000	4.0
CM023465.1	162200000	162300000	3.0
CM023465.1	162300000	162400000	2.0
CM023465.1	162400000	162500000	11.0
CM023465.1	162500000	162600000	5.0
CM023465.1	162600000	162700000	5.0
CM023465.1	162700000	162800000	1.0
CM023465.1	163100000	163200000	3.0
CM023465.1	163300000	163400000	6.0
CM023465.1	163400000	163500000	1.0
CM023465.1	163700000	163800000	1.0
CM023465.1	163800000	163900000	1.0
CM023465.1	164000000	164100000	1.0
CM023465.1	164100000	164200000	2.0
CM023465.1	164200000	164300000	1.0
CM023465.1	164300000	164400000	4.0
CM023465.1	164400000	164500000	3.0
CM023465.1	164900000	165000000	1.0
CM023465.1	165000000	165100000	1.0
CM023465.1	165100000	165200000	2.0
CM023465.1	165200000	165300000	2.0
CM023465.1	165400000	165500000	2.0
CM023465.1	165500000	165600000	1.0
CM023465.1	165600000	165700000	1.0
CM023465.1	165700000	165800000	1.0
CM023465.1	165800000	165900000	2.0
CM023465.1	166000000	166100000	1.0
CM023465.1	166200000	166300000	2.0
CM023465.1	166300000	166400000	1.0
CM023465.1	166400000	166500000	2.0
CM023465.1	166500000	166600000	3.0
CM023465.1	166700000	166800000	1.0
CM023465.1	166800000	166900000	2.0
CM023465.1	166900000	167000000	3.0
CM023465.1	167000000	167100000	2.0
CM023465.1	167100000	167200000	6.0
CM023465.1	167200000	167300000	1.0
CM023465.1	167300000	167400000	1.0
CM023465.1	167400000	167500000	3.0
CM023465.1	167600000	167700000	2.0
CM023465.1	167700000	167800000	4.0
CM023465.1	167800000	167900000	1.0
CM023465.1	167900000	168000000	1.0
CM023465.1	168200000	168300000	1.0
CM023465.1	168300000	168400000	2.0
CM023465.1	168400000	168500000	3.0
CM023465.1	168500000	168600000	1.0
CM023465.1	168600000	168700000	3.0
CM023465.1	168700000	168800000	3.0
CM023465.1	168800000	168900000	2.0
CM023465.1	168900000	169000000	2.0
CM023465.1	169100000	169200000	2.0
CM023465.1	169200000	169300000	2.0
CM023465.1	169300000	169400000	1.0
CM023465.1	169500000	169600000	1.0
CM023465.1	169700000	169800000	4.0
CM023465.1	169800000	169900000	3.0
CM023465.1	169900000	170000000	3.0
CM023465.1	170100000	170200000	2.0
CM023465.1	170200000	170300000	1.0
CM023465.1	170400000	170500000	2.0
CM023465.1	170500000	170600000	1.0
CM023465.1	170600000	170700000	2.0
CM023465.1	170700000	170800000	1.0
CM023465.1	170800000	170900000	2.0
CM023465.1	170900000	171000000	5.0
CM023465.1	171000000	171100000	1.0
CM023465.1	171100000	171200000	1.0
CM023465.1	171200000	171300000	4.0
CM023465.1	171300000	171400000	1.0
CM023465.1	171400000	171500000	3.0
CM023465.1	171500000	171600000	2.0
CM023465.1	171700000	171800000	1.0
CM023465.1	172100000	172200000	3.0
CM023465.1	172200000	172300000	3.0
CM023465.1	172300000	172400000	1.0
CM023465.1	172400000	172500000	1.0
CM023465.1	172500000	172600000	2.0
CM023465.1	172800000	172900000	1.0
CM023465.1	172900000	173000000	2.0
CM023465.1	173000000	173100000	1.0
CM023465.1	173100000	173200000	2.0
CM023465.1	173200000	173300000	2.0
CM023465.1	173300000	173400000	1.0
CM023465.1	173400000	173500000	2.0
CM023465.1	173700000	173800000	1.0
CM023465.1	173900000	174000000	2.0
CM023465.1	174000000	174100000	3.0
CM023465.1	174100000	174200000	4.0
CM023465.1	174300000	174400000	4.0
CM023465.1	174500000	174600000	1.0
CM023465.1	174600000	174700000	3.0
CM023465.1	174700000	174800000	1.0
CM023465.1	174800000	174900000	3.0
CM023465.1	174900000	175000000	2.0
CM023465.1	175000000	175100000	1.0
CM023465.1	175100000	175200000	2.0
CM023465.1	175300000	175400000	1.0
CM023465.1	175400000	175416306	1.0
CM023466.1	300000	400000	2.0
CM023466.1	800000	900000	1.0
CM023466.1	1200000	1300000	1.0
CM023466.1	1800000	1900000	3.0
CM023466.1	1900000	2000000	2.0
CM023466.1	2100000	2200000	1.0
CM023466.1	2600000	2700000	1.0
CM023466.1	2700000	2800000	3.0
CM023466.1	3000000	3100000	1.0
CM023466.1	3100000	3200000	2.0
CM023466.1	3200000	3300000	2.0
CM023466.1	3300000	3400000	1.0
CM023466.1	3400000	3500000	1.0
CM023466.1	3500000	3600000	1.0
CM023466.1	3600000	3700000	1.0
CM023466.1	3700000	3800000	1.0
CM023466.1	4000000	4100000	2.0
CM023466.1	4100000	4200000	1.0
CM023466.1	4200000	4300000	3.0
CM023466.1	4700000	4800000	1.0
CM023466.1	4800000	4900000	3.0
CM023466.1	5100000	5200000	1.0
CM023466.1	5200000	5300000	2.0
CM023466.1	5300000	5400000	3.0
CM023466.1	5400000	5500000	1.0
CM023466.1	5500000	5600000	2.0
CM023466.1	5600000	5700000	1.0
CM023466.1	6000000	6100000	3.0
CM023466.1	6100000	6200000	3.0
CM023466.1	6200000	6300000	7.0
CM023466.1	6300000	6400000	2.0
CM023466.1	6400000	6500000	1.0
CM023466.1	6500000	6600000	2.0
CM023466.1	6600000	6700000	2.0
CM023466.1	6700000	6800000	2.0
CM023466.1	6900000	7000000	1.0
CM023466.1	7100000	7200000	1.0
CM023466.1	7200000	7300000	1.0
CM023466.1	7500000	7600000	1.0
CM023466.1	7600000	7700000	2.0
CM023466.1	7700000	7800000	1.0
CM023466.1	7800000	7900000	2.0
CM023466.1	7900000	8000000	2.0
CM023466.1	8000000	8100000	3.0
CM023466.1	8100000	8200000	1.0
CM023466.1	8300000	8400000	2.0
CM023466.1	8400000	8500000	2.0
CM023466.1	8500000	8600000	5.0
CM023466.1	8600000	8700000	2.0
CM023466.1	8700000	8800000	1.0
CM023466.1	8900000	9000000	1.0
CM023466.1	9000000	9100000	1.0
CM023466.1	9100000	9200000	1.0
CM023466.1	9300000	9400000	1.0
CM023466.1	9400000	9500000	2.0
CM023466.1	9500000	9600000	1.0
CM023466.1	9700000	9800000	1.0
CM023466.1	9800000	9900000	2.0
CM023466.1	9900000	10000000	1.0
CM023466.1	10000000	10100000	3.0
CM023466.1	10100000	10200000	3.0
CM023466.1	10400000	10500000	1.0
CM023466.1	10600000	10700000	2.0
CM023466.1	10800000	10900000	3.0
CM023466.1	11000000	11100000	1.0
CM023466.1	11100000	11200000	1.0
CM023466.1	11300000	11400000	2.0
CM023466.1	11400000	11500000	1.0
CM023466.1	12200000	12300000	2.0
CM023466.1	12300000	12400000	1.0
CM023466.1	12400000	12500000	1.0
CM023466.1	12800000	12900000	1.0
CM023466.1	12900000	13000000	2.0
CM023466.1	13000000	13100000	3.0
CM023466.1	13300000	13400000	1.0
CM023466.1	13400000	13500000	1.0
CM023466.1	13500000	13600000	3.0
CM023466.1	13600000	13700000	1.0
CM023466.1	13800000	13900000	1.0
CM023466.1	14000000	14100000	1.0
CM023466.1	14400000	14500000	1.0
CM023466.1	14600000	14700000	1.0
CM023466.1	14700000	14800000	1.0
CM023466.1	15000000	15100000	4.0
CM023466.1	15100000	15200000	2.0
CM023466.1	15400000	15500000	1.0
CM023466.1	15700000	15800000	1.0
CM023466.1	15900000	16000000	1.0
CM023466.1	16100000	16200000	1.0
CM023466.1	16200000	16300000	1.0
CM023466.1	16400000	16500000	3.0
CM023466.1	16500000	16600000	3.0
CM023466.1	16600000	16700000	3.0
CM023466.1	16700000	16800000	1.0
CM023466.1	16900000	17000000	1.0
CM023466.1	17100000	17200000	1.0
CM023466.1	17200000	17300000	2.0
CM023466.1	17300000	17400000	2.0
CM023466.1	17400000	17500000	3.0
CM023466.1	17500000	17600000	1.0
CM023466.1	17700000	17800000	1.0
CM023466.1	17800000	17900000	3.0
CM023466.1	17900000	18000000	3.0
CM023466.1	18000000	18100000	2.0
CM023466.1	18100000	18200000	4.0
CM023466.1	18200000	18300000	1.0
CM023466.1	18500000	18600000	1.0
CM023466.1	18600000	18700000	1.0
CM023466.1	18700000	18800000	3.0
CM023466.1	18800000	18900000	1.0
CM023466.1	18900000	19000000	1.0
CM023466.1	19000000	19100000	3.0
CM023466.1	19100000	19200000	2.0
CM023466.1	19200000	19300000	1.0
CM023466.1	19300000	19400000	1.0
CM023466.1	19400000	19500000	2.0
CM023466.1	19500000	19600000	2.0
CM023466.1	19700000	19800000	3.0
CM023466.1	19800000	19900000	1.0
CM023466.1	19900000	20000000	1.0
CM023466.1	20000000	20100000	3.0
CM023466.1	20100000	20200000	2.0
CM023466.1	20300000	20400000	2.0
CM023466.1	20400000	20500000	1.0
CM023466.1	20500000	20600000	1.0
CM023466.1	20600000	20700000	2.0
CM023466.1	20700000	20800000	3.0
CM023466.1	20800000	20900000	1.0
CM023466.1	20900000	21000000	5.0
CM023466.1	21000000	21100000	3.0
CM023466.1	21400000	21500000	2.0
CM023466.1	21500000	21600000	1.0
CM023466.1	21600000	21700000	5.0
CM023466.1	21800000	21900000	3.0
CM023466.1	22100000	22200000	2.0
CM023466.1	22200000	22300000	1.0
CM023466.1	22300000	22400000	1.0
CM023466.1	22400000	22500000	2.0
CM023466.1	22500000	22600000	2.0
CM023466.1	22600000	22700000	1.0
CM023466.1	22700000	22800000	1.0
CM023466.1	22900000	23000000	1.0
CM023466.1	23000000	23100000	2.0
CM023466.1	23100000	23200000	2.0
CM023466.1	23200000	23300000	6.0
CM023466.1	23300000	23400000	5.0
CM023466.1	23400000	23500000	1.0
CM023466.1	23500000	23600000	3.0
CM023466.1	23600000	23700000	1.0
CM023466.1	23700000	23800000	2.0
CM023466.1	23800000	23900000	5.0
CM023466.1	23900000	24000000	1.0
CM023466.1	24100000	24200000	4.0
CM023466.1	24200000	24300000	1.0
CM023466.1	24300000	24400000	1.0
CM023466.1	24400000	24500000	3.0
CM023466.1	24500000	24600000	3.0
CM023466.1	24600000	24700000	1.0
CM023466.1	25300000	25400000	1.0
CM023466.1	25400000	25500000	1.0
CM023466.1	25800000	25900000	1.0
CM023466.1	25900000	26000000	4.0
CM023466.1	26100000	26200000	2.0
CM023466.1	26500000	26600000	2.0
CM023466.1	26600000	26700000	3.0
CM023466.1	26700000	26800000	3.0
CM023466.1	26900000	27000000	2.0
CM023466.1	27000000	27100000	1.0
CM023466.1	27100000	27200000	3.0
CM023466.1	27200000	27300000	2.0
CM023466.1	27300000	27400000	1.0
CM023466.1	27400000	27500000	2.0
CM023466.1	27600000	27700000	3.0
CM023466.1	27700000	27800000	1.0
CM023466.1	27800000	27900000	5.0
CM023466.1	27900000	28000000	3.0
CM023466.1	28000000	28100000	2.0
CM023466.1	28100000	28200000	3.0
CM023466.1	28200000	28300000	1.0
CM023466.1	28300000	28400000	3.0
CM023466.1	28400000	28500000	2.0
CM023466.1	28500000	28600000	3.0
CM023466.1	28600000	28700000	2.0
CM023466.1	28700000	28800000	4.0
CM023466.1	28800000	28900000	1.0
CM023466.1	29000000	29100000	3.0
CM023466.1	29100000	29200000	2.0
CM023466.1	29200000	29300000	4.0
CM023466.1	29300000	29400000	2.0
CM023466.1	29400000	29500000	3.0
CM023466.1	29500000	29600000	2.0
CM023466.1	29600000	29700000	10.0
CM023466.1	29700000	29800000	2.0
CM023466.1	29800000	29900000	2.0
CM023466.1	29900000	30000000	3.0
CM023466.1	30100000	30200000	3.0
CM023466.1	30200000	30300000	4.0
CM023466.1	30300000	30400000	1.0
CM023466.1	30400000	30500000	4.0
CM023466.1	30500000	30600000	1.0
CM023466.1	30600000	30700000	2.0
CM023466.1	30700000	30800000	1.0
CM023466.1	30800000	30900000	1.0
CM023466.1	31100000	31200000	1.0
CM023466.1	31200000	31300000	4.0
CM023466.1	31300000	31400000	1.0
CM023466.1	31400000	31500000	1.0
CM023466.1	31500000	31600000	1.0
CM023466.1	31700000	31800000	1.0
CM023466.1	31900000	32000000	1.0
CM023466.1	32100000	32200000	1.0
CM023466.1	32300000	32400000	3.0
CM023466.1	32400000	32500000	1.0
CM023466.1	32700000	32800000	2.0
CM023466.1	32800000	32900000	1.0
CM023466.1	32900000	33000000	1.0
CM023466.1	33000000	33100000	1.0
CM023466.1	33100000	33200000	1.0
CM023466.1	33200000	33300000	1.0
CM023466.1	33400000	33500000	1.0
CM023466.1	33500000	33600000	2.0
CM023466.1	33800000	33900000	3.0
CM023466.1	33900000	34000000	5.0
CM023466.1	34000000	34100000	2.0
CM023466.1	34100000	34200000	1.0
CM023466.1	34200000	34300000	3.0
CM023466.1	34300000	34400000	1.0
CM023466.1	34400000	34500000	1.0
CM023466.1	34500000	34600000	1.0
CM023466.1	34600000	34700000	3.0
CM023466.1	34800000	34900000	1.0
CM023466.1	35000000	35100000	3.0
CM023466.1	35200000	35300000	1.0
CM023466.1	35400000	35500000	1.0
CM023466.1	35500000	35600000	2.0
CM023466.1	35600000	35700000	2.0
CM023466.1	35700000	35800000	1.0
CM023466.1	35800000	35900000	1.0
CM023466.1	35900000	36000000	2.0
CM023466.1	36100000	36200000	1.0
CM023466.1	36200000	36300000	6.0
CM023466.1	36400000	36500000	1.0
CM023466.1	36500000	36600000	2.0
CM023466.1	36600000	36700000	2.0
CM023466.1	36700000	36800000	1.0
CM023466.1	36800000	36900000	1.0
CM023466.1	37000000	37100000	3.0
CM023466.1	37100000	37200000	1.0
CM023466.1	37800000	37900000	1.0
CM023466.1	38000000	38100000	1.0
CM023466.1	38200000	38300000	2.0
CM023466.1	38300000	38400000	1.0
CM023466.1	38500000	38600000	1.0
CM023466.1	38600000	38700000	1.0
CM023466.1	39100000	39200000	5.0
CM023466.1	39300000	39400000	1.0
CM023466.1	39400000	39500000	4.0
CM023466.1	39500000	39600000	2.0
CM023466.1	39700000	39800000	1.0
CM023466.1	39800000	39900000	1.0
CM023466.1	40100000	40200000	2.0
CM023466.1	40200000	40300000	1.0
CM023466.1	40400000	40500000	1.0
CM023466.1	40500000	40600000	3.0
CM023466.1	40600000	40700000	3.0
CM023466.1	40700000	40800000	5.0
CM023466.1	40800000	40900000	1.0
CM023466.1	41000000	41100000	1.0
CM023466.1	41500000	41600000	1.0
CM023466.1	41600000	41700000	1.0
CM023466.1	41700000	41800000	2.0
CM023466.1	41800000	41900000	2.0
CM023466.1	41900000	42000000	3.0
CM023466.1	42000000	42100000	2.0
CM023466.1	42300000	42400000	3.0
CM023466.1	42400000	42500000	2.0
CM023466.1	42500000	42600000	2.0
CM023466.1	42700000	42800000	1.0
CM023466.1	42800000	42900000	1.0
CM023466.1	43000000	43100000	3.0
CM023466.1	43100000	43200000	3.0
CM023466.1	43200000	43300000	1.0
CM023466.1	43500000	43600000	6.0
CM023466.1	43600000	43700000	2.0
CM023466.1	43700000	43800000	2.0
CM023466.1	43800000	43900000	1.0
CM023466.1	43900000	44000000	1.0
CM023466.1	44200000	44300000	1.0
CM023466.1	44300000	44400000	3.0
CM023466.1	44400000	44500000	6.0
CM023466.1	44500000	44600000	1.0
CM023466.1	44600000	44700000	1.0
CM023466.1	44900000	45000000	1.0
CM023466.1	45300000	45400000	1.0
CM023466.1	45400000	45500000	3.0
CM023466.1	45500000	45600000	4.0
CM023466.1	45600000	45700000	2.0
CM023466.1	45700000	45800000	1.0
CM023466.1	45800000	45900000	1.0
CM023466.1	45900000	46000000	3.0
CM023466.1	46000000	46100000	1.0
CM023466.1	46100000	46200000	1.0
CM023466.1	46300000	46400000	3.0
CM023466.1	46400000	46500000	5.0
CM023466.1	46500000	46600000	7.0
CM023466.1	46600000	46700000	5.0
CM023466.1	46700000	46800000	4.0
CM023466.1	46800000	46900000	7.0
CM023466.1	46900000	47000000	5.0
CM023466.1	47000000	47100000	3.0
CM023466.1	47100000	47200000	4.0
CM023466.1	47200000	47300000	2.0
CM023466.1	47300000	47400000	2.0
CM023466.1	47400000	47500000	2.0
CM023466.1	47500000	47600000	3.0
CM023466.1	47800000	47900000	3.0
CM023466.1	47900000	48000000	2.0
CM023466.1	48000000	48100000	1.0
CM023466.1	48200000	48300000	1.0
CM023466.1	48300000	48400000	2.0
CM023466.1	48600000	48700000	1.0
CM023466.1	48700000	48800000	2.0
CM023466.1	48800000	48900000	2.0
CM023466.1	48900000	49000000	2.0
CM023466.1	49300000	49400000	1.0
CM023466.1	49600000	49700000	1.0
CM023466.1	49700000	49800000	1.0
CM023466.1	49800000	49900000	1.0
CM023466.1	50000000	50100000	2.0
CM023466.1	50100000	50200000	3.0
CM023466.1	50200000	50300000	3.0
CM023466.1	50300000	50400000	2.0
CM023466.1	50400000	50500000	2.0
CM023466.1	50500000	50600000	1.0
CM023466.1	50700000	50800000	2.0
CM023466.1	50800000	50900000	1.0
CM023466.1	50900000	51000000	5.0
CM023466.1	51000000	51100000	2.0
CM023466.1	51200000	51300000	1.0
CM023466.1	51400000	51500000	2.0
CM023466.1	51500000	51600000	1.0
CM023466.1	51900000	52000000	2.0
CM023466.1	52000000	52100000	2.0
CM023466.1	52200000	52300000	1.0
CM023466.1	52300000	52400000	1.0
CM023466.1	52400000	52500000	1.0
CM023466.1	52500000	52600000	4.0
CM023466.1	52600000	52700000	1.0
CM023466.1	52700000	52800000	2.0
CM023466.1	53000000	53100000	1.0
CM023466.1	53200000	53300000	1.0
CM023466.1	53300000	53400000	1.0
CM023466.1	53400000	53500000	2.0
CM023466.1	53500000	53600000	1.0
CM023466.1	53600000	53700000	1.0
CM023466.1	53800000	53900000	1.0
CM023466.1	54200000	54300000	1.0
CM023466.1	54300000	54400000	1.0
CM023466.1	54400000	54500000	1.0
CM023466.1	54500000	54600000	4.0
CM023466.1	54600000	54700000	3.0
CM023466.1	54700000	54800000	1.0
CM023466.1	54800000	54900000	4.0
CM023466.1	55000000	55100000	1.0
CM023466.1	55200000	55300000	1.0
CM023466.1	55300000	55400000	3.0
CM023466.1	55400000	55500000	1.0
CM023466.1	55500000	55600000	1.0
CM023466.1	55600000	55700000	1.0
CM023466.1	55700000	55800000	1.0
CM023466.1	55800000	55900000	1.0
CM023466.1	55900000	56000000	1.0
CM023466.1	56200000	56300000	1.0
CM023466.1	56300000	56400000	1.0
CM023466.1	56400000	56500000	1.0
CM023466.1	56500000	56600000	2.0
CM023466.1	56600000	56700000	1.0
CM023466.1	56700000	56800000	4.0
CM023466.1	56800000	56900000	3.0
CM023466.1	56900000	57000000	1.0
CM023466.1	57000000	57100000	5.0
CM023466.1	57100000	57200000	1.0
CM023466.1	57200000	57300000	1.0
CM023466.1	57300000	57400000	4.0
CM023466.1	57400000	57500000	1.0
CM023466.1	57500000	57600000	3.0
CM023466.1	57700000	57800000	1.0
CM023466.1	57800000	57900000	1.0
CM023466.1	59100000	59200000	1.0
CM023466.1	59200000	59300000	1.0
CM023466.1	59300000	59400000	2.0
CM023466.1	59400000	59500000	1.0
CM023466.1	59500000	59600000	1.0
CM023466.1	59800000	59900000	2.0
CM023466.1	59900000	60000000	1.0
CM023466.1	60000000	60100000	4.0
CM023466.1	60100000	60200000	2.0
CM023466.1	60200000	60300000	2.0
CM023466.1	60300000	60400000	3.0
CM023466.1	60400000	60500000	3.0
CM023466.1	60500000	60600000	3.0
CM023466.1	60600000	60700000	3.0
CM023466.1	60900000	61000000	4.0
CM023466.1	61100000	61200000	1.0
CM023466.1	61200000	61300000	2.0
CM023466.1	61300000	61400000	2.0
CM023466.1	61400000	61500000	4.0
CM023466.1	61500000	61600000	2.0
CM023466.1	61600000	61700000	2.0
CM023466.1	61800000	61900000	2.0
CM023466.1	61900000	62000000	1.0
CM023466.1	62000000	62100000	1.0
CM023466.1	62100000	62200000	1.0
CM023466.1	62200000	62300000	1.0
CM023466.1	62300000	62400000	1.0
CM023466.1	62600000	62700000	2.0
CM023466.1	63000000	63100000	2.0
CM023466.1	63100000	63200000	1.0
CM023466.1	63200000	63300000	3.0
CM023466.1	63300000	63400000	4.0
CM023466.1	63500000	63600000	2.0
CM023466.1	63700000	63800000	1.0
CM023466.1	63800000	63900000	3.0
CM023466.1	64100000	64200000	1.0
CM023466.1	64200000	64300000	1.0
CM023466.1	64300000	64400000	3.0
CM023466.1	64400000	64500000	1.0
CM023466.1	64500000	64600000	2.0
CM023466.1	64600000	64700000	1.0
CM023466.1	64700000	64800000	2.0
CM023466.1	64800000	64900000	3.0
CM023466.1	64900000	65000000	2.0
CM023466.1	65000000	65100000	1.0
CM023466.1	65100000	65200000	3.0
CM023466.1	65200000	65300000	4.0
CM023466.1	65300000	65400000	2.0
CM023466.1	65400000	65500000	1.0
CM023466.1	65500000	65600000	2.0
CM023466.1	65600000	65700000	1.0
CM023466.1	65700000	65800000	1.0
CM023466.1	65800000	65900000	4.0
CM023466.1	66000000	66100000	2.0
CM023466.1	66100000	66200000	1.0
CM023466.1	66300000	66400000	1.0
CM023466.1	66400000	66500000	2.0
CM023466.1	66500000	66600000	2.0
CM023466.1	66700000	66800000	1.0
CM023466.1	67100000	67200000	2.0
CM023466.1	67200000	67300000	3.0
CM023466.1	67300000	67400000	1.0
CM023466.1	67400000	67500000	2.0
CM023466.1	67500000	67600000	2.0
CM023466.1	67600000	67700000	2.0
CM023466.1	67700000	67800000	1.0
CM023466.1	67800000	67900000	2.0
CM023466.1	67900000	68000000	2.0
CM023466.1	68000000	68100000	3.0
CM023466.1	68200000	68300000	3.0
CM023466.1	68300000	68400000	1.0
CM023466.1	68400000	68500000	1.0
CM023466.1	68500000	68600000	2.0
CM023466.1	68600000	68700000	3.0
CM023466.1	68700000	68800000	1.0
CM023466.1	69200000	69300000	2.0
CM023466.1	69400000	69500000	1.0
CM023466.1	69500000	69600000	1.0
CM023466.1	69600000	69700000	1.0
CM023466.1	70000000	70100000	2.0
CM023466.1	70100000	70200000	7.0
CM023466.1	70200000	70300000	4.0
CM023466.1	70300000	70400000	2.0
CM023466.1	70500000	70600000	1.0
CM023466.1	70600000	70700000	1.0
CM023466.1	70700000	70800000	5.0
CM023466.1	70800000	70900000	2.0
CM023466.1	71000000	71100000	2.0
CM023466.1	71300000	71400000	1.0
CM023466.1	71600000	71700000	1.0
CM023466.1	72500000	72600000	1.0
CM023466.1	72600000	72700000	3.0
CM023466.1	72900000	73000000	2.0
CM023466.1	73000000	73100000	2.0
CM023466.1	73100000	73200000	2.0
CM023466.1	73200000	73300000	2.0
CM023466.1	73400000	73500000	1.0
CM023466.1	73600000	73700000	2.0
CM023466.1	73700000	73800000	1.0
CM023466.1	73800000	73900000	2.0
CM023466.1	74000000	74100000	4.0
CM023466.1	74200000	74300000	4.0
CM023466.1	74300000	74400000	3.0
CM023466.1	74500000	74600000	2.0
CM023466.1	74600000	74700000	2.0
CM023466.1	74700000	74800000	2.0
CM023466.1	74800000	74900000	2.0
CM023466.1	74900000	75000000	1.0
CM023466.1	75000000	75100000	3.0
CM023466.1	75100000	75200000	1.0
CM023466.1	75700000	75800000	1.0
CM023466.1	75800000	75900000	1.0
CM023466.1	75900000	76000000	1.0
CM023466.1	76000000	76100000	1.0
CM023466.1	76100000	76200000	3.0
CM023466.1	76300000	76400000	1.0
CM023466.1	76400000	76500000	1.0
CM023466.1	77100000	77200000	2.0
CM023466.1	77200000	77300000	2.0
CM023466.1	77600000	77700000	1.0
CM023466.1	77800000	77900000	1.0
CM023466.1	78100000	78200000	1.0
CM023466.1	78900000	79000000	1.0
CM023466.1	79100000	79200000	2.0
CM023466.1	79300000	79400000	1.0
CM023466.1	79400000	79500000	1.0
CM023466.1	79500000	79600000	2.0
CM023466.1	79600000	79700000	2.0
CM023466.1	79800000	79900000	2.0
CM023466.1	80400000	80500000	1.0
CM023466.1	80500000	80600000	1.0
CM023466.1	80600000	80700000	2.0
CM023466.1	80700000	80800000	4.0
CM023466.1	80800000	80900000	1.0
CM023466.1	80900000	81000000	2.0
CM023466.1	81000000	81100000	1.0
CM023466.1	81100000	81200000	2.0
CM023466.1	81300000	81400000	1.0
CM023466.1	81700000	81800000	1.0
CM023466.1	81800000	81900000	2.0
CM023466.1	81900000	82000000	2.0
CM023466.1	82000000	82100000	4.0
CM023466.1	82100000	82200000	1.0
CM023466.1	82200000	82300000	1.0
CM023466.1	82300000	82400000	1.0
CM023466.1	82400000	82500000	3.0
CM023466.1	82500000	82600000	2.0
CM023466.1	82700000	82800000	1.0
CM023466.1	82800000	82900000	1.0
CM023466.1	82900000	83000000	2.0
CM023466.1	83000000	83100000	1.0
CM023466.1	83100000	83200000	1.0
CM023466.1	83200000	83300000	1.0
CM023466.1	83300000	83400000	1.0
CM023466.1	83400000	83500000	2.0
CM023466.1	83600000	83700000	1.0
CM023466.1	83900000	84000000	3.0
CM023466.1	84000000	84100000	2.0
CM023466.1	84100000	84200000	2.0
CM023466.1	84200000	84300000	2.0
CM023466.1	84500000	84600000	2.0
CM023466.1	84600000	84700000	2.0
CM023466.1	84700000	84800000	2.0
CM023466.1	84900000	85000000	3.0
CM023466.1	85100000	85200000	1.0
CM023466.1	85200000	85300000	1.0
CM023466.1	85300000	85400000	2.0
CM023466.1	85700000	85800000	3.0
CM023466.1	85800000	85900000	1.0
CM023466.1	85900000	86000000	2.0
CM023466.1	86000000	86100000	1.0
CM023466.1	86100000	86200000	2.0
CM023466.1	86200000	86300000	1.0
CM023466.1	86300000	86400000	1.0
CM023466.1	86400000	86500000	1.0
CM023466.1	86600000	86700000	2.0
CM023466.1	86800000	86900000	1.0
CM023466.1	87000000	87100000	2.0
CM023466.1	87100000	87200000	3.0
CM023466.1	87200000	87300000	1.0
CM023466.1	87300000	87400000	2.0
CM023466.1	87400000	87500000	1.0
CM023466.1	87500000	87600000	2.0
CM023466.1	87600000	87700000	2.0
CM023466.1	87800000	87900000	2.0
CM023466.1	87900000	88000000	1.0
CM023466.1	88100000	88200000	4.0
CM023466.1	88400000	88500000	1.0
CM023466.1	88500000	88600000	3.0
CM023466.1	88600000	88700000	1.0
CM023466.1	88700000	88800000	1.0
CM023466.1	88800000	88900000	2.0
CM023466.1	88900000	89000000	1.0
CM023466.1	89000000	89100000	1.0
CM023466.1	89100000	89200000	2.0
CM023466.1	89200000	89300000	2.0
CM023466.1	89300000	89400000	1.0
CM023466.1	89600000	89700000	1.0
CM023466.1	89700000	89800000	1.0
CM023466.1	89900000	90000000	2.0
CM023466.1	90000000	90100000	1.0
CM023466.1	90100000	90200000	1.0
CM023466.1	90300000	90400000	2.0
CM023466.1	90400000	90500000	1.0
CM023466.1	90700000	90800000	3.0
CM023466.1	90800000	90900000	1.0
CM023466.1	91300000	91400000	1.0
CM023466.1	91400000	91500000	2.0
CM023466.1	91600000	91700000	5.0
CM023466.1	91700000	91800000	2.0
CM023466.1	91900000	92000000	1.0
CM023466.1	92000000	92100000	1.0
CM023466.1	92200000	92300000	1.0
CM023466.1	92400000	92500000	1.0
CM023466.1	92700000	92800000	1.0
CM023466.1	92900000	93000000	1.0
CM023466.1	93100000	93200000	1.0
CM023466.1	93200000	93300000	2.0
CM023466.1	93300000	93400000	1.0
CM023466.1	93400000	93500000	2.0
CM023466.1	93500000	93600000	1.0
CM023466.1	93600000	93700000	1.0
CM023466.1	93700000	93800000	3.0
CM023466.1	93800000	93900000	2.0
CM023466.1	94000000	94100000	1.0
CM023466.1	94100000	94200000	1.0
CM023466.1	94200000	94300000	1.0
CM023466.1	94300000	94400000	3.0
CM023466.1	94400000	94500000	3.0
CM023466.1	94500000	94600000	1.0
CM023466.1	94900000	95000000	2.0
CM023466.1	95000000	95100000	2.0
CM023466.1	95800000	95900000	1.0
CM023466.1	95900000	96000000	2.0
CM023466.1	96000000	96100000	2.0
CM023466.1	96300000	96400000	2.0
CM023466.1	96500000	96600000	1.0
CM023466.1	96700000	96800000	1.0
CM023466.1	96800000	96900000	1.0
CM023466.1	96900000	97000000	2.0
CM023466.1	97000000	97100000	2.0
CM023466.1	97100000	97200000	1.0
CM023466.1	97200000	97300000	2.0
CM023466.1	97300000	97400000	2.0
CM023466.1	97400000	97500000	3.0
CM023466.1	97500000	97600000	2.0
CM023466.1	97600000	97700000	2.0
CM023466.1	98000000	98100000	1.0
CM023466.1	98100000	98200000	1.0
CM023466.1	98400000	98500000	2.0
CM023466.1	98700000	98800000	2.0
CM023466.1	98800000	98900000	1.0
CM023466.1	98900000	99000000	3.0
CM023466.1	99100000	99200000	3.0
CM023466.1	99500000	99600000	4.0
CM023466.1	99700000	99800000	2.0
CM023466.1	99800000	99900000	1.0
CM023466.1	99900000	100000000	2.0
CM023466.1	100100000	100200000	1.0
CM023466.1	100300000	100400000	2.0
CM023466.1	100400000	100500000	2.0
CM023466.1	100500000	100600000	1.0
CM023466.1	100600000	100700000	1.0
CM023466.1	100700000	100800000	1.0
CM023466.1	100900000	101000000	1.0
CM023466.1	101100000	101200000	1.0
CM023466.1	101200000	101300000	2.0
CM023466.1	101400000	101500000	1.0
CM023466.1	101500000	101600000	1.0
CM023466.1	101900000	102000000	1.0
CM023466.1	102200000	102300000	2.0
CM023466.1	102500000	102600000	2.0
CM023466.1	102800000	102900000	1.0
CM023466.1	102900000	103000000	2.0
CM023466.1	103000000	103100000	1.0
CM023466.1	103100000	103200000	1.0
CM023466.1	103200000	103300000	3.0
CM023466.1	103300000	103400000	2.0
CM023466.1	103500000	103600000	2.0
CM023466.1	103600000	103700000	1.0
CM023466.1	103700000	103800000	3.0
CM023466.1	103800000	103900000	2.0
CM023466.1	103900000	104000000	1.0
CM023466.1	104000000	104100000	1.0
CM023466.1	104100000	104200000	1.0
CM023466.1	104200000	104300000	1.0
CM023466.1	104300000	104400000	2.0
CM023466.1	104400000	104500000	1.0
CM023466.1	104500000	104600000	2.0
CM023466.1	104600000	104700000	1.0
CM023466.1	104700000	104800000	2.0
CM023466.1	104800000	104900000	1.0
CM023466.1	104900000	105000000	3.0
CM023466.1	105000000	105100000	2.0
CM023466.1	105100000	105200000	2.0
CM023466.1	105200000	105300000	2.0
CM023466.1	105300000	105400000	1.0
CM023466.1	105400000	105500000	4.0
CM023466.1	105500000	105600000	1.0
CM023466.1	105700000	105800000	2.0
CM023466.1	105800000	105900000	2.0
CM023466.1	105900000	106000000	3.0
CM023466.1	106000000	106100000	2.0
CM023466.1	106200000	106300000	3.0
CM023466.1	106300000	106400000	2.0
CM023466.1	106400000	106500000	1.0
CM023466.1	106600000	106700000	1.0
CM023466.1	106700000	106800000	1.0
CM023466.1	106800000	106900000	4.0
CM023466.1	106900000	107000000	2.0
CM023466.1	107000000	107100000	4.0
CM023466.1	107100000	107200000	2.0
CM023466.1	107200000	107300000	1.0
CM023466.1	107300000	107400000	4.0
CM023466.1	107400000	107500000	1.0
CM023466.1	107500000	107600000	2.0
CM023466.1	107600000	107700000	1.0
CM023466.1	107700000	107800000	1.0
CM023466.1	107800000	107900000	3.0
CM023466.1	108100000	108200000	3.0
CM023466.1	108200000	108300000	1.0
CM023466.1	108300000	108400000	2.0
CM023466.1	108400000	108500000	2.0
CM023466.1	108500000	108600000	2.0
CM023466.1	108600000	108700000	3.0
CM023466.1	108700000	108800000	2.0
CM023466.1	108800000	108900000	1.0
CM023466.1	109000000	109100000	2.0
CM023466.1	109100000	109200000	4.0
CM023466.1	109200000	109300000	1.0
CM023466.1	109300000	109400000	2.0
CM023466.1	109400000	109500000	1.0
CM023466.1	109500000	109600000	1.0
CM023466.1	109600000	109700000	2.0
CM023466.1	109900000	110000000	2.0
CM023466.1	110000000	110100000	2.0
CM023466.1	110100000	110200000	3.0
CM023466.1	110200000	110300000	2.0
CM023466.1	110300000	110400000	1.0
CM023466.1	110400000	110500000	2.0
CM023466.1	110700000	110800000	2.0
CM023466.1	110800000	110900000	1.0
CM023466.1	110900000	111000000	2.0
CM023466.1	111000000	111100000	1.0
CM023466.1	111100000	111200000	1.0
CM023466.1	111300000	111400000	3.0
CM023466.1	111400000	111500000	1.0
CM023466.1	111500000	111600000	4.0
CM023466.1	111600000	111700000	1.0
CM023466.1	111700000	111800000	1.0
CM023466.1	111900000	112000000	3.0
CM023466.1	112100000	112200000	4.0
CM023466.1	112300000	112400000	1.0
CM023466.1	112400000	112500000	2.0
CM023466.1	112600000	112700000	1.0
CM023466.1	112700000	112800000	2.0
CM023466.1	112800000	112900000	1.0
CM023466.1	112900000	113000000	2.0
CM023466.1	113000000	113100000	2.0
CM023466.1	113100000	113200000	1.0
CM023466.1	113200000	113300000	2.0
CM023466.1	113400000	113500000	1.0
CM023466.1	113500000	113600000	2.0
CM023466.1	113900000	114000000	3.0
CM023466.1	114100000	114200000	2.0
CM023466.1	114200000	114300000	1.0
CM023466.1	114300000	114400000	1.0
CM023466.1	114400000	114500000	1.0
CM023466.1	114500000	114600000	2.0
CM023466.1	114600000	114700000	3.0
CM023466.1	114900000	115000000	1.0
CM023466.1	115100000	115200000	1.0
CM023466.1	115200000	115300000	1.0
CM023466.1	115300000	115400000	1.0
CM023466.1	115400000	115500000	4.0
CM023466.1	115500000	115600000	2.0
CM023466.1	115600000	115700000	3.0
CM023466.1	115700000	115800000	1.0
CM023466.1	115800000	115900000	1.0
CM023466.1	116100000	116200000	1.0
CM023466.1	116200000	116300000	2.0
CM023466.1	116300000	116400000	1.0
CM023466.1	116400000	116500000	1.0
CM023466.1	116500000	116600000	2.0
CM023466.1	116700000	116800000	3.0
CM023466.1	116800000	116900000	3.0
CM023466.1	116900000	117000000	2.0
CM023466.1	117000000	117100000	2.0
CM023466.1	117100000	117200000	3.0
CM023466.1	117200000	117300000	4.0
CM023466.1	117400000	117500000	2.0
CM023466.1	117500000	117600000	2.0
CM023466.1	117700000	117800000	2.0
CM023466.1	117800000	117900000	4.0
CM023466.1	117900000	118000000	2.0
CM023466.1	118400000	118500000	1.0
CM023466.1	118500000	118600000	3.0
CM023466.1	118600000	118700000	1.0
CM023466.1	118700000	118800000	2.0
CM023466.1	118800000	118900000	2.0
CM023466.1	119000000	119100000	2.0
CM023466.1	119100000	119200000	2.0
CM023466.1	119200000	119300000	2.0
CM023466.1	119300000	119400000	2.0
CM023466.1	119400000	119500000	2.0
CM023466.1	119500000	119600000	1.0
CM023466.1	119600000	119700000	3.0
CM023466.1	119700000	119800000	2.0
CM023466.1	119800000	119900000	2.0
CM023466.1	119900000	120000000	2.0
CM023466.1	120100000	120200000	1.0
CM023466.1	120200000	120300000	2.0
CM023466.1	120300000	120400000	1.0
CM023466.1	120400000	120500000	1.0
CM023466.1	120500000	120600000	2.0
CM023466.1	120600000	120700000	3.0
CM023466.1	120700000	120800000	1.0
CM023466.1	121400000	121500000	1.0
CM023466.1	121500000	121600000	2.0
CM023466.1	121600000	121700000	3.0
CM023466.1	121700000	121800000	1.0
CM023466.1	121800000	121900000	4.0
CM023466.1	121900000	122000000	1.0
CM023466.1	122000000	122100000	2.0
CM023466.1	122100000	122200000	1.0
CM023466.1	122200000	122300000	1.0
CM023466.1	122400000	122500000	1.0
CM023466.1	122500000	122600000	3.0
CM023466.1	122600000	122700000	1.0
CM023466.1	122700000	122800000	1.0
CM023466.1	123000000	123100000	1.0
CM023466.1	123100000	123200000	1.0
CM023466.1	123300000	123400000	3.0
CM023466.1	124100000	124200000	1.0
CM023466.1	124200000	124300000	1.0
CM023466.1	124900000	125000000	1.0
CM023466.1	125000000	125100000	2.0
CM023466.1	125200000	125300000	1.0
CM023466.1	125300000	125400000	2.0
CM023466.1	125400000	125500000	2.0
CM023466.1	125500000	125600000	1.0
CM023466.1	125700000	125800000	2.0
CM023466.1	125900000	126000000	1.0
CM023466.1	126000000	126100000	2.0
CM023466.1	126400000	126500000	2.0
CM023466.1	126500000	126600000	1.0
CM023466.1	126600000	126700000	1.0
CM023466.1	126700000	126800000	1.0
CM023466.1	126800000	126900000	2.0
CM023466.1	126900000	127000000	2.0
CM023466.1	127500000	127600000	1.0
CM023466.1	127600000	127700000	1.0
CM023466.1	127700000	127800000	7.0
CM023466.1	127800000	127900000	2.0
CM023466.1	127900000	128000000	4.0
CM023466.1	128000000	128100000	2.0
CM023466.1	128100000	128200000	1.0
CM023466.1	128200000	128300000	4.0
CM023466.1	128400000	128500000	1.0
CM023466.1	128500000	128600000	1.0
CM023466.1	128600000	128700000	1.0
CM023466.1	128700000	128800000	2.0
CM023466.1	128800000	128900000	2.0
CM023466.1	128900000	129000000	1.0
CM023466.1	129000000	129100000	2.0
CM023466.1	129200000	129300000	2.0
CM023466.1	129500000	129600000	1.0
CM023466.1	129600000	129700000	2.0
CM023466.1	129700000	129800000	1.0
CM023466.1	129800000	129900000	2.0
CM023466.1	129900000	130000000	1.0
CM023466.1	130000000	130100000	3.0
CM023466.1	130500000	130600000	1.0
CM023466.1	130800000	130900000	2.0
CM023466.1	130900000	131000000	1.0
CM023466.1	131000000	131100000	2.0
CM023466.1	131100000	131200000	1.0
CM023466.1	131200000	131300000	2.0
CM023466.1	131300000	131400000	3.0
CM023466.1	131400000	131500000	2.0
CM023466.1	131500000	131600000	2.0
CM023466.1	131600000	131700000	2.0
CM023466.1	131700000	131800000	1.0
CM023466.1	131800000	131900000	1.0
CM023466.1	131900000	132000000	1.0
CM023466.1	132000000	132100000	2.0
CM023466.1	132300000	132400000	1.0
CM023466.1	132400000	132500000	3.0
CM023466.1	132600000	132700000	3.0
CM023466.1	132700000	132800000	1.0
CM023466.1	132900000	133000000	1.0
CM023466.1	133200000	133300000	1.0
CM023466.1	133300000	133400000	3.0
CM023466.1	133400000	133500000	2.0
CM023466.1	133500000	133600000	1.0
CM023466.1	133600000	133700000	1.0
CM023466.1	133700000	133800000	1.0
CM023466.1	133800000	133900000	3.0
CM023466.1	133900000	134000000	4.0
CM023466.1	134100000	134200000	2.0
CM023466.1	134200000	134300000	1.0
CM023466.1	134300000	134400000	3.0
CM023466.1	134400000	134500000	3.0
CM023466.1	134500000	134600000	3.0
CM023466.1	134600000	134700000	1.0
CM023466.1	134900000	135000000	2.0
CM023466.1	135000000	135100000	2.0
CM023466.1	135100000	135200000	3.0
CM023466.1	135200000	135300000	2.0
CM023466.1	135400000	135500000	1.0
CM023466.1	135500000	135600000	2.0
CM023466.1	135800000	135900000	1.0
CM023466.1	135900000	136000000	1.0
CM023466.1	136200000	136300000	2.0
CM023466.1	136300000	136400000	5.0
CM023466.1	136400000	136500000	2.0
CM023466.1	136500000	136600000	1.0
CM023466.1	136800000	136900000	2.0
CM023466.1	136900000	137000000	1.0
CM023466.1	137000000	137100000	2.0
CM023466.1	137400000	137500000	1.0
CM023466.1	137500000	137600000	3.0
CM023466.1	137700000	137800000	1.0
CM023466.1	138100000	138200000	4.0
CM023466.1	138200000	138300000	1.0
CM023466.1	138300000	138400000	3.0
CM023466.1	138400000	138500000	1.0
CM023466.1	138500000	138600000	1.0
CM023466.1	138600000	138700000	1.0
CM023466.1	138700000	138800000	1.0
CM023466.1	138800000	138900000	1.0
CM023466.1	138900000	139000000	2.0
CM023466.1	139000000	139100000	4.0
CM023466.1	139100000	139200000	1.0
CM023466.1	139200000	139300000	2.0
CM023466.1	139700000	139800000	1.0
CM023466.1	140100000	140200000	1.0
CM023466.1	140200000	140300000	2.0
CM023466.1	140300000	140400000	2.0
CM023466.1	140500000	140600000	2.0
CM023466.1	140600000	140700000	4.0
CM023466.1	140700000	140800000	1.0
CM023466.1	140800000	140900000	3.0
CM023466.1	140900000	141000000	2.0
CM023466.1	141000000	141100000	2.0
CM023466.1	141200000	141300000	3.0
CM023466.1	141300000	141400000	3.0
CM023466.1	141400000	141500000	1.0
CM023466.1	141500000	141600000	1.0
CM023466.1	141600000	141700000	2.0
CM023466.1	141700000	141800000	1.0
CM023466.1	142000000	142100000	2.0
CM023466.1	142200000	142300000	2.0
CM023466.1	142300000	142400000	1.0
CM023466.1	142500000	142600000	1.0
CM023466.1	142800000	142900000	1.0
CM023466.1	143000000	143100000	2.0
CM023466.1	143600000	143700000	1.0
CM023466.1	143700000	143800000	1.0
CM023466.1	143900000	144000000	2.0
CM023466.1	144000000	144100000	1.0
CM023466.1	144100000	144200000	2.0
CM023466.1	144200000	144300000	2.0
CM023466.1	144400000	144500000	1.0
CM023466.1	144500000	144600000	2.0
CM023466.1	144600000	144700000	2.0
CM023466.1	144700000	144800000	1.0
CM023466.1	144800000	144900000	2.0
CM023466.1	144900000	145000000	2.0
CM023466.1	145000000	145100000	1.0
CM023466.1	145100000	145200000	1.0
CM023466.1	145200000	145300000	2.0
CM023466.1	145400000	145500000	2.0
CM023466.1	145500000	145600000	2.0
CM023466.1	145600000	145700000	2.0
CM023466.1	145700000	145800000	2.0
CM023466.1	145800000	145900000	1.0
CM023466.1	145900000	146000000	2.0
CM023466.1	146000000	146100000	2.0
CM023466.1	146100000	146200000	4.0
CM023466.1	146300000	146400000	2.0
CM023466.1	146500000	146600000	4.0
CM023466.1	146600000	146700000	1.0
CM023466.1	146700000	146800000	2.0
CM023466.1	146900000	147000000	4.0
CM023466.1	147000000	147100000	1.0
CM023466.1	147300000	147400000	1.0
CM023466.1	147500000	147600000	1.0
CM023466.1	147600000	147700000	4.0
CM023466.1	147700000	147800000	1.0
CM023466.1	147800000	147900000	1.0
CM023466.1	147900000	148000000	2.0
CM023466.1	148000000	148100000	2.0
CM023466.1	148100000	148200000	1.0
CM023466.1	148200000	148300000	2.0
CM023466.1	148300000	148400000	1.0
CM023466.1	148400000	148500000	1.0
CM023466.1	148500000	148600000	2.0
CM023466.1	148600000	148700000	1.0
CM023466.1	148900000	149000000	1.0
CM023466.1	149000000	149100000	3.0
CM023466.1	149100000	149200000	2.0
CM023466.1	149200000	149300000	2.0
CM023466.1	149400000	149500000	3.0
CM023466.1	149500000	149600000	2.0
CM023466.1	149800000	149900000	3.0
CM023466.1	149900000	150000000	1.0
CM023466.1	150000000	150100000	1.0
CM023466.1	150100000	150200000	1.0
CM023466.1	150600000	150700000	1.0
CM023466.1	150800000	150900000	1.0
CM023466.1	150900000	151000000	1.0
CM023466.1	151400000	151500000	1.0
CM023466.1	151700000	151800000	1.0
CM023466.1	151900000	152000000	2.0
CM023466.1	152200000	152300000	2.0
CM023466.1	152300000	152400000	1.0
CM023466.1	152400000	152500000	3.0
CM023466.1	152500000	152600000	2.0
CM023466.1	152700000	152800000	2.0
CM023466.1	152900000	153000000	1.0
CM023466.1	153300000	153400000	2.0
CM023466.1	153500000	153600000	2.0
CM023466.1	153600000	153700000	2.0
CM023466.1	153700000	153800000	2.0
CM023466.1	154300000	154400000	2.0
CM023466.1	154700000	154800000	1.0
CM023466.1	154800000	154900000	1.0
CM023466.1	155000000	155100000	1.0
CM023466.1	155500000	155600000	1.0
CM023466.1	156000000	156100000	1.0
CM023466.1	156100000	156200000	1.0
CM023466.1	156400000	156500000	1.0
CM023466.1	157100000	157200000	2.0
CM023466.1	157200000	157300000	1.0
CM023466.1	157400000	157500000	1.0
CM023466.1	157600000	157700000	1.0
CM023466.1	157800000	157900000	3.0
CM023466.1	157900000	158000000	1.0
CM023466.1	158100000	158200000	1.0
CM023466.1	158200000	158300000	2.0
CM023466.1	158300000	158400000	1.0
CM023466.1	158400000	158500000	1.0
CM023466.1	158500000	158600000	2.0
CM023466.1	158600000	158700000	2.0
CM023466.1	158900000	159000000	1.0
CM023466.1	159000000	159100000	1.0
CM023466.1	159100000	159200000	1.0
CM023466.1	159200000	159300000	3.0
CM023466.1	159300000	159400000	1.0
CM023466.1	159400000	159500000	5.0
CM023466.1	159500000	159600000	1.0
CM023466.1	160000000	160100000	3.0
CM023466.1	160100000	160200000	3.0
CM023466.1	160200000	160300000	1.0
CM023466.1	160300000	160400000	1.0
CM023466.1	160400000	160500000	2.0
CM023466.1	160500000	160600000	4.0
CM023466.1	160600000	160700000	4.0
CM023466.1	160700000	160800000	2.0
CM023466.1	160800000	160900000	1.0
CM023466.1	160900000	161000000	1.0
CM023466.1	161000000	161100000	2.0
CM023466.1	161100000	161200000	1.0
CM023466.1	161200000	161300000	1.0
CM023466.1	161300000	161400000	3.0
CM023466.1	161400000	161500000	1.0
CM023466.1	161500000	161600000	3.0
CM023466.1	161700000	161800000	3.0
CM023466.1	161900000	162000000	1.0
CM023466.1	162000000	162100000	1.0
CM023466.1	162100000	162200000	1.0
CM023466.1	162200000	162300000	3.0
CM023466.1	162400000	162500000	1.0
CM023466.1	162500000	162600000	1.0
CM023466.1	162600000	162700000	1.0
CM023466.1	162700000	162800000	3.0
CM023466.1	162900000	163000000	1.0
CM023466.1	163000000	163100000	2.0
CM023466.1	163200000	163300000	4.0
CM023466.1	163300000	163400000	1.0
CM023466.1	163400000	163500000	1.0
CM023466.1	163600000	163700000	3.0
CM023466.1	163800000	163900000	2.0
CM023466.1	164000000	164100000	1.0
CM023466.1	164200000	164300000	4.0
CM023466.1	164300000	164400000	2.0
CM023466.1	164400000	164500000	1.0
CM023466.1	164600000	164700000	1.0
CM023466.1	164700000	164800000	1.0
CM023466.1	165300000	165400000	1.0
CM023466.1	165400000	165500000	1.0
CM023466.1	165600000	165700000	2.0
CM023466.1	165700000	165800000	2.0
CM023466.1	165800000	165900000	3.0
CM023466.1	165900000	166000000	2.0
CM023466.1	166000000	166100000	2.0
CM023466.1	166100000	166200000	1.0
CM023466.1	166200000	166300000	1.0
CM023466.1	167000000	167100000	1.0
CM023466.1	167300000	167400000	1.0
CM023466.1	167500000	167600000	3.0
CM023466.1	167600000	167700000	4.0
CM023466.1	167900000	168000000	2.0
CM023466.1	168000000	168100000	1.0
CM023466.1	168100000	168200000	2.0
CM023466.1	168200000	168300000	2.0
CM023466.1	168400000	168500000	5.0
CM023466.1	168500000	168600000	2.0
CM023466.1	168600000	168700000	1.0
CM023466.1	168700000	168800000	1.0
CM023466.1	168800000	168900000	1.0
CM023466.1	168900000	169000000	1.0
CM023466.1	169200000	169300000	1.0
CM023466.1	169300000	169400000	5.0
CM023466.1	169400000	169500000	2.0
CM023466.1	169900000	170000000	1.0
CM023466.1	170000000	170100000	2.0
CM023467.1	0	100000	3.0
CM023467.1	100000	200000	1.0
CM023467.1	200000	300000	1.0
CM023467.1	400000	500000	3.0
CM023467.1	500000	600000	1.0
CM023467.1	600000	700000	1.0
CM023467.1	700000	800000	3.0
CM023467.1	800000	900000	2.0
CM023467.1	900000	1000000	3.0
CM023467.1	1000000	1100000	2.0
CM023467.1	1100000	1200000	1.0
CM023467.1	1200000	1300000	2.0
CM023467.1	1300000	1400000	1.0
CM023467.1	1400000	1500000	1.0
CM023467.1	1500000	1600000	2.0
CM023467.1	1600000	1700000	1.0
CM023467.1	1700000	1800000	1.0
CM023467.1	1800000	1900000	3.0
CM023467.1	1900000	2000000	3.0
CM023467.1	2000000	2100000	4.0
CM023467.1	2100000	2200000	1.0
CM023467.1	2200000	2300000	1.0
CM023467.1	2300000	2400000	4.0
CM023467.1	2400000	2500000	3.0
CM023467.1	2600000	2700000	3.0
CM023467.1	2700000	2800000	2.0
CM023467.1	2800000	2900000	3.0
CM023467.1	2900000	3000000	2.0
CM023467.1	3000000	3100000	4.0
CM023467.1	3100000	3200000	1.0
CM023467.1	3300000	3400000	3.0
CM023467.1	3400000	3500000	2.0
CM023467.1	3500000	3600000	2.0
CM023467.1	3600000	3700000	2.0
CM023467.1	3700000	3800000	1.0
CM023467.1	3800000	3900000	2.0
CM023467.1	3900000	4000000	1.0
CM023467.1	4000000	4100000	1.0
CM023467.1	4100000	4200000	2.0
CM023467.1	4200000	4300000	5.0
CM023467.1	4300000	4400000	1.0
CM023467.1	4700000	4800000	1.0
CM023467.1	5000000	5100000	1.0
CM023467.1	5100000	5200000	1.0
CM023467.1	5600000	5700000	1.0
CM023467.1	6100000	6200000	2.0
CM023467.1	6600000	6700000	1.0
CM023467.1	6800000	6900000	1.0
CM023467.1	7000000	7100000	1.0
CM023467.1	7200000	7300000	2.0
CM023467.1	7700000	7800000	2.0
CM023467.1	7900000	8000000	1.0
CM023467.1	8000000	8100000	1.0
CM023467.1	8200000	8300000	1.0
CM023467.1	8300000	8400000	1.0
CM023467.1	8500000	8600000	2.0
CM023467.1	8600000	8700000	3.0
CM023467.1	8700000	8800000	2.0
CM023467.1	8800000	8900000	2.0
CM023467.1	8900000	9000000	4.0
CM023467.1	9000000	9100000	6.0
CM023467.1	9200000	9300000	2.0
CM023467.1	9300000	9400000	1.0
CM023467.1	9400000	9500000	2.0
CM023467.1	9500000	9600000	5.0
CM023467.1	9600000	9700000	3.0
CM023467.1	9700000	9800000	1.0
CM023467.1	9800000	9900000	1.0
CM023467.1	9900000	10000000	1.0
CM023467.1	10000000	10100000	1.0
CM023467.1	10100000	10200000	1.0
CM023467.1	10300000	10400000	1.0
CM023467.1	10600000	10700000	1.0
CM023467.1	10800000	10900000	1.0
CM023467.1	11000000	11100000	1.0
CM023467.1	11200000	11300000	1.0
CM023467.1	11800000	11900000	2.0
CM023467.1	12400000	12500000	1.0
CM023467.1	12600000	12700000	1.0
CM023467.1	12700000	12800000	1.0
CM023467.1	12900000	13000000	1.0
CM023467.1	13000000	13100000	2.0
CM023467.1	13300000	13400000	1.0
CM023467.1	13500000	13600000	1.0
CM023467.1	13700000	13800000	4.0
CM023467.1	13800000	13900000	2.0
CM023467.1	13900000	14000000	1.0
CM023467.1	14200000	14300000	1.0
CM023467.1	14300000	14400000	2.0
CM023467.1	14400000	14500000	1.0
CM023467.1	14500000	14600000	1.0
CM023467.1	14600000	14700000	5.0
CM023467.1	14700000	14800000	7.0
CM023467.1	14800000	14900000	6.0
CM023467.1	14900000	15000000	4.0
CM023467.1	15300000	15400000	3.0
CM023467.1	15400000	15500000	4.0
CM023467.1	15500000	15600000	1.0
CM023467.1	15600000	15700000	1.0
CM023467.1	15800000	15900000	1.0
CM023467.1	15900000	16000000	3.0
CM023467.1	16000000	16100000	6.0
CM023467.1	16100000	16200000	5.0
CM023467.1	16200000	16300000	2.0
CM023467.1	16300000	16400000	3.0
CM023467.1	16400000	16500000	4.0
CM023467.1	16500000	16600000	2.0
CM023467.1	16600000	16700000	3.0
CM023467.1	16800000	16900000	2.0
CM023467.1	16900000	17000000	3.0
CM023467.1	17000000	17100000	2.0
CM023467.1	17100000	17200000	1.0
CM023467.1	17200000	17300000	1.0
CM023467.1	17300000	17400000	1.0
CM023467.1	17500000	17600000	2.0
CM023467.1	17600000	17700000	5.0
CM023467.1	17800000	17900000	1.0
CM023467.1	18000000	18100000	1.0
CM023467.1	18100000	18200000	1.0
CM023467.1	18200000	18300000	2.0
CM023467.1	18300000	18400000	4.0
CM023467.1	18400000	18500000	4.0
CM023467.1	18500000	18600000	2.0
CM023467.1	18600000	18700000	1.0
CM023467.1	18700000	18800000	4.0
CM023467.1	18800000	18900000	2.0
CM023467.1	18900000	19000000	2.0
CM023467.1	19000000	19100000	3.0
CM023467.1	19100000	19200000	1.0
CM023467.1	19200000	19300000	4.0
CM023467.1	19300000	19400000	3.0
CM023467.1	19400000	19500000	1.0
CM023467.1	19500000	19600000	1.0
CM023467.1	19600000	19700000	2.0
CM023467.1	19700000	19800000	3.0
CM023467.1	19800000	19900000	2.0
CM023467.1	19900000	20000000	3.0
CM023467.1	20000000	20100000	1.0
CM023467.1	20100000	20200000	1.0
CM023467.1	20300000	20400000	3.0
CM023467.1	20400000	20500000	4.0
CM023467.1	20500000	20600000	1.0
CM023467.1	20600000	20700000	2.0
CM023467.1	20700000	20800000	2.0
CM023467.1	21100000	21200000	2.0
CM023467.1	21300000	21400000	3.0
CM023467.1	21400000	21500000	2.0
CM023467.1	21600000	21700000	1.0
CM023467.1	21800000	21900000	3.0
CM023467.1	22000000	22100000	1.0
CM023467.1	22400000	22500000	1.0
CM023467.1	22600000	22700000	1.0
CM023467.1	22800000	22900000	2.0
CM023467.1	22900000	23000000	2.0
CM023467.1	23100000	23200000	2.0
CM023467.1	23200000	23300000	2.0
CM023467.1	23300000	23400000	4.0
CM023467.1	23400000	23500000	1.0
CM023467.1	23500000	23600000	3.0
CM023467.1	23600000	23700000	1.0
CM023467.1	23700000	23800000	1.0
CM023467.1	23800000	23900000	2.0
CM023467.1	23900000	24000000	1.0
CM023467.1	24000000	24100000	1.0
CM023467.1	24100000	24200000	1.0
CM023467.1	24300000	24400000	2.0
CM023467.1	24500000	24600000	3.0
CM023467.1	24600000	24700000	3.0
CM023467.1	24700000	24800000	3.0
CM023467.1	24800000	24900000	3.0
CM023467.1	24900000	25000000	3.0
CM023467.1	25000000	25100000	1.0
CM023467.1	25100000	25200000	3.0
CM023467.1	25200000	25300000	5.0
CM023467.1	25300000	25400000	3.0
CM023467.1	25400000	25500000	2.0
CM023467.1	25500000	25600000	5.0
CM023467.1	25600000	25700000	4.0
CM023467.1	25700000	25800000	5.0
CM023467.1	25800000	25900000	4.0
CM023467.1	25900000	26000000	2.0
CM023467.1	26000000	26100000	5.0
CM023467.1	26600000	26700000	1.0
CM023467.1	26800000	26900000	1.0
CM023467.1	26900000	27000000	1.0
CM023467.1	27100000	27200000	1.0
CM023467.1	27200000	27300000	2.0
CM023467.1	27300000	27400000	1.0
CM023467.1	27400000	27500000	5.0
CM023467.1	27600000	27700000	1.0
CM023467.1	27700000	27800000	7.0
CM023467.1	27800000	27900000	3.0
CM023467.1	27900000	28000000	2.0
CM023467.1	28100000	28200000	1.0
CM023467.1	28200000	28300000	2.0
CM023467.1	28300000	28400000	2.0
CM023467.1	28500000	28600000	2.0
CM023467.1	28600000	28700000	2.0
CM023467.1	28700000	28800000	3.0
CM023467.1	28800000	28900000	3.0
CM023467.1	29200000	29300000	1.0
CM023467.1	29500000	29600000	1.0
CM023467.1	29600000	29700000	1.0
CM023467.1	29700000	29800000	6.0
CM023467.1	29800000	29900000	1.0
CM023467.1	29900000	30000000	2.0
CM023467.1	30000000	30100000	2.0
CM023467.1	30100000	30200000	3.0
CM023467.1	30200000	30300000	2.0
CM023467.1	30300000	30400000	1.0
CM023467.1	30500000	30600000	2.0
CM023467.1	30600000	30700000	2.0
CM023467.1	30700000	30800000	1.0
CM023467.1	30800000	30900000	1.0
CM023467.1	30900000	31000000	3.0
CM023467.1	31000000	31100000	2.0
CM023467.1	31100000	31200000	2.0
CM023467.1	31200000	31300000	6.0
CM023467.1	31300000	31400000	3.0
CM023467.1	31400000	31500000	3.0
CM023467.1	31500000	31600000	3.0
CM023467.1	31600000	31700000	2.0
CM023467.1	31700000	31800000	4.0
CM023467.1	31800000	31900000	1.0
CM023467.1	32000000	32100000	4.0
CM023467.1	32100000	32200000	1.0
CM023467.1	32200000	32300000	5.0
CM023467.1	32400000	32500000	5.0
CM023467.1	32500000	32600000	2.0
CM023467.1	32600000	32700000	2.0
CM023467.1	32700000	32800000	1.0
CM023467.1	32800000	32900000	4.0
CM023467.1	32900000	33000000	4.0
CM023467.1	33100000	33200000	1.0
CM023467.1	33400000	33500000	1.0
CM023467.1	33500000	33600000	1.0
CM023467.1	33600000	33700000	1.0
CM023467.1	33800000	33900000	1.0
CM023467.1	33900000	34000000	2.0
CM023467.1	34000000	34100000	2.0
CM023467.1	34400000	34500000	1.0
CM023467.1	34800000	34900000	1.0
CM023467.1	34900000	35000000	1.0
CM023467.1	35200000	35300000	2.0
CM023467.1	35700000	35800000	1.0
CM023467.1	35800000	35900000	1.0
CM023467.1	36700000	36800000	1.0
CM023467.1	36900000	37000000	3.0
CM023467.1	37000000	37100000	2.0
CM023467.1	37100000	37200000	3.0
CM023467.1	37200000	37300000	1.0
CM023467.1	37400000	37500000	2.0
CM023467.1	37500000	37600000	1.0
CM023467.1	37800000	37900000	3.0
CM023467.1	38000000	38100000	1.0
CM023467.1	38200000	38300000	1.0
CM023467.1	38300000	38400000	2.0
CM023467.1	38400000	38500000	2.0
CM023467.1	38500000	38600000	1.0
CM023467.1	38600000	38700000	1.0
CM023467.1	38700000	38800000	2.0
CM023467.1	38800000	38900000	1.0
CM023467.1	38900000	39000000	1.0
CM023467.1	39000000	39100000	2.0
CM023467.1	39100000	39200000	3.0
CM023467.1	39200000	39300000	3.0
CM023467.1	39300000	39400000	3.0
CM023467.1	39400000	39500000	2.0
CM023467.1	39500000	39600000	1.0
CM023467.1	39600000	39700000	5.0
CM023467.1	39700000	39800000	2.0
CM023467.1	39800000	39900000	2.0
CM023467.1	39900000	40000000	1.0
CM023467.1	40000000	40100000	1.0
CM023467.1	40200000	40300000	1.0
CM023467.1	40800000	40900000	3.0
CM023467.1	40900000	41000000	1.0
CM023467.1	41400000	41500000	1.0
CM023467.1	42000000	42100000	2.0
CM023467.1	42400000	42500000	1.0
CM023467.1	42600000	42700000	1.0
CM023467.1	42700000	42800000	1.0
CM023467.1	42800000	42900000	1.0
CM023467.1	43400000	43500000	1.0
CM023467.1	43500000	43600000	2.0
CM023467.1	43700000	43800000	2.0
CM023467.1	44000000	44100000	1.0
CM023467.1	44100000	44200000	1.0
CM023467.1	44300000	44400000	1.0
CM023467.1	44600000	44700000	2.0
CM023467.1	44700000	44800000	4.0
CM023467.1	44800000	44900000	4.0
CM023467.1	45200000	45300000	1.0
CM023467.1	45300000	45400000	1.0
CM023467.1	45400000	45500000	4.0
CM023467.1	45500000	45600000	2.0
CM023467.1	45600000	45700000	5.0
CM023467.1	45700000	45800000	1.0
CM023467.1	45800000	45900000	1.0
CM023467.1	45900000	46000000	1.0
CM023467.1	46000000	46100000	1.0
CM023467.1	46100000	46200000	3.0
CM023467.1	46200000	46300000	2.0
CM023467.1	46300000	46400000	6.0
CM023467.1	46400000	46500000	3.0
CM023467.1	46500000	46600000	2.0
CM023467.1	46700000	46800000	1.0
CM023467.1	46800000	46900000	1.0
CM023467.1	47000000	47100000	2.0
CM023467.1	47500000	47600000	1.0
CM023467.1	47600000	47700000	2.0
CM023467.1	47700000	47800000	1.0
CM023467.1	47800000	47900000	1.0
CM023467.1	47900000	48000000	2.0
CM023467.1	48000000	48100000	1.0
CM023467.1	48100000	48200000	1.0
CM023467.1	48200000	48300000	1.0
CM023467.1	48400000	48500000	1.0
CM023467.1	48500000	48600000	1.0
CM023467.1	48800000	48900000	2.0
CM023467.1	49000000	49100000	2.0
CM023467.1	50400000	50500000	4.0
CM023467.1	50500000	50600000	1.0
CM023467.1	50600000	50700000	1.0
CM023467.1	51000000	51100000	2.0
CM023467.1	51100000	51200000	1.0
CM023467.1	51300000	51400000	1.0
CM023467.1	52200000	52300000	1.0
CM023467.1	52500000	52600000	1.0
CM023467.1	52800000	52900000	2.0
CM023467.1	52900000	53000000	1.0
CM023467.1	53000000	53100000	1.0
CM023467.1	53300000	53400000	1.0
CM023467.1	53400000	53500000	1.0
CM023467.1	53500000	53600000	1.0
CM023467.1	53800000	53900000	1.0
CM023467.1	54200000	54300000	2.0
CM023467.1	54500000	54600000	1.0
CM023467.1	54800000	54900000	2.0
CM023467.1	54900000	55000000	1.0
CM023467.1	55000000	55100000	2.0
CM023467.1	55200000	55300000	2.0
CM023467.1	55300000	55400000	1.0
CM023467.1	55400000	55500000	2.0
CM023467.1	55600000	55700000	2.0
CM023467.1	55900000	56000000	1.0
CM023467.1	56100000	56200000	1.0
CM023467.1	56200000	56300000	1.0
CM023467.1	56300000	56400000	1.0
CM023467.1	56600000	56700000	2.0
CM023467.1	57300000	57400000	3.0
CM023467.1	57400000	57500000	1.0
CM023467.1	57500000	57600000	2.0
CM023467.1	57700000	57800000	4.0
CM023467.1	57900000	58000000	2.0
CM023467.1	58000000	58100000	1.0
CM023467.1	58100000	58200000	2.0
CM023467.1	58200000	58300000	2.0
CM023467.1	58300000	58400000	2.0
CM023467.1	58400000	58500000	1.0
CM023467.1	58600000	58700000	2.0
CM023467.1	58700000	58800000	3.0
CM023467.1	58800000	58900000	1.0
CM023467.1	58900000	59000000	1.0
CM023467.1	59500000	59600000	1.0
CM023467.1	59900000	60000000	2.0
CM023467.1	60000000	60100000	1.0
CM023467.1	60100000	60200000	1.0
CM023467.1	60200000	60300000	1.0
CM023467.1	60300000	60400000	2.0
CM023467.1	60400000	60500000	1.0
CM023467.1	60500000	60600000	1.0
CM023467.1	60600000	60700000	1.0
CM023467.1	60700000	60800000	2.0
CM023467.1	60800000	60900000	1.0
CM023467.1	61000000	61100000	2.0
CM023467.1	61500000	61600000	5.0
CM023467.1	62100000	62200000	1.0
CM023467.1	62300000	62400000	1.0
CM023467.1	62400000	62500000	1.0
CM023467.1	62500000	62600000	2.0
CM023467.1	62600000	62700000	3.0
CM023467.1	62800000	62900000	3.0
CM023467.1	63000000	63100000	1.0
CM023467.1	63100000	63200000	1.0
CM023467.1	63200000	63300000	4.0
CM023467.1	63300000	63400000	1.0
CM023467.1	63400000	63500000	1.0
CM023467.1	63600000	63700000	2.0
CM023467.1	63700000	63800000	3.0
CM023467.1	64000000	64100000	1.0
CM023467.1	64100000	64200000	1.0
CM023467.1	64400000	64500000	1.0
CM023467.1	64500000	64600000	1.0
CM023467.1	64700000	64800000	1.0
CM023467.1	65000000	65100000	1.0
CM023467.1	65100000	65200000	3.0
CM023467.1	65200000	65300000	1.0
CM023467.1	65300000	65400000	1.0
CM023467.1	65500000	65600000	1.0
CM023467.1	65700000	65800000	1.0
CM023467.1	65800000	65900000	1.0
CM023467.1	66100000	66200000	1.0
CM023467.1	66600000	66700000	2.0
CM023467.1	67200000	67300000	1.0
CM023467.1	67400000	67500000	1.0
CM023467.1	67500000	67600000	3.0
CM023467.1	67600000	67700000	2.0
CM023467.1	67800000	67900000	1.0
CM023467.1	67900000	68000000	2.0
CM023467.1	68000000	68100000	2.0
CM023467.1	68300000	68400000	1.0
CM023467.1	68400000	68500000	1.0
CM023467.1	68500000	68600000	2.0
CM023467.1	68600000	68700000	2.0
CM023467.1	68700000	68800000	1.0
CM023467.1	68900000	69000000	2.0
CM023467.1	69200000	69300000	1.0
CM023467.1	69500000	69600000	1.0
CM023467.1	69600000	69700000	1.0
CM023467.1	69700000	69800000	2.0
CM023467.1	69900000	70000000	2.0
CM023467.1	70000000	70100000	3.0
CM023467.1	70100000	70200000	2.0
CM023467.1	70300000	70400000	1.0
CM023467.1	70400000	70500000	2.0
CM023467.1	70500000	70600000	1.0
CM023467.1	70600000	70700000	1.0
CM023467.1	70700000	70800000	4.0
CM023467.1	70800000	70900000	2.0
CM023467.1	70900000	71000000	1.0
CM023467.1	71100000	71200000	2.0
CM023467.1	71200000	71300000	1.0
CM023467.1	71300000	71400000	3.0
CM023467.1	71400000	71500000	3.0
CM023467.1	71500000	71600000	1.0
CM023467.1	71600000	71700000	1.0
CM023467.1	71700000	71800000	4.0
CM023467.1	71800000	71900000	3.0
CM023467.1	71900000	72000000	1.0
CM023467.1	72000000	72100000	1.0
CM023467.1	72200000	72300000	1.0
CM023467.1	72300000	72400000	1.0
CM023467.1	72400000	72500000	1.0
CM023467.1	72500000	72600000	3.0
CM023467.1	72700000	72800000	2.0
CM023467.1	73400000	73500000	3.0
CM023467.1	73500000	73600000	1.0
CM023467.1	73600000	73700000	4.0
CM023467.1	73700000	73800000	3.0
CM023467.1	73800000	73900000	3.0
CM023467.1	73900000	74000000	3.0
CM023467.1	74000000	74100000	1.0
CM023467.1	74100000	74200000	2.0
CM023467.1	74300000	74400000	1.0
CM023467.1	74400000	74500000	2.0
CM023467.1	74500000	74600000	3.0
CM023467.1	74600000	74700000	2.0
CM023467.1	74700000	74800000	3.0
CM023467.1	74800000	74900000	1.0
CM023467.1	74900000	75000000	1.0
CM023467.1	75100000	75200000	1.0
CM023467.1	75200000	75300000	2.0
CM023467.1	75300000	75400000	1.0
CM023467.1	76300000	76400000	1.0
CM023467.1	76500000	76600000	2.0
CM023467.1	77400000	77500000	1.0
CM023467.1	77500000	77600000	3.0
CM023467.1	77700000	77800000	1.0
CM023467.1	78300000	78400000	1.0
CM023467.1	78400000	78500000	1.0
CM023467.1	78500000	78600000	2.0
CM023467.1	78700000	78800000	2.0
CM023467.1	78800000	78900000	2.0
CM023467.1	78900000	79000000	3.0
CM023467.1	79000000	79100000	2.0
CM023467.1	79100000	79200000	4.0
CM023467.1	79500000	79600000	3.0
CM023467.1	79600000	79700000	1.0
CM023467.1	79700000	79800000	1.0
CM023467.1	80000000	80100000	1.0
CM023467.1	80900000	81000000	1.0
CM023467.1	81100000	81200000	1.0
CM023467.1	81300000	81400000	2.0
CM023467.1	81400000	81500000	1.0
CM023467.1	81500000	81600000	1.0
CM023467.1	81700000	81800000	1.0
CM023467.1	81900000	82000000	2.0
CM023467.1	82000000	82100000	3.0
CM023467.1	82200000	82300000	2.0
CM023467.1	82600000	82700000	1.0
CM023467.1	82800000	82900000	1.0
CM023467.1	82900000	83000000	3.0
CM023467.1	83000000	83100000	1.0
CM023467.1	83100000	83200000	1.0
CM023467.1	84000000	84100000	1.0
CM023467.1	84200000	84300000	1.0
CM023467.1	84500000	84600000	1.0
CM023467.1	84600000	84700000	1.0
CM023467.1	84800000	84900000	2.0
CM023467.1	84900000	85000000	2.0
CM023467.1	85000000	85100000	1.0
CM023467.1	85300000	85400000	2.0
CM023467.1	85400000	85500000	1.0
CM023467.1	85900000	86000000	1.0
CM023467.1	86100000	86200000	7.0
CM023467.1	86200000	86300000	2.0
CM023467.1	86400000	86500000	1.0
CM023467.1	86600000	86700000	2.0
CM023467.1	86700000	86800000	1.0
CM023467.1	86900000	87000000	1.0
CM023467.1	87000000	87100000	1.0
CM023467.1	87100000	87200000	2.0
CM023467.1	87300000	87400000	1.0
CM023467.1	87500000	87600000	2.0
CM023467.1	87600000	87700000	1.0
CM023467.1	87800000	87900000	1.0
CM023467.1	87900000	88000000	3.0
CM023467.1	88000000	88100000	2.0
CM023467.1	88200000	88300000	1.0
CM023467.1	88300000	88400000	2.0
CM023467.1	88400000	88500000	2.0
CM023467.1	88500000	88600000	3.0
CM023467.1	88600000	88700000	1.0
CM023467.1	88700000	88800000	1.0
CM023467.1	88800000	88900000	1.0
CM023467.1	88900000	89000000	3.0
CM023467.1	89000000	89100000	2.0
CM023467.1	89200000	89300000	1.0
CM023467.1	89300000	89400000	1.0
CM023467.1	89400000	89500000	3.0
CM023467.1	89500000	89600000	2.0
CM023467.1	89600000	89700000	1.0
CM023467.1	89700000	89800000	1.0
CM023467.1	89800000	89900000	3.0
CM023467.1	90000000	90100000	1.0
CM023467.1	90400000	90500000	1.0
CM023467.1	90500000	90600000	2.0
CM023467.1	90600000	90700000	3.0
CM023467.1	90700000	90800000	1.0
CM023467.1	91000000	91100000	4.0
CM023467.1	91100000	91200000	1.0
CM023467.1	91400000	91500000	2.0
CM023467.1	91600000	91700000	2.0
CM023467.1	91800000	91900000	2.0
CM023467.1	92000000	92100000	2.0
CM023467.1	92100000	92200000	2.0
CM023467.1	92300000	92400000	3.0
CM023467.1	92500000	92600000	1.0
CM023467.1	93100000	93200000	1.0
CM023467.1	93200000	93300000	1.0
CM023467.1	93500000	93600000	1.0
CM023467.1	93600000	93700000	4.0
CM023467.1	93700000	93800000	2.0
CM023467.1	93800000	93900000	1.0
CM023467.1	93900000	94000000	3.0
CM023467.1	94000000	94100000	4.0
CM023467.1	94100000	94200000	6.0
CM023467.1	94200000	94300000	6.0
CM023467.1	94300000	94400000	2.0
CM023467.1	94500000	94600000	3.0
CM023467.1	94800000	94900000	2.0
CM023467.1	94900000	95000000	1.0
CM023467.1	95300000	95400000	1.0
CM023467.1	95400000	95500000	2.0
CM023467.1	95500000	95600000	4.0
CM023467.1	95600000	95700000	1.0
CM023467.1	95700000	95800000	2.0
CM023467.1	95800000	95900000	1.0
CM023467.1	96000000	96100000	1.0
CM023467.1	96100000	96200000	1.0
CM023467.1	96200000	96300000	1.0
CM023467.1	96500000	96600000	3.0
CM023467.1	96600000	96700000	1.0
CM023467.1	96700000	96800000	1.0
CM023467.1	96800000	96900000	1.0
CM023467.1	96900000	97000000	1.0
CM023467.1	97100000	97200000	2.0
CM023467.1	97200000	97300000	1.0
CM023467.1	97600000	97700000	1.0
CM023467.1	97700000	97800000	1.0
CM023467.1	97800000	97900000	2.0
CM023467.1	98000000	98100000	1.0
CM023467.1	98100000	98200000	1.0
CM023467.1	98400000	98500000	2.0
CM023467.1	98600000	98700000	2.0
CM023467.1	98700000	98800000	1.0
CM023467.1	98800000	98900000	2.0
CM023467.1	99000000	99100000	1.0
CM023467.1	99200000	99300000	1.0
CM023467.1	99400000	99500000	1.0
CM023467.1	99500000	99600000	2.0
CM023467.1	99600000	99700000	1.0
CM023467.1	99700000	99800000	2.0
CM023467.1	99800000	99900000	1.0
CM023467.1	99900000	100000000	2.0
CM023467.1	100000000	100100000	1.0
CM023467.1	100200000	100300000	4.0
CM023467.1	100300000	100400000	3.0
CM023467.1	100400000	100500000	1.0
CM023467.1	100500000	100600000	3.0
CM023467.1	100600000	100700000	1.0
CM023467.1	100800000	100900000	1.0
CM023467.1	100900000	101000000	2.0
CM023467.1	101100000	101200000	1.0
CM023467.1	101200000	101300000	1.0
CM023467.1	101500000	101600000	1.0
CM023467.1	101600000	101700000	1.0
CM023467.1	101900000	102000000	1.0
CM023467.1	102000000	102100000	1.0
CM023467.1	102100000	102200000	1.0
CM023467.1	102300000	102400000	1.0
CM023467.1	102400000	102500000	2.0
CM023467.1	102500000	102600000	1.0
CM023467.1	102600000	102700000	2.0
CM023467.1	102700000	102800000	2.0
CM023467.1	102800000	102900000	3.0
CM023467.1	102900000	103000000	2.0
CM023467.1	103000000	103100000	2.0
CM023467.1	103200000	103300000	4.0
CM023467.1	103300000	103400000	4.0
CM023467.1	103400000	103500000	4.0
CM023467.1	103500000	103600000	3.0
CM023467.1	103600000	103700000	1.0
CM023467.1	103700000	103800000	1.0
CM023467.1	103800000	103900000	2.0
CM023467.1	103900000	104000000	3.0
CM023467.1	104000000	104100000	1.0
CM023467.1	104100000	104200000	3.0
CM023467.1	104200000	104300000	3.0
CM023467.1	104300000	104400000	4.0
CM023467.1	104400000	104500000	2.0
CM023467.1	104600000	104700000	1.0
CM023467.1	104700000	104800000	2.0
CM023467.1	105000000	105100000	1.0
CM023467.1	105400000	105500000	2.0
CM023467.1	105800000	105900000	1.0
CM023467.1	105900000	106000000	2.0
CM023467.1	106300000	106400000	2.0
CM023467.1	106500000	106600000	2.0
CM023467.1	106700000	106800000	1.0
CM023467.1	106800000	106900000	2.0
CM023467.1	107100000	107200000	1.0
CM023467.1	107600000	107700000	2.0
CM023467.1	107900000	108000000	1.0
CM023467.1	108500000	108600000	1.0
CM023467.1	108600000	108700000	1.0
CM023467.1	108800000	108900000	2.0
CM023467.1	108900000	109000000	1.0
CM023467.1	109000000	109100000	1.0
CM023467.1	109400000	109500000	1.0
CM023467.1	109900000	110000000	1.0
CM023467.1	110100000	110200000	1.0
CM023467.1	110200000	110300000	3.0
CM023467.1	110300000	110400000	1.0
CM023467.1	110500000	110600000	3.0
CM023467.1	110700000	110800000	1.0
CM023467.1	110800000	110900000	1.0
CM023467.1	110900000	111000000	4.0
CM023467.1	111000000	111100000	1.0
CM023467.1	111200000	111300000	4.0
CM023467.1	111600000	111700000	2.0
CM023467.1	111700000	111800000	3.0
CM023467.1	111800000	111900000	4.0
CM023467.1	112200000	112300000	2.0
CM023467.1	112400000	112500000	2.0
CM023467.1	112700000	112800000	3.0
CM023467.1	112800000	112900000	2.0
CM023467.1	113000000	113100000	1.0
CM023467.1	113100000	113200000	2.0
CM023467.1	113200000	113300000	1.0
CM023467.1	113400000	113500000	1.0
CM023467.1	113500000	113600000	1.0
CM023467.1	113600000	113700000	1.0
CM023467.1	113700000	113800000	2.0
CM023467.1	113900000	114000000	1.0
CM023467.1	114000000	114100000	1.0
CM023467.1	114200000	114300000	5.0
CM023467.1	114300000	114400000	2.0
CM023467.1	114500000	114600000	3.0
CM023467.1	114800000	114900000	1.0
CM023467.1	115000000	115100000	1.0
CM023467.1	115100000	115200000	1.0
CM023467.1	115900000	116000000	2.0
CM023467.1	116300000	116400000	1.0
CM023467.1	116400000	116500000	1.0
CM023467.1	116800000	116900000	1.0
CM023467.1	117000000	117100000	3.0
CM023467.1	117300000	117400000	2.0
CM023467.1	117400000	117500000	2.0
CM023467.1	117500000	117600000	1.0
CM023467.1	117600000	117700000	1.0
CM023467.1	117900000	118000000	4.0
CM023467.1	118000000	118100000	3.0
CM023467.1	118200000	118300000	1.0
CM023467.1	118600000	118700000	3.0
CM023467.1	118900000	119000000	1.0
CM023467.1	119500000	119600000	1.0
CM023467.1	119600000	119700000	1.0
CM023467.1	119900000	120000000	2.0
CM023467.1	120400000	120500000	1.0
CM023467.1	120600000	120700000	2.0
CM023467.1	120700000	120800000	2.0
CM023467.1	120800000	120900000	1.0
CM023467.1	121400000	121500000	1.0
CM023467.1	121600000	121700000	1.0
CM023467.1	121900000	122000000	1.0
CM023467.1	122000000	122100000	1.0
CM023467.1	122100000	122200000	1.0
CM023467.1	122200000	122300000	1.0
CM023467.1	122600000	122700000	1.0
CM023467.1	122700000	122800000	3.0
CM023467.1	122900000	123000000	1.0
CM023467.1	123400000	123500000	2.0
CM023467.1	123500000	123600000	1.0
CM023467.1	123700000	123800000	2.0
CM023467.1	123900000	124000000	1.0
CM023467.1	124600000	124700000	1.0
CM023467.1	124700000	124800000	2.0
CM023467.1	124800000	124900000	1.0
CM023467.1	125400000	125500000	1.0
CM023467.1	125700000	125800000	1.0
CM023467.1	125900000	126000000	1.0
CM023467.1	126000000	126100000	1.0
CM023467.1	126200000	126300000	1.0
CM023467.1	126300000	126400000	3.0
CM023467.1	126700000	126800000	1.0
CM023467.1	126900000	127000000	1.0
CM023467.1	127000000	127100000	1.0
CM023467.1	127100000	127200000	1.0
CM023467.1	127300000	127400000	3.0
CM023467.1	127400000	127500000	1.0
CM023467.1	127600000	127700000	1.0
CM023467.1	127700000	127800000	1.0
CM023467.1	127800000	127900000	1.0
CM023467.1	127900000	128000000	1.0
CM023467.1	128000000	128100000	2.0
CM023467.1	128100000	128200000	2.0
CM023467.1	128400000	128500000	1.0
CM023467.1	128500000	128600000	1.0
CM023467.1	128600000	128700000	1.0
CM023467.1	129300000	129400000	2.0
CM023467.1	129400000	129500000	2.0
CM023467.1	129600000	129700000	1.0
CM023467.1	129700000	129800000	6.0
CM023467.1	129800000	129900000	1.0
CM023467.1	129900000	130000000	3.0
CM023467.1	130000000	130100000	4.0
CM023467.1	130100000	130200000	2.0
CM023467.1	130200000	130300000	3.0
CM023467.1	130300000	130400000	3.0
CM023467.1	130400000	130500000	2.0
CM023467.1	130500000	130600000	1.0
CM023467.1	130800000	130900000	2.0
CM023467.1	130900000	131000000	1.0
CM023467.1	131200000	131300000	1.0
CM023467.1	131700000	131800000	2.0
CM023467.1	131800000	131900000	1.0
CM023467.1	132100000	132200000	1.0
CM023467.1	132200000	132300000	1.0
CM023467.1	132300000	132400000	1.0
CM023467.1	132800000	132900000	2.0
CM023467.1	133100000	133200000	2.0
CM023467.1	133200000	133300000	2.0
CM023467.1	133400000	133500000	1.0
CM023467.1	133900000	134000000	1.0
CM023467.1	134000000	134100000	1.0
CM023467.1	134200000	134300000	1.0
CM023467.1	134300000	134400000	1.0
CM023467.1	134700000	134800000	1.0
CM023467.1	135000000	135100000	2.0
CM023467.1	135100000	135200000	1.0
CM023467.1	135300000	135400000	2.0
CM023467.1	135400000	135500000	2.0
CM023467.1	135500000	135600000	2.0
CM023467.1	135600000	135700000	2.0
CM023467.1	135700000	135800000	1.0
CM023467.1	136100000	136200000	5.0
CM023467.1	136400000	136500000	2.0
CM023467.1	136500000	136600000	3.0
CM023467.1	136600000	136700000	1.0
CM023467.1	136800000	136900000	1.0
CM023467.1	137000000	137100000	1.0
CM023467.1	137100000	137200000	1.0
CM023467.1	137300000	137400000	1.0
CM023467.1	137400000	137500000	1.0
CM023467.1	137500000	137600000	1.0
CM023467.1	138400000	138500000	1.0
CM023467.1	138500000	138600000	2.0
CM023467.1	138600000	138700000	2.0
CM023467.1	138700000	138800000	1.0
CM023467.1	138800000	138900000	2.0
CM023467.1	139000000	139100000	2.0
CM023467.1	139100000	139200000	1.0
CM023467.1	139200000	139300000	1.0
CM023467.1	139300000	139400000	1.0
CM023467.1	139500000	139600000	2.0
CM023467.1	139600000	139700000	2.0
CM023467.1	139700000	139800000	2.0
CM023467.1	139800000	139900000	1.0
CM023467.1	139900000	140000000	4.0
CM023467.1	140100000	140200000	1.0
CM023467.1	140200000	140300000	1.0
CM023467.1	140800000	140900000	3.0
CM023467.1	140900000	141000000	1.0
CM023467.1	141100000	141200000	3.0
CM023467.1	141400000	141500000	1.0
CM023467.1	141700000	141800000	1.0
CM023467.1	141800000	141900000	1.0
CM023467.1	141900000	142000000	3.0
CM023467.1	142000000	142100000	1.0
CM023467.1	142200000	142300000	2.0
CM023467.1	142300000	142400000	1.0
CM023467.1	142400000	142500000	3.0
CM023467.1	142500000	142600000	3.0
CM023467.1	142600000	142700000	1.0
CM023467.1	142800000	142900000	3.0
CM023467.1	143000000	143100000	1.0
CM023467.1	143100000	143200000	2.0
CM023467.1	143200000	143300000	1.0
CM023467.1	143400000	143500000	1.0
CM023467.1	143600000	143700000	1.0
CM023467.1	144000000	144100000	2.0
CM023467.1	144300000	144400000	1.0
CM023467.1	144400000	144500000	2.0
CM023467.1	144500000	144600000	1.0
CM023467.1	144600000	144700000	1.0
CM023467.1	144700000	144800000	2.0
CM023467.1	144900000	145000000	1.0
CM023467.1	145000000	145100000	1.0
CM023467.1	145200000	145300000	1.0
CM023467.1	145700000	145800000	2.0
CM023467.1	146100000	146200000	1.0
CM023467.1	146200000	146300000	3.0
CM023467.1	146300000	146400000	1.0
CM023467.1	146400000	146500000	2.0
CM023467.1	146600000	146700000	2.0
CM023467.1	146700000	146800000	3.0
CM023467.1	146800000	146900000	2.0
CM023467.1	146900000	147000000	1.0
CM023467.1	147000000	147100000	2.0
CM023467.1	147300000	147400000	1.0
CM023467.1	147400000	147500000	1.0
CM023467.1	147500000	147600000	1.0
CM023467.1	147600000	147700000	2.0
CM023467.1	147700000	147800000	5.0
CM023467.1	147900000	148000000	4.0
CM023467.1	148200000	148300000	1.0
CM023467.1	148400000	148500000	1.0
CM023467.1	148500000	148600000	2.0
CM023467.1	148600000	148700000	2.0
CM023467.1	148700000	148800000	4.0
CM023467.1	148800000	148900000	1.0
CM023467.1	149100000	149200000	1.0
CM023467.1	149200000	149300000	1.0
CM023467.1	149400000	149500000	2.0
CM023467.1	149500000	149600000	1.0
CM023467.1	149600000	149700000	8.0
CM023467.1	149700000	149800000	2.0
CM023467.1	149900000	150000000	4.0
CM023467.1	150100000	150200000	1.0
CM023467.1	150300000	150400000	2.0
CM023467.1	150400000	150500000	1.0
CM023467.1	150900000	151000000	3.0
CM023467.1	151400000	151500000	1.0
CM023467.1	151500000	151600000	1.0
CM023467.1	151700000	151800000	3.0
CM023467.1	151800000	151900000	2.0
CM023467.1	151900000	152000000	1.0
CM023467.1	152000000	152100000	1.0
CM023467.1	152100000	152200000	1.0
CM023467.1	152300000	152400000	1.0
CM023467.1	152400000	152500000	3.0
CM023467.1	152500000	152600000	1.0
CM023467.1	152600000	152700000	3.0
CM023467.1	152800000	152900000	1.0
CM023467.1	153000000	153100000	1.0
CM023467.1	153100000	153200000	2.0
CM023467.1	153200000	153300000	1.0
CM023467.1	153300000	153400000	2.0
CM023467.1	153400000	153500000	1.0
CM023467.1	153600000	153700000	1.0
CM023467.1	153700000	153800000	1.0
CM023467.1	153800000	153900000	2.0
CM023467.1	153900000	154000000	2.0
CM023467.1	154300000	154400000	1.0
CM023467.1	154400000	154500000	3.0
CM023467.1	154500000	154600000	1.0
CM023467.1	154600000	154700000	1.0
CM023467.1	154700000	154800000	1.0
CM023467.1	155000000	155086640	1.0
CM023468.1	600000	700000	1.0
CM023468.1	1200000	1300000	1.0
CM023468.1	2700000	2800000	1.0
CM023468.1	3500000	3600000	1.0
CM023468.1	3700000	3800000	1.0
CM023468.1	3800000	3900000	1.0
CM023468.1	3900000	4000000	1.0
CM023468.1	4100000	4200000	1.0
CM023468.1	4200000	4300000	4.0
CM023468.1	4300000	4400000	1.0
CM023468.1	4700000	4800000	2.0
CM023468.1	5400000	5500000	1.0
CM023468.1	5600000	5700000	1.0
CM023468.1	6000000	6100000	1.0
CM023468.1	6300000	6400000	1.0
CM023468.1	6400000	6500000	1.0
CM023468.1	6700000	6800000	1.0
CM023468.1	7000000	7100000	2.0
CM023468.1	7100000	7200000	4.0
CM023468.1	7300000	7400000	1.0
CM023468.1	7800000	7900000	1.0
CM023468.1	7900000	8000000	2.0
CM023468.1	8000000	8100000	2.0
CM023468.1	8300000	8400000	1.0
CM023468.1	9200000	9300000	1.0
CM023468.1	9500000	9600000	2.0
CM023468.1	10100000	10200000	1.0
CM023468.1	10500000	10600000	2.0
CM023468.1	10600000	10700000	1.0
CM023468.1	10900000	11000000	1.0
CM023468.1	11000000	11100000	1.0
CM023468.1	11300000	11400000	1.0
CM023468.1	12000000	12100000	2.0
CM023468.1	12400000	12500000	1.0
CM023468.1	12500000	12600000	1.0
CM023468.1	12700000	12800000	1.0
CM023468.1	13100000	13200000	1.0
CM023468.1	13900000	14000000	4.0
CM023468.1	14000000	14100000	3.0
CM023468.1	14100000	14200000	2.0
CM023468.1	14200000	14300000	3.0
CM023468.1	14300000	14400000	1.0
CM023468.1	14400000	14500000	1.0
CM023468.1	14500000	14600000	1.0
CM023468.1	14600000	14700000	4.0
CM023468.1	14700000	14800000	1.0
CM023468.1	14900000	15000000	1.0
CM023468.1	15100000	15200000	2.0
CM023468.1	15800000	15900000	1.0
CM023468.1	15900000	16000000	1.0
CM023468.1	16000000	16100000	1.0
CM023468.1	16100000	16200000	1.0
CM023468.1	16500000	16600000	2.0
CM023468.1	16800000	16900000	2.0
CM023468.1	16900000	17000000	1.0
CM023468.1	17100000	17200000	1.0
CM023468.1	17200000	17300000	2.0
CM023468.1	17300000	17400000	1.0
CM023468.1	17900000	18000000	2.0
CM023468.1	18100000	18200000	1.0
CM023468.1	18200000	18300000	1.0
CM023468.1	18300000	18400000	2.0
CM023468.1	18400000	18500000	1.0
CM023468.1	18700000	18800000	1.0
CM023468.1	18800000	18900000	1.0
CM023468.1	19500000	19600000	2.0
CM023468.1	19700000	19800000	4.0
CM023468.1	19800000	19900000	2.0
CM023468.1	20000000	20100000	1.0
CM023468.1	20100000	20200000	3.0
CM023468.1	20200000	20300000	3.0
CM023468.1	20300000	20400000	1.0
CM023468.1	20700000	20800000	2.0
CM023468.1	20800000	20900000	2.0
CM023468.1	20900000	21000000	1.0
CM023468.1	21000000	21100000	2.0
CM023468.1	21100000	21200000	1.0
CM023468.1	21200000	21300000	2.0
CM023468.1	21300000	21400000	2.0
CM023468.1	21400000	21500000	1.0
CM023468.1	21500000	21600000	2.0
CM023468.1	22000000	22100000	1.0
CM023468.1	22100000	22200000	1.0
CM023468.1	22200000	22300000	1.0
CM023468.1	22400000	22500000	2.0
CM023468.1	22500000	22600000	3.0
CM023468.1	22600000	22700000	2.0
CM023468.1	22800000	22900000	1.0
CM023468.1	22900000	23000000	3.0
CM023468.1	23200000	23300000	1.0
CM023468.1	23300000	23400000	3.0
CM023468.1	23500000	23600000	3.0
CM023468.1	23600000	23700000	1.0
CM023468.1	23700000	23800000	3.0
CM023468.1	23800000	23900000	3.0
CM023468.1	24100000	24200000	1.0
CM023468.1	24300000	24400000	5.0
CM023468.1	24500000	24600000	10.0
CM023468.1	24600000	24700000	5.0
CM023468.1	24700000	24800000	3.0
CM023468.1	25100000	25200000	1.0
CM023468.1	25600000	25700000	1.0
CM023468.1	25700000	25800000	1.0
CM023468.1	25900000	26000000	2.0
CM023468.1	26000000	26100000	1.0
CM023468.1	26200000	26300000	1.0
CM023468.1	26300000	26400000	1.0
CM023468.1	26400000	26500000	2.0
CM023468.1	27000000	27100000	2.0
CM023468.1	27100000	27200000	1.0
CM023468.1	27400000	27500000	2.0
CM023468.1	27700000	27800000	3.0
CM023468.1	27800000	27900000	4.0
CM023468.1	28000000	28100000	1.0
CM023468.1	28400000	28500000	1.0
CM023468.1	28500000	28600000	1.0
CM023468.1	28800000	28900000	2.0
CM023468.1	29000000	29100000	3.0
CM023468.1	29300000	29400000	2.0
CM023468.1	29400000	29500000	1.0
CM023468.1	29700000	29800000	1.0
CM023468.1	30000000	30100000	1.0
CM023468.1	30200000	30300000	2.0
CM023468.1	30300000	30400000	1.0
CM023468.1	30700000	30800000	1.0
CM023468.1	30800000	30900000	1.0
CM023468.1	31200000	31300000	2.0
CM023468.1	31300000	31400000	1.0
CM023468.1	31400000	31500000	3.0
CM023468.1	31800000	31900000	1.0
CM023468.1	32000000	32100000	5.0
CM023468.1	32100000	32200000	1.0
CM023468.1	32300000	32400000	1.0
CM023468.1	32400000	32500000	5.0
CM023468.1	32500000	32600000	2.0
CM023468.1	32800000	32900000	1.0
CM023468.1	32900000	33000000	2.0
CM023468.1	33000000	33100000	1.0
CM023468.1	33100000	33200000	4.0
CM023468.1	33200000	33300000	2.0
CM023468.1	33300000	33400000	3.0
CM023468.1	33500000	33600000	3.0
CM023468.1	33600000	33700000	1.0
CM023468.1	34000000	34100000	2.0
CM023468.1	34100000	34200000	2.0
CM023468.1	34200000	34300000	4.0
CM023468.1	34300000	34400000	2.0
CM023468.1	34400000	34500000	3.0
CM023468.1	34600000	34700000	2.0
CM023468.1	34700000	34800000	1.0
CM023468.1	34900000	35000000	2.0
CM023468.1	35000000	35100000	2.0
CM023468.1	35100000	35200000	1.0
CM023468.1	35200000	35300000	3.0
CM023468.1	35300000	35400000	2.0
CM023468.1	35400000	35500000	1.0
CM023468.1	35500000	35600000	1.0
CM023468.1	35600000	35700000	2.0
CM023468.1	35700000	35800000	2.0
CM023468.1	35800000	35900000	2.0
CM023468.1	35900000	36000000	3.0
CM023468.1	36000000	36100000	6.0
CM023468.1	36100000	36200000	2.0
CM023468.1	36200000	36300000	1.0
CM023468.1	36500000	36600000	14.0
CM023468.1	36600000	36700000	1.0
CM023468.1	36700000	36800000	2.0
CM023468.1	36800000	36900000	2.0
CM023468.1	36900000	37000000	1.0
CM023468.1	37000000	37100000	2.0
CM023468.1	37200000	37300000	2.0
CM023468.1	37300000	37400000	2.0
CM023468.1	37500000	37600000	1.0
CM023468.1	37600000	37700000	3.0
CM023468.1	37700000	37800000	1.0
CM023468.1	38000000	38100000	2.0
CM023468.1	38100000	38200000	3.0
CM023468.1	38200000	38300000	3.0
CM023468.1	38300000	38400000	2.0
CM023468.1	38400000	38500000	1.0
CM023468.1	38500000	38600000	2.0
CM023468.1	38600000	38700000	2.0
CM023468.1	38700000	38800000	1.0
CM023468.1	38800000	38900000	2.0
CM023468.1	38900000	39000000	1.0
CM023468.1	39000000	39100000	2.0
CM023468.1	39100000	39200000	2.0
CM023468.1	39200000	39300000	4.0
CM023468.1	39300000	39400000	1.0
CM023468.1	39500000	39600000	5.0
CM023468.1	39600000	39700000	4.0
CM023468.1	39700000	39800000	2.0
CM023468.1	39800000	39900000	1.0
CM023468.1	40000000	40100000	2.0
CM023468.1	40100000	40200000	2.0
CM023468.1	40900000	41000000	2.0
CM023468.1	41000000	41100000	1.0
CM023468.1	41100000	41200000	4.0
CM023468.1	41300000	41400000	3.0
CM023468.1	41500000	41600000	1.0
CM023468.1	41700000	41800000	1.0
CM023468.1	41800000	41900000	3.0
CM023468.1	41900000	42000000	1.0
CM023468.1	42100000	42200000	1.0
CM023468.1	42500000	42600000	1.0
CM023468.1	42600000	42700000	1.0
CM023468.1	42700000	42800000	3.0
CM023468.1	42800000	42900000	2.0
CM023468.1	42900000	43000000	2.0
CM023468.1	43100000	43200000	2.0
CM023468.1	43200000	43300000	1.0
CM023468.1	43500000	43600000	1.0
CM023468.1	43600000	43700000	1.0
CM023468.1	43700000	43800000	1.0
CM023468.1	43900000	44000000	1.0
CM023468.1	44000000	44100000	3.0
CM023468.1	44100000	44200000	1.0
CM023468.1	44400000	44500000	2.0
CM023468.1	45000000	45100000	2.0
CM023468.1	45600000	45700000	2.0
CM023468.1	45800000	45900000	2.0
CM023468.1	45900000	46000000	2.0
CM023468.1	46000000	46100000	3.0
CM023468.1	46100000	46200000	1.0
CM023468.1	46200000	46300000	3.0
CM023468.1	46300000	46400000	4.0
CM023468.1	46400000	46500000	3.0
CM023468.1	46500000	46600000	2.0
CM023468.1	46600000	46700000	1.0
CM023468.1	46800000	46900000	1.0
CM023468.1	47100000	47200000	1.0
CM023468.1	47200000	47300000	1.0
CM023468.1	47600000	47700000	3.0
CM023468.1	47700000	47800000	4.0
CM023468.1	47800000	47900000	1.0
CM023468.1	47900000	48000000	3.0
CM023468.1	48000000	48100000	5.0
CM023468.1	48100000	48200000	3.0
CM023468.1	48200000	48300000	2.0
CM023468.1	48300000	48400000	4.0
CM023468.1	48400000	48500000	6.0
CM023468.1	48500000	48600000	7.0
CM023468.1	48700000	48800000	3.0
CM023468.1	48900000	49000000	1.0
CM023468.1	49000000	49100000	3.0
CM023468.1	49200000	49300000	2.0
CM023468.1	49500000	49600000	3.0
CM023468.1	49600000	49700000	2.0
CM023468.1	49700000	49800000	1.0
CM023468.1	49800000	49900000	1.0
CM023468.1	50000000	50100000	1.0
CM023468.1	50100000	50200000	1.0
CM023468.1	50300000	50400000	3.0
CM023468.1	50600000	50700000	2.0
CM023468.1	50700000	50800000	1.0
CM023468.1	50900000	51000000	1.0
CM023468.1	51200000	51300000	2.0
CM023468.1	51400000	51500000	1.0
CM023468.1	51500000	51600000	4.0
CM023468.1	51600000	51700000	2.0
CM023468.1	51700000	51800000	4.0
CM023468.1	51800000	51900000	3.0
CM023468.1	51900000	52000000	2.0
CM023468.1	52000000	52100000	3.0
CM023468.1	52100000	52200000	4.0
CM023468.1	52200000	52300000	2.0
CM023468.1	52400000	52500000	2.0
CM023468.1	52500000	52600000	3.0
CM023468.1	52900000	53000000	1.0
CM023468.1	53400000	53500000	1.0
CM023468.1	53500000	53600000	1.0
CM023468.1	53900000	54000000	1.0
CM023468.1	54200000	54300000	1.0
CM023468.1	54300000	54400000	3.0
CM023468.1	54400000	54500000	3.0
CM023468.1	54500000	54600000	2.0
CM023468.1	54600000	54700000	4.0
CM023468.1	54700000	54800000	1.0
CM023468.1	54800000	54900000	2.0
CM023468.1	55000000	55100000	1.0
CM023468.1	55100000	55200000	1.0
CM023468.1	55300000	55400000	3.0
CM023468.1	55400000	55500000	2.0
CM023468.1	55800000	55900000	1.0
CM023468.1	56000000	56100000	1.0
CM023468.1	56200000	56300000	1.0
CM023468.1	56300000	56400000	1.0
CM023468.1	56700000	56800000	1.0
CM023468.1	57200000	57300000	1.0
CM023468.1	57400000	57500000	3.0
CM023468.1	57500000	57600000	1.0
CM023468.1	57600000	57700000	1.0
CM023468.1	57800000	57900000	1.0
CM023468.1	58000000	58100000	1.0
CM023468.1	58100000	58200000	1.0
CM023468.1	58400000	58500000	1.0
CM023468.1	58700000	58800000	1.0
CM023468.1	58800000	58900000	1.0
CM023468.1	59200000	59300000	1.0
CM023468.1	59300000	59400000	1.0
CM023468.1	59400000	59500000	1.0
CM023468.1	59700000	59800000	1.0
CM023468.1	59800000	59900000	1.0
CM023468.1	60600000	60700000	2.0
CM023468.1	60800000	60900000	4.0
CM023468.1	60900000	61000000	1.0
CM023468.1	61000000	61100000	2.0
CM023468.1	61400000	61500000	1.0
CM023468.1	61500000	61600000	1.0
CM023468.1	61600000	61700000	1.0
CM023468.1	62100000	62200000	2.0
CM023468.1	62200000	62300000	1.0
CM023468.1	62500000	62600000	1.0
CM023468.1	62600000	62700000	1.0
CM023468.1	63000000	63100000	1.0
CM023468.1	63300000	63400000	1.0
CM023468.1	63400000	63500000	1.0
CM023468.1	63500000	63600000	2.0
CM023468.1	63700000	63800000	1.0
CM023468.1	63800000	63900000	2.0
CM023468.1	63900000	64000000	2.0
CM023468.1	64000000	64100000	1.0
CM023468.1	64100000	64200000	1.0
CM023468.1	64500000	64600000	1.0
CM023468.1	64700000	64800000	1.0
CM023468.1	64800000	64900000	6.0
CM023468.1	64900000	65000000	9.0
CM023468.1	65000000	65100000	2.0
CM023468.1	65100000	65200000	1.0
CM023468.1	65200000	65300000	2.0
CM023468.1	65300000	65400000	4.0
CM023468.1	65500000	65600000	2.0
CM023468.1	65700000	65800000	1.0
CM023468.1	66000000	66100000	2.0
CM023468.1	66200000	66300000	1.0
CM023468.1	66300000	66400000	1.0
CM023468.1	66400000	66500000	5.0
CM023468.1	66500000	66600000	2.0
CM023468.1	66600000	66700000	1.0
CM023468.1	66700000	66800000	1.0
CM023468.1	67000000	67100000	2.0
CM023468.1	67100000	67200000	2.0
CM023468.1	67200000	67300000	1.0
CM023468.1	67300000	67400000	8.0
CM023468.1	67400000	67500000	3.0
CM023468.1	67500000	67600000	4.0
CM023468.1	67600000	67700000	2.0
CM023468.1	67700000	67800000	3.0
CM023468.1	67800000	67900000	3.0
CM023468.1	67900000	68000000	2.0
CM023468.1	68000000	68100000	1.0
CM023468.1	68100000	68200000	2.0
CM023468.1	68300000	68400000	4.0
CM023468.1	68400000	68500000	1.0
CM023468.1	68700000	68800000	3.0
CM023468.1	68800000	68900000	1.0
CM023468.1	68900000	69000000	2.0
CM023468.1	69000000	69100000	7.0
CM023468.1	69100000	69200000	2.0
CM023468.1	69200000	69300000	5.0
CM023468.1	69300000	69400000	6.0
CM023468.1	69400000	69500000	2.0
CM023468.1	69500000	69600000	4.0
CM023468.1	69600000	69700000	5.0
CM023468.1	69700000	69800000	1.0
CM023468.1	69800000	69900000	4.0
CM023468.1	69900000	70000000	5.0
CM023468.1	70000000	70100000	3.0
CM023468.1	70100000	70200000	3.0
CM023468.1	70200000	70300000	2.0
CM023468.1	70300000	70400000	1.0
CM023468.1	70400000	70500000	4.0
CM023468.1	70500000	70600000	3.0
CM023468.1	70600000	70700000	1.0
CM023468.1	70700000	70800000	1.0
CM023468.1	70900000	71000000	2.0
CM023468.1	71600000	71700000	1.0
CM023468.1	71700000	71800000	1.0
CM023468.1	71800000	71900000	3.0
CM023468.1	71900000	72000000	1.0
CM023468.1	72000000	72100000	2.0
CM023468.1	72100000	72200000	2.0
CM023468.1	72200000	72300000	1.0
CM023468.1	72300000	72400000	2.0
CM023468.1	72400000	72500000	2.0
CM023468.1	72500000	72600000	2.0
CM023468.1	72600000	72700000	1.0
CM023468.1	72900000	73000000	1.0
CM023468.1	73000000	73100000	1.0
CM023468.1	73100000	73200000	3.0
CM023468.1	73200000	73300000	3.0
CM023468.1	73500000	73600000	5.0
CM023468.1	73600000	73700000	3.0
CM023468.1	73700000	73800000	1.0
CM023468.1	73800000	73900000	2.0
CM023468.1	73900000	74000000	2.0
CM023468.1	74000000	74100000	1.0
CM023468.1	74200000	74300000	1.0
CM023468.1	74400000	74500000	2.0
CM023468.1	74500000	74600000	3.0
CM023468.1	74700000	74800000	2.0
CM023468.1	74800000	74900000	3.0
CM023468.1	74900000	75000000	2.0
CM023468.1	75400000	75500000	1.0
CM023468.1	75500000	75600000	1.0
CM023468.1	75800000	75900000	2.0
CM023468.1	76000000	76100000	1.0
CM023468.1	76400000	76500000	1.0
CM023468.1	76500000	76600000	4.0
CM023468.1	76600000	76700000	5.0
CM023468.1	76700000	76800000	5.0
CM023468.1	77000000	77100000	1.0
CM023468.1	77100000	77200000	1.0
CM023468.1	77200000	77300000	1.0
CM023468.1	77500000	77600000	2.0
CM023468.1	77600000	77700000	2.0
CM023468.1	77700000	77800000	3.0
CM023468.1	77800000	77900000	1.0
CM023468.1	77900000	78000000	1.0
CM023468.1	78100000	78200000	1.0
CM023468.1	78300000	78400000	1.0
CM023468.1	78500000	78600000	2.0
CM023468.1	78600000	78700000	1.0
CM023468.1	78800000	78900000	2.0
CM023468.1	79200000	79300000	1.0
CM023468.1	79300000	79400000	1.0
CM023468.1	79600000	79700000	1.0
CM023468.1	79800000	79900000	3.0
CM023468.1	79900000	80000000	2.0
CM023468.1	80000000	80100000	1.0
CM023468.1	80400000	80500000	1.0
CM023468.1	80800000	80900000	1.0
CM023468.1	81100000	81200000	1.0
CM023468.1	81400000	81500000	1.0
CM023468.1	81800000	81900000	1.0
CM023468.1	81900000	82000000	1.0
CM023468.1	82400000	82500000	1.0
CM023468.1	83400000	83500000	5.0
CM023468.1	83500000	83600000	2.0
CM023468.1	83600000	83700000	2.0
CM023468.1	83800000	83900000	1.0
CM023468.1	83900000	84000000	1.0
CM023468.1	84000000	84100000	3.0
CM023468.1	84100000	84200000	2.0
CM023468.1	84200000	84300000	4.0
CM023468.1	84300000	84400000	2.0
CM023468.1	84400000	84500000	1.0
CM023468.1	84500000	84600000	4.0
CM023468.1	84600000	84700000	1.0
CM023468.1	84700000	84800000	3.0
CM023468.1	84800000	84900000	1.0
CM023468.1	85100000	85200000	2.0
CM023468.1	85400000	85500000	1.0
CM023468.1	85500000	85600000	1.0
CM023468.1	85900000	86000000	1.0
CM023468.1	86000000	86100000	4.0
CM023468.1	86300000	86400000	6.0
CM023468.1	86500000	86600000	2.0
CM023468.1	86900000	87000000	1.0
CM023468.1	87000000	87100000	1.0
CM023468.1	87600000	87700000	1.0
CM023468.1	87700000	87800000	1.0
CM023468.1	87900000	88000000	1.0
CM023468.1	88000000	88100000	1.0
CM023468.1	88500000	88600000	1.0
CM023468.1	88700000	88800000	1.0
CM023468.1	88800000	88900000	1.0
CM023468.1	89300000	89400000	1.0
CM023468.1	89400000	89500000	1.0
CM023468.1	89600000	89700000	1.0
CM023468.1	89700000	89800000	1.0
CM023468.1	89900000	90000000	1.0
CM023468.1	90000000	90100000	1.0
CM023468.1	90300000	90400000	1.0
CM023468.1	90500000	90600000	1.0
CM023468.1	90900000	91000000	1.0
CM023468.1	91100000	91200000	2.0
CM023468.1	91500000	91600000	2.0
CM023468.1	91900000	92000000	2.0
CM023468.1	92000000	92100000	1.0
CM023468.1	92800000	92900000	1.0
CM023468.1	92900000	93000000	1.0
CM023468.1	93000000	93100000	1.0
CM023468.1	93300000	93400000	2.0
CM023468.1	93400000	93500000	1.0
CM023468.1	93500000	93600000	1.0
CM023468.1	93700000	93800000	2.0
CM023468.1	93900000	94000000	1.0
CM023468.1	94000000	94100000	1.0
CM023468.1	94400000	94500000	3.0
CM023468.1	94500000	94600000	4.0
CM023468.1	94600000	94700000	3.0
CM023468.1	94700000	94800000	5.0
CM023468.1	94800000	94900000	2.0
CM023468.1	94900000	95000000	2.0
CM023468.1	95000000	95100000	4.0
CM023468.1	95100000	95200000	6.0
CM023468.1	95200000	95300000	3.0
CM023468.1	95300000	95400000	1.0
CM023468.1	95400000	95500000	1.0
CM023468.1	95900000	96000000	3.0
CM023468.1	96000000	96100000	1.0
CM023468.1	96100000	96200000	1.0
CM023468.1	96200000	96300000	2.0
CM023468.1	96300000	96400000	3.0
CM023468.1	96400000	96500000	2.0
CM023468.1	96500000	96600000	2.0
CM023468.1	96600000	96700000	1.0
CM023468.1	96800000	96900000	4.0
CM023468.1	96900000	97000000	4.0
CM023468.1	97100000	97200000	1.0
CM023468.1	97300000	97400000	1.0
CM023468.1	97500000	97600000	1.0
CM023468.1	97700000	97800000	2.0
CM023468.1	98000000	98100000	1.0
CM023468.1	98400000	98500000	1.0
CM023468.1	98600000	98700000	1.0
CM023468.1	98700000	98800000	1.0
CM023468.1	98800000	98900000	1.0
CM023468.1	98900000	99000000	1.0
CM023468.1	99000000	99100000	1.0
CM023468.1	99100000	99200000	1.0
CM023468.1	99200000	99300000	1.0
CM023468.1	99300000	99400000	1.0
CM023468.1	99400000	99500000	1.0
CM023468.1	99500000	99600000	1.0
CM023468.1	99900000	100000000	1.0
CM023468.1	100200000	100300000	1.0
CM023468.1	100300000	100400000	3.0
CM023468.1	100400000	100500000	3.0
CM023468.1	100600000	100700000	2.0
CM023468.1	100800000	100900000	2.0
CM023468.1	101100000	101200000	1.0
CM023468.1	101500000	101600000	1.0
CM023468.1	101800000	101900000	2.0
CM023468.1	102000000	102100000	1.0
CM023468.1	102300000	102400000	2.0
CM023468.1	102500000	102600000	2.0
CM023468.1	103200000	103300000	1.0
CM023468.1	103300000	103400000	7.0
CM023468.1	103400000	103500000	2.0
CM023468.1	103600000	103700000	1.0
CM023468.1	103800000	103900000	3.0
CM023468.1	103900000	104000000	2.0
CM023468.1	104300000	104400000	1.0
CM023468.1	104400000	104500000	1.0
CM023468.1	104500000	104600000	1.0
CM023468.1	104700000	104800000	2.0
CM023468.1	104800000	104900000	6.0
CM023468.1	104900000	105000000	1.0
CM023468.1	105100000	105200000	3.0
CM023468.1	105200000	105300000	3.0
CM023468.1	105300000	105400000	4.0
CM023468.1	105400000	105500000	1.0
CM023468.1	105500000	105600000	1.0
CM023468.1	105600000	105700000	5.0
CM023468.1	105700000	105800000	3.0
CM023468.1	105800000	105900000	5.0
CM023468.1	105900000	106000000	2.0
CM023468.1	106000000	106100000	2.0
CM023468.1	106100000	106200000	4.0
CM023468.1	106200000	106300000	2.0
CM023468.1	106300000	106400000	5.0
CM023468.1	106400000	106500000	2.0
CM023468.1	106500000	106600000	2.0
CM023468.1	106600000	106700000	6.0
CM023468.1	106700000	106800000	4.0
CM023468.1	106800000	106900000	4.0
CM023468.1	106900000	107000000	3.0
CM023468.1	107000000	107100000	3.0
CM023468.1	107100000	107200000	2.0
CM023468.1	107200000	107300000	8.0
CM023468.1	107300000	107400000	1.0
CM023468.1	107400000	107500000	3.0
CM023468.1	107500000	107600000	7.0
CM023468.1	107600000	107700000	4.0
CM023468.1	107700000	107800000	2.0
CM023468.1	107800000	107900000	3.0
CM023468.1	107900000	108000000	6.0
CM023468.1	108000000	108100000	2.0
CM023468.1	108200000	108300000	1.0
CM023468.1	108300000	108400000	1.0
CM023468.1	108400000	108500000	4.0
CM023468.1	108500000	108600000	2.0
CM023468.1	108600000	108700000	6.0
CM023468.1	108700000	108800000	5.0
CM023468.1	108800000	108900000	4.0
CM023468.1	108900000	109000000	5.0
CM023468.1	109000000	109100000	1.0
CM023468.1	109100000	109200000	8.0
CM023468.1	109200000	109300000	2.0
CM023468.1	109500000	109600000	1.0
CM023468.1	109600000	109700000	3.0
CM023468.1	109700000	109800000	3.0
CM023468.1	109800000	109900000	5.0
CM023468.1	110000000	110100000	1.0
CM023468.1	110200000	110300000	1.0
CM023468.1	110300000	110400000	2.0
CM023468.1	110400000	110500000	8.0
CM023468.1	110500000	110600000	3.0
CM023468.1	110600000	110700000	6.0
CM023468.1	110700000	110800000	4.0
CM023468.1	110900000	111000000	1.0
CM023468.1	111000000	111100000	1.0
CM023468.1	111300000	111400000	3.0
CM023468.1	111400000	111500000	1.0
CM023468.1	111500000	111600000	1.0
CM023468.1	111700000	111800000	4.0
CM023468.1	111800000	111900000	1.0
CM023468.1	111900000	112000000	4.0
CM023468.1	112000000	112100000	6.0
CM023468.1	112100000	112200000	5.0
CM023468.1	112200000	112300000	10.0
CM023468.1	112600000	112700000	5.0
CM023468.1	112800000	112900000	1.0
CM023468.1	112900000	113000000	8.0
CM023468.1	113100000	113200000	1.0
CM023468.1	113200000	113300000	4.0
CM023468.1	113300000	113400000	1.0
CM023468.1	113400000	113500000	2.0
CM023468.1	113500000	113600000	1.0
CM023468.1	113600000	113700000	1.0
CM023468.1	113700000	113800000	3.0
CM023468.1	114100000	114200000	2.0
CM023468.1	114200000	114300000	5.0
CM023468.1	114300000	114400000	2.0
CM023468.1	114400000	114500000	2.0
CM023468.1	114500000	114600000	2.0
CM023468.1	114600000	114700000	2.0
CM023468.1	114700000	114800000	6.0
CM023468.1	114800000	114900000	7.0
CM023468.1	114900000	115000000	5.0
CM023468.1	115000000	115100000	7.0
CM023468.1	115100000	115200000	3.0
CM023468.1	115200000	115300000	2.0
CM023468.1	115300000	115400000	2.0
CM023468.1	115400000	115500000	3.0
CM023468.1	115500000	115600000	3.0
CM023468.1	115600000	115700000	5.0
CM023468.1	115900000	116000000	1.0
CM023468.1	116000000	116100000	5.0
CM023468.1	116100000	116200000	4.0
CM023468.1	116200000	116300000	1.0
CM023468.1	116300000	116400000	2.0
CM023468.1	116400000	116500000	8.0
CM023468.1	116500000	116600000	5.0
CM023468.1	116600000	116700000	1.0
CM023468.1	116700000	116800000	2.0
CM023468.1	116800000	116900000	4.0
CM023468.1	117200000	117300000	1.0
CM023468.1	117400000	117500000	2.0
CM023468.1	117500000	117600000	1.0
CM023468.1	117600000	117700000	1.0
CM023468.1	118500000	118600000	1.0
CM023468.1	119300000	119400000	1.0
CM023468.1	119400000	119500000	1.0
CM023468.1	119700000	119800000	1.0
CM023468.1	119800000	119900000	5.0
CM023468.1	119900000	120000000	3.0
CM023468.1	120000000	120100000	6.0
CM023468.1	120100000	120200000	2.0
CM023468.1	120200000	120300000	2.0
CM023468.1	120300000	120400000	1.0
CM023468.1	120400000	120500000	4.0
CM023468.1	120500000	120600000	3.0
CM023468.1	120600000	120700000	2.0
CM023468.1	120700000	120800000	2.0
CM023468.1	120800000	120900000	1.0
CM023468.1	121000000	121100000	3.0
CM023468.1	121100000	121200000	2.0
CM023468.1	121200000	121300000	3.0
CM023468.1	121300000	121400000	3.0
CM023468.1	121400000	121500000	1.0
CM023468.1	121500000	121600000	2.0
CM023468.1	121600000	121700000	1.0
CM023468.1	121700000	121800000	2.0
CM023468.1	121800000	121900000	1.0
CM023468.1	121900000	122000000	1.0
CM023468.1	122000000	122100000	1.0
CM023468.1	122200000	122300000	7.0
CM023468.1	122300000	122400000	5.0
CM023468.1	122400000	122500000	2.0
CM023468.1	122500000	122600000	2.0
CM023468.1	122600000	122700000	4.0
CM023468.1	122900000	123000000	2.0
CM023468.1	123000000	123100000	1.0
CM023468.1	123200000	123300000	1.0
CM023468.1	123300000	123400000	1.0
CM023468.1	123500000	123600000	1.0
CM023468.1	123700000	123800000	1.0
CM023468.1	123800000	123900000	3.0
CM023468.1	123900000	124000000	7.0
CM023468.1	124000000	124100000	5.0
CM023468.1	124100000	124200000	3.0
CM023468.1	124200000	124300000	1.0
CM023468.1	124300000	124400000	3.0
CM023468.1	124400000	124500000	3.0
CM023468.1	124600000	124700000	1.0
CM023468.1	124900000	125000000	1.0
CM023468.1	125000000	125100000	1.0
CM023468.1	125100000	125200000	4.0
CM023468.1	125200000	125300000	3.0
CM023468.1	125300000	125400000	2.0
CM023468.1	125400000	125500000	3.0
CM023468.1	125500000	125600000	2.0
CM023468.1	125600000	125700000	3.0
CM023468.1	125700000	125800000	10.0
CM023468.1	125800000	125900000	4.0
CM023468.1	125900000	126000000	2.0
CM023468.1	126000000	126100000	4.0
CM023468.1	126100000	126200000	6.0
CM023468.1	126200000	126300000	1.0
CM023468.1	126300000	126400000	2.0
CM023468.1	126400000	126500000	3.0
CM023468.1	126500000	126600000	5.0
CM023468.1	126600000	126700000	2.0
CM023468.1	126700000	126800000	3.0
CM023468.1	126800000	126900000	5.0
CM023468.1	126900000	127000000	4.0
CM023468.1	127000000	127100000	4.0
CM023468.1	127100000	127200000	2.0
CM023468.1	127200000	127300000	1.0
CM023468.1	127300000	127400000	2.0
CM023468.1	127400000	127500000	5.0
CM023468.1	127500000	127600000	1.0
CM023468.1	127600000	127700000	4.0
CM023468.1	127700000	127800000	3.0
CM023468.1	127900000	128000000	1.0
CM023468.1	128100000	128200000	8.0
CM023468.1	128200000	128300000	9.0
CM023468.1	128300000	128400000	1.0
CM023468.1	128400000	128500000	1.0
CM023468.1	128500000	128600000	1.0
CM023468.1	128600000	128700000	2.0
CM023468.1	128700000	128800000	7.0
CM023468.1	128800000	128900000	2.0
CM023468.1	128900000	129000000	2.0
CM023468.1	129000000	129100000	2.0
CM023468.1	129100000	129200000	1.0
CM023468.1	129200000	129300000	2.0
CM023468.1	129300000	129400000	5.0
CM023468.1	129400000	129500000	6.0
CM023468.1	129500000	129600000	5.0
CM023468.1	129600000	129700000	3.0
CM023468.1	129700000	129800000	3.0
CM023468.1	129800000	129900000	1.0
CM023468.1	129900000	130000000	1.0
CM023468.1	130000000	130100000	3.0
CM023468.1	130100000	130200000	3.0
CM023468.1	130200000	130300000	2.0
CM023468.1	130400000	130500000	2.0
CM023468.1	130500000	130600000	1.0
CM023468.1	130600000	130700000	2.0
CM023468.1	130800000	130900000	1.0
CM023468.1	130900000	131000000	2.0
CM023468.1	131000000	131100000	2.0
CM023468.1	131100000	131200000	1.0
CM023468.1	131200000	131300000	4.0
CM023468.1	131300000	131400000	3.0
CM023468.1	131400000	131500000	3.0
CM023468.1	131500000	131600000	3.0
CM023468.1	131600000	131700000	1.0
CM023468.1	131900000	132000000	1.0
CM023468.1	132000000	132100000	1.0
CM023468.1	132100000	132200000	1.0
CM023468.1	132400000	132500000	2.0
CM023468.1	132500000	132600000	1.0
CM023468.1	132600000	132700000	2.0
CM023468.1	132700000	132800000	3.0
CM023468.1	132800000	132900000	3.0
CM023468.1	132900000	133000000	1.0
CM023468.1	133000000	133100000	1.0
CM023468.1	133100000	133200000	2.0
CM023468.1	133200000	133300000	6.0
CM023468.1	133300000	133400000	2.0
CM023468.1	133400000	133500000	2.0
CM023468.1	133500000	133600000	2.0
CM023468.1	133600000	133700000	1.0
CM023468.1	133700000	133800000	2.0
CM023468.1	133800000	133900000	1.0
CM023468.1	133900000	134000000	2.0
CM023468.1	134100000	134200000	3.0
CM023468.1	134200000	134300000	5.0
CM023468.1	134300000	134400000	2.0
CM023468.1	134400000	134500000	2.0
CM023468.1	134500000	134600000	2.0
CM023468.1	134700000	134800000	1.0
CM023468.1	135000000	135100000	4.0
CM023468.1	135100000	135200000	3.0
CM023468.1	135200000	135300000	1.0
CM023468.1	135300000	135400000	3.0
CM023468.1	135400000	135500000	5.0
CM023468.1	135500000	135600000	4.0
CM023468.1	135600000	135700000	1.0
CM023468.1	135700000	135800000	4.0
CM023468.1	135800000	135900000	1.0
CM023468.1	135900000	136000000	1.0
CM023468.1	136000000	136100000	3.0
CM023468.1	136100000	136200000	1.0
CM023468.1	136300000	136400000	2.0
CM023468.1	136400000	136500000	2.0
CM023468.1	136500000	136600000	2.0
CM023468.1	136600000	136700000	5.0
CM023468.1	136700000	136800000	2.0
CM023468.1	136800000	136900000	3.0
CM023468.1	136900000	137000000	4.0
CM023468.1	137000000	137100000	2.0
CM023468.1	137100000	137200000	2.0
CM023468.1	137200000	137300000	4.0
CM023468.1	137300000	137400000	4.0
CM023468.1	137400000	137500000	4.0
CM023468.1	137500000	137600000	2.0
CM023468.1	137600000	137700000	2.0
CM023468.1	137700000	137800000	4.0
CM023468.1	137800000	137900000	1.0
CM023468.1	137900000	138000000	2.0
CM023468.1	138000000	138100000	2.0
CM023468.1	138100000	138200000	2.0
CM023468.1	138200000	138300000	1.0
CM023468.1	138300000	138400000	4.0
CM023468.1	138400000	138500000	1.0
CM023468.1	138500000	138600000	2.0
CM023468.1	138600000	138700000	3.0
CM023468.1	138700000	138800000	3.0
CM023468.1	138900000	139000000	1.0
CM023468.1	139000000	139100000	3.0
CM023468.1	139200000	139300000	1.0
CM023468.1	139300000	139400000	3.0
CM023468.1	139400000	139420584	1.0
CM023469.1	0	100000	1.0
CM023469.1	200000	300000	3.0
CM023469.1	400000	500000	3.0
CM023469.1	500000	600000	1.0
CM023469.1	600000	700000	1.0
CM023469.1	800000	900000	1.0
CM023469.1	900000	1000000	2.0
CM023469.1	1100000	1200000	1.0
CM023469.1	1300000	1400000	1.0
CM023469.1	1700000	1800000	1.0
CM023469.1	2000000	2100000	1.0
CM023469.1	2100000	2200000	1.0
CM023469.1	2200000	2300000	2.0
CM023469.1	2500000	2600000	1.0
CM023469.1	2800000	2900000	1.0
CM023469.1	3000000	3100000	1.0
CM023469.1	3300000	3400000	3.0
CM023469.1	3400000	3500000	1.0
CM023469.1	3500000	3600000	1.0
CM023469.1	3600000	3700000	1.0
CM023469.1	3800000	3900000	3.0
CM023469.1	3900000	4000000	3.0
CM023469.1	4000000	4100000	5.0
CM023469.1	4100000	4200000	2.0
CM023469.1	4400000	4500000	2.0
CM023469.1	4500000	4600000	2.0
CM023469.1	4600000	4700000	3.0
CM023469.1	4800000	4900000	3.0
CM023469.1	4900000	5000000	1.0
CM023469.1	5100000	5200000	2.0
CM023469.1	5200000	5300000	1.0
CM023469.1	5400000	5500000	2.0
CM023469.1	5500000	5600000	1.0
CM023469.1	5600000	5700000	1.0
CM023469.1	5700000	5800000	1.0
CM023469.1	5800000	5900000	1.0
CM023469.1	5900000	6000000	1.0
CM023469.1	6000000	6100000	1.0
CM023469.1	6100000	6200000	3.0
CM023469.1	6200000	6300000	2.0
CM023469.1	6300000	6400000	1.0
CM023469.1	6400000	6500000	2.0
CM023469.1	6600000	6700000	1.0
CM023469.1	6700000	6800000	1.0
CM023469.1	6800000	6900000	1.0
CM023469.1	6900000	7000000	2.0
CM023469.1	7100000	7200000	2.0
CM023469.1	7400000	7500000	1.0
CM023469.1	7500000	7600000	7.0
CM023469.1	7700000	7800000	2.0
CM023469.1	7800000	7900000	3.0
CM023469.1	7900000	8000000	1.0
CM023469.1	8000000	8100000	2.0
CM023469.1	8100000	8200000	1.0
CM023469.1	8200000	8300000	1.0
CM023469.1	8300000	8400000	1.0
CM023469.1	8400000	8500000	1.0
CM023469.1	8500000	8600000	2.0
CM023469.1	8600000	8700000	2.0
CM023469.1	8700000	8800000	1.0
CM023469.1	8900000	9000000	1.0
CM023469.1	9000000	9100000	1.0
CM023469.1	9500000	9600000	1.0
CM023469.1	9700000	9800000	1.0
CM023469.1	9800000	9900000	1.0
CM023469.1	9900000	10000000	2.0
CM023469.1	10000000	10100000	3.0
CM023469.1	10100000	10200000	3.0
CM023469.1	10200000	10300000	1.0
CM023469.1	10400000	10500000	1.0
CM023469.1	10600000	10700000	1.0
CM023469.1	10800000	10900000	4.0
CM023469.1	11000000	11100000	1.0
CM023469.1	11100000	11200000	1.0
CM023469.1	11400000	11500000	2.0
CM023469.1	11900000	12000000	1.0
CM023469.1	12000000	12100000	1.0
CM023469.1	12100000	12200000	2.0
CM023469.1	12300000	12400000	1.0
CM023469.1	12400000	12500000	1.0
CM023469.1	12500000	12600000	2.0
CM023469.1	12600000	12700000	2.0
CM023469.1	12800000	12900000	2.0
CM023469.1	12900000	13000000	3.0
CM023469.1	13000000	13100000	1.0
CM023469.1	13200000	13300000	1.0
CM023469.1	13300000	13400000	4.0
CM023469.1	13400000	13500000	1.0
CM023469.1	13500000	13600000	2.0
CM023469.1	13600000	13700000	1.0
CM023469.1	13700000	13800000	2.0
CM023469.1	13800000	13900000	1.0
CM023469.1	13900000	14000000	2.0
CM023469.1	14000000	14100000	4.0
CM023469.1	14100000	14200000	1.0
CM023469.1	14200000	14300000	3.0
CM023469.1	14300000	14400000	1.0
CM023469.1	14400000	14500000	1.0
CM023469.1	14500000	14600000	2.0
CM023469.1	14600000	14700000	2.0
CM023469.1	14900000	15000000	1.0
CM023469.1	15200000	15300000	1.0
CM023469.1	15500000	15600000	1.0
CM023469.1	16200000	16300000	1.0
CM023469.1	16300000	16400000	2.0
CM023469.1	16400000	16500000	1.0
CM023469.1	16500000	16600000	1.0
CM023469.1	16600000	16700000	3.0
CM023469.1	16700000	16800000	1.0
CM023469.1	16800000	16900000	1.0
CM023469.1	17000000	17100000	2.0
CM023469.1	17500000	17600000	1.0
CM023469.1	17700000	17800000	1.0
CM023469.1	17800000	17900000	1.0
CM023469.1	17900000	18000000	2.0
CM023469.1	18000000	18100000	1.0
CM023469.1	18300000	18400000	1.0
CM023469.1	18400000	18500000	1.0
CM023469.1	18700000	18800000	2.0
CM023469.1	18800000	18900000	1.0
CM023469.1	18900000	19000000	1.0
CM023469.1	19400000	19500000	2.0
CM023469.1	19700000	19800000	3.0
CM023469.1	20000000	20100000	1.0
CM023469.1	20100000	20200000	1.0
CM023469.1	20400000	20500000	1.0
CM023469.1	20600000	20700000	1.0
CM023469.1	21100000	21200000	1.0
CM023469.1	21300000	21400000	1.0
CM023469.1	21700000	21800000	2.0
CM023469.1	21800000	21900000	1.0
CM023469.1	22100000	22200000	1.0
CM023469.1	22200000	22300000	2.0
CM023469.1	22300000	22400000	1.0
CM023469.1	22400000	22500000	1.0
CM023469.1	22700000	22800000	2.0
CM023469.1	22800000	22900000	1.0
CM023469.1	23100000	23200000	2.0
CM023469.1	23300000	23400000	1.0
CM023469.1	23600000	23700000	2.0
CM023469.1	24000000	24100000	1.0
CM023469.1	24200000	24300000	1.0
CM023469.1	24600000	24700000	1.0
CM023469.1	24700000	24800000	1.0
CM023469.1	24900000	25000000	1.0
CM023469.1	25000000	25100000	2.0
CM023469.1	25100000	25200000	3.0
CM023469.1	25300000	25400000	2.0
CM023469.1	25400000	25500000	2.0
CM023469.1	25500000	25600000	1.0
CM023469.1	25600000	25700000	3.0
CM023469.1	25900000	26000000	1.0
CM023469.1	26000000	26100000	2.0
CM023469.1	26100000	26200000	1.0
CM023469.1	26200000	26300000	1.0
CM023469.1	26500000	26600000	1.0
CM023469.1	26600000	26700000	2.0
CM023469.1	26800000	26900000	1.0
CM023469.1	27600000	27700000	1.0
CM023469.1	27800000	27900000	1.0
CM023469.1	28200000	28300000	2.0
CM023469.1	28300000	28400000	1.0
CM023469.1	28500000	28600000	2.0
CM023469.1	28600000	28700000	1.0
CM023469.1	28700000	28800000	3.0
CM023469.1	28800000	28900000	1.0
CM023469.1	28900000	29000000	1.0
CM023469.1	29000000	29100000	1.0
CM023469.1	29100000	29200000	1.0
CM023469.1	29500000	29600000	1.0
CM023469.1	29600000	29700000	2.0
CM023469.1	29700000	29800000	1.0
CM023469.1	29800000	29900000	1.0
CM023469.1	29900000	30000000	1.0
CM023469.1	30200000	30300000	1.0
CM023469.1	30400000	30500000	1.0
CM023469.1	30800000	30900000	1.0
CM023469.1	31400000	31500000	1.0
CM023469.1	31800000	31900000	1.0
CM023469.1	32500000	32600000	2.0
CM023469.1	32800000	32900000	1.0
CM023469.1	32900000	33000000	1.0
CM023469.1	33300000	33400000	2.0
CM023469.1	33600000	33700000	2.0
CM023469.1	33900000	34000000	1.0
CM023469.1	34000000	34100000	1.0
CM023469.1	34100000	34200000	2.0
CM023469.1	34200000	34300000	1.0
CM023469.1	34600000	34700000	1.0
CM023469.1	34800000	34900000	1.0
CM023469.1	35000000	35100000	2.0
CM023469.1	35100000	35200000	2.0
CM023469.1	35200000	35300000	2.0
CM023469.1	35600000	35700000	1.0
CM023469.1	36000000	36100000	1.0
CM023469.1	36400000	36500000	1.0
CM023469.1	36500000	36600000	1.0
CM023469.1	36700000	36800000	1.0
CM023469.1	36800000	36900000	2.0
CM023469.1	37300000	37400000	1.0
CM023469.1	37400000	37500000	1.0
CM023469.1	37800000	37900000	1.0
CM023469.1	37900000	38000000	3.0
CM023469.1	38000000	38100000	1.0
CM023469.1	38300000	38400000	1.0
CM023469.1	38400000	38500000	1.0
CM023469.1	38600000	38700000	1.0
CM023469.1	38700000	38800000	2.0
CM023469.1	38800000	38900000	3.0
CM023469.1	39000000	39100000	1.0
CM023469.1	39100000	39200000	1.0
CM023469.1	39200000	39300000	1.0
CM023469.1	39600000	39700000	2.0
CM023469.1	40000000	40100000	1.0
CM023469.1	40200000	40300000	1.0
CM023469.1	40300000	40400000	1.0
CM023469.1	40400000	40500000	1.0
CM023469.1	41000000	41100000	1.0
CM023469.1	42400000	42500000	1.0
CM023469.1	42700000	42800000	4.0
CM023469.1	42800000	42900000	4.0
CM023469.1	43000000	43100000	2.0
CM023469.1	43200000	43300000	1.0
CM023469.1	43300000	43400000	1.0
CM023469.1	43600000	43700000	1.0
CM023469.1	43700000	43800000	3.0
CM023469.1	43800000	43900000	2.0
CM023469.1	43900000	44000000	4.0
CM023469.1	44000000	44100000	4.0
CM023469.1	44100000	44200000	3.0
CM023469.1	44200000	44300000	2.0
CM023469.1	44300000	44400000	2.0
CM023469.1	44400000	44500000	1.0
CM023469.1	44500000	44600000	2.0
CM023469.1	44600000	44700000	2.0
CM023469.1	44700000	44800000	5.0
CM023469.1	45000000	45100000	1.0
CM023469.1	45700000	45800000	1.0
CM023469.1	46100000	46200000	1.0
CM023469.1	46700000	46800000	2.0
CM023469.1	46800000	46900000	1.0
CM023469.1	47000000	47100000	1.0
CM023469.1	47100000	47200000	2.0
CM023469.1	47400000	47500000	1.0
CM023469.1	47500000	47600000	1.0
CM023469.1	47600000	47700000	1.0
CM023469.1	48200000	48300000	1.0
CM023469.1	48400000	48500000	1.0
CM023469.1	48500000	48600000	1.0
CM023469.1	48600000	48700000	1.0
CM023469.1	48900000	49000000	1.0
CM023469.1	49000000	49100000	1.0
CM023469.1	50000000	50100000	1.0
CM023469.1	50100000	50200000	2.0
CM023469.1	50300000	50400000	1.0
CM023469.1	50400000	50500000	1.0
CM023469.1	50600000	50700000	1.0
CM023469.1	50800000	50900000	1.0
CM023469.1	51000000	51100000	2.0
CM023469.1	51100000	51200000	2.0
CM023469.1	51200000	51300000	2.0
CM023469.1	51300000	51400000	3.0
CM023469.1	51400000	51500000	2.0
CM023469.1	51500000	51600000	2.0
CM023469.1	51700000	51800000	2.0
CM023469.1	51900000	52000000	2.0
CM023469.1	52000000	52100000	2.0
CM023469.1	52100000	52200000	2.0
CM023469.1	52200000	52300000	1.0
CM023469.1	52400000	52500000	1.0
CM023469.1	52500000	52600000	1.0
CM023469.1	52600000	52700000	1.0
CM023469.1	52700000	52800000	5.0
CM023469.1	52800000	52900000	1.0
CM023469.1	52900000	53000000	1.0
CM023469.1	53000000	53100000	2.0
CM023469.1	53100000	53200000	5.0
CM023469.1	53200000	53300000	2.0
CM023469.1	53300000	53400000	3.0
CM023469.1	53400000	53500000	2.0
CM023469.1	53500000	53600000	2.0
CM023469.1	54000000	54100000	1.0
CM023469.1	55100000	55200000	1.0
CM023469.1	55600000	55700000	1.0
CM023469.1	55700000	55800000	2.0
CM023469.1	55800000	55900000	3.0
CM023469.1	55900000	56000000	4.0
CM023469.1	56000000	56100000	2.0
CM023469.1	56200000	56300000	3.0
CM023469.1	56300000	56400000	6.0
CM023469.1	56400000	56500000	3.0
CM023469.1	56500000	56600000	8.0
CM023469.1	56600000	56700000	3.0
CM023469.1	56700000	56800000	4.0
CM023469.1	56900000	57000000	2.0
CM023469.1	57000000	57100000	1.0
CM023469.1	57100000	57200000	1.0
CM023469.1	57200000	57300000	2.0
CM023469.1	57300000	57400000	1.0
CM023469.1	57400000	57500000	4.0
CM023469.1	57500000	57600000	2.0
CM023469.1	57600000	57700000	2.0
CM023469.1	57800000	57900000	1.0
CM023469.1	57900000	58000000	2.0
CM023469.1	58300000	58400000	1.0
CM023469.1	58700000	58800000	1.0
CM023469.1	58800000	58900000	3.0
CM023469.1	58900000	59000000	3.0
CM023469.1	59100000	59200000	1.0
CM023469.1	59200000	59300000	2.0
CM023469.1	59300000	59400000	1.0
CM023469.1	59400000	59500000	1.0
CM023469.1	59500000	59600000	1.0
CM023469.1	59600000	59700000	6.0
CM023469.1	59800000	59900000	3.0
CM023469.1	59900000	60000000	2.0
CM023469.1	60100000	60200000	1.0
CM023469.1	60200000	60300000	2.0
CM023469.1	60300000	60400000	2.0
CM023469.1	60400000	60500000	2.0
CM023469.1	60500000	60600000	1.0
CM023469.1	60600000	60700000	3.0
CM023469.1	60800000	60900000	1.0
CM023469.1	60900000	61000000	3.0
CM023469.1	61000000	61100000	5.0
CM023469.1	61100000	61200000	2.0
CM023469.1	61200000	61300000	2.0
CM023469.1	61300000	61400000	2.0
CM023469.1	61700000	61800000	2.0
CM023469.1	61800000	61900000	2.0
CM023469.1	62200000	62300000	3.0
CM023469.1	62300000	62400000	2.0
CM023469.1	62500000	62600000	1.0
CM023469.1	62600000	62700000	1.0
CM023469.1	62800000	62900000	4.0
CM023469.1	62900000	63000000	3.0
CM023469.1	63000000	63100000	1.0
CM023469.1	63100000	63200000	3.0
CM023469.1	63200000	63300000	2.0
CM023469.1	63300000	63400000	3.0
CM023469.1	63400000	63500000	4.0
CM023469.1	63500000	63600000	2.0
CM023469.1	63700000	63800000	3.0
CM023469.1	63800000	63900000	2.0
CM023469.1	63900000	64000000	3.0
CM023469.1	64200000	64300000	4.0
CM023469.1	64300000	64400000	3.0
CM023469.1	64400000	64500000	1.0
CM023469.1	64700000	64800000	1.0
CM023469.1	64900000	65000000	4.0
CM023469.1	65200000	65300000	1.0
CM023469.1	65300000	65400000	2.0
CM023469.1	65400000	65500000	3.0
CM023469.1	65500000	65600000	2.0
CM023469.1	65600000	65700000	4.0
CM023469.1	65700000	65800000	4.0
CM023469.1	65800000	65900000	1.0
CM023469.1	65900000	66000000	4.0
CM023469.1	66000000	66100000	3.0
CM023469.1	66100000	66200000	1.0
CM023469.1	66200000	66300000	2.0
CM023469.1	66300000	66400000	2.0
CM023469.1	66700000	66800000	2.0
CM023469.1	66900000	67000000	1.0
CM023469.1	67200000	67300000	2.0
CM023469.1	67400000	67500000	2.0
CM023469.1	67500000	67600000	4.0
CM023469.1	67600000	67700000	1.0
CM023469.1	67700000	67800000	1.0
CM023469.1	67800000	67900000	2.0
CM023469.1	67900000	68000000	3.0
CM023469.1	68000000	68100000	1.0
CM023469.1	68100000	68200000	2.0
CM023469.1	68200000	68300000	1.0
CM023469.1	68300000	68400000	1.0
CM023469.1	68400000	68500000	2.0
CM023469.1	68500000	68600000	4.0
CM023469.1	68800000	68900000	1.0
CM023469.1	68900000	69000000	1.0
CM023469.1	69000000	69100000	1.0
CM023469.1	69100000	69200000	1.0
CM023469.1	69300000	69400000	1.0
CM023469.1	69400000	69500000	3.0
CM023469.1	69500000	69600000	4.0
CM023469.1	69600000	69700000	1.0
CM023469.1	69800000	69900000	3.0
CM023469.1	69900000	70000000	2.0
CM023469.1	70000000	70100000	1.0
CM023469.1	70100000	70200000	2.0
CM023469.1	70200000	70300000	2.0
CM023469.1	70300000	70400000	3.0
CM023469.1	70400000	70500000	3.0
CM023469.1	70500000	70600000	1.0
CM023469.1	70600000	70700000	3.0
CM023469.1	70700000	70800000	3.0
CM023469.1	70800000	70900000	6.0
CM023469.1	70900000	71000000	2.0
CM023469.1	71000000	71100000	1.0
CM023469.1	71200000	71300000	1.0
CM023469.1	71400000	71500000	1.0
CM023469.1	71600000	71700000	2.0
CM023469.1	71700000	71800000	5.0
CM023469.1	71800000	71900000	1.0
CM023469.1	71900000	72000000	2.0
CM023469.1	72000000	72100000	4.0
CM023469.1	72100000	72200000	2.0
CM023469.1	72400000	72500000	1.0
CM023469.1	72500000	72600000	1.0
CM023469.1	72600000	72700000	5.0
CM023469.1	72700000	72800000	5.0
CM023469.1	72900000	73000000	2.0
CM023469.1	73100000	73200000	1.0
CM023469.1	73200000	73300000	1.0
CM023469.1	73300000	73400000	2.0
CM023469.1	73400000	73500000	2.0
CM023469.1	73500000	73600000	1.0
CM023469.1	73600000	73700000	1.0
CM023469.1	73700000	73800000	3.0
CM023469.1	73800000	73900000	1.0
CM023469.1	74200000	74300000	2.0
CM023469.1	74400000	74500000	8.0
CM023469.1	74500000	74600000	4.0
CM023469.1	74600000	74700000	2.0
CM023469.1	74700000	74800000	2.0
CM023469.1	75100000	75200000	1.0
CM023469.1	75400000	75500000	2.0
CM023469.1	75500000	75600000	2.0
CM023469.1	75600000	75700000	2.0
CM023469.1	75700000	75800000	4.0
CM023469.1	75800000	75900000	3.0
CM023469.1	75900000	76000000	2.0
CM023469.1	76200000	76300000	2.0
CM023469.1	76300000	76400000	2.0
CM023469.1	76400000	76500000	5.0
CM023469.1	76500000	76600000	1.0
CM023469.1	76600000	76700000	2.0
CM023469.1	77100000	77200000	1.0
CM023469.1	77500000	77600000	1.0
CM023469.1	77600000	77700000	2.0
CM023469.1	77700000	77800000	2.0
CM023469.1	77800000	77900000	1.0
CM023469.1	77900000	78000000	1.0
CM023469.1	78300000	78400000	1.0
CM023469.1	78400000	78500000	1.0
CM023469.1	78600000	78700000	1.0
CM023469.1	78800000	78900000	3.0
CM023469.1	78900000	79000000	2.0
CM023469.1	79000000	79100000	4.0
CM023469.1	79100000	79200000	4.0
CM023469.1	79200000	79300000	5.0
CM023469.1	79300000	79400000	5.0
CM023469.1	79400000	79500000	3.0
CM023469.1	79500000	79600000	2.0
CM023469.1	79700000	79800000	4.0
CM023469.1	79800000	79900000	3.0
CM023469.1	79900000	80000000	4.0
CM023469.1	80000000	80100000	1.0
CM023469.1	80100000	80200000	1.0
CM023469.1	80300000	80400000	2.0
CM023469.1	80400000	80500000	2.0
CM023469.1	80500000	80600000	2.0
CM023469.1	80600000	80700000	3.0
CM023469.1	80700000	80800000	5.0
CM023469.1	80800000	80900000	4.0
CM023469.1	80900000	81000000	3.0
CM023469.1	81000000	81100000	6.0
CM023469.1	81100000	81200000	4.0
CM023469.1	81600000	81700000	1.0
CM023469.1	81700000	81800000	1.0
CM023469.1	81800000	81900000	1.0
CM023469.1	82100000	82200000	1.0
CM023469.1	82200000	82300000	1.0
CM023469.1	82400000	82500000	1.0
CM023469.1	82500000	82600000	1.0
CM023469.1	82700000	82800000	1.0
CM023469.1	83000000	83100000	3.0
CM023469.1	83100000	83200000	1.0
CM023469.1	83200000	83300000	2.0
CM023469.1	83300000	83400000	1.0
CM023469.1	83500000	83600000	1.0
CM023469.1	83600000	83700000	3.0
CM023469.1	83700000	83800000	1.0
CM023469.1	83800000	83900000	10.0
CM023469.1	83900000	84000000	4.0
CM023469.1	84000000	84100000	5.0
CM023469.1	84100000	84200000	2.0
CM023469.1	84200000	84300000	4.0
CM023469.1	84300000	84400000	1.0
CM023469.1	84400000	84500000	3.0
CM023469.1	84800000	84900000	2.0
CM023469.1	84900000	85000000	5.0
CM023469.1	85000000	85100000	4.0
CM023469.1	85100000	85200000	4.0
CM023469.1	85200000	85300000	3.0
CM023469.1	85300000	85400000	4.0
CM023469.1	85400000	85500000	1.0
CM023469.1	85500000	85600000	2.0
CM023469.1	85600000	85700000	3.0
CM023469.1	85700000	85800000	5.0
CM023469.1	85800000	85900000	3.0
CM023469.1	85900000	86000000	2.0
CM023469.1	86100000	86200000	1.0
CM023469.1	86200000	86300000	3.0
CM023469.1	86300000	86400000	2.0
CM023469.1	86400000	86500000	3.0
CM023469.1	86500000	86600000	3.0
CM023469.1	86700000	86800000	3.0
CM023469.1	86800000	86900000	4.0
CM023469.1	87000000	87100000	1.0
CM023469.1	87600000	87700000	3.0
CM023469.1	87700000	87800000	4.0
CM023469.1	87800000	87900000	2.0
CM023469.1	87900000	88000000	2.0
CM023469.1	88000000	88100000	1.0
CM023469.1	88100000	88200000	1.0
CM023469.1	88200000	88300000	2.0
CM023469.1	88300000	88400000	4.0
CM023469.1	88400000	88500000	1.0
CM023469.1	88500000	88600000	6.0
CM023469.1	88600000	88700000	3.0
CM023469.1	88700000	88800000	3.0
CM023469.1	88800000	88900000	1.0
CM023469.1	89100000	89200000	3.0
CM023469.1	89200000	89300000	1.0
CM023469.1	89300000	89400000	2.0
CM023469.1	89400000	89500000	1.0
CM023469.1	89500000	89600000	3.0
CM023469.1	89600000	89700000	4.0
CM023469.1	89700000	89800000	9.0
CM023469.1	89900000	90000000	1.0
CM023469.1	90000000	90100000	1.0
CM023469.1	90100000	90200000	3.0
CM023469.1	90200000	90300000	2.0
CM023469.1	90300000	90400000	2.0
CM023469.1	90500000	90600000	2.0
CM023469.1	90800000	90900000	3.0
CM023469.1	90900000	91000000	1.0
CM023469.1	91000000	91100000	1.0
CM023469.1	91200000	91300000	1.0
CM023469.1	91500000	91600000	4.0
CM023469.1	91600000	91700000	2.0
CM023469.1	91700000	91800000	2.0
CM023469.1	91800000	91900000	4.0
CM023469.1	91900000	92000000	2.0
CM023469.1	92000000	92100000	1.0
CM023469.1	92100000	92200000	2.0
CM023469.1	92200000	92300000	2.0
CM023469.1	92300000	92400000	4.0
CM023469.1	92400000	92500000	4.0
CM023469.1	92500000	92600000	2.0
CM023469.1	92600000	92700000	3.0
CM023469.1	92700000	92800000	1.0
CM023469.1	92800000	92900000	4.0
CM023469.1	92900000	93000000	5.0
CM023469.1	93000000	93100000	3.0
CM023469.1	93200000	93300000	1.0
CM023469.1	93400000	93500000	2.0
CM023469.1	93500000	93600000	6.0
CM023469.1	93900000	94000000	1.0
CM023469.1	94300000	94400000	4.0
CM023469.1	94400000	94500000	3.0
CM023469.1	94500000	94600000	2.0
CM023469.1	94600000	94700000	7.0
CM023469.1	94700000	94800000	1.0
CM023469.1	94800000	94900000	3.0
CM023469.1	94900000	95000000	3.0
CM023469.1	95000000	95100000	1.0
CM023469.1	95100000	95200000	1.0
CM023469.1	95200000	95300000	2.0
CM023469.1	95300000	95400000	5.0
CM023469.1	95400000	95500000	4.0
CM023469.1	95500000	95600000	1.0
CM023469.1	95600000	95700000	1.0
CM023469.1	95800000	95900000	1.0
CM023469.1	95900000	96000000	1.0
CM023469.1	96000000	96100000	4.0
CM023469.1	96100000	96200000	1.0
CM023469.1	96400000	96500000	1.0
CM023469.1	96500000	96600000	2.0
CM023469.1	96600000	96700000	1.0
CM023469.1	96700000	96800000	1.0
CM023469.1	96800000	96900000	1.0
CM023469.1	97300000	97400000	1.0
CM023469.1	97500000	97600000	4.0
CM023469.1	97600000	97700000	5.0
CM023469.1	97700000	97800000	3.0
CM023469.1	97800000	97900000	6.0
CM023469.1	97900000	98000000	1.0
CM023469.1	98000000	98100000	1.0
CM023469.1	98200000	98300000	1.0
CM023469.1	98600000	98700000	5.0
CM023469.1	98700000	98800000	4.0
CM023469.1	98800000	98900000	6.0
CM023469.1	98900000	99000000	3.0
CM023469.1	99100000	99200000	2.0
CM023469.1	99200000	99300000	2.0
CM023469.1	99300000	99400000	3.0
CM023469.1	99400000	99500000	3.0
CM023469.1	99500000	99600000	1.0
CM023469.1	99600000	99700000	4.0
CM023469.1	99700000	99800000	2.0
CM023469.1	99800000	99900000	4.0
CM023469.1	99900000	100000000	8.0
CM023469.1	100000000	100100000	1.0
CM023469.1	100600000	100700000	4.0
CM023469.1	100700000	100800000	3.0
CM023469.1	100800000	100900000	5.0
CM023469.1	100900000	101000000	2.0
CM023469.1	101000000	101100000	1.0
CM023469.1	101100000	101200000	2.0
CM023469.1	101200000	101300000	3.0
CM023469.1	101300000	101400000	1.0
CM023469.1	101400000	101500000	2.0
CM023469.1	101600000	101700000	1.0
CM023469.1	101700000	101800000	1.0
CM023469.1	101900000	102000000	2.0
CM023469.1	102000000	102100000	1.0
CM023469.1	102100000	102200000	1.0
CM023469.1	102200000	102300000	5.0
CM023469.1	102300000	102400000	5.0
CM023469.1	102400000	102500000	2.0
CM023469.1	102500000	102600000	4.0
CM023469.1	102600000	102700000	3.0
CM023469.1	102700000	102800000	4.0
CM023469.1	102800000	102900000	1.0
CM023469.1	102900000	103000000	1.0
CM023469.1	103200000	103300000	2.0
CM023469.1	103300000	103400000	1.0
CM023469.1	103400000	103500000	4.0
CM023469.1	103500000	103600000	5.0
CM023469.1	103600000	103700000	3.0
CM023469.1	103700000	103800000	1.0
CM023469.1	103800000	103900000	1.0
CM023469.1	103900000	104000000	2.0
CM023469.1	104100000	104200000	2.0
CM023469.1	104200000	104300000	4.0
CM023469.1	104300000	104400000	1.0
CM023469.1	104400000	104500000	8.0
CM023469.1	104500000	104600000	2.0
CM023469.1	104600000	104700000	1.0
CM023469.1	104800000	104900000	1.0
CM023469.1	104900000	105000000	1.0
CM023469.1	105200000	105300000	3.0
CM023469.1	105300000	105400000	3.0
CM023469.1	105400000	105500000	2.0
CM023469.1	105500000	105600000	1.0
CM023469.1	105800000	105900000	3.0
CM023469.1	105900000	106000000	2.0
CM023469.1	106000000	106100000	1.0
CM023469.1	106200000	106300000	2.0
CM023469.1	106400000	106500000	2.0
CM023469.1	106500000	106600000	1.0
CM023469.1	106600000	106700000	1.0
CM023469.1	106700000	106800000	3.0
CM023469.1	106800000	106900000	3.0
CM023469.1	106900000	107000000	1.0
CM023469.1	107100000	107200000	4.0
CM023469.1	107300000	107400000	2.0
CM023469.1	107500000	107600000	1.0
CM023469.1	107600000	107700000	1.0
CM023469.1	107700000	107800000	1.0
CM023469.1	107800000	107900000	2.0
CM023469.1	107900000	108000000	2.0
CM023469.1	108000000	108100000	5.0
CM023469.1	108100000	108200000	5.0
CM023469.1	108200000	108300000	3.0
CM023469.1	108300000	108400000	1.0
CM023469.1	108400000	108500000	1.0
CM023469.1	108600000	108700000	1.0
CM023469.1	108700000	108800000	4.0
CM023469.1	108800000	108900000	3.0
CM023469.1	108900000	109000000	1.0
CM023469.1	109100000	109200000	2.0
CM023469.1	109200000	109300000	5.0
CM023469.1	109300000	109400000	1.0
CM023469.1	109400000	109500000	1.0
CM023469.1	109500000	109600000	6.0
CM023469.1	109600000	109700000	1.0
CM023469.1	109700000	109800000	2.0
CM023469.1	109800000	109900000	2.0
CM023469.1	109900000	110000000	2.0
CM023469.1	110000000	110100000	3.0
CM023469.1	110100000	110200000	2.0
CM023469.1	110200000	110300000	2.0
CM023469.1	110300000	110400000	2.0
CM023469.1	110400000	110500000	2.0
CM023469.1	110500000	110600000	3.0
CM023469.1	110600000	110700000	2.0
CM023469.1	110700000	110800000	2.0
CM023469.1	110800000	110900000	8.0
CM023469.1	110900000	111000000	5.0
CM023469.1	111000000	111100000	2.0
CM023469.1	111100000	111200000	2.0
CM023469.1	111200000	111300000	4.0
CM023469.1	111300000	111400000	4.0
CM023469.1	111400000	111500000	3.0
CM023469.1	111600000	111700000	1.0
CM023469.1	111800000	111900000	1.0
CM023469.1	111900000	112000000	2.0
CM023469.1	112000000	112100000	3.0
CM023469.1	112100000	112200000	12.0
CM023469.1	112300000	112400000	1.0
CM023469.1	112600000	112700000	1.0
CM023469.1	112800000	112900000	3.0
CM023469.1	112900000	113000000	2.0
CM023469.1	113000000	113100000	3.0
CM023469.1	113100000	113200000	6.0
CM023469.1	113200000	113300000	1.0
CM023469.1	113300000	113400000	1.0
CM023469.1	113500000	113600000	8.0
CM023469.1	113600000	113700000	5.0
CM023469.1	113700000	113800000	5.0
CM023469.1	113800000	113900000	3.0
CM023469.1	113900000	114000000	2.0
CM023469.1	114000000	114100000	1.0
CM023469.1	114100000	114200000	2.0
CM023469.1	114200000	114300000	3.0
CM023469.1	114400000	114500000	4.0
CM023469.1	114500000	114600000	3.0
CM023469.1	114600000	114700000	2.0
CM023469.1	114800000	114900000	4.0
CM023469.1	114900000	115000000	3.0
CM023469.1	115000000	115100000	3.0
CM023469.1	115100000	115200000	4.0
CM023469.1	115200000	115300000	2.0
CM023469.1	115400000	115500000	3.0
CM023469.1	115500000	115600000	4.0
CM023469.1	115600000	115700000	1.0
CM023469.1	115800000	115900000	3.0
CM023469.1	115900000	116000000	2.0
CM023469.1	116000000	116100000	3.0
CM023469.1	116100000	116200000	4.0
CM023469.1	116200000	116300000	3.0
CM023469.1	116400000	116500000	2.0
CM023469.1	116600000	116700000	1.0
CM023469.1	116700000	116800000	2.0
CM023469.1	116800000	116900000	1.0
CM023469.1	117000000	117100000	1.0
CM023469.1	117100000	117200000	1.0
CM023469.1	117300000	117400000	1.0
CM023469.1	117500000	117600000	2.0
CM023469.1	117600000	117700000	2.0
CM023469.1	117700000	117800000	2.0
CM023469.1	117800000	117900000	2.0
CM023469.1	117900000	118000000	3.0
CM023469.1	118000000	118100000	3.0
CM023469.1	118100000	118200000	5.0
CM023469.1	118200000	118300000	2.0
CM023469.1	118300000	118400000	4.0
CM023469.1	118400000	118500000	1.0
CM023469.1	118500000	118600000	1.0
CM023469.1	118600000	118700000	1.0
CM023469.1	118700000	118800000	2.0
CM023469.1	118800000	118900000	4.0
CM023469.1	118900000	119000000	3.0
CM023469.1	119000000	119100000	1.0
CM023469.1	119800000	119900000	1.0
CM023469.1	119900000	120000000	1.0
CM023469.1	120000000	120100000	2.0
CM023469.1	120100000	120200000	1.0
CM023469.1	120300000	120400000	3.0
CM023469.1	120400000	120500000	5.0
CM023469.1	120500000	120600000	2.0
CM023469.1	120600000	120700000	3.0
CM023469.1	120800000	120900000	1.0
CM023469.1	120900000	121000000	1.0
CM023469.1	121200000	121300000	1.0
CM023469.1	121500000	121600000	1.0
CM023469.1	121800000	121900000	2.0
CM023469.1	121900000	122000000	1.0
CM023469.1	122000000	122100000	1.0
CM023469.1	122100000	122200000	3.0
CM023469.1	122200000	122300000	3.0
CM023469.1	122300000	122400000	4.0
CM023469.1	122400000	122500000	1.0
CM023469.1	122600000	122700000	3.0
CM023469.1	122700000	122800000	2.0
CM023469.1	122800000	122900000	1.0
CM023469.1	122900000	123000000	2.0
CM023469.1	123000000	123100000	9.0
CM023469.1	123100000	123200000	2.0
CM023469.1	123200000	123300000	4.0
CM023469.1	123300000	123400000	2.0
CM023469.1	123400000	123500000	5.0
CM023469.1	123500000	123600000	1.0
CM023469.1	123600000	123700000	5.0
CM023469.1	123700000	123800000	6.0
CM023469.1	123800000	123900000	1.0
CM023469.1	123900000	124000000	2.0
CM023469.1	124000000	124100000	3.0
CM023469.1	124100000	124200000	2.0
CM023469.1	124300000	124400000	2.0
CM023469.1	124400000	124500000	2.0
CM023469.1	124600000	124700000	3.0
CM023469.1	125000000	125100000	2.0
CM023469.1	125100000	125200000	1.0
CM023469.1	125400000	125500000	1.0
CM023469.1	125500000	125600000	3.0
CM023469.1	125600000	125700000	1.0
CM023469.1	125700000	125800000	1.0
CM023469.1	125800000	125900000	2.0
CM023469.1	125900000	126000000	3.0
CM023469.1	126000000	126100000	1.0
CM023469.1	126200000	126202239	1.0
JABSTU010000012.1	0	16824	1.0
JABSTU010000013.1	0	22999	1.0
JABSTU010000016.1	0	39172	2.0
JABSTU010000017.1	0	35447	2.0
JABSTU010000024.1	0	29379	2.0
JABSTU010000028.1	0	33257	2.0
JABSTU010000031.1	0	30590	1.0
JABSTU010000033.1	0	12253	1.0
JABSTU010000038.1	0	36530	2.0
JABSTU010000043.1	0	19905	1.0
JABSTU010000046.1	0	15348	2.0
JABSTU010000047.1	0	47418	5.0
JABSTU010000050.1	0	8728	1.0
JABSTU010000053.1	0	10916	1.0
JABSTU010000055.1	0	22047	3.0
JABSTU010000059.1	0	37549	2.0
JABSTU010000060.1	0	20806	1.0
JABSTU010000061.1	0	25780	1.0
JABSTU010000062.1	0	24163	1.0
JABSTU010000065.1	0	34650	1.0
JABSTU010000066.1	0	16156	1.0
JABSTU010000067.1	0	27724	1.0
JABSTU010000080.1	0	23540	1.0
JABSTU010000087.1	0	27464	1.0
JABSTU010000092.1	0	36578	1.0
JABSTU010000095.1	0	13957	1.0
JABSTU010000097.1	0	23671	1.0
JABSTU010000102.1	0	6575	1.0
JABSTU010000105.1	0	41380	1.0
JABSTU010000109.1	0	26655	1.0
JABSTU010000110.1	0	37095	2.0
JABSTU010000119.1	0	12318	1.0
JABSTU010000127.1	0	14175	1.0
JABSTU010000132.1	0	34883	2.0
JABSTU010000134.1	0	29595	1.0
JABSTU010000139.1	0	38902	1.0
JABSTU010000140.1	0	30627	1.0
JABSTU010000150.1	0	30650	1.0
JABSTU010000151.1	0	21797	1.0
JABSTU010000158.1	0	18685	1.0
JABSTU010000163.1	0	23350	1.0
JABSTU010000165.1	0	14716	1.0
JABSTU010000167.1	0	19020	2.0
JABSTU010000168.1	0	40560	3.0
JABSTU010000170.1	0	37015	1.0
JABSTU010000180.1	0	24436	2.0
JABSTU010000181.1	0	33643	1.0
JABSTU010000186.1	0	6753	1.0
JABSTU010000189.1	0	19516	1.0
JABSTU010000192.1	0	31224	1.0
JABSTU010000194.1	0	5119	2.0
JABSTU010000195.1	0	32776	1.0
JABSTU010000196.1	0	4830	1.0
JABSTU010000206.1	0	25635	1.0
JABSTU010000207.1	0	21874	1.0
JABSTU010000216.1	0	30300	1.0
JABSTU010000221.1	0	6854	1.0
JABSTU010000235.1	0	8759	1.0
JABSTU010000236.1	0	34387	1.0
JABSTU010000240.1	0	17452	1.0
JABSTU010000242.1	0	5924	1.0
JABSTU010000243.1	0	8948	2.0
JABSTU010000244.1	0	35670	1.0
JABSTU010000248.1	0	22463	1.0
JABSTU010000251.1	0	16606	1.0
JABSTU010000256.1	0	24083	1.0
JABSTU010000258.1	0	15470	1.0
JABSTU010000260.1	0	35709	4.0
JABSTU010000261.1	0	10186	2.0
JABSTU010000265.1	0	34053	1.0
JABSTU010000270.1	0	35580	1.0
JABSTU010000278.1	0	30624	1.0
JABSTU010000279.1	0	4801	1.0
JABSTU010000283.1	0	17421	2.0
JABSTU010000285.1	0	35132	2.0
JABSTU010000287.1	0	19463	1.0
JABSTU010000301.1	0	21869	1.0
JABSTU010000305.1	0	23383	1.0
JABSTU010000307.1	0	37355	1.0
JABSTU010000311.1	0	38574	4.0
JABSTU010000314.1	0	24897	1.0
JABSTU010000320.1	0	23370	1.0
JABSTU010000326.1	0	18553	2.0
JABSTU010000334.1	0	48335	2.0
JABSTU010000337.1	0	29220	2.0
JABSTU010000340.1	0	28680	1.0
JABSTU010000342.1	0	36908	2.0
JABSTU010000348.1	0	33045	2.0
JABSTU010000350.1	0	4024	1.0
JABSTU010000355.1	0	12691	1.0
JABSTU010000360.1	0	100000	2.0
JABSTU010000360.1	100000	200000	4.0
JABSTU010000362.1	0	30680	1.0
JABSTU010000365.1	0	34352	1.0
JABSTU010000368.1	0	30533	1.0
JABSTU010000370.1	0	21517	1.0
JABSTU010000373.1	0	29812	2.0
JABSTU010000377.1	0	31178	1.0
JABSTU010000378.1	0	14085	2.0
JABSTU010000380.1	0	16037	1.0
JABSTU010000385.1	0	29169	1.0
JABSTU010000387.1	0	8870	1.0
JABSTU010000391.1	0	15237	1.0
JABSTU010000395.1	0	29764	1.0
JABSTU010000396.1	0	30229	1.0
JABSTU010000401.1	0	32748	2.0
JABSTU010000402.1	0	12860	1.0
JABSTU010000407.1	0	19911	1.0
JABSTU010000413.1	0	26952	1.0
JABSTU010000414.1	0	33687	2.0
JABSTU010000418.1	0	21715	1.0
JABSTU010000424.1	0	30679	1.0
JABSTU010000427.1	0	29946	3.0
JABSTU010000431.1	0	32144	1.0
JABSTU010000433.1	0	5939	1.0
JABSTU010000438.1	0	34887	1.0
JABSTU010000442.1	0	16231	2.0
JABSTU010000445.1	0	14016	1.0
JABSTU010000446.1	0	13237	1.0
JABSTU010000452.1	0	41586	1.0
JABSTU010000461.1	0	14264	1.0
JABSTU010000463.1	0	38908	1.0
JABSTU010000467.1	0	55784	13.0
JABSTU010000469.1	0	1981	1.0
JABSTU010000470.1	0	25244	1.0
JABSTU010000493.1	0	7551	1.0
JABSTU010000495.1	0	15854	1.0
JABSTU010000496.1	0	33442	1.0
JABSTU010000505.1	0	25562	1.0
JABSTU010000506.1	0	40608	1.0
JABSTU010000507.1	0	30323	1.0
JABSTU010000511.1	0	18632	1.0
JABSTU010000518.1	0	33905	1.0
JABSTU010000519.1	0	23579	3.0
JABSTU010000522.1	0	8569	1.0
JABSTU010000527.1	0	31782	1.0
JABSTU010000536.1	0	15302	1.0
JABSTU010000538.1	0	21247	1.0
JABSTU010000546.1	0	9846	1.0
JABSTU010000547.1	0	20751	1.0
JABSTU010000549.1	0	19376	1.0
JABSTU010000552.1	0	9713	1.0
JABSTU010000559.1	0	13695	1.0
JABSTU010000572.1	0	10365	1.0
JABSTU010000580.1	0	31151	1.0
JABSTU010000586.1	0	491	1.0
JABSTU010000587.1	0	27387	1.0
JABSTU010000614.1	0	21138	2.0
JABSTU010000623.1	0	28164	2.0
JABSTU010000625.1	0	26467	1.0
JABSTU010000633.1	0	30741	1.0
JABSTU010000639.1	0	7796	1.0
JABSTU010000643.1	0	31785	1.0
JABSTU010000645.1	0	25980	1.0
JABSTU010000646.1	0	6959	1.0
JABSTU010000650.1	0	30533	1.0
JABSTU010000655.1	0	22598	1.0
JABSTU010000664.1	0	1507	1.0
JABSTU010000666.1	0	24380	1.0
JABSTU010000667.1	0	30345	1.0
JABSTU010000668.1	0	22876	1.0
JABSTU010000670.1	0	28776	2.0
JABSTU010000677.1	0	19419	1.0
JABSTU010000678.1	0	20733	1.0
JABSTU010000686.1	0	21290	1.0
JABSTU010000687.1	0	20838	1.0
JABSTU010000691.1	0	3348	1.0
JABSTU010000693.1	0	3689	1.0
JABSTU010000694.1	0	26888	2.0
JABSTU010000700.1	0	21264	1.0
JABSTU010000701.1	0	51609	3.0
JABSTU010000704.1	0	21124	1.0
JABSTU010000705.1	0	9091	1.0
JABSTU010000716.1	0	10314	1.0
JABSTU010000722.1	0	15811	2.0
JABSTU010000724.1	0	16680	1.0
JABSTU010000729.1	0	2562	1.0
JABSTU010000730.1	0	23041	1.0
JABSTU010000738.1	0	23221	1.0
JABSTU010000744.1	0	27533	1.0
JABSTU010000746.1	0	25499	1.0
JABSTU010000748.1	0	25452	2.0
JABSTU010000765.1	0	19485	3.0
JABSTU010000769.1	0	28190	1.0
JABSTU010000772.1	0	32897	1.0
JABSTU010000776.1	0	57086	1.0
JABSTU010000778.1	0	27570	1.0
JABSTU010000781.1	0	22468	2.0
JABSTU010000783.1	0	10265	1.0
JABSTU010000785.1	0	2493	1.0
JABSTU010000787.1	0	29593	2.0
JABSTU010000791.1	0	12404	2.0
JABSTU010000793.1	0	8074	1.0
JABSTU010000796.1	0	16590	1.0
JABSTU010000797.1	0	4826	1.0
JABSTU010000816.1	0	10983	1.0
JABSTU010000824.1	0	14302	1.0
JABSTU010000830.1	0	34062	2.0
JABSTU010000831.1	0	44667	1.0
JABSTU010000835.1	0	31977	1.0
JABSTU010000865.1	0	22458	2.0
JABSTU010000866.1	0	30304	3.0
JABSTU010000872.1	0	16311	1.0
JABSTU010000875.1	0	30716	3.0
JABSTU010000886.1	0	40770	1.0
JABSTU010000888.1	0	32076	1.0
JABSTU010000889.1	0	24230	1.0
JABSTU010000890.1	0	32414	1.0
JABSTU010000892.1	0	11830	2.0
JABSTU010000897.1	0	47068	2.0
JABSTU010000899.1	0	13967	1.0
JABSTU010000900.1	0	7417	1.0
JABSTU010000906.1	0	29520	1.0
JABSTU010000908.1	0	8749	2.0
JABSTU010000915.1	0	1751	1.0
JABSTU010000916.1	0	43147	1.0
JABSTU010000931.1	0	28072	2.0
JABSTU010000945.1	0	28622	1.0
JABSTU010000948.1	0	18635	1.0
JABSTU010000963.1	0	19620	1.0
JABSTU010000974.1	0	18428	1.0
JABSTU010000984.1	0	31095	1.0
JABSTU010000987.1	0	17331	1.0
JABSTU010000993.1	0	28097	2.0
JABSTU010000994.1	0	45987	2.0
JABSTU010000997.1	0	23711	1.0
JABSTU010001002.1	0	19597	1.0
JABSTU010001023.1	0	26041	1.0
JABSTU010001024.1	0	31968	1.0
JABSTU010001028.1	0	16505	1.0
JABSTU010001029.1	0	9638	1.0
JABSTU010001039.1	0	42150	1.0
JABSTU010001048.1	0	30056	1.0
JABSTU010001050.1	0	16362	1.0
JABSTU010001052.1	0	13827	1.0
JABSTU010001056.1	0	12300	1.0
JABSTU010001057.1	0	100000	7.0
JABSTU010001057.1	100000	200000	2.0
JABSTU010001057.1	200000	213142	1.0
JABSTU010001062.1	0	11870	1.0
JABSTU010001067.1	0	26249	1.0
JABSTU010001068.1	0	30664	2.0
JABSTU010001070.1	0	11256	1.0
JABSTU010001078.1	0	14197	1.0
JABSTU010001082.1	0	20186	1.0
JABSTU010001084.1	0	28230	1.0
JABSTU010001087.1	0	36632	1.0
JABSTU010001094.1	0	15469	1.0
JABSTU010001106.1	0	44199	1.0
JABSTU010001110.1	0	22279	2.0
JABSTU010001117.1	0	54563	2.0
JABSTU010001122.1	0	8369	2.0
JABSTU010001126.1	100000	130958	1.0
JABSTU010001131.1	0	3375	1.0
JABSTU010001139.1	0	29244	2.0
JABSTU010001142.1	0	34933	1.0
JABSTU010001143.1	0	2739	1.0
JABSTU010001148.1	0	25674	1.0
JABSTU010001150.1	0	30826	3.0
JABSTU010001152.1	0	39060	1.0
JABSTU010001161.1	0	17017	1.0
JABSTU010001165.1	0	24517	1.0
JABSTU010001166.1	0	26995	1.0
JABSTU010001172.1	0	33230	1.0
JABSTU010001179.1	0	25215	1.0
JABSTU010001180.1	0	19320	1.0
JABSTU010001181.1	0	21010	1.0
JABSTU010001183.1	0	7334	1.0
JABSTU010001192.1	0	100000	3.0
JABSTU010001192.1	100000	139555	1.0
JABSTU010001196.1	0	24809	3.0
JABSTU010001204.1	0	19784	1.0
JABSTU010001217.1	0	29822	2.0
JABSTU010001223.1	0	21062	1.0
JABSTU010001226.1	0	7037	1.0
JABSTU010001233.1	0	23940	1.0
JABSTU010001236.1	0	25695	1.0
JABSTU010001247.1	0	33295	1.0
JABSTU010001260.1	0	27104	1.0
JABSTU010001267.1	0	21077	1.0
JABSTU010001275.1	0	17498	1.0
JABSTU010001276.1	0	18746	1.0
JABSTU010001280.1	0	46457	4.0
JABSTU010001296.1	0	33462	2.0
JABSTU010001300.1	0	17651	1.0
JABSTU010001304.1	0	28287	1.0
JABSTU010001311.1	0	12893	1.0
JABSTU010001325.1	0	27128	1.0
JABSTU010001330.1	0	20968	1.0
JABSTU010001341.1	0	6701	1.0
JABSTU010001353.1	0	15593	2.0
JABSTU010001354.1	0	19770	2.0
JABSTU010001357.1	0	25188	1.0
JABSTU010001364.1	0	26627	3.0
JABSTU010001365.1	0	24592	4.0
JABSTU010001376.1	0	10566	1.0
JABSTU010001379.1	0	42942	1.0
JABSTU010001381.1	0	26868	1.0
JABSTU010001385.1	0	16596	1.0
JABSTU010001387.1	0	23223	2.0
JABSTU010001394.1	0	9534	1.0
JABSTU010001396.1	0	24626	2.0
JABSTU010001406.1	0	22893	1.0
JABSTU010001408.1	0	21627	1.0
JABSTU010001409.1	0	23501	2.0
JABSTU010001411.1	0	35520	1.0
JABSTU010001433.1	0	34418	1.0
JABSTU010001434.1	0	15716	1.0
JABSTU010001436.1	0	18031	1.0
JABSTU010001438.1	100000	155113	1.0
JABSTU010001449.1	0	24700	1.0
JABSTU010001450.1	0	2918	1.0
JABSTU010001455.1	0	24030	1.0
JABSTU010001456.1	0	26260	1.0
JABSTU010001461.1	0	18020	1.0
JABSTU010001478.1	0	4945	1.0
JABSTU010001489.1	0	21580	1.0
JABSTU010001510.1	0	18502	2.0
JABSTU010001512.1	0	4631	1.0
JABSTU010001520.1	0	14586	1.0
JABSTU010001521.1	0	27811	1.0
JABSTU010001526.1	0	7855	2.0
JABSTU010001533.1	0	33682	2.0
JABSTU010001543.1	0	16602	1.0
JABSTU010001547.1	0	7958	1.0
JABSTU010001551.1	0	100000	2.0
JABSTU010001551.1	100000	153511	3.0
JABSTU010001555.1	0	17642	1.0
JABSTU010001560.1	0	24135	1.0
JABSTU010001567.1	0	19690	2.0
JABSTU010001568.1	0	20426	2.0
JABSTU010001586.1	0	13621	1.0
JABSTU010001588.1	0	9699	2.0
JABSTU010001589.1	0	16802	2.0
JABSTU010001590.1	0	94501	1.0
JABSTU010001592.1	0	11807	1.0
JABSTU010001594.1	0	22253	1.0
JABSTU010001597.1	0	23157	1.0
JABSTU010001598.1	0	11793	1.0
JABSTU010001601.1	0	27009	1.0
JABSTU010001610.1	0	23927	1.0
JABSTU010001611.1	0	23909	1.0
JABSTU010001612.1	0	20667	1.0
JABSTU010001615.1	0	2372	1.0
JABSTU010001616.1	0	3869	1.0
JABSTU010001617.1	0	18347	1.0
JABSTU010001619.1	0	13826	2.0
JABSTU010001621.1	0	5122	1.0
JABSTU010001624.1	0	2192	1.0
JABSTU010001633.1	0	16826	1.0
JABSTU010001635.1	0	11394	1.0
JABSTU010001637.1	0	19377	2.0
JABSTU010001640.1	0	25485	1.0
JABSTU010001651.1	0	17174	1.0
JABSTU010001653.1	0	30753	1.0
JABSTU010001661.1	0	8414	1.0
JABSTU010001674.1	0	10337	1.0
JABSTU010001676.1	0	23156	1.0
JABSTU010001682.1	0	19336	1.0
JABSTU010001690.1	0	11136	1.0
JABSTU010001701.1	0	25830	1.0
JABSTU010001704.1	0	20637	1.0
JABSTU010001708.1	0	9565	1.0
JABSTU010001710.1	0	9512	1.0
JABSTU010001717.1	0	21356	1.0
JABSTU010001721.1	0	15549	3.0
JABSTU010001723.1	0	47689	1.0
JABSTU010001727.1	0	22245	2.0
JABSTU010001731.1	0	17910	2.0
JABSTU010001740.1	0	40448	3.0
JABSTU010001747.1	0	16857	1.0
JABSTU010001748.1	0	21432	1.0
JABSTU010001752.1	0	26776	1.0
JABSTU010001753.1	0	13627	1.0
JABSTU010001763.1	0	36728	3.0
JABSTU010001764.1	100000	168941	1.0
JABSTU010001765.1	0	9040	2.0
JABSTU010001774.1	0	13676	1.0
JABSTU010001776.1	0	7261	1.0
JABSTU010001779.1	0	25026	1.0
JABSTU010001781.1	0	21983	2.0
JABSTU010001786.1	0	19500	1.0
JABSTU010001788.1	0	20795	2.0
JABSTU010001790.1	0	17535	1.0
JABSTU010001796.1	0	91625	2.0
JABSTU010001802.1	0	17948	1.0
JABSTU010001804.1	0	18364	2.0
JABSTU010001805.1	0	18218	1.0
JABSTU010001807.1	0	11944	1.0
JABSTU010001822.1	0	31045	1.0
JABSTU010001831.1	0	8892	1.0
JABSTU010001844.1	0	15976	1.0
JABSTU010001852.1	0	1747	1.0
JABSTU010001854.1	0	14518	1.0
JABSTU010001868.1	0	79710	2.0
JABSTU010001869.1	0	42290	1.0
JABSTU010001884.1	0	15588	1.0
JABSTU010001887.1	0	18697	1.0
JABSTU010001910.1	0	13288	1.0
JABSTU010001915.1	0	1865	1.0
JABSTU010001921.1	0	12746	1.0
JABSTU010001929.1	0	16148	1.0
JABSTU010001935.1	0	61394	1.0
JABSTU010001941.1	0	29738	1.0
JABSTU010001942.1	0	20266	1.0
JABSTU010001952.1	0	6091	1.0
JABSTU010001957.1	0	24424	1.0
JABSTU010001961.1	0	14672	1.0
JABSTU010001965.1	0	23084	1.0
JABSTU010001968.1	0	31971	3.0
JABSTU010001972.1	0	10850	1.0
JABSTU010001976.1	0	14353	2.0
JABSTU010001977.1	0	6501	1.0
JABSTU010001979.1	0	52032	1.0
JABSTU010001981.1	0	17678	1.0
JABSTU010001983.1	0	12305	1.0
JABSTU010001985.1	0	22234	3.0
JABSTU010001986.1	0	19794	1.0
JABSTU010001987.1	0	100000	1.0
JABSTU010001987.1	100000	159619	4.0
JABSTU010001993.1	0	11447	1.0
JABSTU010002001.1	0	24695	2.0
JABSTU010002003.1	0	9279	1.0
JABSTU010002005.1	0	23815	1.0
JABSTU010002016.1	0	31349	1.0
JABSTU010002027.1	0	11093	2.0
JABSTU010002028.1	0	13515	2.0
JABSTU010002032.1	0	17959	1.0
JABSTU010002052.1	0	23476	3.0
JABSTU010002067.1	0	18663	1.0
JABSTU010002099.1	0	12559	1.0
JABSTU010002101.1	0	14288	1.0
JABSTU010002117.1	0	7063	1.0
JABSTU010002120.1	0	30642	2.0
JABSTU010002129.1	0	100000	4.0
JABSTU010002129.1	100000	174628	2.0
JABSTU010002140.1	100000	147274	2.0
JABSTU010002144.1	0	9252	1.0
JABSTU010002154.1	0	18615	1.0
JABSTU010002159.1	100000	140504	1.0
JABSTU010002163.1	0	3884	2.0
JABSTU010002171.1	100000	169049	2.0
JABSTU010002174.1	0	18632	1.0
JABSTU010002181.1	0	20693	1.0
JABSTU010002185.1	0	20403	2.0
JABSTU010002204.1	0	20946	1.0
JABSTU010002206.1	0	16029	1.0
JABSTU010002212.1	0	15956	1.0
JABSTU010002230.1	0	11882	1.0
JABSTU010002244.1	0	8164	1.0
JABSTU010002257.1	0	14605	1.0
JABSTU010002259.1	0	14187	1.0
JABSTU010002260.1	0	100000	1.0
JABSTU010002260.1	100000	200000	1.0
JABSTU010002260.1	200000	231319	1.0
JABSTU010002270.1	0	13715	1.0
JABSTU010002277.1	0	16463	1.0
JABSTU010002288.1	0	4077	1.0
JABSTU010002292.1	0	5386	1.0
JABSTU010002309.1	0	33842	1.0
JABSTU010002316.1	0	17289	1.0
JABSTU010002319.1	0	13398	1.0
JABSTU010002330.1	0	21035	1.0
JABSTU010002331.1	0	6432	1.0
JABSTU010002335.1	0	12213	1.0
JABSTU010002338.1	0	11334	1.0
JABSTU010002341.1	0	30376	1.0
JABSTU010002345.1	0	15723	1.0
JABSTU010002349.1	0	13081	1.0
JABSTU010002350.1	0	1172	1.0
JABSTU010002367.1	0	4074	1.0
JABSTU010002377.1	0	4707	1.0
JABSTU010002382.1	0	8055	2.0
JABSTU010002391.1	0	4881	2.0
JABSTU010002399.1	0	9995	1.0
JABSTU010002405.1	0	5040	1.0
JABSTU010002406.1	0	24000	1.0
JABSTU010002409.1	0	9980	1.0
JABSTU010002413.1	0	4401	1.0
JABSTU010002415.1	100000	169643	3.0
JABSTU010002416.1	0	9191	1.0
JABSTU010002417.1	0	16638	1.0
JABSTU010002426.1	0	16925	2.0
JABSTU010002427.1	0	13486	1.0
JABSTU010002432.1	0	12444	1.0
JABSTU010002448.1	0	38994	1.0
JABSTU010002475.1	0	8866	1.0
JABSTU010002514.1	0	48344	3.0
JABSTU010002519.1	0	19083	1.0
JABSTU010002526.1	0	37697	2.0
JABSTU010002527.1	0	16968	1.0
JABSTU010002542.1	0	11076	1.0
JABSTU010002546.1	0	13188	1.0
JABSTU010002553.1	0	11110	1.0
JABSTU010002560.1	0	12665	1.0
JABSTU010002572.1	0	32824	1.0
JABSTU010002584.1	0	8876	1.0
JABSTU010002602.1	0	6773	1.0
JABSTU010002603.1	0	31828	2.0
JABSTU010002606.1	0	11324	1.0
JABSTU010002625.1	0	2139	1.0
JABSTU010002626.1	0	9684	1.0
JABSTU010002627.1	0	17917	1.0
JABSTU010002629.1	0	12937	1.0
JABSTU010002630.1	0	9542	1.0
JABSTU010002636.1	0	50456	1.0
JABSTU010002649.1	0	19001	1.0
JABSTU010002664.1	0	14813	2.0
JABSTU010002669.1	0	10235	1.0
JABSTU010002676.1	0	11502	1.0
JABSTU010002681.1	0	38133	1.0
JABSTU010002687.1	0	8388	1.0
JABSTU010002705.1	0	5317	2.0
JABSTU010002740.1	0	9536	1.0
JABSTU010002746.1	0	22223	1.0
JABSTU010002747.1	0	5286	1.0
JABSTU010002751.1	0	13435	1.0
JABSTU010002754.1	0	12987	1.0
JABSTU010002768.1	0	41918	3.0
JABSTU010002778.1	0	41827	1.0
JABSTU010002797.1	0	14267	1.0
JABSTU010002803.1	0	6000	1.0
JABSTU010002814.1	0	11017	1.0
JABSTU010002833.1	0	35386	1.0
JABSTU010002845.1	0	12215	1.0
JABSTU010002865.1	0	11757	1.0
JABSTU010002867.1	0	18423	2.0
JABSTU010002878.1	0	6615	1.0
JABSTU010002880.1	0	7399	2.0
JABSTU010002890.1	0	100000	4.0
JABSTU010002890.1	100000	169613	1.0
JABSTU010002897.1	0	12630	1.0
JABSTU010002901.1	0	3282	1.0
JABSTU010002910.1	0	46257	2.0
JABSTU010002921.1	0	14551	4.0
JABSTU010002922.1	0	100000	1.0
JABSTU010002922.1	100000	116975	1.0
JABSTU010002931.1	0	42573	2.0
JABSTU010002942.1	0	27850	2.0
JABSTU010002953.1	0	23832	1.0
JABSTU010002959.1	0	14291	1.0
JABSTU010002963.1	0	38240	1.0
JABSTU010002975.1	0	40361	1.0
JABSTU010002982.1	0	100000	3.0
JABSTU010002982.1	100000	179594	1.0
JABSTU010002985.1	0	42599	1.0
JABSTU010002986.1	0	37160	1.0
JABSTU010003016.1	0	10015	1.0
JABSTU010003018.1	0	16259	3.0
JABSTU010003019.1	0	45499	2.0
JABSTU010003030.1	0	14042	1.0
JABSTU010003035.1	0	100000	2.0
JABSTU010003035.1	100000	118201	2.0
JABSTU010003052.1	0	36599	2.0
JABSTU010003053.1	0	4440	1.0
JABSTU010003055.1	0	100000	3.0
JABSTU010003055.1	100000	160198	1.0
JABSTU010003062.1	100000	184335	2.0
JABSTU010003068.1	0	10066	2.0
JABSTU010003075.1	0	32082	1.0
JABSTU010003076.1	0	8703	1.0
JABSTU010003096.1	0	7008	1.0
JABSTU010003100.1	100000	139550	1.0
JABSTU010003102.1	0	859	1.0
JABSTU010003104.1	0	8480	1.0
JABSTU010003107.1	0	7762	1.0
JABSTU010003176.1	0	14612	1.0
JABSTU010003185.1	0	28321	1.0
JABSTU010003196.1	0	43380	1.0
JABSTU010003209.1	0	98651	1.0
JABSTU010003249.1	0	16065	2.0
JABSTU010003262.1	0	5880	1.0
JABSTU010003270.1	0	42368	1.0
JABSTU010003292.1	0	44837	3.0
JABSTU010003317.1	0	29167	1.0
JABSTU010003338.1	0	9377	1.0
JABSTU010003370.1	0	27498	1.0
JABSTU010003375.1	0	9077	2.0
JABSTU010003380.1	200000	201613	1.0
JABSTU010003440.1	0	27429	3.0
JABSTU010003441.1	0	4612	1.0
JABSTU010003446.1	0	6403	1.0
JABSTU010003469.1	0	4209	1.0
JABSTU010003474.1	0	3785	1.0
JABSTU010003482.1	0	6555	2.0
JABSTU010003490.1	0	6906	1.0
JABSTU010003494.1	0	100000	1.0
JABSTU010003494.1	100000	145499	1.0
JABSTU010003523.1	0	100000	1.0
JABSTU010003523.1	100000	107023	1.0
JABSTU010003538.1	0	100000	1.0
JABSTU010003538.1	100000	155133	2.0
JABSTU010003546.1	0	36526	1.0
JABSTU010003557.1	0	29428	1.0
JABSTU010003579.1	0	20514	1.0
JABSTU010003590.1	0	31168	1.0
JABSTU010003623.1	0	21578	1.0
JABSTU010003633.1	0	39858	3.0
JABSTU010003644.1	0	29251	2.0
JABSTU010003688.1	0	13626	1.0
JABSTU010003694.1	100000	123399	1.0
JABSTU010003708.1	0	57985	1.0
JABSTU010003765.1	0	25094	1.0
JABSTU010003776.1	0	38027	1.0
JABSTU010003787.1	0	42381	2.0
JABSTU010003791.1	0	100000	1.0
JABSTU010003791.1	100000	182375	1.0
JABSTU010003792.1	0	100000	2.0
JABSTU010003792.1	100000	171068	5.0
JABSTU010003794.1	0	100000	1.0
JABSTU010003794.1	100000	136310	1.0
JABSTU010003795.1	0	30845	1.0
JABSTU010003797.1	0	100000	4.0
JABSTU010003797.1	100000	185441	3.0
JABSTU010003801.1	0	100000	1.0
JABSTU010003801.1	100000	146355	1.0
JABSTU010003802.1	100000	118850	1.0
JABSTU010003805.1	0	100000	1.0
JABSTU010003805.1	100000	164414	3.0
JABSTU010003806.1	0	100000	4.0
JABSTU010003806.1	100000	159590	2.0
JABSTU010003808.1	100000	138769	1.0
JABSTU010003812.1	0	100000	3.0
JABSTU010003812.1	100000	118653	1.0
JABSTU010003821.1	100000	159752	2.0
JABSTU010003822.1	100000	173638	5.0
JABSTU010003825.1	0	100000	3.0
JABSTU010003825.1	100000	172279	2.0
JABSTU010003827.1	100000	144890	1.0
JABSTU010003828.1	100000	130590	1.0
JABSTU010003830.1	100000	133360	1.0
JABSTU010003831.1	0	76858	1.0
JABSTU010003832.1	0	100000	2.0
JABSTU010003832.1	100000	153859	2.0
JABSTU010003833.1	0	78461	2.0
JABSTU010003834.1	0	54763	5.0
JABSTU010003836.1	100000	139191	1.0
JABSTU010003839.1	100000	141315	1.0
JABSTU010003842.1	0	100000	2.0
JABSTU010003842.1	100000	150998	1.0
JABSTU010003843.1	0	100000	1.0
JABSTU010003843.1	100000	200000	4.0
JABSTU010003843.1	200000	204619	1.0
JABSTU010003844.1	0	12747	1.0
JABSTU010003850.1	0	75688	3.0
JABSTU010003851.1	0	89483	2.0
JABSTU010003852.1	0	49413	1.0
JABSTU010003854.1	0	100000	2.0
JABSTU010003854.1	100000	147533	1.0
JABSTU010003856.1	0	100000	2.0
JABSTU010003856.1	100000	112775	1.0
JABSTU010003858.1	100000	166227	2.0
JABSTU010003859.1	0	58446	1.0
JABSTU010003862.1	0	44827	5.0
JABSTU010003863.1	0	100000	3.0
JABSTU010003863.1	100000	136327	1.0
JABSTU010003864.1	0	100000	3.0
JABSTU010003864.1	100000	120249	1.0
JABSTU010003866.1	0	100000	1.0
JABSTU010003866.1	100000	131393	1.0
JABSTU010003868.1	0	100000	3.0
JABSTU010003868.1	100000	141298	3.0
JABSTU010003871.1	100000	137045	1.0
JABSTU010003872.1	100000	114918	1.0
JABSTU010003874.1	0	61944	3.0
JABSTU010003875.1	100000	138822	1.0
JABSTU010003879.1	0	59451	2.0
JABSTU010003881.1	0	92475	1.0
JABSTU010003882.1	0	88579	2.0
JABSTU010003883.1	0	76976	1.0
JABSTU010003884.1	0	100000	4.0
JABSTU010003884.1	100000	104706	1.0
JABSTU010003885.1	0	30707	1.0
JABSTU010003886.1	100000	115642	1.0
JABSTU010003887.1	100000	119505	1.0
JABSTU010003888.1	0	100000	1.0
JABSTU010003888.1	100000	175494	1.0
JABSTU010003889.1	0	68743	2.0
JABSTU010003890.1	0	76754	2.0
JABSTU010003893.1	0	100000	1.0
JABSTU010003893.1	100000	138230	1.0
JABSTU010003897.1	0	84512	1.0
JABSTU010003899.1	0	61481	1.0
JABSTU010003900.1	0	100000	2.0
JABSTU010003900.1	100000	129009	1.0
JABSTU010003901.1	100000	101834	1.0
JABSTU010003903.1	0	20773	1.0
JABSTU010003904.1	0	24068	1.0
JABSTU010003907.1	0	100000	3.0
JABSTU010003907.1	100000	127323	5.0
JABSTU010003910.1	0	100000	1.0
JABSTU010003910.1	100000	155397	1.0
JABSTU010003911.1	0	91210	2.0
JABSTU010003912.1	100000	122242	1.0
JABSTU010003913.1	0	65959	1.0
JABSTU010003914.1	0	59700	2.0
JABSTU010003915.1	0	41825	1.0
JABSTU010003918.1	0	100000	1.0
JABSTU010003918.1	100000	134399	2.0
JABSTU010003919.1	0	87049	3.0
JABSTU010003922.1	0	79886	1.0
JABSTU010003923.1	0	100000	1.0
JABSTU010003923.1	100000	200000	2.0
JABSTU010003923.1	200000	224592	2.0
JABSTU010003924.1	0	99469	1.0
JABSTU010003930.1	0	100000	1.0
JABSTU010003930.1	100000	115008	2.0
JABSTU010003932.1	0	90774	3.0
JABSTU010003933.1	0	100000	3.0
JABSTU010003933.1	100000	113746	1.0
JABSTU010003934.1	0	100000	2.0
JABSTU010003934.1	100000	118675	1.0
JABSTU010003935.1	0	33084	1.0
JABSTU010003941.1	0	100000	2.0
JABSTU010003941.1	100000	200000	1.0
JABSTU010003941.1	200000	204809	1.0
JABSTU010003943.1	0	88202	3.0
JABSTU010003945.1	100000	163246	1.0
JABSTU010003948.1	0	24007	2.0
JABSTU010003950.1	0	44913	2.0
JABSTU010003953.1	0	14186	1.0
JABSTU010003954.1	0	75337	5.0
JABSTU010003955.1	0	95159	2.0
JABSTU010003956.1	0	48376	3.0
JABSTU010003957.1	0	36908	2.0
JABSTU010003958.1	100000	153596	1.0
JABSTU010003960.1	0	100000	2.0
JABSTU010003960.1	100000	117063	1.0
JABSTU010003961.1	0	32814	2.0
JABSTU010003963.1	0	93968	1.0
JABSTU010003964.1	0	67141	1.0
JABSTU010003965.1	100000	153160	1.0
JABSTU010003966.1	0	75343	3.0
JABSTU010003968.1	100000	101590	1.0
JABSTU010003969.1	0	100000	4.0
JABSTU010003969.1	100000	121851	1.0
JABSTU010003971.1	0	48958	1.0
JABSTU010003975.1	0	85526	2.0
JABSTU010003978.1	0	50274	1.0
JABSTU010003980.1	0	72769	2.0
JABSTU010003982.1	0	43702	1.0
JABSTU010003983.1	0	9897	1.0
JABSTU010003985.1	100000	145983	1.0
JABSTU010003986.1	100000	153981	1.0
JABSTU010003987.1	0	97919	3.0
JABSTU010003988.1	0	100000	4.0
JABSTU010003988.1	100000	110724	1.0
JABSTU010003991.1	0	55247	1.0
JABSTU010003993.1	0	95820	2.0
JABSTU010003994.1	0	31671	2.0
JABSTU010003995.1	100000	168277	1.0
JABSTU010003997.1	0	100000	1.0
JABSTU010003997.1	100000	177559	1.0
JABSTU010003998.1	0	77230	2.0
JABSTU010003999.1	0	28515	1.0
JABSTU010004002.1	0	100000	2.0
JABSTU010004002.1	100000	114358	1.0
JABSTU010004003.1	0	100000	3.0
JABSTU010004003.1	100000	129299	1.0
JABSTU010004004.1	0	72029	6.0
JABSTU010004005.1	0	74548	1.0
JABSTU010004006.1	0	100000	1.0
JABSTU010004006.1	100000	101438	1.0
JABSTU010004009.1	100000	108361	2.0
JABSTU010004010.1	0	32688	2.0
JABSTU010004011.1	0	90383	3.0
JABSTU010004012.1	0	81187	1.0
JABSTU010004013.1	0	100000	3.0
JABSTU010004013.1	100000	149590	1.0
JABSTU010004017.1	0	48575	2.0
JABSTU010004018.1	0	82531	2.0
JABSTU010004019.1	0	100000	1.0
JABSTU010004019.1	100000	101672	1.0
JABSTU010004020.1	0	34617	2.0
JABSTU010004021.1	0	78976	3.0
JABSTU010004024.1	0	100000	6.0
JABSTU010004024.1	100000	115732	2.0
JABSTU010004025.1	100000	122269	1.0
JABSTU010004026.1	100000	129099	1.0
JABSTU010004030.1	0	57386	1.0
JABSTU010004033.1	0	60818	1.0
JABSTU010004034.1	0	100000	1.0
JABSTU010004034.1	100000	163535	2.0
JABSTU010004035.1	0	97771	1.0
JABSTU010004036.1	100000	105993	1.0
JABSTU010004037.1	0	100000	2.0
JABSTU010004037.1	100000	158320	1.0
JABSTU010004038.1	0	46383	3.0
JABSTU010004041.1	0	80379	4.0
JABSTU010004043.1	0	94250	2.0
JABSTU010004044.1	0	100000	2.0
JABSTU010004044.1	100000	106666	1.0
JABSTU010004045.1	0	19887	1.0
JABSTU010004046.1	100000	124128	2.0
JABSTU010004047.1	0	81139	4.0
JABSTU010004051.1	0	90599	1.0
JABSTU010004052.1	0	7705	1.0
JABSTU010004054.1	0	100000	1.0
JABSTU010004054.1	100000	108363	1.0
JABSTU010004055.1	0	24109	1.0
JABSTU010004056.1	0	82239	2.0
JABSTU010004057.1	0	96575	2.0
JABSTU010004061.1	0	84797	1.0
JABSTU010004062.1	0	81426	2.0
JABSTU010004065.1	0	41335	2.0
JABSTU010004066.1	0	56973	2.0
JABSTU010004067.1	0	90415	1.0
JABSTU010004068.1	0	58395	3.0
JABSTU010004069.1	0	100000	2.0
JABSTU010004069.1	200000	205351	1.0
JABSTU010004070.1	0	10776	1.0
JABSTU010004071.1	0	19210	4.0
JABSTU010004073.1	0	79361	1.0
JABSTU010004074.1	0	70903	1.0
JABSTU010004076.1	0	36983	2.0
JABSTU010004086.1	0	39346	1.0
JABSTU010004087.1	0	100000	7.0
JABSTU010004089.1	0	100000	2.0
JABSTU010004091.1	0	73649	1.0
JABSTU010004092.1	0	57693	1.0
JABSTU010004093.1	0	100000	1.0
JABSTU010004093.1	100000	184014	1.0
JABSTU010004095.1	0	88658	1.0
JABSTU010004096.1	0	73347	5.0
JABSTU010004098.1	0	100000	1.0
JABSTU010004098.1	100000	110373	1.0
JABSTU010004101.1	100000	102593	1.0
JABSTU010004102.1	0	37949	1.0
JABSTU010004103.1	0	94266	1.0
JABSTU010004106.1	0	48779	1.0
JABSTU010004107.1	0	12726	1.0
JABSTU010004108.1	0	85975	4.0
JABSTU010004109.1	0	82517	4.0
JABSTU010004110.1	0	20026	1.0
JABSTU010004113.1	0	63387	1.0
JABSTU010004118.1	100000	172467	3.0
JABSTU010004119.1	0	67798	2.0
JABSTU010004120.1	0	95368	3.0
JABSTU010004122.1	0	73715	1.0
JABSTU010004124.1	0	100000	4.0
JABSTU010004124.1	100000	120137	1.0
JABSTU010004125.1	0	99521	1.0
JABSTU010004126.1	0	52301	3.0
JABSTU010004127.1	0	46240	1.0
JABSTU010004130.1	0	6636	1.0
JABSTU010004132.1	0	50975	1.0
JABSTU010004135.1	0	61353	1.0
JABSTU010004136.1	0	100000	1.0
JABSTU010004136.1	100000	179824	1.0
JABSTU010004138.1	0	93842	1.0
JABSTU010004139.1	0	24973	1.0
JABSTU010004140.1	0	47981	3.0
JABSTU010004142.1	0	80838	2.0
JABSTU010004143.1	0	52212	3.0
JABSTU010004146.1	0	25110	1.0
JABSTU010004150.1	0	87240	2.0
JABSTU010004152.1	0	100000	5.0
JABSTU010004152.1	100000	151310	1.0
JABSTU010004153.1	0	100000	2.0
JABSTU010004154.1	0	62249	1.0
JABSTU010004158.1	0	66428	2.0
JABSTU010004160.1	0	62266	1.0
JABSTU010004163.1	0	54329	3.0
JABSTU010004164.1	0	17238	1.0
JABSTU010004169.1	0	39053	1.0
JABSTU010004171.1	0	86074	1.0
JABSTU010004172.1	0	43473	1.0
JABSTU010004173.1	0	100000	2.0
JABSTU010004173.1	100000	111744	1.0
JABSTU010004174.1	0	27653	1.0
JABSTU010004175.1	100000	125222	1.0
JABSTU010004177.1	0	86373	1.0
JABSTU010004178.1	100000	106601	1.0
JABSTU010004179.1	0	78803	1.0
JABSTU010004183.1	0	49162	2.0
JABSTU010004185.1	0	100000	1.0
JABSTU010004185.1	100000	124113	1.0
JABSTU010004187.1	0	100000	1.0
JABSTU010004187.1	100000	132509	1.0
JABSTU010004188.1	0	91240	1.0
JABSTU010004189.1	0	54865	1.0
JABSTU010004193.1	100000	148982	1.0
JABSTU010004194.1	0	92770	1.0
JABSTU010004195.1	0	46001	3.0
JABSTU010004196.1	0	88719	4.0
JABSTU010004197.1	0	76983	1.0
JABSTU010004199.1	0	82572	3.0
JABSTU010004201.1	0	39903	3.0
JABSTU010004204.1	0	68986	3.0
JABSTU010004205.1	0	85338	1.0
JABSTU010004206.1	0	65341	1.0
JABSTU010004207.1	0	74692	3.0
JABSTU010004211.1	0	57344	3.0
JABSTU010004215.1	0	38079	1.0
JABSTU010004218.1	0	42216	1.0
JABSTU010004224.1	0	71092	2.0
JABSTU010004226.1	100000	119417	2.0
JABSTU010004229.1	0	38186	3.0
JABSTU010004230.1	0	56921	2.0
JABSTU010004232.1	0	23113	1.0
JABSTU010004233.1	0	11971	1.0
JABSTU010004237.1	0	75507	2.0
JABSTU010004239.1	0	61907	1.0
JABSTU010004240.1	0	53053	1.0
JABSTU010004241.1	0	81832	4.0
JABSTU010004243.1	0	42119	1.0
JABSTU010004244.1	0	63179	3.0
JABSTU010004245.1	0	82787	3.0
JABSTU010004248.1	0	80991	1.0
JABSTU010004251.1	0	77149	2.0
JABSTU010004252.1	0	19203	1.0
JABSTU010004253.1	0	45365	3.0
JABSTU010004254.1	0	19424	1.0
JABSTU010004256.1	0	86862	3.0
JABSTU010004257.1	0	100000	3.0
JABSTU010004257.1	100000	108930	1.0
JABSTU010004260.1	0	57034	2.0
JABSTU010004261.1	0	100000	2.0
JABSTU010004261.1	100000	139457	1.0
JABSTU010004262.1	0	91763	2.0
JABSTU010004263.1	0	35807	1.0
JABSTU010004269.1	0	36677	2.0
JABSTU010004272.1	0	61349	2.0
JABSTU010004274.1	0	33230	1.0
JABSTU010004275.1	0	61417	1.0
JABSTU010004279.1	0	92920	1.0
JABSTU010004280.1	0	19301	1.0
JABSTU010004281.1	0	13632	1.0
JABSTU010004283.1	0	19615	2.0
JABSTU010004284.1	0	55217	1.0
JABSTU010004285.1	0	100000	1.0
JABSTU010004285.1	100000	116310	1.0
JABSTU010004288.1	0	79088	2.0
JABSTU010004293.1	100000	118928	3.0
JABSTU010004294.1	0	100000	1.0
JABSTU010004294.1	100000	177486	1.0
JABSTU010004295.1	0	84939	1.0
JABSTU010004296.1	0	45736	2.0
JABSTU010004299.1	0	34071	1.0
JABSTU010004303.1	0	100000	1.0
JABSTU010004303.1	100000	147382	1.0
JABSTU010004304.1	0	25850	3.0
JABSTU010004306.1	0	86339	3.0
JABSTU010004308.1	0	7386	1.0
JABSTU010004310.1	0	34832	2.0
JABSTU010004313.1	0	100000	1.0
JABSTU010004313.1	200000	224379	3.0
JABSTU010004318.1	0	24199	1.0
JABSTU010004320.1	0	27868	1.0
JABSTU010004321.1	0	60518	2.0
JABSTU010004322.1	0	37347	1.0
JABSTU010004323.1	0	100000	2.0
JABSTU010004323.1	100000	129916	2.0
JABSTU010004324.1	0	17679	1.0
JABSTU010004325.1	0	33387	1.0
JABSTU010004326.1	0	47053	1.0
JABSTU010004328.1	0	22510	2.0
JABSTU010004331.1	0	57025	3.0
JABSTU010004332.1	0	72945	2.0
JABSTU010004335.1	0	75288	5.0
JABSTU010004338.1	100000	119070	1.0
JABSTU010004340.1	0	15106	1.0
JABSTU010004341.1	0	17228	1.0
JABSTU010004343.1	0	82585	2.0
JABSTU010004346.1	0	64972	2.0
JABSTU010004349.1	0	21317	2.0
JABSTU010004351.1	0	34181	1.0
JABSTU010004353.1	0	46343	1.0
JABSTU010004357.1	0	100000	2.0
JABSTU010004357.1	100000	134183	2.0
JABSTU010004358.1	0	93017	6.0
JABSTU010004359.1	0	50500	2.0
JABSTU010004361.1	0	69155	1.0
JABSTU010004362.1	0	9797	1.0
JABSTU010004363.1	0	60680	6.0
JABSTU010004365.1	0	90278	3.0
JABSTU010004367.1	0	100000	2.0
JABSTU010004367.1	100000	112103	1.0
JABSTU010004368.1	0	44972	1.0
JABSTU010004371.1	0	39192	2.0
JABSTU010004373.1	0	38423	1.0
JABSTU010004376.1	0	76302	3.0
JABSTU010004379.1	0	100000	1.0
JABSTU010004379.1	100000	134873	1.0
JABSTU010004384.1	0	39303	2.0
JABSTU010004385.1	0	95365	2.0
JABSTU010004391.1	0	75375	3.0
JABSTU010004396.1	0	33254	1.0
JABSTU010004398.1	100000	104940	1.0
JABSTU010004399.1	0	58506	2.0
JABSTU010004403.1	0	42674	1.0
JABSTU010004404.1	0	44361	1.0
JABSTU010004406.1	0	26742	3.0
JABSTU010004407.1	0	74734	1.0
JABSTU010004408.1	0	17835	1.0
JABSTU010004411.1	0	68158	2.0
JABSTU010004412.1	0	87252	3.0
JABSTU010004413.1	0	56359	1.0
JABSTU010004417.1	0	11699	1.0
JABSTU010004418.1	100000	115872	1.0
JABSTU010004420.1	0	75008	3.0
JABSTU010004421.1	0	49009	1.0
JABSTU010004422.1	0	68282	2.0
JABSTU010004423.1	0	68684	3.0
JABSTU010004424.1	0	72925	1.0
JABSTU010004425.1	0	86273	2.0
JABSTU010004426.1	0	28505	1.0
JABSTU010004431.1	0	39437	1.0
JABSTU010004432.1	0	100000	3.0
JABSTU010004432.1	100000	100416	1.0
JABSTU010004433.1	0	43725	1.0
JABSTU010004434.1	0	38459	1.0
JABSTU010004436.1	0	73543	2.0
JABSTU010004440.1	0	90886	3.0
JABSTU010004444.1	0	84496	2.0
JABSTU010004445.1	0	43616	2.0
JABSTU010004446.1	0	41794	3.0
JABSTU010004448.1	0	66725	4.0
JABSTU010004450.1	0	39677	2.0
JABSTU010004451.1	0	100000	1.0
JABSTU010004451.1	100000	133357	1.0
JABSTU010004453.1	0	71691	1.0
JABSTU010004456.1	0	84008	4.0
JABSTU010004457.1	0	100000	1.0
JABSTU010004457.1	100000	105179	1.0
JABSTU010004459.1	0	46327	1.0
JABSTU010004461.1	0	51051	1.0
JABSTU010004463.1	0	71053	1.0
JABSTU010004466.1	100000	102164	1.0
JABSTU010004467.1	0	25861	1.0
JABSTU010004468.1	0	88455	2.0
JABSTU010004472.1	100000	127257	1.0
JABSTU010004473.1	0	65223	1.0
JABSTU010004475.1	0	17187	1.0
JABSTU010004477.1	100000	171811	1.0
JABSTU010004478.1	0	46945	2.0
JABSTU010004480.1	0	38552	1.0
JABSTU010004485.1	0	78576	3.0
JABSTU010004486.1	0	54336	1.0
JABSTU010004489.1	0	43213	1.0
JABSTU010004492.1	0	24455	1.0
JABSTU010004493.1	0	37485	2.0
JABSTU010004494.1	0	60241	2.0
JABSTU010004497.1	0	100000	1.0
JABSTU010004497.1	100000	155089	1.0
JABSTU010004498.1	0	92169	1.0
JABSTU010004501.1	0	88221	2.0
JABSTU010004502.1	0	60882	7.0
JABSTU010004503.1	0	70682	1.0
JABSTU010004504.1	0	34039	2.0
JABSTU010004505.1	0	34799	2.0
JABSTU010004508.1	0	81481	2.0
JABSTU010004509.1	0	77338	5.0
JABSTU010004512.1	0	12331	1.0
JABSTU010004514.1	0	80072	3.0
JABSTU010004515.1	0	69070	1.0
JABSTU010004518.1	0	50997	1.0
JABSTU010004526.1	0	65556	1.0
JABSTU010004528.1	100000	105408	2.0
JABSTU010004531.1	0	79059	6.0
JABSTU010004533.1	0	59467	1.0
JABSTU010004536.1	0	80055	3.0
JABSTU010004540.1	0	66648	1.0
JABSTU010004544.1	0	94989	2.0
JABSTU010004545.1	0	86915	1.0
JABSTU010004546.1	0	37050	1.0
JABSTU010004548.1	0	97674	1.0
JABSTU010004549.1	0	64182	2.0
JABSTU010004551.1	0	74918	1.0
JABSTU010004553.1	0	21177	2.0
JABSTU010004554.1	0	100000	1.0
JABSTU010004554.1	100000	121629	1.0
JABSTU010004555.1	0	40496	1.0
JABSTU010004556.1	0	76640	1.0
JABSTU010004562.1	0	46110	1.0
JABSTU010004564.1	0	11195	1.0
JABSTU010004565.1	0	3635	1.0
JABSTU010004569.1	0	93057	3.0
JABSTU010004570.1	100000	119068	1.0
JABSTU010004575.1	0	50808	1.0
JABSTU010004578.1	0	84831	1.0
JABSTU010004579.1	0	41782	1.0
JABSTU010004581.1	0	74122	1.0
JABSTU010004583.1	0	12513	1.0
JABSTU010004584.1	0	100000	1.0
JABSTU010004584.1	100000	101438	1.0
JABSTU010004586.1	0	100000	3.0
JABSTU010004586.1	100000	121850	1.0
JABSTU010004587.1	0	63281	2.0
JABSTU010004588.1	0	53305	1.0
JABSTU010004591.1	0	65755	2.0
JABSTU010004594.1	0	75196	1.0
JABSTU010004598.1	0	95980	5.0
JABSTU010004600.1	0	62255	1.0
JABSTU010004603.1	0	49489	2.0
JABSTU010004604.1	0	33222	1.0
JABSTU010004605.1	0	17005	1.0
JABSTU010004606.1	0	74562	1.0
JABSTU010004607.1	0	38610	2.0
JABSTU010004609.1	0	21995	1.0
JABSTU010004611.1	0	48679	1.0
JABSTU010004613.1	0	4218	1.0
JABSTU010004614.1	0	70290	1.0
JABSTU010004616.1	0	34538	1.0
JABSTU010004619.1	0	54144	4.0
JABSTU010004620.1	0	100000	1.0
JABSTU010004620.1	100000	171431	2.0
JABSTU010004624.1	0	100000	1.0
JABSTU010004624.1	100000	130292	3.0
JABSTU010004625.1	0	51519	3.0
JABSTU010004630.1	0	69948	1.0
JABSTU010004633.1	0	98221	1.0
JABSTU010004635.1	0	72163	3.0
JABSTU010004637.1	0	25873	1.0
JABSTU010004638.1	0	98598	3.0
JABSTU010004639.1	0	17781	1.0
JABSTU010004644.1	0	45950	1.0
JABSTU010004648.1	0	30741	3.0
JABSTU010004649.1	0	41598	1.0
JABSTU010004652.1	0	69800	2.0
JABSTU010004653.1	0	89389	1.0
JABSTU010004655.1	0	16065	2.0
JABSTU010004657.1	0	60804	4.0
JABSTU010004660.1	0	55308	2.0
JABSTU010004662.1	0	93670	2.0
JABSTU010004665.1	0	53216	1.0
JABSTU010004667.1	0	66102	1.0
JABSTU010004668.1	0	77480	3.0
JABSTU010004669.1	0	56873	1.0
JABSTU010004671.1	0	41302	1.0
JABSTU010004672.1	0	39584	1.0
JABSTU010004675.1	0	71301	1.0
JABSTU010004677.1	0	40023	2.0
JABSTU010004679.1	0	64312	2.0
JABSTU010004682.1	0	75583	1.0
JABSTU010004684.1	0	70395	1.0
JABSTU010004685.1	0	100000	2.0
JABSTU010004685.1	100000	134650	1.0
JABSTU010004686.1	0	61593	2.0
JABSTU010004689.1	0	58888	1.0
JABSTU010004690.1	0	48949	1.0
JABSTU010004691.1	0	73905	2.0
JABSTU010004697.1	0	21150	1.0
JABSTU010004699.1	0	57896	1.0
JABSTU010004704.1	0	37125	3.0
JABSTU010004705.1	0	55659	2.0
JABSTU010004706.1	0	76102	3.0
JABSTU010004707.1	0	47730	2.0
JABSTU010004708.1	0	18659	1.0
JABSTU010004712.1	0	56327	1.0
JABSTU010004713.1	0	72616	3.0
JABSTU010004714.1	0	71945	2.0
JABSTU010004716.1	0	6101	1.0
JABSTU010004719.1	0	33126	1.0
JABSTU010004720.1	0	73957	1.0
JABSTU010004723.1	0	28320	1.0
JABSTU010004728.1	0	58652	2.0
JABSTU010004730.1	0	32936	1.0
JABSTU010004731.1	0	14069	1.0
JABSTU010004733.1	0	6930	1.0
JABSTU010004734.1	0	8487	1.0
JABSTU010004736.1	0	58125	1.0
JABSTU010004739.1	0	68455	2.0
JABSTU010004743.1	0	15267	2.0
JABSTU010004749.1	0	39847	1.0
JABSTU010004750.1	0	52558	4.0
JABSTU010004751.1	0	89886	3.0
JABSTU010004754.1	0	82139	2.0
JABSTU010004755.1	0	73663	1.0
JABSTU010004764.1	0	45751	3.0
JABSTU010004770.1	0	72646	2.0
JABSTU010004771.1	0	60832	2.0
JABSTU010004772.1	0	89928	2.0
JABSTU010004773.1	0	11349	1.0
JABSTU010004775.1	0	46996	2.0
JABSTU010004778.1	0	74673	1.0
JABSTU010004780.1	0	16515	2.0
JABSTU010004781.1	0	14575	2.0
JABSTU010004782.1	0	42386	1.0
JABSTU010004785.1	0	68444	3.0
JABSTU010004786.1	0	5844	1.0
JABSTU010004788.1	0	52309	2.0
JABSTU010004789.1	0	67343	3.0
JABSTU010004795.1	0	63605	3.0
JABSTU010004798.1	0	54622	1.0
JABSTU010004799.1	0	53576	2.0
JABSTU010004800.1	0	7471	1.0
JABSTU010004803.1	0	68597	4.0
JABSTU010004807.1	0	75520	1.0
JABSTU010004810.1	0	62267	3.0
JABSTU010004811.1	0	13324	1.0
JABSTU010004812.1	0	34892	1.0
JABSTU010004813.1	0	31600	3.0
JABSTU010004815.1	0	56382	4.0
JABSTU010004816.1	0	21032	1.0
JABSTU010004818.1	0	47907	2.0
JABSTU010004819.1	0	21999	1.0
JABSTU010004820.1	0	72711	1.0
JABSTU010004825.1	100000	171390	2.0
JABSTU010004827.1	0	41989	1.0
JABSTU010004828.1	0	58217	2.0
JABSTU010004829.1	0	57062	1.0
JABSTU010004831.1	0	58260	1.0
JABSTU010004832.1	0	25700	1.0
JABSTU010004836.1	0	31156	1.0
JABSTU010004838.1	0	27875	1.0
JABSTU010004839.1	0	89394	3.0
JABSTU010004841.1	0	37249	3.0
JABSTU010004844.1	0	57328	2.0
JABSTU010004847.1	0	13165	1.0
JABSTU010004849.1	0	100000	1.0
JABSTU010004849.1	100000	112551	1.0
JABSTU010004853.1	0	31887	1.0
JABSTU010004854.1	0	63481	1.0
JABSTU010004855.1	0	43217	2.0
JABSTU010004856.1	0	53602	2.0
JABSTU010004858.1	0	57089	1.0
JABSTU010004861.1	0	57293	1.0
JABSTU010004862.1	0	32828	1.0
JABSTU010004864.1	0	65512	1.0
JABSTU010004865.1	0	100000	7.0
JABSTU010004865.1	100000	153701	2.0
JABSTU010004869.1	0	28536	1.0
JABSTU010004870.1	0	69338	2.0
JABSTU010004873.1	0	76940	3.0
JABSTU010004876.1	0	39719	1.0
JABSTU010004879.1	0	19261	2.0
JABSTU010004881.1	0	12508	2.0
JABSTU010004882.1	0	71010	2.0
JABSTU010004883.1	0	38805	2.0
JABSTU010004884.1	0	20066	1.0
JABSTU010004885.1	0	100000	2.0
JABSTU010004885.1	100000	104730	2.0
JABSTU010004889.1	0	28165	1.0
JABSTU010004890.1	0	60200	1.0
JABSTU010004891.1	0	47996	3.0
JABSTU010004893.1	0	24498	2.0
JABSTU010004897.1	0	15788	1.0
JABSTU010004898.1	0	100000	1.0
JABSTU010004898.1	100000	132468	2.0
JABSTU010004899.1	0	57696	3.0
JABSTU010004901.1	0	59284	2.0
JABSTU010004902.1	100000	111539	1.0
JABSTU010004905.1	0	65408	1.0
JABSTU010004906.1	0	63852	2.0
JABSTU010004907.1	0	63444	1.0
JABSTU010004915.1	0	69081	3.0
JABSTU010004919.1	0	50437	3.0
JABSTU010004922.1	0	22974	3.0
JABSTU010004924.1	0	10362	1.0
JABSTU010004925.1	0	55128	1.0
JABSTU010004929.1	0	52154	2.0
JABSTU010004935.1	0	49788	1.0
JABSTU010004936.1	0	71744	3.0
JABSTU010004938.1	0	4966	1.0
JABSTU010004939.1	0	58744	1.0
JABSTU010004940.1	0	69367	2.0
JABSTU010004941.1	0	69673	4.0
JABSTU010004945.1	0	32301	1.0
JABSTU010004946.1	0	100000	1.0
JABSTU010004946.1	100000	133096	1.0
JABSTU010004947.1	0	31565	1.0
JABSTU010004948.1	0	81650	1.0
JABSTU010004949.1	0	38751	2.0
JABSTU010004954.1	0	30848	1.0
JABSTU010004956.1	0	19251	1.0
JABSTU010004957.1	0	79913	1.0
JABSTU010004959.1	0	66844	4.0
JABSTU010004961.1	0	83717	3.0
JABSTU010004962.1	0	22092	1.0
JABSTU010004967.1	0	67022	5.0
JABSTU010004971.1	0	8158	1.0
JABSTU010004972.1	0	99065	4.0
JABSTU010004973.1	0	100000	1.0
JABSTU010004975.1	0	12759	1.0
JABSTU010004982.1	0	26235	1.0
JABSTU010004983.1	0	11503	2.0
JABSTU010004986.1	0	64343	1.0
JABSTU010004988.1	0	43342	2.0
JABSTU010004990.1	0	63006	2.0
JABSTU010004991.1	0	10376	2.0
JABSTU010004996.1	0	58304	1.0
JABSTU010004997.1	0	71126	4.0
JABSTU010004999.1	0	37589	1.0
JABSTU010005000.1	0	36682	2.0
JABSTU010005001.1	0	65059	5.0
JABSTU010005002.1	0	88497	1.0
JABSTU010005005.1	0	64203	2.0
JABSTU010005011.1	0	33962	2.0
JABSTU010005015.1	0	49696	2.0
JABSTU010005016.1	0	96750	2.0
JABSTU010005017.1	0	51724	1.0
JABSTU010005018.1	0	61540	1.0
JABSTU010005020.1	0	69558	2.0
JABSTU010005021.1	0	49398	1.0
JABSTU010005022.1	0	12169	2.0
JABSTU010005023.1	0	43721	1.0
JABSTU010005031.1	0	90272	2.0
JABSTU010005041.1	0	56004	1.0
JABSTU010005042.1	0	33973	1.0
JABSTU010005044.1	0	54515	1.0
JABSTU010005049.1	0	38792	2.0
JABSTU010005055.1	0	9225	1.0
JABSTU010005056.1	0	51742	1.0
JABSTU010005058.1	0	47532	1.0
JABSTU010005059.1	0	100000	4.0
JABSTU010005059.1	100000	139758	6.0
JABSTU010005061.1	0	41617	2.0
JABSTU010005062.1	100000	129016	1.0
JABSTU010005066.1	0	49673	1.0
JABSTU010005068.1	0	30499	1.0
JABSTU010005073.1	0	54686	3.0
JABSTU010005074.1	0	58555	2.0
JABSTU010005075.1	0	31845	1.0
JABSTU010005077.1	0	100000	2.0
JABSTU010005077.1	100000	115992	2.0
JABSTU010005080.1	0	61294	1.0
JABSTU010005082.1	0	56946	1.0
JABSTU010005083.1	0	58396	3.0
JABSTU010005085.1	0	70830	3.0
JABSTU010005087.1	0	83350	5.0
JABSTU010005088.1	0	69052	3.0
JABSTU010005089.1	0	84637	2.0
JABSTU010005090.1	0	50669	1.0
JABSTU010005092.1	0	54869	1.0
JABSTU010005093.1	0	28174	1.0
JABSTU010005095.1	0	59294	1.0
JABSTU010005096.1	0	73861	1.0
JABSTU010005097.1	0	30644	1.0
JABSTU010005099.1	0	77764	1.0
JABSTU010005101.1	0	22932	1.0
JABSTU010005102.1	0	90676	3.0
JABSTU010005105.1	0	47130	3.0
JABSTU010005106.1	0	56579	2.0
JABSTU010005107.1	0	94995	2.0
JABSTU010005108.1	0	22250	1.0
JABSTU010005111.1	0	13443	1.0
JABSTU010005112.1	0	34105	1.0
JABSTU010005113.1	0	51813	4.0
JABSTU010005118.1	100000	103475	1.0
JABSTU010005120.1	0	61380	1.0
JABSTU010005128.1	0	59446	8.0
JABSTU010005134.1	0	17299	2.0
JABSTU010005137.1	0	1517	1.0
JABSTU010005140.1	0	41331	1.0
JABSTU010005142.1	0	76205	1.0
JABSTU010005146.1	0	38704	1.0
JABSTU010005147.1	0	62566	1.0
JABSTU010005151.1	0	35628	1.0
JABSTU010005153.1	0	96302	3.0
JABSTU010005154.1	0	15213	1.0
JABSTU010005155.1	0	54729	1.0
JABSTU010005156.1	0	15360	1.0
JABSTU010005158.1	0	2924	1.0
JABSTU010005161.1	0	62092	1.0
JABSTU010005162.1	0	43060	2.0
JABSTU010005163.1	0	60213	2.0
JABSTU010005165.1	0	53028	1.0
JABSTU010005167.1	0	21156	1.0
JABSTU010005175.1	0	35091	1.0
JABSTU010005176.1	0	25068	1.0
JABSTU010005179.1	0	11718	1.0
JABSTU010005180.1	0	64675	1.0
JABSTU010005182.1	0	49162	2.0
JABSTU010005186.1	0	18364	1.0
JABSTU010005187.1	0	7693	1.0
JABSTU010005188.1	0	60131	1.0
JABSTU010005192.1	0	30010	3.0
JABSTU010005196.1	0	54845	1.0
JABSTU010005198.1	0	33085	1.0
JABSTU010005206.1	0	78283	4.0
JABSTU010005208.1	0	50288	1.0
JABSTU010005209.1	0	20291	1.0
JABSTU010005214.1	0	47705	1.0
JABSTU010005218.1	0	90487	4.0
JABSTU010005219.1	0	74069	1.0
JABSTU010005222.1	0	53023	1.0
JABSTU010005224.1	0	55606	4.0
JABSTU010005225.1	0	9524	1.0
JABSTU010005226.1	0	43285	1.0
JABSTU010005232.1	0	52228	1.0
JABSTU010005233.1	0	18589	1.0
JABSTU010005239.1	0	35562	1.0
JABSTU010005241.1	0	53978	3.0
JABSTU010005243.1	0	70342	1.0
JABSTU010005245.1	0	39645	1.0
JABSTU010005248.1	0	54806	1.0
JABSTU010005251.1	0	38530	1.0
JABSTU010005253.1	0	27356	1.0
JABSTU010005260.1	0	49800	4.0
JABSTU010005261.1	0	53504	2.0
JABSTU010005263.1	0	40865	3.0
JABSTU010005267.1	0	89431	3.0
JABSTU010005268.1	0	60163	3.0
JABSTU010005270.1	0	70656	4.0
JABSTU010005272.1	0	48569	2.0
JABSTU010005274.1	0	81816	2.0
JABSTU010005275.1	0	66373	1.0
JABSTU010005277.1	0	40830	3.0
JABSTU010005284.1	0	38429	2.0
JABSTU010005289.1	0	29363	2.0
JABSTU010005294.1	0	31394	4.0
JABSTU010005295.1	0	30615	2.0
JABSTU010005301.1	0	58848	2.0
JABSTU010005302.1	0	40487	1.0
JABSTU010005304.1	0	13659	1.0
JABSTU010005307.1	0	100000	1.0
JABSTU010005307.1	100000	123000	1.0
JABSTU010005311.1	0	60899	2.0
JABSTU010005312.1	0	13359	1.0
JABSTU010005313.1	0	46733	1.0
JABSTU010005315.1	0	69397	1.0
JABSTU010005317.1	0	56614	3.0
JABSTU010005321.1	0	28284	1.0
JABSTU010005325.1	0	4995	1.0
JABSTU010005329.1	0	16724	2.0
JABSTU010005330.1	100000	142524	1.0
JABSTU010005331.1	0	66447	1.0
JABSTU010005332.1	0	74852	2.0
JABSTU010005334.1	0	96486	2.0
JABSTU010005336.1	0	65251	1.0
JABSTU010005337.1	0	21928	1.0
JABSTU010005341.1	0	56099	2.0
JABSTU010005344.1	0	34549	1.0
JABSTU010005345.1	0	37234	1.0
JABSTU010005347.1	0	61658	3.0
JABSTU010005350.1	0	100000	1.0
JABSTU010005351.1	0	31934	2.0
JABSTU010005357.1	0	7110	1.0
JABSTU010005358.1	0	6086	1.0
JABSTU010005365.1	0	25744	1.0
JABSTU010005366.1	0	62976	2.0
JABSTU010005367.1	0	45948	1.0
JABSTU010005370.1	0	8618	2.0
JABSTU010005371.1	0	80432	7.0
JABSTU010005373.1	0	62278	4.0
JABSTU010005377.1	0	61619	2.0
JABSTU010005379.1	0	12195	1.0
JABSTU010005382.1	0	37382	1.0
JABSTU010005383.1	0	100000	1.0
JABSTU010005386.1	0	43260	2.0
JABSTU010005388.1	0	58146	1.0
JABSTU010005389.1	0	41852	1.0
JABSTU010005391.1	0	47955	1.0
JABSTU010005393.1	0	37826	1.0
JABSTU010005395.1	0	21425	1.0
JABSTU010005400.1	0	23096	1.0
JABSTU010005406.1	0	60532	2.0
JABSTU010005407.1	0	41921	1.0
JABSTU010005415.1	0	46735	2.0
JABSTU010005417.1	0	100000	4.0
JABSTU010005417.1	100000	117539	2.0
JABSTU010005422.1	0	58412	1.0
JABSTU010005423.1	0	50540	2.0
JABSTU010005427.1	0	47514	1.0
JABSTU010005432.1	0	100000	1.0
JABSTU010005432.1	100000	142241	1.0
JABSTU010005437.1	0	34875	1.0
JABSTU010005441.1	0	57119	1.0
JABSTU010005444.1	0	36605	1.0
JABSTU010005445.1	0	16869	1.0
JABSTU010005446.1	0	62605	3.0
JABSTU010005449.1	0	3668	1.0
JABSTU010005450.1	0	55698	3.0
JABSTU010005451.1	0	22166	2.0
JABSTU010005453.1	0	41114	1.0
JABSTU010005455.1	0	34145	2.0
JABSTU010005456.1	0	30878	1.0
JABSTU010005457.1	0	61198	2.0
JABSTU010005458.1	0	64306	2.0
JABSTU010005461.1	0	77679	6.0
JABSTU010005466.1	0	9554	1.0
JABSTU010005467.1	0	51446	1.0
JABSTU010005468.1	0	53950	2.0
JABSTU010005474.1	0	42474	2.0
JABSTU010005475.1	0	13753	1.0
JABSTU010005480.1	0	14614	1.0
JABSTU010005481.1	0	29841	3.0
JABSTU010005484.1	0	82170	1.0
JABSTU010005486.1	0	87290	1.0
JABSTU010005489.1	0	53902	3.0
JABSTU010005494.1	0	16309	1.0
JABSTU010005497.1	0	13341	1.0
JABSTU010005498.1	0	54922	1.0
JABSTU010005500.1	0	16394	1.0
JABSTU010005503.1	0	53676	1.0
JABSTU010005504.1	0	51953	1.0
JABSTU010005507.1	0	15415	1.0
JABSTU010005509.1	0	35803	1.0
JABSTU010005519.1	0	14589	1.0
JABSTU010005520.1	0	21759	1.0
JABSTU010005522.1	0	53741	5.0
JABSTU010005528.1	0	77885	2.0
JABSTU010005532.1	0	21456	1.0
JABSTU010005541.1	0	50874	5.0
JABSTU010005542.1	0	43262	1.0
JABSTU010005543.1	0	35060	2.0
JABSTU010005547.1	0	61562	3.0
JABSTU010005548.1	0	78397	4.0
JABSTU010005549.1	0	34899	1.0
JABSTU010005551.1	0	39109	1.0
JABSTU010005555.1	0	94923	2.0
JABSTU010005558.1	0	63920	1.0
JABSTU010005559.1	0	37840	3.0
JABSTU010005560.1	0	16356	1.0
JABSTU010005564.1	0	60259	1.0
JABSTU010005573.1	0	59316	1.0
JABSTU010005577.1	0	44752	1.0
JABSTU010005580.1	100000	112457	1.0
JABSTU010005583.1	0	51499	4.0
JABSTU010005586.1	0	61226	3.0
JABSTU010005587.1	0	40091	1.0
JABSTU010005592.1	0	35804	2.0
JABSTU010005596.1	0	17800	1.0
JABSTU010005597.1	0	60311	2.0
JABSTU010005600.1	0	35570	2.0
JABSTU010005603.1	0	58593	1.0
JABSTU010005604.1	0	53029	1.0
JABSTU010005611.1	0	43179	4.0
JABSTU010005612.1	100000	145534	1.0
JABSTU010005614.1	0	38759	1.0
JABSTU010005615.1	0	58832	1.0
JABSTU010005618.1	0	58741	1.0
JABSTU010005626.1	0	25777	1.0
JABSTU010005629.1	0	28585	1.0
JABSTU010005631.1	0	49566	3.0
JABSTU010005632.1	0	20848	2.0
JABSTU010005637.1	0	37722	1.0
JABSTU010005638.1	0	35221	1.0
JABSTU010005642.1	0	31057	1.0
JABSTU010005643.1	0	8555	1.0
JABSTU010005644.1	0	34927	1.0
JABSTU010005647.1	0	54648	2.0
JABSTU010005648.1	0	46286	1.0
JABSTU010005651.1	0	57191	2.0
JABSTU010005652.1	0	15731	1.0
JABSTU010005658.1	0	2509	1.0
JABSTU010005659.1	0	86374	1.0
JABSTU010005660.1	0	17929	1.0
JABSTU010005661.1	0	48388	2.0
JABSTU010005666.1	0	904	1.0
JABSTU010005667.1	0	63976	1.0
JABSTU010005668.1	0	43101	1.0
JABSTU010005670.1	0	50482	2.0
JABSTU010005673.1	0	68345	2.0
JABSTU010005677.1	0	28327	2.0
JABSTU010005679.1	0	54586	2.0
JABSTU010005682.1	0	83185	2.0
JABSTU010005683.1	0	36923	1.0
JABSTU010005685.1	0	31078	1.0
JABSTU010005688.1	0	55875	1.0
JABSTU010005689.1	0	39228	1.0
JABSTU010005690.1	0	29118	1.0
JABSTU010005691.1	0	40544	2.0
JABSTU010005692.1	0	23809	1.0
JABSTU010005699.1	0	22923	1.0
JABSTU010005702.1	0	20269	1.0
JABSTU010005704.1	0	51550	1.0
JABSTU010005705.1	0	50129	1.0
JABSTU010005711.1	0	66631	2.0
JABSTU010005713.1	0	11212	1.0
JABSTU010005714.1	0	46031	1.0
JABSTU010005716.1	0	34149	1.0
JABSTU010005720.1	0	20299	2.0
JABSTU010005722.1	0	25456	1.0
JABSTU010005726.1	0	50871	1.0
JABSTU010005727.1	0	39700	2.0
JABSTU010005731.1	0	24887	1.0
JABSTU010005732.1	0	26805	1.0
JABSTU010005734.1	0	41687	2.0
JABSTU010005736.1	0	54999	2.0
JABSTU010005737.1	0	23990	1.0
JABSTU010005739.1	0	41366	2.0
JABSTU010005741.1	0	16277	1.0
JABSTU010005742.1	0	51363	1.0
JABSTU010005743.1	0	39632	1.0
JABSTU010005746.1	0	11517	1.0
JABSTU010005754.1	0	16020	1.0
JABSTU010005756.1	0	18038	1.0
JABSTU010005760.1	0	21842	1.0
JABSTU010005761.1	0	50714	1.0
JABSTU010005769.1	0	56083	2.0
JABSTU010005770.1	0	41175	1.0
JABSTU010005771.1	100000	115073	2.0
JABSTU010005776.1	0	35649	1.0
JABSTU010005778.1	0	12217	1.0
JABSTU010005781.1	0	14843	1.0
JABSTU010005782.1	0	30015	3.0
JABSTU010005785.1	0	45059	2.0
JABSTU010005788.1	0	57067	2.0
JABSTU010005796.1	0	27060	1.0
JABSTU010005797.1	0	21998	2.0
JABSTU010005799.1	0	40197	1.0
JABSTU010005806.1	0	53107	1.0
JABSTU010005807.1	0	30244	1.0
JABSTU010005813.1	0	55447	2.0
JABSTU010005817.1	0	36099	1.0
JABSTU010005820.1	0	54554	3.0
JABSTU010005824.1	0	44904	1.0
JABSTU010005832.1	0	55528	1.0
JABSTU010005835.1	0	12948	1.0
JABSTU010005836.1	0	49630	2.0
JABSTU010005840.1	0	8082	1.0
JABSTU010005844.1	0	34990	1.0
JABSTU010005846.1	0	11512	1.0
JABSTU010005851.1	0	50612	1.0
JABSTU010005857.1	0	3540	1.0
JABSTU010005859.1	0	20475	1.0
JABSTU010005860.1	0	43019	1.0
JABSTU010005865.1	0	44720	2.0
JABSTU010005868.1	0	55848	1.0
JABSTU010005875.1	0	32191	1.0
JABSTU010005877.1	0	31880	1.0
JABSTU010005881.1	0	47246	3.0
JABSTU010005882.1	0	39336	2.0
JABSTU010005884.1	0	52366	4.0
JABSTU010005885.1	0	23382	1.0
JABSTU010005888.1	0	69105	2.0
JABSTU010005889.1	0	48883	2.0
JABSTU010005892.1	0	51917	1.0
JABSTU010005894.1	0	75318	4.0
JABSTU010005895.1	0	31299	1.0
JABSTU010005896.1	0	51448	1.0
JABSTU010005901.1	0	6148	1.0
JABSTU010005903.1	0	37813	1.0
JABSTU010005905.1	0	38170	2.0
JABSTU010005909.1	0	56276	1.0
JABSTU010005915.1	0	39687	1.0
JABSTU010005919.1	0	7899	1.0
JABSTU010005920.1	0	49571	2.0
JABSTU010005925.1	0	50338	1.0
JABSTU010005926.1	0	22006	1.0
JABSTU010005933.1	0	10215	1.0
JABSTU010005934.1	0	34505	1.0
JABSTU010005940.1	0	37680	1.0
JABSTU010005943.1	0	45194	2.0
JABSTU010005945.1	0	19969	1.0
JABSTU010005946.1	0	32934	1.0
JABSTU010005947.1	0	17449	2.0
JABSTU010005948.1	0	19259	2.0
JABSTU010005949.1	0	32378	1.0
JABSTU010005950.1	0	31781	1.0
JABSTU010005951.1	0	77453	1.0
JABSTU010005953.1	0	40901	2.0
JABSTU010005954.1	0	44681	1.0
JABSTU010005957.1	0	92364	2.0
JABSTU010005961.1	0	42753	2.0
JABSTU010005966.1	0	44959	2.0
JABSTU010005969.1	0	48182	1.0
JABSTU010005971.1	0	19323	1.0
JABSTU010005972.1	0	42239	1.0
JABSTU010005974.1	0	37867	1.0
JABSTU010005977.1	0	49890	2.0
JABSTU010005979.1	0	46434	2.0
JABSTU010005980.1	0	37618	1.0
JABSTU010005982.1	0	36360	1.0
JABSTU010005983.1	0	38183	1.0
JABSTU010005984.1	0	52068	1.0
JABSTU010005986.1	0	38876	1.0
JABSTU010005988.1	0	51448	1.0
JABSTU010005991.1	0	13568	1.0
JABSTU010005992.1	0	48291	2.0
JABSTU010005995.1	0	52992	3.0
JABSTU010005999.1	0	30609	1.0
JABSTU010006001.1	0	21725	1.0
JABSTU010006002.1	0	8172	2.0
JABSTU010006003.1	0	73997	1.0
JABSTU010006004.1	0	33205	2.0
JABSTU010006005.1	0	7263	1.0
JABSTU010006007.1	0	40241	2.0
JABSTU010006011.1	0	53361	2.0
JABSTU010006018.1	0	5389	2.0
JABSTU010006021.1	0	45983	4.0
JABSTU010006022.1	0	46498	2.0
JABSTU010006032.1	0	32835	1.0
JABSTU010006036.1	0	52032	1.0
JABSTU010006038.1	0	48044	2.0
JABSTU010006039.1	0	39978	2.0
JABSTU010006040.1	0	22822	1.0
JABSTU010006044.1	0	43021	1.0
JABSTU010006045.1	0	31517	1.0
JABSTU010006048.1	0	8628	1.0
JABSTU010006050.1	0	25293	1.0
JABSTU010006051.1	0	49890	1.0
JABSTU010006054.1	0	14562	2.0
JABSTU010006055.1	0	47513	3.0
JABSTU010006056.1	0	45040	1.0
JABSTU010006057.1	0	40347	1.0
JABSTU010006058.1	0	20393	3.0
JABSTU010006061.1	0	55536	1.0
JABSTU010006070.1	0	22020	1.0
JABSTU010006072.1	0	35486	1.0
JABSTU010006075.1	0	22260	1.0
JABSTU010006076.1	0	52069	1.0
JABSTU010006077.1	0	16602	1.0
JABSTU010006079.1	0	35737	1.0
JABSTU010006080.1	0	16629	1.0
JABSTU010006083.1	0	11192	1.0
JABSTU010006085.1	0	38704	1.0
JABSTU010006086.1	0	32243	1.0
JABSTU010006087.1	0	50437	1.0
JABSTU010006088.1	0	36864	1.0
JABSTU010006091.1	0	67954	1.0
JABSTU010006092.1	0	63387	1.0
JABSTU010006094.1	0	6137	1.0
JABSTU010006095.1	0	52986	3.0
JABSTU010006098.1	0	51240	3.0
JABSTU010006100.1	0	22114	1.0
JABSTU010006101.1	0	45041	4.0
JABSTU010006103.1	0	9837	1.0
JABSTU010006104.1	0	59206	1.0
JABSTU010006106.1	0	52722	2.0
JABSTU010006108.1	0	33491	2.0
JABSTU010006109.1	0	48937	2.0
JABSTU010006112.1	0	15710	2.0
JABSTU010006114.1	0	47354	2.0
JABSTU010006120.1	0	37478	1.0
JABSTU010006121.1	0	30377	1.0
JABSTU010006123.1	0	15683	1.0
JABSTU010006125.1	0	55214	1.0
JABSTU010006127.1	0	49035	2.0
JABSTU010006128.1	0	6505	2.0
JABSTU010006129.1	0	49736	2.0
JABSTU010006132.1	0	24115	1.0
JABSTU010006136.1	0	53049	2.0
JABSTU010006139.1	0	33815	1.0
JABSTU010006140.1	0	29880	1.0
JABSTU010006141.1	0	54927	4.0
JABSTU010006142.1	0	42289	1.0
JABSTU010006146.1	0	65281	5.0
JABSTU010006150.1	0	47027	2.0
JABSTU010006155.1	0	38899	1.0
JABSTU010006157.1	0	61178	1.0
JABSTU010006159.1	0	43153	3.0
JABSTU010006164.1	0	66772	1.0
JABSTU010006165.1	0	49616	1.0
JABSTU010006166.1	0	11282	1.0
JABSTU010006170.1	0	11101	1.0
JABSTU010006172.1	0	39747	2.0
JABSTU010006177.1	0	41894	1.0
JABSTU010006179.1	0	39208	1.0
JABSTU010006184.1	0	42583	3.0
JABSTU010006186.1	0	46879	1.0
JABSTU010006187.1	0	20800	1.0
JABSTU010006188.1	0	27171	1.0
JABSTU010006191.1	0	64829	2.0
JABSTU010006200.1	0	45750	1.0
JABSTU010006203.1	0	15560	2.0
JABSTU010006206.1	0	36150	2.0
JABSTU010006213.1	0	67870	1.0
JABSTU010006215.1	0	22044	2.0
JABSTU010006217.1	0	37186	1.0
JABSTU010006220.1	0	64640	2.0
JABSTU010006221.1	0	42924	1.0
JABSTU010006225.1	0	41060	2.0
JABSTU010006228.1	0	16028	1.0
JABSTU010006230.1	0	17313	1.0
JABSTU010006233.1	0	41402	3.0
JABSTU010006235.1	0	38574	3.0
JABSTU010006239.1	0	45212	1.0
JABSTU010006245.1	0	86482	4.0
JABSTU010006253.1	0	40970	2.0
JABSTU010006255.1	0	32029	1.0
JABSTU010006256.1	0	47695	1.0
JABSTU010006264.1	0	27843	1.0
JABSTU010006266.1	0	20980	1.0
JABSTU010006272.1	0	34148	1.0
JABSTU010006274.1	0	41915	3.0
JABSTU010006275.1	0	39881	1.0
JABSTU010006276.1	0	38878	1.0
JABSTU010006278.1	0	45471	1.0
JABSTU010006279.1	0	24079	1.0
JABSTU010006286.1	0	17166	1.0
JABSTU010006291.1	0	34862	1.0
JABSTU010006292.1	0	44164	2.0
JABSTU010006295.1	0	23255	1.0
JABSTU010006298.1	0	26130	1.0
JABSTU010006300.1	0	49389	2.0
JABSTU010006301.1	0	24473	2.0
JABSTU010006303.1	0	31549	2.0
JABSTU010006305.1	0	42969	6.0
JABSTU010006318.1	0	48009	1.0
JABSTU010006320.1	0	53276	1.0
JABSTU010006323.1	0	34342	4.0
JABSTU010006325.1	0	62440	1.0
JABSTU010006328.1	0	39436	3.0
JABSTU010006329.1	0	7265	1.0
JABSTU010006330.1	0	15089	1.0
JABSTU010006338.1	0	26747	2.0
JABSTU010006339.1	0	25065	1.0
JABSTU010006340.1	0	56261	1.0
JABSTU010006341.1	0	53303	3.0
JABSTU010006343.1	0	47298	1.0
JABSTU010006349.1	0	404	1.0
JABSTU010006350.1	0	14965	1.0
JABSTU010006355.1	0	42713	1.0
JABSTU010006358.1	0	38659	3.0
JABSTU010006361.1	0	60201	6.0
JABSTU010006365.1	0	32315	1.0
JABSTU010006366.1	0	49877	2.0
JABSTU010006368.1	0	1674	1.0
JABSTU010006370.1	0	39947	1.0
JABSTU010006382.1	0	4464	1.0
JABSTU010006383.1	0	30298	1.0
JABSTU010006385.1	0	21421	1.0
JABSTU010006387.1	0	26927	1.0
JABSTU010006390.1	0	26604	1.0
JABSTU010006394.1	0	21686	1.0
JABSTU010006400.1	0	38378	1.0
JABSTU010006401.1	0	36052	1.0
JABSTU010006405.1	0	10792	2.0
JABSTU010006406.1	0	17212	1.0
JABSTU010006410.1	0	48585	1.0
JABSTU010006419.1	0	35335	3.0
JABSTU010006420.1	0	17669	1.0
JABSTU010006422.1	0	26356	2.0
JABSTU010006426.1	0	40793	1.0
JABSTU010006435.1	0	57779	1.0
JABSTU010006442.1	0	20916	1.0
JABSTU010006443.1	0	53895	1.0
JABSTU010006445.1	0	20949	1.0
JABSTU010006453.1	0	11539	1.0
JABSTU010006454.1	0	24788	2.0
JABSTU010006456.1	0	27208	1.0
JABSTU010006457.1	0	41866	2.0
JABSTU010006458.1	0	22409	1.0
JABSTU010006460.1	0	38655	1.0
JABSTU010006462.1	0	41751	2.0
JABSTU010006463.1	0	57467	2.0
JABSTU010006465.1	0	42746	1.0
JABSTU010006466.1	0	36006	1.0
JABSTU010006467.1	0	26519	1.0
JABSTU010006468.1	0	32293	3.0
JABSTU010006469.1	0	35656	1.0
JABSTU010006470.1	0	10693	1.0
JABSTU010006471.1	0	22410	2.0
JABSTU010006473.1	0	35189	2.0
JABSTU010006475.1	0	12908	1.0
JABSTU010006476.1	0	40599	3.0
JABSTU010006480.1	0	21836	3.0
JABSTU010006481.1	0	40956	3.0
JABSTU010006485.1	0	38363	1.0
JABSTU010006486.1	0	47099	1.0
JABSTU010006488.1	0	66999	6.0
JABSTU010006489.1	0	49775	1.0
JABSTU010006498.1	0	34183	1.0
JABSTU010006499.1	0	25813	2.0
JABSTU010006507.1	0	44860	1.0
JABSTU010006509.1	0	40001	2.0
JABSTU010006510.1	0	13819	2.0
JABSTU010006512.1	0	43503	5.0
JABSTU010006517.1	0	19333	2.0
JABSTU010006518.1	0	6264	1.0
JABSTU010006521.1	0	22400	1.0
JABSTU010006527.1	0	22407	1.0
JABSTU010006533.1	0	21048	1.0
JABSTU010006538.1	0	13242	1.0
JABSTU010006543.1	0	10005	1.0
JABSTU010006545.1	0	27195	2.0
JABSTU010006548.1	0	41223	1.0
JABSTU010006550.1	0	35191	3.0
JABSTU010006551.1	0	35620	1.0
JABSTU010006552.1	0	7128	1.0
JABSTU010006559.1	0	32096	1.0
JABSTU010006560.1	0	45446	1.0
JABSTU010006568.1	0	23132	1.0
JABSTU010006569.1	0	50705	2.0
JABSTU010006578.1	0	35457	1.0
JABSTU010006582.1	0	20197	1.0
JABSTU010006583.1	0	48070	2.0
JABSTU010006584.1	0	33116	1.0
JABSTU010006586.1	0	10847	1.0
JABSTU010006589.1	0	44716	1.0
JABSTU010006591.1	0	40788	2.0
JABSTU010006594.1	0	31604	1.0
JABSTU010006595.1	0	39748	1.0
JABSTU010006596.1	0	42455	1.0
JABSTU010006597.1	0	39912	1.0
JABSTU010006606.1	0	36623	1.0
JABSTU010006608.1	0	43524	5.0
JABSTU010006609.1	0	41847	1.0
JABSTU010006611.1	0	36697	2.0
JABSTU010006612.1	0	36573	1.0
JABSTU010006613.1	0	35909	1.0
JABSTU010006614.1	0	8989	1.0
JABSTU010006617.1	0	41835	1.0
JABSTU010006632.1	0	39869	1.0
JABSTU010006636.1	0	17989	2.0
JABSTU010006638.1	0	39065	1.0
JABSTU010006639.1	0	30489	1.0
JABSTU010006640.1	0	24956	1.0
JABSTU010006649.1	0	20752	4.0
JABSTU010006650.1	0	42352	1.0
JABSTU010006651.1	0	33110	2.0
JABSTU010006657.1	0	13377	2.0
JABSTU010006658.1	0	12120	1.0
JABSTU010006660.1	0	18924	1.0
JABSTU010006665.1	0	46121	1.0
JABSTU010006666.1	0	25624	1.0
JABSTU010006671.1	0	20965	2.0
JABSTU010006677.1	0	22477	2.0
JABSTU010006680.1	0	53161	1.0
JABSTU010006683.1	0	34727	1.0
JABSTU010006691.1	0	47649	1.0
JABSTU010006694.1	0	39022	3.0
JABSTU010006697.1	0	46526	1.0
JABSTU010006705.1	0	29394	1.0
JABSTU010006707.1	0	45457	2.0
JABSTU010006709.1	0	25636	1.0
JABSTU010006710.1	0	36637	1.0
JABSTU010006715.1	0	42925	1.0
JABSTU010006716.1	0	29389	1.0
JABSTU010006721.1	0	30619	1.0
JABSTU010006724.1	0	35687	2.0
JABSTU010006730.1	0	28518	2.0
JABSTU010006734.1	0	21513	2.0
JABSTU010006738.1	0	15137	1.0
JABSTU010006739.1	0	40831	1.0
JABSTU010006740.1	0	33553	1.0
JABSTU010006746.1	0	100000	1.0
JABSTU010006746.1	100000	200000	2.0
JABSTU010006746.1	200000	300000	1.0
JABSTU010006746.1	300000	320963	1.0
JABSTU010006747.1	0	27874	2.0
JABSTU010006750.1	0	100000	1.0
JABSTU010006750.1	100000	200000	1.0
JABSTU010006750.1	300000	400000	1.0
JABSTU010006750.1	400000	500000	3.0
JABSTU010006750.1	500000	600000	2.0
JABSTU010006750.1	600000	700000	3.0
JABSTU010006753.1	0	23666	1.0
JABSTU010006754.1	0	25473	1.0
JABSTU010006756.1	0	100000	4.0
JABSTU010006756.1	100000	200000	4.0
JABSTU010006756.1	300000	400000	2.0
JABSTU010006756.1	400000	500000	2.0
JABSTU010006756.1	500000	577635	2.0
JABSTU010006757.1	0	23741	1.0
JABSTU010006761.1	0	30990	1.0
JABSTU010006766.1	0	6689	1.0
JABSTU010006775.1	0	17191	1.0
JABSTU010006776.1	0	100000	1.0
JABSTU010006776.1	100000	200000	2.0
JABSTU010006776.1	200000	300000	1.0
JABSTU010006776.1	400000	424474	1.0
JABSTU010006783.1	0	23433	1.0
JABSTU010006786.1	0	100000	1.0
JABSTU010006786.1	100000	200000	2.0
JABSTU010006786.1	200000	300000	1.0
JABSTU010006786.1	300000	400000	1.0
JABSTU010006786.1	600000	700000	1.0
JABSTU010006786.1	700000	800000	2.0
JABSTU010006786.1	800000	900000	1.0
JABSTU010006786.1	1000000	1074806	3.0
JABSTU010006788.1	0	59685	1.0
JABSTU010006792.1	0	26406	1.0
JABSTU010006793.1	0	16526	3.0
JABSTU010006797.1	0	34915	1.0
JABSTU010006805.1	100000	200000	1.0
JABSTU010006805.1	200000	300000	1.0
JABSTU010006805.1	300000	400000	1.0
JABSTU010006805.1	500000	600000	2.0
JABSTU010006805.1	600000	700000	3.0
JABSTU010006805.1	700000	800000	2.0
JABSTU010006805.1	900000	1000000	2.0
JABSTU010006805.1	1000000	1100000	2.0
JABSTU010006805.1	1100000	1200000	2.0
JABSTU010006805.1	1200000	1300000	2.0
JABSTU010006805.1	1300000	1400000	1.0
JABSTU010006805.1	1400000	1500000	1.0
JABSTU010006805.1	1500000	1600000	3.0
JABSTU010006805.1	1600000	1700000	1.0
JABSTU010006805.1	1700000	1800000	3.0
JABSTU010006805.1	1800000	1900000	3.0
JABSTU010006805.1	1900000	2000000	2.0
JABSTU010006805.1	2000000	2100000	2.0
JABSTU010006805.1	2100000	2200000	2.0
JABSTU010006805.1	2200000	2300000	1.0
JABSTU010006805.1	2300000	2400000	3.0
JABSTU010006805.1	2400000	2500000	2.0
JABSTU010006805.1	2500000	2600000	2.0
JABSTU010006805.1	2600000	2616008	2.0
JABSTU010006808.1	0	27192	1.0
JABSTU010006811.1	0	100000	1.0
JABSTU010006811.1	100000	200000	1.0
JABSTU010006811.1	500000	600000	1.0
JABSTU010006811.1	600000	700000	4.0
JABSTU010006811.1	700000	800000	1.0
JABSTU010006811.1	900000	1000000	3.0
JABSTU010006811.1	1100000	1200000	2.0
JABSTU010006811.1	1300000	1400000	1.0
JABSTU010006811.1	1400000	1500000	2.0
JABSTU010006811.1	1500000	1600000	2.0
JABSTU010006811.1	1700000	1800000	1.0
JABSTU010006811.1	2000000	2100000	1.0
JABSTU010006811.1	2100000	2200000	2.0
JABSTU010006811.1	2300000	2400000	1.0
JABSTU010006811.1	2400000	2500000	2.0
JABSTU010006811.1	2500000	2600000	3.0
JABSTU010006811.1	2600000	2700000	2.0
JABSTU010006811.1	2700000	2800000	2.0
JABSTU010006811.1	2800000	2900000	1.0
JABSTU010006811.1	3000000	3100000	2.0
JABSTU010006811.1	3100000	3200000	3.0
JABSTU010006811.1	3200000	3264326	2.0
JABSTU010006816.1	0	24374	1.0
JABSTU010006822.1	0	100000	1.0
JABSTU010006822.1	200000	239890	1.0
JABSTU010006824.1	0	31012	1.0
JABSTU010006827.1	0	100000	1.0
JABSTU010006827.1	200000	300000	1.0
JABSTU010006827.1	1300000	1400000	3.0
JABSTU010006827.1	1400000	1500000	4.0
JABSTU010006827.1	1500000	1600000	3.0
JABSTU010006827.1	1600000	1700000	1.0
JABSTU010006827.1	1700000	1800000	1.0
JABSTU010006827.1	1800000	1900000	1.0
JABSTU010006827.1	1900000	2000000	1.0
JABSTU010006827.1	2100000	2200000	1.0
JABSTU010006827.1	2300000	2400000	2.0
JABSTU010006827.1	2400000	2500000	3.0
JABSTU010006827.1	2500000	2531762	2.0
JABSTU010006834.1	0	12731	1.0
JABSTU010006836.1	0	100000	3.0
JABSTU010006836.1	100000	200000	1.0
JABSTU010006836.1	200000	300000	2.0
JABSTU010006836.1	400000	500000	1.0
JABSTU010006836.1	500000	600000	1.0
JABSTU010006836.1	600000	700000	5.0
JABSTU010006836.1	700000	800000	3.0
JABSTU010006836.1	900000	1000000	2.0
JABSTU010006836.1	1000000	1100000	1.0
JABSTU010006836.1	1300000	1400000	1.0
JABSTU010006836.1	2400000	2500000	1.0
JABSTU010006836.1	2700000	2800000	1.0
JABSTU010006836.1	2900000	3000000	1.0
JABSTU010006836.1	3100000	3200000	1.0
JABSTU010006836.1	3300000	3400000	1.0
JABSTU010006836.1	3400000	3500000	1.0
JABSTU010006836.1	3500000	3600000	2.0
JABSTU010006836.1	3600000	3700000	2.0
JABSTU010006836.1	3700000	3800000	2.0
JABSTU010006836.1	3800000	3900000	1.0
JABSTU010006836.1	3900000	4000000	2.0
JABSTU010006836.1	4000000	4100000	4.0
JABSTU010006836.1	4100000	4200000	1.0
JABSTU010006836.1	4200000	4300000	2.0
JABSTU010006836.1	4400000	4500000	1.0
JABSTU010006836.1	4600000	4700000	2.0
JABSTU010006836.1	4900000	5000000	1.0
JABSTU010006836.1	5000000	5100000	1.0
JABSTU010006836.1	5300000	5400000	1.0
JABSTU010006836.1	5400000	5500000	1.0
JABSTU010006836.1	5500000	5600000	1.0
JABSTU010006836.1	5600000	5700000	1.0
JABSTU010006836.1	5700000	5800000	1.0
JABSTU010006836.1	5900000	6000000	2.0
JABSTU010006836.1	6100000	6200000	2.0
JABSTU010006836.1	6200000	6300000	1.0
JABSTU010006836.1	6800000	6900000	1.0
JABSTU010006836.1	6900000	7000000	1.0
JABSTU010006836.1	7000000	7100000	1.0
JABSTU010006836.1	7100000	7200000	1.0
JABSTU010006836.1	7200000	7300000	1.0
JABSTU010006836.1	7300000	7400000	1.0
JABSTU010006836.1	7500000	7600000	1.0
JABSTU010006836.1	7700000	7800000	2.0
JABSTU010006836.1	7800000	7900000	1.0
JABSTU010006836.1	8500000	8600000	1.0
JABSTU010006836.1	9100000	9200000	1.0
JABSTU010006836.1	9200000	9300000	1.0
JABSTU010006836.1	9300000	9400000	2.0
JABSTU010006836.1	9500000	9560545	2.0
JABSTU010006838.1	100000	200000	1.0
JABSTU010006838.1	300000	400000	1.0
JABSTU010006838.1	500000	600000	1.0
JABSTU010006838.1	600000	700000	1.0
JABSTU010006838.1	700000	800000	3.0
JABSTU010006838.1	1000000	1100000	1.0
JABSTU010006838.1	1200000	1268745	2.0
JABSTU010006839.1	0	40201	1.0
JABSTU010006840.1	0	34541	1.0
JABSTU010006842.1	0	39027	3.0
JABSTU010006843.1	0	100000	1.0
JABSTU010006843.1	100000	200000	1.0
JABSTU010006843.1	400000	500000	1.0
JABSTU010006843.1	500000	600000	2.0
JABSTU010006843.1	600000	700000	1.0
JABSTU010006843.1	800000	900000	1.0
JABSTU010006843.1	900000	1000000	3.0
JABSTU010006845.1	0	17578	1.0
JABSTU010006849.1	0	19435	1.0
JABSTU010006850.1	0	31481	1.0
JABSTU010006851.1	0	100000	1.0
JABSTU010006851.1	600000	699218	2.0
JABSTU010006852.1	0	31452	1.0
JABSTU010006855.1	100000	200000	2.0
JABSTU010006855.1	200000	300000	3.0
JABSTU010006855.1	300000	400000	4.0
JABSTU010006855.1	500000	600000	1.0
JABSTU010006855.1	700000	800000	2.0
JABSTU010006855.1	800000	900000	1.0
JABSTU010006855.1	900000	1000000	1.0
JABSTU010006855.1	1200000	1300000	3.0
JABSTU010006855.1	1400000	1500000	1.0
JABSTU010006855.1	1500000	1600000	4.0
JABSTU010006855.1	1600000	1700000	1.0
JABSTU010006855.1	1700000	1800000	2.0
JABSTU010006855.1	1800000	1900000	1.0
JABSTU010006855.1	2400000	2500000	1.0
JABSTU010006855.1	2600000	2700000	1.0
JABSTU010006855.1	2800000	2900000	3.0
JABSTU010006855.1	3000000	3100000	1.0
JABSTU010006855.1	3100000	3200000	2.0
JABSTU010006855.1	3600000	3700000	1.0
JABSTU010006855.1	3800000	3900000	1.0
JABSTU010006855.1	4100000	4200000	1.0
JABSTU010006855.1	4200000	4300000	1.0
JABSTU010006855.1	4300000	4400000	1.0
JABSTU010006855.1	4400000	4500000	1.0
JABSTU010006855.1	4500000	4600000	1.0
JABSTU010006855.1	4600000	4700000	1.0
JABSTU010006855.1	4700000	4800000	2.0
JABSTU010006855.1	4900000	5000000	1.0
JABSTU010006855.1	5000000	5100000	1.0
JABSTU010006855.1	5100000	5200000	1.0
JABSTU010006855.1	5200000	5300000	4.0
JABSTU010006855.1	5300000	5382201	2.0
JABSTU010006858.1	100000	200000	3.0
JABSTU010006858.1	200000	300000	1.0
JABSTU010006858.1	300000	400000	1.0
JABSTU010006858.1	400000	500000	1.0
JABSTU010006858.1	500000	600000	2.0
JABSTU010006858.1	600000	700000	4.0
JABSTU010006858.1	700000	719674	1.0
JABSTU010006861.1	0	100000	5.0
JABSTU010006861.1	100000	200000	3.0
JABSTU010006861.1	200000	300000	1.0
JABSTU010006861.1	300000	400000	1.0
JABSTU010006861.1	600000	700000	4.0
JABSTU010006862.1	0	12298	1.0
JABSTU010006871.1	500000	600000	1.0
JABSTU010006871.1	600000	700000	1.0
JABSTU010006871.1	900000	1000000	1.0
JABSTU010006871.1	1100000	1200000	1.0
JABSTU010006871.1	1800000	1900000	1.0
JABSTU010006871.1	1900000	2000000	2.0
JABSTU010006871.1	2000000	2100000	1.0
JABSTU010006871.1	2300000	2400000	1.0
JABSTU010006871.1	2400000	2500000	1.0
JABSTU010006871.1	2500000	2600000	2.0
JABSTU010006871.1	2700000	2788064	2.0
JABSTU010006872.1	0	100000	3.0
JABSTU010006872.1	300000	400000	2.0
JABSTU010006872.1	400000	500000	3.0
JABSTU010006872.1	500000	600000	2.0
JABSTU010006872.1	700000	800000	2.0
JABSTU010006872.1	800000	900000	2.0
JABSTU010006872.1	1100000	1200000	2.0
JABSTU010006872.1	1200000	1300000	1.0
JABSTU010006872.1	1400000	1500000	2.0
JABSTU010006872.1	1500000	1600000	2.0
JABSTU010006872.1	1800000	1900000	4.0
JABSTU010006872.1	1900000	2000000	2.0
JABSTU010006872.1	2000000	2100000	1.0
JABSTU010006872.1	2100000	2200000	5.0
JABSTU010006872.1	2200000	2300000	1.0
JABSTU010006872.1	2300000	2400000	1.0
JABSTU010006872.1	2400000	2500000	2.0
JABSTU010006872.1	2600000	2700000	2.0
JABSTU010006872.1	2700000	2800000	2.0
JABSTU010006872.1	2800000	2900000	2.0
JABSTU010006872.1	2900000	3000000	1.0
JABSTU010006872.1	3000000	3100000	2.0
JABSTU010006872.1	3200000	3300000	3.0
JABSTU010006872.1	3400000	3500000	2.0
JABSTU010006872.1	3800000	3900000	2.0
JABSTU010006872.1	4000000	4100000	1.0
JABSTU010006872.1	4100000	4200000	1.0
JABSTU010006872.1	4200000	4300000	1.0
JABSTU010006872.1	4600000	4700000	3.0
JABSTU010006872.1	5100000	5200000	1.0
JABSTU010006872.1	5300000	5400000	1.0
JABSTU010006872.1	5400000	5500000	1.0
JABSTU010006872.1	5500000	5600000	1.0
JABSTU010006872.1	5600000	5700000	1.0
JABSTU010006872.1	5700000	5800000	1.0
JABSTU010006872.1	5800000	5900000	2.0
JABSTU010006872.1	5900000	5961027	3.0
JABSTU010006874.1	0	35365	1.0
JABSTU010006875.1	200000	300000	2.0
JABSTU010006875.1	300000	400000	1.0
JABSTU010006875.1	400000	500000	1.0
JABSTU010006875.1	500000	504610	1.0
JABSTU010006877.1	0	28873	2.0
JABSTU010006880.1	0	27477	1.0
JABSTU010006887.1	100000	200000	2.0
JABSTU010006887.1	200000	300000	5.0
JABSTU010006887.1	400000	500000	4.0
JABSTU010006887.1	500000	600000	1.0
JABSTU010006887.1	600000	700000	5.0
JABSTU010006887.1	700000	711850	1.0
JABSTU010006888.1	0	11184	1.0
JABSTU010006892.1	0	33352	1.0
JABSTU010006895.1	0	32283	2.0
JABSTU010006897.1	0	14089	1.0
JABSTU010006900.1	0	29116	1.0
JABSTU010006908.1	0	22541	1.0
JABSTU010006911.1	0	21163	1.0
JABSTU010006913.1	0	34723	3.0
JABSTU010006914.1	0	24376	1.0
JABSTU010006915.1	0	13841	1.0
JABSTU010006936.1	0	34883	2.0
JABSTU010006938.1	0	42084	2.0
JABSTU010006941.1	0	27566	1.0
JABSTU010006942.1	0	34161	2.0
JABSTU010006946.1	0	37647	1.0
JABSTU010006949.1	0	13093	1.0
JABSTU010006950.1	0	59148	3.0
JABSTU010006955.1	0	9300	1.0
JABSTU010006956.1	0	38080	1.0
JABSTU010006963.1	0	35507	1.0
JABSTU010006966.1	0	40185	2.0
JABSTU010006967.1	0	25521	1.0
JABSTU010006969.1	0	38139	3.0
JABSTU010006979.1	0	33424	1.0
JABSTU010006981.1	0	23107	1.0
JABSTU010006983.1	0	40119	2.0
JABSTU010006998.1	0	42675	1.0
JABSTU010007000.1	0	27026	1.0
JABSTU010007001.1	0	43694	2.0
JABSTU010007002.1	0	10815	1.0
JABSTU010007004.1	0	24001	1.0
JABSTU010007005.1	0	28484	2.0
JABSTU010007006.1	0	23541	1.0
JABSTU010007012.1	0	18705	1.0
JABSTU010007013.1	0	10872	1.0
JABSTU010007016.1	0	19048	1.0
JABSTU010007023.1	0	33132	1.0
JABSTU010007026.1	0	10788	2.0
JABSTU010007027.1	0	19010	1.0
JABSTU010007028.1	0	23034	2.0
JABSTU010007030.1	0	37587	1.0
JABSTU010007034.1	0	29230	1.0
JABSTU010007037.1	0	7490	1.0
JABSTU010007040.1	0	6907	1.0
JABSTU010007044.1	0	17021	1.0
JABSTU010007045.1	0	33691	2.0
JABSTU010007046.1	0	25428	1.0
CM023492.1	0	14433	13.0
