NW_019211454.1	0	100000	2.0
NW_019211454.1	100000	200000	4.0
NW_019211454.1	200000	300000	5.0
NW_019211454.1	300000	400000	4.0
NW_019211454.1	400000	500000	3.0
NW_019211454.1	500000	600000	1.0
NW_019211454.1	600000	700000	2.0
NW_019211454.1	700000	800000	3.0
NW_019211454.1	900000	1000000	1.0
NW_019211454.1	1100000	1200000	3.0
NW_019211454.1	1200000	1300000	2.0
NW_019211454.1	1500000	1600000	1.0
NW_019211454.1	1700000	1800000	2.0
NW_019211454.1	1800000	1900000	3.0
NW_019211454.1	1900000	2000000	7.0
NW_019211454.1	2000000	2100000	4.0
NW_019211454.1	2100000	2200000	1.0
NW_019211454.1	2200000	2300000	1.0
NW_019211454.1	2300000	2400000	2.0
NW_019211454.1	2400000	2500000	3.0
NW_019211454.1	2500000	2600000	3.0
NW_019211454.1	2600000	2700000	6.0
NW_019211454.1	2700000	2800000	7.0
NW_019211454.1	2800000	2900000	1.0
NW_019211454.1	2900000	3000000	1.0
NW_019211454.1	3000000	3100000	3.0
NW_019211454.1	3200000	3300000	4.0
NW_019211454.1	3300000	3400000	5.0
NW_019211454.1	3400000	3500000	3.0
NW_019211454.1	3500000	3600000	2.0
NW_019211454.1	3600000	3700000	4.0
NW_019211454.1	3700000	3800000	3.0
NW_019211454.1	3900000	4000000	2.0
NW_019211454.1	4000000	4100000	8.0
NW_019211454.1	4100000	4200000	2.0
NW_019211454.1	4300000	4400000	1.0
NW_019211454.1	4400000	4500000	2.0
NW_019211454.1	4500000	4600000	2.0
NW_019211454.1	4600000	4700000	5.0
NW_019211454.1	4700000	4800000	3.0
NW_019211454.1	4800000	4900000	5.0
NW_019211454.1	4900000	5000000	2.0
NW_019211454.1	5000000	5100000	3.0
NW_019211454.1	5100000	5200000	3.0
NW_019211454.1	5300000	5400000	1.0
NW_019211454.1	5400000	5500000	6.0
NW_019211454.1	5700000	5800000	2.0
NW_019211454.1	6200000	6300000	1.0
NW_019211454.1	6300000	6400000	2.0
NW_019211454.1	6400000	6500000	2.0
NW_019211454.1	6800000	6900000	1.0
NW_019211454.1	6900000	7000000	1.0
NW_019211454.1	7100000	7200000	1.0
NW_019211454.1	7300000	7400000	2.0
NW_019211454.1	7400000	7500000	3.0
NW_019211454.1	7500000	7600000	6.0
NW_019211454.1	7600000	7700000	2.0
NW_019211454.1	7800000	7900000	4.0
NW_019211454.1	7900000	8000000	8.0
NW_019211454.1	8000000	8100000	1.0
NW_019211454.1	8100000	8200000	1.0
NW_019211454.1	8200000	8300000	1.0
NW_019211454.1	8300000	8400000	2.0
NW_019211454.1	8400000	8500000	3.0
NW_019211454.1	8500000	8600000	1.0
NW_019211454.1	8700000	8800000	3.0
NW_019211454.1	8800000	8900000	2.0
NW_019211454.1	8900000	9000000	6.0
NW_019211454.1	9000000	9100000	4.0
NW_019211454.1	9100000	9200000	1.0
NW_019211454.1	9200000	9300000	3.0
NW_019211454.1	9300000	9400000	6.0
NW_019211454.1	9400000	9500000	3.0
NW_019211454.1	9500000	9600000	1.0
NW_019211454.1	9600000	9700000	2.0
NW_019211454.1	9700000	9800000	12.0
NW_019211454.1	9800000	9900000	8.0
NW_019211454.1	9900000	10000000	2.0
NW_019211454.1	10000000	10100000	2.0
NW_019211454.1	10100000	10200000	5.0
NW_019211454.1	10200000	10300000	3.0
NW_019211454.1	10300000	10400000	5.0
NW_019211454.1	10400000	10500000	8.0
NW_019211454.1	10500000	10600000	3.0
NW_019211454.1	10600000	10700000	8.0
NW_019211454.1	10700000	10800000	4.0
NW_019211454.1	10800000	10900000	2.0
NW_019211454.1	10900000	11000000	2.0
NW_019211454.1	11000000	11100000	5.0
NW_019211454.1	11100000	11200000	3.0
NW_019211454.1	11200000	11300000	1.0
NW_019211454.1	11300000	11400000	4.0
NW_019211454.1	11400000	11500000	2.0
NW_019211454.1	11500000	11600000	1.0
NW_019211454.1	11600000	11700000	1.0
NW_019211454.1	11700000	11800000	1.0
NW_019211454.1	11800000	11900000	2.0
NW_019211454.1	11900000	12000000	1.0
NW_019211454.1	12100000	12200000	1.0
NW_019211454.1	12400000	12500000	9.0
NW_019211454.1	12500000	12600000	6.0
NW_019211454.1	12700000	12800000	1.0
NW_019211454.1	12900000	13000000	1.0
NW_019211454.1	13000000	13100000	1.0
NW_019211454.1	13100000	13200000	5.0
NW_019211454.1	13200000	13300000	4.0
NW_019211454.1	13300000	13400000	3.0
NW_019211454.1	13400000	13500000	1.0
NW_019211454.1	13500000	13600000	1.0
NW_019211454.1	13600000	13700000	2.0
NW_019211454.1	13700000	13800000	2.0
NW_019211454.1	13800000	13900000	4.0
NW_019211454.1	13900000	14000000	2.0
NW_019211454.1	14000000	14100000	10.0
NW_019211454.1	14100000	14200000	2.0
NW_019211454.1	14200000	14300000	12.0
NW_019211454.1	14300000	14400000	2.0
NW_019211454.1	14400000	14500000	2.0
NW_019211454.1	14500000	14600000	2.0
NW_019211454.1	14700000	14800000	2.0
NW_019211454.1	14800000	14900000	10.0
NW_019211454.1	14900000	15000000	2.0
NW_019211454.1	15000000	15100000	5.0
NW_019211454.1	15100000	15200000	4.0
NW_019211454.1	15200000	15300000	1.0
NW_019211454.1	15300000	15400000	11.0
NW_019211454.1	15400000	15500000	4.0
NW_019211454.1	15500000	15600000	3.0
NW_019211454.1	15600000	15700000	3.0
NW_019211454.1	15800000	15900000	2.0
NW_019211454.1	16000000	16100000	1.0
NW_019211454.1	16100000	16200000	2.0
NW_019211454.1	16200000	16300000	2.0
NW_019211454.1	16500000	16600000	1.0
NW_019211454.1	16600000	16700000	1.0
NW_019211454.1	16800000	16900000	1.0
NW_019211454.1	16900000	17000000	9.0
NW_019211454.1	17000000	17100000	1.0
NW_019211454.1	17100000	17200000	5.0
NW_019211454.1	17200000	17300000	1.0
NW_019211454.1	17300000	17400000	6.0
NW_019211454.1	17400000	17500000	3.0
NW_019211454.1	17500000	17600000	1.0
NW_019211454.1	17600000	17700000	1.0
NW_019211454.1	17700000	17800000	6.0
NW_019211454.1	17800000	17900000	7.0
NW_019211454.1	17900000	18000000	4.0
NW_019211454.1	18000000	18100000	1.0
NW_019211454.1	18200000	18300000	3.0
NW_019211454.1	18300000	18400000	8.0
NW_019211454.1	18400000	18500000	8.0
NW_019211454.1	18500000	18600000	4.0
NW_019211454.1	18600000	18700000	2.0
NW_019211454.1	18700000	18800000	2.0
NW_019211454.1	18800000	18900000	5.0
NW_019211454.1	18900000	19000000	3.0
NW_019211454.1	19200000	19300000	1.0
NW_019211454.1	19300000	19400000	1.0
NW_019211454.1	19600000	19700000	1.0
NW_019211454.1	19800000	19900000	4.0
NW_019211454.1	19900000	20000000	5.0
NW_019211454.1	20000000	20100000	3.0
NW_019211454.1	20100000	20200000	4.0
NW_019211454.1	20200000	20300000	1.0
NW_019211454.1	20300000	20400000	1.0
NW_019211454.1	20400000	20500000	2.0
NW_019211454.1	20500000	20600000	4.0
NW_019211454.1	20600000	20700000	2.0
NW_019211454.1	20700000	20800000	2.0
NW_019211454.1	20800000	20900000	3.0
NW_019211454.1	20900000	21000000	3.0
NW_019211454.1	21000000	21100000	3.0
NW_019211454.1	21100000	21200000	4.0
NW_019211454.1	21200000	21300000	3.0
NW_019211454.1	21300000	21400000	2.0
NW_019211454.1	21400000	21500000	4.0
NW_019211454.1	21500000	21600000	6.0
NW_019211454.1	21600000	21700000	5.0
NW_019211454.1	21700000	21800000	4.0
NW_019211454.1	21900000	22000000	7.0
NW_019211454.1	21800000	21900000	8.0
NW_019211454.1	22000000	22100000	4.0
NW_019211454.1	22100000	22200000	3.0
NW_019211454.1	22200000	22300000	4.0
NW_019211454.1	22300000	22400000	1.0
NW_019211454.1	22400000	22500000	2.0
NW_019211454.1	22500000	22600000	2.0
NW_019211454.1	22600000	22700000	3.0
NW_019211454.1	22700000	22800000	7.0
NW_019211454.1	23300000	23400000	3.0
NW_019211454.1	23400000	23500000	3.0
NW_019211454.1	23500000	23600000	1.0
NW_019211454.1	23600000	23700000	4.0
NW_019211454.1	23700000	23800000	1.0
NW_019211454.1	23900000	24000000	4.0
NW_019211454.1	24000000	24100000	1.0
NW_019211454.1	24200000	24300000	1.0
NW_019211454.1	24500000	24600000	1.0
NW_019211454.1	24600000	24700000	1.0
NW_019211454.1	24700000	24800000	2.0
NW_019211454.1	24800000	24900000	1.0
NW_019211454.1	24900000	25000000	1.0
NW_019211454.1	25000000	25100000	5.0
NW_019211454.1	25100000	25200000	2.0
NW_019211454.1	25200000	25300000	1.0
NW_019211454.1	25300000	25400000	2.0
NW_019211454.1	25400000	25500000	1.0
NW_019211454.1	25500000	25600000	2.0
NW_019211454.1	25600000	25700000	2.0
NW_019211454.1	25700000	25800000	3.0
NW_019211454.1	25900000	26000000	9.0
NW_019211454.1	26000000	26100000	3.0
NW_019211454.1	26100000	26200000	3.0
NW_019211454.1	26200000	26300000	1.0
NW_019211454.1	26300000	26400000	3.0
NW_019211454.1	26400000	26500000	3.0
NW_019211454.1	26500000	26600000	5.0
NW_019211454.1	26600000	26700000	2.0
NW_019211454.1	26700000	26800000	2.0
NW_019211454.1	26800000	26900000	1.0
NW_019211454.1	26900000	27000000	2.0
NW_019211454.1	27000000	27100000	1.0
NW_019211454.1	27100000	27200000	5.0
NW_019211454.1	27500000	27600000	1.0
NW_019211454.1	27600000	27700000	2.0
NW_019211454.1	27700000	27800000	3.0
NW_019211454.1	27800000	27900000	4.0
NW_019211454.1	27900000	28000000	2.0
NW_019211454.1	28000000	28100000	3.0
NW_019211454.1	28100000	28200000	5.0
NW_019211454.1	28200000	28300000	1.0
NW_019211454.1	28400000	28500000	1.0
NW_019211454.1	28900000	29000000	1.0
NW_019211454.1	29000000	29100000	1.0
NW_019211454.1	29100000	29200000	2.0
NW_019211454.1	29200000	29300000	5.0
NW_019211454.1	29300000	29400000	2.0
NW_019211454.1	29400000	29500000	1.0
NW_019211454.1	29500000	29600000	3.0
NW_019211454.1	29600000	29700000	1.0
NW_019211454.1	29800000	29900000	7.0
NW_019211454.1	29900000	30000000	1.0
NW_019211454.1	30100000	30200000	1.0
NW_019211454.1	30300000	30400000	3.0
NW_019211454.1	30600000	30700000	3.0
NW_019211454.1	30700000	30800000	4.0
NW_019211454.1	30800000	30900000	1.0
NW_019211454.1	30900000	31000000	2.0
NW_019211454.1	31000000	31100000	2.0
NW_019211454.1	31100000	31200000	2.0
NW_019211454.1	31300000	31400000	2.0
NW_019211454.1	31400000	31500000	1.0
NW_019211454.1	31500000	31600000	2.0
NW_019211454.1	31600000	31700000	2.0
NW_019211454.1	31700000	31800000	5.0
NW_019211454.1	31800000	31900000	1.0
NW_019211454.1	31900000	32000000	1.0
NW_019211454.1	32000000	32100000	4.0
NW_019211454.1	32100000	32200000	4.0
NW_019211454.1	32200000	32300000	1.0
NW_019211454.1	32300000	32400000	1.0
NW_019211454.1	32400000	32500000	4.0
NW_019211454.1	32500000	32600000	2.0
NW_019211454.1	32700000	32800000	3.0
NW_019211454.1	32800000	32900000	4.0
NW_019211454.1	32900000	33000000	1.0
NW_019211454.1	33000000	33100000	5.0
NW_019211454.1	33100000	33200000	4.0
NW_019211454.1	33200000	33300000	2.0
NW_019211454.1	33300000	33400000	3.0
NW_019211454.1	33400000	33500000	3.0
NW_019211454.1	33500000	33600000	2.0
NW_019211454.1	33600000	33700000	2.0
NW_019211454.1	33700000	33800000	6.0
NW_019211454.1	33800000	33900000	1.0
NW_019211454.1	33900000	34000000	1.0
NW_019211454.1	34000000	34100000	1.0
NW_019211454.1	34100000	34200000	9.0
NW_019211454.1	34200000	34300000	4.0
NW_019211454.1	34300000	34400000	4.0
NW_019211454.1	34400000	34500000	6.0
NW_019211454.1	34500000	34600000	5.0
NW_019211454.1	34600000	34700000	1.0
NW_019211454.1	34700000	34800000	2.0
NW_019211454.1	34800000	34900000	4.0
NW_019211454.1	34900000	35000000	3.0
NW_019211454.1	35000000	35100000	2.0
NW_019211454.1	35100000	35200000	1.0
NW_019211454.1	35200000	35300000	1.0
NW_019211454.1	35300000	35400000	3.0
NW_019211454.1	35400000	35500000	3.0
NW_019211454.1	35600000	35700000	2.0
NW_019211454.1	35800000	35900000	3.0
NW_019211454.1	35900000	36000000	1.0
NW_019211454.1	36000000	36100000	8.0
NW_019211454.1	36100000	36200000	3.0
NW_019211454.1	36200000	36300000	1.0
NW_019211454.1	36300000	36400000	4.0
NW_019211454.1	36400000	36500000	1.0
NW_019211454.1	36500000	36600000	1.0
NW_019211454.1	36600000	36700000	2.0
NW_019211454.1	36700000	36800000	2.0
NW_019211454.1	36800000	36900000	1.0
NW_019211454.1	37100000	37200000	2.0
NW_019211454.1	37200000	37300000	3.0
NW_019211454.1	37300000	37400000	2.0
NW_019211454.1	37400000	37500000	4.0
NW_019211454.1	37500000	37600000	5.0
NW_019211454.1	37600000	37700000	3.0
NW_019211454.1	37700000	37800000	8.0
NW_019211454.1	37800000	37900000	4.0
NW_019211454.1	37900000	38000000	1.0
NW_019211454.1	38000000	38100000	3.0
NW_019211454.1	38100000	38200000	5.0
NW_019211454.1	38200000	38300000	2.0
NW_019211454.1	38300000	38400000	1.0
NW_019211454.1	38400000	38500000	5.0
NW_019211454.1	38500000	38600000	2.0
NW_019211454.1	38600000	38700000	2.0
NW_019211454.1	38700000	38800000	1.0
NW_019211454.1	38900000	39000000	1.0
NW_019211454.1	39000000	39100000	1.0
NW_019211454.1	39100000	39200000	1.0
NW_019211454.1	39200000	39300000	6.0
NW_019211454.1	39300000	39400000	4.0
NW_019211454.1	39400000	39500000	1.0
NW_019211454.1	39500000	39600000	3.0
NW_019211454.1	39600000	39700000	8.0
NW_019211454.1	39700000	39800000	1.0
NW_019211454.1	39800000	39900000	1.0
NW_019211454.1	39900000	40000000	2.0
NW_019211454.1	40200000	40300000	1.0
NW_019211454.1	40300000	40400000	4.0
NW_019211454.1	40400000	40500000	2.0
NW_019211454.1	40800000	40900000	3.0
NW_019211454.1	41000000	41100000	1.0
NW_019211454.1	41200000	41300000	1.0
NW_019211454.1	41300000	41400000	4.0
NW_019211454.1	41400000	41500000	2.0
NW_019211454.1	41600000	41700000	1.0
NW_019211454.1	41800000	41900000	3.0
NW_019211454.1	41900000	42000000	6.0
NW_019211454.1	42000000	42100000	6.0
NW_019211454.1	42100000	42200000	5.0
NW_019211454.1	42200000	42300000	1.0
NW_019211454.1	42300000	42400000	2.0
NW_019211454.1	42400000	42500000	2.0
NW_019211454.1	42600000	42700000	8.0
NW_019211454.1	42700000	42800000	1.0
NW_019211454.1	42800000	42900000	2.0
NW_019211454.1	43000000	43100000	1.0
NW_019211454.1	43200000	43300000	1.0
NW_019211454.1	43300000	43400000	1.0
NW_019211454.1	43400000	43500000	6.0
NW_019211454.1	43500000	43600000	4.0
NW_019211454.1	43600000	43700000	2.0
NW_019211454.1	43800000	43900000	3.0
NW_019211454.1	43900000	44000000	1.0
NW_019211454.1	44000000	44100000	1.0
NW_019211454.1	44100000	44200000	1.0
NW_019211454.1	44300000	44400000	3.0
NW_019211454.1	44500000	44600000	7.0
NW_019211454.1	44600000	44700000	8.0
NW_019211454.1	44700000	44800000	1.0
NW_019211454.1	44800000	44900000	8.0
NW_019211454.1	44900000	45000000	1.0
NW_019211454.1	45000000	45100000	1.0
NW_019211454.1	45100000	45200000	1.0
NW_019211454.1	45200000	45300000	4.0
NW_019211454.1	45300000	45400000	4.0
NW_019211454.1	45400000	45500000	1.0
NW_019211454.1	45500000	45600000	10.0
NW_019211454.1	45600000	45700000	8.0
NW_019211454.1	45800000	45900000	3.0
NW_019211454.1	45900000	46000000	4.0
NW_019211454.1	46000000	46100000	2.0
NW_019211454.1	46100000	46200000	1.0
NW_019211454.1	46200000	46300000	1.0
NW_019211454.1	46400000	46500000	2.0
NW_019211454.1	46500000	46600000	1.0
NW_019211454.1	46600000	46700000	1.0
NW_019211454.1	46700000	46800000	1.0
NW_019211454.1	47100000	47200000	2.0
NW_019211454.1	47200000	47300000	4.0
NW_019211454.1	47300000	47400000	9.0
NW_019211454.1	47400000	47500000	4.0
NW_019211454.1	47500000	47600000	2.0
NW_019211454.1	47600000	47700000	1.0
NW_019211454.1	47700000	47800000	1.0
NW_019211454.1	47800000	47900000	2.0
NW_019211454.1	47900000	48000000	1.0
NW_019211454.1	48000000	48100000	7.0
NW_019211454.1	48100000	48200000	3.0
NW_019211454.1	48200000	48300000	1.0
NW_019211454.1	48300000	48400000	5.0
NW_019211454.1	48400000	48500000	1.0
NW_019211454.1	48500000	48600000	3.0
NW_019211454.1	48600000	48700000	2.0
NW_019211454.1	48700000	48800000	8.0
NW_019211454.1	48800000	48900000	1.0
NW_019211454.1	48900000	49000000	4.0
NW_019211454.1	49000000	49100000	2.0
NW_019211454.1	49300000	49400000	1.0
NW_019211454.1	49500000	49600000	3.0
NW_019211454.1	49600000	49700000	1.0
NW_019211454.1	49700000	49800000	6.0
NW_019211454.1	49800000	49900000	5.0
NW_019211454.1	49900000	50000000	5.0
NW_019211454.1	50200000	50300000	1.0
NW_019211454.1	50300000	50400000	1.0
NW_019211454.1	50400000	50500000	4.0
NW_019211454.1	50500000	50600000	1.0
NW_019211454.1	50700000	50800000	6.0
NW_019211454.1	50800000	50900000	1.0
NW_019211454.1	50900000	51000000	7.0
NW_019211454.1	51100000	51200000	1.0
NW_019211454.1	51200000	51300000	7.0
NW_019211454.1	51400000	51500000	1.0
NW_019211454.1	51500000	51600000	1.0
NW_019211454.1	51900000	52000000	1.0
NW_019211454.1	52000000	52100000	3.0
NW_019211454.1	52100000	52200000	3.0
NW_019211454.1	52200000	52300000	3.0
NW_019211454.1	52300000	52400000	5.0
NW_019211454.1	52400000	52500000	1.0
NW_019211454.1	52500000	52600000	3.0
NW_019211454.1	52600000	52700000	2.0
NW_019211454.1	52700000	52800000	2.0
NW_019211454.1	52800000	52900000	2.0
NW_019211454.1	52900000	53000000	2.0
NW_019211454.1	53000000	53100000	6.0
NW_019211454.1	53300000	53400000	1.0
NW_019211454.1	53600000	53700000	2.0
NW_019211454.1	53800000	53900000	1.0
NW_019211454.1	53900000	54000000	1.0
NW_019211454.1	54000000	54100000	1.0
NW_019211454.1	54100000	54200000	5.0
NW_019211454.1	54200000	54300000	2.0
NW_019211454.1	54400000	54500000	3.0
NW_019211454.1	54500000	54600000	2.0
NW_019211454.1	54600000	54700000	2.0
NW_019211454.1	54700000	54800000	5.0
NW_019211454.1	54800000	54900000	1.0
NW_019211454.1	55000000	55100000	2.0
NW_019211454.1	55100000	55200000	1.0
NW_019211454.1	55200000	55300000	1.0
NW_019211454.1	55300000	55400000	4.0
NW_019211454.1	55400000	55500000	6.0
NW_019211454.1	55500000	55600000	1.0
NW_019211454.1	55700000	55800000	4.0
NW_019211454.1	56000000	56100000	1.0
NW_019211454.1	56200000	56300000	2.0
NW_019211454.1	56300000	56400000	1.0
NW_019211454.1	56500000	56600000	1.0
NW_019211454.1	56600000	56700000	3.0
NW_019211454.1	56700000	56800000	1.0
NW_019211454.1	56800000	56900000	3.0
NW_019211454.1	56900000	57000000	7.0
NW_019211454.1	57000000	57100000	1.0
NW_019211454.1	57100000	57200000	4.0
NW_019211454.1	57200000	57300000	3.0
NW_019211454.1	57300000	57400000	2.0
NW_019211454.1	57400000	57500000	1.0
NW_019211454.1	57600000	57700000	3.0
NW_019211454.1	57700000	57800000	5.0
NW_019211454.1	57900000	58000000	3.0
NW_019211454.1	58000000	58100000	4.0
NW_019211454.1	58100000	58200000	2.0
NW_019211454.1	58200000	58300000	3.0
NW_019211454.1	58300000	58400000	3.0
NW_019211454.1	58400000	58500000	1.0
NW_019211454.1	58700000	58800000	3.0
NW_019211454.1	58800000	58900000	4.0
NW_019211454.1	59000000	59100000	1.0
NW_019211454.1	59300000	59400000	6.0
NW_019211454.1	59400000	59500000	4.0
NW_019211454.1	59500000	59600000	1.0
NW_019211454.1	59700000	59800000	3.0
NW_019211454.1	59900000	60000000	3.0
NW_019211454.1	60000000	60100000	2.0
NW_019211454.1	60100000	60200000	4.0
NW_019211454.1	60200000	60300000	4.0
NW_019211454.1	60300000	60400000	1.0
NW_019211454.1	60500000	60600000	1.0
NW_019211454.1	60600000	60700000	2.0
NW_019211454.1	60700000	60800000	3.0
NW_019211454.1	60800000	60900000	3.0
NW_019211454.1	60900000	61000000	5.0
NW_019211454.1	61100000	61200000	1.0
NW_019211454.1	61200000	61300000	3.0
NW_019211454.1	61600000	61700000	1.0
NW_019211454.1	61800000	61900000	2.0
NW_019211454.1	61900000	62000000	3.0
NW_019211454.1	62000000	62100000	2.0
NW_019211454.1	62100000	62200000	2.0
NW_019211454.1	62200000	62300000	9.0
NW_019211454.1	62300000	62400000	2.0
NW_019211454.1	62400000	62500000	8.0
NW_019211454.1	62500000	62600000	6.0
NW_019211454.1	62700000	62800000	1.0
NW_019211454.1	63200000	63300000	3.0
NW_019211454.1	63400000	63500000	8.0
NW_019211454.1	63500000	63600000	6.0
NW_019211454.1	63600000	63700000	5.0
NW_019211454.1	63700000	63800000	3.0
NW_019211454.1	63800000	63900000	2.0
NW_019211454.1	63900000	64000000	3.0
NW_019211454.1	64000000	64100000	1.0
NW_019211454.1	64200000	64300000	2.0
NW_019211454.1	64300000	64400000	1.0
NW_019211454.1	64400000	64500000	1.0
NW_019211454.1	64600000	64700000	4.0
NW_019211454.1	64700000	64800000	6.0
NW_019211454.1	64800000	64900000	2.0
NW_019211454.1	65000000	65100000	6.0
NW_019211454.1	65100000	65200000	1.0
NW_019211454.1	65200000	65300000	2.0
NW_019211454.1	65300000	65400000	5.0
NW_019211454.1	65400000	65500000	3.0
NW_019211454.1	65500000	65600000	1.0
NW_019211454.1	65600000	65700000	6.0
NW_019211454.1	65700000	65800000	1.0
NW_019211454.1	65800000	65900000	5.0
NW_019211454.1	65900000	66000000	2.0
NW_019211454.1	66400000	66500000	2.0
NW_019211454.1	66500000	66600000	5.0
NW_019211454.1	66700000	66800000	2.0
NW_019211454.1	66800000	66900000	2.0
NW_019211454.1	66900000	67000000	1.0
NW_019211454.1	67000000	67100000	5.0
NW_019211454.1	67100000	67200000	3.0
NW_019211454.1	67200000	67300000	8.0
NW_019211454.1	67300000	67400000	6.0
NW_019211454.1	67400000	67500000	1.0
NW_019211454.1	67800000	67900000	5.0
NW_019211454.1	67900000	68000000	3.0
NW_019211454.1	68000000	68100000	6.0
NW_019211454.1	68100000	68200000	2.0
NW_019211454.1	68200000	68300000	3.0
NW_019211454.1	68300000	68400000	1.0
NW_019211454.1	68400000	68500000	3.0
NW_019211454.1	68500000	68600000	1.0
NW_019211454.1	68600000	68700000	2.0
NW_019211454.1	68700000	68800000	2.0
NW_019211454.1	68800000	68900000	2.0
NW_019211454.1	68900000	69000000	1.0
NW_019211454.1	69000000	69100000	1.0
NW_019211454.1	69100000	69200000	2.0
NW_019211454.1	69200000	69300000	3.0
NW_019211454.1	69300000	69400000	3.0
NW_019211454.1	69400000	69500000	2.0
NW_019211454.1	69500000	69600000	2.0
NW_019211454.1	69600000	69700000	6.0
NW_019211454.1	69700000	69800000	3.0
NW_019211454.1	69800000	69900000	4.0
NW_019211454.1	69900000	70000000	3.0
NW_019211454.1	70000000	70100000	2.0
NW_019211454.1	70100000	70200000	2.0
NW_019211454.1	70200000	70300000	2.0
NW_019211454.1	70300000	70400000	3.0
NW_019211454.1	70400000	70500000	2.0
NW_019211454.1	70500000	70600000	1.0
NW_019211454.1	70600000	70700000	6.0
NW_019211454.1	70700000	70800000	5.0
NW_019211454.1	70800000	70900000	4.0
NW_019211454.1	70900000	71000000	1.0
NW_019211454.1	71000000	71100000	1.0
NW_019211454.1	71200000	71300000	3.0
NW_019211454.1	71300000	71400000	2.0
NW_019211454.1	71500000	71600000	7.0
NW_019211454.1	71600000	71700000	3.0
NW_019211454.1	71800000	71900000	1.0
NW_019211454.1	72000000	72100000	2.0
NW_019211454.1	72100000	72200000	7.0
NW_019211454.1	72200000	72300000	5.0
NW_019211454.1	72300000	72400000	3.0
NW_019211454.1	72400000	72500000	1.0
NW_019211454.1	72500000	72600000	3.0
NW_019211454.1	72600000	72700000	4.0
NW_019211454.1	72700000	72800000	2.0
NW_019211454.1	72800000	72900000	5.0
NW_019211454.1	72900000	73000000	1.0
NW_019211454.1	73000000	73100000	2.0
NW_019211454.1	73100000	73200000	2.0
NW_019211454.1	73200000	73300000	1.0
NW_019211454.1	73400000	73500000	1.0
NW_019211454.1	73700000	73800000	1.0
NW_019211454.1	73800000	73900000	2.0
NW_019211454.1	73900000	74000000	8.0
NW_019211454.1	74000000	74100000	2.0
NW_019211454.1	74200000	74300000	1.0
NW_019211454.1	74400000	74500000	1.0
NW_019211454.1	74500000	74600000	1.0
NW_019211454.1	74600000	74700000	1.0
NW_019211454.1	74700000	74800000	2.0
NW_019211454.1	74800000	74900000	3.0
NW_019211454.1	75000000	75100000	1.0
NW_019211454.1	75100000	75200000	5.0
NW_019211454.1	75200000	75300000	1.0
NW_019211454.1	75300000	75400000	3.0
NW_019211454.1	75400000	75500000	1.0
NW_019211454.1	75600000	75700000	1.0
NW_019211454.1	75700000	75800000	1.0
NW_019211454.1	75900000	76000000	1.0
NW_019211454.1	76000000	76100000	1.0
NW_019211454.1	76100000	76200000	2.0
NW_019211454.1	76200000	76300000	1.0
NW_019211454.1	76300000	76400000	2.0
NW_019211454.1	76400000	76500000	2.0
NW_019211454.1	76500000	76600000	3.0
NW_019211454.1	76600000	76700000	2.0
NW_019211454.1	76700000	76800000	3.0
NW_019211454.1	76800000	76852133	2.0
NW_019211455.1	0	100000	2.0
NW_019211455.1	100000	200000	2.0
NW_019211455.1	300000	400000	6.0
NW_019211455.1	400000	500000	5.0
NW_019211455.1	500000	600000	2.0
NW_019211455.1	600000	700000	3.0
NW_019211455.1	700000	800000	3.0
NW_019211455.1	800000	900000	1.0
NW_019211455.1	900000	1000000	9.0
NW_019211455.1	1000000	1100000	10.0
NW_019211455.1	1100000	1200000	3.0
NW_019211455.1	1200000	1300000	5.0
NW_019211455.1	1300000	1400000	7.0
NW_019211455.1	1400000	1500000	3.0
NW_019211455.1	1500000	1600000	6.0
NW_019211455.1	1600000	1700000	3.0
NW_019211455.1	1700000	1800000	5.0
NW_019211455.1	1800000	1900000	1.0
NW_019211455.1	1900000	2000000	3.0
NW_019211455.1	2100000	2200000	5.0
NW_019211455.1	2200000	2300000	1.0
NW_019211455.1	2300000	2400000	1.0
NW_019211455.1	2400000	2500000	1.0
NW_019211455.1	2500000	2600000	4.0
NW_019211455.1	2600000	2700000	1.0
NW_019211455.1	2700000	2800000	2.0
NW_019211455.1	2800000	2900000	6.0
NW_019211455.1	2900000	3000000	1.0
NW_019211455.1	3000000	3100000	2.0
NW_019211455.1	3100000	3200000	4.0
NW_019211455.1	3200000	3300000	2.0
NW_019211455.1	3300000	3400000	10.0
NW_019211455.1	3400000	3500000	4.0
NW_019211455.1	3500000	3600000	2.0
NW_019211455.1	3600000	3700000	4.0
NW_019211455.1	3700000	3800000	6.0
NW_019211455.1	3800000	3900000	2.0
NW_019211455.1	3900000	4000000	6.0
NW_019211455.1	4000000	4100000	1.0
NW_019211455.1	4100000	4200000	2.0
NW_019211455.1	4200000	4300000	5.0
NW_019211455.1	4300000	4400000	3.0
NW_019211455.1	4400000	4500000	6.0
NW_019211455.1	4500000	4600000	5.0
NW_019211455.1	4600000	4700000	10.0
NW_019211455.1	4700000	4800000	2.0
NW_019211455.1	4800000	4900000	3.0
NW_019211455.1	5100000	5200000	4.0
NW_019211455.1	5200000	5300000	1.0
NW_019211455.1	5300000	5400000	5.0
NW_019211455.1	5400000	5500000	1.0
NW_019211455.1	5600000	5700000	4.0
NW_019211455.1	5700000	5800000	3.0
NW_019211455.1	5800000	5900000	4.0
NW_019211455.1	5900000	6000000	5.0
NW_019211455.1	6000000	6100000	5.0
NW_019211455.1	6100000	6200000	2.0
NW_019211455.1	6200000	6300000	5.0
NW_019211455.1	6300000	6400000	2.0
NW_019211455.1	6400000	6500000	1.0
NW_019211455.1	6500000	6600000	7.0
NW_019211455.1	6600000	6700000	6.0
NW_019211455.1	6700000	6800000	10.0
NW_019211455.1	6800000	6900000	4.0
NW_019211455.1	6900000	7000000	2.0
NW_019211455.1	7000000	7100000	2.0
NW_019211455.1	7100000	7200000	5.0
NW_019211455.1	7200000	7300000	4.0
NW_019211455.1	7300000	7400000	2.0
NW_019211455.1	7400000	7500000	6.0
NW_019211455.1	7700000	7800000	3.0
NW_019211455.1	7900000	8000000	4.0
NW_019211455.1	8000000	8100000	1.0
NW_019211455.1	8500000	8600000	1.0
NW_019211455.1	8600000	8700000	1.0
NW_019211455.1	8700000	8800000	1.0
NW_019211455.1	8800000	8900000	9.0
NW_019211455.1	8900000	9000000	2.0
NW_019211455.1	9000000	9100000	4.0
NW_019211455.1	9200000	9300000	1.0
NW_019211455.1	9400000	9500000	8.0
NW_019211455.1	9500000	9600000	6.0
NW_019211455.1	9600000	9700000	10.0
NW_019211455.1	9700000	9800000	7.0
NW_019211455.1	9800000	9900000	4.0
NW_019211455.1	9900000	10000000	3.0
NW_019211455.1	10000000	10100000	3.0
NW_019211455.1	10100000	10200000	11.0
NW_019211455.1	10200000	10300000	1.0
NW_019211455.1	10300000	10400000	1.0
NW_019211455.1	10400000	10500000	4.0
NW_019211455.1	10500000	10600000	16.0
NW_019211455.1	10600000	10700000	4.0
NW_019211455.1	10700000	10800000	1.0
NW_019211455.1	10800000	10900000	4.0
NW_019211455.1	10900000	11000000	2.0
NW_019211455.1	11000000	11100000	1.0
NW_019211455.1	11200000	11300000	1.0
NW_019211455.1	11300000	11400000	1.0
NW_019211455.1	11400000	11500000	1.0
NW_019211455.1	11500000	11600000	5.0
NW_019211455.1	11600000	11700000	5.0
NW_019211455.1	11700000	11800000	4.0
NW_019211455.1	11800000	11900000	2.0
NW_019211455.1	11900000	12000000	3.0
NW_019211455.1	12000000	12100000	6.0
NW_019211455.1	12100000	12200000	7.0
NW_019211455.1	12200000	12300000	4.0
NW_019211455.1	12300000	12400000	6.0
NW_019211455.1	12400000	12500000	3.0
NW_019211455.1	12500000	12600000	1.0
NW_019211455.1	12600000	12700000	4.0
NW_019211455.1	12700000	12800000	7.0
NW_019211455.1	12800000	12900000	3.0
NW_019211455.1	13000000	13100000	1.0
NW_019211455.1	13200000	13300000	1.0
NW_019211455.1	13300000	13400000	2.0
NW_019211455.1	13400000	13500000	4.0
NW_019211455.1	13500000	13600000	2.0
NW_019211455.1	13600000	13700000	3.0
NW_019211455.1	13700000	13800000	3.0
NW_019211455.1	13800000	13900000	1.0
NW_019211455.1	13900000	14000000	3.0
NW_019211455.1	14000000	14100000	4.0
NW_019211455.1	14200000	14300000	3.0
NW_019211455.1	14300000	14400000	4.0
NW_019211455.1	14400000	14500000	3.0
NW_019211455.1	14600000	14700000	5.0
NW_019211455.1	14700000	14800000	1.0
NW_019211455.1	14800000	14900000	6.0
NW_019211455.1	14900000	15000000	5.0
NW_019211455.1	15000000	15100000	4.0
NW_019211455.1	15100000	15200000	13.0
NW_019211455.1	15200000	15300000	3.0
NW_019211455.1	15300000	15400000	5.0
NW_019211455.1	15400000	15500000	3.0
NW_019211455.1	15600000	15700000	7.0
NW_019211455.1	15700000	15800000	6.0
NW_019211455.1	15800000	15900000	2.0
NW_019211455.1	15900000	16000000	1.0
NW_019211455.1	16000000	16100000	5.0
NW_019211455.1	16100000	16200000	2.0
NW_019211455.1	16200000	16300000	2.0
NW_019211455.1	16300000	16400000	2.0
NW_019211455.1	16400000	16500000	1.0
NW_019211455.1	16500000	16600000	1.0
NW_019211455.1	16800000	16900000	5.0
NW_019211455.1	16900000	17000000	2.0
NW_019211455.1	17000000	17100000	3.0
NW_019211455.1	17400000	17500000	1.0
NW_019211455.1	17500000	17600000	2.0
NW_019211455.1	17600000	17700000	4.0
NW_019211455.1	17700000	17800000	2.0
NW_019211455.1	17800000	17900000	4.0
NW_019211455.1	17900000	18000000	3.0
NW_019211455.1	18000000	18100000	10.0
NW_019211455.1	18100000	18200000	3.0
NW_019211455.1	18200000	18300000	3.0
NW_019211455.1	18300000	18400000	1.0
NW_019211455.1	18400000	18500000	1.0
NW_019211455.1	18500000	18600000	1.0
NW_019211455.1	18600000	18700000	5.0
NW_019211455.1	18700000	18800000	2.0
NW_019211455.1	18800000	18900000	1.0
NW_019211455.1	18900000	19000000	3.0
NW_019211455.1	19000000	19100000	4.0
NW_019211455.1	19100000	19200000	2.0
NW_019211455.1	19200000	19300000	1.0
NW_019211455.1	19400000	19500000	1.0
NW_019211455.1	19800000	19900000	7.0
NW_019211455.1	19900000	20000000	1.0
NW_019211455.1	20000000	20100000	5.0
NW_019211455.1	20100000	20200000	4.0
NW_019211455.1	20200000	20300000	3.0
NW_019211455.1	20700000	20800000	1.0
NW_019211455.1	20900000	21000000	3.0
NW_019211455.1	21200000	21300000	2.0
NW_019211455.1	21300000	21400000	1.0
NW_019211455.1	21400000	21500000	1.0
NW_019211455.1	21500000	21600000	5.0
NW_019211455.1	21600000	21700000	6.0
NW_019211455.1	21700000	21800000	9.0
NW_019211455.1	21800000	21900000	8.0
NW_019211455.1	21900000	22000000	3.0
NW_019211455.1	22100000	22200000	2.0
NW_019211455.1	22200000	22300000	1.0
NW_019211455.1	22300000	22400000	9.0
NW_019211455.1	22400000	22500000	2.0
NW_019211455.1	22500000	22600000	2.0
NW_019211455.1	22700000	22800000	8.0
NW_019211455.1	22800000	22900000	6.0
NW_019211455.1	23100000	23200000	1.0
NW_019211455.1	23400000	23500000	1.0
NW_019211455.1	23500000	23600000	3.0
NW_019211455.1	23600000	23700000	1.0
NW_019211455.1	23800000	23900000	1.0
NW_019211455.1	23900000	24000000	1.0
NW_019211455.1	24100000	24200000	1.0
NW_019211455.1	24500000	24600000	3.0
NW_019211455.1	24600000	24700000	1.0
NW_019211455.1	24700000	24800000	11.0
NW_019211455.1	24800000	24900000	2.0
NW_019211455.1	24900000	25000000	1.0
NW_019211455.1	25000000	25100000	1.0
NW_019211455.1	25100000	25200000	1.0
NW_019211455.1	25200000	25300000	1.0
NW_019211455.1	25300000	25400000	1.0
NW_019211455.1	25400000	25500000	3.0
NW_019211455.1	25500000	25600000	1.0
NW_019211455.1	25600000	25700000	3.0
NW_019211455.1	25700000	25800000	4.0
NW_019211455.1	25800000	25900000	4.0
NW_019211455.1	25900000	26000000	1.0
NW_019211455.1	26000000	26100000	1.0
NW_019211455.1	26100000	26200000	1.0
NW_019211455.1	26200000	26300000	1.0
NW_019211455.1	26300000	26400000	6.0
NW_019211455.1	26400000	26500000	2.0
NW_019211455.1	26500000	26600000	5.0
NW_019211455.1	26600000	26700000	10.0
NW_019211455.1	26700000	26800000	2.0
NW_019211455.1	26800000	26900000	4.0
NW_019211455.1	26900000	27000000	6.0
NW_019211455.1	27000000	27100000	3.0
NW_019211455.1	27100000	27200000	3.0
NW_019211455.1	27200000	27300000	5.0
NW_019211455.1	27300000	27400000	5.0
NW_019211455.1	27400000	27500000	3.0
NW_019211455.1	27600000	27700000	1.0
NW_019211455.1	27700000	27800000	2.0
NW_019211455.1	27800000	27900000	4.0
NW_019211455.1	27900000	28000000	2.0
NW_019211455.1	28000000	28100000	8.0
NW_019211455.1	28100000	28200000	6.0
NW_019211455.1	28300000	28400000	3.0
NW_019211455.1	28400000	28500000	5.0
NW_019211455.1	28500000	28600000	10.0
NW_019211455.1	28600000	28700000	5.0
NW_019211455.1	28700000	28800000	6.0
NW_019211455.1	28800000	28900000	4.0
NW_019211455.1	28900000	29000000	6.0
NW_019211455.1	29100000	29200000	1.0
NW_019211455.1	29300000	29400000	1.0
NW_019211455.1	29400000	29500000	5.0
NW_019211455.1	29500000	29600000	9.0
NW_019211455.1	29600000	29700000	5.0
NW_019211455.1	29700000	29800000	4.0
NW_019211455.1	29800000	29900000	2.0
NW_019211455.1	29900000	30000000	1.0
NW_019211455.1	30000000	30100000	1.0
NW_019211455.1	30100000	30200000	1.0
NW_019211455.1	30200000	30300000	5.0
NW_019211455.1	30300000	30400000	4.0
NW_019211455.1	30400000	30500000	1.0
NW_019211455.1	30500000	30600000	6.0
NW_019211455.1	30700000	30800000	1.0
NW_019211455.1	30800000	30900000	2.0
NW_019211455.1	30900000	31000000	1.0
NW_019211455.1	31000000	31100000	1.0
NW_019211455.1	31200000	31300000	4.0
NW_019211455.1	31300000	31400000	4.0
NW_019211455.1	31400000	31500000	2.0
NW_019211455.1	31500000	31600000	2.0
NW_019211455.1	31600000	31700000	7.0
NW_019211455.1	31700000	31800000	2.0
NW_019211455.1	31800000	31900000	1.0
NW_019211455.1	31900000	32000000	5.0
NW_019211455.1	32000000	32100000	5.0
NW_019211455.1	32200000	32300000	3.0
NW_019211455.1	32300000	32400000	1.0
NW_019211455.1	32400000	32500000	2.0
NW_019211455.1	32500000	32600000	1.0
NW_019211455.1	32600000	32700000	4.0
NW_019211455.1	32700000	32800000	6.0
NW_019211455.1	32800000	32900000	3.0
NW_019211455.1	32900000	33000000	8.0
NW_019211455.1	33000000	33100000	1.0
NW_019211455.1	33100000	33200000	7.0
NW_019211455.1	33200000	33300000	1.0
NW_019211455.1	33300000	33400000	1.0
NW_019211455.1	33400000	33500000	3.0
NW_019211455.1	33500000	33600000	5.0
NW_019211455.1	33600000	33700000	3.0
NW_019211455.1	33700000	33800000	2.0
NW_019211455.1	33800000	33900000	3.0
NW_019211455.1	33900000	34000000	5.0
NW_019211455.1	34100000	34200000	2.0
NW_019211455.1	34200000	34300000	2.0
NW_019211455.1	34400000	34500000	3.0
NW_019211455.1	34500000	34600000	2.0
NW_019211455.1	34600000	34700000	2.0
NW_019211455.1	34700000	34800000	4.0
NW_019211455.1	34800000	34900000	2.0
NW_019211455.1	34900000	35000000	2.0
NW_019211455.1	35000000	35100000	2.0
NW_019211455.1	35100000	35200000	1.0
NW_019211455.1	35200000	35300000	2.0
NW_019211455.1	35300000	35400000	6.0
NW_019211455.1	35400000	35500000	3.0
NW_019211455.1	35500000	35600000	2.0
NW_019211455.1	35600000	35700000	2.0
NW_019211455.1	35800000	35900000	4.0
NW_019211455.1	35900000	36000000	10.0
NW_019211455.1	36000000	36100000	7.0
NW_019211455.1	36100000	36200000	3.0
NW_019211455.1	36200000	36300000	1.0
NW_019211455.1	36300000	36400000	4.0
NW_019211455.1	36400000	36500000	9.0
NW_019211455.1	36500000	36600000	5.0
NW_019211455.1	36600000	36700000	7.0
NW_019211455.1	36700000	36800000	9.0
NW_019211455.1	36800000	36900000	7.0
NW_019211455.1	36900000	37000000	7.0
NW_019211455.1	37000000	37100000	3.0
NW_019211455.1	37100000	37200000	4.0
NW_019211455.1	37200000	37300000	9.0
NW_019211455.1	37300000	37400000	6.0
NW_019211455.1	37400000	37500000	8.0
NW_019211455.1	37500000	37600000	6.0
NW_019211455.1	37600000	37700000	4.0
NW_019211455.1	37700000	37800000	4.0
NW_019211455.1	37800000	37900000	4.0
NW_019211455.1	37900000	38000000	11.0
NW_019211455.1	38000000	38100000	1.0
NW_019211455.1	38500000	38600000	5.0
NW_019211455.1	38600000	38700000	6.0
NW_019211455.1	38700000	38800000	4.0
NW_019211455.1	38800000	38900000	1.0
NW_019211455.1	38900000	39000000	2.0
NW_019211455.1	39000000	39100000	2.0
NW_019211455.1	39100000	39200000	2.0
NW_019211455.1	39200000	39300000	4.0
NW_019211455.1	39300000	39400000	1.0
NW_019211455.1	39400000	39500000	4.0
NW_019211455.1	39500000	39600000	1.0
NW_019211455.1	39600000	39700000	2.0
NW_019211455.1	39700000	39800000	2.0
NW_019211455.1	39800000	39900000	4.0
NW_019211455.1	40000000	40100000	1.0
NW_019211455.1	40100000	40200000	4.0
NW_019211455.1	40200000	40300000	10.0
NW_019211455.1	40300000	40400000	6.0
NW_019211455.1	40400000	40500000	1.0
NW_019211455.1	40500000	40600000	2.0
NW_019211455.1	40700000	40800000	6.0
NW_019211455.1	40800000	40900000	3.0
NW_019211455.1	40900000	41000000	3.0
NW_019211455.1	41000000	41100000	5.0
NW_019211455.1	41100000	41200000	4.0
NW_019211455.1	41200000	41300000	8.0
NW_019211455.1	41300000	41400000	5.0
NW_019211455.1	41400000	41500000	5.0
NW_019211455.1	41500000	41600000	6.0
NW_019211455.1	41600000	41700000	5.0
NW_019211455.1	41700000	41800000	6.0
NW_019211455.1	41800000	41900000	4.0
NW_019211455.1	41900000	42000000	3.0
NW_019211455.1	42000000	42100000	4.0
NW_019211455.1	42200000	42300000	1.0
NW_019211455.1	42300000	42400000	11.0
NW_019211455.1	42400000	42500000	7.0
NW_019211455.1	42500000	42600000	3.0
NW_019211455.1	42600000	42700000	1.0
NW_019211455.1	42700000	42800000	2.0
NW_019211455.1	42800000	42900000	8.0
NW_019211455.1	42900000	43000000	9.0
NW_019211455.1	43000000	43100000	2.0
NW_019211455.1	43100000	43200000	1.0
NW_019211455.1	43400000	43500000	5.0
NW_019211455.1	43500000	43600000	1.0
NW_019211455.1	43600000	43700000	2.0
NW_019211455.1	43700000	43800000	3.0
NW_019211455.1	43800000	43900000	1.0
NW_019211455.1	43900000	44000000	1.0
NW_019211455.1	44000000	44100000	1.0
NW_019211455.1	44600000	44700000	1.0
NW_019211455.1	44800000	44900000	6.0
NW_019211455.1	44900000	45000000	2.0
NW_019211455.1	45100000	45200000	1.0
NW_019211455.1	45600000	45700000	1.0
NW_019211455.1	45700000	45800000	15.0
NW_019211455.1	45800000	45900000	4.0
NW_019211455.1	45900000	46000000	5.0
NW_019211455.1	46000000	46100000	5.0
NW_019211455.1	46100000	46200000	2.0
NW_019211455.1	46200000	46300000	5.0
NW_019211455.1	46400000	46500000	1.0
NW_019211455.1	46600000	46700000	1.0
NW_019211455.1	46700000	46800000	1.0
NW_019211455.1	46800000	46900000	2.0
NW_019211455.1	46900000	47000000	6.0
NW_019211455.1	47000000	47100000	3.0
NW_019211455.1	47100000	47200000	2.0
NW_019211455.1	47200000	47300000	4.0
NW_019211455.1	47300000	47400000	9.0
NW_019211455.1	47400000	47500000	3.0
NW_019211455.1	47500000	47600000	1.0
NW_019211455.1	47600000	47700000	7.0
NW_019211455.1	47700000	47800000	5.0
NW_019211455.1	47800000	47900000	3.0
NW_019211455.1	47900000	48000000	2.0
NW_019211455.1	48000000	48100000	3.0
NW_019211455.1	48200000	48300000	5.0
NW_019211455.1	48300000	48400000	2.0
NW_019211455.1	48400000	48500000	4.0
NW_019211455.1	48500000	48600000	7.0
NW_019211455.1	48600000	48700000	6.0
NW_019211455.1	48700000	48800000	5.0
NW_019211455.1	48800000	48900000	10.0
NW_019211455.1	48900000	49000000	3.0
NW_019211455.1	49000000	49100000	2.0
NW_019211455.1	49100000	49200000	3.0
NW_019211455.1	49200000	49300000	1.0
NW_019211455.1	49300000	49400000	1.0
NW_019211455.1	49400000	49500000	1.0
NW_019211455.1	49500000	49600000	1.0
NW_019211455.1	49600000	49700000	1.0
NW_019211455.1	49700000	49800000	5.0
NW_019211455.1	49800000	49900000	7.0
NW_019211455.1	49900000	50000000	5.0
NW_019211455.1	50000000	50100000	2.0
NW_019211455.1	50100000	50200000	1.0
NW_019211455.1	50400000	50500000	3.0
NW_019211455.1	50500000	50600000	6.0
NW_019211455.1	50600000	50700000	3.0
NW_019211455.1	50700000	50800000	12.0
NW_019211455.1	50900000	51000000	1.0
NW_019211455.1	51000000	51100000	1.0
NW_019211455.1	51200000	51300000	1.0
NW_019211455.1	51300000	51400000	5.0
NW_019211455.1	51400000	51500000	7.0
NW_019211455.1	51500000	51600000	2.0
NW_019211455.1	51600000	51700000	2.0
NW_019211455.1	51700000	51800000	1.0
NW_019211455.1	51800000	51900000	6.0
NW_019211455.1	51900000	52000000	9.0
NW_019211455.1	52000000	52100000	1.0
NW_019211455.1	52100000	52200000	3.0
NW_019211455.1	52200000	52300000	6.0
NW_019211455.1	52300000	52400000	2.0
NW_019211455.1	52400000	52500000	6.0
NW_019211455.1	52500000	52600000	12.0
NW_019211455.1	52600000	52700000	7.0
NW_019211455.1	52700000	52800000	3.0
NW_019211455.1	52800000	52900000	1.0
NW_019211455.1	53000000	53100000	6.0
NW_019211455.1	53100000	53200000	3.0
NW_019211455.1	53200000	53300000	1.0
NW_019211455.1	53600000	53700000	1.0
NW_019211455.1	53800000	53900000	1.0
NW_019211455.1	54000000	54100000	3.0
NW_019211455.1	54100000	54200000	7.0
NW_019211455.1	54300000	54400000	1.0
NW_019211455.1	54200000	54300000	1.0
NW_019211455.1	54400000	54500000	5.0
NW_019211455.1	54500000	54600000	4.0
NW_019211455.1	54600000	54700000	1.0
NW_019211455.1	54800000	54900000	3.0
NW_019211455.1	54900000	55000000	2.0
NW_019211455.1	55000000	55100000	3.0
NW_019211455.1	55100000	55200000	6.0
NW_019211455.1	55200000	55300000	5.0
NW_019211455.1	55300000	55400000	5.0
NW_019211455.1	55400000	55500000	1.0
NW_019211455.1	55500000	55600000	3.0
NW_019211455.1	55600000	55700000	3.0
NW_019211455.1	55700000	55800000	7.0
NW_019211455.1	55800000	55900000	4.0
NW_019211455.1	55900000	56000000	4.0
NW_019211455.1	56000000	56100000	6.0
NW_019211455.1	56100000	56200000	2.0
NW_019211455.1	56200000	56300000	1.0
NW_019211455.1	56300000	56400000	1.0
NW_019211455.1	56400000	56500000	2.0
NW_019211455.1	56500000	56600000	6.0
NW_019211455.1	56600000	56700000	4.0
NW_019211455.1	56700000	56800000	5.0
NW_019211455.1	56800000	56900000	2.0
NW_019211455.1	56900000	57000000	1.0
NW_019211455.1	57200000	57300000	4.0
NW_019211455.1	57300000	57400000	2.0
NW_019211455.1	57400000	57500000	2.0
NW_019211455.1	57500000	57600000	1.0
NW_019211455.1	57600000	57700000	4.0
NW_019211455.1	57700000	57800000	3.0
NW_019211455.1	57800000	57900000	6.0
NW_019211455.1	57900000	58000000	5.0
NW_019211455.1	58000000	58100000	5.0
NW_019211455.1	58100000	58200000	2.0
NW_019211455.1	58200000	58300000	1.0
NW_019211455.1	58400000	58500000	4.0
NW_019211455.1	58500000	58600000	2.0
NW_019211455.1	58700000	58800000	2.0
NW_019211455.1	58800000	58900000	1.0
NW_019211455.1	58900000	59000000	4.0
NW_019211455.1	59000000	59100000	7.0
NW_019211455.1	59100000	59200000	1.0
NW_019211455.1	59400000	59500000	1.0
NW_019211455.1	59700000	59800000	1.0
NW_019211455.1	59800000	59900000	6.0
NW_019211455.1	59900000	60000000	7.0
NW_019211455.1	60000000	60100000	3.0
NW_019211455.1	60100000	60200000	4.0
NW_019211455.1	60200000	60300000	4.0
NW_019211455.1	60300000	60400000	6.0
NW_019211455.1	60400000	60500000	5.0
NW_019211455.1	60500000	60556969	1.0
NW_019211456.1	100000	200000	1.0
NW_019211456.1	200000	300000	1.0
NW_019211456.1	300000	400000	1.0
NW_019211456.1	400000	500000	7.0
NW_019211456.1	500000	600000	7.0
NW_019211456.1	600000	700000	4.0
NW_019211456.1	700000	800000	2.0
NW_019211456.1	800000	900000	5.0
NW_019211456.1	900000	1000000	9.0
NW_019211456.1	1000000	1100000	1.0
NW_019211456.1	1100000	1200000	3.0
NW_019211456.1	1200000	1300000	3.0
NW_019211456.1	1300000	1400000	6.0
NW_019211456.1	1400000	1500000	4.0
NW_019211456.1	1500000	1600000	3.0
NW_019211456.1	1600000	1700000	1.0
NW_019211456.1	1700000	1800000	1.0
NW_019211456.1	1900000	2000000	10.0
NW_019211456.1	2000000	2100000	4.0
NW_019211456.1	2100000	2200000	1.0
NW_019211456.1	2200000	2300000	1.0
NW_019211456.1	2300000	2400000	3.0
NW_019211456.1	2500000	2600000	1.0
NW_019211456.1	2900000	3000000	1.0
NW_019211456.1	3000000	3100000	4.0
NW_019211456.1	3100000	3200000	4.0
NW_019211456.1	3200000	3300000	2.0
NW_019211456.1	3300000	3400000	6.0
NW_019211456.1	3400000	3500000	5.0
NW_019211456.1	3500000	3600000	9.0
NW_019211456.1	3600000	3700000	2.0
NW_019211456.1	3700000	3800000	1.0
NW_019211456.1	3800000	3900000	1.0
NW_019211456.1	4000000	4100000	1.0
NW_019211456.1	4100000	4200000	3.0
NW_019211456.1	4200000	4300000	3.0
NW_019211456.1	4300000	4400000	2.0
NW_019211456.1	4400000	4500000	5.0
NW_019211456.1	4500000	4600000	4.0
NW_019211456.1	4600000	4700000	5.0
NW_019211456.1	4700000	4800000	2.0
NW_019211456.1	4800000	4900000	4.0
NW_019211456.1	4900000	5000000	3.0
NW_019211456.1	5000000	5100000	1.0
NW_019211456.1	5100000	5200000	5.0
NW_019211456.1	5200000	5300000	4.0
NW_019211456.1	5300000	5400000	5.0
NW_019211456.1	5400000	5500000	5.0
NW_019211456.1	5500000	5600000	4.0
NW_019211456.1	5600000	5700000	5.0
NW_019211456.1	5700000	5800000	3.0
NW_019211456.1	5800000	5900000	2.0
NW_019211456.1	5900000	6000000	5.0
NW_019211456.1	6000000	6100000	2.0
NW_019211456.1	6100000	6200000	1.0
NW_019211456.1	6200000	6300000	4.0
NW_019211456.1	6300000	6400000	4.0
NW_019211456.1	6400000	6500000	3.0
NW_019211456.1	6500000	6600000	4.0
NW_019211456.1	6600000	6700000	4.0
NW_019211456.1	6700000	6800000	4.0
NW_019211456.1	6900000	7000000	1.0
NW_019211456.1	7100000	7200000	5.0
NW_019211456.1	7200000	7300000	1.0
NW_019211456.1	7300000	7400000	1.0
NW_019211456.1	7400000	7500000	8.0
NW_019211456.1	7500000	7600000	4.0
NW_019211456.1	7600000	7700000	4.0
NW_019211456.1	7700000	7800000	1.0
NW_019211456.1	7800000	7900000	1.0
NW_019211456.1	7900000	8000000	6.0
NW_019211456.1	8000000	8100000	7.0
NW_019211456.1	8200000	8300000	1.0
NW_019211456.1	8100000	8200000	1.0
NW_019211456.1	8300000	8400000	5.0
NW_019211456.1	8400000	8500000	5.0
NW_019211456.1	8500000	8600000	9.0
NW_019211456.1	8600000	8700000	4.0
NW_019211456.1	8700000	8800000	1.0
NW_019211456.1	8800000	8900000	3.0
NW_019211456.1	8900000	9000000	2.0
NW_019211456.1	9000000	9100000	4.0
NW_019211456.1	9100000	9200000	2.0
NW_019211456.1	9200000	9300000	4.0
NW_019211456.1	9300000	9400000	1.0
NW_019211456.1	9500000	9600000	2.0
NW_019211456.1	9600000	9700000	4.0
NW_019211456.1	9700000	9800000	2.0
NW_019211456.1	9800000	9900000	1.0
NW_019211456.1	10000000	10100000	3.0
NW_019211456.1	10100000	10200000	7.0
NW_019211456.1	10200000	10300000	2.0
NW_019211456.1	10300000	10400000	6.0
NW_019211456.1	10400000	10500000	6.0
NW_019211456.1	10500000	10600000	7.0
NW_019211456.1	10600000	10700000	5.0
NW_019211456.1	10700000	10800000	5.0
NW_019211456.1	10800000	10900000	6.0
NW_019211456.1	10900000	11000000	5.0
NW_019211456.1	11000000	11100000	10.0
NW_019211456.1	11100000	11200000	4.0
NW_019211456.1	11200000	11300000	2.0
NW_019211456.1	11400000	11500000	1.0
NW_019211456.1	11500000	11600000	1.0
NW_019211456.1	11600000	11700000	6.0
NW_019211456.1	11800000	11900000	1.0
NW_019211456.1	11700000	11800000	1.0
NW_019211456.1	11900000	12000000	3.0
NW_019211456.1	12000000	12100000	7.0
NW_019211456.1	12100000	12200000	1.0
NW_019211456.1	12200000	12300000	1.0
NW_019211456.1	12300000	12400000	9.0
NW_019211456.1	12400000	12500000	1.0
NW_019211456.1	12700000	12800000	5.0
NW_019211456.1	12800000	12900000	1.0
NW_019211456.1	12900000	13000000	4.0
NW_019211456.1	13100000	13200000	1.0
NW_019211456.1	13200000	13300000	2.0
NW_019211456.1	13300000	13400000	5.0
NW_019211456.1	13400000	13500000	4.0
NW_019211456.1	13500000	13600000	5.0
NW_019211456.1	13600000	13700000	10.0
NW_019211456.1	13700000	13800000	6.0
NW_019211456.1	13800000	13900000	2.0
NW_019211456.1	13900000	14000000	3.0
NW_019211456.1	14000000	14100000	1.0
NW_019211456.1	14100000	14200000	1.0
NW_019211456.1	14200000	14300000	3.0
NW_019211456.1	14300000	14400000	3.0
NW_019211456.1	14400000	14500000	2.0
NW_019211456.1	14500000	14600000	4.0
NW_019211456.1	14600000	14700000	4.0
NW_019211456.1	14700000	14800000	1.0
NW_019211456.1	14800000	14900000	4.0
NW_019211456.1	14900000	15000000	5.0
NW_019211456.1	15000000	15100000	2.0
NW_019211456.1	15100000	15200000	1.0
NW_019211456.1	15200000	15300000	5.0
NW_019211456.1	15300000	15400000	1.0
NW_019211456.1	15400000	15500000	3.0
NW_019211456.1	15500000	15600000	3.0
NW_019211456.1	15700000	15800000	1.0
NW_019211456.1	15800000	15900000	1.0
NW_019211456.1	15900000	16000000	4.0
NW_019211456.1	16000000	16100000	2.0
NW_019211456.1	16100000	16200000	6.0
NW_019211456.1	16200000	16300000	2.0
NW_019211456.1	16300000	16400000	1.0
NW_019211456.1	16400000	16500000	6.0
NW_019211456.1	16500000	16600000	2.0
NW_019211456.1	16600000	16700000	1.0
NW_019211456.1	16800000	16900000	1.0
NW_019211456.1	16900000	17000000	1.0
NW_019211456.1	17000000	17100000	1.0
NW_019211456.1	17200000	17300000	2.0
NW_019211456.1	17300000	17400000	6.0
NW_019211456.1	17400000	17500000	1.0
NW_019211456.1	17500000	17600000	4.0
NW_019211456.1	17600000	17700000	6.0
NW_019211456.1	17700000	17800000	9.0
NW_019211456.1	18000000	18100000	1.0
NW_019211456.1	18100000	18200000	1.0
NW_019211456.1	18200000	18300000	8.0
NW_019211456.1	18300000	18400000	4.0
NW_019211456.1	18400000	18500000	1.0
NW_019211456.1	18500000	18600000	4.0
NW_019211456.1	18600000	18700000	6.0
NW_019211456.1	18700000	18800000	1.0
NW_019211456.1	18800000	18900000	1.0
NW_019211456.1	18900000	19000000	1.0
NW_019211456.1	19100000	19200000	4.0
NW_019211456.1	19200000	19300000	5.0
NW_019211456.1	19400000	19500000	1.0
NW_019211456.1	19500000	19600000	2.0
NW_019211456.1	19600000	19700000	6.0
NW_019211456.1	19700000	19800000	5.0
NW_019211456.1	19800000	19900000	5.0
NW_019211456.1	19900000	20000000	3.0
NW_019211456.1	20000000	20100000	9.0
NW_019211456.1	20100000	20200000	4.0
NW_019211456.1	20200000	20300000	2.0
NW_019211456.1	20300000	20400000	7.0
NW_019211456.1	20400000	20500000	8.0
NW_019211456.1	20500000	20600000	3.0
NW_019211456.1	20600000	20700000	4.0
NW_019211456.1	20700000	20800000	4.0
NW_019211456.1	20800000	20900000	1.0
NW_019211456.1	20900000	21000000	3.0
NW_019211456.1	21000000	21100000	4.0
NW_019211456.1	21100000	21200000	2.0
NW_019211456.1	21800000	21900000	1.0
NW_019211456.1	21900000	22000000	5.0
NW_019211456.1	22000000	22100000	2.0
NW_019211456.1	22100000	22200000	6.0
NW_019211456.1	22200000	22300000	3.0
NW_019211456.1	22400000	22500000	3.0
NW_019211456.1	22500000	22600000	8.0
NW_019211456.1	22600000	22700000	2.0
NW_019211456.1	22700000	22800000	1.0
NW_019211456.1	22800000	22900000	2.0
NW_019211456.1	23400000	23500000	1.0
NW_019211456.1	23500000	23600000	1.0
NW_019211456.1	23600000	23700000	5.0
NW_019211456.1	23700000	23800000	8.0
NW_019211456.1	23800000	23900000	3.0
NW_019211456.1	23900000	24000000	7.0
NW_019211456.1	24000000	24100000	6.0
NW_019211456.1	24100000	24200000	3.0
NW_019211456.1	24200000	24300000	1.0
NW_019211456.1	24300000	24400000	5.0
NW_019211456.1	24400000	24500000	4.0
NW_019211456.1	24500000	24600000	5.0
NW_019211456.1	24600000	24700000	5.0
NW_019211456.1	24700000	24800000	3.0
NW_019211456.1	24800000	24900000	1.0
NW_019211456.1	24900000	25000000	3.0
NW_019211456.1	25000000	25100000	4.0
NW_019211456.1	25100000	25200000	3.0
NW_019211456.1	25200000	25300000	6.0
NW_019211456.1	25300000	25400000	1.0
NW_019211456.1	25400000	25500000	1.0
NW_019211456.1	25500000	25600000	7.0
NW_019211456.1	25600000	25700000	5.0
NW_019211456.1	25700000	25800000	10.0
NW_019211456.1	26000000	26100000	1.0
NW_019211456.1	26100000	26200000	6.0
NW_019211456.1	26200000	26300000	6.0
NW_019211456.1	26300000	26400000	8.0
NW_019211456.1	26400000	26500000	4.0
NW_019211456.1	26500000	26600000	1.0
NW_019211456.1	26800000	26900000	5.0
NW_019211456.1	26900000	27000000	5.0
NW_019211456.1	27000000	27100000	7.0
NW_019211456.1	27100000	27200000	6.0
NW_019211456.1	27200000	27300000	6.0
NW_019211456.1	27300000	27400000	2.0
NW_019211456.1	27400000	27500000	4.0
NW_019211456.1	27500000	27600000	6.0
NW_019211456.1	27600000	27700000	2.0
NW_019211456.1	27700000	27800000	5.0
NW_019211456.1	27800000	27900000	6.0
NW_019211456.1	27900000	28000000	4.0
NW_019211456.1	28000000	28100000	2.0
NW_019211456.1	28200000	28300000	1.0
NW_019211456.1	28300000	28400000	1.0
NW_019211456.1	28400000	28500000	6.0
NW_019211456.1	28500000	28600000	3.0
NW_019211456.1	28600000	28700000	8.0
NW_019211456.1	28800000	28900000	1.0
NW_019211456.1	29200000	29300000	3.0
NW_019211456.1	29300000	29400000	4.0
NW_019211456.1	29700000	29800000	1.0
NW_019211456.1	29800000	29900000	4.0
NW_019211456.1	29900000	30000000	3.0
NW_019211456.1	30100000	30200000	1.0
NW_019211456.1	30200000	30300000	3.0
NW_019211456.1	30300000	30400000	2.0
NW_019211456.1	30400000	30500000	2.0
NW_019211456.1	30500000	30600000	1.0
NW_019211456.1	30600000	30700000	1.0
NW_019211456.1	30700000	30800000	1.0
NW_019211456.1	30800000	30900000	5.0
NW_019211456.1	30900000	31000000	1.0
NW_019211456.1	31000000	31100000	4.0
NW_019211456.1	31100000	31200000	3.0
NW_019211456.1	31200000	31300000	2.0
NW_019211456.1	31300000	31400000	5.0
NW_019211456.1	31400000	31500000	5.0
NW_019211456.1	31500000	31600000	1.0
NW_019211456.1	31600000	31700000	1.0
NW_019211456.1	31700000	31800000	1.0
NW_019211456.1	31800000	31900000	3.0
NW_019211456.1	31900000	32000000	5.0
NW_019211456.1	32000000	32100000	3.0
NW_019211456.1	32100000	32200000	2.0
NW_019211456.1	32200000	32300000	2.0
NW_019211456.1	32300000	32400000	1.0
NW_019211456.1	32400000	32500000	5.0
NW_019211456.1	32500000	32600000	1.0
NW_019211456.1	32600000	32700000	3.0
NW_019211456.1	32700000	32800000	7.0
NW_019211456.1	32900000	33000000	1.0
NW_019211456.1	32800000	32900000	1.0
NW_019211456.1	33100000	33200000	2.0
NW_019211456.1	33200000	33300000	4.0
NW_019211456.1	33300000	33400000	5.0
NW_019211456.1	33400000	33500000	10.0
NW_019211456.1	33500000	33600000	5.0
NW_019211456.1	33700000	33800000	1.0
NW_019211456.1	33800000	33900000	8.0
NW_019211456.1	33900000	34000000	4.0
NW_019211456.1	34000000	34100000	5.0
NW_019211456.1	34100000	34200000	2.0
NW_019211456.1	34200000	34300000	6.0
NW_019211456.1	34300000	34400000	2.0
NW_019211456.1	34400000	34500000	8.0
NW_019211456.1	34500000	34600000	2.0
NW_019211456.1	34600000	34700000	4.0
NW_019211456.1	34700000	34800000	1.0
NW_019211456.1	34800000	34900000	1.0
NW_019211456.1	34900000	35000000	3.0
NW_019211456.1	35000000	35100000	1.0
NW_019211456.1	35100000	35200000	3.0
NW_019211456.1	35200000	35300000	1.0
NW_019211456.1	35400000	35500000	1.0
NW_019211456.1	35500000	35600000	2.0
NW_019211456.1	35600000	35700000	7.0
NW_019211456.1	35700000	35800000	10.0
NW_019211456.1	35800000	35900000	4.0
NW_019211456.1	36000000	36100000	2.0
NW_019211456.1	36100000	36200000	2.0
NW_019211456.1	36200000	36300000	7.0
NW_019211456.1	36300000	36400000	6.0
NW_019211456.1	36400000	36500000	2.0
NW_019211456.1	36500000	36600000	7.0
NW_019211456.1	36600000	36700000	2.0
NW_019211456.1	36700000	36800000	9.0
NW_019211456.1	36800000	36900000	6.0
NW_019211456.1	36900000	37000000	1.0
NW_019211456.1	37000000	37100000	1.0
NW_019211456.1	37200000	37300000	2.0
NW_019211456.1	37300000	37400000	7.0
NW_019211456.1	37400000	37500000	6.0
NW_019211456.1	37500000	37600000	4.0
NW_019211456.1	37600000	37700000	4.0
NW_019211456.1	37700000	37800000	4.0
NW_019211456.1	37800000	37900000	10.0
NW_019211456.1	37900000	38000000	8.0
NW_019211456.1	38000000	38100000	4.0
NW_019211456.1	38100000	38200000	8.0
NW_019211456.1	38200000	38300000	3.0
NW_019211456.1	38300000	38400000	3.0
NW_019211456.1	38400000	38500000	8.0
NW_019211456.1	38500000	38600000	1.0
NW_019211456.1	38700000	38800000	1.0
NW_019211456.1	38800000	38900000	1.0
NW_019211456.1	38900000	39000000	2.0
NW_019211456.1	39000000	39100000	9.0
NW_019211456.1	39100000	39200000	5.0
NW_019211456.1	39200000	39300000	1.0
NW_019211456.1	39400000	39500000	1.0
NW_019211456.1	39500000	39600000	1.0
NW_019211456.1	39600000	39700000	5.0
NW_019211456.1	39700000	39800000	2.0
NW_019211456.1	39800000	39900000	8.0
NW_019211456.1	39900000	40000000	1.0
NW_019211456.1	40200000	40300000	2.0
NW_019211456.1	40300000	40400000	6.0
NW_019211456.1	40400000	40500000	2.0
NW_019211456.1	40600000	40700000	3.0
NW_019211456.1	40700000	40800000	2.0
NW_019211456.1	40800000	40900000	2.0
NW_019211456.1	40900000	41000000	7.0
NW_019211456.1	41000000	41100000	5.0
NW_019211456.1	41100000	41200000	1.0
NW_019211456.1	41800000	41900000	1.0
NW_019211456.1	41900000	42000000	4.0
NW_019211456.1	42000000	42100000	10.0
NW_019211456.1	42100000	42200000	4.0
NW_019211456.1	42200000	42300000	2.0
NW_019211456.1	42300000	42400000	5.0
NW_019211456.1	42500000	42600000	4.0
NW_019211456.1	42600000	42700000	2.0
NW_019211456.1	42700000	42800000	1.0
NW_019211456.1	42800000	42900000	6.0
NW_019211456.1	42900000	43000000	6.0
NW_019211456.1	43000000	43100000	2.0
NW_019211456.1	43200000	43300000	4.0
NW_019211456.1	43300000	43400000	6.0
NW_019211456.1	43400000	43500000	9.0
NW_019211456.1	43500000	43600000	10.0
NW_019211456.1	43700000	43800000	1.0
NW_019211456.1	43600000	43700000	1.0
NW_019211456.1	43800000	43900000	2.0
NW_019211456.1	43900000	44000000	8.0
NW_019211456.1	44000000	44100000	5.0
NW_019211456.1	44100000	44200000	8.0
NW_019211456.1	44200000	44300000	1.0
NW_019211456.1	44300000	44400000	5.0
NW_019211456.1	44400000	44500000	5.0
NW_019211456.1	44500000	44600000	3.0
NW_019211456.1	44700000	44800000	1.0
NW_019211456.1	44800000	44900000	1.0
NW_019211456.1	45000000	45100000	3.0
NW_019211456.1	45100000	45200000	1.0
NW_019211456.1	45200000	45300000	3.0
NW_019211456.1	45300000	45400000	3.0
NW_019211456.1	45400000	45500000	6.0
NW_019211456.1	45500000	45600000	1.0
NW_019211456.1	45600000	45700000	2.0
NW_019211456.1	45700000	45800000	7.0
NW_019211456.1	45800000	45900000	2.0
NW_019211456.1	45900000	46000000	5.0
NW_019211456.1	46000000	46100000	2.0
NW_019211456.1	46100000	46200000	1.0
NW_019211456.1	46200000	46300000	2.0
NW_019211456.1	46500000	46600000	1.0
NW_019211456.1	46700000	46800000	1.0
NW_019211456.1	46800000	46900000	1.0
NW_019211456.1	46900000	47000000	5.0
NW_019211456.1	47100000	47200000	3.0
NW_019211456.1	47200000	47300000	7.0
NW_019211456.1	47300000	47400000	6.0
NW_019211456.1	47400000	47500000	8.0
NW_019211456.1	47500000	47600000	1.0
NW_019211456.1	47600000	47700000	1.0
NW_019211456.1	47700000	47800000	4.0
NW_019211456.1	47800000	47900000	1.0
NW_019211456.1	47900000	48000000	2.0
NW_019211456.1	48000000	48100000	5.0
NW_019211456.1	48100000	48200000	1.0
NW_019211456.1	48200000	48300000	1.0
NW_019211456.1	48300000	48400000	1.0
NW_019211456.1	48400000	48500000	5.0
NW_019211456.1	48500000	48600000	3.0
NW_019211456.1	48600000	48700000	13.0
NW_019211456.1	48700000	48800000	2.0
NW_019211456.1	48800000	48900000	4.0
NW_019211456.1	48900000	49000000	4.0
NW_019211456.1	49200000	49300000	1.0
NW_019211456.1	49800000	49900000	4.0
NW_019211456.1	49900000	50000000	3.0
NW_019211456.1	50000000	50100000	1.0
NW_019211456.1	50200000	50300000	2.0
NW_019211456.1	50300000	50400000	3.0
NW_019211456.1	50400000	50500000	7.0
NW_019211456.1	50500000	50600000	1.0
NW_019211456.1	50600000	50700000	1.0
NW_019211456.1	50700000	50800000	4.0
NW_019211456.1	50800000	50900000	3.0
NW_019211456.1	50900000	51000000	1.0
NW_019211456.1	51000000	51100000	6.0
NW_019211456.1	51100000	51200000	7.0
NW_019211456.1	51200000	51300000	8.0
NW_019211456.1	51300000	51400000	4.0
NW_019211456.1	51400000	51500000	9.0
NW_019211456.1	51500000	51600000	7.0
NW_019211456.1	51600000	51700000	3.0
NW_019211456.1	51700000	51800000	3.0
NW_019211456.1	51800000	51900000	6.0
NW_019211456.1	51900000	52000000	4.0
NW_019211456.1	52000000	52100000	2.0
NW_019211456.1	52100000	52200000	1.0
NW_019211456.1	52200000	52300000	4.0
NW_019211456.1	52300000	52400000	2.0
NW_019211456.1	52400000	52500000	4.0
NW_019211456.1	52500000	52600000	1.0
NW_019211456.1	52600000	52700000	6.0
NW_019211456.1	52700000	52800000	3.0
NW_019211456.1	53000000	53100000	3.0
NW_019211456.1	53200000	53300000	2.0
NW_019211456.1	53300000	53400000	1.0
NW_019211456.1	53400000	53500000	1.0
NW_019211456.1	53500000	53600000	3.0
NW_019211456.1	53700000	53800000	1.0
NW_019211456.1	53800000	53900000	2.0
NW_019211456.1	53900000	54000000	4.0
NW_019211456.1	54000000	54100000	4.0
NW_019211456.1	54100000	54200000	1.0
NW_019211456.1	54200000	54300000	2.0
NW_019211456.1	54300000	54400000	3.0
NW_019211456.1	54400000	54500000	2.0
NW_019211456.1	54600000	54700000	1.0
NW_019211456.1	54700000	54800000	4.0
NW_019211456.1	54800000	54900000	2.0
NW_019211456.1	55000000	55100000	3.0
NW_019211456.1	55100000	55200000	2.0
NW_019211456.1	55200000	55300000	2.0
NW_019211456.1	55300000	55400000	2.0
NW_019211456.1	55400000	55500000	4.0
NW_019211456.1	55500000	55600000	5.0
NW_019211456.1	55600000	55700000	3.0
NW_019211456.1	55700000	55800000	2.0
NW_019211456.1	55800000	55900000	1.0
NW_019211456.1	55900000	56000000	3.0
NW_019211456.1	56000000	56100000	9.0
NW_019211456.1	56100000	56200000	4.0
NW_019211456.1	56200000	56300000	3.0
NW_019211456.1	56300000	56400000	4.0
NW_019211456.1	56400000	56500000	5.0
NW_019211456.1	56500000	56600000	1.0
NW_019211456.1	56700000	56800000	7.0
NW_019211456.1	56600000	56700000	9.0
NW_019211456.1	56800000	56900000	4.0
NW_019211456.1	56900000	57000000	4.0
NW_019211456.1	57000000	57100000	1.0
NW_019211456.1	57100000	57200000	5.0
NW_019211456.1	57200000	57300000	8.0
NW_019211456.1	57300000	57400000	1.0
NW_019211456.1	57400000	57500000	4.0
NW_019211456.1	57500000	57600000	1.0
NW_019211456.1	57600000	57700000	1.0
NW_019211456.1	57700000	57800000	2.0
NW_019211456.1	57800000	57900000	4.0
NW_019211456.1	57900000	58000000	1.0
NW_019211456.1	58000000	58100000	2.0
NW_019211456.1	58200000	58300000	3.0
NW_019211457.1	100000	200000	1.0
NW_019211457.1	200000	300000	2.0
NW_019211457.1	300000	400000	1.0
NW_019211457.1	400000	500000	3.0
NW_019211457.1	500000	600000	1.0
NW_019211457.1	600000	700000	1.0
NW_019211457.1	700000	800000	2.0
NW_019211457.1	800000	900000	7.0
NW_019211457.1	900000	1000000	2.0
NW_019211457.1	1000000	1100000	5.0
NW_019211457.1	1100000	1200000	3.0
NW_019211457.1	1200000	1300000	4.0
NW_019211457.1	1300000	1400000	4.0
NW_019211457.1	1400000	1500000	2.0
NW_019211457.1	1500000	1600000	2.0
NW_019211457.1	1800000	1900000	3.0
NW_019211457.1	1900000	2000000	1.0
NW_019211457.1	2000000	2100000	2.0
NW_019211457.1	2100000	2200000	6.0
NW_019211457.1	2200000	2300000	3.0
NW_019211457.1	2300000	2400000	5.0
NW_019211457.1	2400000	2500000	1.0
NW_019211457.1	2500000	2600000	2.0
NW_019211457.1	2600000	2700000	3.0
NW_019211457.1	2700000	2800000	3.0
NW_019211457.1	2900000	3000000	1.0
NW_019211457.1	3100000	3200000	1.0
NW_019211457.1	3200000	3300000	1.0
NW_019211457.1	3300000	3400000	5.0
NW_019211457.1	3600000	3700000	1.0
NW_019211457.1	4100000	4200000	2.0
NW_019211457.1	4200000	4300000	5.0
NW_019211457.1	4300000	4400000	5.0
NW_019211457.1	4400000	4500000	3.0
NW_019211457.1	4600000	4700000	1.0
NW_019211457.1	5100000	5200000	2.0
NW_019211457.1	5200000	5300000	1.0
NW_019211457.1	5300000	5400000	1.0
NW_019211457.1	5500000	5600000	5.0
NW_019211457.1	5600000	5700000	7.0
NW_019211457.1	5700000	5800000	2.0
NW_019211457.1	5900000	6000000	2.0
NW_019211457.1	6000000	6100000	1.0
NW_019211457.1	6100000	6200000	3.0
NW_019211457.1	6200000	6300000	2.0
NW_019211457.1	6300000	6400000	5.0
NW_019211457.1	6400000	6500000	8.0
NW_019211457.1	6500000	6600000	3.0
NW_019211457.1	6800000	6900000	1.0
NW_019211457.1	7000000	7100000	4.0
NW_019211457.1	7100000	7200000	2.0
NW_019211457.1	7500000	7600000	1.0
NW_019211457.1	7400000	7500000	1.0
NW_019211457.1	7600000	7700000	1.0
NW_019211457.1	8200000	8300000	1.0
NW_019211457.1	8300000	8400000	2.0
NW_019211457.1	8400000	8500000	3.0
NW_019211457.1	8500000	8600000	3.0
NW_019211457.1	8600000	8700000	2.0
NW_019211457.1	8700000	8800000	3.0
NW_019211457.1	8800000	8900000	2.0
NW_019211457.1	8900000	9000000	3.0
NW_019211457.1	9000000	9100000	9.0
NW_019211457.1	9100000	9200000	6.0
NW_019211457.1	9300000	9400000	1.0
NW_019211457.1	9600000	9700000	3.0
NW_019211457.1	9900000	10000000	1.0
NW_019211457.1	10000000	10100000	1.0
NW_019211457.1	10200000	10300000	1.0
NW_019211457.1	10300000	10400000	3.0
NW_019211457.1	10400000	10500000	8.0
NW_019211457.1	10500000	10600000	7.0
NW_019211457.1	10600000	10700000	2.0
NW_019211457.1	10700000	10800000	9.0
NW_019211457.1	10800000	10900000	1.0
NW_019211457.1	10900000	11000000	4.0
NW_019211457.1	11000000	11100000	3.0
NW_019211457.1	11100000	11200000	5.0
NW_019211457.1	11200000	11300000	1.0
NW_019211457.1	11300000	11400000	6.0
NW_019211457.1	11400000	11500000	1.0
NW_019211457.1	11500000	11600000	1.0
NW_019211457.1	11700000	11800000	3.0
NW_019211457.1	11800000	11900000	3.0
NW_019211457.1	11900000	12000000	4.0
NW_019211457.1	12000000	12100000	8.0
NW_019211457.1	12100000	12200000	5.0
NW_019211457.1	12200000	12300000	6.0
NW_019211457.1	12300000	12400000	9.0
NW_019211457.1	12400000	12500000	2.0
NW_019211457.1	12500000	12600000	3.0
NW_019211457.1	12600000	12700000	5.0
NW_019211457.1	12700000	12800000	5.0
NW_019211457.1	12800000	12900000	2.0
NW_019211457.1	12900000	13000000	3.0
NW_019211457.1	13000000	13100000	4.0
NW_019211457.1	13100000	13200000	4.0
NW_019211457.1	13200000	13300000	10.0
NW_019211457.1	13300000	13400000	5.0
NW_019211457.1	13400000	13500000	3.0
NW_019211457.1	13500000	13600000	5.0
NW_019211457.1	13700000	13800000	5.0
NW_019211457.1	13800000	13900000	2.0
NW_019211457.1	14000000	14100000	2.0
NW_019211457.1	14100000	14200000	5.0
NW_019211457.1	14200000	14300000	7.0
NW_019211457.1	14300000	14400000	5.0
NW_019211457.1	14400000	14500000	4.0
NW_019211457.1	14500000	14600000	7.0
NW_019211457.1	14600000	14700000	10.0
NW_019211457.1	14700000	14800000	4.0
NW_019211457.1	14800000	14900000	9.0
NW_019211457.1	14900000	15000000	8.0
NW_019211457.1	15000000	15100000	4.0
NW_019211457.1	15100000	15200000	3.0
NW_019211457.1	15200000	15300000	2.0
NW_019211457.1	15300000	15400000	7.0
NW_019211457.1	15400000	15500000	7.0
NW_019211457.1	15500000	15600000	1.0
NW_019211457.1	15700000	15800000	3.0
NW_019211457.1	15800000	15900000	5.0
NW_019211457.1	15900000	16000000	6.0
NW_019211457.1	16000000	16100000	1.0
NW_019211457.1	16200000	16300000	1.0
NW_019211457.1	16300000	16400000	1.0
NW_019211457.1	16600000	16700000	2.0
NW_019211457.1	16700000	16800000	6.0
NW_019211457.1	16800000	16900000	4.0
NW_019211457.1	16900000	17000000	5.0
NW_019211457.1	17000000	17100000	2.0
NW_019211457.1	17100000	17200000	4.0
NW_019211457.1	17200000	17300000	2.0
NW_019211457.1	17300000	17400000	4.0
NW_019211457.1	17400000	17500000	2.0
NW_019211457.1	17600000	17700000	1.0
NW_019211457.1	17700000	17800000	1.0
NW_019211457.1	17800000	17900000	1.0
NW_019211457.1	18000000	18100000	4.0
NW_019211457.1	18100000	18200000	7.0
NW_019211457.1	18200000	18300000	8.0
NW_019211457.1	18300000	18400000	7.0
NW_019211457.1	18400000	18500000	6.0
NW_019211457.1	18500000	18600000	4.0
NW_019211457.1	18700000	18800000	1.0
NW_019211457.1	18900000	19000000	4.0
NW_019211457.1	19000000	19100000	7.0
NW_019211457.1	19100000	19200000	2.0
NW_019211457.1	19200000	19300000	2.0
NW_019211457.1	19500000	19600000	1.0
NW_019211457.1	19600000	19700000	2.0
NW_019211457.1	19700000	19800000	3.0
NW_019211457.1	19900000	20000000	1.0
NW_019211457.1	20000000	20100000	2.0
NW_019211457.1	20100000	20200000	3.0
NW_019211457.1	20200000	20300000	1.0
NW_019211457.1	20300000	20400000	1.0
NW_019211457.1	20400000	20500000	1.0
NW_019211457.1	20600000	20700000	4.0
NW_019211457.1	20700000	20800000	7.0
NW_019211457.1	20800000	20900000	6.0
NW_019211457.1	20900000	21000000	3.0
NW_019211457.1	21000000	21100000	1.0
NW_019211457.1	21100000	21200000	1.0
NW_019211457.1	21200000	21300000	3.0
NW_019211457.1	21300000	21400000	4.0
NW_019211457.1	21400000	21500000	2.0
NW_019211457.1	21500000	21600000	2.0
NW_019211457.1	21600000	21700000	4.0
NW_019211457.1	21700000	21800000	4.0
NW_019211457.1	21800000	21900000	2.0
NW_019211457.1	21900000	22000000	3.0
NW_019211457.1	22000000	22100000	1.0
NW_019211457.1	22100000	22200000	1.0
NW_019211457.1	22300000	22400000	5.0
NW_019211457.1	22400000	22500000	2.0
NW_019211457.1	22500000	22600000	1.0
NW_019211457.1	22700000	22800000	3.0
NW_019211457.1	22800000	22900000	6.0
NW_019211457.1	23000000	23100000	4.0
NW_019211457.1	23100000	23200000	5.0
NW_019211457.1	23200000	23300000	5.0
NW_019211457.1	23300000	23400000	4.0
NW_019211457.1	23400000	23500000	4.0
NW_019211457.1	23600000	23700000	1.0
NW_019211457.1	23700000	23800000	4.0
NW_019211457.1	23800000	23900000	7.0
NW_019211457.1	23900000	24000000	10.0
NW_019211457.1	24000000	24100000	6.0
NW_019211457.1	24100000	24200000	5.0
NW_019211457.1	24200000	24300000	3.0
NW_019211457.1	24300000	24400000	4.0
NW_019211457.1	24400000	24500000	7.0
NW_019211457.1	24500000	24600000	2.0
NW_019211457.1	24600000	24700000	3.0
NW_019211457.1	24700000	24800000	3.0
NW_019211457.1	24900000	25000000	1.0
NW_019211457.1	24800000	24900000	3.0
NW_019211457.1	25100000	25200000	3.0
NW_019211457.1	25200000	25300000	1.0
NW_019211457.1	25300000	25400000	3.0
NW_019211457.1	25400000	25500000	6.0
NW_019211457.1	25500000	25600000	5.0
NW_019211457.1	25600000	25700000	1.0
NW_019211457.1	25700000	25800000	3.0
NW_019211457.1	25800000	25900000	8.0
NW_019211457.1	25900000	26000000	1.0
NW_019211457.1	26100000	26200000	1.0
NW_019211457.1	26200000	26300000	2.0
NW_019211457.1	26300000	26400000	2.0
NW_019211457.1	26400000	26500000	1.0
NW_019211457.1	26500000	26600000	5.0
NW_019211457.1	26600000	26700000	8.0
NW_019211457.1	26700000	26800000	5.0
NW_019211457.1	26800000	26900000	7.0
NW_019211457.1	26900000	27000000	2.0
NW_019211457.1	27100000	27200000	1.0
NW_019211457.1	27200000	27300000	7.0
NW_019211457.1	27300000	27400000	1.0
NW_019211457.1	27400000	27500000	3.0
NW_019211457.1	27500000	27600000	4.0
NW_019211457.1	27600000	27700000	1.0
NW_019211457.1	27700000	27800000	4.0
NW_019211457.1	27800000	27900000	1.0
NW_019211457.1	27900000	28000000	2.0
NW_019211457.1	28000000	28100000	4.0
NW_019211457.1	28100000	28200000	11.0
NW_019211457.1	28200000	28300000	2.0
NW_019211457.1	28300000	28400000	2.0
NW_019211457.1	28400000	28500000	6.0
NW_019211457.1	28500000	28600000	5.0
NW_019211457.1	28600000	28700000	7.0
NW_019211457.1	28700000	28800000	7.0
NW_019211457.1	28800000	28900000	2.0
NW_019211457.1	28900000	29000000	1.0
NW_019211457.1	29000000	29100000	1.0
NW_019211457.1	29100000	29200000	3.0
NW_019211457.1	29200000	29300000	3.0
NW_019211457.1	29300000	29400000	7.0
NW_019211457.1	29400000	29500000	2.0
NW_019211457.1	29700000	29800000	3.0
NW_019211457.1	29800000	29900000	5.0
NW_019211457.1	29900000	30000000	5.0
NW_019211457.1	30000000	30100000	2.0
NW_019211457.1	30100000	30200000	3.0
NW_019211457.1	30200000	30300000	5.0
NW_019211457.1	30300000	30400000	2.0
NW_019211457.1	30400000	30500000	2.0
NW_019211457.1	30600000	30700000	1.0
NW_019211457.1	30700000	30800000	1.0
NW_019211457.1	30800000	30900000	4.0
NW_019211457.1	30900000	31000000	3.0
NW_019211457.1	31000000	31100000	7.0
NW_019211457.1	31100000	31200000	11.0
NW_019211457.1	31200000	31300000	5.0
NW_019211457.1	31300000	31400000	1.0
NW_019211457.1	31500000	31600000	1.0
NW_019211457.1	31600000	31700000	3.0
NW_019211457.1	31700000	31800000	1.0
NW_019211457.1	32000000	32100000	1.0
NW_019211457.1	32300000	32400000	2.0
NW_019211457.1	32500000	32600000	1.0
NW_019211457.1	32600000	32700000	3.0
NW_019211457.1	32700000	32800000	1.0
NW_019211457.1	32800000	32900000	4.0
NW_019211457.1	32900000	33000000	4.0
NW_019211457.1	33200000	33300000	1.0
NW_019211457.1	33300000	33400000	3.0
NW_019211457.1	33700000	33800000	1.0
NW_019211457.1	33800000	33900000	5.0
NW_019211457.1	33900000	34000000	3.0
NW_019211457.1	34000000	34100000	1.0
NW_019211457.1	34100000	34200000	1.0
NW_019211457.1	34400000	34500000	1.0
NW_019211457.1	34500000	34600000	1.0
NW_019211457.1	34600000	34700000	11.0
NW_019211457.1	34700000	34800000	3.0
NW_019211457.1	34800000	34900000	1.0
NW_019211457.1	35000000	35100000	2.0
NW_019211457.1	35100000	35200000	2.0
NW_019211457.1	35200000	35300000	2.0
NW_019211457.1	35300000	35400000	8.0
NW_019211457.1	35400000	35500000	6.0
NW_019211457.1	35500000	35600000	1.0
NW_019211457.1	35600000	35700000	2.0
NW_019211457.1	35700000	35800000	5.0
NW_019211457.1	36000000	36100000	1.0
NW_019211457.1	36300000	36400000	4.0
NW_019211457.1	36400000	36500000	3.0
NW_019211457.1	36500000	36600000	1.0
NW_019211457.1	36600000	36700000	2.0
NW_019211457.1	36700000	36800000	1.0
NW_019211457.1	36900000	37000000	4.0
NW_019211457.1	37000000	37100000	1.0
NW_019211457.1	37200000	37300000	1.0
NW_019211457.1	37300000	37400000	8.0
NW_019211457.1	37400000	37500000	1.0
NW_019211457.1	37500000	37600000	6.0
NW_019211457.1	37600000	37700000	8.0
NW_019211457.1	37700000	37800000	1.0
NW_019211457.1	37800000	37900000	6.0
NW_019211457.1	37900000	38000000	4.0
NW_019211457.1	38100000	38200000	2.0
NW_019211457.1	38200000	38300000	5.0
NW_019211457.1	38300000	38400000	1.0
NW_019211457.1	38400000	38500000	3.0
NW_019211457.1	38500000	38600000	2.0
NW_019211457.1	38600000	38700000	1.0
NW_019211457.1	38700000	38800000	7.0
NW_019211457.1	38800000	38900000	1.0
NW_019211457.1	38900000	39000000	1.0
NW_019211457.1	39000000	39100000	6.0
NW_019211457.1	39100000	39200000	10.0
NW_019211457.1	39200000	39300000	5.0
NW_019211457.1	39400000	39500000	3.0
NW_019211457.1	39500000	39600000	2.0
NW_019211457.1	39600000	39700000	1.0
NW_019211457.1	39700000	39800000	5.0
NW_019211457.1	39800000	39900000	8.0
NW_019211457.1	39900000	40000000	4.0
NW_019211457.1	40000000	40100000	2.0
NW_019211457.1	40100000	40200000	5.0
NW_019211457.1	40200000	40300000	3.0
NW_019211457.1	40300000	40400000	5.0
NW_019211457.1	40400000	40500000	5.0
NW_019211457.1	40500000	40600000	3.0
NW_019211457.1	40600000	40700000	1.0
NW_019211457.1	40700000	40800000	3.0
NW_019211457.1	41000000	41100000	1.0
NW_019211457.1	41200000	41300000	9.0
NW_019211457.1	41300000	41400000	5.0
NW_019211457.1	41400000	41500000	4.0
NW_019211457.1	41500000	41600000	2.0
NW_019211457.1	41600000	41700000	1.0
NW_019211457.1	41800000	41900000	4.0
NW_019211457.1	41900000	42000000	4.0
NW_019211457.1	42000000	42100000	6.0
NW_019211457.1	42100000	42200000	1.0
NW_019211457.1	42200000	42300000	2.0
NW_019211457.1	42300000	42400000	2.0
NW_019211457.1	42400000	42500000	8.0
NW_019211457.1	42500000	42600000	5.0
NW_019211457.1	42600000	42700000	3.0
NW_019211457.1	42700000	42800000	4.0
NW_019211457.1	42800000	42900000	6.0
NW_019211457.1	42900000	43000000	8.0
NW_019211457.1	43000000	43100000	7.0
NW_019211457.1	43100000	43200000	2.0
NW_019211457.1	43200000	43300000	1.0
NW_019211457.1	43300000	43400000	2.0
NW_019211457.1	43500000	43600000	1.0
NW_019211457.1	43600000	43700000	3.0
NW_019211457.1	43700000	43800000	2.0
NW_019211457.1	43900000	44000000	4.0
NW_019211457.1	44000000	44100000	8.0
NW_019211457.1	44100000	44200000	5.0
NW_019211457.1	44200000	44300000	4.0
NW_019211457.1	44300000	44400000	4.0
NW_019211457.1	44400000	44500000	3.0
NW_019211457.1	44500000	44600000	1.0
NW_019211457.1	44700000	44800000	2.0
NW_019211457.1	44800000	44900000	1.0
NW_019211457.1	44900000	45000000	1.0
NW_019211457.1	45000000	45100000	2.0
NW_019211457.1	45100000	45200000	10.0
NW_019211457.1	45200000	45300000	5.0
NW_019211457.1	45300000	45400000	4.0
NW_019211457.1	45400000	45500000	4.0
NW_019211457.1	45500000	45600000	4.0
NW_019211457.1	45600000	45700000	5.0
NW_019211457.1	45700000	45800000	7.0
NW_019211457.1	45800000	45900000	3.0
NW_019211457.1	45900000	46000000	2.0
NW_019211457.1	46000000	46100000	1.0
NW_019211457.1	46300000	46400000	1.0
NW_019211457.1	46400000	46500000	5.0
NW_019211457.1	46500000	46600000	1.0
NW_019211457.1	46600000	46700000	8.0
NW_019211457.1	46700000	46800000	5.0
NW_019211457.1	46800000	46900000	6.0
NW_019211457.1	46900000	47000000	7.0
NW_019211457.1	47000000	47100000	5.0
NW_019211457.1	47100000	47200000	5.0
NW_019211457.1	47200000	47300000	2.0
NW_019211457.1	47300000	47400000	1.0
NW_019211457.1	47400000	47500000	2.0
NW_019211457.1	47500000	47600000	1.0
NW_019211457.1	47800000	47900000	1.0
NW_019211457.1	47900000	48000000	1.0
NW_019211457.1	48000000	48100000	5.0
NW_019211457.1	48100000	48200000	2.0
NW_019211457.1	48200000	48300000	4.0
NW_019211457.1	48300000	48400000	4.0
NW_019211457.1	48400000	48500000	5.0
NW_019211457.1	48500000	48600000	11.0
NW_019211457.1	48600000	48700000	4.0
NW_019211457.1	48700000	48800000	1.0
NW_019211457.1	49000000	49100000	2.0
NW_019211457.1	49100000	49200000	9.0
NW_019211457.1	49200000	49300000	6.0
NW_019211457.1	49300000	49400000	1.0
NW_019211457.1	49500000	49600000	1.0
NW_019211457.1	49800000	49900000	1.0
NW_019211457.1	49900000	50000000	7.0
NW_019211457.1	50000000	50100000	5.0
NW_019211457.1	50100000	50200000	3.0
NW_019211457.1	50200000	50300000	2.0
NW_019211457.1	50300000	50400000	2.0
NW_019211457.1	50400000	50500000	6.0
NW_019211457.1	50500000	50600000	10.0
NW_019211457.1	50600000	50700000	2.0
NW_019211457.1	50700000	50800000	5.0
NW_019211457.1	50800000	50900000	5.0
NW_019211457.1	50900000	51000000	1.0
NW_019211457.1	51000000	51100000	8.0
NW_019211457.1	51100000	51200000	3.0
NW_019211457.1	51400000	51500000	1.0
NW_019211457.1	51500000	51600000	1.0
NW_019211457.1	51600000	51700000	9.0
NW_019211457.1	51700000	51800000	3.0
NW_019211457.1	51800000	51900000	4.0
NW_019211457.1	52300000	52400000	1.0
NW_019211457.1	52600000	52700000	6.0
NW_019211457.1	52700000	52800000	5.0
NW_019211457.1	52800000	52869940	4.0
NW_019211458.1	0	100000	5.0
NW_019211458.1	100000	200000	4.0
NW_019211458.1	200000	300000	4.0
NW_019211458.1	300000	400000	6.0
NW_019211458.1	400000	500000	2.0
NW_019211458.1	500000	600000	6.0
NW_019211458.1	600000	700000	15.0
NW_019211458.1	700000	800000	2.0
NW_019211458.1	800000	900000	2.0
NW_019211458.1	1000000	1100000	3.0
NW_019211458.1	1100000	1200000	3.0
NW_019211458.1	1200000	1300000	2.0
NW_019211458.1	1300000	1400000	4.0
NW_019211458.1	1400000	1500000	9.0
NW_019211458.1	1500000	1600000	5.0
NW_019211458.1	1600000	1700000	1.0
NW_019211458.1	1700000	1800000	6.0
NW_019211458.1	1800000	1900000	4.0
NW_019211458.1	1900000	2000000	1.0
NW_019211458.1	2000000	2100000	1.0
NW_019211458.1	2100000	2200000	5.0
NW_019211458.1	2200000	2300000	3.0
NW_019211458.1	2300000	2400000	4.0
NW_019211458.1	2400000	2500000	4.0
NW_019211458.1	2500000	2600000	4.0
NW_019211458.1	2600000	2700000	1.0
NW_019211458.1	2700000	2800000	2.0
NW_019211458.1	2800000	2900000	2.0
NW_019211458.1	2900000	3000000	5.0
NW_019211458.1	3000000	3100000	5.0
NW_019211458.1	3100000	3200000	4.0
NW_019211458.1	3500000	3600000	1.0
NW_019211458.1	3600000	3700000	4.0
NW_019211458.1	3700000	3800000	7.0
NW_019211458.1	3800000	3900000	5.0
NW_019211458.1	3900000	4000000	3.0
NW_019211458.1	4000000	4100000	2.0
NW_019211458.1	4100000	4200000	3.0
NW_019211458.1	5000000	5100000	1.0
NW_019211458.1	5200000	5300000	1.0
NW_019211458.1	5600000	5700000	4.0
NW_019211458.1	5700000	5800000	3.0
NW_019211458.1	5800000	5900000	4.0
NW_019211458.1	5900000	6000000	2.0
NW_019211458.1	6000000	6100000	2.0
NW_019211458.1	6100000	6200000	5.0
NW_019211458.1	6200000	6300000	1.0
NW_019211458.1	6300000	6400000	5.0
NW_019211458.1	6400000	6500000	3.0
NW_019211458.1	6500000	6600000	2.0
NW_019211458.1	6600000	6700000	2.0
NW_019211458.1	6700000	6800000	1.0
NW_019211458.1	6800000	6900000	1.0
NW_019211458.1	6900000	7000000	3.0
NW_019211458.1	7000000	7100000	4.0
NW_019211458.1	7100000	7200000	3.0
NW_019211458.1	7200000	7300000	1.0
NW_019211458.1	7300000	7400000	3.0
NW_019211458.1	7400000	7500000	2.0
NW_019211458.1	7500000	7600000	1.0
NW_019211458.1	7600000	7700000	3.0
NW_019211458.1	7700000	7800000	3.0
NW_019211458.1	7800000	7900000	2.0
NW_019211458.1	7900000	8000000	1.0
NW_019211458.1	8000000	8100000	7.0
NW_019211458.1	8100000	8200000	1.0
NW_019211458.1	8200000	8300000	2.0
NW_019211458.1	8300000	8400000	6.0
NW_019211458.1	8400000	8500000	3.0
NW_019211458.1	8500000	8600000	7.0
NW_019211458.1	8600000	8700000	1.0
NW_019211458.1	8700000	8800000	3.0
NW_019211458.1	8800000	8900000	1.0
NW_019211458.1	9100000	9200000	3.0
NW_019211458.1	9200000	9300000	2.0
NW_019211458.1	9300000	9400000	1.0
NW_019211458.1	9400000	9500000	2.0
NW_019211458.1	9600000	9700000	1.0
NW_019211458.1	9900000	10000000	6.0
NW_019211458.1	10000000	10100000	5.0
NW_019211458.1	10100000	10200000	4.0
NW_019211458.1	10200000	10300000	1.0
NW_019211458.1	10300000	10400000	1.0
NW_019211458.1	10400000	10500000	1.0
NW_019211458.1	10500000	10600000	2.0
NW_019211458.1	10600000	10700000	1.0
NW_019211458.1	10700000	10800000	2.0
NW_019211458.1	10800000	10900000	1.0
NW_019211458.1	10900000	11000000	2.0
NW_019211458.1	11100000	11200000	3.0
NW_019211458.1	11200000	11300000	7.0
NW_019211458.1	11300000	11400000	1.0
NW_019211458.1	11400000	11500000	3.0
NW_019211458.1	11500000	11600000	1.0
NW_019211458.1	11600000	11700000	2.0
NW_019211458.1	11700000	11800000	6.0
NW_019211458.1	11800000	11900000	2.0
NW_019211458.1	11900000	12000000	1.0
NW_019211458.1	12000000	12100000	1.0
NW_019211458.1	12300000	12400000	4.0
NW_019211458.1	12400000	12500000	2.0
NW_019211458.1	12600000	12700000	1.0
NW_019211458.1	12800000	12900000	3.0
NW_019211458.1	12900000	13000000	2.0
NW_019211458.1	13000000	13100000	2.0
NW_019211458.1	13100000	13200000	1.0
NW_019211458.1	13200000	13300000	2.0
NW_019211458.1	13300000	13400000	3.0
NW_019211458.1	13400000	13500000	2.0
NW_019211458.1	13500000	13600000	4.0
NW_019211458.1	13600000	13700000	5.0
NW_019211458.1	13700000	13800000	1.0
NW_019211458.1	13900000	14000000	2.0
NW_019211458.1	14000000	14100000	4.0
NW_019211458.1	14100000	14200000	4.0
NW_019211458.1	14200000	14300000	5.0
NW_019211458.1	14300000	14400000	3.0
NW_019211458.1	14400000	14500000	5.0
NW_019211458.1	14500000	14600000	9.0
NW_019211458.1	14600000	14700000	9.0
NW_019211458.1	14700000	14800000	3.0
NW_019211458.1	14800000	14900000	1.0
NW_019211458.1	14900000	15000000	5.0
NW_019211458.1	15000000	15100000	4.0
NW_019211458.1	15100000	15200000	3.0
NW_019211458.1	15200000	15300000	4.0
NW_019211458.1	15300000	15400000	4.0
NW_019211458.1	15400000	15500000	6.0
NW_019211458.1	15500000	15600000	3.0
NW_019211458.1	15600000	15700000	2.0
NW_019211458.1	15700000	15800000	1.0
NW_019211458.1	15800000	15900000	1.0
NW_019211458.1	15900000	16000000	7.0
NW_019211458.1	16100000	16200000	4.0
NW_019211458.1	16200000	16300000	6.0
NW_019211458.1	16300000	16400000	4.0
NW_019211458.1	16400000	16500000	4.0
NW_019211458.1	16500000	16600000	3.0
NW_019211458.1	16600000	16700000	8.0
NW_019211458.1	16700000	16800000	6.0
NW_019211458.1	16800000	16900000	6.0
NW_019211458.1	17000000	17100000	6.0
NW_019211458.1	17100000	17200000	1.0
NW_019211458.1	17200000	17300000	5.0
NW_019211458.1	17400000	17500000	1.0
NW_019211458.1	17500000	17600000	1.0
NW_019211458.1	17600000	17700000	5.0
NW_019211458.1	17700000	17800000	1.0
NW_019211458.1	17800000	17900000	3.0
NW_019211458.1	17900000	18000000	2.0
NW_019211458.1	18100000	18200000	1.0
NW_019211458.1	18000000	18100000	2.0
NW_019211458.1	18200000	18300000	2.0
NW_019211458.1	18300000	18400000	2.0
NW_019211458.1	18400000	18500000	1.0
NW_019211458.1	18500000	18600000	3.0
NW_019211458.1	18700000	18800000	2.0
NW_019211458.1	18800000	18900000	7.0
NW_019211458.1	18900000	19000000	2.0
NW_019211458.1	19000000	19100000	7.0
NW_019211458.1	19300000	19400000	1.0
NW_019211458.1	19700000	19800000	1.0
NW_019211458.1	19800000	19900000	1.0
NW_019211458.1	19900000	20000000	5.0
NW_019211458.1	20000000	20100000	4.0
NW_019211458.1	20100000	20200000	4.0
NW_019211458.1	20200000	20300000	1.0
NW_019211458.1	20400000	20500000	3.0
NW_019211458.1	20500000	20600000	3.0
NW_019211458.1	20600000	20700000	2.0
NW_019211458.1	20700000	20800000	4.0
NW_019211458.1	20800000	20900000	2.0
NW_019211458.1	20900000	21000000	6.0
NW_019211458.1	21000000	21100000	3.0
NW_019211458.1	21100000	21200000	7.0
NW_019211458.1	21200000	21300000	1.0
NW_019211458.1	21400000	21500000	1.0
NW_019211458.1	21600000	21700000	1.0
NW_019211458.1	21700000	21800000	2.0
NW_019211458.1	21800000	21900000	6.0
NW_019211458.1	21900000	22000000	7.0
NW_019211458.1	22000000	22100000	2.0
NW_019211458.1	22200000	22300000	1.0
NW_019211458.1	22300000	22400000	5.0
NW_019211458.1	22400000	22500000	3.0
NW_019211458.1	22700000	22800000	1.0
NW_019211458.1	22900000	23000000	1.0
NW_019211458.1	23100000	23200000	1.0
NW_019211458.1	23200000	23300000	6.0
NW_019211458.1	23300000	23400000	2.0
NW_019211458.1	23400000	23500000	2.0
NW_019211458.1	23500000	23600000	4.0
NW_019211458.1	23600000	23700000	2.0
NW_019211458.1	23700000	23800000	2.0
NW_019211458.1	23800000	23900000	6.0
NW_019211458.1	23900000	24000000	1.0
NW_019211458.1	24000000	24100000	1.0
NW_019211458.1	24100000	24200000	4.0
NW_019211458.1	24200000	24300000	2.0
NW_019211458.1	24400000	24500000	4.0
NW_019211458.1	24500000	24600000	3.0
NW_019211458.1	24600000	24700000	1.0
NW_019211458.1	24700000	24800000	3.0
NW_019211458.1	24800000	24900000	3.0
NW_019211458.1	24900000	25000000	5.0
NW_019211458.1	25000000	25100000	2.0
NW_019211458.1	25100000	25200000	2.0
NW_019211458.1	25300000	25400000	1.0
NW_019211458.1	25500000	25600000	1.0
NW_019211458.1	25600000	25700000	1.0
NW_019211458.1	25700000	25800000	6.0
NW_019211458.1	25800000	25900000	5.0
NW_019211458.1	25900000	26000000	4.0
NW_019211458.1	26000000	26100000	6.0
NW_019211458.1	26100000	26200000	7.0
NW_019211458.1	26900000	27000000	1.0
NW_019211458.1	26700000	26800000	2.0
NW_019211458.1	26800000	26900000	1.0
NW_019211458.1	27000000	27100000	2.0
NW_019211458.1	27100000	27200000	3.0
NW_019211458.1	27200000	27300000	4.0
NW_019211458.1	27300000	27400000	4.0
NW_019211458.1	27400000	27500000	10.0
NW_019211458.1	27500000	27600000	4.0
NW_019211458.1	27600000	27700000	3.0
NW_019211458.1	27700000	27800000	2.0
NW_019211458.1	27800000	27900000	1.0
NW_019211458.1	28100000	28200000	1.0
NW_019211458.1	28200000	28300000	6.0
NW_019211458.1	28300000	28400000	4.0
NW_019211458.1	28500000	28600000	1.0
NW_019211458.1	28600000	28700000	3.0
NW_019211458.1	28700000	28800000	1.0
NW_019211458.1	28800000	28900000	2.0
NW_019211458.1	28900000	29000000	2.0
NW_019211458.1	29000000	29100000	1.0
NW_019211458.1	29100000	29200000	4.0
NW_019211458.1	29200000	29300000	4.0
NW_019211458.1	29300000	29400000	10.0
NW_019211458.1	29800000	29900000	2.0
NW_019211458.1	29400000	29500000	7.0
NW_019211458.1	29500000	29600000	3.0
NW_019211458.1	29700000	29800000	3.0
NW_019211458.1	29900000	30000000	1.0
NW_019211458.1	30000000	30100000	1.0
NW_019211458.1	30100000	30200000	2.0
NW_019211458.1	30200000	30300000	6.0
NW_019211458.1	30300000	30400000	3.0
NW_019211458.1	30400000	30500000	5.0
NW_019211458.1	30500000	30600000	6.0
NW_019211458.1	30600000	30700000	3.0
NW_019211458.1	30700000	30800000	7.0
NW_019211458.1	30800000	30900000	7.0
NW_019211458.1	30900000	31000000	2.0
NW_019211458.1	31000000	31100000	1.0
NW_019211458.1	31300000	31400000	3.0
NW_019211458.1	31400000	31500000	2.0
NW_019211458.1	31700000	31800000	1.0
NW_019211458.1	31800000	31900000	5.0
NW_019211458.1	32000000	32100000	1.0
NW_019211458.1	32200000	32300000	2.0
NW_019211458.1	32300000	32400000	5.0
NW_019211458.1	32400000	32500000	4.0
NW_019211458.1	32500000	32600000	4.0
NW_019211458.1	32600000	32700000	4.0
NW_019211458.1	32700000	32800000	3.0
NW_019211458.1	32800000	32900000	2.0
NW_019211458.1	32900000	33000000	7.0
NW_019211458.1	33000000	33100000	8.0
NW_019211458.1	33100000	33200000	5.0
NW_019211458.1	33200000	33300000	3.0
NW_019211458.1	33300000	33400000	2.0
NW_019211458.1	33400000	33500000	4.0
NW_019211458.1	33500000	33600000	4.0
NW_019211458.1	33600000	33700000	6.0
NW_019211458.1	33700000	33800000	2.0
NW_019211458.1	33800000	33900000	10.0
NW_019211458.1	33900000	34000000	6.0
NW_019211458.1	34000000	34100000	4.0
NW_019211458.1	34100000	34200000	2.0
NW_019211458.1	34300000	34400000	2.0
NW_019211458.1	34400000	34500000	3.0
NW_019211458.1	34500000	34600000	4.0
NW_019211458.1	34600000	34700000	6.0
NW_019211458.1	34700000	34800000	2.0
NW_019211458.1	34900000	35000000	2.0
NW_019211458.1	35000000	35100000	4.0
NW_019211458.1	35100000	35200000	2.0
NW_019211458.1	35200000	35300000	2.0
NW_019211458.1	35300000	35400000	2.0
NW_019211458.1	35400000	35500000	6.0
NW_019211458.1	35600000	35700000	1.0
NW_019211458.1	35500000	35600000	1.0
NW_019211458.1	35800000	35900000	9.0
NW_019211458.1	35900000	36000000	11.0
NW_019211458.1	36000000	36100000	5.0
NW_019211458.1	36100000	36200000	4.0
NW_019211458.1	36200000	36300000	2.0
NW_019211458.1	36400000	36500000	5.0
NW_019211458.1	36500000	36600000	3.0
NW_019211458.1	36600000	36700000	5.0
NW_019211458.1	36700000	36800000	5.0
NW_019211458.1	36800000	36900000	1.0
NW_019211458.1	36900000	37000000	1.0
NW_019211458.1	37000000	37100000	3.0
NW_019211458.1	37100000	37200000	3.0
NW_019211458.1	37200000	37300000	1.0
NW_019211458.1	37300000	37400000	3.0
NW_019211458.1	37400000	37500000	5.0
NW_019211458.1	37500000	37600000	2.0
NW_019211458.1	37600000	37700000	3.0
NW_019211458.1	37700000	37800000	4.0
NW_019211458.1	37900000	38000000	1.0
NW_019211458.1	38100000	38200000	1.0
NW_019211458.1	38200000	38300000	4.0
NW_019211458.1	38300000	38400000	2.0
NW_019211458.1	38400000	38500000	6.0
NW_019211458.1	38500000	38600000	2.0
NW_019211458.1	38600000	38700000	5.0
NW_019211458.1	38700000	38800000	1.0
NW_019211458.1	38800000	38900000	5.0
NW_019211458.1	38900000	39000000	8.0
NW_019211458.1	39000000	39100000	1.0
NW_019211458.1	39100000	39200000	1.0
NW_019211458.1	39300000	39400000	4.0
NW_019211458.1	39500000	39600000	1.0
NW_019211458.1	39600000	39700000	4.0
NW_019211458.1	39700000	39800000	3.0
NW_019211458.1	39800000	39900000	3.0
NW_019211458.1	39900000	40000000	1.0
NW_019211458.1	40000000	40100000	2.0
NW_019211458.1	40100000	40200000	1.0
NW_019211458.1	40300000	40400000	4.0
NW_019211458.1	40600000	40700000	1.0
NW_019211458.1	40700000	40800000	3.0
NW_019211458.1	40800000	40900000	1.0
NW_019211458.1	40900000	41000000	3.0
NW_019211458.1	41000000	41100000	8.0
NW_019211458.1	41100000	41200000	1.0
NW_019211458.1	41300000	41400000	1.0
NW_019211458.1	41400000	41500000	1.0
NW_019211458.1	41500000	41600000	3.0
NW_019211458.1	41600000	41700000	3.0
NW_019211458.1	41700000	41800000	1.0
NW_019211458.1	41800000	41900000	1.0
NW_019211458.1	41900000	41951891	1.0
NW_019211459.1	100000	200000	1.0
NW_019211459.1	200000	300000	1.0
NW_019211459.1	300000	400000	1.0
NW_019211459.1	500000	600000	3.0
NW_019211459.1	600000	700000	4.0
NW_019211459.1	700000	800000	3.0
NW_019211459.1	800000	900000	4.0
NW_019211459.1	900000	1000000	4.0
NW_019211459.1	1000000	1100000	5.0
NW_019211459.1	1100000	1200000	1.0
NW_019211459.1	1200000	1300000	1.0
NW_019211459.1	1300000	1400000	1.0
NW_019211459.1	1400000	1500000	4.0
NW_019211459.1	1500000	1600000	6.0
NW_019211459.1	1600000	1700000	3.0
NW_019211459.1	1700000	1800000	4.0
NW_019211459.1	1800000	1900000	3.0
NW_019211459.1	1900000	2000000	4.0
NW_019211459.1	2000000	2100000	7.0
NW_019211459.1	2100000	2200000	6.0
NW_019211459.1	2200000	2300000	2.0
NW_019211459.1	2300000	2400000	5.0
NW_019211459.1	2400000	2500000	5.0
NW_019211459.1	2500000	2600000	5.0
NW_019211459.1	2600000	2700000	5.0
NW_019211459.1	2700000	2800000	3.0
NW_019211459.1	2900000	3000000	1.0
NW_019211459.1	3000000	3100000	2.0
NW_019211459.1	3100000	3200000	4.0
NW_019211459.1	3300000	3400000	1.0
NW_019211459.1	3500000	3600000	2.0
NW_019211459.1	3600000	3700000	3.0
NW_019211459.1	3700000	3800000	5.0
NW_019211459.1	3800000	3900000	4.0
NW_019211459.1	3900000	4000000	5.0
NW_019211459.1	4000000	4100000	2.0
NW_019211459.1	4100000	4200000	6.0
NW_019211459.1	4200000	4300000	7.0
NW_019211459.1	4300000	4400000	12.0
NW_019211459.1	4400000	4500000	6.0
NW_019211459.1	4600000	4700000	2.0
NW_019211459.1	4700000	4800000	7.0
NW_019211459.1	4800000	4900000	6.0
NW_019211459.1	4900000	5000000	5.0
NW_019211459.1	5000000	5100000	3.0
NW_019211459.1	5100000	5200000	6.0
NW_019211459.1	5200000	5300000	2.0
NW_019211459.1	5300000	5400000	4.0
NW_019211459.1	5400000	5500000	4.0
NW_019211459.1	5500000	5600000	4.0
NW_019211459.1	5600000	5700000	3.0
NW_019211459.1	5700000	5800000	4.0
NW_019211459.1	5800000	5900000	8.0
NW_019211459.1	5900000	6000000	6.0
NW_019211459.1	6000000	6100000	5.0
NW_019211459.1	6100000	6200000	1.0
NW_019211459.1	6200000	6300000	1.0
NW_019211459.1	6300000	6400000	2.0
NW_019211459.1	6400000	6500000	4.0
NW_019211459.1	6500000	6600000	3.0
NW_019211459.1	6600000	6700000	7.0
NW_019211459.1	6700000	6800000	1.0
NW_019211459.1	6800000	6900000	1.0
NW_019211459.1	6900000	7000000	2.0
NW_019211459.1	7000000	7100000	2.0
NW_019211459.1	7100000	7200000	1.0
NW_019211459.1	7300000	7400000	2.0
NW_019211459.1	7400000	7500000	5.0
NW_019211459.1	7500000	7600000	3.0
NW_019211459.1	7600000	7700000	1.0
NW_019211459.1	7700000	7800000	5.0
NW_019211459.1	7800000	7900000	1.0
NW_019211459.1	7900000	8000000	6.0
NW_019211459.1	8000000	8100000	4.0
NW_019211459.1	8100000	8200000	3.0
NW_019211459.1	8200000	8300000	1.0
NW_019211459.1	8300000	8400000	4.0
NW_019211459.1	8400000	8500000	6.0
NW_019211459.1	8500000	8600000	5.0
NW_019211459.1	8600000	8700000	8.0
NW_019211459.1	8700000	8800000	6.0
NW_019211459.1	8800000	8900000	2.0
NW_019211459.1	8900000	9000000	2.0
NW_019211459.1	9000000	9100000	5.0
NW_019211459.1	9100000	9200000	4.0
NW_019211459.1	9600000	9700000	1.0
NW_019211459.1	9800000	9900000	2.0
NW_019211459.1	9900000	10000000	1.0
NW_019211459.1	10000000	10100000	9.0
NW_019211459.1	10100000	10200000	4.0
NW_019211459.1	10200000	10300000	2.0
NW_019211459.1	10400000	10500000	4.0
NW_019211459.1	10500000	10600000	2.0
NW_019211459.1	10600000	10700000	1.0
NW_019211459.1	10800000	10900000	3.0
NW_019211459.1	10900000	11000000	4.0
NW_019211459.1	11000000	11100000	5.0
NW_019211459.1	11100000	11200000	4.0
NW_019211459.1	11200000	11300000	4.0
NW_019211459.1	11300000	11400000	2.0
NW_019211459.1	11400000	11500000	4.0
NW_019211459.1	11500000	11600000	1.0
NW_019211459.1	11700000	11800000	4.0
NW_019211459.1	11800000	11900000	8.0
NW_019211459.1	11900000	12000000	3.0
NW_019211459.1	12000000	12100000	2.0
NW_019211459.1	12100000	12200000	6.0
NW_019211459.1	12200000	12300000	3.0
NW_019211459.1	12300000	12400000	1.0
NW_019211459.1	12400000	12500000	4.0
NW_019211459.1	12500000	12600000	3.0
NW_019211459.1	12600000	12700000	3.0
NW_019211459.1	12700000	12800000	5.0
NW_019211459.1	12800000	12900000	2.0
NW_019211459.1	13000000	13100000	1.0
NW_019211459.1	13100000	13200000	1.0
NW_019211459.1	13200000	13300000	5.0
NW_019211459.1	13500000	13600000	1.0
NW_019211459.1	13800000	13900000	1.0
NW_019211459.1	13900000	14000000	5.0
NW_019211459.1	14000000	14100000	2.0
NW_019211459.1	14100000	14200000	5.0
NW_019211459.1	14200000	14300000	6.0
NW_019211459.1	14300000	14400000	3.0
NW_019211459.1	14400000	14500000	1.0
NW_019211459.1	14500000	14600000	2.0
NW_019211459.1	14600000	14700000	4.0
NW_019211459.1	14700000	14800000	6.0
NW_019211459.1	14800000	14900000	2.0
NW_019211459.1	14900000	15000000	2.0
NW_019211459.1	15100000	15200000	3.0
NW_019211459.1	15200000	15300000	3.0
NW_019211459.1	15300000	15400000	3.0
NW_019211459.1	15400000	15500000	8.0
NW_019211459.1	15500000	15600000	3.0
NW_019211459.1	15600000	15700000	1.0
NW_019211459.1	15700000	15800000	4.0
NW_019211459.1	15800000	15900000	11.0
NW_019211459.1	15900000	16000000	4.0
NW_019211459.1	16000000	16100000	4.0
NW_019211459.1	16100000	16200000	6.0
NW_019211459.1	16200000	16300000	5.0
NW_019211459.1	16300000	16400000	5.0
NW_019211459.1	16400000	16500000	3.0
NW_019211459.1	16500000	16600000	9.0
NW_019211459.1	16600000	16700000	8.0
NW_019211459.1	16700000	16800000	5.0
NW_019211459.1	16800000	16900000	6.0
NW_019211459.1	16900000	17000000	4.0
NW_019211459.1	17000000	17100000	6.0
NW_019211459.1	17100000	17200000	2.0
NW_019211459.1	17200000	17300000	3.0
NW_019211459.1	17300000	17400000	3.0
NW_019211459.1	17400000	17500000	9.0
NW_019211459.1	17500000	17600000	7.0
NW_019211459.1	17600000	17700000	5.0
NW_019211459.1	17700000	17800000	4.0
NW_019211459.1	17800000	17900000	6.0
NW_019211459.1	17900000	18000000	3.0
NW_019211459.1	18100000	18200000	1.0
NW_019211459.1	18300000	18400000	2.0
NW_019211459.1	18400000	18500000	2.0
NW_019211459.1	18500000	18600000	1.0
NW_019211459.1	18700000	18800000	4.0
NW_019211459.1	18800000	18900000	6.0
NW_019211459.1	18900000	19000000	4.0
NW_019211459.1	19000000	19100000	1.0
NW_019211459.1	19200000	19300000	1.0
NW_019211459.1	19300000	19400000	3.0
NW_019211459.1	19400000	19500000	3.0
NW_019211459.1	19500000	19600000	5.0
NW_019211459.1	19600000	19700000	3.0
NW_019211459.1	19700000	19800000	1.0
NW_019211459.1	19800000	19900000	1.0
NW_019211459.1	19900000	20000000	2.0
NW_019211459.1	20000000	20100000	4.0
NW_019211459.1	20100000	20200000	1.0
NW_019211459.1	20200000	20300000	6.0
NW_019211459.1	20300000	20400000	5.0
NW_019211459.1	20400000	20500000	4.0
NW_019211459.1	20500000	20600000	1.0
NW_019211459.1	20600000	20700000	6.0
NW_019211459.1	20700000	20800000	1.0
NW_019211459.1	20800000	20900000	1.0
NW_019211459.1	20900000	21000000	3.0
NW_019211459.1	21000000	21100000	7.0
NW_019211459.1	21100000	21200000	2.0
NW_019211459.1	21200000	21300000	2.0
NW_019211459.1	21300000	21400000	9.0
NW_019211459.1	21400000	21500000	5.0
NW_019211459.1	21500000	21600000	3.0
NW_019211459.1	21600000	21700000	4.0
NW_019211459.1	21700000	21800000	2.0
NW_019211459.1	21800000	21900000	2.0
NW_019211459.1	21900000	22000000	2.0
NW_019211459.1	22000000	22100000	1.0
NW_019211459.1	22200000	22300000	1.0
NW_019211459.1	22300000	22400000	1.0
NW_019211459.1	22400000	22500000	6.0
NW_019211459.1	22700000	22800000	2.0
NW_019211459.1	22500000	22600000	3.0
NW_019211459.1	22900000	23000000	4.0
NW_019211459.1	23000000	23100000	4.0
NW_019211459.1	23100000	23200000	1.0
NW_019211459.1	23300000	23400000	1.0
NW_019211459.1	23500000	23600000	2.0
NW_019211459.1	23600000	23700000	1.0
NW_019211459.1	23700000	23800000	3.0
NW_019211459.1	23800000	23900000	10.0
NW_019211459.1	23900000	24000000	5.0
NW_019211459.1	24000000	24100000	3.0
NW_019211459.1	24100000	24200000	7.0
NW_019211459.1	24200000	24300000	3.0
NW_019211459.1	24300000	24400000	3.0
NW_019211459.1	24400000	24500000	2.0
NW_019211459.1	24600000	24700000	1.0
NW_019211459.1	24700000	24800000	1.0
NW_019211459.1	24800000	24900000	4.0
NW_019211459.1	24900000	25000000	1.0
NW_019211459.1	25000000	25100000	1.0
NW_019211459.1	25100000	25200000	2.0
NW_019211459.1	25300000	25400000	1.0
NW_019211459.1	25500000	25600000	5.0
NW_019211459.1	25600000	25700000	5.0
NW_019211459.1	25700000	25800000	2.0
NW_019211459.1	25900000	26000000	2.0
NW_019211459.1	25800000	25900000	1.0
NW_019211459.1	26000000	26100000	7.0
NW_019211459.1	26100000	26200000	7.0
NW_019211459.1	26200000	26300000	1.0
NW_019211459.1	26300000	26400000	11.0
NW_019211459.1	26400000	26500000	5.0
NW_019211459.1	26500000	26600000	5.0
NW_019211459.1	26600000	26700000	3.0
NW_019211459.1	26700000	26800000	6.0
NW_019211459.1	26800000	26900000	5.0
NW_019211459.1	26900000	27000000	5.0
NW_019211459.1	27000000	27100000	4.0
NW_019211459.1	27100000	27200000	2.0
NW_019211459.1	27200000	27300000	5.0
NW_019211459.1	27300000	27400000	2.0
NW_019211459.1	27400000	27500000	3.0
NW_019211459.1	27500000	27600000	7.0
NW_019211459.1	27600000	27700000	10.0
NW_019211459.1	27700000	27800000	7.0
NW_019211459.1	27800000	27900000	4.0
NW_019211459.1	27900000	28000000	3.0
NW_019211459.1	28000000	28100000	7.0
NW_019211459.1	28100000	28200000	9.0
NW_019211459.1	28200000	28300000	4.0
NW_019211459.1	28300000	28400000	4.0
NW_019211459.1	28400000	28500000	4.0
NW_019211459.1	28500000	28600000	1.0
NW_019211459.1	28600000	28700000	2.0
NW_019211459.1	28700000	28800000	2.0
NW_019211459.1	28800000	28900000	2.0
NW_019211459.1	29100000	29200000	1.0
NW_019211459.1	29200000	29300000	3.0
NW_019211459.1	29300000	29400000	2.0
NW_019211459.1	29400000	29500000	4.0
NW_019211459.1	29500000	29600000	1.0
NW_019211459.1	30000000	30100000	1.0
NW_019211459.1	30100000	30200000	1.0
NW_019211459.1	30200000	30300000	3.0
NW_019211459.1	30300000	30400000	2.0
NW_019211459.1	30400000	30500000	2.0
NW_019211459.1	30500000	30600000	2.0
NW_019211459.1	30600000	30700000	1.0
NW_019211459.1	30700000	30800000	1.0
NW_019211459.1	30900000	31000000	9.0
NW_019211459.1	31000000	31100000	7.0
NW_019211459.1	31100000	31200000	9.0
NW_019211459.1	31200000	31300000	8.0
NW_019211459.1	31300000	31400000	4.0
NW_019211459.1	31400000	31500000	2.0
NW_019211459.1	31500000	31600000	4.0
NW_019211459.1	31700000	31800000	1.0
NW_019211459.1	31800000	31900000	1.0
NW_019211459.1	31900000	32000000	6.0
NW_019211459.1	32000000	32100000	3.0
NW_019211459.1	32100000	32200000	5.0
NW_019211459.1	32200000	32300000	2.0
NW_019211459.1	32300000	32400000	7.0
NW_019211459.1	32400000	32500000	3.0
NW_019211459.1	32500000	32551654	5.0
NW_019211460.1	0	100000	1.0
NW_019211460.1	100000	200000	1.0
NW_019211460.1	200000	300000	1.0
NW_019211460.1	300000	400000	5.0
NW_019211460.1	400000	500000	3.0
NW_019211460.1	500000	600000	7.0
NW_019211460.1	700000	800000	2.0
NW_019211460.1	800000	900000	4.0
NW_019211460.1	900000	1000000	9.0
NW_019211460.1	1000000	1100000	7.0
NW_019211460.1	1100000	1200000	7.0
NW_019211460.1	1200000	1300000	9.0
NW_019211460.1	1300000	1400000	5.0
NW_019211460.1	1400000	1500000	9.0
NW_019211460.1	1500000	1600000	7.0
NW_019211460.1	1600000	1700000	3.0
NW_019211460.1	1700000	1800000	4.0
NW_019211460.1	1800000	1900000	2.0
NW_019211460.1	1900000	2000000	5.0
NW_019211460.1	2000000	2100000	5.0
NW_019211460.1	2100000	2200000	3.0
NW_019211460.1	2200000	2300000	5.0
NW_019211460.1	2300000	2400000	8.0
NW_019211460.1	2400000	2500000	7.0
NW_019211460.1	2500000	2600000	5.0
NW_019211460.1	2600000	2700000	2.0
NW_019211460.1	2700000	2800000	5.0
NW_019211460.1	2800000	2900000	4.0
NW_019211460.1	2900000	3000000	7.0
NW_019211460.1	3000000	3100000	5.0
NW_019211460.1	3100000	3200000	3.0
NW_019211460.1	3200000	3300000	2.0
NW_019211460.1	3300000	3400000	5.0
NW_019211460.1	3400000	3500000	7.0
NW_019211460.1	3500000	3600000	6.0
NW_019211460.1	3600000	3700000	3.0
NW_019211460.1	3700000	3800000	5.0
NW_019211460.1	3800000	3900000	5.0
NW_019211460.1	3900000	4000000	5.0
NW_019211460.1	4000000	4100000	1.0
NW_019211460.1	4100000	4200000	1.0
NW_019211460.1	4200000	4300000	6.0
NW_019211460.1	4300000	4400000	3.0
NW_019211460.1	4400000	4500000	3.0
NW_019211460.1	4500000	4600000	4.0
NW_019211460.1	4600000	4700000	5.0
NW_019211460.1	4700000	4800000	4.0
NW_019211460.1	4800000	4900000	3.0
NW_019211460.1	4900000	5000000	3.0
NW_019211460.1	5000000	5100000	3.0
NW_019211460.1	5100000	5200000	1.0
NW_019211460.1	5200000	5300000	1.0
NW_019211460.1	5300000	5400000	2.0
NW_019211460.1	5400000	5500000	1.0
NW_019211460.1	5600000	5700000	1.0
NW_019211460.1	5500000	5600000	1.0
NW_019211460.1	5700000	5800000	2.0
NW_019211460.1	5900000	6000000	4.0
NW_019211460.1	6000000	6100000	3.0
NW_019211460.1	6100000	6200000	5.0
NW_019211460.1	6300000	6400000	1.0
NW_019211460.1	6400000	6500000	3.0
NW_019211460.1	6600000	6700000	1.0
NW_019211460.1	6700000	6800000	1.0
NW_019211460.1	6800000	6900000	4.0
NW_019211460.1	6900000	7000000	3.0
NW_019211460.1	7000000	7100000	5.0
NW_019211460.1	7100000	7200000	4.0
NW_019211460.1	7200000	7300000	4.0
NW_019211460.1	7300000	7400000	6.0
NW_019211460.1	7400000	7500000	5.0
NW_019211460.1	7500000	7600000	7.0
NW_019211460.1	7600000	7700000	8.0
NW_019211460.1	7700000	7800000	9.0
NW_019211460.1	7800000	7900000	6.0
NW_019211460.1	7900000	8000000	7.0
NW_019211460.1	8000000	8100000	3.0
NW_019211460.1	8100000	8200000	1.0
NW_019211460.1	8200000	8300000	1.0
NW_019211460.1	8300000	8400000	1.0
NW_019211460.1	8400000	8500000	1.0
NW_019211460.1	8500000	8600000	1.0
NW_019211460.1	8600000	8700000	1.0
NW_019211460.1	8700000	8800000	3.0
NW_019211460.1	8800000	8900000	2.0
NW_019211460.1	8900000	9000000	2.0
NW_019211460.1	9000000	9100000	4.0
NW_019211460.1	9100000	9200000	2.0
NW_019211460.1	9200000	9300000	1.0
NW_019211460.1	9500000	9600000	1.0
NW_019211460.1	9600000	9700000	1.0
NW_019211460.1	9800000	9900000	1.0
NW_019211460.1	10000000	10100000	3.0
NW_019211460.1	10100000	10200000	5.0
NW_019211460.1	10200000	10300000	1.0
NW_019211460.1	10300000	10400000	2.0
NW_019211460.1	10400000	10500000	1.0
NW_019211460.1	10500000	10600000	1.0
NW_019211460.1	10700000	10800000	6.0
NW_019211460.1	10800000	10900000	2.0
NW_019211460.1	10900000	11000000	1.0
NW_019211460.1	11000000	11100000	2.0
NW_019211460.1	11100000	11200000	4.0
NW_019211460.1	11200000	11300000	2.0
NW_019211460.1	11300000	11400000	1.0
NW_019211460.1	11400000	11500000	2.0
NW_019211460.1	11500000	11600000	9.0
NW_019211460.1	11600000	11700000	7.0
NW_019211460.1	11800000	11900000	1.0
NW_019211460.1	11900000	12000000	1.0
NW_019211460.1	12000000	12100000	2.0
NW_019211460.1	12100000	12200000	1.0
NW_019211460.1	12200000	12300000	1.0
NW_019211460.1	12500000	12600000	3.0
NW_019211460.1	12600000	12700000	2.0
NW_019211460.1	13100000	13200000	1.0
NW_019211460.1	13200000	13300000	4.0
NW_019211460.1	13300000	13400000	5.0
NW_019211460.1	13500000	13600000	1.0
NW_019211460.1	13600000	13700000	3.0
NW_019211460.1	13700000	13800000	3.0
NW_019211460.1	13900000	14000000	1.0
NW_019211460.1	14000000	14100000	1.0
NW_019211460.1	14200000	14300000	3.0
NW_019211460.1	14300000	14400000	3.0
NW_019211460.1	14400000	14500000	3.0
NW_019211460.1	14500000	14600000	2.0
NW_019211460.1	14700000	14800000	2.0
NW_019211460.1	14800000	14900000	1.0
NW_019211460.1	14900000	15000000	1.0
NW_019211460.1	15100000	15200000	2.0
NW_019211460.1	15200000	15300000	5.0
NW_019211460.1	15300000	15400000	4.0
NW_019211460.1	15400000	15500000	2.0
NW_019211460.1	15500000	15600000	3.0
NW_019211460.1	15700000	15800000	5.0
NW_019211460.1	15800000	15900000	1.0
NW_019211460.1	16000000	16100000	1.0
NW_019211460.1	16200000	16300000	5.0
NW_019211460.1	16300000	16400000	7.0
NW_019211460.1	16400000	16500000	1.0
NW_019211460.1	16600000	16700000	1.0
NW_019211460.1	16700000	16800000	5.0
NW_019211460.1	16800000	16900000	4.0
NW_019211460.1	16900000	17000000	2.0
NW_019211460.1	17000000	17100000	2.0
NW_019211460.1	17100000	17200000	2.0
NW_019211460.1	17200000	17300000	1.0
NW_019211460.1	17300000	17400000	2.0
NW_019211460.1	17400000	17500000	3.0
NW_019211460.1	17500000	17600000	1.0
NW_019211460.1	17600000	17700000	1.0
NW_019211460.1	17700000	17800000	4.0
NW_019211460.1	17900000	18000000	1.0
NW_019211460.1	18000000	18100000	1.0
NW_019211460.1	18200000	18300000	1.0
NW_019211460.1	18300000	18400000	1.0
NW_019211460.1	18500000	18600000	1.0
NW_019211460.1	18700000	18800000	1.0
NW_019211460.1	18800000	18900000	1.0
NW_019211460.1	18900000	19000000	1.0
NW_019211460.1	19000000	19100000	1.0
NW_019211460.1	19100000	19200000	3.0
NW_019211460.1	19200000	19300000	8.0
NW_019211460.1	19300000	19400000	10.0
NW_019211460.1	19400000	19500000	2.0
NW_019211460.1	19500000	19600000	4.0
NW_019211460.1	19600000	19700000	3.0
NW_019211460.1	20000000	20100000	1.0
NW_019211460.1	20400000	20500000	1.0
NW_019211460.1	20700000	20800000	2.0
NW_019211460.1	20800000	20900000	1.0
NW_019211460.1	20900000	21000000	1.0
NW_019211460.1	21000000	21100000	1.0
NW_019211460.1	21200000	21300000	1.0
NW_019211460.1	21400000	21500000	1.0
NW_019211460.1	21500000	21600000	2.0
NW_019211460.1	21600000	21700000	9.0
NW_019211460.1	21700000	21800000	10.0
NW_019211460.1	21800000	21900000	2.0
NW_019211460.1	21900000	22000000	1.0
NW_019211460.1	22200000	22300000	3.0
NW_019211460.1	22300000	22400000	4.0
NW_019211460.1	22400000	22500000	7.0
NW_019211460.1	22500000	22600000	5.0
NW_019211460.1	22600000	22700000	2.0
NW_019211460.1	22700000	22800000	1.0
NW_019211460.1	22900000	23000000	1.0
NW_019211460.1	23000000	23100000	2.0
NW_019211460.1	23100000	23200000	5.0
NW_019211460.1	23200000	23300000	3.0
NW_019211460.1	23300000	23400000	1.0
NW_019211460.1	23400000	23500000	4.0
NW_019211460.1	23500000	23600000	9.0
NW_019211460.1	23600000	23700000	1.0
NW_019211460.1	23700000	23800000	2.0
NW_019211460.1	23800000	23900000	1.0
NW_019211460.1	23900000	24000000	4.0
NW_019211460.1	24000000	24100000	1.0
NW_019211460.1	24100000	24200000	2.0
NW_019211460.1	24200000	24300000	1.0
NW_019211460.1	24300000	24400000	2.0
NW_019211460.1	24800000	24900000	1.0
NW_019211460.1	25400000	25500000	1.0
NW_019211460.1	25600000	25700000	2.0
NW_019211460.1	25700000	25800000	2.0
NW_019211460.1	25800000	25900000	3.0
NW_019211460.1	25900000	26000000	1.0
NW_019211460.1	26000000	26100000	3.0
NW_019211460.1	26100000	26200000	6.0
NW_019211460.1	26200000	26300000	6.0
NW_019211460.1	26300000	26400000	1.0
NW_019211460.1	26400000	26500000	4.0
NW_019211460.1	26500000	26600000	5.0
NW_019211460.1	26700000	26800000	1.0
NW_019211460.1	26800000	26900000	4.0
NW_019211460.1	26900000	27000000	4.0
NW_019211460.1	27000000	27100000	1.0
NW_019211460.1	27100000	27200000	1.0
NW_019211460.1	27400000	27500000	1.0
NW_019211460.1	27500000	27600000	1.0
NW_019211460.1	27700000	27800000	1.0
NW_019211460.1	27800000	27900000	5.0
NW_019211460.1	27900000	28000000	3.0
NW_019211460.1	28000000	28100000	3.0
NW_019211460.1	28100000	28200000	8.0
NW_019211460.1	28200000	28300000	5.0
NW_019211460.1	28300000	28400000	5.0
NW_019211460.1	28500000	28600000	1.0
NW_019211460.1	28700000	28800000	9.0
NW_019211460.1	28800000	28900000	9.0
NW_019211460.1	28900000	29000000	2.0
NW_019211460.1	29200000	29300000	5.0
NW_019211460.1	29300000	29400000	2.0
NW_019211460.1	29400000	29500000	1.0
NW_019211460.1	29600000	29700000	1.0
NW_019211460.1	29700000	29800000	2.0
NW_019211460.1	29800000	29900000	3.0
NW_019211460.1	29900000	30000000	3.0
NW_019211460.1	30000000	30100000	1.0
NW_019211460.1	30200000	30300000	4.0
NW_019211460.1	30300000	30400000	5.0
NW_019211460.1	30400000	30500000	7.0
NW_019211460.1	30500000	30600000	5.0
NW_019211460.1	30600000	30700000	3.0
NW_019211460.1	30700000	30800000	4.0
NW_019211460.1	30800000	30900000	3.0
NW_019211460.1	30900000	31000000	7.0
NW_019211460.1	31000000	31100000	3.0
NW_019211460.1	31100000	31200000	5.0
NW_019211460.1	31200000	31300000	1.0
NW_019211460.1	31300000	31400000	9.0
NW_019211460.1	31400000	31500000	3.0
NW_019211460.1	31500000	31600000	7.0
NW_019211460.1	31600000	31700000	4.0
NW_019211460.1	31700000	31800000	3.0
NW_019211460.1	31900000	32000000	1.0
NW_019211460.1	32000000	32100000	3.0
NW_019211460.1	32100000	32200000	3.0
NW_019211460.1	32200000	32300000	2.0
NW_019211460.1	32300000	32400000	4.0
NW_019211460.1	32400000	32500000	9.0
NW_019211460.1	32500000	32600000	4.0
NW_019211460.1	32600000	32700000	7.0
NW_019211460.1	32700000	32800000	1.0
NW_019211460.1	32900000	33000000	6.0
NW_019211460.1	33000000	33100000	2.0
NW_019211460.1	33100000	33200000	1.0
NW_019211460.1	33200000	33300000	1.0
NW_019211460.1	33300000	33400000	4.0
NW_019211460.1	33400000	33500000	1.0
NW_019211460.1	33500000	33600000	1.0
NW_019211460.1	33600000	33700000	5.0
NW_019211460.1	33700000	33800000	3.0
NW_019211460.1	33800000	33900000	2.0
NW_019211460.1	33900000	34000000	2.0
NW_019211460.1	34000000	34100000	5.0
NW_019211460.1	34100000	34200000	1.0
NW_019211460.1	34200000	34300000	2.0
NW_019211460.1	34300000	34400000	13.0
NW_019211460.1	34400000	34500000	6.0
NW_019211460.1	34600000	34700000	4.0
NW_019211460.1	34700000	34800000	8.0
NW_019211460.1	34800000	34900000	4.0
NW_019211460.1	34900000	35000000	1.0
NW_019211460.1	35000000	35100000	1.0
NW_019211460.1	35100000	35200000	6.0
NW_019211460.1	35200000	35300000	1.0
NW_019211460.1	35300000	35400000	1.0
NW_019211460.1	35400000	35500000	4.0
NW_019211460.1	35500000	35600000	5.0
NW_019211460.1	35800000	35900000	1.0
NW_019211460.1	36200000	36300000	2.0
NW_019211460.1	36300000	36400000	1.0
NW_019211460.1	36400000	36500000	1.0
NW_019211460.1	36500000	36600000	6.0
NW_019211460.1	36600000	36700000	2.0
NW_019211460.1	36700000	36800000	3.0
NW_019211460.1	36800000	36900000	11.0
NW_019211460.1	36900000	37000000	9.0
NW_019211460.1	37000000	37100000	4.0
NW_019211460.1	37100000	37200000	13.0
NW_019211460.1	37200000	37300000	2.0
NW_019211460.1	37300000	37400000	5.0
NW_019211460.1	37400000	37500000	1.0
NW_019211460.1	37500000	37600000	1.0
NW_019211460.1	37600000	37700000	2.0
NW_019211460.1	37700000	37800000	5.0
NW_019211460.1	37800000	37900000	3.0
NW_019211460.1	37900000	38000000	3.0
NW_019211460.1	38000000	38100000	3.0
NW_019211460.1	38100000	38200000	1.0
NW_019211460.1	38200000	38300000	3.0
NW_019211460.1	38300000	38400000	4.0
NW_019211460.1	38400000	38500000	1.0
NW_019211460.1	38500000	38600000	5.0
NW_019211460.1	38600000	38700000	6.0
NW_019211460.1	38700000	38800000	3.0
NW_019211460.1	38800000	38900000	6.0
NW_019211460.1	38900000	39000000	2.0
NW_019211460.1	39200000	39300000	4.0
NW_019211460.1	39300000	39393480	4.0
NW_019211466.1	0	3370	1.0
NW_019211779.1	0	27674	1.0
NW_019211820.1	0	34599	1.0
NW_019211865.1	0	100000	3.0
NW_019211867.1	0	100000	3.0
NW_019211867.1	100000	148797	1.0
NW_019211868.1	0	9850	1.0
NW_019211876.1	0	57012	6.0
NW_019211877.1	0	46051	1.0
NW_019211879.1	0	44497	3.0
NW_019211885.1	0	35663	1.0
NW_019211897.1	0	10258	7.0
NW_019211901.1	0	39776	2.0
NW_019211913.1	0	5235	1.0
NW_019211926.1	0	4795	1.0
NW_019211928.1	0	1801	1.0
NW_019211939.1	0	4585	1.0
NW_019211941.1	0	1221	1.0
NW_019211988.1	0	34623	3.0
NW_019212010.1	0	4967	1.0
NW_019212017.1	0	19047	1.0
NW_019212058.1	0	40273	1.0
NW_019212081.1	0	11942	2.0
NW_019212093.1	0	9119	1.0
NW_019212098.1	0	2048	1.0
NW_019212101.1	0	18490	1.0
NW_019212118.1	0	9302	2.0
NW_019212119.1	0	3768	1.0
NW_019212175.1	0	37696	1.0
NW_019212180.1	0	15625	1.0
NW_019212197.1	0	7902	1.0
NW_019212222.1	0	6245	1.0
NW_019212248.1	0	26671	1.0
NW_019212271.1	0	4040	1.0
NW_019212281.1	0	36706	1.0
NW_019212287.1	0	54284	2.0
NW_019212305.1	0	52066	1.0
NW_019212311.1	0	3804	1.0
NW_019212312.1	0	47222	4.0
NW_019212349.1	0	27937	1.0
NW_019212356.1	0	23182	2.0
NW_019212364.1	0	1534	1.0
NW_019212367.1	0	36086	4.0
NW_019212392.1	0	922	1.0
NW_019212401.1	0	51727	1.0
NW_019212411.1	0	24072	1.0
NW_019212428.1	0	42867	1.0
NW_019212430.1	0	49251	2.0
NW_019212450.1	0	5803	1.0
NW_019212467.1	0	23076	1.0
NW_019212485.1	0	17776	1.0
NW_019212506.1	0	17586	2.0
NW_019212508.1	0	32931	1.0
NW_019212542.1	0	18633	2.0
NW_019212546.1	0	3526	1.0
NW_019212566.1	0	1225	1.0
NW_019212573.1	0	53072	1.0
NW_019212607.1	0	3965	1.0
NW_019212636.1	0	61049	3.0
NW_019212663.1	0	1274	1.0
NW_019212733.1	0	17417	1.0
NW_019212745.1	0	6618	1.0
NW_019212758.1	0	70059	2.0
NW_019212809.1	0	4590	1.0
NW_019212816.1	0	18990	1.0
NW_019212823.1	0	23840	1.0
NW_019212826.1	0	23073	2.0
NW_019212830.1	0	67062	2.0
NW_019212836.1	0	10710	1.0
NW_019212864.1	0	7806	1.0
NC_004454.2	0	11806	13.0
